Date,Time,"コミット済み仮想メモリ [MB]","利用可能な仮想メモリ [MB]","仮想メモリ使用率 [%]","使用済み物理メモリ [MB]","利用可能な物理メモリ [MB]","物理メモリ使用率 [%]","ページ ファイル使用率 [%]","Page File Total [MB]","Page File Used [MB]","Core VIDs (avg) [V]","Core 0 VID [V]","Core 1 VID [V]","Core 2 VID [V]","Core 3 VID [V]","Core 4 VID [V]","Core 5 VID [V]","コア クロック (avg) [MHz]","Core 0 クロック (perf #3/4) [MHz]","Core 1 クロック (perf #1/1) [MHz]","Core 2 クロック (perf #1/2) [MHz]","Core 3 クロック (perf #2/3) [MHz]","Core 4 クロック (perf #5/6) [MHz]","Core 5 クロック (perf #4/5) [MHz]","バス クロック [MHz]","コア実効クロック (avg) [MHz]","Core 0 T0 実効クロック [MHz]","Core 0 T1 実効クロック [MHz]","Core 1 T0 実効クロック [MHz]","Core 1 T1 実効クロック [MHz]","Core 2 T0 実効クロック [MHz]","Core 2 T1 実効クロック [MHz]","Core 3 T0 実効クロック [MHz]","Core 3 T1 実効クロック [MHz]","Core 4 T0 実効クロック [MHz]","Core 4 T1 実効クロック [MHz]","Core 5 T0 実効クロック [MHz]","Core 5 T1 実効クロック [MHz]","平均実効クロック [MHz]","コア使用率 (avg) [%]","Core 0 T0 使用率 [%]","Core 0 T1 使用率 [%]","Core 1 T0 使用率 [%]","Core 1 T1 使用率 [%]","Core 2 T0 使用率 [%]","Core 2 T1 使用率 [%]","Core 3 T0 使用率 [%]","Core 3 T1 使用率 [%]","Core 4 T0 使用率 [%]","Core 4 T1 使用率 [%]","Core 5 T0 使用率 [%]","Core 5 T1 使用率 [%]","最大CPU/スレッド使用率 [%]","総 CPU 使用率 [%]","コア使用率 (avg) [%]","Core 0 T0 使用率 [%]","Core 0 T1 使用率 [%]","Core 1 T0 使用率 [%]","Core 1 T1 使用率 [%]","Core 2 T0 使用率 [%]","Core 2 T1 使用率 [%]","Core 3 T0 使用率 [%]","Core 3 T1 使用率 [%]","Core 4 T0 使用率 [%]","Core 4 T1 使用率 [%]","Core 5 T0 使用率 [%]","Core 5 T1 使用率 [%]","総 CPU 使用率 [%]","コア クロック マルチプライヤー (avg) [x]","Core 0 倍率 [x]","Core 1 倍率 [x]","Core 2 倍率 [x]","Core 3 倍率 [x]","Core 4 倍率 [x]","Core 5 倍率 [x]","Package C6 在留率 [%]","Core C0 在留率 (avg) [%]","Core 0 C0 在留率 [%]","Core 1 C0 在留率 [%]","Core 2 C0 在留率 [%]","Core 3 C0 在留率 [%]","Core 4 C0 在留率 [%]","Core 5 C0 在留率 [%]","Core C1 在留率 (avg) [%]","Core 0 C1 在留率 [%]","Core 1 C1 在留率 [%]","Core 2 C1 在留率 [%]","Core 3 C1 在留率 [%]","Core 4 C1 在留率 [%]","Core 5 C1 在留率 [%]","Core C6 在留率 (avg) [%]","Core 0 C6 在留率 [%]","Core 1 C6 在留率 [%]","Core 2 C6 在留率 [%]","Core 3 C6 在留率 [%]","Core 4 C6 在留率 [%]","Core 5 C6 在留率 [%]","メモリ クロック [MHz]","メモリ クロック マルチプライヤー [x]","Tcas [T]","Trcd [T]","Trp [T]","Tras [T]","Trc [T]","Trfc [T]","Command Rate [T]","CPU (Tctl/Tdie) [℃]","CPU ケース (平均) [℃]","CPU CCD1 (Tdie) [℃]","コア温度 (avg) [℃]","Core0 (CCD1) [℃]","Core1 (CCD1) [℃]","Core2 (CCD1) [℃]","Core3 (CCD1) [℃]","Core4 (CCD1) [℃]","Core5 (CCD1) [℃]","L3 温度 (avg) [℃]","L3 キャッシュ (CCD1) [℃]","CPU IOD Hotspot [℃]","CPU IOD 平均 [℃]","CPU VDDCR_VDD VRM (SVI3 TFN) [℃]","CPU VDDCR_SOC VRM (SVI3 TFN) [℃]","CPU VDD_MISC VRM (SVI3 TFN) [℃]","CPU VDDCR_VDD 電圧 (SVI3 TFN) [V]","CPU VDDCR_SOC 電圧 (SVI3 TFN) [V]","CPU VDD_MISC 電圧 (SVI3 TFN) [V]","CPU コア電流 (SVI3 TFN) [A]","SoC 電流 (SVI3 TFN) [A]","CPU TDC [A]","CPU EDC [A]","MISC 電流 (SVI3 TFN) [A]","CPU パッケージ電力 [W]","コア電力 (avg) [W]","Core 0 電力 [W]","Core 1 電力 [W]","Core 2 電力 [W]","Core 3 電力 [W]","Core 4 電力 [W]","Core 5 電力 [W]","CPU コア電力 (SVI3 TFN) [W]","CPU SoC 電力 (SVI3 TFN) [W]","Core+SoC+MISC 電力 (SVI3 TFN) [W]","CPU PPT [W]","Infinity Fabric クロック (FCLK) [MHz]","メモリ コントローラー クロック (UCLK) [MHz]","L3 クロック (avg) [MHz]","L3 キャッシュ (CCD1) [MHz]","周波数制限 - グローバル [MHz]","CPU PPT Limit [%]","CPU TDC 制限 [%]","CPU EDC 制限 [%]","CPU PPT FAST Limit [%]","Thermal Limit [%]","サーマル スロットリング (HTC) [Yes/No]","サーマル スロットリング (PROCHOT CPU) [Yes/No]","サーマル スロットリング (PROCHOT EXT) [Yes/No]","DRAM 読み取り帯域幅 [GB/s]","DRAM 書き込み帯域幅 [GB/s]","アクティブ コアの平均数 []","マザーボード [℃]","CPU [℃]","CPU (PECI) [℃]","PCH TSI0 [℃]","Vcore [V]","+12V [V]","+3.3V (AVCC) [V]","+3.3V (3VCC) [V]","+5V [V]","+1.05_ALW [V]","VIN4 [V]","3VSB [V]","VBAT [V]","VTT [V]","VDDCR_SOC [V]","VDD_MISC [V]","VIN2 [V]","+1.8V [V]","DRAM [V]","VIN9 [V]","VHIF [V]","VIN10 [V]","CPU1 [RPM]","シャーシへの侵入 [Yes/No]","チップセット 1 (xHCI) [℃]","SPD Hub 温度 [℃]","VDD (SWA) 電圧 [V]","VDDQ (SWB) 電圧 [V]","VPP (SWC) 電圧 [V]","1.8V VOUT 電圧 [V]","1.0V VOUT 電圧 [V]","VIN 電圧 [V]","総電力 [W]","PMIC 高温 [Yes/No]","PMIC Over Voltage [Yes/No]","PMIC Over Voltage [Yes/No]","SPD Hub 温度 [℃]","VDD (SWA) 電圧 [V]","VDDQ (SWB) 電圧 [V]","VPP (SWC) 電圧 [V]","1.8V VOUT 電圧 [V]","1.0V VOUT 電圧 [V]","VIN 電圧 [V]","総電力 [W]","PMIC 高温 [Yes/No]","PMIC Over Voltage [Yes/No]","PMIC Over Voltage [Yes/No]","ディスク温度 [℃]","ディスク気流温度 [℃]","ディスク障害 [Yes/No]","ディスク警告 [Yes/No]","総計ホスト書き込み [GB]","総計ホスト読み取り [GB]","警告: 現在保留中のセクター数: []","警告: オフライン訂正不可能なセクター数: []","ディスク温度 [℃]","ディスクの残り寿命 [%]","ディスク障害 [Yes/No]","ディスク警告 [Yes/No]","総計ホスト書き込み [GB]","総計 NAND 書き込み [GB]","総計ホスト読み取り [GB]","ディスク温度 [℃]","ディスク温度 2 [℃]","ディスク温度 3 [℃]","ディスクの残り寿命 [%]","ディスクの利用可能なスペア [%]","ディスク障害 [Yes/No]","ディスク警告 [Yes/No]","総計ホスト書き込み [GB]","総計ホスト読み取り [GB]","読み取り活動率 [%]","書き込み活動率 [%]","総活動率 [%]","読み取り速度 [MB/s]","書き込み速度 [MB/s]","総計読み取り [MB]","総計書き込み [MB]","読み取り活動率 [%]","書き込み活動率 [%]","総活動率 [%]","読み取り速度 [MB/s]","書き込み速度 [MB/s]","総計読み取り [MB]","総計書き込み [MB]","読み取り活動率 [%]","書き込み活動率 [%]","総活動率 [%]","読み取り速度 [MB/s]","書き込み速度 [MB/s]","総計読み取り [MB]","総計書き込み [MB]","GPU 温度 [℃]","GPU コア電圧 (VDDCR_GFX) [V]","GPU コア電力 (VDDCR_GFX) [W]","GPU クロック [MHz]","GPU メモリ クロック [MHz]","GPU SoC クロック [MHz]","GPU VCN クロック [MHz]","GPU 使用率 [%]","GPU D3D 使用率 [%]","GPU D3D 使用率 (avg) [%]","GPU Video Decode 0 使用率 [%]","GPU Video Decode 1 使用率 [%]","GPU Computing (Compute 0) 使用率 [%]","GPU Computing (Compute 1) 使用率 [%]","GPU Computing (High Priority Compute) 使用率 [%]","GPU D3D 専用メモリ [MB]","GPU D3D 共有メモリ [MB]","PCIe リンク速度 [GT/s]","GPU メモリ使用 [MB]","スロットルの理由 - 電力 [Yes/No]","スロットルの理由 - サーマル [Yes/No]","スロットルの理由 - 電流 [Yes/No]","GPU 温度 [℃]","GPU メモリ ジャンクション温度 [℃]","GPU ホットスポット温度 [℃]","GPU 熱制限 [℃]","GPU コア電圧 [V]","GPU レール電圧 (avg) [V]","GPU FBVDD 入力電圧 [V]","GPU PCIe +12V 入力電圧 [V]","GPU 12VHPWR 電圧 [V]","GPU Misc0 入力電圧 [V]","GPU ファン1 [RPM]","GPU ファン2 [RPM]","GPU 電力 [W]","GPU レール電力 (avg) [W]","GPU Core (NVVDD) 入力電力 (合計) [W]","GPU FBVDD 入力電力 [W]","GPU PCIe +12V 入力電力 [W]","GPU 12VHPWR 電力 [W]","GPU Misc0 入力電力 [W]","GPU 入力 PP ソース 電力 (合計) [W]","GPU Core (NVVDD) 出力電力 [W]","GPU Core (NVVDD) 出力電力 [W]","GPU 電力制限 (定格) [W]","GPU 電力制限 (最大) [W]","GPU クロック [MHz]","GPU メモリ クロック [MHz]","GPU ビデオ クロック [MHz]","GPU 実効クロック [MHz]","GPU Crossbar クロック [MHz]","GPU クロック (実測値) [MHz]","GPU メモリ クロック (実測値) [MHz]","GPU クロスバー クロック (実測値) [MHz]","GPU コア使用率 [%]","GPU メモリ コントローラー使用率 [%]","GPU ビデオ エンジン使用率 [%]","GPU バス使用率 [%]","GPU メモリ使用 [%]","GPU D3D 使用率 (avg) [%]","GPU D3D 使用率 [%]","GPU Video Decode 0 使用率 [%]","GPU Video Encode 0 使用率 [%]","GPU VR 使用率 [%]","GPU ファン1 [%]","GPU ファン2 [%]","GPU パフォーマンス制限 (avg) [Yes/No]","パフォーマンス制限 - 電力 [Yes/No]","パフォーマンス制限 - サーマル [Yes/No]","パフォーマンス制限 - 信頼性電圧 [Yes/No]","パフォーマンス制限 - 最大動作電圧 [Yes/No]","パフォーマンス制限 - 使用率 [Yes/No]","パフォーマンス制限 - SLI GPUBoost Sync [Yes/No]","総 GPU 電力 [TDP の割合] [%]","総 GPU 電力 (標準化) [TDP の割合] [%]","PCI Express Error Counters (avg) []","Receiver Errors []","Replay Count []","Replay Rollover Count []","Bad DLLP Count []","Bad TLP Count []","LCRC Error Count []","NAKs Sent Count []","NAKs Received Count []","Recovery Count []","Correctable Error Count []","Non-Fatal Error Count []","Fatal Error Count []","Unsupported Request Count []","PCIe Lane 0 Errors []","PCIe Lane 1 Errors []","PCIe Lane 2 Errors []","PCIe Lane 3 Errors []","PCIe Lane 4 Errors []","PCIe Lane 5 Errors []","PCIe Lane 6 Errors []","PCIe Lane 7 Errors []","PCIe Lane 8 Errors []","PCIe Lane 9 Errors []","PCIe Lane 10 Errors []","PCIe Lane 11 Errors []","PCIe Lane 12 Errors []","PCIe Lane 13 Errors []","PCIe Lane 14 Errors []","PCIe Lane 15 Errors []","利用可能な GPU メモリ [MB]","割り当てられた GPU メモリ [MB]","GPU D3D 専用メモリ [MB]","GPU D3D 共有メモリ [MB]","PCIe リンク速度 [GT/s]","フレーム レート Presented (avg) [FPS]","フレーム レート Presented (99%) [FPS]","フレーム レート Presented (1%) [FPS]","フレーム レート Presented (0.1%) [FPS]","フレーム レート Presented (1% low) [FPS]","フレーム レート Displayed (avg) [FPS]","フレーム レート Displayed (99%) [FPS]","フレーム レート Displayed (1%) [FPS]","フレーム レート Displayed (0.1%) [FPS]","フレーム レート Displayed (1% low) [FPS]","フレーム レート Displayed (0.1% low) [FPS]","Frame Time Presented (avg) [ms]","Frame Time Presented (99%) [ms]","Frame Time Presented (1%) [ms]","Frame Time Presented (0.1%) [ms]","Frame Time Displayed (1% high) [ms]","GPU Busy (avg) [ms]","GPU Wait (avg) [ms]","CPU Busy (avg) [ms]","CPU Wait (avg) [ms]","Animation Error (avg) [ms]","総計ダウンロード [MB]","総計アップロード [MB]","現在のダウンロード速度 [KB/s]","現在のアップロード速度 [KB/s]","総計ダウンロード [MB]","総計アップロード [MB]","現在のダウンロード速度 [KB/s]","現在のアップロード速度 [KB/s]","エラー総数 []","フレーム レート Presented (0.1% low) [FPS]","Frame Time Displayed (0.1% high) [ms]",
19.7.2026,1:15:46.920,13023,20888,38.4,9639,22224,30.2,2.7,2048,55,1.038,1.035,1.035,1.040,1.040,1.040,1.040,3909.6,3127.7,4691.5,4691.5,4691.5,3127.7,3127.7,99.8,310.2,301.7,157.2,825.7,571.2,568.0,517.3,242.7,245.2,47.5,70.4,65.8,109.2,310.2,5.2,4.0,2.4,15.7,10.1,10.7,9.4,4.0,3.7,0.0,0.9,0.6,0.7,15.7,5.2,7.5,5.6,3.8,21.1,13.9,14.3,13.0,6.0,5.9,1.1,1.7,1.5,2.6,7.5,39.2,31.3,47.0,47.0,47.0,31.3,31.3,0.0,11.3,7.8,24.9,20.1,9.4,2.4,3.3,45.8,46.0,75.1,79.9,42.7,15.5,15.8,42.8,46.1,0.0,0.0,47.9,82.2,80.9,2395.7,24.00,40,39,39,77,116,708,1,57.2,56.9,49.9,45.4,45.1,47.2,46.2,45.0,44.3,44.4,46.6,46.6,57.2,51.3,41.9,41.0,43.0,1.038,1.015,1.100,7.830,7.185,7.832,28.000,5.295,26.866,0.808,0.597,1.640,1.406,0.720,0.209,0.276,8.153,7.292,21.269,26.278,1996.4,2395.7,4684.2,4684.2,4717.7,29.9,10.4,18.7,29.9,66.9,いいえ,いいえ,いいえ,0.488,0.128,0.7,37.0,57.2,40.0,57.0,1.048,12.197,3.456,3.328,5.040,1.072,1.088,3.440,3.328,1.808,1.024,1.120,1.040,1.792,1.096,0.792,1.824,0.248,1425,いいえ,55.6,39.5,1.110,1.110,1.800,1.800,1.005,5.040,0.250,いいえ,いいえ,いいえ,38.8,1.110,1.110,1.800,1.800,1.005,5.040,0.500,いいえ,いいえ,いいえ,37,37,いいえ,はい,15390,14039,128,128,34,100.0,いいえ,いいえ,3868,2528,9990,36,38,46,100.0,100.0,いいえ,いいえ,7032,7745,0.0,0.0,0.0,0.000,0.002,1392,2687,0.0,0.0,0.0,0.000,0.000,181182,133153,0.0,0.0,0.0,0.000,0.048,67796,77991,53.4,0.720,10.000,600.0,2400.0,1200.0,100.0,0.0,0.0,0.0,0.0,0.0,0.0,0.0,0.0,0,0,16.0,88,いいえ,いいえ,いいえ,39.6,42.0,49.3,84.0,0.865,12.324,12.331,12.284,12.348,12.332,0,0,10.042,5.023,3.519,0.370,7.874,3.704,0.185,8.057,8.257,8.215,220.000,220.000,210.0,50.6,1185.0,210.0,1290.0,210.0,50.5,1413.7,27.0,17.0,10.0,1.0,8.3,1.7,3.5,0.0,3.4,0.0,0,0,はい,いいえ,いいえ,いいえ,いいえ,はい,いいえ,5.3,4.9,0,0,0,0,0,0,0,0,0,0,0,0,0,0,0,0,0,0,0,0,0,0,0,0,0,0,0,0,0,0,11262,1020,742,80,2.5,3.8,14.5,2.2,2.1,2.1,0.0,0.0,0.0,0.0,0.0,0.0,266.66,464.58,68.74,65.10,468.62,3.87,69.97,266.61,0.05,0.00,0,0,0.0,0.0,44350,39379,11.8,600.6,0,2.1,468.62,
19.7.2026,1:15:48.927,12984,20927,38.2,9637,22226,30.2,2.7,2048,55,1.043,1.035,1.045,1.045,1.045,1.045,1.045,4430.9,3127.7,4691.5,4691.5,4691.5,4691.5,4691.5,99.8,176.8,173.3,62.8,515.4,333.8,352.4,332.7,109.4,147.8,17.4,25.7,21.3,29.3,176.8,3.4,4.1,1.0,10.2,5.9,7.0,7.0,2.0,2.6,0.0,0.0,0.3,0.4,10.2,3.4,4.3,4.1,1.4,12.7,8.0,8.9,8.2,2.7,3.5,0.4,0.6,0.5,0.6,4.3,44.4,31.3,47.0,47.0,47.0,47.0,47.0,0.0,7.1,5.1,16.2,13.8,5.5,0.9,1.1,46.6,53.4,83.8,86.2,47.4,3.5,5.3,46.3,41.5,0.0,0.0,47.1,95.6,93.6,2395.7,24.00,40,39,39,77,116,708,1,57.2,56.9,49.1,44.9,44.8,46.2,45.5,44.5,44.0,44.0,46.6,46.6,56.8,51.6,41.9,41.0,43.0,1.037,1.015,1.100,6.653,7.058,6.653,23.000,5.305,25.474,0.540,0.453,1.177,1.046,0.454,0.049,0.062,6.917,7.164,19.916,24.911,1996.4,2395.7,4677.1,4677.1,4717.7,28.3,8.9,15.3,28.3,66.9,いいえ,いいえ,いいえ,0.299,0.078,0.4,37.0,57.2,40.0,57.0,1.048,12.197,3.456,3.328,5.040,1.064,1.088,3.440,3.328,1.808,1.024,1.120,1.040,1.792,1.104,0.792,1.824,0.248,1433,いいえ,55.6,39.5,1.110,1.110,1.800,1.800,1.005,5.040,0.250,いいえ,いいえ,いいえ,38.8,1.110,1.110,1.800,1.800,1.005,5.040,0.250,いいえ,いいえ,いいえ,37,37,いいえ,はい,15390,14039,128,128,34,100.0,いいえ,いいえ,3868,2528,9990,36,38,46,100.0,100.0,いいえ,いいえ,7032,7745,0.0,4.7,4.7,0.000,0.049,1392,2687,0.0,0.0,0.0,0.000,0.000,181182,133153,0.0,0.1,0.1,0.000,0.431,67796,77992,53.4,0.720,6.000,600.0,2400.0,1200.0,100.0,0.0,0.0,0.0,0.0,0.0,0.0,0.0,0.0,0,0,16.0,88,いいえ,いいえ,いいえ,39.5,44.0,49.3,84.0,0.865,12.323,12.330,12.284,12.347,12.331,0,0,10.614,4.510,1.888,0.222,7.776,2.000,0.111,7.898,8.064,8.119,220.000,220.000,210.0,50.6,1185.0,210.0,1290.0,210.0,50.5,1413.4,4.0,5.0,2.0,0.0,8.3,1.7,3.1,0.0,3.7,0.0,0,0,はい,いいえ,いいえ,いいえ,いいえ,はい,いいえ,4.4,5.6,0,0,0,0,0,0,0,0,0,0,0,0,0,0,0,0,0,0,0,0,0,0,0,0,0,0,0,0,0,0,11261,1021,744,81,2.5,3.8,14.5,2.2,2.1,2.1,0.0,0.0,0.0,0.0,0.0,0.0,266.66,464.58,68.74,65.10,468.62,3.87,69.97,266.61,0.05,0.00,0,0,0.0,0.0,44350,39380,12.2,355.8,0,2.1,468.62,
19.7.2026,1:15:50.917,12982,20929,38.2,9636,22227,30.2,2.7,2048,55,1.038,1.045,1.040,1.040,1.035,1.035,1.035,4430.9,3127.7,4691.5,4691.5,4691.5,4691.5,4691.5,99.8,231.8,308.4,128.4,743.2,312.7,375.3,362.4,186.4,212.4,24.0,33.1,38.0,57.3,231.8,4.9,4.6,3.0,14.0,5.7,7.9,6.7,4.3,4.6,2.5,2.0,0.5,2.4,14.0,4.9,5.6,5.8,3.1,18.4,7.8,9.4,8.9,4.6,5.2,0.5,0.8,0.9,1.3,5.6,44.4,31.3,47.0,47.0,47.0,47.0,47.0,0.0,9.3,8.0,21.0,14.8,8.5,1.2,2.1,48.0,51.5,79.0,85.2,51.9,7.1,13.0,42.8,40.5,0.0,0.0,39.5,91.7,84.9,2395.7,24.00,40,39,39,77,116,708,1,57.2,56.9,54.1,45.1,45.0,46.6,45.6,44.8,44.1,44.3,46.6,46.6,56.8,51.5,41.9,41.0,43.0,1.037,1.015,1.100,7.377,7.215,7.371,26.000,5.290,26.368,0.657,0.566,1.379,1.117,0.649,0.085,0.145,7.676,7.324,20.818,25.816,1996.4,2395.7,4676.4,4676.4,4717.7,29.3,9.8,17.3,29.3,67.0,いいえ,いいえ,いいえ,0.447,0.120,0.6,37.0,57.1,40.0,57.0,1.016,12.197,3.456,3.328,5.040,1.064,1.088,3.440,3.328,1.808,1.024,1.120,1.040,1.792,1.096,0.792,1.824,0.248,1433,いいえ,55.6,39.5,1.110,1.110,1.800,1.800,1.005,5.040,0.250,いいえ,いいえ,いいえ,38.8,1.095,1.110,1.800,1.800,1.005,5.040,0.250,いいえ,いいえ,いいえ,37,37,いいえ,はい,15390,14039,128,128,34,100.0,いいえ,いいえ,3868,2528,9990,36,38,46,100.0,100.0,いいえ,いいえ,7032,7745,0.0,0.0,0.0,0.000,0.002,1392,2687,0.0,0.0,0.0,0.000,0.000,181182,133153,0.0,0.1,0.1,0.000,0.235,67796,77992,53.4,0.720,6.000,600.0,2400.0,1200.0,100.0,0.0,0.0,0.0,0.0,0.0,0.0,0.0,0.0,0,0,16.0,88,いいえ,いいえ,いいえ,39.5,42.0,49.2,84.0,0.865,12.322,12.329,12.282,12.346,12.331,0,0,10.675,4.546,2.061,0.197,7.799,2.161,0.099,7.905,8.020,8.123,220.000,220.000,210.0,50.6,1185.0,210.0,1290.0,210.0,50.5,1413.4,5.0,6.0,3.0,0.0,8.3,1.7,2.8,0.0,4.2,0.0,0,0,はい,いいえ,いいえ,いいえ,いいえ,はい,いいえ,4.5,5.2,0,0,0,0,0,0,0,0,0,0,0,0,0,0,0,0,0,0,0,0,0,0,0,0,0,0,0,0,0,0,11261,1021,743,79,2.5,1.0,1.0,1.0,1.0,1.0,1.0,1.0,1.0,1.0,1.0,1.0,1049.90,1049.90,1049.90,1049.90,1049.90,38.92,1010.54,1049.90,0.00,783.46,0,0,0.0,0.0,44350,39381,13.3,599.1,0,1.0,1049.90,
19.7.2026,1:15:52.931,13188,20723,38.8,9813,22050,30.7,2.7,2048,55,1.292,1.295,1.290,1.290,1.295,1.295,1.290,5140.7,5140.7,5140.7,5140.7,5140.7,5140.7,5140.7,99.8,1657.2,2342.3,1062.3,3244.4,1845.2,2274.3,2045.3,1709.1,1385.3,1014.5,1016.5,977.1,969.9,1657.2,31.4,34.1,20.3,64.2,35.9,44.1,39.3,33.2,26.5,20.7,19.8,19.6,19.0,64.2,31.4,41.5,44.9,27.0,85.0,47.8,59.3,53.0,44.2,35.4,26.0,26.1,24.8,24.8,41.5,51.5,51.5,51.5,51.5,51.5,51.5,51.5,0.0,53.3,49.2,82.1,67.8,52.4,33.4,35.1,42.9,50.6,17.9,32.2,47.6,52.7,56.2,3.8,0.2,0.0,0.0,0.0,13.9,8.6,2395.7,24.00,40,39,39,77,116,708,1,76.1,69.5,82.0,58.0,53.0,65.8,63.1,58.6,52.4,55.0,49.9,49.9,59.5,52.9,41.9,41.0,43.0,1.180,1.015,1.100,25.328,7.537,25.267,53.500,5.640,50.691,4.845,4.047,7.020,6.036,4.847,3.535,3.584,30.957,7.650,44.812,49.941,1996.4,2395.7,4945.6,4945.6,4961.0,56.8,33.7,35.7,56.8,81.8,いいえ,いいえ,いいえ,3.816,1.479,3.2,37.0,64.8,40.0,64.0,1.256,12.197,3.456,3.328,5.040,1.064,1.088,3.440,3.328,1.808,1.024,1.120,1.040,1.792,1.104,0.792,1.824,0.248,1416,いいえ,55.6,39.5,1.095,1.110,1.800,1.800,1.005,5.040,0.750,いいえ,いいえ,いいえ,38.8,1.095,1.110,1.800,1.800,1.005,5.040,0.875,いいえ,いいえ,いいえ,37,37,いいえ,はい,15390,14039,128,128,34,100.0,いいえ,いいえ,3868,2528,9990,36,38,46,100.0,100.0,いいえ,いいえ,7032,7745,0.0,0.2,0.2,0.000,0.004,1392,2687,0.0,0.0,0.0,0.000,0.000,181182,133153,0.7,0.1,0.9,0.540,0.188,67797,77992,53.4,0.720,59.000,600.0,2400.0,1200.0,100.0,0.0,0.0,0.0,0.0,0.0,0.0,0.0,0.0,0,0,16.0,88,いいえ,いいえ,いいえ,39.6,44.0,49.3,84.0,0.865,12.320,12.327,12.279,12.344,12.328,0,0,12.849,5.770,4.504,0.518,7.932,4.765,0.259,8.207,11.477,8.499,220.000,220.000,285.0,50.6,1185.0,210.0,1290.0,285.0,50.5,1413.2,33.0,20.0,15.0,11.0,8.5,6.6,16.8,0.0,9.5,0.0,0,0,はい,いいえ,いいえ,いいえ,いいえ,はい,いいえ,5.8,4.9,0,0,0,0,0,0,0,0,0,0,0,0,0,0,0,0,0,0,0,0,0,0,0,0,0,0,0,0,0,0,11234,1048,770,91,2.5,6.0,56.9,1.7,1.7,1.7,6.0,29.4,1.8,1.7,1.7,1.7,165.50,573.95,17.55,16.35,594.37,0.32,42.66,165.38,0.12,149.93,0,0,0.0,0.0,44350,39383,13.7,1103.8,0,1.7,594.37,
19.7.2026,1:15:55.013,13133,20778,38.7,9737,22126,30.5,2.7,2048,55,1.235,1.235,1.235,1.235,1.235,1.235,1.235,4055.5,3427.2,4112.6,5140.7,4112.6,4112.6,3427.2,99.8,879.2,626.7,306.9,916.9,734.0,795.1,1057.1,444.4,396.4,2493.7,2330.7,217.3,230.9,879.2,16.6,8.7,6.0,18.7,14.4,15.6,22.1,8.8,8.0,45.8,42.7,4.1,4.4,45.8,16.6,22.1,10.7,7.7,23.3,18.7,20.3,27.2,11.3,9.9,64.6,59.9,5.5,5.8,22.1,40.6,34.3,41.2,51.5,41.2,41.2,34.3,0.0,31.7,14.9,31.6,37.0,17.3,80.3,9.0,59.5,82.8,68.4,63.0,81.3,17.1,44.6,8.8,2.3,0.0,0.0,1.4,2.6,46.4,2395.7,24.00,40,39,39,77,116,708,1,74.1,67.2,62.0,55.8,51.5,55.9,56.7,53.6,65.7,51.2,51.7,51.7,59.2,53.0,42.0,41.0,43.0,1.285,1.015,1.100,21.896,7.780,21.939,48.500,6.056,49.198,3.928,2.390,3.831,4.200,2.757,8.957,1.433,28.158,7.897,42.717,47.838,1996.4,2395.7,5146.7,5146.7,5145.6,54.4,29.3,32.3,54.4,79.1,いいえ,いいえ,いいえ,1.338,0.421,1.9,37.0,75.4,40.0,75.0,1.296,12.144,3.440,3.328,5.040,1.064,1.088,3.440,3.328,1.808,1.024,1.120,1.040,1.792,1.096,0.792,1.824,0.248,1862,いいえ,55.6,39.5,1.095,1.110,1.815,1.800,1.005,5.040,0.500,いいえ,いいえ,いいえ,38.8,1.095,1.110,1.800,1.800,1.005,5.040,0.500,いいえ,いいえ,いいえ,37,37,いいえ,はい,15390,14039,128,128,34,100.0,いいえ,いいえ,3868,2528,9990,36,38,46,100.0,100.0,いいえ,いいえ,7032,7745,0.0,23.8,23.8,0.000,0.010,1392,2687,0.0,0.0,0.0,0.000,0.000,181182,133153,0.0,0.1,0.1,0.006,0.157,67797,77993,54.0,0.724,26.000,600.0,2400.0,1200.0,100.0,0.0,0.2,0.0,0.0,0.0,0.0,0.0,0.0,0,0,16.0,90,いいえ,いいえ,いいえ,41.1,44.0,50.3,84.0,0.940,12.323,12.335,12.264,12.357,12.336,0,0,33.627,12.936,14.488,7.475,15.588,18.226,3.738,19.330,12.152,12.489,220.000,220.000,2475.0,1312.7,2025.0,2474.8,2025.0,2476.0,1311.8,2026.1,3.0,0.0,5.0,0.0,8.3,20.3,77.6,0.0,3.4,0.0,0,0,はい,いいえ,いいえ,いいえ,いいえ,はい,いいえ,15.4,15.4,0,0,0,0,0,0,0,0,0,1,0,0,0,0,0,0,0,0,0,0,0,0,0,0,0,0,0,0,0,0,11258,1024,746,82,16.0,6.0,56.9,1.7,1.7,1.7,6.0,29.4,1.8,1.7,1.7,1.7,165.50,573.95,17.55,16.35,594.37,0.32,42.66,165.38,0.12,149.93,0,0,0.0,0.0,44350,39385,12.6,956.8,0,1.7,594.37,14.8,
19.7.2026,1:15:56.932,13454,20457,39.6,9876,21987,30.9,2.7,2048,55,1.287,1.285,1.275,1.290,1.290,1.290,1.290,3941.2,4112.6,5140.7,4112.6,3427.2,3427.2,3427.2,99.8,731.9,730.6,353.4,1597.6,1642.7,1114.8,1430.9,461.6,523.8,266.4,333.6,130.4,196.8,731.9,14.0,9.5,7.3,31.1,31.6,21.9,28.4,9.3,10.5,5.0,6.1,2.8,4.3,31.6,14.0,18.0,11.2,8.6,41.0,42.0,28.7,37.4,11.5,12.9,6.6,8.5,3.1,4.8,18.0,39.5,41.2,51.5,41.2,34.3,34.3,34.3,0.0,27.8,17.4,60.7,49.4,20.7,10.9,7.6,60.2,82.5,39.3,50.6,79.3,40.3,69.4,12.0,0.1,0.0,0.0,0.0,48.8,23.0,2395.7,24.00,40,39,39,77,116,708,1,74.1,64.8,70.2,53.3,49.8,59.6,58.2,52.6,49.5,50.3,50.5,50.5,58.5,52.7,42.0,41.0,43.0,1.230,1.015,1.100,17.906,7.683,17.903,40.500,5.933,42.487,2.856,2.163,5.119,4.488,2.556,1.437,1.370,22.195,7.799,36.520,41.582,1996.4,2395.7,5095.2,5095.2,5147.9,47.3,23.9,27.0,47.3,76.2,いいえ,いいえ,いいえ,1.370,0.537,1.7,37.0,72.8,40.0,72.0,1.184,12.144,3.456,3.328,5.040,1.064,1.088,3.440,3.328,1.808,1.024,1.120,1.040,1.792,1.104,0.792,1.824,0.248,2027,いいえ,55.6,39.2,1.095,1.110,1.815,1.800,1.005,5.040,0.500,いいえ,いいえ,いいえ,38.8,1.095,1.110,1.815,1.815,1.005,5.040,0.500,いいえ,いいえ,いいえ,37,37,いいえ,はい,15390,14039,128,128,34,100.0,いいえ,いいえ,3868,2528,9990,36,38,46,100.0,100.0,いいえ,いいえ,7032,7745,0.0,0.0,0.0,0.000,0.004,1392,2687,0.0,0.0,0.0,0.000,0.000,181182,133153,0.0,0.1,0.2,0.015,1.416,67797,77996,54.9,0.720,20.000,600.0,2400.0,1200.0,100.0,0.0,0.0,0.0,0.0,0.0,0.0,0.0,0.0,0,0,16.0,90,いいえ,いいえ,いいえ,40.7,46.0,50.4,84.0,0.930,12.324,12.334,12.277,12.352,12.335,0,0,32.886,9.142,10.889,2.294,9.981,12.043,1.147,11.141,13.171,12.466,220.000,220.000,735.0,101.2,1995.0,2474.8,1995.0,734.8,101.0,1995.1,5.0,0.0,4.0,1.0,8.3,25.2,96.9,0.0,3.9,0.0,0,0,はい,いいえ,いいえ,いいえ,いいえ,はい,いいえ,8.4,8.8,0,0,0,0,0,0,0,0,0,2,0,0,0,0,0,0,0,0,0,0,0,0,0,0,0,0,0,0,0,0,11258,1024,746,82,5.0,6.0,56.9,1.7,1.7,1.7,6.0,29.4,1.8,1.7,1.7,1.7,165.50,573.95,17.55,16.35,594.37,0.32,42.66,165.38,0.12,149.93,0,0,0.0,0.0,44350,39387,12.0,1019.8,0,1.7,594.37,0.9,
19.7.2026,1:15:58.935,13171,20740,38.8,9770,22093,30.6,2.7,2048,55,1.193,1.230,1.185,1.185,1.185,1.185,1.185,4169.7,3427.2,4112.6,4112.6,5140.7,4112.6,4112.6,99.8,777.3,809.3,401.6,2445.6,1282.7,1458.8,957.1,443.3,458.3,355.9,380.2,130.5,204.0,777.3,15.0,10.1,8.6,47.9,25.4,28.8,18.9,9.0,9.2,7.4,7.8,2.5,4.1,47.9,15.0,19.2,12.0,10.0,63.9,34.0,37.5,24.5,10.9,11.2,9.0,9.6,3.1,4.9,19.2,41.8,34.3,41.2,41.2,51.5,41.2,41.2,0.0,29.8,19.5,71.9,47.5,19.6,12.9,7.6,59.9,80.5,28.1,52.5,80.4,34.8,82.8,10.3,0.0,0.0,0.0,0.0,52.2,9.5,2395.7,24.00,40,39,39,77,116,708,1,73.6,68.3,60.5,54.7,50.3,64.2,59.4,53.3,50.1,51.1,50.9,50.9,58.5,53.0,42.0,41.0,43.0,1.252,1.015,1.100,18.997,7.792,19.004,44.500,6.058,44.518,3.271,2.282,6.800,4.756,2.569,1.610,1.611,23.831,7.909,38.404,43.486,1996.4,2395.7,5143.5,5143.5,5147.3,49.4,25.3,29.7,49.4,80.4,いいえ,いいえ,いいえ,1.399,0.613,1.8,37.0,74.8,40.0,74.0,1.240,12.144,3.456,3.328,5.040,1.072,1.088,3.440,3.328,1.808,1.024,1.120,1.040,1.792,1.104,0.792,1.824,0.248,2020,いいえ,55.6,39.2,1.095,1.110,1.815,1.815,1.005,5.040,0.375,いいえ,いいえ,いいえ,38.8,1.095,1.110,1.815,1.815,1.005,5.040,0.625,いいえ,いいえ,いいえ,37,37,いいえ,はい,15390,14039,128,128,34,100.0,いいえ,いいえ,3868,2528,9990,36,38,46,100.0,100.0,いいえ,いいえ,7032,7745,0.0,0.0,0.0,0.000,0.004,1392,2687,0.0,0.0,0.0,0.000,0.000,181182,133153,0.0,0.2,0.2,0.000,1.212,67797,77998,54.9,0.721,30.000,600.0,2400.0,1200.0,100.0,0.0,0.0,0.0,0.0,0.0,0.0,0.0,0.0,0,0,16.0,90,いいえ,いいえ,いいえ,41.4,46.0,50.6,84.0,0.940,12.320,12.332,12.263,12.354,12.333,0,0,33.956,13.108,15.094,7.498,15.598,18.840,3.749,19.356,12.183,12.544,220.000,220.000,2475.0,1312.7,2025.0,2474.8,2025.0,2475.9,1311.8,2024.9,2.0,0.0,4.0,0.0,8.3,22.9,87.7,0.0,3.9,0.0,0,0,はい,いいえ,いいえ,いいえ,いいえ,はい,いいえ,15.3,15.5,0,0,0,0,0,0,0,0,0,3,0,0,0,0,0,0,0,0,0,0,0,0,0,0,0,0,0,0,0,0,11258,1024,746,82,16.0,6.0,56.9,1.7,1.7,1.7,6.0,29.4,1.8,1.7,1.7,1.7,165.50,573.95,17.55,16.35,594.37,0.32,42.66,165.38,0.12,149.93,0,0,0.0,0.0,44350,39389,12.8,1093.5,0,1.7,594.37,4.1,
19.7.2026,1:16:0.943,13174,20737,38.8,9796,22067,30.7,2.7,2048,55,1.041,1.045,1.040,1.040,1.040,1.040,1.040,4170.3,4691.5,4691.5,4691.5,4691.5,3127.7,3127.7,99.8,350.2,403.0,168.3,826.5,448.2,1160.3,442.6,234.0,325.4,28.0,37.9,52.5,75.9,350.2,6.2,5.4,2.7,15.7,8.5,22.4,8.4,4.0,6.5,0.0,0.0,0.0,0.6,22.4,6.2,8.5,6.6,4.1,20.7,11.3,30.0,11.0,5.8,8.0,0.6,0.9,1.2,1.8,8.5,41.8,47.0,47.0,47.0,47.0,31.3,31.3,0.0,13.7,9.7,24.7,31.5,11.9,1.4,2.9,60.6,87.7,75.3,68.5,87.5,12.6,32.1,25.7,2.6,0.0,0.0,0.6,85.9,65.0,2395.7,24.00,40,39,39,77,116,708,1,70.0,59.9,51.4,49.4,48.0,51.7,52.5,49.6,46.7,47.8,49.4,49.4,57.5,52.6,42.0,41.0,43.0,1.167,1.015,1.100,11.788,7.593,11.805,32.000,5.757,33.918,1.474,1.306,2.347,2.947,1.554,0.194,0.493,13.985,7.707,28.025,33.070,1996.4,2395.7,4945.9,4945.9,5088.2,37.6,15.7,21.3,37.6,70.5,いいえ,いいえ,いいえ,0.695,0.236,0.8,37.0,72.0,40.0,72.0,1.176,12.144,3.456,3.328,5.040,1.064,1.088,3.440,3.328,1.808,1.024,1.120,1.040,1.792,1.096,0.792,1.824,0.248,2033,いいえ,55.6,39.2,1.095,1.110,1.815,1.815,1.005,5.040,0.250,いいえ,いいえ,いいえ,38.8,1.095,1.110,1.815,1.815,1.005,5.040,0.250,いいえ,いいえ,いいえ,37,37,いいえ,はい,15390,14039,128,128,34,100.0,いいえ,いいえ,3868,2528,9990,36,38,46,100.0,100.0,いいえ,いいえ,7032,7745,0.0,0.0,0.0,0.000,0.002,1392,2687,0.0,0.0,0.0,0.000,0.000,181182,133153,0.1,0.1,0.2,0.331,0.129,67797,77998,55.0,0.720,12.000,600.0,2400.0,1200.0,100.0,0.0,0.0,0.0,0.0,0.0,0.0,0.0,0.0,0,0,16.0,90,いいえ,いいえ,いいえ,41.0,44.0,50.6,84.0,0.930,12.321,12.330,12.274,12.349,12.332,0,0,32.634,8.980,10.792,2.392,10.126,11.991,1.196,11.329,11.764,12.251,220.000,220.000,660.0,101.2,1995.0,2474.8,1995.0,660.1,101.0,1994.6,5.0,4.0,4.0,0.0,8.3,26.0,100.0,0.0,3.8,0.0,0,0,はい,いいえ,いいえ,いいえ,いいえ,はい,いいえ,8.2,8.7,0,0,0,0,0,0,0,0,0,4,0,0,0,0,0,0,0,0,0,0,0,0,0,0,0,0,0,0,0,0,11258,1024,746,82,5.0,6.0,56.9,1.7,1.7,1.7,6.0,29.4,1.8,1.7,1.7,1.7,165.50,573.95,17.55,16.35,594.37,0.32,42.66,165.38,0.12,149.93,0,0,0.0,0.0,44351,39391,12.1,951.2,0,1.7,594.37,4.2,
19.7.2026,1:16:2.931,13172,20739,38.8,9792,22071,30.7,2.7,2048,55,1.045,1.045,1.045,1.045,1.045,1.045,1.045,3909.6,3127.7,4691.5,4691.5,4691.5,3127.7,3127.7,99.8,225.3,348.8,143.7,578.0,369.3,384.3,375.0,117.5,241.2,19.6,43.1,32.7,50.5,225.3,4.3,4.5,3.6,10.5,7.0,7.6,7.2,3.0,4.7,0.0,1.5,1.3,0.8,10.5,4.3,5.3,5.5,3.5,14.0,9.3,9.8,9.3,2.9,5.9,0.4,1.0,0.8,1.2,5.3,39.2,31.3,47.0,47.0,47.0,31.3,31.3,0.0,9.1,8.5,18.7,16.1,8.0,1.4,1.8,60.6,89.6,81.3,83.9,91.5,5.9,11.5,30.3,1.9,0.0,0.0,0.5,92.8,86.7,2395.7,24.00,40,39,39,77,116,708,1,66.9,57.8,50.1,46.3,46.0,47.6,47.1,46.4,45.2,45.5,47.6,47.6,57.5,52.3,42.0,41.0,43.0,1.036,1.015,1.100,7.302,7.182,7.303,23.000,5.380,26.394,0.716,0.794,1.313,1.156,0.856,0.065,0.111,7.590,7.289,20.797,25.800,1996.4,2395.7,4670.3,4670.3,4717.7,29.3,9.7,15.3,29.3,68.0,いいえ,いいえ,いいえ,0.395,0.130,0.5,37.0,68.6,40.0,68.0,1.048,12.197,3.456,3.328,5.040,1.072,1.088,3.440,3.328,1.808,1.024,1.120,1.040,1.792,1.096,0.792,1.824,0.248,1994,いいえ,55.6,39.2,1.110,1.110,1.815,1.815,1.005,5.040,0.250,いいえ,いいえ,いいえ,38.8,1.095,1.110,1.815,1.815,1.005,5.040,0.375,いいえ,いいえ,いいえ,37,37,いいえ,はい,15390,14039,128,128,34,100.0,いいえ,いいえ,3868,2528,9990,36,38,46,100.0,100.0,いいえ,いいえ,7032,7745,0.0,0.0,0.0,0.000,0.006,1392,2687,0.0,0.0,0.0,0.000,0.000,181182,133153,0.0,0.1,0.1,0.000,0.061,67797,77998,54.9,0.720,8.000,600.0,2400.0,1200.0,100.0,0.0,0.0,0.0,0.0,0.0,0.0,0.0,0.0,0,0,16.0,90,いいえ,いいえ,いいえ,40.2,44.0,49.9,84.0,0.865,12.322,12.332,12.283,12.345,12.330,0,0,16.088,5.046,3.565,0.345,7.873,3.741,0.173,8.049,8.083,8.537,220.000,220.000,300.0,50.6,1185.0,465.7,1290.0,313.0,50.5,1413.5,9.0,10.0,9.0,1.0,8.3,13.3,47.4,0.0,5.8,0.0,0,0,はい,いいえ,いいえ,いいえ,いいえ,はい,いいえ,5.3,6.5,0,0,0,0,0,0,0,0,0,5,0,0,0,0,0,0,0,0,0,0,0,0,0,0,0,0,0,0,0,0,11258,1024,746,82,2.5,1.3,2.6,0.8,0.8,0.8,1.3,2.6,0.8,0.8,0.8,0.8,797.51,1203.71,391.31,383.85,1212.00,0.82,24.69,797.46,0.05,958.41,0,0,0.0,0.0,44351,39393,12.2,1028.3,0,0.8,1212.00,0.0,
19.7.2026,1:16:4.933,13162,20748,38.8,9795,22068,30.7,2.7,2048,55,1.236,1.240,1.255,1.230,1.230,1.230,1.230,4055.5,4112.6,4112.6,5140.7,4112.6,3427.2,3427.2,99.8,516.5,547.4,244.1,2306.7,883.0,515.3,707.0,239.5,393.4,60.8,68.6,92.6,139.1,516.5,10.0,6.4,4.8,45.7,16.8,9.9,14.2,4.4,7.7,2.4,2.5,2.3,3.3,45.7,10.0,12.7,8.1,6.0,60.2,22.9,12.9,18.1,5.9,9.7,1.5,1.7,2.3,3.4,12.7,40.6,41.2,41.2,51.5,41.2,34.3,34.3,0.0,20.6,13.0,63.1,25.7,14.0,2.8,5.2,55.7,86.9,36.9,74.3,86.0,12.1,37.8,23.7,0.2,0.0,0.0,0.0,85.1,57.0,2395.7,24.00,40,39,39,77,116,708,1,64.8,58.8,59.0,48.5,46.9,53.8,49.8,48.1,45.5,46.7,48.2,48.2,57.0,52.1,42.0,41.0,43.0,1.132,1.015,1.100,11.713,7.154,11.695,30.000,5.324,32.241,1.482,1.316,3.377,1.985,1.452,0.213,0.548,13.526,7.261,26.643,31.624,1996.4,2395.7,4900.8,4900.8,4938.5,35.9,15.6,20.0,35.9,69.1,いいえ,いいえ,いいえ,0.478,0.145,1.2,37.0,65.8,40.0,65.0,1.128,12.197,3.440,3.328,5.040,1.072,1.088,3.440,3.328,1.808,1.024,1.120,1.040,1.792,1.096,0.792,1.824,0.248,1802,いいえ,55.6,39.2,1.110,1.110,1.815,1.815,1.005,5.040,0.250,いいえ,いいえ,いいえ,38.8,1.110,1.110,1.815,1.815,1.005,5.040,0.250,いいえ,いいえ,いいえ,37,37,いいえ,はい,15390,14039,128,128,34,100.0,いいえ,いいえ,3868,2528,9990,36,38,46,100.0,100.0,いいえ,いいえ,7032,7745,0.0,0.1,0.1,0.000,0.012,1392,2687,0.0,0.0,0.0,0.000,0.000,181182,133153,0.0,0.0,0.0,0.000,0.077,67797,77998,54.3,0.720,17.000,600.0,2400.0,1200.0,100.0,0.0,0.0,0.0,0.0,0.0,0.0,0.0,0.0,0,0,16.0,90,いいえ,いいえ,いいえ,40.1,44.0,49.8,84.0,0.865,12.327,12.336,12.287,12.349,12.334,0,0,11.395,5.048,3.311,0.370,7.888,3.495,0.185,8.077,8.511,8.549,220.000,220.000,210.0,50.6,1185.0,231.3,1290.0,210.0,50.5,1413.1,12.0,10.0,9.0,1.0,8.3,3.4,4.8,0.0,9.0,0.0,0,0,はい,いいえ,いいえ,いいえ,いいえ,はい,いいえ,5.2,5.3,0,0,0,0,0,0,0,0,0,5,0,0,0,0,0,0,0,0,0,0,0,0,0,0,0,0,0,0,0,0,11258,1024,746,82,2.5,1.3,2.6,0.8,0.8,0.8,1.3,2.6,0.8,0.8,0.8,0.8,797.51,1203.71,391.31,383.85,1212.00,0.82,24.69,797.46,0.05,958.41,0,0,0.0,0.0,44351,39395,12.5,1076.9,0,0.8,1212.00,0.0,
19.7.2026,1:16:6.935,13167,20744,38.8,9798,22065,30.7,2.7,2048,55,1.118,1.170,1.180,1.180,1.180,1.180,0.815,3768.2,4941.1,3593.5,3593.5,3593.5,3593.5,3294.1,99.8,497.8,510.6,206.6,2637.6,642.7,715.5,539.2,198.0,288.7,26.3,27.8,65.7,115.2,497.8,9.3,6.6,4.3,51.8,12.3,14.3,10.5,4.0,5.6,0.0,0.0,0.5,1.5,51.8,9.3,12.4,8.1,5.1,69.1,16.7,18.4,13.5,4.9,7.0,0.6,0.6,1.6,2.8,12.4,37.8,49.5,36.0,36.0,36.0,36.0,33.0,0.0,19.5,12.0,63.0,26.1,10.8,1.2,4.2,55.2,87.6,37.0,73.9,89.2,9.9,33.5,25.3,0.4,0.0,0.0,0.0,88.9,62.3,2395.7,24.00,40,39,39,77,116,708,1,63.8,59.5,54.2,49.5,47.8,55.3,51.4,49.1,46.0,47.3,49.0,49.0,57.8,52.2,42.0,41.0,43.0,1.204,1.015,1.100,12.946,7.141,12.960,33.000,5.327,34.644,1.656,1.525,3.758,2.335,1.618,0.161,0.540,15.686,7.248,28.794,33.817,1996.4,2395.7,5048.9,5048.9,5149.1,38.4,17.3,22.0,38.4,70.0,いいえ,いいえ,いいえ,0.424,0.131,1.2,37.0,64.6,40.0,64.0,1.240,12.197,3.456,3.328,5.040,1.064,1.088,3.440,3.328,1.808,1.024,1.120,1.040,1.792,1.096,0.792,1.824,0.248,1739,いいえ,55.6,39.2,1.110,1.110,1.800,1.815,1.005,5.040,0.375,いいえ,いいえ,いいえ,38.8,1.110,1.110,1.800,1.815,1.005,5.040,0.250,いいえ,いいえ,いいえ,37,37,いいえ,はい,15390,14039,128,128,34,100.0,いいえ,いいえ,3868,2528,9990,36,38,46,100.0,100.0,いいえ,いいえ,7032,7745,0.0,0.1,0.1,0.000,0.006,1392,2687,0.0,0.0,0.0,0.000,0.000,181182,133153,0.0,0.0,0.1,0.000,0.079,67797,77998,54.2,0.720,12.000,600.0,2400.0,1200.0,100.0,0.0,0.0,0.0,0.0,0.0,0.0,0.0,0.0,0,0,16.0,90,いいえ,いいえ,いいえ,40.0,44.0,49.8,84.0,0.865,12.322,12.331,12.282,12.344,12.329,0,0,11.408,4.977,3.312,0.345,7.836,3.493,0.173,8.019,8.093,8.545,220.000,220.000,210.0,50.6,1185.0,210.0,1290.0,210.0,50.5,1413.2,11.0,9.0,8.0,1.0,8.3,3.6,5.1,0.0,9.2,0.0,0,0,はい,いいえ,いいえ,いいえ,いいえ,はい,いいえ,5.2,5.9,0,0,0,0,0,0,0,0,0,5,0,0,0,0,0,0,0,0,0,0,0,0,0,0,0,0,0,0,0,0,11258,1024,746,82,2.5,1.3,2.6,0.8,0.8,0.8,1.3,2.6,0.8,0.8,0.8,0.8,797.51,1203.71,391.31,383.85,1212.00,0.82,24.69,797.46,0.05,958.41,0,0,0.0,0.0,44351,39397,12.7,971.4,0,0.8,1212.00,0.0,
19.7.2026,1:16:8.931,13167,20744,38.8,9797,22066,30.7,2.7,2048,55,1.224,1.245,1.220,1.210,1.210,1.230,1.230,4396.2,4966.0,4941.1,4941.1,4941.1,3294.1,3294.1,99.8,823.5,3479.4,2215.8,1406.5,1183.7,394.6,499.9,161.3,260.1,45.0,56.0,66.9,113.3,823.5,12.7,67.6,38.8,22.0,17.4,2.4,4.5,0.0,0.0,0.0,0.0,0.0,0.0,67.6,12.7,21.1,93.8,57.4,35.4,28.0,9.8,12.3,4.0,6.4,1.1,1.3,1.6,2.6,21.1,44.0,49.8,49.5,49.5,49.5,33.0,33.0,0.0,21.9,69.2,28.5,18.5,9.3,2.2,3.6,55.6,30.5,71.5,81.5,90.3,14.7,45.2,22.5,0.3,0.0,0.0,0.5,83.0,51.2,2395.7,24.00,40,39,39,77,116,708,1,81.6,69.9,85.0,52.2,66.1,52.5,50.7,49.2,46.6,47.8,49.3,49.3,58.8,52.6,42.0,41.0,43.0,1.235,1.015,1.100,16.685,7.137,16.649,40.500,5.346,39.453,2.700,7.190,3.947,2.278,1.653,0.303,0.830,20.797,7.244,33.922,38.879,1996.4,2395.7,5031.4,5031.4,5096.3,44.2,22.2,27.0,44.2,82.2,いいえ,いいえ,いいえ,0.425,0.131,1.3,37.0,65.6,40.0,65.0,1.288,12.197,3.440,3.328,5.040,1.064,1.088,3.440,3.328,1.808,1.024,1.120,1.040,1.792,1.096,0.792,1.824,0.248,1658,いいえ,55.6,39.2,1.110,1.110,1.800,1.800,1.005,5.040,0.250,いいえ,いいえ,いいえ,38.8,1.110,1.110,1.800,1.815,1.005,5.040,0.375,いいえ,いいえ,いいえ,37,37,いいえ,はい,15390,14039,128,128,34,100.0,いいえ,いいえ,3868,2528,9990,36,38,46,100.0,100.0,いいえ,いいえ,7032,7745,0.0,0.0,0.0,0.000,0.003,1392,2687,0.0,0.0,0.0,0.000,0.000,181182,133153,0.0,0.0,0.0,0.000,0.019,67797,77999,54.3,0.720,21.000,600.0,2400.0,1200.0,100.0,0.0,0.0,0.0,0.0,0.0,0.0,0.0,0.0,0,0,16.0,90,いいえ,いいえ,いいえ,40.0,44.0,49.7,84.0,0.865,12.324,12.334,12.285,12.347,12.332,0,0,11.455,4.991,3.242,0.321,7.887,3.408,0.160,8.053,8.325,8.534,220.000,220.000,210.0,50.6,1185.0,210.0,1290.0,210.0,50.5,1414.4,12.0,9.0,8.0,1.0,8.3,3.5,4.9,0.0,9.0,0.0,0,0,はい,いいえ,いいえ,いいえ,いいえ,はい,いいえ,5.1,5.2,0,0,0,0,0,0,0,0,0,5,0,0,0,0,0,0,0,0,0,0,0,0,0,0,0,0,0,0,0,0,11258,1024,746,82,2.5,1.3,2.6,0.8,0.8,0.8,1.3,2.6,0.8,0.8,0.8,0.8,797.51,1203.71,391.31,383.85,1212.00,0.82,24.69,797.46,0.05,958.41,0,0,0.0,0.0,44351,39399,12.2,1008.6,0,0.8,1212.00,0.0,
19.7.2026,1:16:10.935,13166,20745,38.8,9799,22064,30.7,2.7,2048,55,1.177,1.165,1.180,1.180,1.180,1.180,1.175,4392.1,4941.1,4941.1,4941.1,4941.1,3294.1,3294.1,99.8,3188.1,4208.5,4041.8,4069.0,4062.4,3602.8,3639.9,3524.8,3585.4,1787.2,1829.4,1893.5,2012.6,3188.1,66.8,86.0,85.6,85.8,85.8,74.1,74.7,72.6,73.7,38.9,39.5,40.8,43.7,86.0,66.8,82.0,107.2,106.9,107.6,107.9,91.7,92.6,89.6,91.1,45.1,46.1,47.8,51.0,82.0,44.0,49.5,49.5,49.5,49.5,33.0,33.0,0.0,64.1,86.8,87.8,69.1,65.8,34.9,40.0,30.0,13.1,12.2,30.9,33.9,41.3,48.7,5.9,0.1,0.0,0.0,0.3,23.8,11.4,2395.7,24.00,40,39,39,77,116,708,1,83.8,81.5,57.1,69.7,72.4,79.2,73.9,71.5,58.1,62.9,52.8,52.8,59.5,53.2,42.0,41.0,43.0,1.159,1.015,1.100,34.075,7.159,34.113,55.500,5.388,58.922,6.786,8.191,8.789,7.748,7.586,3.980,4.424,39.193,7.267,52.386,57.437,1996.4,2395.7,4871.6,4871.6,4911.5,65.3,45.5,37.0,65.3,95.9,いいえ,いいえ,いいえ,0.397,0.130,3.8,37.0,84.5,40.0,84.0,1.152,12.197,3.440,3.328,5.040,1.064,1.080,3.440,3.328,1.808,1.024,1.120,1.032,1.792,1.104,0.792,1.824,0.248,1839,いいえ,55.6,39.2,1.110,1.110,1.800,1.815,1.005,5.040,0.250,いいえ,いいえ,いいえ,38.8,1.110,1.110,1.800,1.815,0.990,5.040,0.250,いいえ,いいえ,いいえ,37,37,いいえ,はい,15390,14039,128,128,34,100.0,いいえ,いいえ,3868,2528,9990,36,38,46,100.0,100.0,いいえ,いいえ,7032,7745,0.0,0.1,0.1,0.000,0.009,1392,2687,0.0,0.0,0.0,0.000,0.000,181182,133153,0.1,0.0,0.1,0.022,0.066,67797,77999,54.4,0.720,53.000,600.0,2400.0,1200.0,100.0,0.0,0.0,0.0,0.0,0.0,0.0,0.0,0.0,0,0,16.0,90,いいえ,いいえ,いいえ,40.0,44.0,49.8,84.0,0.865,12.313,12.322,12.271,12.336,12.321,0,0,11.262,5.258,4.395,0.345,7.866,4.564,0.172,8.040,8.135,8.548,220.000,220.000,210.0,50.6,1185.0,210.0,1290.0,210.0,50.5,1413.6,12.0,10.0,8.0,1.0,8.3,3.5,5.0,0.0,8.9,0.0,0,0,はい,いいえ,いいえ,いいえ,いいえ,はい,いいえ,5.7,5.6,0,0,0,0,0,0,0,0,0,5,0,0,0,0,0,0,0,0,0,0,0,0,0,0,0,0,0,0,0,0,11258,1024,746,82,2.5,1.3,2.6,0.8,0.8,0.8,1.3,2.6,0.8,0.8,0.8,0.8,797.51,1203.71,391.31,383.85,1212.00,0.82,24.69,797.46,0.05,958.41,0,0,0.0,0.0,44351,39401,12.8,1132.9,0,0.8,1212.00,0.0,
19.7.2026,1:16:12.937,13228,20683,39.0,9853,22010,30.9,2.7,2048,55,1.312,1.315,1.310,1.310,1.315,1.310,1.315,4316.7,4112.6,4072.7,4072.7,5115.8,5115.8,3410.5,99.8,1281.4,1780.3,973.3,1844.5,1680.9,1614.4,1810.8,1255.9,1193.3,962.4,924.3,601.5,734.5,1281.4,24.1,22.2,18.6,35.5,32.2,30.8,34.8,24.5,23.1,19.9,18.9,13.1,15.0,35.5,24.1,31.6,29.1,24.8,47.8,43.8,42.0,47.1,32.5,30.7,24.6,23.5,15.2,18.6,31.6,43.2,41.2,40.8,40.8,51.2,51.2,34.2,0.0,41.6,37.5,56.8,55.4,42.8,32.1,25.1,45.7,62.1,43.2,44.6,57.1,29.9,37.3,12.7,0.4,0.0,0.0,0.1,38.1,37.5,2395.7,24.00,40,39,39,77,116,708,1,80.6,69.2,73.2,58.7,54.6,63.6,63.8,60.0,54.5,55.5,52.2,52.2,60.5,53.7,42.0,41.0,43.0,1.232,1.015,1.100,23.297,7.578,23.265,51.000,5.783,49.192,4.318,3.789,5.744,5.595,4.511,3.487,2.784,29.204,7.692,43.258,48.330,1996.4,2395.7,5044.7,5044.7,5127.2,54.9,31.0,34.0,54.9,81.4,いいえ,いいえ,いいえ,2.170,0.879,2.5,37.0,80.0,40.0,80.0,1.248,12.197,3.440,3.328,5.040,1.064,1.080,3.440,3.328,1.808,1.024,1.120,1.040,1.792,1.104,0.792,1.824,0.248,2036,いいえ,55.6,39.2,1.110,1.110,1.800,1.815,0.990,5.040,0.625,いいえ,いいえ,いいえ,38.8,1.110,1.110,1.800,1.815,0.990,5.040,1.250,いいえ,いいえ,いいえ,37,37,いいえ,はい,15390,14039,128,128,34,100.0,いいえ,いいえ,3868,2528,9990,36,38,46,100.0,100.0,いいえ,いいえ,7032,7745,0.0,36.1,36.1,0.000,0.004,1392,2687,0.0,0.0,0.0,0.000,0.000,181182,133153,0.1,0.1,0.3,0.231,0.273,67798,77999,55.2,0.720,48.000,600.0,2400.0,1200.0,100.0,0.0,0.0,0.0,0.0,0.0,0.0,0.0,0.0,0,0,16.0,90,いいえ,いいえ,いいえ,40.8,44.0,50.0,84.0,0.940,12.305,12.320,12.242,12.341,12.318,0,0,11.885,12.932,14.749,7.540,15.584,18.523,3.769,19.363,12.180,11.748,220.000,220.000,2475.0,1312.7,2025.0,210.0,2025.0,2475.3,1312.0,2024.4,12.0,5.0,6.0,1.0,8.4,4.5,9.6,0.0,8.4,0.0,0,0,はい,いいえ,いいえ,いいえ,いいえ,はい,いいえ,15.5,16.7,0,0,0,0,0,0,0,0,0,6,0,0,0,0,0,0,0,0,0,0,0,0,0,0,0,0,0,0,0,0,11250,1032,746,77,16.0,1.3,2.6,0.8,0.8,0.8,1.3,2.6,0.8,0.8,0.8,0.8,797.51,1203.71,391.31,383.85,1212.00,0.82,24.69,797.46,0.05,958.41,0,0,0.0,0.0,44351,39403,12.7,974.5,0,0.8,1212.00,0.0,
19.7.2026,1:16:14.936,13225,20686,38.9,9847,22016,30.9,2.7,2048,55,1.240,1.240,1.240,1.240,1.240,1.240,1.240,4283.9,4112.6,5140.7,4112.6,4112.6,4112.6,4112.6,99.8,794.2,594.0,282.0,1225.5,546.6,807.6,664.8,408.2,402.2,2286.1,2006.2,144.1,163.4,794.2,15.3,8.5,5.7,25.2,10.7,16.8,13.5,8.4,8.3,43.1,36.8,3.0,3.3,43.1,15.3,19.8,9.9,6.9,31.4,13.7,20.6,16.7,10.1,9.9,59.2,51.3,3.5,4.0,19.8,42.9,41.2,51.5,41.2,41.2,41.2,41.2,0.0,29.5,14.4,35.5,30.5,17.5,72.9,6.5,62.0,84.8,64.5,69.5,81.6,22.8,48.8,8.5,0.9,0.0,0.0,0.9,4.3,44.7,2395.7,24.00,40,39,39,77,116,708,1,77.0,66.9,65.4,56.1,52.4,56.9,56.4,54.1,65.3,51.6,52.5,52.5,60.2,53.4,42.0,41.0,43.0,1.284,1.015,1.100,21.197,7.951,21.211,40.000,6.095,48.302,3.765,2.401,4.190,3.724,2.788,8.210,1.276,27.261,8.070,42.036,47.113,1996.4,2395.7,5150.8,5150.8,5148.9,53.5,28.3,26.7,53.5,78.7,いいえ,いいえ,いいえ,1.204,0.318,1.8,37.0,79.0,40.0,79.0,1.288,12.144,3.440,3.312,5.040,1.064,1.080,3.440,3.328,1.808,1.024,1.120,1.040,1.792,1.096,0.792,1.824,0.248,2020,いいえ,55.6,39.2,1.110,1.110,1.800,1.815,0.990,5.040,0.375,いいえ,いいえ,いいえ,38.8,1.095,1.110,1.800,1.815,0.990,5.040,0.375,いいえ,いいえ,いいえ,37,37,いいえ,はい,15390,14039,128,128,34,100.0,いいえ,いいえ,3868,2528,9990,36,38,46,100.0,100.0,いいえ,いいえ,7032,7745,0.0,0.0,0.0,0.000,0.008,1392,2687,0.0,0.0,0.0,0.000,0.000,181182,133153,0.1,0.4,0.5,0.008,0.178,67798,77999,55.4,0.725,24.000,600.0,2400.0,1200.0,100.0,0.0,0.2,0.0,0.0,0.0,0.0,0.0,0.0,0,0,16.0,92,いいえ,いいえ,いいえ,41.6,46.0,50.6,84.0,0.940,12.314,12.329,12.253,12.347,12.327,0,0,33.594,12.831,14.256,7.348,15.513,17.928,3.674,19.195,12.255,12.479,220.000,220.000,2475.0,1312.7,2025.0,2474.8,2025.0,2474.3,1311.7,2024.6,2.0,0.0,4.0,0.0,8.3,23.3,89.4,0.0,3.8,0.0,0,0,はい,いいえ,いいえ,いいえ,いいえ,はい,いいえ,15.2,15.9,0,0,0,0,0,0,0,0,0,6,0,0,0,0,0,0,0,0,0,0,0,0,0,0,0,0,0,0,0,0,11258,1024,746,77,16.0,1.3,2.6,0.8,0.8,0.8,1.3,2.6,0.8,0.8,0.8,0.8,797.51,1203.71,391.31,383.85,1212.00,0.82,24.69,797.46,0.05,958.41,0,0,0.0,0.0,44351,39405,16.0,994.8,0,0.8,1212.00,15.5,
19.7.2026,1:16:16.940,13576,20335,40.0,9975,21887,31.3,2.7,2048,55,1.251,1.255,1.240,1.200,1.270,1.270,1.270,4158.6,4052.7,4941.1,4991.0,4112.6,3427.2,3427.2,99.8,680.3,693.9,290.1,1659.9,1503.4,1002.2,1390.7,446.8,487.3,165.3,210.5,123.6,190.2,680.3,13.2,10.2,6.2,32.9,29.4,20.1,27.4,9.4,10.0,1.7,3.7,2.8,4.3,32.9,13.2,16.9,11.6,7.1,43.0,39.1,25.7,35.9,11.2,12.0,4.0,5.3,3.0,4.7,16.9,41.7,40.6,49.5,50.0,41.2,34.3,34.3,0.0,26.0,16.6,59.3,45.9,19.9,7.2,7.1,60.0,83.1,40.7,54.1,80.1,34.3,67.9,14.0,0.3,0.0,0.0,0.0,58.5,25.0,2395.7,24.00,40,39,39,77,116,708,1,76.4,66.3,65.5,54.1,50.6,61.1,58.7,53.4,49.6,51.1,51.4,51.4,59.8,53.3,42.0,41.0,43.0,1.230,1.015,1.100,17.351,7.573,17.351,40.500,5.696,41.444,2.736,2.066,5.166,4.303,2.490,1.029,1.361,21.534,7.686,35.486,40.547,1996.4,2395.7,5086.4,5086.4,5145.9,46.1,23.1,27.0,46.1,78.0,いいえ,いいえ,いいえ,1.256,0.525,1.6,37.0,75.1,40.0,75.0,1.248,12.197,3.440,3.328,5.040,1.064,1.080,3.440,3.328,1.808,1.024,1.120,1.040,1.792,1.096,0.792,1.824,0.248,2017,いいえ,55.6,39.2,1.110,1.110,1.800,1.815,0.990,5.040,0.500,いいえ,いいえ,いいえ,38.8,1.110,1.110,1.800,1.815,0.990,5.040,0.500,いいえ,いいえ,いいえ,37,37,いいえ,はい,15390,14039,128,128,34,100.0,いいえ,いいえ,3868,2528,9990,36,38,46,100.0,100.0,いいえ,いいえ,7032,7745,0.0,0.0,0.0,0.000,0.004,1392,2687,0.0,0.0,0.0,0.000,0.000,181182,133153,0.0,0.1,0.1,0.000,1.368,67798,78002,55.7,0.720,36.000,600.0,2400.0,1200.0,100.0,0.0,0.0,0.0,0.0,0.0,0.0,0.0,0.0,0,0,16.0,92,いいえ,いいえ,いいえ,40.6,44.0,50.3,84.0,0.930,12.322,12.333,12.277,12.348,12.332,0,0,18.313,7.560,9.038,0.765,8.385,9.421,0.382,8.770,11.661,12.056,220.000,220.000,420.0,101.2,1995.0,1494.2,1995.0,420.0,101.0,1995.3,6.0,5.0,5.0,1.0,8.3,24.0,91.4,0.0,4.5,0.0,0,0,はい,いいえ,いいえ,いいえ,いいえ,はい,いいえ,8.1,8.0,0,0,0,0,0,0,0,0,0,7,0,0,0,0,0,0,0,0,0,0,0,0,0,0,0,0,0,0,0,0,11258,1024,746,77,5.0,1.3,2.6,0.8,0.8,0.8,1.3,2.6,0.8,0.8,0.8,0.8,797.51,1203.71,391.31,383.85,1212.00,0.82,24.69,797.46,0.05,958.41,0,0,0.0,0.0,44351,39407,13.1,1096.8,0,0.8,1212.00,0.0,
19.7.2026,1:16:18.937,13327,20584,39.2,9886,21977,31.0,2.7,2048,55,1.244,1.240,1.245,1.245,1.245,1.245,1.245,4283.9,4112.6,5140.7,4112.6,4112.6,4112.6,4112.6,99.8,789.4,767.2,337.9,2833.7,1432.3,1106.1,893.7,512.2,547.1,374.0,296.4,167.8,204.8,789.4,14.9,10.3,6.4,55.2,27.1,21.7,17.2,10.1,10.4,8.2,5.6,2.9,3.6,55.2,14.9,19.7,12.9,8.3,74.3,37.3,28.3,23.0,12.8,13.4,9.6,7.4,4.1,4.9,19.7,42.9,41.2,51.5,41.2,41.2,41.2,41.2,0.0,30.4,18.4,80.9,39.5,22.6,12.4,8.5,58.2,81.6,19.1,60.5,77.4,33.1,77.6,11.4,0.1,0.0,0.0,0.0,54.6,14.0,2395.7,24.00,40,39,39,77,116,708,1,75.2,69.3,66.4,55.8,51.2,67.1,58.8,54.5,50.8,52.2,51.9,51.9,59.5,53.8,42.0,41.0,43.0,1.255,1.015,1.100,19.418,7.842,19.421,44.500,6.093,45.163,3.360,2.328,7.708,4.093,2.840,1.535,1.657,24.408,7.960,39.070,44.146,1996.4,2395.7,5142.4,5142.4,5146.7,50.2,25.9,29.7,50.2,81.5,いいえ,いいえ,いいえ,1.422,0.602,1.8,37.0,76.6,40.0,76.0,1.264,12.144,3.440,3.328,5.040,1.072,1.080,3.440,3.328,1.808,1.024,1.120,1.032,1.792,1.104,0.792,1.824,0.248,2036,いいえ,55.6,39.2,1.110,1.110,1.815,1.815,0.990,5.040,0.250,いいえ,いいえ,いいえ,38.8,1.110,1.110,1.800,1.815,0.990,5.040,0.250,いいえ,いいえ,いいえ,37,37,いいえ,はい,15390,14039,128,128,34,100.0,いいえ,いいえ,3868,2528,9990,36,38,46,100.0,100.0,いいえ,いいえ,7032,7745,0.0,0.0,0.0,0.000,0.004,1392,2687,0.0,0.0,0.0,0.000,0.000,181182,133153,0.0,0.1,0.1,0.032,1.088,67798,78004,55.6,0.721,21.000,600.0,2400.0,1200.0,100.0,0.0,0.1,0.0,0.0,0.0,0.0,0.0,0.0,0,0,16.0,93,いいえ,いいえ,いいえ,41.7,46.0,51.0,84.0,0.940,12.310,12.325,12.250,12.344,12.323,0,0,33.542,12.750,14.038,7.370,15.508,17.714,3.685,19.194,12.087,12.402,220.000,220.000,2475.0,1312.7,2025.0,2474.7,2025.0,2476.7,1311.5,2025.3,2.0,0.0,4.0,0.0,8.3,19.8,75.2,0.0,3.9,0.0,0,0,はい,いいえ,いいえ,いいえ,いいえ,はい,いいえ,15.1,15.1,0,0,0,0,0,0,0,0,0,8,0,0,0,0,0,0,0,0,0,0,0,0,0,0,0,0,0,0,0,0,11258,1024,746,77,16.0,1.3,2.6,0.8,0.8,0.8,1.3,2.6,0.8,0.8,0.8,0.8,797.51,1203.71,391.31,383.85,1212.00,0.82,24.69,797.46,0.05,958.41,0,0,0.0,0.0,44351,39409,12.5,995.6,0,0.8,1212.00,3.9,
19.7.2026,1:16:20.935,13303,20608,39.2,9898,21965,31.0,2.7,2048,55,1.235,1.235,1.235,1.235,1.235,1.235,1.235,3941.2,3427.2,5140.7,4112.6,4112.6,3427.2,3427.2,99.8,625.7,569.6,222.7,2174.0,1807.7,966.9,663.6,319.0,358.6,77.9,75.0,111.3,162.4,625.7,12.2,8.4,4.7,42.6,35.2,19.9,13.4,6.9,7.3,1.6,0.6,2.3,3.4,42.6,12.2,15.7,9.7,5.5,57.1,47.4,25.0,16.9,8.0,8.7,1.9,1.8,2.7,4.0,15.7,39.5,34.3,51.5,41.2,41.2,34.3,34.3,0.0,24.9,13.8,77.3,33.5,15.2,3.3,6.2,57.5,85.9,22.7,66.5,84.8,21.4,63.8,17.6,0.3,0.0,0.0,0.0,75.3,30.0,2395.7,24.00,40,39,39,77,116,708,1,72.0,62.9,62.5,52.9,50.1,60.8,55.3,52.2,48.3,50.4,51.1,51.1,60.2,53.6,42.0,41.0,43.0,1.231,1.015,1.100,15.940,7.595,15.945,33.000,5.793,39.697,2.242,1.810,5.086,2.969,2.045,0.441,1.103,19.669,7.709,33.750,38.772,1996.4,2395.7,5130.7,5130.7,5149.0,44.1,21.3,22.0,44.1,74.1,いいえ,いいえ,いいえ,0.584,0.199,1.5,37.0,73.0,40.0,73.0,1.240,12.197,3.456,3.328,5.040,1.064,1.080,3.440,3.328,1.808,1.024,1.120,1.040,1.792,1.096,0.792,1.824,0.248,2011,いいえ,55.6,39.2,1.110,1.110,1.815,1.800,0.990,5.040,0.250,いいえ,いいえ,いいえ,38.8,1.110,1.110,1.815,1.800,0.990,5.040,0.250,いいえ,いいえ,いいえ,37,37,いいえ,はい,15390,14039,128,128,34,100.0,いいえ,いいえ,3868,2528,9990,36,38,46,100.0,100.0,いいえ,いいえ,7032,7745,0.0,0.1,0.1,0.000,0.010,1392,2687,0.0,0.0,0.0,0.000,0.000,181182,133153,0.0,0.1,0.1,0.000,0.081,67798,78004,55.7,0.721,17.000,600.0,2400.0,1200.0,100.0,0.0,0.0,0.0,0.0,0.0,0.0,0.0,0.0,0,0,16.0,93,いいえ,いいえ,いいえ,41.1,46.0,50.9,84.0,0.930,12.316,12.327,12.270,12.342,12.326,0,0,32.292,7.631,9.403,0.740,8.356,9.775,0.370,8.731,11.624,12.047,220.000,220.000,630.0,101.2,1995.0,2474.7,1995.0,630.0,101.0,1995.7,5.0,4.0,4.0,0.0,8.3,26.0,100.0,0.0,3.9,0.0,0,0,はい,いいえ,いいえ,いいえ,いいえ,はい,いいえ,8.2,8.4,0,0,0,0,0,0,0,0,0,9,0,0,0,0,0,0,0,0,0,0,0,0,0,0,0,0,0,0,0,0,11258,1024,746,77,5.0,1.3,2.6,0.8,0.8,0.8,1.3,2.6,0.8,0.8,0.8,0.8,797.51,1203.71,391.31,383.85,1212.00,0.82,24.69,797.46,0.05,958.41,0,0,0.0,0.0,44351,39411,12.2,986.9,0,0.8,1212.00,4.1,
19.7.2026,1:16:22.936,13293,20618,39.1,9895,21968,31.0,2.7,2048,55,1.226,1.180,1.235,1.235,1.235,1.235,1.235,4254.0,4112.6,4941.1,4941.1,4941.1,3294.1,3294.1,99.8,444.0,458.8,168.2,1665.7,872.4,866.9,549.2,223.6,276.1,40.7,40.3,78.7,87.4,444.0,8.6,6.9,3.9,32.7,16.7,17.8,11.0,4.3,5.8,0.5,1.2,1.3,1.4,32.7,8.6,11.0,7.8,4.1,43.5,22.2,22.4,13.8,5.6,6.7,1.0,0.9,1.9,2.1,11.0,42.6,41.2,49.5,49.5,49.5,33.0,33.0,0.0,17.4,10.9,48.7,28.7,10.7,1.8,3.7,58.3,88.6,51.3,71.3,89.2,12.6,36.7,24.3,0.5,0.0,0.0,0.1,85.6,59.6,2395.7,24.00,40,39,39,77,116,708,1,69.0,60.3,55.2,50.4,48.9,55.1,52.2,50.1,47.3,48.6,50.2,50.2,58.8,52.9,42.0,41.0,43.0,1.196,1.015,1.100,12.345,7.237,12.345,33.000,5.399,33.917,1.586,1.489,3.322,2.308,1.593,0.212,0.593,14.874,7.345,28.158,33.165,1996.4,2395.7,5017.7,5017.7,5149.5,37.7,16.5,22.0,37.7,70.9,いいえ,いいえ,いいえ,0.448,0.137,1.0,37.0,70.8,40.0,70.0,1.136,12.197,3.440,3.328,5.040,1.064,1.080,3.440,3.328,1.808,1.024,1.120,1.040,1.792,1.096,0.792,1.824,0.248,2014,いいえ,55.6,39.2,1.110,1.110,1.815,1.800,1.005,5.040,0.250,いいえ,いいえ,いいえ,38.8,1.110,1.110,1.815,1.800,0.990,5.040,0.250,いいえ,いいえ,いいえ,37,37,いいえ,はい,15390,14039,128,128,34,100.0,いいえ,いいえ,3868,2528,9990,36,38,46,100.0,100.0,いいえ,いいえ,7032,7745,0.0,9.2,9.2,0.000,0.008,1392,2687,0.0,0.0,0.0,0.000,0.000,181182,133153,0.0,0.0,0.0,0.000,0.006,67798,78004,55.6,0.720,11.000,600.0,2400.0,1200.0,100.0,0.0,0.0,0.0,0.0,0.0,0.0,0.0,0.0,0,0,16.0,93,いいえ,いいえ,いいえ,40.5,44.0,50.2,84.0,0.865,12.312,12.321,12.271,12.335,12.319,0,0,14.668,5.304,4.772,0.296,7.780,4.909,0.148,7.935,7.983,8.607,220.000,220.000,300.0,50.6,1185.0,472.5,1290.0,299.9,50.5,1401.6,8.0,9.0,8.0,1.0,8.3,11.7,40.5,0.0,6.3,0.0,0,0,はい,いいえ,いいえ,いいえ,いいえ,はい,いいえ,5.8,5.2,0,0,0,0,0,0,0,0,0,10,0,0,0,0,0,0,0,0,0,0,0,0,0,0,0,0,0,0,0,0,11258,1024,746,77,2.5,0.6,0.6,0.6,0.6,0.6,0.6,0.6,0.6,0.6,0.6,0.6,1725.47,1725.47,1725.47,1725.47,1725.47,0.76,67.34,1725.39,0.08,1232.04,0,0,0.0,0.0,44351,39413,12.7,1085.3,0,0.6,1725.47,0.0,
19.7.2026,1:16:24.936,13287,20624,39.1,9889,21974,31.0,2.7,2048,55,1.215,1.215,1.215,1.215,1.215,1.215,1.215,4920.3,4941.1,4916.1,4916.1,4916.1,4916.1,4916.1,99.8,1027.3,4234.9,2877.1,1829.8,1700.3,471.0,422.5,198.4,260.0,56.3,48.1,106.4,122.2,1027.3,20.4,83.6,56.8,36.8,33.9,9.2,7.9,4.3,4.6,1.3,1.1,2.4,2.6,83.6,20.4,26.7,111.4,75.8,47.9,44.1,11.9,10.5,4.9,6.3,1.3,1.1,2.6,2.9,26.7,49.3,49.5,49.2,49.2,49.2,49.2,49.2,0.0,26.9,84.6,42.2,18.3,9.6,2.0,4.6,52.8,15.3,57.8,81.7,90.3,18.1,53.6,20.3,0.1,0.0,0.0,0.1,79.9,41.8,2395.7,24.00,40,39,39,77,116,708,1,83.1,75.6,84.5,55.6,73.2,59.6,52.6,50.8,48.2,49.3,50.9,50.9,60.0,53.4,42.0,41.0,43.0,1.240,1.015,1.100,19.769,7.103,19.746,38.500,5.331,43.351,3.246,8.988,5.169,2.270,1.770,0.335,0.945,24.560,7.210,37.634,42.608,1996.4,2395.7,5020.2,5020.2,5053.6,48.4,26.3,25.7,48.4,88.9,いいえ,いいえ,いいえ,0.398,0.130,1.6,37.0,70.5,40.0,70.0,1.296,12.197,3.440,3.328,5.040,1.064,1.080,3.440,3.328,1.808,1.024,1.120,1.040,1.792,1.096,0.792,1.824,0.248,1906,いいえ,55.6,39.2,1.110,1.110,1.815,1.800,0.990,5.040,0.500,いいえ,いいえ,いいえ,38.8,1.110,1.110,1.815,1.800,0.990,5.040,0.375,いいえ,いいえ,いいえ,37,37,いいえ,はい,15390,14039,128,128,34,100.0,いいえ,いいえ,3868,2528,9990,36,38,45,100.0,100.0,いいえ,いいえ,7032,7745,0.0,0.0,0.0,0.000,0.001,1392,2687,0.0,0.0,0.0,0.000,0.000,181182,133153,0.0,0.4,0.4,0.030,0.054,67798,78004,55.3,0.720,40.000,600.0,2400.0,1200.0,100.0,0.0,0.0,0.0,0.0,0.0,0.0,0.0,0.0,0,0,16.0,93,いいえ,いいえ,いいえ,40.4,44.0,50.1,84.0,0.865,12.316,12.325,12.276,12.339,12.324,0,0,11.165,4.826,2.905,0.320,7.807,3.060,0.160,7.976,7.994,8.382,220.000,220.000,210.0,50.6,1185.0,232.1,1290.0,210.0,50.0,1402.1,12.0,10.0,9.0,1.0,8.3,3.4,4.8,0.0,8.7,0.0,0,0,はい,いいえ,いいえ,いいえ,いいえ,はい,いいえ,5.1,5.8,0,0,0,0,0,0,0,0,0,10,0,0,0,0,0,0,0,0,0,0,0,0,0,0,0,0,0,0,0,0,11258,1024,746,77,2.5,0.6,0.6,0.6,0.6,0.6,0.6,0.6,0.6,0.6,0.6,0.6,1725.47,1725.47,1725.47,1725.47,1725.47,0.76,67.34,1725.39,0.08,1232.04,0,0,0.0,0.0,44351,39415,11.9,932.1,0,0.6,1725.47,0.0,
19.7.2026,1:16:26.932,13278,20633,39.1,9879,21984,31.0,2.7,2048,55,1.119,1.180,1.180,1.180,1.180,1.180,0.815,3768.2,3294.1,3593.5,3593.5,3593.5,3593.5,4941.1,99.8,2948.0,4062.3,3356.3,3486.3,3450.9,3459.0,3436.5,3378.4,3400.7,1751.6,1786.0,1887.3,1920.7,2948.0,61.2,83.7,71.1,72.4,71.6,72.1,71.7,70.6,70.9,36.5,36.4,38.7,39.3,83.7,61.2,77.3,104.9,88.4,91.7,90.6,91.0,90.5,89.0,89.5,45.9,46.6,49.4,50.2,77.3,37.8,33.0,36.0,36.0,36.0,36.0,49.5,0.0,63.5,84.1,76.3,71.5,68.9,37.7,42.6,28.9,15.7,23.7,28.5,31.1,36.4,38.0,7.6,0.1,0.0,0.0,0.1,25.9,19.3,2395.7,24.00,40,39,39,77,116,708,1,83.0,78.4,55.8,69.2,69.3,74.8,74.7,73.0,59.5,64.2,53.7,53.7,60.0,54.1,42.0,41.0,43.0,1.150,1.015,1.100,32.654,7.068,32.689,56.500,5.378,56.614,6.115,6.970,7.335,7.310,7.148,3.757,4.170,37.097,7.174,50.186,55.237,1996.4,2395.7,4870.4,4870.4,4922.0,62.8,43.6,37.7,62.8,92.3,いいえ,いいえ,いいえ,0.465,0.194,3.8,37.0,84.5,40.0,84.0,1.128,12.197,3.440,3.328,5.040,1.072,1.080,3.440,3.328,1.808,1.024,1.120,1.040,1.792,1.104,0.792,1.824,0.248,2020,いいえ,55.6,39.2,1.110,1.110,1.815,1.800,0.990,5.040,0.250,いいえ,いいえ,いいえ,38.8,1.110,1.110,1.815,1.800,0.990,5.040,0.250,いいえ,いいえ,いいえ,37,37,いいえ,はい,15390,14039,128,128,34,100.0,いいえ,いいえ,3868,2528,9990,36,38,45,100.0,100.0,いいえ,いいえ,7032,7745,0.0,0.1,0.1,0.000,0.013,1392,2687,0.0,0.0,0.0,0.000,0.000,181182,133153,0.0,0.0,0.0,0.000,0.044,67798,78005,55.3,0.720,45.000,600.0,2400.0,1200.0,100.0,0.0,0.0,0.0,0.0,0.0,0.0,0.0,0.0,0,0,16.0,93,いいえ,いいえ,いいえ,40.3,44.0,50.1,84.0,0.865,12.305,12.313,12.263,12.330,12.314,0,0,11.141,5.546,2.742,0.320,7.824,2.898,0.160,7.982,14.214,8.231,220.000,220.000,210.0,50.6,1185.0,210.0,1290.0,210.1,50.5,1402.2,12.0,10.0,8.0,1.0,8.3,3.6,5.0,0.0,9.2,0.0,0,0,はい,いいえ,いいえ,いいえ,いいえ,はい,いいえ,4.9,5.2,0,0,0,0,0,0,0,0,0,10,0,0,0,0,0,0,0,0,0,0,0,0,0,0,0,0,0,0,0,0,11258,1024,746,77,2.5,0.6,0.6,0.6,0.6,0.6,0.6,0.6,0.6,0.6,0.6,0.6,1725.47,1725.47,1725.47,1725.47,1725.47,0.76,67.34,1725.39,0.08,1232.04,0,0,0.0,0.0,44351,39417,12.5,1066.2,0,0.6,1725.47,0.0,
19.7.2026,1:16:28.932,13618,20293,40.1,10171,21691,31.9,2.5,2048,51,1.282,1.290,1.290,1.275,1.275,1.280,1.280,4641.6,4092.6,5090.8,5090.8,5090.8,3393.9,5090.8,99.8,782.0,1250.7,329.9,1914.1,1036.6,1714.2,792.9,653.9,670.0,262.9,201.1,270.9,286.3,782.0,14.4,21.1,6.0,35.4,18.8,31.9,14.8,12.8,10.9,4.8,4.3,5.6,5.8,35.4,14.4,19.2,26.9,8.2,48.5,26.2,43.2,20.4,16.8,14.9,6.5,4.9,6.5,6.9,19.2,46.5,41.0,51.0,51.0,51.0,34.0,51.0,0.0,28.0,27.5,51.4,45.7,24.2,8.8,10.8,51.9,69.5,48.6,54.3,75.8,25.6,37.4,20.1,3.1,0.0,0.0,0.0,65.5,51.8,2395.7,24.00,40,39,39,77,116,708,1,78.4,64.2,77.6,54.1,52.0,59.1,58.0,54.3,49.7,51.4,51.4,51.4,59.8,53.9,42.0,41.0,43.0,1.215,1.015,1.100,17.215,7.378,17.182,52.500,5.598,40.611,2.842,2.492,4.869,4.164,3.017,1.091,1.422,21.216,7.488,34.863,39.919,1996.4,2395.7,5051.8,5051.8,5146.5,45.4,22.9,35.0,45.4,75.5,いいえ,いいえ,いいえ,1.672,1.182,1.7,37.0,79.4,40.0,79.0,1.264,12.197,3.440,3.328,5.040,1.072,1.080,3.440,3.328,1.808,1.024,1.120,1.040,1.792,1.104,0.792,1.824,0.248,2011,いいえ,55.6,39.2,1.110,1.110,1.815,1.800,0.990,5.040,0.625,いいえ,いいえ,いいえ,38.8,1.110,1.110,1.815,1.800,0.990,5.040,0.250,いいえ,いいえ,いいえ,37,37,いいえ,はい,15390,14039,128,128,34,100.0,いいえ,いいえ,3868,2528,9990,36,38,45,100.0,100.0,いいえ,いいえ,7032,7745,0.0,0.0,0.0,0.000,0.001,1392,2687,0.0,0.0,0.0,0.000,0.000,181182,133153,2.0,0.2,2.2,3.286,0.710,67804,78006,56.0,0.720,18.000,600.0,2400.0,1200.0,100.0,0.0,0.0,0.0,0.0,0.0,0.0,0.0,0.0,0,0,16.0,93,いいえ,いいえ,いいえ,40.2,44.0,50.0,84.0,0.865,12.318,12.325,12.277,12.341,12.326,0,0,11.050,4.505,2.037,0.173,7.759,2.123,0.086,7.864,7.950,8.049,220.000,220.000,210.0,50.6,1185.0,210.0,1290.0,209.9,50.5,1401.7,4.0,7.0,3.0,0.0,8.3,3.0,4.3,0.0,7.8,0.0,0,0,はい,いいえ,いいえ,いいえ,いいえ,はい,いいえ,4.5,5.0,0,0,0,0,0,0,0,0,0,10,0,0,0,0,0,0,0,0,0,0,0,0,0,0,0,0,0,0,0,0,11257,1025,747,77,2.5,61.9,79.9,58.5,58.4,58.4,71.8,868.7,60.0,60.0,60.0,60.0,16.03,17.97,11.62,11.31,18.05,1.52,8.48,15.66,0.36,3.56,0,0,0.0,0.0,44351,39418,8.6,545.1,0,58.4,18.05,0.0,
19.7.2026,1:16:30.941,13832,20079,40.7,10351,21512,32.4,2.5,2048,51,1.269,1.240,1.275,1.275,1.275,1.275,1.275,4055.5,3427.2,5140.7,4112.6,4112.6,4112.6,3427.2,99.8,792.7,1149.6,250.0,3621.9,1320.6,1013.9,773.5,457.3,412.1,101.6,85.0,180.3,146.6,792.7,15.9,21.0,5.2,71.1,25.0,21.9,15.3,9.6,10.2,2.4,1.9,4.1,3.3,71.1,15.9,20.5,25.0,6.2,96.1,33.9,28.1,19.6,11.5,12.4,2.6,2.1,4.7,3.8,20.5,40.6,34.3,51.5,41.2,41.2,41.2,34.3,0.0,31.2,26.2,92.5,36.6,20.1,4.2,7.6,48.8,73.3,7.5,63.4,78.7,24.9,45.3,19.9,0.5,0.0,0.0,1.2,70.9,47.1,2395.7,24.00,40,39,39,77,116,708,1,75.2,66.2,70.8,55.1,52.3,65.2,58.0,54.4,49.4,51.6,52.1,52.1,59.8,53.9,42.0,41.0,43.0,1.244,1.015,1.100,17.971,7.822,17.984,44.000,6.069,43.132,2.660,2.427,5.962,3.460,2.426,0.610,1.075,22.398,7.939,37.014,42.061,1996.4,2395.7,5152.9,5152.9,5147.9,47.8,24.0,29.3,47.8,77.8,いいえ,いいえ,いいえ,0.745,0.395,1.9,37.0,77.1,40.0,77.0,1.256,12.144,3.440,3.328,5.040,1.064,1.080,3.440,3.328,1.808,1.024,1.120,1.040,1.792,1.096,0.792,1.824,0.248,2011,いいえ,55.6,39.2,1.110,1.110,1.800,1.800,0.990,5.040,0.250,いいえ,いいえ,いいえ,38.8,1.110,1.110,1.815,1.800,0.990,5.040,0.250,いいえ,いいえ,いいえ,37,37,いいえ,はい,15390,14039,128,128,34,100.0,いいえ,いいえ,3868,2528,9990,36,38,46,100.0,100.0,いいえ,いいえ,7032,7745,0.0,0.1,0.1,0.000,0.008,1392,2687,0.0,0.0,0.0,0.000,0.000,181182,133153,0.1,0.1,0.2,0.063,0.332,67805,78007,55.7,0.720,16.000,600.0,2400.0,1200.0,100.0,0.0,0.0,0.0,0.0,0.0,0.0,0.0,0.0,0,0,16.0,93,いいえ,いいえ,いいえ,41.8,46.0,50.9,84.0,0.940,12.310,12.323,12.249,12.344,12.325,0,0,34.062,12.928,14.531,7.345,15.544,18.208,3.673,19.221,12.250,12.649,220.000,220.000,2475.0,1312.7,2025.0,2474.8,2025.0,2477.3,1310.8,2025.1,3.0,1.0,5.0,0.0,9.5,0.1,0.2,0.0,0.0,0.0,0,0,はい,いいえ,いいえ,いいえ,いいえ,はい,いいえ,15.3,15.4,0,0,0,0,0,0,0,0,0,11,0,0,0,0,0,0,0,0,0,0,0,0,0,0,0,0,0,0,0,0,11114,1168,891,308,16.0,60.0,60.3,59.8,59.7,59.7,60.0,60.3,59.6,59.6,59.6,59.6,16.67,16.83,16.52,16.52,16.84,0.27,16.40,16.56,0.11,0.06,0,0,0.0,0.0,44351,39421,17.3,1378.1,0,59.7,16.84,0.0,
19.7.2026,1:16:32.932,14042,19868,41.4,10609,21254,33.2,2.5,2048,51,1.278,1.280,1.265,1.285,1.280,1.280,1.280,4427.8,4072.7,5016.0,5140.7,4112.6,4112.6,4112.6,99.8,620.5,854.4,111.1,3123.0,1567.4,220.4,710.6,361.7,242.9,84.7,72.4,36.6,60.7,620.5,12.2,17.5,2.3,61.8,28.9,4.4,14.3,7.7,4.8,1.7,1.1,0.5,0.9,61.8,12.2,15.8,20.7,2.7,82.3,38.8,5.3,18.7,9.4,6.0,2.1,1.7,0.9,1.5,15.8,44.4,40.8,50.2,51.5,41.2,41.2,41.2,0.0,24.8,20.5,89.6,20.0,13.1,3.4,2.2,47.5,64.5,10.4,80.0,80.5,37.6,12.2,27.7,15.0,0.0,0.0,6.4,59.0,85.6,2395.7,24.00,40,39,39,77,116,708,1,82.6,82.0,77.6,57.1,51.7,79.5,58.7,53.5,49.4,49.8,52.1,52.1,60.2,53.7,42.0,41.0,43.0,1.271,1.015,1.100,19.741,7.629,19.743,38.500,5.712,45.103,2.962,1.895,9.913,2.955,2.033,0.701,0.273,25.098,7.743,39.124,44.139,1996.4,2395.7,5074.0,5074.0,5078.7,50.2,26.3,25.7,50.2,96.4,いいえ,いいえ,いいえ,0.477,0.226,1.5,37.0,81.4,40.0,81.0,1.280,12.197,3.440,3.328,5.040,1.064,1.080,3.440,3.328,1.808,1.024,1.120,1.032,1.792,1.096,0.792,1.824,0.248,2017,いいえ,55.6,39.2,1.110,1.110,1.800,1.800,0.990,5.040,0.250,いいえ,いいえ,いいえ,38.8,1.110,1.110,1.800,1.815,0.990,5.040,0.250,いいえ,いいえ,いいえ,37,37,いいえ,はい,15390,14039,128,128,34,100.0,いいえ,いいえ,3868,2528,9990,36,38,46,100.0,100.0,いいえ,いいえ,7032,7745,0.0,0.0,0.0,0.000,0.002,1392,2687,0.0,0.0,0.0,0.000,0.000,181182,133153,0.0,0.2,0.2,0.000,0.082,67805,78007,55.9,0.720,24.000,600.0,2400.0,1200.0,100.0,0.0,0.0,0.0,0.0,0.0,0.0,0.0,0.0,0,0,16.0,93,いいえ,いいえ,いいえ,41.2,46.0,51.0,84.0,0.930,12.315,12.325,12.270,12.341,12.326,0,0,32.385,7.555,9.073,0.666,8.331,9.404,0.333,8.669,11.635,12.334,220.000,220.000,585.0,101.2,1995.0,2474.8,1995.0,584.9,101.0,1994.6,1.0,2.0,1.0,0.0,9.5,18.4,70.9,0.0,2.6,0.0,0,0,はい,いいえ,いいえ,いいえ,いいえ,はい,いいえ,8.1,8.2,0,0,0,0,0,0,0,0,0,12,0,0,0,0,0,0,0,0,0,0,0,0,0,0,0,0,0,0,0,0,11113,1169,891,309,5.0,60.0,60.3,59.8,59.7,59.7,60.0,60.3,59.6,59.6,59.6,59.6,16.67,16.83,16.52,16.52,16.84,0.27,16.40,16.56,0.11,0.06,0,0,0.0,0.0,44351,39422,10.1,333.4,0,59.7,16.84,0.0,
19.7.2026,1:16:34.937,14502,19409,42.7,10771,21092,33.8,2.5,2048,51,1.235,1.235,1.235,1.235,1.235,1.235,1.235,4055.5,4112.6,5140.7,4112.6,4112.6,3427.2,3427.2,99.8,581.4,1066.4,136.9,3296.2,217.2,284.6,1132.2,397.8,284.3,33.3,37.5,49.7,41.1,581.4,11.5,20.9,3.1,64.8,5.9,6.2,22.2,8.3,5.8,0.1,0.1,0.5,0.2,64.8,11.5,15.0,25.2,3.3,86.7,7.8,7.1,28.9,9.9,6.9,0.8,0.8,1.2,0.9,15.0,40.6,41.2,51.5,41.2,41.2,34.3,34.3,0.0,23.5,23.9,70.1,29.0,14.2,1.5,2.1,46.8,74.0,29.9,71.0,85.7,8.6,11.4,29.8,2.1,0.0,0.0,0.2,89.9,86.5,2395.7,24.00,40,39,39,77,116,708,1,79.5,70.6,61.0,54.5,51.5,67.1,57.9,53.0,48.3,49.4,51.7,51.7,59.2,53.6,42.0,41.0,43.0,1.247,1.015,1.100,16.919,7.362,16.926,32.000,5.400,40.610,2.642,2.137,7.559,3.631,2.112,0.175,0.236,21.152,7.473,34.564,39.638,1996.4,2395.7,5112.1,5112.1,5128.9,45.0,22.6,21.3,45.0,83.1,いいえ,いいえ,いいえ,1.229,0.824,1.4,37.0,81.5,40.0,81.0,1.256,12.197,3.440,3.328,5.040,1.064,1.080,3.440,3.328,1.808,1.024,1.120,1.040,1.792,1.104,0.792,1.824,0.248,2036,いいえ,55.6,39.0,1.110,1.110,1.800,1.800,0.990,5.040,0.250,いいえ,いいえ,いいえ,38.8,1.110,1.110,1.800,1.800,1.005,5.040,0.250,いいえ,いいえ,いいえ,37,37,いいえ,はい,15390,14039,128,128,34,100.0,いいえ,いいえ,3868,2528,9990,36,38,45,100.0,100.0,いいえ,いいえ,7032,7745,0.0,0.0,0.0,0.000,0.004,1392,2687,0.0,0.0,0.0,0.000,0.000,181182,133153,0.0,0.1,0.1,0.000,0.049,67805,78007,55.9,0.720,16.000,600.0,2400.0,1200.0,100.0,0.0,0.0,0.0,0.0,0.0,0.0,0.0,0.0,0,0,16.0,93,いいえ,いいえ,いいえ,40.6,44.0,50.4,84.0,0.865,12.319,12.327,12.279,12.343,12.328,0,0,14.734,5.209,3.918,0.419,7.908,4.123,0.210,8.123,8.216,8.754,220.000,220.000,270.0,50.6,1185.0,427.5,1290.0,270.0,50.5,1413.7,18.0,12.0,0.0,7.0,10.3,6.2,22.7,0.0,2.2,0.0,0,0,はい,いいえ,いいえ,いいえ,いいえ,はい,いいえ,5.5,5.6,0,0,0,0,0,0,0,0,0,13,0,0,0,0,0,0,0,0,0,0,0,0,0,0,0,0,0,0,0,0,11016,1266,990,311,2.5,60.0,60.3,59.8,59.7,59.7,60.0,60.3,59.6,59.6,59.6,59.6,16.67,16.83,16.52,16.52,16.84,0.27,16.40,16.56,0.11,0.06,0,0,0.0,0.0,44351,39422,9.9,211.5,0,59.7,16.84,0.0,
19.7.2026,1:16:36.946,15015,18896,44.2,10813,21050,33.9,2.5,2048,51,1.228,1.170,1.240,1.240,1.240,1.240,1.240,4079.3,4941.1,5140.7,3427.2,4112.6,3427.2,3427.2,99.8,584.7,1254.8,216.0,3817.2,231.1,355.3,431.8,178.6,241.7,35.9,51.9,123.2,78.4,584.7,11.3,23.5,4.4,74.5,3.3,6.8,8.9,3.7,4.9,0.7,1.0,2.7,1.6,74.5,11.3,14.7,28.7,5.4,100.6,5.1,8.8,10.9,4.3,5.8,0.8,1.2,3.1,1.8,14.7,40.9,49.5,51.5,34.3,41.2,34.3,34.3,0.0,23.1,27.8,77.2,17.7,9.7,1.9,4.4,50.6,72.2,22.8,82.3,90.3,9.9,25.8,26.3,0.0,0.0,0.0,0.0,88.2,69.8,2395.7,24.00,40,39,39,77,116,708,1,75.6,64.8,66.4,53.1,51.7,64.1,53.6,51.4,48.0,49.5,51.2,51.2,60.2,53.9,42.0,41.0,43.0,1.236,1.015,1.100,15.926,7.354,15.924,32.000,5.359,39.017,2.556,2.386,8.043,2.335,1.809,0.205,0.562,19.715,7.464,33.073,38.150,1996.4,2395.7,5131.5,5131.5,5150.0,43.4,21.2,21.3,43.4,76.2,いいえ,いいえ,いいえ,1.513,1.025,1.4,37.0,77.8,40.0,77.0,1.264,12.197,3.456,3.328,5.040,1.072,1.080,3.440,3.328,1.808,1.024,1.120,1.040,1.792,1.104,0.792,1.824,0.248,2020,いいえ,55.6,39.0,1.110,1.110,1.800,1.800,0.990,5.040,0.250,いいえ,いいえ,いいえ,38.8,1.110,1.110,1.800,1.800,0.990,5.040,0.500,いいえ,いいえ,いいえ,37,37,いいえ,はい,15390,14039,128,128,34,100.0,いいえ,いいえ,3868,2528,9990,36,38,46,100.0,100.0,いいえ,いいえ,7032,7745,0.0,0.1,0.1,0.000,0.010,1392,2687,0.0,0.0,0.0,0.000,0.000,181182,133153,0.0,0.1,0.1,0.000,0.130,67805,78007,55.9,0.720,22.000,600.0,2400.0,1200.0,100.0,0.0,0.0,0.0,0.0,0.0,0.0,0.0,0.0,0,0,16.0,93,いいえ,いいえ,いいえ,40.5,46.0,50.2,84.0,0.865,12.318,12.325,12.277,12.341,12.326,0,0,12.008,4.954,3.047,0.296,7.919,3.196,0.148,8.078,8.234,8.714,220.000,220.000,210.0,50.6,1185.0,227.5,1290.0,210.0,50.5,1413.8,19.0,12.0,2.0,7.0,14.2,3.0,10.2,0.0,2.0,0.0,0,0,はい,いいえ,いいえ,いいえ,いいえ,はい,いいえ,5.1,5.5,0,0,0,0,0,0,0,0,0,13,0,0,0,0,0,0,0,0,0,0,0,0,0,0,0,0,0,0,0,0,10539,1743,1467,311,2.5,60.0,60.3,59.8,59.7,59.7,60.0,60.3,59.6,59.6,59.6,59.6,16.67,16.83,16.52,16.52,16.84,0.27,16.40,16.56,0.11,0.06,0,0,0.0,0.0,44351,39423,10.4,298.4,0,59.7,16.84,0.0,
19.7.2026,1:16:38.954,15434,18477,45.5,10863,21000,34.0,2.5,2048,51,1.238,1.235,1.235,1.240,1.240,1.240,1.240,4169.7,3427.2,5140.7,4112.6,4112.6,4112.6,4112.6,99.8,597.4,1153.7,138.6,3624.4,325.4,515.6,582.6,302.8,305.0,26.3,40.0,68.4,86.5,597.4,11.4,22.1,2.6,70.2,4.7,11.0,11.2,5.8,5.4,0.3,0.5,1.2,1.5,70.2,11.4,15.0,27.0,3.3,95.5,7.5,12.8,14.4,7.4,7.1,0.6,0.9,1.6,2.1,15.0,41.8,34.3,51.5,41.2,41.2,41.2,41.2,0.0,23.9,26.1,75.2,24.4,13.2,1.5,3.3,49.1,73.9,24.8,75.6,86.8,7.3,26.0,27.0,0.0,0.0,0.0,0.0,91.3,70.7,2395.7,24.00,40,39,39,77,116,708,1,72.6,63.9,66.4,53.0,51.2,63.2,54.5,51.8,47.8,49.3,51.1,51.1,59.2,53.4,42.0,41.0,43.0,1.235,1.015,1.100,16.053,7.455,16.055,31.500,5.324,39.173,2.616,2.295,7.669,2.973,2.127,0.151,0.478,19.848,7.566,33.271,38.320,1996.4,2395.7,5138.3,5138.3,5149.1,43.5,21.4,21.0,43.5,75.2,いいえ,いいえ,いいえ,1.085,0.661,1.4,37.0,74.2,40.0,74.0,1.232,12.197,3.440,3.328,5.040,1.064,1.080,3.440,3.328,1.808,1.024,1.120,1.040,1.792,1.096,0.792,1.824,0.248,2039,いいえ,55.6,39.2,1.095,1.110,1.800,1.800,0.990,5.040,0.250,いいえ,いいえ,いいえ,38.8,1.110,1.110,1.800,1.800,0.990,5.040,0.500,いいえ,いいえ,いいえ,37,37,いいえ,はい,15390,14039,128,128,34,100.0,いいえ,いいえ,3868,2528,9990,36,38,46,100.0,100.0,いいえ,いいえ,7032,7745,0.0,0.1,0.1,0.000,0.008,1392,2687,0.0,0.0,0.0,0.000,0.000,181182,133153,0.0,0.0,0.0,0.000,0.024,67805,78007,55.7,0.720,23.000,600.0,2400.0,1200.0,100.0,0.0,0.0,0.0,0.0,0.0,0.0,0.0,0.0,0,0,16.0,93,いいえ,いいえ,いいえ,40.4,46.0,50.2,84.0,0.865,12.318,12.326,12.278,12.342,12.327,0,0,11.875,5.045,3.719,0.271,7.834,3.851,0.136,7.984,8.158,8.405,220.000,220.000,210.0,50.6,1185.0,210.0,1290.0,210.0,50.5,1412.9,26.0,12.0,5.0,5.0,17.7,3.3,10.2,0.0,3.0,0.0,0,0,はい,いいえ,いいえ,いいえ,いいえ,はい,いいえ,5.3,5.4,0,0,0,0,0,0,0,0,0,13,0,0,0,0,0,0,0,0,0,0,0,0,0,0,0,0,0,0,0,0,10113,2169,1896,311,2.5,60.0,60.3,59.8,59.7,59.7,60.0,60.3,59.6,59.6,59.6,59.6,16.67,16.83,16.52,16.52,16.84,0.27,16.40,16.56,0.11,0.06,0,0,0.0,0.0,44351,39423,9.8,207.9,0,59.7,16.84,0.0,
19.7.2026,1:16:40.953,15939,17972,47.0,11000,20863,34.5,2.5,2048,51,1.171,1.260,1.185,1.145,1.145,1.145,1.145,4250.7,4112.6,4941.1,4112.6,4112.6,4112.6,4112.6,99.8,705.9,1226.7,178.7,3985.2,430.5,669.9,447.5,532.9,424.9,118.5,116.9,180.8,158.0,705.9,13.8,23.8,3.6,77.2,6.5,13.9,8.4,10.7,8.0,2.4,3.0,4.5,3.9,77.2,13.8,17.9,28.6,4.4,104.9,10.5,16.9,11.0,13.4,10.3,3.0,2.9,4.6,3.9,17.9,42.6,41.2,49.5,41.2,41.2,41.2,41.2,0.0,27.3,27.8,83.1,22.9,19.2,4.1,6.7,48.8,72.2,16.9,77.1,80.8,13.0,32.7,23.9,0.0,0.0,0.0,0.0,82.8,60.6,2395.7,24.00,40,39,39,77,116,708,1,71.5,65.8,69.4,54.0,51.6,65.3,55.2,53.2,48.5,50.3,51.3,51.3,59.8,53.6,42.0,41.0,43.0,1.240,1.015,1.100,17.563,7.319,17.558,55.000,5.298,40.940,2.958,2.499,8.374,2.949,2.587,0.469,0.870,21.794,7.429,35.051,40.106,1996.4,2395.7,5144.0,5144.0,5146.7,45.6,23.4,36.7,45.6,77.4,いいえ,いいえ,いいえ,1.267,0.773,1.6,37.0,71.6,40.0,71.0,1.272,12.197,3.440,3.328,5.040,1.072,1.080,3.440,3.328,1.808,1.024,1.120,1.040,1.792,1.096,0.792,1.824,0.248,2017,いいえ,55.6,39.2,1.095,1.110,1.800,1.800,0.990,5.040,0.375,いいえ,いいえ,いいえ,38.8,1.095,1.110,1.800,1.800,0.990,5.040,0.250,いいえ,いいえ,いいえ,37,37,いいえ,はい,15390,14039,128,128,34,100.0,いいえ,いいえ,3868,2528,9990,36,38,45,100.0,100.0,いいえ,いいえ,7032,7745,0.0,0.0,0.0,0.000,0.002,1392,2687,0.0,0.0,0.0,0.000,0.000,181182,133153,0.0,0.1,0.1,0.048,0.042,67805,78007,55.7,0.720,30.000,600.0,2400.0,1200.0,100.0,0.0,0.0,0.0,0.0,0.0,0.0,0.0,0.0,0,0,16.0,93,いいえ,いいえ,いいえ,40.4,46.0,50.1,84.0,0.865,12.322,12.329,12.282,12.346,12.331,0,0,11.618,4.933,3.399,0.222,7.824,3.519,0.111,7.942,8.098,8.347,220.000,220.000,210.0,50.6,1185.0,210.0,1290.0,210.0,50.5,1413.1,14.0,10.0,2.0,4.0,20.7,3.2,10.1,0.0,2.7,0.0,0,0,はい,いいえ,いいえ,いいえ,いいえ,はい,いいえ,5.2,5.4,0,0,0,0,0,0,0,0,0,13,0,0,0,0,0,0,0,0,0,0,0,0,0,0,0,0,0,0,0,0,9735,2547,2273,311,2.5,11.6,25.2,7.5,7.5,7.5,12.3,32.7,7.6,7.5,7.5,7.5,86.25,132.83,39.66,38.81,133.78,2.40,28.87,85.93,0.32,104.20,0,0,0.0,0.0,44351,39423,10.6,193.5,0,7.5,133.78,0.0,
19.7.2026,1:16:42.953,16251,17660,47.9,11268,20595,35.3,2.5,2048,51,1.242,1.240,1.240,1.240,1.245,1.245,1.245,4283.9,4112.6,5140.7,4112.6,4112.6,4112.6,4112.6,99.8,1154.8,1914.7,705.3,3429.8,1300.2,1516.6,1290.5,1113.1,1094.2,262.6,342.5,476.4,411.8,1154.8,22.4,30.9,14.0,67.3,25.8,29.9,25.6,22.3,21.7,6.1,6.4,9.9,8.3,67.3,22.4,29.1,38.3,18.1,90.4,33.9,39.5,33.5,29.0,28.2,6.6,8.7,12.2,10.5,29.1,42.9,41.2,51.5,41.2,41.2,41.2,41.2,0.0,40.5,41.4,83.4,48.9,39.8,12.3,17.2,45.8,58.6,16.6,51.1,60.2,38.6,49.8,13.7,0.0,0.0,0.0,0.0,49.1,32.9,2395.7,24.00,40,39,39,77,116,708,1,77.0,74.4,64.9,60.0,55.8,71.9,65.1,60.5,51.4,55.2,52.9,52.9,60.0,54.0,42.0,41.0,43.0,1.256,1.015,1.100,24.000,7.388,24.000,59.500,5.350,49.832,4.360,3.664,9.094,5.608,4.243,1.453,2.099,30.137,7.499,43.520,48.667,1996.4,2395.7,5118.7,5118.7,5121.7,55.3,32.0,39.7,55.3,87.6,いいえ,いいえ,いいえ,2.414,1.171,2.4,37.0,75.6,40.0,75.0,1.272,12.197,3.440,3.312,5.040,1.064,1.080,3.440,3.328,1.808,1.024,1.120,1.040,1.792,1.104,0.792,1.824,0.248,2002,いいえ,55.6,39.2,1.095,1.110,1.800,1.800,0.990,5.040,0.250,いいえ,いいえ,いいえ,38.8,1.095,1.110,1.800,1.800,0.990,5.040,0.500,いいえ,いいえ,いいえ,37,37,いいえ,はい,15390,14039,128,128,34,100.0,いいえ,いいえ,3868,2528,9990,36,38,46,100.0,100.0,いいえ,いいえ,7032,7745,0.0,0.1,0.1,0.000,0.008,1392,2687,0.0,0.0,0.0,0.000,0.000,181182,133153,0.1,0.6,0.7,0.101,1.607,67805,78010,55.7,0.720,43.000,600.0,2400.0,1200.0,100.0,0.0,0.0,0.0,0.0,0.0,0.0,0.0,0.0,0,0,16.0,93,いいえ,いいえ,いいえ,40.4,44.0,50.2,84.0,0.865,12.316,12.323,12.275,12.340,12.325,0,0,11.404,5.163,3.773,0.419,7.868,3.986,0.210,8.086,8.451,8.508,220.000,220.000,210.0,50.6,1185.0,210.0,1290.0,210.0,50.5,1413.3,12.0,12.0,6.0,1.0,22.1,3.3,8.5,0.0,4.9,0.0,0,0,はい,いいえ,いいえ,いいえ,いいえ,はい,いいえ,5.4,6.2,0,0,0,0,0,0,0,0,0,13,0,0,0,0,0,0,0,0,0,0,0,0,0,0,0,0,0,0,0,0,9570,2712,2438,311,2.5,28.1,30.0,23.9,23.7,23.6,28.1,30.7,23.9,23.8,23.7,23.7,35.57,41.80,33.29,33.28,42.16,2.59,32.97,35.32,0.25,2.35,0,0,0.0,0.0,44351,39425,13.4,614.3,0,23.6,42.16,0.0,
19.7.2026,1:16:44.955,16647,17264,49.0,11651,20212,36.5,2.5,2048,51,1.245,1.245,1.245,1.245,1.245,1.245,1.245,3941.2,3427.2,4112.6,5140.7,4112.6,3427.2,3427.2,99.8,886.9,1381.5,400.4,3842.2,845.2,661.9,1356.6,540.4,795.8,143.2,183.6,207.1,284.6,886.9,17.0,23.3,8.2,75.3,16.4,12.6,27.1,10.5,16.2,2.2,3.7,3.5,5.2,75.3,17.0,22.4,28.3,10.2,101.3,22.0,17.1,35.3,13.8,20.3,3.6,4.6,5.2,7.2,22.4,39.5,34.3,41.2,51.5,41.2,34.3,34.3,0.0,32.6,30.7,85.9,37.5,25.0,6.6,9.8,48.4,69.3,14.1,62.5,75.0,26.7,42.7,19.0,0.0,0.0,0.0,0.0,66.7,47.5,2395.7,24.00,40,39,39,77,116,708,1,77.0,72.6,65.9,57.5,53.6,70.3,61.4,56.8,50.1,53.0,52.5,52.5,60.0,53.9,42.0,41.0,43.0,1.252,1.015,1.100,20.683,7.378,20.684,51.500,5.343,45.337,3.603,2.836,9.044,4.451,3.114,0.839,1.332,25.907,7.488,39.272,44.360,1996.4,2395.7,5136.7,5136.7,5135.8,50.4,27.6,34.3,50.4,85.4,いいえ,いいえ,いいえ,1.534,0.824,2.0,37.0,77.2,40.0,77.0,1.256,12.197,3.440,3.328,5.040,1.064,1.080,3.440,3.328,1.808,1.024,1.120,1.040,1.792,1.104,0.792,1.824,0.248,2036,いいえ,55.6,39.2,1.095,1.110,1.800,1.800,0.990,5.040,0.375,いいえ,いいえ,いいえ,38.8,1.095,1.110,1.800,1.800,0.990,5.040,0.500,いいえ,いいえ,いいえ,37,37,いいえ,はい,15390,14039,128,128,34,100.0,いいえ,いいえ,3868,2528,9990,36,38,46,100.0,100.0,いいえ,いいえ,7032,7745,0.0,0.0,0.0,0.000,0.002,1392,2687,0.0,0.0,0.0,0.000,0.000,181182,133153,0.7,1.1,1.9,0.122,2.373,67805,78015,56.0,0.720,26.000,600.0,2400.0,1200.0,100.0,0.0,0.0,0.0,0.0,0.0,0.0,0.0,0.0,0,0,16.0,93,いいえ,いいえ,いいえ,40.4,44.0,50.1,84.0,0.865,12.313,12.321,12.273,12.338,12.322,0,0,11.385,4.957,3.010,0.296,7.806,3.171,0.160,7.962,8.338,8.915,220.000,220.000,210.0,50.6,1185.0,210.0,1290.0,210.0,50.5,1413.4,9.0,10.0,6.0,0.0,22.3,3.2,5.6,0.0,7.4,0.0,0,0,はい,いいえ,いいえ,いいえ,いいえ,はい,いいえ,5.1,5.9,0,0,0,0,0,0,0,0,0,13,0,0,0,0,0,0,0,0,0,0,0,0,0,0,0,0,0,0,0,0,9547,2735,2461,311,2.5,29.0,30.1,25.7,25.6,25.6,28.9,31.7,25.8,25.7,25.7,25.7,34.54,38.98,33.15,33.15,39.24,2.23,32.37,34.32,0.22,1.74,0,0,0.0,0.0,44351,39426,14.3,625.0,0,25.6,39.24,0.0,
19.7.2026,1:16:46.959,17220,16691,50.7,12181,19682,38.2,2.5,2048,51,1.260,1.260,1.260,1.260,1.260,1.260,1.260,4169.7,4112.6,5140.7,4112.6,4112.6,3427.2,4112.6,99.8,675.0,1245.2,166.0,3732.5,1283.2,186.4,458.9,394.8,414.8,42.4,40.6,69.8,65.4,675.0,13.4,23.8,3.2,71.4,25.6,4.3,9.5,8.7,8.3,1.3,1.1,1.9,1.7,71.4,13.4,17.3,29.4,4.1,96.8,35.1,4.6,12.0,10.3,10.3,1.0,0.9,1.7,1.6,17.3,41.8,41.2,51.5,41.2,41.2,34.3,41.2,0.0,26.6,27.7,96.1,14.7,16.4,1.8,3.0,45.4,70.9,3.9,85.3,83.6,8.9,19.6,28.0,1.4,0.0,0.0,0.0,89.3,77.5,2395.7,24.00,40,39,39,77,116,708,1,75.8,71.9,69.8,55.4,53.1,71.6,55.6,53.5,48.5,50.0,52.0,52.0,60.0,53.8,42.0,41.0,43.0,1.256,1.015,1.100,18.035,7.326,18.034,34.500,5.348,41.978,2.844,2.697,9.286,2.225,2.285,0.189,0.382,22.683,7.436,36.001,41.044,1996.4,2395.7,5154.7,5154.7,5149.0,46.6,24.0,23.0,46.6,84.6,いいえ,いいえ,いいえ,0.929,0.494,1.6,37.0,76.2,40.0,76.0,1.280,12.197,3.456,3.328,5.040,1.064,1.080,3.440,3.328,1.808,1.024,1.120,1.040,1.792,1.096,0.792,1.824,0.248,2011,いいえ,55.6,39.2,1.095,1.110,1.800,1.800,1.005,5.040,0.250,いいえ,いいえ,いいえ,38.8,1.095,1.110,1.800,1.800,1.005,5.040,0.375,いいえ,いいえ,いいえ,37,37,いいえ,はい,15390,14039,128,128,34,100.0,いいえ,いいえ,3868,2528,9990,36,38,45,100.0,100.0,いいえ,いいえ,7032,7745,0.0,0.1,0.1,0.000,0.011,1392,2687,0.0,0.0,0.0,0.000,0.000,181182,133153,0.0,0.1,0.1,0.007,0.205,67805,78015,56.1,0.720,28.000,600.0,2400.0,1200.0,100.0,0.0,0.0,0.0,0.0,0.0,0.0,0.0,0.0,0,0,16.0,93,いいえ,いいえ,いいえ,40.3,44.0,50.1,84.0,0.865,12.317,12.324,12.276,12.341,12.326,0,0,11.158,5.034,3.330,0.394,7.857,3.517,0.197,8.058,8.089,8.832,220.000,220.000,210.0,50.6,1185.0,210.0,1290.0,210.0,50.5,1413.1,9.0,10.0,7.0,0.0,22.3,2.9,5.2,0.0,6.4,0.0,0,0,はい,いいえ,いいえ,いいえ,いいえ,はい,いいえ,5.0,5.5,0,0,0,0,0,0,0,0,0,13,0,0,0,0,0,0,0,0,0,0,0,0,0,0,0,0,0,0,0,0,9540,2742,2469,311,2.5,29.0,30.1,25.7,25.6,25.6,28.9,31.7,25.8,25.7,25.7,25.7,34.54,38.98,33.15,33.15,39.24,2.23,32.37,34.32,0.22,1.74,0,0,0.0,0.0,44351,39427,11.7,326.1,0,25.6,39.24,0.0,
19.7.2026,1:16:48.947,17904,16007,52.7,12044,19819,37.8,2.5,2048,51,1.269,1.265,1.270,1.270,1.270,1.270,1.270,4872.9,5016.0,5065.9,5040.9,5040.9,5040.9,4032.7,99.8,1792.8,2260.0,1379.7,3308.6,2186.0,1735.9,2484.6,1587.4,1785.0,1083.4,1138.1,1323.9,1241.5,1792.8,34.7,38.1,28.0,67.6,41.7,33.6,48.3,31.0,34.7,21.3,22.1,25.9,24.3,67.6,34.7,45.1,49.1,36.2,89.2,54.8,43.6,62.8,40.1,44.8,27.3,28.5,33.4,31.3,45.1,48.8,50.2,50.8,50.5,50.5,50.5,40.4,0.0,48.7,46.9,80.5,57.0,44.4,29.7,33.8,35.4,52.9,19.5,43.0,55.6,21.1,20.2,15.9,0.2,0.0,0.0,0.0,49.2,46.0,2395.7,24.00,40,39,39,77,116,708,1,81.5,72.4,81.5,62.0,58.0,69.6,65.9,63.1,55.8,59.7,53.0,53.0,60.8,54.3,42.0,41.0,43.0,1.218,1.015,1.100,26.281,7.494,26.241,59.500,5.339,51.551,4.862,4.221,7.737,5.752,4.984,2.987,3.490,31.965,7.606,45.444,50.643,1996.4,2395.7,5027.0,5027.0,5073.7,57.5,35.0,39.7,57.5,85.1,いいえ,いいえ,いいえ,3.723,2.519,2.9,37.0,77.6,40.0,77.0,1.264,12.197,3.456,3.328,5.040,1.064,1.080,3.440,3.328,1.808,1.024,1.120,1.040,1.792,1.104,0.792,1.824,0.248,2039,いいえ,55.6,39.2,1.095,1.110,1.800,1.800,1.005,5.040,0.500,いいえ,いいえ,いいえ,38.8,1.095,1.110,1.800,1.800,1.005,5.040,0.625,いいえ,いいえ,いいえ,37,37,いいえ,はい,15390,14039,128,128,34,100.0,いいえ,いいえ,3868,2528,9990,36,38,46,100.0,100.0,いいえ,いいえ,7032,7745,0.0,0.0,0.0,0.000,0.002,1392,2687,0.0,0.0,0.0,0.000,0.000,181182,133153,2.2,3.8,6.0,1.100,3.773,67807,78022,56.1,0.720,27.000,600.0,2400.0,1200.0,100.0,0.0,0.0,0.0,0.0,0.0,0.0,0.0,0.0,0,0,16.0,93,いいえ,いいえ,いいえ,40.3,44.0,50.1,84.0,0.865,12.317,12.327,12.277,12.340,12.325,0,0,11.490,4.777,2.823,0.222,7.784,2.937,0.111,7.910,8.086,8.340,220.000,220.000,255.0,50.6,1185.0,210.0,1290.0,255.0,50.5,1414.2,8.0,6.0,2.0,0.0,25.2,2.8,8.0,0.0,3.3,0.0,0,0,はい,いいえ,いいえ,いいえ,いいえ,はい,いいえ,4.9,5.2,0,0,0,0,0,0,0,0,0,13,0,0,0,0,0,0,0,0,0,0,0,0,0,0,0,0,0,0,0,0,9189,3093,2819,311,2.5,0.4,0.4,0.4,0.4,0.4,0.4,0.4,0.4,0.4,0.4,0.4,2317.00,2317.00,2317.00,2317.00,2317.00,26.46,455.15,2316.75,0.25,2294.79,0,0,0.0,0.0,44351,39427,10.5,388.2,0,0.4,2317.00,0.0,
19.7.2026,1:16:50.949,17956,15955,52.9,12096,19766,37.9,2.5,2048,51,1.198,1.265,1.185,1.195,1.200,1.185,1.155,4912.0,5040.9,4916.1,4916.1,4891.2,4841.3,4866.2,99.8,1418.3,1996.4,893.0,1496.1,2869.3,1459.2,2919.8,1200.6,1395.8,600.9,665.6,752.9,769.8,1418.3,27.4,31.9,18.0,29.1,56.8,28.3,57.4,23.8,27.9,11.9,13.5,15.0,15.3,57.4,27.4,35.4,39.6,22.9,38.7,75.1,37.7,76.4,30.3,35.5,14.5,16.3,18.5,18.8,35.4,49.2,50.5,49.2,49.2,49.0,48.5,48.8,0.0,47.9,44.1,74.2,74.2,44.3,22.6,27.8,52.0,55.9,25.8,25.8,55.7,76.8,72.0,0.1,0.0,0.0,0.0,0.0,0.5,0.2,2395.7,24.00,40,39,39,77,116,708,1,81.4,76.5,86.2,63.8,58.2,71.8,72.6,64.7,55.8,60.0,54.6,54.6,61.2,54.6,42.0,41.0,43.0,1.262,1.015,1.100,27.871,7.330,27.847,59.000,5.325,54.333,5.240,4.153,7.774,7.808,5.041,3.089,3.574,35.072,7.440,48.370,53.504,1996.4,2395.7,5118.2,5118.2,5117.3,60.8,37.1,39.3,60.8,90.0,いいえ,いいえ,いいえ,2.459,1.351,2.9,37.0,81.9,40.0,81.0,1.288,12.197,3.456,3.328,5.040,1.072,1.080,3.440,3.328,1.808,1.024,1.120,1.040,1.792,1.104,0.792,1.824,0.248,2023,いいえ,55.6,39.2,1.110,1.110,1.800,1.800,1.005,5.040,0.375,いいえ,いいえ,いいえ,39.0,1.095,1.110,1.800,1.800,1.005,5.040,0.625,いいえ,いいえ,いいえ,37,37,いいえ,はい,15390,14039,128,128,34,100.0,いいえ,いいえ,3868,2528,9990,36,38,46,100.0,100.0,いいえ,いいえ,7032,7745,0.0,1.8,1.8,0.000,0.003,1392,2687,0.0,0.0,0.0,0.000,0.000,181182,133153,0.5,1.5,2.0,0.263,4.388,67808,78031,56.2,0.720,40.000,600.0,2400.0,1200.0,100.0,0.0,0.0,0.0,0.0,0.0,0.0,0.0,0.0,0,0,16.0,93,いいえ,いいえ,いいえ,40.2,46.0,50.1,84.0,0.865,12.315,12.324,12.274,12.339,12.323,0,0,10.922,4.732,2.736,0.222,7.782,2.850,0.111,7.895,8.086,8.178,220.000,220.000,210.0,50.6,1185.0,248.4,1290.0,210.0,50.5,1413.1,3.0,6.0,2.0,0.0,28.2,1.0,1.8,0.0,2.3,0.0,0,0,はい,いいえ,いいえ,いいえ,いいえ,はい,いいえ,4.8,5.1,0,0,0,0,0,0,0,0,0,13,0,0,0,0,0,0,0,0,0,0,0,0,0,0,0,0,0,0,0,0,8821,3461,3187,312,2.5,0.4,0.4,0.4,0.4,0.4,0.4,0.4,0.4,0.4,0.4,0.4,2317.00,2317.00,2317.00,2317.00,2317.00,26.46,455.15,2316.75,0.25,2294.79,0,0,0.0,0.0,44351,39428,9.3,137.8,0,0.4,2317.00,0.0,
19.7.2026,1:16:52.973,18048,15863,53.2,12105,19758,37.9,2.5,2048,51,1.264,1.285,1.260,1.260,1.260,1.260,1.260,5140.7,5140.7,5140.7,5140.7,5140.7,5140.7,5140.7,99.8,2454.7,3285.6,2215.0,3132.9,2707.6,2805.0,2781.1,2344.0,2411.1,1868.4,1853.8,2022.1,2030.5,2454.7,49.4,56.8,44.0,63.1,54.6,55.8,55.5,48.5,50.4,39.7,39.4,42.7,42.6,63.1,49.4,63.4,73.8,57.4,82.5,71.3,74.1,73.4,61.5,63.8,49.0,48.6,53.0,53.1,63.4,51.5,51.5,51.5,51.5,51.5,51.5,51.5,0.0,66.4,68.1,80.0,75.7,67.3,51.1,56.4,30.3,29.7,20.0,24.3,27.1,44.6,36.2,3.3,2.2,0.0,0.0,5.6,4.4,7.3,2395.7,24.00,40,39,39,77,116,708,1,78.9,68.5,68.5,64.0,61.4,66.4,67.1,65.4,60.1,63.7,54.9,54.9,61.5,55.1,42.0,41.0,43.1,1.239,1.015,1.100,28.460,8.139,28.510,54.500,5.922,57.154,5.285,5.224,6.021,5.800,5.259,4.541,4.866,35.138,8.261,49.914,55.430,1996.4,2395.7,5078.1,5078.1,5114.2,63.0,38.0,36.3,63.0,80.6,いいえ,いいえ,いいえ,8.664,1.561,4.0,37.0,80.2,40.0,80.0,1.296,12.038,3.456,3.296,5.016,1.064,1.072,3.440,3.328,1.808,1.024,1.120,1.032,1.792,1.096,0.792,1.824,0.248,2020,いいえ,55.6,39.2,1.110,1.110,1.800,1.800,1.005,5.040,0.500,いいえ,いいえ,いいえ,39.0,1.110,1.110,1.800,1.800,1.005,5.040,1.000,いいえ,いいえ,いいえ,37,37,いいえ,はい,15390,14039,128,128,34,100.0,いいえ,いいえ,3868,2528,9990,36,38,46,100.0,100.0,いいえ,いいえ,7032,7745,0.0,0.1,0.1,0.000,0.006,1392,2687,0.0,0.0,0.0,0.000,0.000,181182,133153,0.1,1.1,1.2,0.114,5.387,67808,78041,56.6,0.720,29.000,600.0,2400.0,1200.0,100.0,0.0,0.0,0.0,0.0,0.0,0.0,0.0,0.0,0,0,16.0,93,いいえ,いいえ,いいえ,58.7,46.0,70.5,84.0,1.100,12.149,12.134,12.149,12.181,12.133,0,0,61.496,91.593,154.263,13.833,20.264,161.983,6.916,27.140,213.634,134.712,220.000,220.000,2790.0,1312.7,2145.0,210.0,2250.0,2771.5,1311.6,2237.3,69.0,18.0,4.0,3.0,28.2,9.7,35.3,0.0,3.5,0.0,0,0,はい,いいえ,いいえ,はい,いいえ,いいえ,いいえ,82.5,83.4,0,0,0,0,0,0,0,0,0,14,0,0,0,0,0,0,0,0,0,0,0,0,0,0,0,0,0,0,0,0,8818,3464,3191,266,16.0,119.8,126.9,110.6,110.4,110.5,119.8,128.5,110.0,109.5,109.7,109.5,8.35,8.98,7.89,7.87,8.99,5.83,2.52,8.15,0.19,0.24,0,0,0.0,0.0,44351,39430,16.1,1090.0,0,110.4,8.99,0.0,
19.7.2026,1:16:54.969,18010,15901,53.1,12099,19764,37.9,2.5,2048,51,1.272,1.265,1.285,1.285,1.265,1.265,1.265,4455.3,5140.7,4112.6,5140.7,4112.6,4112.6,4112.6,99.8,2452.0,3335.1,2108.7,3246.0,2658.0,3029.7,2900.5,2371.1,2336.7,1789.2,1718.5,1988.8,1941.9,2452.0,48.8,56.3,41.5,65.6,53.3,58.9,56.6,48.9,48.2,38.3,36.6,41.8,40.2,65.6,48.8,62.9,73.8,54.4,85.5,69.9,79.7,76.3,61.8,60.9,46.2,44.3,51.4,50.0,62.9,44.6,51.5,41.2,51.5,41.2,41.2,41.2,0.0,68.9,68.9,84.0,82.4,69.4,51.2,57.7,31.1,31.1,16.0,17.6,30.6,48.8,42.3,0.0,0.0,0.0,0.0,0.0,0.0,0.0,2395.7,24.00,40,39,39,77,116,708,1,75.9,67.2,66.9,63.2,60.8,65.5,66.6,64.5,59.0,62.6,55.0,55.0,62.0,55.1,42.0,41.0,43.3,1.260,1.015,1.100,27.682,8.248,27.679,49.000,6.161,56.849,5.236,5.240,5.849,5.890,5.205,4.409,4.825,34.882,8.371,50.031,55.571,1996.4,2395.7,5136.5,5136.5,5149.3,63.1,36.9,32.7,63.1,79.1,いいえ,いいえ,いいえ,10.346,1.414,4.1,37.0,77.5,40.0,77.0,1.264,12.091,3.456,3.296,4.992,1.064,1.072,3.440,3.328,1.808,1.024,1.120,1.032,1.792,1.096,0.792,1.824,0.248,2014,いいえ,55.6,39.2,1.110,1.110,1.815,1.800,1.005,5.040,0.625,いいえ,いいえ,いいえ,39.0,1.110,1.110,1.815,1.800,1.005,5.040,0.875,いいえ,いいえ,いいえ,37,37,いいえ,はい,15390,14039,128,128,34,100.0,いいえ,いいえ,3868,2528,9990,36,38,45,100.0,100.0,いいえ,いいえ,7032,7745,0.0,0.1,0.1,0.000,0.012,1392,2687,0.0,0.0,0.0,0.000,0.000,181182,133153,0.0,0.1,0.1,0.000,0.300,67808,78041,56.8,0.720,30.000,600.0,2400.0,1200.0,100.0,0.0,0.0,0.0,0.0,0.0,0.0,0.0,0.0,0,0,16.0,93,いいえ,いいえ,いいえ,65.6,48.0,80.6,84.0,1.095,12.135,12.120,12.137,12.167,12.118,1117,1055,185.356,92.223,164.309,14.229,22.174,172.121,7.113,29.251,190.208,138.381,220.000,220.000,2775.0,1312.7,2145.0,2732.9,2235.0,2755.6,1311.1,2219.4,75.0,19.0,4.0,3.0,28.2,21.4,80.8,0.0,4.7,0.0,0,0,はい,いいえ,いいえ,はい,いいえ,いいえ,いいえ,88.0,87.4,0,0,0,0,0,0,0,0,0,14,0,0,0,0,0,0,0,0,0,0,0,0,0,0,0,0,0,0,0,0,8818,3464,3191,266,16.0,120.8,126.3,109.7,109.4,109.5,120.8,128.8,109.2,108.1,108.5,108.0,8.28,9.05,7.92,7.92,9.07,6.23,2.05,8.10,0.17,0.25,0,0,0.0,0.0,44351,39432,18.2,1222.7,0,109.4,9.10,0.0,
19.7.2026,1:16:56.961,18008,15902,53.1,12099,19764,37.9,2.5,2048,51,1.244,1.265,1.240,1.240,1.240,1.240,1.240,5140.7,5140.7,5140.7,5140.7,5140.7,5140.7,5140.7,99.8,2532.0,3316.3,2085.4,3443.7,2632.0,3496.4,2584.7,2568.6,2548.7,1871.2,1802.9,2117.6,1916.5,2532.0,50.0,56.7,40.6,69.5,51.4,68.1,48.9,51.9,51.6,39.6,37.9,44.3,39.1,69.5,50.0,65.0,74.3,53.7,90.6,69.1,92.0,67.7,67.5,66.9,48.2,46.4,54.7,49.2,65.0,51.5,51.5,51.5,51.5,51.5,51.5,51.5,0.0,70.2,68.6,84.6,83.8,73.3,53.0,58.0,29.8,31.4,15.4,16.2,26.7,47.0,42.0,0.0,0.0,0.0,0.0,0.0,0.0,0.0,2395.7,24.00,40,39,39,77,116,708,1,74.0,68.4,71.8,64.1,61.2,66.4,67.7,66.0,59.8,63.4,55.3,55.3,62.2,55.6,42.0,41.0,43.4,1.266,1.015,1.100,28.375,8.271,28.375,47.500,6.193,57.921,5.457,5.288,6.084,6.156,5.620,4.623,4.973,35.920,8.394,51.126,56.682,1996.4,2395.7,5144.5,5144.5,5149.0,64.4,37.8,31.7,64.4,80.4,いいえ,いいえ,いいえ,10.673,1.457,4.2,37.0,74.9,40.0,74.0,1.264,12.091,3.440,3.296,5.016,1.072,1.072,3.440,3.328,1.808,1.024,1.120,1.032,1.792,1.096,0.792,1.824,0.248,2014,いいえ,55.6,39.2,1.110,1.110,1.815,1.800,1.005,5.040,0.875,いいえ,いいえ,いいえ,39.0,1.110,1.110,1.815,1.815,1.005,5.040,0.875,いいえ,いいえ,いいえ,37,37,いいえ,はい,15390,14039,128,128,34,100.0,いいえ,いいえ,3868,2528,9990,36,38,45,100.0,100.0,いいえ,いいえ,7032,7745,0.0,0.1,0.1,0.000,0.010,1392,2687,0.0,0.0,0.0,0.000,0.000,181182,133153,0.0,0.1,0.1,0.000,0.154,67808,78042,57.0,0.720,51.000,600.0,2400.0,1200.0,100.0,0.0,0.0,0.0,0.0,0.0,0.0,0.0,0.0,0,0,16.0,93,いいえ,いいえ,いいえ,65.8,50.0,80.3,84.0,1.100,12.121,12.103,12.131,12.151,12.101,847,904,195.592,96.579,176.421,15.105,21.642,184.571,7.539,29.161,185.962,152.234,220.000,220.000,2775.0,1312.7,2130.0,2722.5,2235.0,2770.2,1311.5,2228.8,79.0,21.0,4.0,3.0,28.2,22.3,84.7,0.0,4.5,0.0,0,0,はい,はい,いいえ,はい,いいえ,いいえ,いいえ,93.4,93.8,0,0,0,0,0,0,0,0,0,14,0,0,0,0,0,0,0,0,0,0,0,0,0,0,0,0,0,0,0,0,8818,3464,3191,266,16.0,128.2,140.0,117.1,111.0,113.4,128.2,140.0,114.9,112.8,113.6,112.6,7.80,8.53,7.17,7.13,8.85,6.23,1.57,7.63,0.17,0.27,0,0,0.0,0.0,44351,39434,18.5,1230.9,0,110.3,9.14,0.0,
19.7.2026,1:16:58.982,17955,15956,52.9,12046,19817,37.8,2.5,2048,51,1.279,1.290,1.290,1.285,1.270,1.270,1.270,4798.0,4112.6,5140.7,4112.6,5140.7,5140.7,5140.7,99.8,2505.7,3233.1,2073.9,3567.6,2532.3,2977.9,3040.9,2487.0,2545.0,1783.8,1783.1,2077.0,1967.0,2505.7,50.3,55.1,41.6,72.1,49.8,58.1,59.1,51.2,52.0,38.8,39.0,44.7,41.7,72.1,50.3,64.3,71.3,53.6,94.0,65.9,78.5,80.0,65.5,66.6,46.0,46.0,53.9,50.8,64.3,48.1,41.2,51.5,41.2,51.5,51.5,51.5,0.0,70.0,67.2,85.6,83.3,72.8,51.7,59.5,30.0,32.8,14.4,16.7,27.2,48.3,40.5,0.0,0.0,0.0,0.0,0.0,0.0,0.0,2395.7,24.00,40,39,39,77,116,708,1,72.9,68.9,72.2,64.6,61.5,67.0,68.2,66.6,60.3,64.0,55.7,55.7,62.0,56.0,42.0,41.0,43.7,1.268,1.015,1.100,28.671,8.306,28.660,52.500,6.159,58.395,5.437,5.202,6.137,6.140,5.601,4.590,4.952,36.347,8.430,51.552,57.103,1996.4,2395.7,5147.9,5147.9,5148.8,64.9,38.2,35.0,64.9,81.0,いいえ,いいえ,いいえ,10.796,1.492,4.2,37.0,73.6,40.0,73.0,1.296,12.091,3.456,3.296,5.016,1.064,1.072,3.440,3.328,1.808,1.024,1.120,1.032,1.792,1.096,0.784,1.824,0.248,2017,いいえ,55.6,39.5,1.110,1.110,1.815,1.800,0.990,5.040,1.875,いいえ,いいえ,いいえ,39.2,1.110,1.110,1.815,1.800,1.005,5.040,0.625,いいえ,いいえ,いいえ,37,37,いいえ,はい,15390,14039,128,128,34,100.0,いいえ,いいえ,3868,2528,9990,36,38,45,100.0,100.0,いいえ,いいえ,7032,7745,0.0,0.1,0.1,0.000,0.004,1392,2687,0.0,0.0,0.0,0.000,0.000,181182,133153,0.0,0.1,0.1,0.002,0.038,67808,78042,57.2,0.720,55.000,600.0,2400.0,1200.0,100.0,0.0,0.0,0.0,0.0,0.0,0.0,0.0,0.0,0,0,16.0,93,いいえ,いいえ,いいえ,67.8,50.0,82.7,84.0,1.100,12.124,12.106,12.132,12.153,12.105,823,879,201.383,98.521,172.384,15.471,21.887,180.683,7.735,29.595,209.621,150.790,220.000,220.000,2775.0,1312.7,2130.0,2712.9,2235.0,2735.8,1311.0,2204.7,82.0,23.0,5.0,3.0,28.2,22.4,85.2,0.0,4.6,0.0,0,0,はい,はい,いいえ,はい,いいえ,いいえ,いいえ,91.8,90.5,0,0,0,0,0,0,0,0,0,14,0,0,0,0,0,0,0,0,0,0,0,0,0,0,0,0,0,0,0,0,8818,3464,3191,266,16.0,118.4,130.2,104.4,104.0,104.2,118.3,130.0,107.4,107.3,107.3,107.2,8.45,9.53,7.71,7.69,9.58,7.53,0.92,8.28,0.17,0.29,0,0,0.0,0.0,44351,39437,19.5,1109.1,0,104.0,9.62,0.0,
19.7.2026,1:17:0.980,17954,15957,52.9,12043,19820,37.7,2.5,2048,51,1.253,1.275,1.235,1.235,1.235,1.270,1.270,5140.7,5140.7,5140.7,5140.7,5140.7,5140.7,5140.7,99.8,2439.0,3251.5,2016.1,3501.8,2525.9,2768.1,3046.5,2403.8,2493.4,1820.5,1721.1,1910.1,1808.7,2439.0,48.3,54.8,39.6,70.0,48.6,53.3,59.1,49.0,50.8,39.0,36.6,40.5,38.2,70.0,48.3,62.5,71.7,52.1,92.2,65.5,72.7,80.2,63.0,65.1,47.0,44.3,49.3,46.6,62.5,51.5,51.5,51.5,51.5,51.5,51.5,51.5,0.0,69.0,67.5,85.4,81.7,72.4,52.1,55.0,31.0,32.5,14.6,18.3,27.6,47.9,45.0,0.0,0.0,0.0,0.0,0.0,0.0,0.0,2395.7,24.00,40,39,39,77,116,708,1,72.2,68.8,68.9,64.5,61.7,67.1,68.1,66.4,60.3,63.5,55.8,55.8,62.2,55.8,42.0,41.0,43.8,1.266,1.015,1.100,28.245,8.155,28.255,46.000,6.162,57.688,5.412,5.251,6.197,6.119,5.599,4.553,4.756,35.776,8.277,50.831,56.388,1996.4,2395.7,5145.7,5145.7,5148.5,64.1,37.7,30.7,64.1,81.0,いいえ,いいえ,いいえ,10.541,1.415,4.1,38.0,72.9,40.0,72.0,1.272,12.091,3.456,3.296,5.016,1.064,1.072,3.440,3.328,1.808,1.024,1.120,1.032,1.792,1.096,0.792,1.824,0.248,2020,いいえ,55.6,39.5,1.110,1.110,1.815,1.800,0.990,4.970,0.750,いいえ,いいえ,いいえ,39.2,1.110,1.110,1.815,1.800,0.990,4.970,1.000,いいえ,いいえ,いいえ,37,37,いいえ,はい,15390,14039,128,128,34,100.0,いいえ,いいえ,3868,2528,9990,36,38,46,100.0,100.0,いいえ,いいえ,7032,7745,0.0,0.0,0.0,0.000,0.002,1392,2687,0.0,0.0,0.0,0.000,0.000,181182,133153,0.0,0.0,0.0,0.000,0.026,67808,78042,57.5,0.720,54.000,600.0,2400.0,1200.0,100.0,0.0,0.0,0.0,0.0,0.0,0.0,0.0,0.0,0,0,16.0,93,いいえ,いいえ,いいえ,71.6,52.0,90.0,84.0,1.085,12.126,12.104,12.146,12.153,12.102,930,975,213.482,98.039,184.934,14.258,21.000,192.569,7.116,28.094,186.465,149.876,220.000,220.000,2685.0,1312.7,2115.0,2693.0,2160.0,2684.4,1311.9,2161.0,89.0,19.0,5.0,3.0,28.2,23.9,89.8,0.0,5.7,0.0,30,30,はい,はい,いいえ,いいえ,いいえ,いいえ,いいえ,96.8,102.6,0,0,0,0,0,0,0,0,0,14,0,0,0,0,0,0,0,0,0,0,0,0,0,0,0,0,0,0,0,0,8818,3464,3191,266,16.0,112.6,127.0,101.3,94.4,97.3,112.5,124.7,102.3,94.0,97.5,93.1,8.88,9.87,7.88,7.80,10.23,8.28,0.61,8.70,0.18,0.40,0,0,0.0,0.0,44351,39439,19.7,1030.7,0,93.6,10.59,0.0,
19.7.2026,1:17:2.992,17965,15946,52.9,12039,19824,37.7,2.5,2048,51,1.245,1.190,1.275,1.240,1.235,1.265,1.265,4455.3,4112.6,4112.6,5140.7,4112.6,4112.6,5140.7,99.8,2438.0,3153.9,2051.3,3418.1,2543.5,2709.6,3052.5,2442.2,2490.6,1738.8,1759.1,2032.5,1864.0,2438.0,48.4,51.8,40.8,68.2,49.6,51.6,59.6,49.8,51.1,37.6,38.0,43.3,39.4,68.2,48.4,62.3,67.7,52.9,90.0,66.4,70.1,80.4,63.9,65.4,44.8,45.4,52.6,48.0,62.3,44.6,41.2,41.2,51.5,41.2,41.2,51.5,0.0,69.2,65.5,84.4,81.6,73.7,51.9,58.2,30.8,34.5,15.6,18.4,26.3,48.1,41.8,0.0,0.0,0.0,0.0,0.0,0.0,0.0,2395.7,24.00,40,39,39,77,116,708,1,72.0,69.1,72.8,64.9,61.8,67.4,68.4,66.9,60.6,64.3,56.1,56.1,62.5,56.1,42.0,41.0,43.9,1.267,1.015,1.100,28.632,8.203,28.627,49.000,6.190,58.212,5.488,5.277,6.224,6.173,5.683,4.593,4.977,36.282,8.326,51.416,56.953,1996.4,2395.7,5144.4,5144.4,5149.1,64.7,38.2,32.7,64.7,81.4,いいえ,いいえ,いいえ,10.475,1.411,4.2,38.0,72.4,40.0,72.0,1.264,12.038,3.440,3.296,5.016,1.064,1.072,3.440,3.328,1.808,1.024,1.120,1.032,1.792,1.096,0.784,1.824,0.248,2023,いいえ,55.6,39.5,1.110,1.110,1.815,1.800,0.990,4.970,0.875,いいえ,いいえ,いいえ,39.2,1.095,1.110,1.815,1.800,0.990,4.970,0.875,いいえ,いいえ,いいえ,37,37,いいえ,はい,15390,14039,128,128,34,100.0,いいえ,いいえ,3868,2528,9990,36,38,46,100.0,100.0,いいえ,いいえ,7032,7745,0.0,0.1,0.1,0.000,0.008,1392,2687,0.0,0.0,0.0,0.000,0.000,181182,133153,0.0,0.2,0.2,0.000,0.087,67808,78042,57.7,0.720,28.000,600.0,2400.0,1200.0,100.0,0.0,0.0,0.0,0.0,0.0,0.0,0.0,0.0,0,0,16.0,93,いいえ,いいえ,いいえ,73.1,52.0,91.8,84.0,1.050,12.115,12.093,12.135,12.140,12.092,1222,1256,217.848,81.876,190.859,13.859,20.897,198.220,6.929,27.809,29.596,166.839,220.000,220.000,2700.0,1312.7,2115.0,2662.7,2175.0,2698.7,1311.0,2174.6,90.0,17.0,5.0,3.0,28.2,25.3,95.5,0.0,5.6,0.0,43,43,はい,はい,いいえ,いいえ,いいえ,いいえ,いいえ,99.4,100.4,0,0,0,0,0,0,0,0,0,14,0,0,0,0,0,0,0,0,0,0,0,0,0,0,0,0,0,0,0,0,8818,3464,3191,266,16.0,108.6,125.0,94.9,92.8,93.7,108.6,124.0,95.3,92.9,93.9,92.6,9.20,10.55,8.02,7.91,10.68,8.09,1.11,9.03,0.18,0.49,0,0,0.0,0.0,44351,39441,20.6,1246.4,0,92.6,10.80,0.0,
19.7.2026,1:17:5.000,17964,15947,52.9,12041,19822,37.7,2.5,2048,51,1.268,1.270,1.265,1.265,1.265,1.265,1.275,4969.4,5140.7,5140.7,5140.7,5140.7,4112.6,5140.7,99.8,2437.6,3156.7,2106.7,3513.7,2678.6,3117.9,2586.3,2375.9,2393.0,1706.3,1804.9,1867.1,1943.5,2437.6,49.2,54.0,42.9,69.5,52.5,62.6,51.3,50.0,50.3,37.3,38.8,39.7,41.0,69.5,49.2,62.4,69.5,54.5,92.5,70.1,82.1,67.7,62.1,62.9,43.8,46.1,48.1,49.9,62.4,49.8,51.5,51.5,51.5,51.5,41.2,51.5,0.0,67.1,66.4,85.4,78.9,69.0,49.3,53.5,32.9,33.6,14.6,21.1,31.0,50.7,46.5,0.0,0.0,0.0,0.0,0.0,0.0,0.0,2395.7,24.00,40,39,39,77,116,708,1,73.6,71.1,72.2,66.0,62.6,69.5,69.8,67.9,61.3,64.9,56.5,56.5,63.0,56.5,42.1,41.0,44.0,1.264,1.015,1.100,29.342,8.232,29.349,51.000,6.196,59.053,5.617,5.373,6.582,6.172,5.715,4.803,5.057,37.075,8.355,52.246,57.746,1996.4,2395.7,5134.8,5134.8,5143.1,65.6,39.1,34.0,65.6,83.7,いいえ,いいえ,いいえ,9.435,1.362,4.0,38.0,73.0,40.0,73.0,1.304,12.091,3.456,3.312,5.016,1.064,1.072,3.440,3.328,1.808,1.024,1.120,1.032,1.792,1.096,0.784,1.824,0.248,2027,いいえ,55.6,39.8,1.110,1.110,1.815,1.800,0.990,4.970,0.875,いいえ,いいえ,いいえ,39.2,1.110,1.110,1.815,1.800,0.990,4.970,1.000,いいえ,いいえ,いいえ,37,37,いいえ,はい,15390,14039,128,128,34,100.0,いいえ,いいえ,3868,2528,9990,36,38,46,100.0,100.0,いいえ,いいえ,7032,7745,0.0,0.0,0.0,0.000,0.002,1392,2687,0.0,0.0,0.0,0.000,0.000,181182,133153,0.0,0.1,0.1,0.000,0.026,67808,78042,57.9,0.720,56.000,600.0,2400.0,1200.0,100.0,0.0,0.0,0.0,0.0,0.0,0.0,0.0,0.0,0,0,16.0,93,いいえ,いいえ,いいえ,65.7,54.0,76.7,84.0,1.100,12.164,12.151,12.158,12.197,12.151,1481,1500,187.644,62.257,136.487,14.557,21.520,144.440,7.278,28.763,26.080,118.933,220.000,220.000,2775.0,1312.7,2130.0,2698.3,2235.0,2758.8,1311.5,2220.7,66.0,20.0,6.0,3.0,28.2,22.6,84.5,0.0,5.9,0.0,43,43,はい,いいえ,いいえ,はい,いいえ,いいえ,いいえ,75.8,78.7,0,0,0,0,0,0,0,0,0,14,0,0,0,0,0,0,0,0,0,0,0,0,0,0,0,0,0,0,0,0,8817,3465,3192,266,16.0,82.3,87.4,76.6,75.9,75.8,82.3,86.6,76.9,75.8,75.6,75.6,12.16,13.05,11.44,11.41,13.21,8.10,4.06,11.97,0.19,0.42,0,0,0.0,0.0,44351,39445,22.5,1769.8,0,75.8,13.21,0.0,
19.7.2026,1:17:6.994,17961,15950,52.9,12043,19820,37.7,2.5,2048,51,1.269,1.270,1.265,1.265,1.265,1.265,1.285,5140.7,5140.7,5140.7,5140.7,5140.7,5140.7,5140.7,99.8,2458.2,3303.1,2046.9,3441.0,2875.6,2848.6,2782.9,2310.3,2400.1,1795.7,1820.3,1868.2,2005.5,2458.2,49.6,58.5,41.4,67.5,56.1,57.0,55.8,48.4,50.3,39.2,39.2,39.7,42.2,67.5,49.6,63.2,75.5,52.9,90.7,75.7,75.0,73.2,60.0,62.8,46.3,46.8,48.1,51.7,63.2,51.5,51.5,51.5,51.5,51.5,51.5,51.5,0.0,67.7,69.1,86.1,78.0,68.0,50.7,54.2,32.3,30.9,13.9,22.0,32.0,49.3,45.8,0.0,0.0,0.0,0.0,0.0,0.0,0.0,2395.7,24.00,40,39,39,77,116,708,1,74.9,72.3,74.8,66.9,64.2,70.6,70.5,68.3,62.0,65.5,56.9,56.9,63.8,56.5,42.2,41.0,44.0,1.267,1.015,1.100,29.749,8.228,29.748,56.000,6.164,59.608,5.777,5.850,6.758,6.244,5.733,4.937,5.142,37.690,8.351,52.821,58.306,1996.4,2395.7,5133.9,5133.9,5140.4,66.3,39.7,37.3,66.3,85.0,いいえ,いいえ,いいえ,9.351,1.401,4.1,38.0,74.0,40.0,74.0,1.272,12.144,3.440,3.296,5.016,1.064,1.072,3.440,3.328,1.808,1.024,1.120,1.032,1.792,1.096,0.784,1.824,0.248,2027,いいえ,55.6,39.8,1.110,1.110,1.800,1.800,0.990,4.970,0.750,いいえ,いいえ,いいえ,39.5,1.110,1.110,1.815,1.800,0.990,4.970,0.750,いいえ,いいえ,いいえ,37,37,いいえ,はい,15390,14039,128,128,34,100.0,いいえ,いいえ,3868,2528,9990,36,38,46,100.0,100.0,いいえ,いいえ,7032,7745,0.0,0.1,0.1,0.000,0.012,1392,2687,0.0,0.0,0.0,0.000,0.000,181182,133153,0.0,0.1,0.1,0.032,0.081,67808,78042,58.1,0.720,33.000,600.0,2400.0,1200.0,100.0,0.0,0.0,0.0,0.0,0.0,0.0,0.0,0.0,0,0,16.0,93,いいえ,いいえ,いいえ,65.8,54.0,77.7,84.0,1.100,12.164,12.149,12.158,12.197,12.150,1622,1630,165.684,59.931,137.707,14.555,21.544,145.656,7.278,28.786,26.444,97.481,220.000,220.000,2775.0,1312.7,2130.0,2743.3,2235.0,2740.4,1312.1,2210.6,67.0,20.0,7.0,3.0,28.2,20.6,75.8,0.0,6.5,0.0,43,43,はい,いいえ,いいえ,はい,いいえ,いいえ,いいえ,75.7,77.6,0,0,0,0,0,0,0,0,0,14,0,0,0,0,0,0,0,0,0,0,0,0,0,0,0,0,0,0,0,0,8817,3465,3192,266,16.0,81.3,86.7,74.9,74.7,74.7,81.3,86.2,75.2,75.0,75.0,75.0,12.29,13.35,11.52,11.37,13.40,8.08,4.21,12.10,0.20,0.46,0,0,0.0,0.0,44351,39448,25.9,1719.0,0,74.7,13.40,0.0,
19.7.2026,1:17:8.999,17994,15917,53.0,12037,19826,37.7,2.5,2048,51,1.272,1.280,1.245,1.270,1.270,1.285,1.285,5128.3,5140.7,5140.7,5140.7,5115.8,5115.8,5115.8,99.8,2606.9,3340.8,2354.4,3565.4,3005.4,2986.9,2949.0,2456.2,2484.8,1925.0,2029.5,2022.2,2163.3,2606.9,52.8,58.6,48.1,70.6,59.0,60.0,59.1,52.0,52.0,41.9,43.6,42.9,45.7,70.6,52.8,67.2,75.5,61.5,94.0,79.1,78.6,77.7,64.6,64.6,49.9,52.4,52.4,56.2,67.2,51.4,51.5,51.5,51.5,51.2,51.2,51.2,0.0,69.0,69.9,87.6,79.7,68.6,52.6,55.4,31.0,30.1,12.4,20.3,31.4,47.4,44.6,0.0,0.0,0.0,0.0,0.0,0.0,0.0,2395.7,24.00,40,39,39,77,116,708,1,75.6,73.0,74.2,68.0,64.8,71.5,71.8,69.6,63.3,66.9,57.4,57.4,63.5,56.9,42.3,41.0,44.0,1.260,1.015,1.100,30.659,8.247,30.657,56.500,6.182,60.670,5.827,5.633,6.799,6.414,5.845,5.053,5.220,38.684,8.371,53.855,59.321,1996.4,2395.7,5115.7,5115.7,5125.5,67.4,40.9,37.7,67.4,85.9,いいえ,いいえ,いいえ,9.045,1.333,4.1,38.0,75.4,40.0,75.0,1.280,12.091,3.456,3.296,5.016,1.072,1.072,3.440,3.328,1.808,1.024,1.120,1.032,1.792,1.104,0.784,1.824,0.248,2036,いいえ,55.6,40.0,1.110,1.110,1.800,1.800,0.990,4.970,1.125,いいえ,いいえ,いいえ,39.5,1.110,1.110,1.800,1.815,0.990,4.970,1.125,いいえ,いいえ,いいえ,37,37,いいえ,はい,15390,14039,128,128,34,100.0,いいえ,いいえ,3868,2528,9990,36,38,46,100.0,100.0,いいえ,いいえ,7032,7745,0.0,0.0,0.0,0.000,0.002,1392,2687,0.0,0.0,0.0,0.000,0.000,181182,133153,0.0,0.3,0.3,0.000,0.769,67808,78044,58.3,0.720,31.000,600.0,2400.0,1200.0,100.0,0.0,0.0,0.0,0.0,0.0,0.0,0.0,0.0,0,0,16.0,93,いいえ,いいえ,いいえ,66.7,54.0,78.7,84.0,1.100,12.158,12.144,12.153,12.192,12.146,1683,1688,167.491,63.599,139.211,14.281,21.377,147.066,7.129,28.471,25.576,125.679,220.000,220.000,2775.0,1312.7,2130.0,2743.8,2235.0,2760.2,1311.9,2220.5,67.0,19.0,7.0,3.0,28.2,20.8,76.3,0.0,6.8,0.0,43,43,はい,いいえ,いいえ,はい,いいえ,いいえ,いいえ,76.2,85.8,0,0,0,0,0,0,0,0,0,14,0,0,0,0,0,0,0,0,0,0,0,0,0,0,0,0,0,0,0,0,8817,3465,3192,266,16.0,74.5,78.3,68.9,67.6,67.5,74.6,78.0,68.7,67.8,67.8,67.8,13.41,14.53,12.78,12.74,14.84,8.90,4.51,13.21,0.20,0.42,0,0,0.0,0.0,44352,39452,157.2,2000.7,0,67.5,14.84,0.0,
19.7.2026,1:17:11.011,18007,15904,53.0,12033,19830,37.7,2.5,2048,51,1.240,1.260,1.280,1.225,1.225,1.225,1.225,4966.0,5065.9,4966.0,4941.1,4941.1,4941.1,4941.1,99.8,2506.3,3139.2,2282.8,3444.9,2894.3,2551.2,3310.2,2272.8,2507.6,1789.3,1900.2,1917.4,2065.3,2506.3,51.0,53.7,46.9,68.7,57.2,51.0,67.0,48.1,53.4,39.4,41.2,41.3,43.7,68.7,51.0,64.4,68.5,59.3,90.7,76.1,67.1,87.2,59.7,66.1,46.4,49.0,49.7,53.3,64.4,49.8,50.8,49.8,49.5,49.5,49.5,49.5,0.0,66.9,66.1,85.7,78.9,66.4,50.0,54.1,33.1,33.9,14.3,21.1,33.6,50.0,45.9,0.0,0.0,0.0,0.0,0.0,0.0,0.0,2395.7,24.00,40,39,39,77,116,708,1,76.0,73.1,71.2,67.8,64.3,71.3,72.0,69.5,63.0,66.7,57.6,57.6,64.2,57.5,42.4,41.0,44.0,1.259,1.015,1.100,30.193,8.276,30.172,56.500,6.215,60.064,5.694,5.436,6.651,6.381,5.704,4.845,5.146,38.050,8.400,53.287,58.706,1996.4,2395.7,5114.8,5114.8,5125.8,66.7,40.2,37.7,66.7,86.0,いいえ,いいえ,いいえ,8.588,1.255,4.0,38.0,76.4,40.0,76.0,1.264,12.091,3.456,3.312,5.016,1.064,1.072,3.440,3.328,1.808,1.024,1.120,1.032,1.792,1.096,0.784,1.824,0.248,2042,いいえ,55.6,40.2,1.110,1.110,1.800,1.800,0.990,4.970,0.875,いいえ,いいえ,いいえ,39.5,1.110,1.110,1.800,1.800,0.990,4.970,0.750,いいえ,いいえ,いいえ,37,37,いいえ,はい,15390,14039,128,128,34,100.0,いいえ,いいえ,3868,2528,9990,36,38,46,100.0,100.0,いいえ,いいえ,7032,7745,0.0,0.4,0.4,0.000,0.010,1392,2687,0.0,0.0,0.0,0.000,0.000,181182,133153,0.0,0.1,0.1,0.000,0.053,67808,78044,58.6,0.720,36.000,600.0,2400.0,1200.0,100.0,0.0,0.0,0.0,0.0,0.0,0.0,0.0,0.0,0,0,16.0,93,いいえ,いいえ,いいえ,67.1,56.0,78.9,84.0,1.100,12.166,12.152,12.160,12.199,12.153,1709,1712,168.847,63.195,138.211,14.193,21.316,146.053,7.098,28.366,25.310,125.017,220.000,220.000,2775.0,1312.7,2130.0,2728.8,2235.0,2701.9,1311.6,2214.0,65.0,19.0,6.0,3.0,28.2,21.1,77.4,0.0,7.1,0.0,43,43,はい,いいえ,いいえ,はい,いいえ,いいえ,いいえ,75.7,78.2,0,0,0,0,0,0,0,0,0,14,0,0,0,0,0,0,0,0,0,0,0,0,0,0,0,0,0,0,0,0,8817,3465,3192,266,16.0,48.3,76.7,37.7,37.6,37.6,48.3,76.9,37.6,37.5,37.5,37.5,20.68,26.53,13.08,12.98,26.55,11.65,9.05,20.47,0.22,0.82,0,0,0.0,0.0,44352,39455,20.9,1555.7,0,37.6,26.55,0.0,
19.7.2026,1:17:13.024,17993,15918,53.0,12035,19828,37.7,2.5,2048,51,1.285,1.255,1.285,1.285,1.295,1.295,1.295,4907.0,4112.6,5140.7,5140.7,5016.0,5016.0,5016.0,99.8,2330.6,2979.0,2004.6,3155.3,2739.9,2317.4,3203.5,2022.3,2462.3,1642.5,1676.0,1808.7,1955.7,2330.6,46.9,51.3,40.6,62.7,54.1,45.4,65.0,41.7,51.8,35.6,35.7,38.6,40.8,65.0,46.9,59.7,65.7,51.9,83.1,72.1,60.1,84.3,52.4,64.8,42.3,42.9,46.8,50.4,59.7,49.2,41.2,51.5,51.5,50.2,50.2,50.2,0.0,64.5,63.1,82.1,77.3,64.1,47.0,53.6,35.5,36.9,17.9,22.7,35.9,53.0,46.4,0.0,0.0,0.0,0.0,0.0,0.0,0.0,2395.7,24.00,40,39,39,77,116,708,1,75.5,72.0,69.9,67.0,63.7,70.3,70.9,68.8,62.2,66.4,57.6,57.6,63.8,57.1,42.5,41.0,44.0,1.257,1.015,1.100,28.960,8.241,28.961,56.000,6.187,58.325,5.462,5.204,6.349,6.112,5.512,4.574,5.020,36.453,8.365,51.623,57.046,1996.4,2395.7,5116.2,5116.2,5130.9,64.8,38.6,37.3,64.8,84.7,いいえ,いいえ,いいえ,8.064,1.156,3.9,38.0,75.9,40.0,75.0,1.272,12.091,3.456,3.296,5.016,1.064,1.072,3.440,3.328,1.808,1.024,1.120,1.032,1.792,1.096,0.776,1.824,0.248,2061,いいえ,55.6,40.2,1.110,1.110,1.800,1.800,0.990,5.040,2.000,いいえ,いいえ,いいえ,39.5,1.110,1.110,1.800,1.800,0.990,4.970,1.750,いいえ,いいえ,いいえ,37,37,いいえ,はい,15390,14039,128,128,34,100.0,いいえ,いいえ,3868,2528,9990,36,38,46,100.0,100.0,いいえ,いいえ,7032,7745,0.0,0.1,0.1,0.000,0.010,1392,2687,0.0,0.0,0.0,0.000,0.000,181182,133153,0.0,0.0,0.0,0.000,0.008,67808,78044,59.0,0.720,49.000,600.0,2400.0,1200.0,100.0,0.0,0.0,0.0,0.0,0.0,0.0,0.0,0.0,0,0,16.0,93,いいえ,いいえ,いいえ,62.1,56.0,71.1,84.0,1.095,12.191,12.182,12.174,12.227,12.182,1720,1724,137.210,68.104,110.821,13.497,20.890,118.285,6.761,27.592,151.246,95.740,220.000,220.000,2775.0,1312.7,2145.0,2743.2,2235.0,2752.6,1311.7,2185.2,50.0,16.0,4.0,2.0,28.2,15.3,57.1,0.0,4.0,0.0,43,43,はい,いいえ,いいえ,はい,いいえ,いいえ,いいえ,62.9,65.8,0,0,0,0,0,0,0,0,0,14,0,0,0,0,0,0,0,0,0,0,0,0,0,0,0,0,0,0,0,0,8817,3465,3192,266,16.0,40.1,41.5,38.3,38.3,38.3,40.1,41.5,38.2,38.2,38.2,38.2,24.96,26.09,24.12,24.12,26.09,13.40,11.56,24.74,0.23,0.58,0,0,0.0,0.0,44352,39457,16.9,926.3,0,38.3,26.09,0.0,
19.7.2026,1:17:15.023,17993,15918,53.0,12035,19828,37.7,2.5,2048,51,1.282,1.275,1.290,1.290,1.280,1.280,1.280,4626.7,4112.6,5140.7,5140.7,4112.6,5140.7,4112.6,99.8,2339.6,3093.9,1971.4,3420.6,2490.0,2685.0,2785.0,2106.5,2444.4,1675.4,1687.9,1886.5,1828.5,2339.6,47.2,54.3,39.8,68.2,48.8,53.7,56.0,43.4,51.3,36.5,36.2,40.2,38.0,68.2,47.2,60.1,69.7,50.9,90.1,65.4,70.4,73.3,54.6,64.3,43.2,43.2,48.7,46.8,60.0,46.3,41.2,51.5,51.5,41.2,51.5,41.2,0.0,64.9,65.2,81.9,76.6,64.8,48.0,52.7,35.1,34.8,18.1,23.4,35.2,52.0,47.3,0.0,0.0,0.0,0.0,0.0,0.0,0.0,2395.7,24.00,40,39,39,77,116,708,1,75.5,72.3,69.9,67.4,64.0,70.6,71.2,69.2,62.5,66.6,57.9,57.9,63.8,57.8,42.6,41.1,44.0,1.258,1.015,1.100,28.976,8.228,28.996,54.000,6.162,58.380,5.519,5.219,6.407,6.111,5.630,4.679,5.066,36.496,8.351,51.625,57.075,1996.4,2395.7,5116.9,5116.9,5130.6,64.9,38.7,36.0,64.9,85.1,いいえ,いいえ,いいえ,8.165,1.166,3.9,38.0,75.6,40.0,75.0,1.272,12.091,3.456,3.312,5.016,1.072,1.064,3.440,3.328,1.808,1.024,1.120,1.032,1.792,1.096,0.776,1.824,0.248,2039,いいえ,55.6,40.2,1.095,1.110,1.800,1.800,0.990,5.040,0.875,いいえ,いいえ,いいえ,39.8,1.110,1.110,1.800,1.800,0.990,5.040,0.875,いいえ,いいえ,いいえ,37,37,いいえ,はい,15390,14039,128,128,34,100.0,いいえ,いいえ,3868,2528,9990,36,38,46,100.0,100.0,いいえ,いいえ,7032,7745,0.0,0.0,0.0,0.000,0.002,1392,2687,0.0,0.0,0.0,0.000,0.000,181182,133153,0.0,0.1,0.1,0.000,0.055,67808,78044,59.1,0.720,34.000,600.0,2400.0,1200.0,100.0,0.0,0.0,0.0,0.0,0.0,0.0,0.0,0.0,0,0,16.0,93,いいえ,いいえ,いいえ,63.0,56.0,72.2,84.0,1.095,12.184,12.174,12.169,12.220,12.174,1723,1724,140.981,64.754,114.337,13.440,20.870,121.784,6.720,27.541,123.282,90.059,220.000,220.000,2775.0,1312.7,2145.0,2748.3,2235.0,2683.3,1311.8,2180.2,55.0,17.0,4.0,2.0,28.2,15.8,59.2,0.0,3.9,0.0,43,43,はい,いいえ,いいえ,はい,いいえ,いいえ,いいえ,64.5,56.8,0,0,0,0,0,0,0,0,0,14,0,0,0,0,0,0,0,0,0,0,0,0,0,0,0,0,0,0,0,0,8817,3465,3192,266,16.0,41.1,42.6,38.6,38.5,38.5,41.1,42.6,38.6,38.5,38.5,38.5,24.33,25.99,23.47,23.35,26.13,13.27,11.06,24.09,0.24,0.55,0,0,0.0,0.0,44352,39459,17.2,993.1,0,38.5,26.13,0.0,
19.7.2026,1:17:17.010,17994,15917,53.0,12036,19827,37.7,2.5,2048,51,1.256,1.240,1.250,1.235,1.270,1.270,1.270,4764.7,5140.7,4941.1,5140.7,4112.6,5140.7,4112.6,99.8,2329.9,3002.3,1915.5,3467.2,2500.7,3026.0,2539.1,2054.1,2329.2,1761.5,1628.4,1993.9,1740.7,2329.9,47.0,53.9,38.9,69.1,48.4,60.8,50.2,42.6,49.2,37.9,34.7,42.2,36.3,69.1,47.0,59.8,69.0,49.3,91.4,65.0,79.5,66.3,53.1,61.3,45.2,41.7,51.6,44.6,59.8,47.7,51.5,49.5,51.5,41.2,51.5,41.2,0.0,64.8,63.6,82.2,78.3,63.2,48.4,53.0,35.2,36.4,17.8,21.7,36.8,51.6,47.0,0.0,0.0,0.0,0.0,0.0,0.0,0.0,2395.7,24.00,40,39,39,77,116,708,1,75.9,72.9,73.8,67.7,64.1,71.0,71.7,69.2,62.8,67.3,58.1,58.1,64.5,58.2,42.7,41.4,44.0,1.258,1.015,1.100,28.748,8.349,28.749,56.000,6.181,58.157,5.531,5.194,6.450,6.228,5.482,4.695,5.139,36.205,8.473,51.477,56.901,1996.4,2395.7,5114.2,5114.2,5128.1,64.7,38.3,37.3,64.7,85.7,いいえ,いいえ,いいえ,8.143,1.162,3.9,38.0,75.0,40.0,75.0,1.272,12.144,3.456,3.312,5.016,1.072,1.064,3.440,3.328,1.808,1.024,1.120,1.032,1.792,1.104,0.776,1.824,0.248,2045,いいえ,55.6,40.5,1.095,1.110,1.800,1.800,0.990,5.040,0.500,いいえ,いいえ,いいえ,39.8,1.095,1.110,1.800,1.800,0.990,5.040,0.375,いいえ,いいえ,いいえ,37,37,いいえ,はい,15390,14039,128,128,34,100.0,いいえ,いいえ,3868,2528,9990,36,38,46,100.0,100.0,いいえ,いいえ,7032,7745,0.0,0.0,0.0,0.000,0.004,1392,2687,0.0,0.0,0.0,0.000,0.000,181182,133153,0.0,0.1,0.1,0.000,0.053,67808,78044,59.3,0.720,33.000,600.0,2400.0,1200.0,100.0,0.0,0.0,0.0,0.0,0.0,0.0,0.0,0.0,0,0,16.0,93,いいえ,いいえ,いいえ,62.6,56.0,71.7,84.0,1.095,12.184,12.174,12.170,12.218,12.174,1721,1721,143.564,72.698,117.306,13.659,20.920,124.859,6.830,27.699,196.681,73.629,220.000,220.000,2775.0,1312.7,2145.0,2749.1,2235.0,2710.3,1311.4,2175.9,55.0,17.0,4.0,2.0,28.2,16.8,63.3,0.0,3.9,0.0,43,43,はい,いいえ,いいえ,はい,いいえ,いいえ,いいえ,65.9,67.9,0,0,0,0,0,0,0,0,0,14,0,0,0,0,0,0,0,0,0,0,0,0,0,0,0,0,0,0,0,0,8817,3465,3192,266,16.0,39.9,41.5,37.1,36.6,36.5,39.9,41.5,37.2,36.6,36.6,36.6,25.07,26.85,24.10,24.08,27.34,13.81,11.25,24.84,0.23,0.54,0,0,0.0,0.0,44352,39460,17.3,924.8,0,36.5,27.34,0.0,
19.7.2026,1:17:19.010,18039,15871,53.1,12042,19821,37.7,2.5,2048,51,1.268,1.285,1.240,1.265,1.265,1.265,1.290,4626.7,4112.6,5140.7,5140.7,4112.6,4112.6,5140.7,99.8,2597.0,3367.7,2124.9,3518.6,2769.9,3289.2,2822.1,2702.5,2667.5,1899.5,1830.8,2180.9,1990.7,2597.0,51.5,58.3,42.0,69.7,54.0,65.3,55.0,54.9,54.3,40.1,38.9,45.2,40.9,69.7,51.5,66.7,75.6,54.6,92.7,72.6,86.7,74.0,70.9,70.1,48.8,47.1,56.4,51.1,66.7,46.3,41.2,51.5,51.5,41.2,41.2,51.5,0.0,71.3,70.0,85.5,83.9,75.4,53.4,59.5,28.7,30.0,14.5,16.1,24.6,46.6,40.5,0.0,0.0,0.0,0.0,0.0,0.0,0.0,2395.7,24.00,40,39,39,77,116,708,1,79.4,76.7,74.2,70.5,66.2,73.8,75.6,73.3,64.6,69.7,59.1,59.1,65.0,58.1,42.7,41.6,44.0,1.264,1.015,1.100,31.699,8.420,31.693,58.500,6.206,62.300,6.402,5.884,7.242,7.482,6.698,5.274,5.835,40.083,8.546,55.455,60.898,1996.4,2395.7,5088.9,5088.9,5101.3,69.2,42.3,39.0,69.2,90.3,いいえ,いいえ,いいえ,8.539,1.250,4.3,38.0,79.4,40.0,79.0,1.280,12.091,3.456,3.312,5.016,1.072,1.064,3.440,3.328,1.808,1.024,1.120,1.032,1.792,1.104,0.776,1.824,0.248,2051,いいえ,56.5,40.8,1.095,1.110,1.815,1.800,0.990,5.040,1.375,いいえ,いいえ,いいえ,39.8,1.095,1.110,1.815,1.800,0.990,5.040,0.625,いいえ,いいえ,いいえ,37,37,いいえ,はい,15390,14039,128,128,34,100.0,いいえ,いいえ,3868,2528,9990,36,38,46,100.0,100.0,いいえ,いいえ,7032,7745,0.0,0.1,0.1,0.000,0.008,1392,2687,0.0,0.0,0.0,0.000,0.000,181182,133153,0.0,0.1,0.1,0.000,0.176,67808,78044,59.5,0.720,54.000,600.0,2400.0,1200.0,100.0,0.0,0.0,0.0,0.0,0.0,0.0,0.0,0.0,0,0,16.0,93,いいえ,いいえ,いいえ,62.5,58.0,71.9,84.0,1.095,12.194,12.187,12.174,12.229,12.188,1718,1719,136.691,51.619,106.324,13.259,20.708,113.656,6.630,27.279,23.913,101.185,220.000,220.000,2775.0,1312.7,2145.0,2747.1,2235.0,2733.7,1311.3,2212.3,46.0,16.0,3.0,2.0,28.2,15.1,56.7,0.0,3.8,0.0,43,43,はい,いいえ,いいえ,はい,いいえ,いいえ,いいえ,60.7,48.3,0,0,0,0,0,0,0,0,0,14,0,0,0,0,0,0,0,0,0,0,0,0,0,0,0,0,0,0,0,0,8817,3465,3192,266,16.0,38.0,41.3,35.0,35.0,35.0,38.0,41.3,35.0,34.9,34.9,34.9,26.28,28.55,24.23,24.21,28.57,13.34,12.98,26.06,0.22,0.89,0,0,0.0,0.0,44352,39462,25.3,921.9,0,35.0,28.57,0.0,
19.7.2026,1:17:21.031,18026,15885,53.1,12048,19815,37.8,2.5,2048,51,1.259,1.265,1.270,1.255,1.255,1.255,1.255,4551.8,4916.1,5040.9,5016.0,4112.6,4112.6,4112.6,99.8,2485.0,3223.5,2076.2,3547.6,2595.3,3267.2,2578.8,2372.0,2418.4,1884.2,1776.9,2105.9,1974.1,2485.0,50.0,57.2,41.6,71.1,50.8,65.5,50.6,49.2,50.3,40.4,38.4,43.9,40.7,71.1,50.0,63.9,73.8,53.7,93.4,67.5,86.1,67.2,61.7,63.4,48.5,45.9,54.5,50.7,63.9,45.6,49.2,50.5,50.2,41.2,41.2,41.2,0.0,67.6,67.3,83.1,80.1,67.4,51.4,56.1,32.4,32.7,16.9,19.9,32.6,48.6,43.9,0.0,0.0,0.0,0.0,0.0,0.0,0.0,2395.7,24.00,40,39,39,77,116,708,1,79.4,75.1,82.0,69.8,66.2,73.1,73.9,71.6,64.8,69.1,59.3,59.3,65.0,58.2,42.8,41.8,44.0,1.262,1.015,1.100,30.414,8.420,30.409,57.000,6.197,60.493,5.946,5.663,6.825,6.661,5.987,5.032,5.505,38.411,8.545,53.773,59.208,1996.4,2395.7,5101.0,5101.0,5114.6,67.3,40.5,38.0,67.3,88.3,いいえ,いいえ,いいえ,8.466,1.259,4.1,38.0,78.8,40.0,78.0,1.272,12.091,3.440,3.312,5.016,1.064,1.064,3.440,3.328,1.808,1.024,1.120,1.032,1.792,1.096,0.776,1.824,0.248,2057,いいえ,56.5,40.8,1.095,1.110,1.815,1.800,0.990,5.040,1.000,いいえ,いいえ,いいえ,39.8,1.095,1.110,1.815,1.800,0.990,5.040,0.750,いいえ,いいえ,いいえ,37,37,いいえ,はい,15390,14039,128,128,34,100.0,いいえ,いいえ,3868,2528,9990,36,38,46,100.0,100.0,いいえ,いいえ,7032,7745,0.0,2.7,2.7,0.000,0.004,1392,2687,0.0,0.0,0.0,0.000,0.000,181182,133153,0.0,0.2,0.2,0.000,0.574,67808,78046,59.9,0.720,29.000,600.0,2400.0,1200.0,100.0,0.0,0.0,0.0,0.0,0.0,0.0,0.0,0.0,0,0,16.0,93,いいえ,いいえ,いいえ,63.5,58.0,72.7,84.0,1.095,12.175,12.165,12.160,12.210,12.165,1715,1716,144.797,68.768,120.507,14.671,21.742,128.501,7.324,29.025,134.079,94.297,220.000,220.000,2775.0,1312.7,2145.0,2750.7,2235.0,2771.3,1311.3,2233.7,58.0,19.0,5.0,3.0,28.2,16.2,60.8,0.0,4.1,0.0,43,43,はい,いいえ,いいえ,はい,いいえ,いいえ,いいえ,68.0,61.3,0,0,0,0,0,0,0,0,0,14,0,0,0,0,0,0,0,0,0,0,0,0,0,0,0,0,0,0,0,0,8817,3465,3192,266,16.0,63.1,68.1,54.7,54.4,54.4,63.1,68.0,54.6,54.3,54.2,54.2,15.85,18.27,14.68,14.67,18.36,9.28,6.57,15.64,0.21,0.58,0,0,0.0,0.0,44352,39464,41.2,1100.9,0,54.4,18.36,0.0,
19.7.2026,1:17:23.028,18045,15866,53.2,12054,19809,37.8,2.5,2048,51,1.272,1.225,1.265,1.280,1.280,1.290,1.290,5020.1,4941.1,5140.7,5140.7,4966.0,4966.0,4966.0,99.8,2769.9,3457.7,2437.2,3611.3,2997.6,3160.4,3337.3,2666.3,2803.1,2113.2,2132.9,2287.7,2234.3,2769.9,55.5,60.2,49.0,72.2,59.3,62.6,66.3,54.9,57.8,44.3,44.9,47.4,46.8,72.2,55.5,71.5,78.0,63.7,95.1,78.9,83.0,87.9,70.1,73.6,54.7,55.3,59.3,58.1,71.5,50.3,49.5,51.5,51.5,49.8,49.8,49.8,0.0,73.2,72.0,87.5,85.0,75.3,57.4,62.0,26.8,28.0,12.5,15.0,24.7,42.6,38.0,0.0,0.0,0.0,0.0,0.0,0.0,0.0,2395.7,24.00,40,39,39,77,116,708,1,81.2,78.7,73.8,72.5,68.1,76.1,77.6,74.8,67.0,71.5,60.2,60.2,64.8,58.7,42.9,41.9,44.0,1.257,1.015,1.100,33.138,8.334,33.149,59.000,6.200,63.878,6.486,6.052,7.431,7.447,6.609,5.544,5.833,41.660,8.458,56.938,62.418,1996.4,2395.7,5060.7,5060.7,5073.5,70.9,44.2,39.3,70.9,92.6,いいえ,いいえ,いいえ,8.939,1.377,4.4,38.0,82.9,40.0,82.0,1.288,12.091,3.456,3.296,5.016,1.064,1.064,3.440,3.328,1.808,1.024,1.120,1.032,1.792,1.104,0.768,1.824,0.248,2057,いいえ,56.5,40.8,1.095,1.110,1.815,1.800,0.990,5.040,1.000,いいえ,いいえ,いいえ,40.0,1.095,1.110,1.815,1.800,1.005,5.040,0.875,いいえ,いいえ,いいえ,37,37,いいえ,はい,15390,14039,128,128,34,100.0,いいえ,いいえ,3868,2528,9990,36,38,47,100.0,100.0,いいえ,いいえ,7032,7745,0.0,2.0,2.0,0.000,0.002,1392,2687,0.0,0.0,0.0,0.000,0.000,181182,133153,0.0,0.3,0.3,0.000,0.397,67808,78046,60.1,0.720,25.000,600.0,2400.0,1200.0,100.0,0.0,0.0,0.0,0.0,0.0,0.0,0.0,0.0,0,0,16.0,93,いいえ,いいえ,いいえ,65.3,56.0,76.0,84.0,1.095,12.188,12.179,12.169,12.222,12.180,1710,1710,142.581,64.463,112.003,14.031,21.223,119.689,7.016,28.189,117.612,95.942,220.000,220.000,2775.0,1312.7,2145.0,2756.4,2235.0,2683.7,1312.0,2197.1,57.0,19.0,6.0,3.0,28.2,19.5,72.6,0.0,5.6,0.0,43,43,はい,いいえ,いいえ,はい,いいえ,いいえ,いいえ,63.7,76.5,0,0,0,0,0,0,0,0,0,14,0,0,0,0,0,0,0,0,0,0,0,0,0,0,0,0,0,0,0,0,8817,3465,3192,266,16.0,64.9,69.5,55.7,53.1,52.8,64.8,69.6,55.6,53.3,53.0,53.0,15.42,17.98,14.40,14.30,18.99,9.71,5.71,15.21,0.21,0.61,0,0,0.0,0.0,44352,39467,30.4,1309.4,0,52.8,18.99,0.0,
19.7.2026,1:17:25.042,18028,15883,53.1,12053,19810,37.8,2.5,2048,51,1.276,1.290,1.265,1.285,1.285,1.265,1.265,4594.2,5016.0,5090.8,5140.7,4092.6,4112.6,4112.6,99.8,2885.6,3684.1,2684.0,3746.5,3214.2,3152.0,3641.3,2758.0,3079.7,2036.0,2095.2,2232.1,2304.3,2885.6,58.1,62.9,54.4,74.6,63.7,62.4,72.8,56.9,64.3,43.7,45.4,47.2,49.2,74.6,58.1,74.4,81.3,70.3,98.7,84.5,83.2,95.9,72.5,81.2,52.5,54.2,57.9,60.2,74.4,46.0,50.2,51.0,51.5,41.0,41.2,41.2,0.0,75.9,76.3,90.1,87.8,80.2,57.2,63.7,24.1,23.7,9.9,12.2,19.8,42.8,36.3,0.0,0.0,0.0,0.0,0.0,0.0,0.0,2395.7,24.00,40,39,39,77,116,708,1,82.2,78.9,74.2,72.4,68.2,76.0,77.5,74.9,66.2,71.3,60.2,60.2,66.0,59.1,42.9,42.0,44.0,1.257,1.015,1.100,32.946,8.358,32.927,60.500,6.185,63.613,6.403,6.063,7.394,7.384,6.621,5.271,5.686,41.439,8.483,56.726,62.243,1996.4,2395.7,5059.1,5059.1,5069.9,70.7,43.9,40.3,70.7,92.8,いいえ,いいえ,いいえ,9.992,1.724,4.6,39.0,81.0,40.0,81.0,1.272,12.144,3.456,3.312,5.016,1.072,1.064,3.440,3.328,1.808,1.024,1.120,1.032,1.792,1.096,0.768,1.824,0.248,2057,いいえ,56.5,41.0,1.095,1.110,1.815,1.800,0.990,5.040,0.625,いいえ,いいえ,いいえ,40.0,1.095,1.110,1.815,1.800,0.990,4.970,0.750,いいえ,いいえ,いいえ,37,37,いいえ,はい,15390,14039,128,128,34,100.0,いいえ,いいえ,3868,2528,9990,36,38,47,100.0,100.0,いいえ,いいえ,7032,7745,0.0,0.1,0.1,0.000,0.012,1392,2687,0.0,0.0,0.0,0.000,0.000,181182,133153,0.0,0.1,0.1,0.000,0.058,67808,78046,60.5,0.720,46.000,600.0,2400.0,1200.0,100.0,0.0,0.0,0.0,0.0,0.0,0.0,0.0,0.0,0,0,16.0,93,いいえ,いいえ,いいえ,62.7,58.0,70.8,84.0,1.100,12.188,12.180,12.171,12.221,12.181,1710,1708,150.939,52.018,113.809,13.642,20.971,121.331,6.821,27.745,24.514,87.315,220.000,220.000,2775.0,1312.7,2130.0,2751.0,2235.0,2773.9,1311.4,2228.7,53.0,17.0,5.0,3.0,28.2,18.1,66.7,0.0,5.7,0.0,43,43,はい,いいえ,いいえ,はい,いいえ,いいえ,いいえ,64.3,62.0,0,0,0,0,0,0,0,0,0,14,0,0,0,0,0,0,0,0,0,0,0,0,0,0,0,0,0,0,0,0,8817,3465,3192,266,16.0,49.7,57.3,45.2,44.9,44.9,49.6,57.3,45.2,45.0,45.0,45.0,20.14,22.12,17.45,17.25,22.29,10.11,10.03,19.90,0.23,0.77,0,0,0.0,0.0,44352,39469,28.6,1198.0,0,44.9,22.29,0.0,
19.7.2026,1:17:27.049,18012,15899,53.1,12051,19812,37.8,2.5,2048,51,1.288,1.285,1.285,1.290,1.290,1.290,1.290,5045.1,5090.8,5115.8,5016.0,5016.0,5016.0,5016.0,99.8,2620.9,3573.3,2329.2,3433.1,3073.9,2708.1,3489.3,2514.7,2558.5,1799.3,1910.4,2026.1,2034.7,2620.9,53.9,63.8,48.0,69.2,61.6,54.1,70.2,53.9,55.2,40.0,42.5,44.0,44.3,70.2,53.9,67.7,82.0,61.0,90.4,80.9,71.2,91.8,66.0,67.3,46.5,49.5,52.6,52.7,67.7,50.5,51.0,51.2,50.2,50.2,50.2,50.2,0.0,70.4,74.1,86.4,82.4,70.8,52.3,56.6,29.6,25.9,13.6,17.6,29.2,47.7,43.4,0.0,0.0,0.0,0.0,0.0,0.0,0.0,2395.7,24.00,40,39,39,77,116,708,1,80.6,75.7,81.0,70.5,68.1,73.5,74.4,72.1,65.3,69.4,60.3,60.3,65.5,59.1,43.0,42.0,44.0,1.264,1.015,1.100,30.358,8.509,30.362,58.500,6.208,60.785,5.753,5.917,6.563,6.391,5.741,4.789,5.119,38.422,8.636,53.886,59.461,1996.4,2395.7,5102.5,5102.5,5111.7,67.6,40.5,39.0,67.6,89.1,いいえ,いいえ,いいえ,10.572,1.855,4.2,39.0,81.5,40.0,81.0,1.256,12.091,3.456,3.312,5.016,1.072,1.064,3.456,3.328,1.808,1.024,1.120,1.032,1.792,1.096,0.768,1.824,0.256,2064,いいえ,56.5,41.0,1.095,1.110,1.815,1.800,0.990,5.040,0.875,いいえ,いいえ,いいえ,40.0,1.110,1.110,1.815,1.800,0.990,5.040,1.375,いいえ,いいえ,いいえ,37,37,いいえ,はい,15390,14039,128,128,34,100.0,いいえ,いいえ,3868,2528,9990,36,38,46,100.0,100.0,いいえ,いいえ,7032,7745,0.0,0.1,0.1,0.000,0.006,1392,2687,0.0,0.0,0.0,0.000,0.000,181182,133153,0.0,0.1,0.1,0.000,0.139,67808,78047,60.9,0.720,36.000,600.0,2400.0,1200.0,100.0,0.0,0.0,0.0,0.0,0.0,0.0,0.0,0.0,0,0,16.0,93,いいえ,いいえ,いいえ,64.2,58.0,73.6,84.0,1.095,12.175,12.164,12.164,12.208,12.164,1705,1708,146.447,56.261,126.685,14.426,21.458,134.584,7.214,28.623,24.642,92.456,220.000,220.000,2775.0,1312.7,2145.0,2751.2,2235.0,2756.1,1311.2,2222.9,55.0,18.0,5.0,3.0,28.2,17.2,64.0,0.0,5.0,0.0,43,43,はい,いいえ,いいえ,はい,いいえ,いいえ,いいえ,70.6,67.4,0,0,0,0,0,0,0,0,0,14,0,0,0,0,0,0,0,0,0,0,0,0,0,0,0,0,0,0,0,0,8817,3465,3192,266,16.0,69.9,78.5,52.0,51.7,51.6,69.8,79.2,52.0,51.9,51.9,51.9,14.31,19.19,12.73,12.70,19.39,10.90,3.42,14.11,0.20,0.45,0,0,0.0,0.0,44352,39472,21.8,1294.2,0,51.6,19.39,0.0,
19.7.2026,1:17:29.041,18042,15869,53.2,12050,19812,37.8,2.5,2048,51,1.278,1.270,1.280,1.280,1.280,1.280,1.280,5074.2,5040.9,5140.7,5065.9,5065.9,5065.9,5065.9,99.8,2788.2,3650.0,2587.7,3664.7,3199.3,3177.4,3452.6,2604.8,2868.5,1948.4,1971.6,2128.7,2204.5,2788.2,55.9,60.9,52.2,72.6,63.0,62.0,68.0,54.1,59.9,42.8,43.1,45.0,47.0,72.6,55.9,71.7,79.3,67.8,96.5,84.2,83.5,91.1,68.7,75.6,50.7,51.0,55.1,57.2,71.7,50.8,50.5,51.5,50.8,50.8,50.8,50.8,0.0,74.1,75.4,88.8,86.8,76.3,55.5,61.7,25.9,24.6,11.2,13.2,23.7,44.5,38.3,0.0,0.0,0.0,0.0,0.0,0.0,0.0,2395.7,24.00,40,39,39,77,116,708,1,80.5,77.5,74.2,71.7,68.2,74.9,76.3,73.7,66.1,70.8,60.7,60.7,66.8,59.4,43.0,42.0,44.0,1.266,1.015,1.100,31.592,8.369,31.603,50.000,6.214,62.425,6.099,5.881,6.970,6.961,6.189,5.051,5.541,40.024,8.494,55.354,60.989,1996.4,2395.7,5091.9,5091.9,5099.9,69.3,42.1,33.3,69.3,91.2,いいえ,いいえ,いいえ,11.445,1.980,4.4,39.0,81.2,40.0,81.0,1.288,12.091,3.456,3.296,5.016,1.064,1.064,3.440,3.328,1.808,1.024,1.120,1.032,1.792,1.104,0.768,1.824,0.256,2057,いいえ,56.5,41.2,1.095,1.110,1.815,1.800,0.990,5.040,1.125,いいえ,いいえ,いいえ,40.0,1.095,1.110,1.815,1.800,0.990,5.040,1.125,いいえ,いいえ,いいえ,37,37,いいえ,はい,15390,14039,128,128,34,100.0,いいえ,いいえ,3868,2528,9990,36,38,46,100.0,100.0,いいえ,いいえ,7032,7745,0.0,0.1,0.1,0.000,0.010,1392,2687,0.0,0.0,0.0,0.000,0.000,181182,133153,0.0,0.2,0.2,0.000,0.119,67808,78047,61.1,0.720,39.000,600.0,2400.0,1200.0,100.0,0.0,0.0,0.0,0.0,0.0,0.0,0.0,0.0,0,0,16.0,93,いいえ,いいえ,いいえ,69.3,58.0,81.5,84.0,1.095,12.155,12.141,12.155,12.186,12.139,1702,1699,192.399,86.131,149.732,13.719,20.992,157.308,6.859,27.825,202.508,110.108,220.000,220.000,2760.0,1312.7,2130.0,2731.3,2220.0,2746.0,1311.6,2204.7,71.0,17.0,6.0,3.0,28.2,22.9,85.2,0.0,6.5,0.0,43,43,はい,いいえ,いいえ,はい,いいえ,いいえ,いいえ,80.7,87.7,0,0,0,0,0,0,0,0,0,14,0,0,0,0,0,0,0,0,0,0,0,0,0,0,0,0,0,0,0,0,8817,3465,3192,266,16.0,65.3,69.7,60.4,58.8,58.6,65.2,69.8,60.3,58.8,58.7,58.7,15.32,16.53,14.39,14.32,17.00,11.12,4.21,15.12,0.20,0.50,0,0,0.0,0.0,44352,39475,26.3,1433.8,0,58.6,17.00,0.0,
19.7.2026,1:17:31.058,18018,15893,53.1,12051,19812,37.8,2.5,2048,51,1.263,1.265,1.250,1.245,1.275,1.275,1.270,5065.9,5140.7,4941.1,5140.7,5140.7,5140.7,4891.2,99.8,2460.5,3114.8,2138.6,3641.3,2787.7,3149.2,2803.2,2413.0,2391.9,1681.7,1680.5,1851.9,1871.9,2460.5,50.9,54.9,44.9,73.3,55.6,63.6,56.3,52.6,52.2,37.9,37.6,40.7,40.7,73.3,50.9,63.3,69.0,55.6,96.0,73.4,83.0,73.7,63.3,62.8,43.5,43.4,47.8,48.4,63.3,50.8,51.5,49.5,51.5,51.5,51.5,49.0,0.0,67.2,66.4,87.0,80.7,69.1,47.3,52.6,32.8,33.6,13.0,19.3,30.9,52.7,47.4,0.0,0.0,0.0,0.0,0.0,0.0,0.0,2395.7,24.00,40,39,39,77,116,708,1,79.6,75.7,74.2,69.9,66.3,73.7,74.1,71.8,64.7,68.8,60.3,60.3,66.2,59.5,43.0,42.0,44.0,1.257,1.015,1.100,29.392,8.319,29.396,53.000,6.200,59.089,5.424,5.110,6.505,6.178,5.521,4.435,4.797,36.998,8.444,52.262,57.803,1996.4,2395.7,5095.4,5095.4,5106.0,65.7,39.2,35.3,65.7,89.0,いいえ,いいえ,いいえ,9.992,1.788,4.0,39.0,80.2,40.0,80.0,1.248,12.091,3.456,3.312,5.016,1.064,1.064,3.440,3.328,1.808,1.024,1.120,1.032,1.792,1.096,0.760,1.824,0.248,2033,いいえ,56.5,41.2,1.095,1.110,1.815,1.800,0.990,5.040,0.750,いいえ,いいえ,いいえ,40.2,1.095,1.110,1.815,1.800,0.990,5.040,1.625,いいえ,いいえ,いいえ,37,37,いいえ,はい,15390,14039,128,128,34,100.0,いいえ,いいえ,3868,2528,9990,36,38,47,100.0,100.0,いいえ,いいえ,7032,7745,0.0,0.0,0.0,0.000,0.000,1392,2687,0.0,0.0,0.0,0.000,0.000,181182,133153,0.0,0.0,0.0,0.000,0.038,67808,78047,61.4,0.720,36.000,600.0,2400.0,1200.0,100.0,0.0,0.0,0.0,0.0,0.0,0.0,0.0,0.0,0,0,16.0,93,いいえ,いいえ,いいえ,71.7,58.0,87.5,84.0,1.095,12.157,12.144,12.153,12.188,12.143,1702,1699,179.837,83.689,140.629,12.848,20.380,147.786,6.424,26.773,209.651,105.020,220.000,220.000,2760.0,1312.7,2130.0,2732.9,2220.0,2743.5,1312.3,2199.2,63.0,16.0,6.0,3.0,28.2,22.3,83.0,0.0,6.1,0.0,43,43,はい,いいえ,いいえ,はい,いいえ,いいえ,いいえ,76.1,73.4,0,0,0,0,0,0,0,0,0,14,0,0,0,0,0,0,0,0,0,0,0,0,0,0,0,0,0,0,0,0,8817,3465,3192,263,16.0,55.6,59.3,52.6,52.4,52.4,55.6,59.5,52.7,52.7,52.7,52.7,17.99,19.03,16.89,16.82,19.10,11.41,6.58,17.78,0.21,0.44,0,0,0.0,0.0,44352,39477,20.9,1235.5,0,52.4,19.10,0.0,
19.7.2026,1:17:33.057,18047,15864,53.2,12074,19789,37.8,2.5,2048,51,1.273,1.255,1.270,1.290,1.290,1.275,1.260,4727.3,4916.1,5140.7,5140.7,4112.6,4112.6,4941.1,99.8,2651.0,3328.1,2282.0,3751.5,2951.2,3535.3,2794.6,2633.8,2626.2,1908.3,1856.5,2082.4,2062.3,2651.0,54.2,59.5,46.8,75.3,58.4,71.0,55.2,56.5,56.2,41.8,40.3,44.9,44.1,75.3,54.2,68.6,75.9,59.7,98.8,77.7,93.1,73.6,69.3,69.3,49.6,48.1,54.4,53.6,68.6,47.4,49.2,51.5,51.5,41.2,41.2,49.5,0.0,71.5,69.9,89.4,85.7,74.3,51.8,57.9,28.5,30.1,10.6,14.3,25.7,48.2,42.1,0.0,0.0,0.0,0.0,0.0,0.0,0.0,2395.7,24.00,40,39,39,77,116,708,1,79.8,76.2,75.6,71.0,67.5,74.4,75.3,72.9,65.8,70.4,60.6,60.6,66.0,59.6,43.0,42.0,44.0,1.254,1.015,1.100,30.522,8.334,30.508,56.500,6.180,60.483,5.719,5.484,6.647,6.479,5.769,4.763,5.169,38.359,8.459,53.616,59.155,1996.4,2395.7,5082.4,5082.4,5095.1,67.2,40.7,37.7,67.2,89.6,いいえ,いいえ,いいえ,10.235,1.830,4.3,39.0,80.2,40.0,80.0,1.272,12.144,3.456,3.312,5.016,1.064,1.056,3.440,3.328,1.808,1.024,1.120,1.032,1.792,1.104,0.760,1.824,0.256,2045,いいえ,56.5,41.5,1.095,1.110,1.815,1.800,0.990,5.040,1.625,いいえ,いいえ,いいえ,40.2,1.095,1.110,1.815,1.800,0.990,5.040,0.875,いいえ,いいえ,いいえ,37,37,いいえ,はい,15390,14039,128,128,34,100.0,いいえ,いいえ,3868,2528,9990,37,39,46,100.0,100.0,いいえ,いいえ,7032,7745,0.0,0.0,0.0,0.000,0.004,1392,2687,0.0,0.0,0.0,0.000,0.000,181182,133153,0.0,0.2,0.2,0.000,0.067,67808,78047,61.5,0.720,52.000,600.0,2400.0,1200.0,100.0,0.0,0.0,0.0,0.0,0.0,0.0,0.0,0.0,0,0,16.0,93,いいえ,いいえ,いいえ,65.5,60.0,75.3,84.0,1.100,12.187,12.178,12.176,12.218,12.177,1702,1702,156.913,72.659,120.167,12.324,19.945,127.064,6.162,26.078,173.532,96.000,220.000,220.000,2775.0,1312.7,2130.0,2748.1,2235.0,2771.5,1311.2,2229.1,54.0,13.0,5.0,3.0,28.2,18.7,69.4,0.0,5.3,0.0,43,43,はい,いいえ,いいえ,はい,いいえ,いいえ,いいえ,66.5,72.3,0,0,0,0,0,0,0,0,0,14,0,0,0,0,0,0,0,0,0,0,0,0,0,0,0,0,0,0,0,0,8817,3465,3192,263,16.0,58.1,62.2,54.5,54.1,54.1,58.1,62.3,54.3,54.0,54.0,54.0,17.21,18.37,16.08,16.04,18.55,9.10,8.10,16.99,0.22,0.49,0,0,0.0,0.0,44352,39479,20.5,1188.7,0,54.1,18.55,0.0,
19.7.2026,1:17:35.069,18003,15908,53.0,12043,19820,37.7,2.5,2048,51,1.248,1.145,1.250,1.265,1.275,1.275,1.275,4454.2,4916.1,5016.0,5140.7,4112.6,3427.2,4112.6,99.8,2582.6,3208.1,2236.3,3863.1,2717.2,3559.4,2732.6,2525.4,2531.4,1762.1,1815.9,2012.0,2028.1,2582.6,53.7,58.0,46.9,78.6,54.4,71.9,54.5,55.2,55.1,39.8,40.6,44.7,44.3,78.6,53.7,66.8,72.9,58.4,101.8,71.5,93.8,71.8,66.5,66.6,45.9,47.1,52.5,52.6,66.8,44.6,49.2,50.2,51.5,41.2,34.3,41.2,0.0,70.3,67.9,90.0,86.2,71.3,49.6,56.6,29.7,32.1,10.0,13.8,28.7,50.4,43.4,0.0,0.0,0.0,0.0,0.0,0.0,0.0,2395.7,24.00,40,39,39,77,116,708,1,79.5,75.6,72.2,70.7,67.3,73.9,74.7,72.4,65.5,70.1,60.8,60.8,66.2,59.7,43.0,42.0,44.0,1.247,1.015,1.100,29.679,8.356,29.678,55.000,6.166,59.265,5.433,5.210,6.390,6.205,5.460,4.442,4.893,37.115,8.481,52.377,57.917,1996.4,2395.7,5075.5,5075.5,5095.8,65.8,39.6,36.7,65.8,88.9,いいえ,いいえ,いいえ,9.906,1.805,4.2,39.0,79.8,40.0,79.0,1.264,12.091,3.456,3.312,5.040,1.064,1.056,3.440,3.328,1.808,1.024,1.120,1.032,1.792,1.104,0.760,1.824,0.256,2064,いいえ,56.5,41.5,1.095,1.110,1.815,1.800,1.005,5.040,1.250,いいえ,いいえ,いいえ,40.2,1.095,1.110,1.815,1.800,1.005,5.040,0.625,いいえ,いいえ,いいえ,37,37,いいえ,はい,15390,14039,128,128,34,100.0,いいえ,いいえ,3868,2528,9990,36,38,47,100.0,100.0,いいえ,いいえ,7032,7745,0.0,0.1,0.1,0.000,0.010,1392,2687,0.0,0.0,0.0,0.000,0.000,181182,133153,0.0,0.1,0.1,0.000,0.028,67808,78047,61.7,0.720,41.000,600.0,2400.0,1200.0,100.0,0.0,0.0,0.0,0.0,0.0,0.0,0.0,0.0,0,0,16.0,93,いいえ,いいえ,いいえ,65.3,60.0,75.4,84.0,1.100,12.207,12.202,12.189,12.239,12.201,1699,1705,138.188,58.721,103.112,11.494,19.405,109.584,5.746,25.112,107.610,87.704,220.000,220.000,2775.0,1312.7,2130.0,2751.4,2235.0,2773.4,1311.3,2228.6,46.0,11.0,5.0,2.0,28.2,16.3,60.0,0.0,5.3,0.0,43,43,はい,いいえ,いいえ,はい,いいえ,いいえ,いいえ,58.3,59.5,0,0,0,0,0,0,0,0,0,14,0,0,0,0,0,0,0,0,0,0,0,0,0,0,0,0,0,0,0,0,8817,3465,3192,263,16.0,51.9,55.3,48.8,48.6,48.6,51.9,55.3,49.0,48.8,48.7,48.7,19.27,20.56,18.24,18.20,20.62,9.00,10.27,19.04,0.23,0.58,0,0,0.0,0.0,44352,39482,19.7,1207.7,0,48.6,20.62,0.0,
19.7.2026,1:17:37.062,17998,15913,53.0,12037,19826,37.7,2.5,2048,51,1.248,1.270,1.275,1.275,1.275,1.195,1.195,5074.2,5140.7,5140.7,5140.7,5140.7,4941.1,4941.1,99.8,2563.6,3203.0,2181.2,3734.7,2784.1,3043.3,3317.5,2316.0,2651.6,1770.5,1825.0,1940.4,1996.3,2563.6,53.0,59.2,45.2,76.0,55.7,60.9,66.5,50.2,57.2,39.8,40.1,42.2,43.3,76.0,53.0,66.5,74.8,56.7,98.4,73.2,80.2,87.4,61.0,69.7,46.2,47.4,50.7,51.9,66.5,50.8,51.5,51.5,51.5,51.5,49.5,49.5,0.0,69.5,67.7,89.2,86.6,69.7,49.3,54.6,30.5,32.3,10.8,13.4,30.3,50.7,45.4,0.0,0.0,0.0,0.0,0.0,0.0,0.0,2395.7,24.00,40,39,39,77,116,708,1,79.5,75.9,74.2,70.9,67.4,74.0,75.2,72.6,65.8,70.3,60.9,60.9,66.2,59.9,43.0,42.0,44.0,1.248,1.015,1.100,29.916,8.414,29.926,57.000,6.162,59.575,5.431,5.203,6.328,6.265,5.455,4.461,4.871,37.428,8.539,52.746,58.276,1996.4,2395.7,5075.5,5075.5,5094.8,66.2,39.9,38.0,66.2,89.3,いいえ,いいえ,いいえ,9.604,1.754,4.2,39.0,79.6,40.0,79.0,1.280,12.144,3.456,3.312,5.016,1.064,1.056,3.440,3.328,1.808,1.024,1.120,1.032,1.792,1.104,0.760,1.824,0.256,2057,いいえ,56.5,41.8,1.095,1.110,1.815,1.800,1.005,5.040,0.750,いいえ,いいえ,いいえ,40.5,1.095,1.110,1.815,1.800,1.005,5.040,0.375,いいえ,いいえ,いいえ,37,37,いいえ,はい,15390,14039,128,128,34,100.0,いいえ,いいえ,3868,2528,9990,37,39,46,100.0,100.0,いいえ,いいえ,7032,7745,0.0,0.0,0.0,0.000,0.004,1392,2687,0.0,0.0,0.0,0.000,0.000,181182,133153,0.0,0.1,0.1,0.000,0.053,67808,78047,61.8,0.720,52.000,600.0,2400.0,1200.0,100.0,0.0,0.0,0.0,0.0,0.0,0.0,0.0,0.0,0,0,16.0,93,いいえ,いいえ,いいえ,66.0,58.0,76.7,84.0,1.095,12.215,12.210,12.194,12.245,12.209,1702,1700,125.956,64.069,98.759,11.135,19.059,105.028,5.567,24.592,169.235,79.174,220.000,220.000,2775.0,1312.7,2145.0,2757.4,2235.0,2747.4,1310.8,2212.7,44.0,10.0,5.0,2.0,28.2,16.4,60.9,0.0,4.8,0.0,42,42,はい,いいえ,いいえ,はい,いいえ,いいえ,いいえ,56.1,64.0,0,0,0,0,0,0,0,0,0,14,0,0,0,0,0,0,0,0,0,0,0,0,0,0,0,0,0,0,0,0,8817,3465,3192,263,16.0,49.7,51.5,48.0,47.7,47.7,49.7,51.6,47.9,47.7,47.6,47.6,20.12,20.94,19.44,19.42,21.11,8.63,11.48,19.89,0.22,0.42,0,0,0.0,0.0,44352,39484,20.2,1131.2,0,47.7,21.11,0.0,
19.7.2026,1:17:39.057,17997,15914,53.0,12034,19829,37.7,2.5,2048,51,1.275,1.275,1.255,1.275,1.275,1.285,1.285,5074.2,5140.7,5140.7,5115.8,5115.8,4966.0,4966.0,99.8,2482.1,2936.9,2072.7,3381.8,3078.7,2624.0,3766.2,2194.0,2468.6,1722.9,1724.6,1906.6,1908.5,2482.1,50.7,52.8,42.5,67.8,61.7,51.6,75.2,46.6,52.9,37.4,38.2,41.2,40.8,75.2,50.7,64.1,67.0,53.8,89.1,80.9,69.0,99.2,57.3,64.9,44.6,44.7,49.6,49.3,64.1,50.8,51.5,51.5,51.2,51.2,49.8,49.8,0.0,67.5,62.0,89.4,88.3,64.9,47.5,53.1,32.5,38.0,10.6,11.7,35.1,52.5,46.9,0.0,0.0,0.0,0.0,0.0,0.0,0.0,2395.7,24.00,40,39,39,77,116,708,1,79.4,75.8,77.1,70.7,66.9,73.9,75.2,72.2,65.6,70.2,61.2,61.2,66.2,60.0,43.0,42.0,44.0,1.259,1.015,1.100,29.338,8.362,29.342,53.000,6.153,59.115,5.386,5.033,6.316,6.327,5.351,4.408,4.883,36.993,8.487,52.248,57.792,1996.4,2395.7,5100.5,5100.5,5113.2,65.7,39.1,35.3,65.7,89.2,いいえ,いいえ,いいえ,9.612,1.782,4.1,39.0,79.8,40.0,79.0,1.280,12.144,3.456,3.312,5.016,1.072,1.056,3.440,3.328,1.808,1.024,1.120,1.032,1.792,1.104,0.760,1.824,0.256,2051,いいえ,56.5,41.8,1.095,1.110,1.815,1.800,1.005,5.040,0.875,いいえ,いいえ,いいえ,40.5,1.110,1.110,1.815,1.800,1.005,5.040,1.375,いいえ,いいえ,いいえ,37,37,いいえ,はい,15390,14039,128,128,34,100.0,いいえ,いいえ,3868,2528,9990,37,39,47,100.0,100.0,いいえ,いいえ,7032,7745,0.0,0.1,0.1,0.000,0.006,1392,2687,0.0,0.0,0.0,0.000,0.000,181182,133153,0.0,0.0,0.0,0.000,0.075,67808,78047,62.0,0.720,28.000,600.0,2400.0,1200.0,100.0,0.0,0.0,0.0,0.0,0.0,0.0,0.0,0.0,0,0,16.0,93,いいえ,いいえ,いいえ,59.4,60.0,66.3,84.0,1.095,12.236,12.235,12.205,12.269,12.234,1702,1700,116.686,38.371,75.492,10.620,18.819,81.392,5.310,24.092,23.727,67.514,220.000,220.000,2775.0,1312.7,2145.0,2757.7,2235.0,2774.8,1310.7,2236.2,30.0,9.0,3.0,1.0,28.2,16.5,61.7,0.0,4.2,0.0,42,42,はい,いいえ,いいえ,はい,いいえ,いいえ,いいえ,45.3,45.2,0,0,0,0,0,0,0,0,0,14,0,0,0,0,0,0,0,0,0,0,0,0,0,0,0,0,0,0,0,0,8817,3465,3192,263,16.0,29.4,30.6,28.2,28.1,28.1,29.4,30.6,28.1,28.0,28.0,28.0,33.99,35.48,32.71,32.69,35.57,10.00,23.96,33.73,0.26,0.84,0,0,0.0,0.0,44352,39486,24.4,928.5,0,28.1,35.57,0.0,
19.7.2026,1:17:41.062,18003,15907,53.0,12049,19814,37.8,2.5,2048,51,1.278,1.260,1.280,1.285,1.290,1.275,1.275,4451.1,4112.6,5140.7,5115.8,4112.6,4112.6,4112.6,99.8,2379.9,2964.0,1942.4,3287.2,3050.5,2619.5,3671.0,2113.9,2456.5,1491.5,1569.4,1623.3,1769.6,2379.9,47.6,49.8,38.9,65.1,60.6,50.5,72.2,43.4,51.6,33.2,33.9,34.9,37.6,72.2,47.6,61.1,64.5,50.2,86.6,80.4,68.5,96.6,54.9,64.5,38.7,40.5,41.9,45.8,61.1,44.6,41.2,51.5,51.2,41.2,41.2,41.2,0.0,66.1,61.7,88.9,87.5,64.1,44.9,49.5,33.9,38.3,11.1,12.5,35.9,55.1,50.5,0.0,0.0,0.0,0.0,0.0,0.0,0.0,2395.7,24.00,40,39,39,77,116,708,1,78.9,75.4,73.2,70.1,66.5,73.6,74.9,71.9,64.9,69.2,61.3,61.3,67.5,60.4,43.0,42.0,44.0,1.272,1.015,1.100,28.632,8.336,28.625,52.500,6.147,58.457,5.339,5.044,6.311,6.378,5.384,4.247,4.671,36.437,8.461,51.660,57.221,1996.4,2395.7,5129.8,5129.8,5133.4,65.0,38.2,35.0,65.0,88.7,いいえ,いいえ,いいえ,9.970,1.864,4.0,39.0,79.2,40.0,79.0,1.288,12.144,3.456,3.312,5.040,1.064,1.056,3.440,3.328,1.808,1.024,1.120,1.032,1.792,1.104,0.760,1.824,0.256,2061,いいえ,56.5,42.0,1.095,1.110,1.815,1.800,1.005,5.040,0.625,いいえ,いいえ,いいえ,40.5,1.095,1.110,1.815,1.800,1.005,5.040,0.750,いいえ,いいえ,いいえ,37,37,いいえ,はい,15390,14039,128,128,34,100.0,いいえ,いいえ,3868,2528,9990,37,39,47,100.0,100.0,いいえ,いいえ,7032,7745,0.0,0.0,0.0,0.000,0.000,1392,2687,0.0,0.0,0.0,0.000,0.000,181182,133153,0.0,0.1,0.1,0.032,0.018,67808,78047,62.2,0.720,33.000,600.0,2400.0,1200.0,100.0,0.0,0.0,0.0,0.0,0.0,0.0,0.0,0.0,0,0,16.0,93,いいえ,いいえ,いいえ,56.0,58.0,63.7,84.0,0.925,12.273,12.277,12.232,12.305,12.276,1697,1700,83.453,31.902,40.685,6.261,15.560,44.014,3.130,18.679,90.670,36.213,220.000,220.000,2025.0,625.2,1995.0,2251.9,1995.0,2025.2,624.6,1994.2,34.0,15.0,3.0,1.0,28.2,15.9,60.6,0.0,3.1,0.0,42,42,はい,いいえ,いいえ,いいえ,いいえ,はい,いいえ,27.0,30.1,0,0,0,0,0,0,0,0,0,14,0,0,0,0,0,0,0,0,0,0,0,0,0,0,0,0,0,0,0,0,8817,3465,3192,263,16.0,31.5,32.5,29.9,29.7,29.7,31.5,32.5,30.0,29.8,29.7,29.7,31.74,33.53,30.85,30.82,33.75,10.86,20.85,31.49,0.24,0.57,0,0,0.0,0.0,44352,39487,17.0,829.3,0,29.7,33.75,0.0,
19.7.2026,1:17:43.060,18010,15901,53.1,12049,19814,37.8,2.5,2048,51,1.252,1.260,1.220,1.220,1.270,1.270,1.270,4618.3,4112.6,5115.8,5115.8,5140.7,4112.6,4112.6,99.8,2350.2,3002.0,1949.1,3324.8,3031.2,3124.8,3059.7,2139.2,2261.2,1485.5,1526.3,1601.6,1696.5,2350.2,46.9,50.3,39.2,65.6,59.9,61.1,59.7,44.3,47.2,32.2,33.1,34.3,35.9,65.6,46.9,60.3,65.0,50.4,87.6,79.8,82.4,80.6,55.6,59.1,38.3,39.3,41.5,43.6,60.3,46.3,41.2,51.2,51.2,51.5,41.2,41.2,0.0,66.2,62.4,90.2,87.4,62.7,44.8,49.6,33.8,37.6,9.8,12.6,37.3,55.2,50.4,0.0,0.0,0.0,0.0,0.0,0.0,0.0,2395.7,24.00,40,39,39,77,116,708,1,78.5,75.5,74.8,70.3,66.9,73.8,75.0,71.8,65.1,69.2,61.5,61.5,67.2,60.5,43.0,42.0,44.0,1.273,1.015,1.100,28.545,8.374,28.548,50.500,6.153,58.556,5.349,5.089,6.347,6.350,5.348,4.300,4.659,36.372,8.499,51.640,57.217,1996.4,2395.7,5130.4,5130.4,5136.4,65.0,38.1,33.7,65.0,88.8,いいえ,いいえ,いいえ,10.043,1.886,4.0,39.0,78.8,40.0,78.0,1.296,12.144,3.456,3.312,5.040,1.064,1.056,3.440,3.328,1.808,1.024,1.120,1.032,1.792,1.104,0.752,1.824,0.256,2057,いいえ,56.5,42.0,1.095,1.110,1.815,1.800,1.005,5.040,0.750,いいえ,いいえ,いいえ,40.5,1.095,1.110,1.800,1.800,1.005,5.040,0.625,いいえ,いいえ,いいえ,37,37,いいえ,はい,15390,14039,128,128,34,100.0,いいえ,いいえ,3868,2528,9990,37,39,47,100.0,100.0,いいえ,いいえ,7032,7745,0.0,0.0,0.0,0.000,0.004,1392,2687,0.0,0.0,0.0,0.000,0.000,181182,133153,0.0,0.1,0.1,0.000,0.112,67808,78048,62.3,0.720,32.000,600.0,2400.0,1200.0,100.0,0.0,0.0,0.0,0.0,0.0,0.0,0.0,0.0,0,0,16.0,93,いいえ,いいえ,いいえ,54.3,58.0,62.7,84.0,0.925,12.278,12.284,12.235,12.311,12.284,1663,1662,55.256,20.703,36.053,6.068,15.367,39.234,3.034,18.382,13.474,34.012,220.000,220.000,1755.0,625.2,1995.0,1843.2,1995.0,1755.4,624.7,1982.3,33.0,13.0,3.0,1.0,28.2,16.5,62.8,0.0,3.3,0.0,38,38,はい,いいえ,いいえ,いいえ,いいえ,はい,いいえ,24.7,25.1,0,0,0,0,0,0,0,0,0,14,0,0,0,0,0,0,0,0,0,0,0,0,0,0,0,0,0,0,0,0,8817,3465,3192,263,16.0,40.9,59.1,30.6,30.4,30.4,40.8,60.5,30.2,29.9,29.9,29.9,24.47,32.66,16.92,16.88,32.95,9.27,15.22,24.26,0.22,0.96,0,0,0.0,0.0,44352,39489,16.7,923.1,0,30.4,32.95,0.0,
19.7.2026,1:17:45.073,18008,15903,53.1,12051,19812,37.8,2.5,2048,51,1.273,1.295,1.280,1.265,1.265,1.265,1.265,4619.2,4092.6,5115.8,5140.7,5140.7,4112.6,4112.6,99.8,2294.6,2953.4,1907.5,3467.7,2760.8,3192.9,2827.1,2218.6,2203.0,1441.7,1449.1,1530.7,1582.5,2294.6,45.8,48.1,38.0,68.9,54.0,62.3,55.0,46.7,45.6,31.6,31.8,33.0,34.3,68.9,45.8,58.7,62.5,49.2,91.4,72.5,83.8,74.5,58.3,57.1,37.3,37.5,39.6,41.0,58.7,46.3,41.0,51.2,51.5,51.5,41.2,41.2,0.0,65.7,61.7,89.0,86.6,64.8,44.2,48.0,34.3,38.3,11.0,13.4,35.2,55.8,52.0,0.0,0.0,0.0,0.0,0.0,0.0,0.0,2395.7,24.00,40,39,39,77,116,708,1,78.6,75.9,76.6,70.5,67.0,74.0,75.1,72.3,65.1,69.2,61.6,61.6,67.2,60.7,43.0,42.0,44.0,1.273,1.015,1.100,28.569,8.329,28.567,53.000,6.141,58.460,5.376,5.121,6.387,6.364,5.501,4.297,4.585,36.406,8.454,51.614,57.166,1996.4,2395.7,5130.5,5130.5,5133.6,65.0,38.1,35.3,65.0,89.3,いいえ,いいえ,いいえ,9.850,1.873,3.9,39.0,78.8,40.0,78.0,1.272,12.144,3.456,3.312,5.040,1.064,1.056,3.440,3.328,1.808,1.024,1.120,1.032,1.792,1.104,0.752,1.824,0.256,2067,いいえ,56.5,42.0,1.095,1.110,1.815,1.800,1.005,5.040,1.000,いいえ,いいえ,いいえ,40.8,1.095,1.110,1.815,1.800,1.005,5.040,1.625,いいえ,いいえ,いいえ,37,37,いいえ,はい,15390,14039,128,128,34,100.0,いいえ,いいえ,3868,2528,9990,37,39,47,100.0,100.0,いいえ,いいえ,7032,7745,0.0,24.6,24.6,0.000,0.018,1392,2688,0.0,0.0,0.0,0.000,0.000,181182,133153,0.0,0.1,0.1,0.000,0.073,67808,78048,62.4,0.720,28.000,600.0,2400.0,1200.0,100.0,0.0,0.0,0.0,0.0,0.0,0.0,0.0,0.0,0,0,16.0,93,いいえ,いいえ,いいえ,55.1,56.0,62.2,84.0,0.925,12.269,12.273,12.229,12.303,12.272,1589,1587,60.603,26.441,43.243,6.210,15.446,46.543,3.105,18.539,40.619,37.825,220.000,220.000,2040.0,625.2,1995.0,1992.5,1995.0,2040.0,624.8,1984.8,40.0,15.0,6.0,1.0,28.2,18.5,68.9,0.0,5.2,0.0,36,36,はい,いいえ,いいえ,いいえ,いいえ,はい,いいえ,28.1,26.1,0,0,0,0,0,0,0,0,0,14,0,0,0,0,0,0,0,0,0,0,0,0,0,0,0,0,0,0,0,0,8817,3465,3192,263,16.0,55.2,58.2,52.6,52.3,52.3,55.2,58.2,52.6,52.3,52.2,52.2,18.11,18.99,17.19,17.11,19.08,7.06,11.05,17.89,0.21,0.46,0,0,0.0,0.0,44353,39491,19.8,1100.9,0,52.3,19.08,0.0,
19.7.2026,1:17:47.076,17995,15916,53.0,12037,19826,37.7,2.5,2048,51,1.228,1.195,1.175,1.175,1.275,1.275,1.275,4999.3,4941.1,4891.2,4891.2,5090.8,5090.8,5090.8,99.8,2447.2,3225.4,1983.0,3636.8,2746.2,3668.8,2542.9,2350.4,2310.4,1662.1,1625.1,1844.9,1770.1,2447.2,49.2,57.3,40.1,73.0,53.7,73.4,48.9,49.0,48.1,35.6,34.9,39.2,37.4,73.4,49.2,62.8,74.0,51.5,95.7,71.7,96.7,66.1,61.1,60.0,42.6,41.6,47.6,45.3,62.8,50.1,49.5,49.0,49.0,51.0,51.0,51.0,0.0,67.8,67.1,88.8,87.4,64.7,46.7,51.9,32.2,32.9,11.2,12.6,35.3,53.3,48.1,0.0,0.0,0.0,0.0,0.0,0.0,0.0,2395.7,24.00,40,39,39,77,116,708,1,79.6,76.6,77.6,71.4,68.6,74.5,75.7,73.0,66.0,70.4,61.8,61.8,67.8,60.9,43.0,42.0,44.1,1.266,1.015,1.100,29.424,8.405,29.434,53.000,6.147,59.374,5.526,5.580,6.386,6.396,5.515,4.434,4.848,37.259,8.530,52.551,58.105,1996.4,2395.7,5103.3,5103.3,5111.3,66.0,39.2,35.3,66.0,90.1,いいえ,いいえ,いいえ,9.628,1.865,4.1,40.0,78.6,40.0,78.0,1.296,12.144,3.456,3.312,5.016,1.072,1.056,3.440,3.328,1.808,1.024,1.120,1.032,1.792,1.104,0.752,1.824,0.256,2045,いいえ,56.5,42.0,1.095,1.110,1.815,1.800,0.990,5.040,0.750,いいえ,いいえ,いいえ,40.8,1.095,1.110,1.815,1.800,1.005,5.040,0.875,いいえ,いいえ,いいえ,37,37,いいえ,はい,15390,14039,128,128,34,100.0,いいえ,いいえ,3868,2528,9990,37,39,47,100.0,100.0,いいえ,いいえ,7032,7745,0.0,0.0,0.0,0.000,0.002,1392,2688,0.0,0.0,0.0,0.000,0.000,181182,133153,0.0,0.1,0.1,0.000,0.028,67808,78048,62.6,0.720,22.000,600.0,2400.0,1200.0,100.0,0.0,0.0,0.0,0.0,0.0,0.0,0.0,0.0,0,0,16.0,93,いいえ,いいえ,いいえ,53.8,56.0,61.8,84.0,0.925,12.274,12.279,12.232,12.307,12.277,1518,1516,59.945,22.780,41.773,6.164,15.338,45.030,3.082,18.410,14.153,38.294,220.000,220.000,1995.0,625.2,1995.0,2027.4,1995.0,1994.5,624.6,1994.9,39.0,14.0,6.0,1.0,28.2,16.6,60.8,0.0,5.6,0.0,35,35,はい,いいえ,いいえ,いいえ,いいえ,はい,いいえ,27.4,26.0,0,0,0,0,0,0,0,0,0,14,0,0,0,0,0,0,0,0,0,0,0,0,0,0,0,0,0,0,0,0,8817,3465,3192,263,16.0,49.6,54.2,45.5,45.4,45.4,49.6,54.2,45.4,45.3,45.3,45.3,20.15,21.97,18.44,18.44,22.03,8.27,11.90,19.93,0.22,0.48,0,0,0.0,0.0,44353,39494,20.3,1144.4,0,45.4,22.03,0.0,
19.7.2026,1:17:49.097,17996,15915,53.0,12032,19831,37.7,2.5,2048,51,1.205,1.175,1.165,1.165,1.195,1.265,1.265,4507.7,4916.1,4916.1,4916.1,4072.7,4112.6,4112.6,99.8,2879.5,3427.0,2634.6,3876.5,3177.6,3680.0,3289.2,2682.0,2795.4,2122.2,2180.8,2366.3,2322.9,2879.5,59.6,63.6,54.5,79.4,64.2,74.3,66.1,57.0,59.7,46.5,47.9,51.2,50.6,79.4,59.6,75.2,81.1,69.4,102.3,83.8,97.2,86.8,70.9,73.8,55.7,57.2,62.2,61.4,75.2,45.2,49.2,49.2,49.2,40.8,41.2,41.2,0.0,73.4,71.4,92.6,92.3,69.8,54.0,60.4,26.6,28.6,7.4,7.7,30.2,46.0,39.6,0.0,0.0,0.0,0.0,0.0,0.0,0.0,2395.7,24.00,40,39,39,77,116,708,1,80.9,78.1,78.1,73.4,69.8,76.2,77.7,75.0,68.2,73.3,62.2,62.2,67.5,61.2,43.0,42.0,44.5,1.247,1.015,1.100,31.410,8.526,31.380,55.000,6.194,61.472,5.710,5.506,6.541,6.596,5.656,4.739,5.220,39.130,8.652,54.596,60.084,1996.4,2395.7,5057.1,5057.1,5071.7,68.3,41.8,36.7,68.3,91.9,いいえ,いいえ,いいえ,9.424,1.772,4.4,40.0,80.5,40.0,80.0,1.256,12.144,3.456,3.328,5.040,1.064,1.056,3.456,3.328,1.808,1.024,1.120,1.032,1.792,1.104,0.752,1.824,0.256,2042,いいえ,56.5,42.0,1.095,1.110,1.815,1.800,0.990,4.970,0.875,いいえ,いいえ,いいえ,40.8,1.095,1.110,1.815,1.800,0.990,5.040,0.750,いいえ,いいえ,いいえ,37,37,いいえ,はい,15390,14039,128,128,34,100.0,いいえ,いいえ,3868,2528,9990,37,39,47,100.0,100.0,いいえ,いいえ,7032,7745,0.0,0.0,0.0,0.000,0.004,1392,2688,0.0,0.0,0.0,0.000,0.000,181182,133153,0.0,0.1,0.1,0.000,0.110,67808,78048,62.8,0.720,26.000,600.0,2400.0,1200.0,100.0,0.0,0.0,0.0,0.0,0.0,0.0,0.0,0.0,0,0,16.0,93,いいえ,いいえ,いいえ,54.5,58.0,61.8,84.0,0.925,12.249,12.253,12.207,12.284,12.252,1466,1461,65.774,27.846,50.521,10.807,18.763,56.187,5.403,24.145,13.564,43.374,220.000,220.000,2430.0,1312.7,1995.0,2374.2,1995.0,2428.5,1311.2,1994.6,34.0,8.0,5.0,2.0,28.2,19.9,74.5,0.0,4.9,0.0,34,34,はい,いいえ,いいえ,いいえ,いいえ,はい,いいえ,33.9,34.2,0,0,0,0,0,0,0,0,0,14,0,0,0,0,0,0,0,0,0,0,0,0,0,0,0,0,0,0,0,0,8817,3465,3192,263,16.0,46.9,49.7,44.7,44.5,44.5,46.9,49.7,44.6,44.4,44.3,44.3,21.30,22.39,20.12,20.08,22.47,7.77,13.53,21.08,0.22,0.61,0,0,0.0,0.0,44353,39496,18.4,1050.9,0,44.5,22.47,0.0,
19.7.2026,1:17:51.094,17980,15931,53.0,12029,19834,37.7,2.5,2048,51,1.173,1.165,1.175,1.175,1.175,1.175,1.175,4903.7,4841.3,4916.1,4916.1,4916.1,4916.1,4916.1,99.8,2789.1,3218.1,2412.9,3908.8,3052.4,3445.8,3313.4,2643.7,2757.8,2099.5,2156.4,2243.4,2217.0,2789.1,57.5,59.8,50.2,79.7,61.3,69.6,66.4,55.9,58.5,45.5,46.8,48.2,48.1,79.7,57.5,72.6,76.0,63.4,103.0,80.3,90.8,87.3,69.6,72.6,54.9,56.3,58.6,58.2,72.6,49.1,48.5,49.2,49.2,49.2,49.2,49.2,0.0,72.0,67.6,92.0,89.7,69.8,54.6,58.4,28.0,32.4,8.0,10.3,30.2,45.4,41.6,0.0,0.0,0.0,0.0,0.0,0.0,0.0,2395.7,24.00,40,39,39,77,116,708,1,81.5,78.2,81.0,73.3,69.4,76.2,77.6,75.1,68.4,72.9,62.4,62.4,67.0,61.4,43.0,42.0,44.8,1.248,1.015,1.100,30.874,8.393,30.877,56.000,6.182,60.666,5.664,5.318,6.550,6.501,5.692,4.801,5.125,38.492,8.519,53.811,59.332,1996.4,2395.7,5055.9,5055.9,5070.9,67.4,41.2,37.3,67.4,92.0,いいえ,いいえ,いいえ,9.290,1.759,4.3,40.0,81.2,40.0,81.0,1.264,12.091,3.456,3.312,5.016,1.072,1.048,3.456,3.328,1.808,1.024,1.120,1.032,1.792,1.104,0.752,1.824,0.256,2039,いいえ,57.4,42.2,1.095,1.110,1.815,1.800,0.990,4.970,1.250,いいえ,いいえ,いいえ,40.8,1.095,1.110,1.815,1.800,0.990,4.970,1.250,いいえ,いいえ,いいえ,37,37,いいえ,はい,15390,14039,128,128,34,100.0,いいえ,いいえ,3868,2528,9990,37,39,47,100.0,100.0,いいえ,いいえ,7032,7745,0.0,0.1,0.1,0.000,0.006,1392,2688,0.0,0.0,0.0,0.000,0.000,181182,133153,0.0,0.2,0.2,0.000,0.089,67808,78048,63.0,0.720,40.000,600.0,2400.0,1200.0,100.0,0.0,0.0,0.0,0.0,0.0,0.0,0.0,0.0,0,0,16.0,93,いいえ,いいえ,いいえ,54.2,58.0,61.7,84.0,0.940,12.254,12.255,12.215,12.290,12.257,1433,1429,71.589,28.097,50.777,10.540,18.603,56.311,5.271,23.848,13.833,45.595,220.000,220.000,2460.0,1312.7,2010.0,2412.8,2010.0,2453.6,1311.2,2009.9,38.0,9.0,5.0,2.0,28.2,20.1,75.6,0.0,4.8,0.0,34,34,はい,いいえ,いいえ,いいえ,いいえ,はい,いいえ,33.9,33.6,0,0,0,0,0,0,0,0,0,14,0,0,0,0,0,0,0,0,0,0,0,0,0,0,0,0,0,0,0,0,8817,3465,3192,263,16.0,45.7,48.1,41.7,41.3,41.2,45.7,47.8,41.9,41.3,41.3,41.3,21.90,23.97,20.75,20.69,24.27,7.91,13.98,21.68,0.22,0.61,0,0,0.0,0.0,44353,39498,18.5,1123.0,0,41.2,24.27,0.0,
19.7.2026,1:17:53.103,17978,15933,53.0,12029,19834,37.7,2.5,2048,51,1.218,1.270,1.210,1.210,1.205,1.205,1.205,4244.6,5090.8,4891.2,4891.2,3972.8,3310.7,3310.7,99.8,2707.3,3376.4,2392.5,3690.0,2996.4,3131.7,3163.4,2704.6,2615.0,2063.0,2005.9,2168.9,2180.0,2707.3,54.3,57.5,48.3,73.2,58.9,61.4,62.2,56.2,54.3,44.0,42.7,46.0,46.4,73.2,54.3,69.8,74.5,62.7,97.2,78.7,82.4,83.2,71.2,68.8,53.4,51.8,56.5,56.8,69.8,42.5,51.0,49.0,49.0,39.8,33.2,33.2,0.0,72.8,70.3,89.2,84.4,75.2,56.5,61.1,27.2,29.7,10.8,15.6,24.8,43.5,38.9,0.0,0.0,0.0,0.0,0.0,0.0,0.0,2395.7,24.00,40,39,39,77,116,708,1,81.6,78.8,77.1,74.0,70.1,77.0,78.3,76.1,68.9,73.7,62.9,62.9,67.8,61.4,43.1,42.0,45.0,1.267,1.015,1.100,31.609,8.429,31.617,59.500,6.211,62.392,6.150,5.828,7.017,6.894,6.231,5.271,5.661,40.062,8.554,55.448,61.033,1996.4,2395.7,5081.0,5081.0,5090.6,69.4,42.2,39.7,69.4,92.7,いいえ,いいえ,いいえ,10.678,1.685,4.4,40.0,81.6,40.0,81.0,1.296,12.144,3.456,3.312,5.016,1.072,1.048,3.440,3.328,1.808,1.024,1.120,1.032,1.792,1.096,0.752,1.824,0.256,2036,いいえ,57.4,42.2,1.095,1.110,1.815,1.800,0.990,4.970,0.875,いいえ,いいえ,いいえ,40.8,1.095,1.110,1.815,1.800,0.990,4.970,1.000,いいえ,いいえ,いいえ,37,37,いいえ,はい,15390,14039,128,128,34,100.0,いいえ,いいえ,3868,2528,9990,37,39,47,100.0,100.0,いいえ,いいえ,7032,7745,0.0,0.0,0.0,0.000,0.004,1392,2688,0.0,0.0,0.0,0.000,0.000,181182,133153,0.0,0.1,0.1,0.000,0.091,67808,78048,63.1,0.720,49.000,600.0,2400.0,1200.0,100.0,0.0,0.0,0.0,0.0,0.0,0.0,0.0,0.0,0,0,16.0,93,いいえ,いいえ,いいえ,67.3,58.0,80.2,84.0,1.095,12.177,12.164,12.170,12.210,12.165,1407,1405,149.428,84.338,127.970,13.429,20.554,135.483,6.715,27.215,226.854,116.487,220.000,220.000,2775.0,1312.7,2145.0,2662.7,2235.0,2776.8,1311.2,2235.1,57.0,16.0,4.0,2.0,28.2,17.6,65.6,0.0,4.9,0.0,34,34,はい,いいえ,いいえ,はい,いいえ,いいえ,いいえ,70.5,64.3,0,0,0,0,0,0,0,0,0,14,0,0,0,0,0,0,0,0,0,0,0,0,0,0,0,0,0,0,0,0,8817,3465,3192,263,16.0,110.3,128.9,81.3,78.9,79.9,110.1,133.8,81.3,79.4,80.2,79.2,9.07,12.14,7.65,7.61,12.38,5.54,3.54,8.88,0.19,0.34,0,0,0.0,0.0,44353,39501,20.0,1407.2,0,78.6,12.62,0.0,
19.7.2026,1:17:55.090,18029,15881,53.1,12032,19831,37.7,2.5,2048,51,1.273,1.285,1.275,1.275,1.270,1.265,1.265,4595.9,4112.6,4112.6,5140.7,5090.8,4052.7,5065.9,99.8,2540.8,3236.9,2207.3,3445.6,2782.0,3072.3,2865.6,2436.2,2343.6,1882.6,1873.1,2177.6,2166.7,2540.8,51.9,57.2,45.0,69.9,55.6,61.8,57.3,52.7,49.6,41.3,40.5,46.6,45.6,69.9,51.9,65.4,72.9,57.2,90.8,73.2,80.9,75.3,64.1,60.6,48.7,48.3,56.6,55.9,65.4,46.0,41.2,41.2,51.5,51.0,40.6,50.8,0.0,69.5,68.4,85.6,81.1,69.1,51.8,60.7,30.5,31.6,14.4,18.9,30.9,48.2,39.3,0.0,0.0,0.0,0.0,0.0,0.0,0.0,2395.7,24.00,40,39,39,77,116,708,1,81.8,79.0,79.1,73.9,70.1,77.0,77.9,75.5,68.8,74.0,63.0,63.0,68.8,61.5,43.2,42.0,45.0,1.262,1.015,1.100,31.448,8.414,31.457,56.500,6.216,61.997,6.035,5.749,6.846,6.687,5.968,5.184,5.775,39.716,8.540,55.093,60.617,1996.4,2395.7,5072.1,5072.1,5082.1,68.9,41.9,37.7,68.9,92.9,いいえ,いいえ,いいえ,9.613,1.490,4.2,40.0,82.1,40.0,82.0,1.256,12.091,3.456,3.312,5.016,1.072,1.048,3.440,3.328,1.808,1.024,1.120,1.032,1.792,1.104,0.752,1.824,0.256,2017,いいえ,57.4,42.2,1.095,1.110,1.800,1.800,0.990,4.970,1.000,いいえ,いいえ,いいえ,41.0,1.095,1.110,1.815,1.800,0.990,4.970,0.875,いいえ,いいえ,いいえ,37,37,いいえ,はい,15390,14039,128,128,34,100.0,いいえ,いいえ,3868,2528,9990,37,39,48,100.0,100.0,いいえ,いいえ,7032,7745,0.0,0.0,0.0,0.000,0.004,1392,2688,0.0,0.0,0.0,0.000,0.000,181182,133153,0.4,0.2,0.5,0.095,0.237,67808,78049,63.3,0.720,41.000,600.0,2400.0,1200.0,100.0,0.0,0.0,0.0,0.0,0.0,0.0,0.0,0.0,0,0,16.0,93,いいえ,いいえ,いいえ,66.2,60.0,77.7,84.0,1.095,12.172,12.158,12.165,12.203,12.160,1396,1393,152.897,66.560,133.741,13.447,20.571,141.240,6.724,27.259,99.764,89.730,220.000,220.000,2775.0,1312.7,2145.0,2739.2,2235.0,2775.8,1311.4,2234.3,60.0,16.0,8.0,3.0,28.2,17.7,64.2,0.0,6.6,0.0,34,34,はい,いいえ,いいえ,はい,いいえ,いいえ,いいえ,73.2,75.5,0,0,0,0,0,0,0,0,0,14,0,0,0,0,0,0,0,0,0,0,0,0,0,0,0,0,0,0,0,0,8817,3465,3192,263,16.0,83.3,97.0,73.6,73.4,73.3,83.4,97.5,73.6,73.5,73.5,73.5,12.01,13.57,10.27,10.24,13.66,6.80,5.19,11.80,0.21,0.46,0,0,0.0,0.0,44353,39504,28.8,1564.3,0,73.3,13.66,0.0,
19.7.2026,1:17:57.089,17991,15920,53.0,12031,19832,37.7,2.5,2048,51,1.272,1.260,1.275,1.275,1.275,1.275,1.275,4974.4,5016.0,4966.0,4966.0,4966.0,4966.0,4966.0,99.8,2652.1,3331.7,2238.1,3566.1,2925.3,3161.7,3082.1,2560.4,2705.5,1900.8,1982.1,2187.0,2184.6,2652.1,54.2,59.9,45.7,71.8,58.3,62.6,61.0,54.6,57.2,41.9,42.9,48.0,46.2,71.8,54.2,68.5,76.0,58.0,93.9,76.9,83.2,81.3,67.3,71.2,49.2,51.0,57.3,56.2,68.5,49.8,50.2,49.8,49.8,49.8,49.8,49.8,0.0,71.8,70.3,87.4,82.7,75.6,53.4,61.5,28.2,29.7,12.6,17.3,24.4,46.6,38.5,0.0,0.0,0.0,0.0,0.0,0.0,0.0,2395.7,24.00,40,39,39,77,116,708,1,81.9,79.1,77.1,74.3,70.5,77.2,78.4,76.4,69.0,74.3,63.2,63.2,68.5,61.4,43.4,42.0,45.0,1.265,1.015,1.100,32.055,8.478,32.044,57.000,6.206,62.964,6.181,5.876,6.929,6.870,6.280,5.287,5.841,40.575,8.604,56.005,61.557,1996.4,2395.7,5075.0,5075.0,5085.1,70.0,42.7,38.0,70.0,93.0,いいえ,いいえ,いいえ,10.488,1.611,4.3,40.0,81.9,40.0,81.0,1.280,12.091,3.456,3.296,5.016,1.072,1.048,3.440,3.328,1.808,1.024,1.120,1.032,1.792,1.096,0.752,1.824,0.256,2045,いいえ,57.4,42.2,1.095,1.110,1.800,1.800,0.990,4.970,0.875,いいえ,いいえ,いいえ,41.0,1.095,1.110,1.800,1.800,0.990,4.970,0.625,いいえ,いいえ,いいえ,37,37,いいえ,はい,15390,14039,128,128,34,100.0,いいえ,いいえ,3868,2528,9990,37,39,47,100.0,100.0,いいえ,いいえ,7032,7745,0.0,0.1,0.1,0.000,0.010,1392,2688,0.0,0.0,0.0,0.000,0.000,181182,133153,0.0,0.1,0.1,0.000,0.049,67808,78049,63.4,0.720,28.000,600.0,2400.0,1200.0,100.0,0.0,0.0,0.0,0.0,0.0,0.0,0.0,0.0,0,0,16.0,93,いいえ,いいえ,いいえ,66.3,58.0,77.0,84.0,1.095,12.173,12.159,12.165,12.207,12.160,1394,1392,154.649,58.726,127.682,13.935,20.936,135.348,6.956,27.850,26.450,110.656,220.000,220.000,2775.0,1312.7,2145.0,2737.8,2235.0,2763.8,1311.4,2227.2,60.0,18.0,5.0,3.0,28.2,16.1,59.2,0.0,5.3,0.0,35,35,はい,いいえ,いいえ,はい,いいえ,いいえ,いいえ,70.7,74.1,0,0,0,0,0,0,0,0,0,14,0,0,0,0,0,0,0,0,0,0,0,0,0,0,0,0,0,0,0,0,8817,3465,3192,263,16.0,93.4,98.9,84.7,80.3,79.8,93.4,100.5,85.8,79.7,79.1,79.1,10.71,11.85,10.02,9.86,12.49,6.64,4.07,10.51,0.20,0.47,0,0,0.0,0.0,44353,39505,19.8,782.7,0,79.8,12.49,0.0,
19.7.2026,1:17:59.105,17986,15924,53.0,12031,19832,37.7,2.5,2048,51,1.236,1.245,1.200,1.200,1.250,1.250,1.270,4659.1,4891.2,4991.0,4991.0,4012.8,5016.0,4052.7,99.8,2661.0,3379.0,2297.1,3644.5,2875.5,3107.7,3145.5,2511.4,2620.9,1879.7,2082.3,2123.5,2265.3,2661.0,53.9,60.0,46.0,73.1,57.0,61.2,61.8,53.3,55.3,40.9,44.6,46.1,47.6,73.1,53.9,68.7,76.9,59.4,96.0,75.6,81.8,82.8,66.1,69.0,48.6,53.7,55.4,58.5,68.7,46.7,49.0,50.0,50.0,40.2,50.2,40.6,0.0,72.2,70.9,87.5,83.6,74.2,55.0,62.2,27.8,29.1,12.5,16.4,25.8,45.0,37.8,0.0,0.0,0.0,0.0,0.0,0.0,0.0,2395.7,24.00,40,39,39,77,116,708,1,82.1,79.4,80.1,74.6,70.9,77.5,78.7,76.7,69.5,74.4,63.4,63.4,68.5,61.7,43.5,42.2,45.0,1.263,1.015,1.100,31.976,8.539,31.972,57.000,6.224,62.842,6.192,5.938,6.959,6.859,6.268,5.356,5.772,40.405,8.666,55.917,61.476,1996.4,2395.7,5067.7,5067.7,5077.5,69.9,42.6,38.0,69.9,93.4,いいえ,いいえ,いいえ,10.468,1.629,4.3,40.0,82.0,40.0,82.0,1.288,12.091,3.456,3.312,5.016,1.064,1.048,3.440,3.328,1.808,1.024,1.120,1.032,1.792,1.104,0.752,1.824,0.256,2020,いいえ,57.4,42.2,1.095,1.110,1.800,1.800,1.005,4.970,0.625,いいえ,いいえ,いいえ,41.0,1.095,1.110,1.800,1.800,1.005,4.970,0.500,いいえ,いいえ,いいえ,37,37,いいえ,はい,15390,14039,128,128,34,100.0,いいえ,いいえ,3868,2528,9990,37,39,47,100.0,100.0,いいえ,いいえ,7032,7745,0.0,0.0,0.0,0.000,0.006,1392,2688,0.0,0.0,0.0,0.000,0.000,181182,133153,0.0,0.3,0.3,0.000,0.085,67808,78049,63.6,0.720,31.000,600.0,2400.0,1200.0,100.0,0.0,0.0,0.0,0.0,0.0,0.0,0.0,0.0,0,0,16.0,93,いいえ,いいえ,いいえ,66.8,58.0,77.9,84.0,1.095,12.177,12.163,12.169,12.210,12.164,1409,1407,155.780,57.671,126.725,13.696,20.760,134.263,6.848,27.572,25.667,105.840,220.000,220.000,2775.0,1312.7,2145.0,2738.0,2235.0,2770.3,1312.1,2233.7,60.0,17.0,4.0,3.0,28.2,17.1,63.6,0.0,4.6,0.0,36,36,はい,いいえ,いいえ,はい,いいえ,いいえ,いいえ,70.1,70.0,0,0,0,0,0,0,0,0,0,14,0,0,0,0,0,0,0,0,0,0,0,0,0,0,0,0,0,0,0,0,8817,3465,3192,263,16.0,95.4,100.2,86.9,85.3,85.1,95.4,100.5,86.7,85.6,85.5,85.5,10.48,11.50,9.96,9.82,11.71,6.37,4.11,10.28,0.20,0.38,0,0,0.0,0.0,44353,39507,18.2,722.2,0,85.1,11.71,0.0,
19.7.2026,1:18:1.096,17988,15923,53.0,12033,19830,37.7,2.5,2048,51,1.221,1.285,1.200,1.210,1.210,1.210,1.210,4312.8,5140.7,4941.1,5040.9,4032.7,3360.6,3360.6,99.8,2599.2,3311.1,2368.1,3564.9,2760.6,2759.4,3333.3,2271.8,2750.0,1830.1,2033.0,2050.3,2157.9,2599.2,53.3,58.4,48.9,72.6,55.5,55.1,67.1,48.3,58.8,40.1,43.8,44.4,46.2,72.6,53.3,67.0,74.1,62.0,93.9,72.6,72.6,87.8,59.6,72.4,47.5,52.5,53.2,56.3,67.0,43.2,51.5,49.5,50.5,40.4,33.7,33.7,0.0,70.1,70.1,86.4,82.1,71.6,52.2,58.0,29.9,29.9,13.6,17.9,28.4,47.8,42.0,0.0,0.0,0.0,0.0,0.0,0.0,0.0,2395.7,24.00,40,39,39,77,116,708,1,82.2,79.6,81.0,74.5,71.0,77.6,78.7,76.4,69.4,74.0,63.5,63.5,68.5,61.9,43.7,42.6,45.0,1.256,1.015,1.100,31.680,8.487,31.685,56.000,6.226,62.211,6.024,5.741,6.879,6.746,6.079,5.167,5.533,39.852,8.613,55.314,60.834,1996.4,2395.7,5057.2,5057.2,5069.2,69.1,42.2,37.3,69.1,93.6,いいえ,いいえ,いいえ,9.604,1.512,4.2,40.0,82.4,40.0,82.0,1.264,12.091,3.456,3.312,5.016,1.064,1.048,3.440,3.328,1.808,1.024,1.120,1.032,1.792,1.096,0.744,1.824,0.256,2042,いいえ,57.4,42.5,1.095,1.110,1.800,1.800,1.005,4.970,0.875,いいえ,いいえ,いいえ,41.0,1.095,1.110,1.800,1.800,1.005,4.970,1.875,いいえ,いいえ,いいえ,37,37,いいえ,はい,15390,14039,128,128,34,100.0,いいえ,いいえ,3868,2528,9990,37,39,47,100.0,100.0,いいえ,いいえ,7032,7745,0.0,0.1,0.1,0.000,0.008,1392,2688,0.0,0.0,0.0,0.000,0.000,181182,133153,0.0,0.1,0.1,0.000,0.081,67808,78049,63.7,0.720,45.000,600.0,2400.0,1200.0,100.0,0.0,0.0,0.0,0.0,0.0,0.0,0.0,0.0,0,0,16.0,93,いいえ,いいえ,いいえ,66.0,60.0,75.9,84.0,1.095,12.172,12.159,12.162,12.206,12.160,1429,1426,152.132,65.982,126.311,14.615,21.479,134.281,7.308,28.744,105.451,89.664,220.000,220.000,2775.0,1312.7,2145.0,2743.8,2235.0,2732.7,1311.6,2209.0,59.0,19.0,7.0,3.0,28.2,17.3,63.6,0.0,5.4,0.0,36,36,はい,いいえ,いいえ,はい,いいえ,いいえ,いいえ,70.5,62.6,0,0,0,0,0,0,0,0,0,14,0,0,0,0,0,0,0,0,0,0,0,0,0,0,0,0,0,0,0,0,8817,3465,3192,263,16.0,76.0,81.7,68.6,66.9,66.8,76.1,82.1,68.9,67.4,67.2,67.2,13.16,14.58,12.25,12.15,14.90,6.90,6.25,12.95,0.21,0.43,0,0,0.0,0.0,44353,39509,23.0,1260.4,0,66.8,14.90,0.0,
19.7.2026,1:18:3.119,17975,15936,53.0,12030,19833,37.7,2.5,2048,51,1.212,1.185,1.235,1.235,1.205,1.205,1.205,4928.6,4916.1,4916.1,4916.1,4941.1,4941.1,4941.1,99.8,2548.7,3215.3,2208.0,3533.1,2735.9,2748.2,3148.6,2235.2,2629.0,1888.4,2011.7,2111.4,2119.8,2548.7,52.3,58.6,45.6,72.0,54.8,55.3,63.6,47.7,56.4,41.0,43.2,45.3,44.7,72.0,52.3,65.9,74.4,57.9,93.1,71.9,72.3,82.9,58.5,69.2,48.9,51.9,54.8,54.6,65.9,49.4,49.2,49.2,49.2,49.5,49.5,49.5,0.0,69.0,68.3,85.8,80.0,69.3,52.9,57.9,31.0,31.7,14.2,20.0,30.7,47.1,42.1,0.0,0.0,0.0,0.0,0.0,0.0,0.0,2395.7,24.00,40,39,39,77,116,708,1,82.4,79.5,82.5,74.5,70.9,77.7,78.5,76.1,69.6,74.1,63.5,63.5,69.0,62.1,43.7,42.8,45.0,1.255,1.015,1.100,31.373,8.513,31.367,57.500,6.229,61.798,5.958,5.673,6.833,6.607,5.901,5.176,5.559,39.437,8.640,54.929,60.413,1996.4,2395.7,5057.3,5057.3,5070.6,68.7,41.8,38.3,68.7,93.5,いいえ,いいえ,いいえ,9.281,1.470,4.1,40.0,82.2,40.0,82.0,1.256,12.038,3.440,3.296,5.016,1.064,1.048,3.440,3.328,1.808,1.024,1.120,1.032,1.792,1.096,0.744,1.824,0.256,2030,いいえ,57.4,42.5,1.110,1.110,1.800,1.800,1.005,4.970,0.875,いいえ,いいえ,いいえ,41.0,1.110,1.110,1.800,1.800,1.005,4.970,1.000,いいえ,いいえ,いいえ,37,37,いいえ,はい,15390,14039,128,128,34,100.0,いいえ,いいえ,3868,2528,9990,37,39,47,100.0,100.0,いいえ,いいえ,7032,7745,0.0,0.0,0.0,0.000,0.004,1392,2688,0.0,0.0,0.0,0.000,0.000,181182,133153,0.0,0.1,0.1,0.000,0.010,67808,78049,63.9,0.720,31.000,600.0,2400.0,1200.0,100.0,0.0,0.0,0.0,0.0,0.0,0.0,0.0,0.0,0,0,16.0,93,いいえ,いいえ,いいえ,65.3,60.0,74.5,84.0,1.095,12.176,12.164,12.166,12.209,12.165,1444,1439,133.826,67.056,125.335,14.451,21.302,133.247,7.226,28.490,109.122,97.273,220.000,220.000,2775.0,1312.7,2145.0,2748.6,2235.0,2760.9,1311.4,2226.2,52.0,18.0,7.0,2.0,28.2,15.9,56.1,0.0,7.4,0.0,36,36,はい,いいえ,いいえ,はい,いいえ,いいえ,いいえ,69.9,77.5,0,0,0,0,0,0,0,0,0,14,0,0,0,0,0,0,0,0,0,0,0,0,0,0,0,0,0,0,0,0,8817,3465,3192,263,16.0,75.9,80.1,69.7,69.7,69.7,75.9,80.3,70.2,70.2,70.2,70.2,13.18,14.33,12.46,12.46,14.34,7.63,5.54,12.96,0.21,0.36,0,0,0.0,0.0,44353,39512,24.7,1649.5,0,69.7,14.34,0.0,
19.7.2026,1:18:5.107,17978,15933,53.0,12026,19836,37.7,2.5,2048,51,1.225,1.185,1.245,1.245,1.225,1.225,1.225,4957.7,4966.0,4941.1,4941.1,4966.0,4966.0,4966.0,99.8,2592.0,3284.9,2298.2,3543.6,2782.7,2954.7,3212.6,2324.1,2553.8,1943.7,1947.4,2155.9,2102.6,2592.0,53.6,59.2,47.4,72.6,56.3,59.7,65.0,50.0,55.7,42.8,42.6,46.8,44.8,72.6,53.6,66.8,75.0,59.6,93.4,73.2,77.8,84.6,60.4,67.2,50.3,50.3,56.1,54.2,66.8,49.7,49.8,49.5,49.5,49.8,49.8,49.8,0.0,69.7,69.7,85.9,83.0,69.7,52.4,57.6,30.3,30.3,14.1,17.0,30.3,47.6,42.4,0.0,0.0,0.0,0.0,0.0,0.0,0.0,2395.7,24.00,40,39,39,77,116,708,1,82.6,80.0,78.6,74.9,71.3,78.1,79.2,76.4,69.8,74.6,63.7,63.7,69.0,62.1,43.8,43.0,45.0,1.253,1.015,1.100,31.731,8.582,31.724,57.500,6.190,62.175,6.040,5.830,6.868,6.779,5.925,5.203,5.634,39.821,8.709,55.340,60.827,1996.4,2395.7,5050.0,5050.0,5064.1,69.1,42.3,38.3,69.1,94.1,いいえ,いいえ,いいえ,9.370,1.493,4.2,40.0,82.6,40.0,82.0,1.272,12.091,3.440,3.312,5.016,1.064,1.048,3.440,3.328,1.808,1.024,1.120,1.032,1.792,1.096,0.744,1.824,0.256,2039,いいえ,57.4,42.5,1.110,1.110,1.800,1.800,1.005,4.970,1.000,いいえ,いいえ,いいえ,41.2,1.110,1.110,1.800,1.800,1.005,4.970,0.875,いいえ,いいえ,いいえ,37,37,いいえ,はい,15390,14039,128,128,34,100.0,いいえ,いいえ,3868,2528,9990,37,39,47,100.0,100.0,いいえ,いいえ,7032,7745,0.0,0.0,0.0,0.000,0.002,1392,2688,0.0,0.0,0.0,0.000,0.000,181182,133153,0.0,0.1,0.1,0.000,0.028,67808,78049,64.0,0.720,29.000,600.0,2400.0,1200.0,100.0,0.0,0.0,0.0,0.0,0.0,0.0,0.0,0.0,0,0,16.0,93,いいえ,いいえ,いいえ,64.6,60.0,73.3,84.0,1.095,12.182,12.171,12.169,12.217,12.172,1448,1445,144.099,55.006,117.450,14.556,21.429,125.364,7.279,28.651,26.159,99.158,220.000,220.000,2775.0,1312.7,2145.0,2745.8,2235.0,2777.1,1311.5,2231.4,55.0,19.0,7.0,3.0,28.2,19.1,69.0,0.0,7.4,0.0,36,36,はい,いいえ,いいえ,はい,いいえ,いいえ,いいえ,66.4,57.2,0,0,0,0,0,0,0,0,0,14,0,0,0,0,0,0,0,0,0,0,0,0,0,0,0,0,0,0,0,0,8817,3465,3192,263,16.0,78.5,88.1,69.3,64.9,64.5,78.5,88.0,69.0,64.6,64.2,64.2,12.73,14.37,11.37,11.35,15.53,7.33,5.41,12.53,0.20,0.48,0,0,0.0,0.0,44353,39516,25.3,1779.0,0,64.5,15.53,0.0,
19.7.2026,1:18:7.131,17972,15939,52.9,12028,19834,37.7,2.5,2048,51,1.268,1.265,1.265,1.270,1.270,1.270,1.270,4808.0,4991.0,4092.6,4941.1,4941.1,4941.1,4941.1,99.8,2655.0,3515.7,2309.6,3456.8,2904.5,3299.3,2878.6,2563.1,2501.8,2018.2,1976.2,2283.7,2152.5,2655.0,54.7,65.0,47.2,71.1,58.9,66.8,57.6,54.9,53.5,43.5,42.9,49.0,46.0,71.1,54.7,68.7,82.8,60.0,91.1,76.4,86.8,75.7,67.2,65.7,52.0,50.9,59.8,55.9,68.7,48.2,50.0,41.0,49.5,49.5,49.5,49.5,0.0,71.0,74.0,85.1,82.5,70.9,53.1,60.4,29.0,26.0,14.9,17.5,29.1,46.9,39.6,0.0,0.0,0.0,0.0,0.0,0.0,0.0,2395.7,24.00,40,39,39,77,116,708,1,82.9,80.2,81.0,75.4,72.5,78.1,79.3,77.1,70.2,75.0,63.9,63.9,68.5,62.2,43.9,43.0,45.0,1.251,1.015,1.100,32.087,8.738,32.107,56.500,6.189,62.835,6.108,6.184,6.771,6.736,6.044,5.303,5.610,40.211,8.868,55.887,61.426,1996.4,2395.7,5036.7,5036.7,5050.2,69.8,42.8,37.7,69.8,94.4,いいえ,いいえ,いいえ,9.699,1.566,4.3,40.0,82.9,40.0,82.0,1.264,12.038,3.440,3.312,5.016,1.064,1.040,3.440,3.328,1.808,1.024,1.120,1.032,1.792,1.096,0.744,1.824,0.256,2030,いいえ,57.4,42.5,1.110,1.110,1.815,1.800,1.005,4.970,1.000,いいえ,いいえ,いいえ,41.2,1.110,1.110,1.815,1.800,1.005,4.970,0.500,いいえ,いいえ,いいえ,37,37,いいえ,はい,15390,14039,128,128,34,100.0,いいえ,いいえ,3868,2528,9990,37,39,48,100.0,100.0,いいえ,いいえ,7032,7745,0.0,0.1,0.1,0.000,0.012,1392,2688,0.0,0.0,0.0,0.000,0.000,181182,133153,0.0,0.1,0.1,0.000,0.075,67808,78049,64.1,0.720,33.000,600.0,2400.0,1200.0,100.0,0.0,0.0,0.0,0.0,0.0,0.0,0.0,0.0,0,0,16.0,93,いいえ,いいえ,いいえ,67.4,60.0,77.8,84.0,1.095,12.166,12.150,12.163,12.201,12.151,1452,1449,156.917,69.949,137.126,14.750,21.516,145.164,7.376,28.855,112.242,92.566,220.000,220.000,2760.0,1312.7,2130.0,2739.7,2220.0,2746.0,1311.7,2210.2,62.0,19.0,7.0,3.0,28.2,18.7,67.9,0.0,6.8,0.0,36,36,はい,いいえ,いいえ,はい,いいえ,いいえ,いいえ,74.8,67.0,0,0,0,0,0,0,0,0,0,14,0,0,0,0,0,0,0,0,0,0,0,0,0,0,0,0,0,0,0,0,8817,3465,3192,263,16.0,78.0,83.3,70.6,69.9,69.8,78.0,83.5,70.6,70.0,69.9,69.9,12.82,14.15,12.02,12.00,14.25,8.48,4.34,12.60,0.21,0.44,0,0,0.0,0.0,44353,39520,23.9,1878.0,0,69.8,14.25,0.0,
19.7.2026,1:18:9.120,17980,15931,53.0,12029,19834,37.7,2.5,2048,51,1.261,1.265,1.260,1.260,1.260,1.260,1.260,4941.1,4941.1,4941.1,4941.1,4941.1,4941.1,4941.1,99.8,2527.4,3213.4,2151.6,3447.3,2718.0,3379.0,2713.7,2479.0,2377.6,1923.8,1843.0,2137.7,1945.2,2527.4,52.3,58.5,44.2,70.9,55.0,68.5,54.1,53.4,51.1,42.1,40.6,46.5,42.2,70.9,52.3,65.4,74.4,55.8,90.8,71.5,89.1,71.5,65.4,62.6,49.7,47.7,56.4,50.5,65.4,49.5,49.5,49.5,49.5,49.5,49.5,49.5,0.0,68.5,68.1,84.0,81.7,69.1,51.6,56.5,31.5,31.9,16.0,18.3,30.9,48.4,43.5,0.0,0.0,0.0,0.0,0.0,0.0,0.0,2395.7,24.00,40,39,39,77,116,708,1,82.9,80.1,81.0,74.9,71.1,78.1,79.2,76.9,69.8,74.1,63.9,63.9,68.5,62.4,43.9,43.0,45.0,1.254,1.015,1.100,31.253,8.553,31.249,57.500,6.212,61.627,5.957,5.681,6.812,6.707,6.005,5.169,5.369,39.247,8.680,54.760,60.248,1996.4,2395.7,5049.2,5049.2,5063.8,68.5,41.7,38.3,68.5,94.2,いいえ,いいえ,いいえ,9.357,1.475,4.1,40.0,83.0,40.0,83.0,1.280,12.091,3.440,3.312,5.016,1.064,1.040,3.440,3.328,1.808,1.024,1.120,1.032,1.792,1.096,0.744,1.824,0.256,2033,いいえ,57.4,42.8,1.110,1.110,1.815,1.800,1.005,4.970,0.750,いいえ,いいえ,いいえ,41.2,1.110,1.110,1.815,1.800,1.005,4.970,0.625,いいえ,いいえ,いいえ,37,37,いいえ,はい,15390,14039,128,128,34,100.0,いいえ,いいえ,3868,2528,9990,37,39,48,100.0,100.0,いいえ,いいえ,7032,7745,0.0,0.0,0.0,0.000,0.002,1392,2688,0.0,0.0,0.0,0.000,0.000,181182,133153,0.0,0.0,0.0,0.000,0.020,67808,78050,64.3,0.720,38.000,600.0,2400.0,1200.0,100.0,0.0,0.0,0.0,0.0,0.0,0.0,0.0,0.0,0,0,16.0,93,いいえ,いいえ,いいえ,71.3,60.0,83.8,84.0,1.095,12.159,12.144,12.158,12.192,12.143,1464,1461,171.013,77.034,143.174,14.792,21.641,151.244,7.395,28.996,129.660,119.367,220.000,220.000,2760.0,1312.7,2130.0,2719.9,2220.0,2708.2,1310.9,2197.7,67.0,20.0,7.0,3.0,28.2,21.4,78.0,0.0,7.6,0.0,39,39,はい,いいえ,いいえ,はい,いいえ,いいえ,いいえ,78.3,74.0,0,0,0,0,0,0,0,0,0,14,0,0,0,0,0,0,0,0,0,0,0,0,0,0,0,0,0,0,0,0,8817,3465,3192,263,16.0,63.9,82.6,42.4,42.1,42.0,63.9,82.1,42.5,42.2,42.2,42.2,15.65,23.57,12.07,11.99,23.71,10.23,5.43,15.45,0.20,0.72,0,0,0.0,0.0,44353,39523,23.6,1792.8,0,42.0,23.71,0.0,
19.7.2026,1:18:11.121,17978,15933,53.0,12028,19835,37.7,2.5,2048,51,1.228,1.265,1.265,1.265,1.190,1.190,1.190,4788.9,5016.0,4916.1,4916.1,4916.1,4916.1,4052.7,99.8,2455.0,3132.7,2113.7,3260.0,2695.9,2990.4,2774.2,2573.9,2251.3,1949.3,1736.7,2070.0,1912.2,2455.0,49.5,54.2,42.3,66.0,53.8,59.4,54.3,54.2,46.4,41.6,37.2,44.1,40.5,66.0,49.5,63.1,69.9,54.6,85.9,70.9,78.7,72.9,67.8,58.5,50.2,44.6,53.7,49.3,63.1,48.0,50.2,49.2,49.2,49.2,49.2,40.6,0.0,67.6,66.0,81.3,77.9,69.9,52.8,57.5,32.4,34.0,18.7,22.1,30.1,47.2,42.5,0.0,0.0,0.0,0.0,0.0,0.0,0.0,2395.7,24.00,40,39,39,77,116,708,1,82.6,79.5,80.5,74.5,70.8,77.3,78.7,76.8,69.5,74.1,64.0,64.0,69.2,62.4,44.0,43.0,45.0,1.259,1.015,1.100,31.092,8.460,31.089,59.500,6.212,61.361,5.944,5.650,6.620,6.631,6.119,5.164,5.481,39.183,8.586,54.601,60.094,1996.4,2395.7,5059.2,5059.2,5072.1,68.3,41.5,39.7,68.3,93.5,いいえ,いいえ,いいえ,9.204,1.453,4.1,40.0,82.8,40.0,82.0,1.272,12.091,3.456,3.312,5.016,1.064,1.040,3.440,3.328,1.808,1.024,1.120,1.032,1.792,1.096,0.744,1.824,0.256,2030,いいえ,57.4,42.8,1.110,1.110,1.815,1.800,0.990,4.970,1.000,いいえ,いいえ,いいえ,41.2,1.110,1.110,1.815,1.800,1.005,4.970,0.750,いいえ,いいえ,いいえ,37,37,いいえ,はい,15390,14039,128,128,34,100.0,いいえ,いいえ,3868,2528,9990,37,39,48,100.0,100.0,いいえ,いいえ,7032,7745,0.0,48.6,48.6,0.000,0.003,1392,2688,0.0,0.0,0.0,0.000,0.000,181182,133153,0.0,0.0,0.0,0.000,0.001,67808,78050,64.4,0.720,36.000,600.0,2400.0,1200.0,100.0,0.0,0.0,0.0,0.0,0.0,0.0,0.0,0.0,0,0,16.0,93,いいえ,いいえ,いいえ,68.0,60.0,79.6,84.0,1.095,12.191,12.182,12.178,12.224,12.181,1518,1516,145.872,66.016,114.727,12.913,20.301,121.901,6.456,26.706,133.019,92.107,220.000,220.000,2760.0,1312.7,2130.0,2730.6,2220.0,2661.9,1311.3,2183.0,52.0,14.0,5.0,2.0,28.2,16.7,61.8,0.0,5.2,0.0,40,40,はい,いいえ,いいえ,はい,いいえ,いいえ,いいえ,64.3,64.5,0,0,0,0,0,0,0,0,0,14,0,0,0,0,0,0,0,0,0,0,0,0,0,0,0,0,0,0,0,0,8817,3465,3192,263,16.0,49.4,52.7,45.0,44.3,44.3,49.4,53.3,44.8,44.0,43.9,43.9,20.25,22.31,18.96,18.86,22.77,10.81,9.45,20.02,0.23,0.80,0,0,0.0,0.0,44353,39526,18.3,1171.8,0,44.3,22.77,0.0,
19.7.2026,1:18:13.120,17982,15929,53.0,12028,19835,37.7,2.5,2048,51,1.270,1.270,1.270,1.270,1.270,1.270,1.270,4582.6,5065.9,5115.8,5115.8,4092.6,4092.6,4012.8,99.8,2474.6,3274.3,2209.7,3221.6,2827.0,2579.4,3242.2,2437.2,2406.8,1846.1,1778.8,1941.6,1930.7,2474.6,49.6,54.3,44.2,64.8,56.5,49.8,64.3,51.3,50.5,39.3,38.0,41.3,41.2,64.8,49.6,63.2,70.2,57.1,84.8,74.3,67.3,85.3,64.1,62.8,47.4,45.7,50.1,49.7,63.2,45.9,50.8,51.2,51.2,41.0,41.0,40.2,0.0,68.5,68.6,82.9,79.4,71.1,52.3,56.7,31.5,31.4,17.1,20.6,28.9,47.7,43.3,0.0,0.0,0.0,0.0,0.0,0.0,0.0,2395.7,24.00,40,39,39,77,116,708,1,82.6,79.8,80.5,74.8,71.3,77.9,79.1,76.7,69.7,74.1,64.2,64.2,69.5,62.8,44.0,43.0,45.0,1.260,1.015,1.100,31.006,8.511,31.013,59.000,6.216,61.498,6.028,5.799,6.800,6.766,6.106,5.179,5.517,39.097,8.638,54.572,60.084,1996.4,2395.7,5057.7,5057.7,5070.2,68.3,41.4,39.3,68.3,93.9,いいえ,いいえ,いいえ,9.257,1.457,4.1,40.0,82.8,40.0,82.0,1.280,12.091,3.456,3.312,5.016,1.072,1.040,3.440,3.328,1.808,1.024,1.120,1.032,1.792,1.104,0.744,1.824,0.256,2036,いいえ,57.4,42.8,1.110,1.110,1.815,1.800,0.990,4.970,0.500,いいえ,いいえ,いいえ,41.2,1.110,1.110,1.815,1.800,0.990,5.040,0.875,いいえ,いいえ,いいえ,37,37,いいえ,はい,15390,14039,128,128,34,100.0,いいえ,いいえ,3868,2528,9990,38,40,48,100.0,100.0,いいえ,いいえ,7032,7745,0.0,0.1,0.1,0.000,0.006,1392,2688,0.0,0.0,0.0,0.000,0.000,181182,133153,0.0,0.5,0.5,0.000,0.869,67808,78051,64.5,0.720,56.000,600.0,2400.0,1200.0,100.0,0.0,0.0,0.0,0.0,0.0,0.0,0.0,0.0,0,0,16.0,93,いいえ,いいえ,いいえ,67.0,60.0,78.3,84.0,1.095,12.195,12.185,12.181,12.229,12.185,1562,1561,141.143,51.485,110.850,12.843,20.294,117.993,6.434,26.677,26.075,90.717,220.000,220.000,2760.0,1312.7,2130.0,2728.1,2220.0,2706.0,1311.9,2196.9,50.0,14.0,5.0,2.0,28.2,15.7,57.9,0.0,4.9,0.0,40,40,はい,いいえ,いいえ,はい,いいえ,いいえ,いいえ,62.5,62.1,0,0,0,0,0,0,0,0,0,14,0,0,0,0,0,0,0,0,0,0,0,0,0,0,0,0,0,0,0,0,8817,3465,3192,263,16.0,50.6,52.9,47.6,47.5,47.5,50.6,53.0,47.7,47.6,47.6,47.6,19.78,21.01,18.98,18.97,21.07,9.71,10.04,19.55,0.23,0.65,0,0,0.0,0.0,44353,39528,18.4,1243.2,0,47.5,21.07,0.0,
19.7.2026,1:18:15.119,17983,15928,53.0,12027,19836,37.7,2.5,2048,51,1.285,1.285,1.285,1.285,1.285,1.285,1.285,4901.2,5090.8,5065.9,5065.9,5065.9,4052.7,5065.9,99.8,2421.8,3193.9,2134.2,3176.5,2660.0,2514.8,3140.6,2367.9,2408.3,1805.3,1783.3,1943.1,1933.4,2421.8,48.6,53.5,42.6,63.9,53.0,48.6,62.5,49.4,50.5,38.7,38.0,41.1,40.8,63.9,48.6,61.9,69.2,55.1,83.7,69.9,65.4,82.7,61.9,63.2,46.5,45.8,50.1,49.7,61.9,49.1,51.0,50.8,50.8,50.8,40.6,50.8,0.0,67.7,67.0,81.4,77.6,70.3,52.7,57.0,32.3,33.0,18.6,22.4,29.7,47.3,43.0,0.0,0.0,0.0,0.0,0.0,0.0,0.0,2395.7,24.00,40,39,39,77,116,708,1,82.4,79.5,81.0,74.7,71.4,77.5,78.8,76.7,69.8,74.3,64.4,64.4,68.8,62.8,44.0,43.0,45.0,1.266,1.015,1.100,30.916,8.475,30.911,57.000,6.223,61.452,6.006,5.799,6.665,6.707,6.080,5.186,5.599,39.140,8.601,54.585,60.093,1996.4,2395.7,5067.9,5067.9,5079.1,68.3,41.2,38.0,68.3,93.5,いいえ,いいえ,いいえ,9.417,1.486,4.1,40.0,82.5,40.0,82.0,1.288,12.144,3.440,3.312,5.016,1.064,1.040,3.440,3.328,1.808,1.024,1.120,1.032,1.792,1.096,0.736,1.824,0.256,2051,いいえ,57.4,43.0,1.095,1.110,1.815,1.800,0.990,4.970,0.625,いいえ,いいえ,いいえ,41.2,1.095,1.110,1.815,1.800,0.990,4.970,1.000,いいえ,いいえ,いいえ,37,37,いいえ,はい,15390,14039,128,128,34,100.0,いいえ,いいえ,3868,2528,9990,38,40,48,100.0,100.0,いいえ,いいえ,7032,7745,0.0,0.0,0.0,0.000,0.004,1392,2688,0.0,0.0,0.0,0.000,0.000,181182,133153,0.0,0.1,0.1,0.000,0.040,67808,78051,64.6,0.720,38.000,600.0,2400.0,1200.0,100.0,0.0,0.0,0.0,0.0,0.0,0.0,0.0,0.0,0,0,16.0,93,いいえ,いいえ,いいえ,65.8,60.0,75.8,84.0,1.100,12.197,12.188,12.183,12.232,12.187,1578,1582,132.048,51.554,110.814,13.650,20.796,118.353,6.825,27.572,26.171,88.253,220.000,220.000,2775.0,1312.7,2145.0,2737.6,2235.0,2754.1,1311.0,2223.6,49.0,16.0,5.0,2.0,28.2,16.4,60.6,0.0,5.0,0.0,40,40,はい,いいえ,いいえ,はい,いいえ,いいえ,いいえ,62.9,61.3,0,0,0,0,0,0,0,0,0,14,0,0,0,0,0,0,0,0,0,0,0,0,0,0,0,0,0,0,0,0,8817,3465,3192,263,16.0,50.9,54.0,43.9,43.4,43.4,50.9,54.5,43.5,42.7,42.6,42.6,19.64,22.68,18.48,18.48,22.83,9.89,9.74,19.41,0.23,0.68,0,0,0.0,0.0,44353,39530,20.0,1274.5,0,43.4,22.83,0.0,
19.7.2026,1:18:17.133,17977,15934,53.0,12027,19836,37.7,2.5,2048,51,1.267,1.275,1.265,1.265,1.265,1.265,1.265,4709.0,5065.9,4032.7,5040.9,5040.9,4032.7,5040.9,99.8,2759.0,3420.6,2431.1,3654.3,2997.6,2863.7,3398.5,2629.3,2827.2,2105.8,2144.9,2289.7,2344.6,2759.0,56.4,61.4,49.5,73.2,59.6,56.5,68.0,54.7,59.5,46.4,47.2,49.7,51.5,73.2,56.4,71.4,79.3,63.8,96.3,78.8,75.1,89.5,69.0,74.4,54.6,55.6,59.4,61.5,71.4,47.2,50.8,40.4,50.5,50.5,40.4,50.5,0.0,72.5,70.8,86.8,81.5,73.7,57.9,64.1,27.5,29.2,13.2,18.5,26.3,42.1,35.9,0.0,0.0,0.0,0.0,0.0,0.0,0.0,2395.7,24.00,40,39,39,77,116,708,1,82.2,79.3,81.0,74.7,71.3,77.5,78.6,76.6,69.7,74.5,64.5,64.5,69.2,62.8,44.0,43.0,45.0,1.266,1.015,1.100,31.035,8.562,31.045,58.000,6.205,61.881,5.852,5.604,6.599,6.513,5.970,4.991,5.437,39.294,8.690,54.809,60.513,1996.4,2395.7,5067.9,5067.9,5078.7,68.8,41.4,38.7,68.8,93.3,いいえ,いいえ,いいえ,12.050,2.194,4.3,40.0,82.4,40.0,82.0,1.288,12.144,3.440,3.312,5.016,1.072,1.040,3.440,3.328,1.808,1.024,1.120,1.032,1.792,1.096,0.736,1.824,0.256,2057,いいえ,57.4,43.0,1.095,1.110,1.815,1.800,0.990,4.970,1.750,いいえ,いいえ,いいえ,41.5,1.095,1.110,1.815,1.800,0.990,4.970,1.000,いいえ,いいえ,いいえ,37,37,いいえ,はい,15390,14039,128,128,34,100.0,いいえ,いいえ,3868,2528,9990,38,40,48,100.0,100.0,いいえ,いいえ,7032,7745,0.0,16.4,16.4,0.000,0.010,1392,2688,0.0,0.0,0.0,0.000,0.000,181182,133153,0.0,0.0,0.0,0.000,0.056,67808,78051,64.7,0.720,48.000,600.0,2400.0,1200.0,100.0,0.0,0.0,0.0,0.0,0.0,0.0,0.0,0.0,0,0,16.0,93,いいえ,いいえ,いいえ,64.2,62.0,73.1,84.0,1.100,12.225,12.221,12.200,12.259,12.220,1592,1594,120.715,53.664,87.546,12.245,19.874,94.343,6.134,25.950,117.383,65.837,220.000,220.000,2775.0,1312.7,2145.0,2742.2,2235.0,2774.1,1311.5,2202.4,37.0,12.0,4.0,1.0,28.2,16.3,60.7,0.0,4.6,0.0,40,40,はい,いいえ,いいえ,はい,いいえ,いいえ,いいえ,51.6,43.8,0,0,0,0,0,0,0,0,0,14,0,0,0,0,0,0,0,0,0,0,0,0,0,0,0,0,0,0,0,0,8817,3465,3192,263,16.0,51.0,54.4,45.6,45.5,45.5,51.0,54.4,45.5,45.2,45.1,45.1,19.62,21.93,18.38,18.31,22.00,7.21,12.40,19.38,0.23,0.54,0,0,0.0,0.0,44353,39532,17.9,1074.4,0,45.5,22.00,0.0,
19.7.2026,1:18:19.123,17976,15935,53.0,12020,19843,37.7,2.5,2048,51,1.260,1.275,1.245,1.215,1.275,1.275,1.275,4707.3,5040.9,4941.1,5090.8,4052.7,4052.7,5065.9,99.8,2860.0,3589.6,2558.7,3714.0,3125.7,3454.7,3027.5,2792.2,2730.0,2272.3,2279.7,2349.2,2426.8,2860.0,58.9,65.3,52.2,74.7,62.4,69.2,60.0,58.9,57.4,50.9,50.4,51.7,53.0,74.7,58.9,74.4,84.2,67.3,97.8,82.2,91.0,79.7,73.5,71.8,59.7,59.3,61.8,63.9,74.4,47.2,50.5,49.5,51.0,40.6,40.6,50.8,0.0,74.8,74.3,88.6,84.1,74.7,61.7,65.1,25.2,25.7,11.4,15.9,25.3,38.3,34.9,0.0,0.0,0.0,0.0,0.0,0.0,0.0,2395.7,24.00,40,39,39,77,116,708,1,82.5,79.7,81.4,75.3,72.0,78.1,79.1,77.0,70.6,75.1,64.7,64.7,69.2,63.0,44.0,43.0,45.0,1.263,1.015,1.100,31.562,8.698,31.545,62.500,6.195,62.579,5.937,5.772,6.763,6.614,5.961,5.060,5.451,39.871,8.827,55.513,61.209,1996.4,2395.7,5058.0,5058.0,5068.3,69.6,42.1,41.7,69.6,93.8,いいえ,いいえ,いいえ,12.528,2.297,4.5,40.0,82.4,40.0,82.0,1.280,12.091,3.440,3.312,5.040,1.064,1.040,3.440,3.328,1.808,1.024,1.120,1.032,1.792,1.104,0.736,1.824,0.256,2054,いいえ,57.4,43.0,1.095,1.110,1.800,1.800,0.990,4.970,1.375,いいえ,いいえ,いいえ,41.5,1.095,1.110,1.815,1.800,0.990,4.970,1.000,いいえ,いいえ,いいえ,37,37,いいえ,はい,15390,14039,128,128,34,100.0,いいえ,いいえ,3868,2528,9990,38,40,48,100.0,100.0,いいえ,いいえ,7032,7745,0.0,0.0,0.0,0.000,0.004,1392,2688,0.0,0.0,0.0,0.000,0.000,181182,133153,0.0,0.1,0.1,0.000,0.097,67808,78051,64.8,0.720,47.000,600.0,2400.0,1200.0,100.0,0.0,0.0,0.0,0.0,0.0,0.0,0.0,0.0,0,0,16.0,93,いいえ,いいえ,いいえ,60.6,60.0,68.0,84.0,1.035,12.240,12.240,12.206,12.274,12.239,1594,1599,98.837,35.890,69.846,13.121,20.543,76.874,6.560,27.051,16.728,56.395,220.000,220.000,2685.0,1312.7,2115.0,2641.8,2160.0,2650.8,1311.5,2146.5,43.0,15.0,5.0,2.0,28.2,13.8,50.0,0.0,5.1,0.0,40,40,はい,いいえ,いいえ,いいえ,いいえ,はい,いいえ,44.0,47.2,0,0,0,0,0,0,0,0,0,14,0,0,0,0,0,0,0,0,0,0,0,0,0,0,0,0,0,0,0,0,8817,3465,3192,263,16.0,84.4,91.6,74.7,74.4,74.4,83.9,91.1,68.7,53.7,52.5,52.5,11.85,13.39,10.93,10.82,13.43,5.36,6.55,11.65,0.21,0.55,0,0,0.0,0.0,44353,39535,20.4,1543.1,0,74.4,13.43,0.0,
19.7.2026,1:18:21.123,17958,15953,52.9,12016,19847,37.7,2.5,2048,51,1.263,1.250,1.265,1.265,1.265,1.265,1.265,4961.9,5065.9,4941.1,4941.1,4941.1,4941.1,4941.1,99.8,2781.7,3545.5,2624.0,3590.7,2972.0,3518.1,2746.3,2584.0,2748.0,2114.9,2270.7,2323.4,2342.2,2781.7,57.4,62.4,53.9,72.8,59.6,71.2,54.0,55.5,58.6,47.1,50.7,51.6,51.5,72.8,57.4,72.0,80.0,69.1,94.6,78.2,92.7,72.2,68.1,72.4,54.8,59.7,61.1,61.7,72.0,49.7,50.8,49.5,49.5,49.5,49.5,49.5,0.0,73.1,74.1,85.7,81.2,73.3,60.0,64.5,26.9,25.9,14.3,18.8,26.7,40.0,35.5,0.0,0.0,0.0,0.0,0.0,0.0,0.0,2395.7,24.00,40,39,39,77,116,708,1,82.9,80.0,83.0,75.5,72.2,78.2,79.3,77.4,70.9,74.9,64.8,64.8,69.2,63.0,44.0,43.0,45.0,1.250,1.015,1.100,31.368,8.673,31.368,55.500,6.245,61.961,5.872,5.703,6.623,6.499,5.954,5.134,5.319,39.263,8.802,54.934,60.556,1996.4,2395.7,5036.4,5036.4,5053.3,68.8,41.8,37.0,68.8,94.2,いいえ,いいえ,いいえ,11.490,2.028,4.4,41.0,82.9,40.0,82.0,1.272,12.091,3.440,3.296,4.992,1.064,1.040,3.440,3.328,1.808,1.024,1.120,1.032,1.792,1.096,0.736,1.824,0.256,2051,いいえ,58.3,43.2,1.095,1.110,1.800,1.800,0.990,4.970,1.000,いいえ,いいえ,いいえ,41.5,1.095,1.110,1.800,1.800,0.990,4.970,0.875,いいえ,いいえ,いいえ,37,37,いいえ,はい,15390,14039,128,128,34,100.0,いいえ,いいえ,3868,2528,9990,38,40,48,100.0,100.0,いいえ,いいえ,7032,7745,0.0,0.0,0.0,0.000,0.002,1392,2688,0.0,0.0,0.0,0.000,0.000,181182,133153,0.0,0.0,0.0,0.032,0.006,67808,78052,65.0,0.720,28.000,600.0,2400.0,1200.0,100.0,0.0,0.0,0.0,0.0,0.0,0.0,0.0,0.0,0,0,16.0,93,いいえ,いいえ,いいえ,73.3,62.0,87.3,84.0,1.095,12.142,12.124,12.152,12.169,12.122,1594,1594,198.209,95.154,166.593,13.676,20.817,174.096,6.837,27.625,202.884,148.705,220.000,220.000,2760.0,1312.7,2130.0,2700.8,2220.0,2652.9,1311.6,2142.3,74.0,16.0,6.0,3.0,28.2,17.7,63.8,0.0,6.8,0.0,40,40,はい,いいえ,いいえ,はい,いいえ,いいえ,いいえ,88.3,81.9,0,0,0,0,0,0,0,0,0,14,0,0,0,0,0,0,0,0,0,0,0,0,0,0,0,0,0,0,0,0,8817,3465,3192,263,16.0,73.3,77.6,68.9,68.0,67.9,73.4,78.1,68.9,68.1,68.0,68.0,13.63,14.49,12.93,12.92,14.72,10.15,3.48,13.44,0.19,0.47,0,0,0.0,0.0,44353,39539,24.3,1786.9,0,67.9,14.72,0.0,
19.7.2026,1:18:23.129,17965,15946,52.9,12017,19846,37.7,2.5,2048,51,1.238,1.275,1.240,1.240,1.240,1.240,1.190,4920.3,5040.9,4891.2,4891.2,4891.2,4891.2,4916.1,99.8,2752.6,3437.9,2485.4,3644.8,2856.7,3464.1,2826.8,2538.0,2748.7,2185.3,2204.7,2382.5,2256.0,2752.6,57.3,61.9,51.8,74.5,57.6,70.3,56.2,54.8,58.9,49.1,49.6,53.0,49.6,74.5,57.3,71.4,78.5,65.4,96.0,75.1,91.3,74.4,66.8,72.3,56.7,58.0,62.7,59.4,71.4,49.3,50.5,49.0,49.0,49.0,49.0,49.2,0.0,72.7,72.3,85.5,82.0,72.5,59.9,63.9,27.3,27.7,14.5,18.0,27.5,40.1,36.1,0.0,0.0,0.0,0.0,0.0,0.0,0.0,2395.7,24.00,40,39,39,77,116,708,1,83.1,80.2,77.6,75.6,72.0,78.2,79.7,77.5,71.0,75.5,64.9,64.9,69.8,63.4,44.0,43.0,45.0,1.249,1.015,1.100,31.491,8.697,31.491,56.500,6.237,62.054,5.861,5.615,6.537,6.542,5.918,5.110,5.444,39.395,8.827,55.082,60.695,1996.4,2395.7,5032.9,5032.9,5050.1,69.0,42.0,37.7,69.0,94.4,いいえ,いいえ,いいえ,11.272,1.992,4.4,41.0,83.1,40.0,83.0,1.280,12.091,3.440,3.296,5.016,1.064,1.040,3.440,3.328,1.808,1.024,1.120,1.032,1.792,1.096,0.736,1.824,0.256,2057,いいえ,58.3,43.2,1.095,1.110,1.800,1.800,1.005,4.970,0.625,いいえ,いいえ,いいえ,41.8,1.095,1.110,1.800,1.800,1.005,4.970,1.625,いいえ,いいえ,いいえ,37,37,いいえ,はい,15390,14039,128,128,34,100.0,いいえ,いいえ,3868,2528,9990,38,40,48,100.0,100.0,いいえ,いいえ,7032,7745,0.0,0.1,0.1,0.000,0.010,1392,2688,0.0,0.0,0.0,0.000,0.000,181182,133153,0.0,0.1,0.1,0.097,0.399,67808,78052,65.2,0.720,59.000,600.0,2400.0,1200.0,100.0,0.0,0.0,0.0,0.0,0.0,0.0,0.0,0.0,0,0,16.0,93,いいえ,いいえ,いいえ,74.2,62.0,88.9,84.0,1.100,12.146,12.129,12.151,12.174,12.128,1633,1632,189.678,67.621,159.603,13.585,20.803,167.109,6.792,27.564,28.764,116.747,220.000,220.000,2760.0,1312.7,2130.0,2703.7,2220.0,2759.0,1311.7,2218.8,70.0,16.0,7.0,3.0,28.2,23.6,87.6,0.0,6.8,0.0,45,45,はい,はい,いいえ,はい,いいえ,いいえ,いいえ,85.1,94.4,0,0,0,0,0,0,0,0,0,14,0,0,0,0,0,0,0,0,0,0,0,0,0,0,0,0,0,0,0,0,8817,3465,3192,263,16.0,71.3,75.9,66.5,66.4,66.4,71.4,76.0,66.3,66.2,66.2,66.2,14.02,15.06,13.19,13.15,15.16,9.66,4.35,13.80,0.21,0.45,0,0,0.0,0.0,44353,39542,23.9,1700.1,0,66.4,15.16,0.0,
19.7.2026,1:18:25.122,17977,15934,53.0,12017,19846,37.7,2.5,2048,51,1.225,1.205,1.265,1.220,1.220,1.220,1.220,4912.0,5040.9,5040.9,4841.3,4841.3,4841.3,4866.2,99.8,2762.1,3546.2,2599.3,3585.3,2907.5,3115.5,3118.6,2443.3,2828.5,2105.7,2195.4,2346.3,2354.2,2762.1,57.2,62.0,53.3,73.4,58.8,63.0,62.9,52.6,60.9,46.8,49.1,52.1,51.6,73.4,57.2,71.4,79.3,68.4,94.4,76.5,81.9,82.2,64.3,74.5,54.5,57.7,61.7,61.9,71.4,49.2,50.5,50.5,48.5,48.5,48.5,48.8,0.0,73.1,74.1,85.5,82.3,73.5,58.3,65.1,26.9,25.9,14.5,17.7,26.5,41.7,34.9,0.0,0.0,0.0,0.0,0.0,0.0,0.0,2395.7,24.00,40,39,39,77,116,708,1,83.2,80.3,77.6,75.8,72.5,78.3,79.6,77.4,71.1,75.9,65.0,65.0,71.0,63.6,44.0,43.0,45.1,1.248,1.015,1.100,31.250,8.800,31.260,55.500,6.227,61.828,5.881,5.709,6.539,6.512,5.864,5.114,5.549,39.056,8.931,54.837,60.462,1996.4,2395.7,5028.1,5028.1,5047.1,68.7,41.7,37.0,68.7,94.5,いいえ,いいえ,いいえ,11.233,1.994,4.4,41.0,83.2,40.0,83.0,1.280,12.038,3.456,3.296,5.016,1.072,1.032,3.440,3.328,1.808,1.024,1.120,1.032,1.792,1.096,0.728,1.824,0.256,2054,いいえ,58.3,43.2,1.095,1.110,1.800,1.800,1.005,4.970,1.625,いいえ,いいえ,いいえ,41.8,1.095,1.110,1.800,1.800,1.005,4.970,1.125,いいえ,いいえ,いいえ,37,37,いいえ,はい,15390,14039,128,128,34,100.0,いいえ,いいえ,3868,2528,9990,38,40,48,100.0,100.0,いいえ,いいえ,7032,7745,0.0,0.0,0.0,0.000,0.000,1392,2688,0.0,0.0,0.0,0.000,0.000,181182,133153,0.0,0.2,0.2,0.000,0.158,67808,78053,65.2,0.720,35.000,600.0,2400.0,1200.0,100.0,0.0,0.0,0.0,0.0,0.0,0.0,0.0,0.0,0,0,16.0,93,いいえ,いいえ,いいえ,71.4,62.0,83.4,84.0,1.100,12.161,12.147,12.164,12.189,12.145,1702,1703,179.349,75.809,150.222,13.483,20.740,157.705,6.728,27.443,97.050,133.098,220.000,220.000,2760.0,1312.7,2130.0,2712.6,2220.0,2694.2,1311.0,2179.2,66.0,16.0,7.0,3.0,28.2,22.0,81.5,0.0,6.7,0.0,45,45,はい,いいえ,いいえ,はい,いいえ,いいえ,いいえ,80.8,69.7,0,0,0,0,0,0,0,0,0,14,0,0,0,0,0,0,0,0,0,0,0,0,0,0,0,0,0,0,0,0,8817,3465,3192,263,16.0,70.3,75.2,64.6,64.6,64.6,70.4,75.1,64.7,64.3,64.3,64.3,14.21,15.46,13.32,13.28,15.47,8.98,5.23,14.01,0.21,0.42,0,0,0.0,0.0,44354,39545,156.3,1593.2,0,64.6,15.47,0.0,
19.7.2026,1:18:27.119,17955,15956,52.9,12015,19848,37.7,2.5,2048,51,1.277,1.275,1.275,1.275,1.280,1.280,1.280,4403.7,4052.7,5065.9,5065.9,4092.6,4072.7,4072.7,99.8,2745.7,3567.9,2523.6,3662.3,2959.8,2693.4,3567.4,2343.1,2902.9,2108.6,2131.0,2237.8,2251.0,2745.7,56.0,62.6,51.4,73.7,58.8,52.8,71.3,48.8,61.4,46.0,46.6,49.3,49.1,73.7,56.0,71.1,81.1,66.4,96.6,77.8,71.0,93.8,61.7,76.4,54.7,55.5,58.9,59.0,71.1,44.1,40.6,50.8,50.8,41.0,40.8,40.8,0.0,72.8,74.0,87.2,82.2,72.4,58.7,62.4,27.2,26.0,12.8,17.8,27.6,41.3,37.6,0.0,0.0,0.0,0.0,0.0,0.0,0.0,2395.7,24.00,40,39,39,77,116,708,1,83.2,80.3,84.5,75.7,73.1,78.3,79.4,77.2,70.9,75.4,65.3,65.3,69.5,63.6,44.0,43.0,45.3,1.260,1.015,1.100,31.040,8.727,31.042,58.500,6.197,61.818,5.927,6.038,6.633,6.514,5.899,5.082,5.394,39.114,8.857,54.787,60.450,1996.4,2395.7,5043.6,5043.6,5056.7,68.7,41.4,39.0,68.7,94.5,いいえ,いいえ,いいえ,11.666,2.156,4.4,41.0,83.2,40.0,83.0,1.280,12.091,3.440,3.312,5.016,1.064,1.032,3.440,3.328,1.808,1.024,1.120,1.032,1.792,1.104,0.728,1.824,0.256,2057,いいえ,58.3,43.5,1.110,1.110,1.800,1.800,1.005,4.970,0.750,いいえ,いいえ,いいえ,41.8,1.095,1.110,1.800,1.800,1.005,4.970,1.000,いいえ,いいえ,いいえ,37,37,いいえ,はい,15390,14039,128,128,34,100.0,いいえ,いいえ,3868,2528,9990,38,40,48,100.0,100.0,いいえ,いいえ,7032,7745,0.0,0.0,0.0,0.000,0.004,1392,2688,0.0,0.0,0.0,0.000,0.000,181182,133153,0.0,0.2,0.2,0.000,0.220,67808,78053,65.3,0.720,35.000,600.0,2400.0,1200.0,100.0,0.0,0.0,0.0,0.0,0.0,0.0,0.0,0.0,0,0,16.0,93,いいえ,いいえ,いいえ,67.8,62.0,78.1,84.0,1.095,12.188,12.178,12.177,12.219,12.177,1747,1751,148.093,73.919,117.988,12.202,19.884,124.865,6.101,25.944,194.823,89.541,220.000,220.000,2760.0,1312.7,2130.0,2725.5,2220.0,2713.7,1311.5,2194.3,49.0,12.0,5.0,2.0,28.2,17.7,65.2,0.0,5.4,0.0,45,45,はい,いいえ,いいえ,はい,いいえ,いいえ,いいえ,61.8,65.5,0,0,0,0,0,0,0,0,0,14,0,0,0,0,0,0,0,0,0,0,0,0,0,0,0,0,0,0,0,0,8817,3465,3192,263,16.0,43.3,45.4,41.1,40.9,40.8,43.3,45.4,40.9,40.8,40.7,40.7,23.12,24.30,22.03,21.98,24.48,11.11,12.01,22.90,0.22,0.55,0,0,0.0,0.0,44354,39548,18.1,1110.2,0,40.8,24.48,0.0,
19.7.2026,1:18:29.130,17956,15955,52.9,12015,19848,37.7,2.5,2048,51,1.250,1.270,1.225,1.225,1.260,1.260,1.260,4506.0,4072.7,4941.1,4941.1,5016.0,4032.7,4032.7,99.8,2660.7,3354.2,2352.8,3566.6,2965.8,2803.4,3396.0,2601.3,2505.5,2130.8,1892.3,2223.2,2136.0,2660.7,54.7,59.5,48.4,71.8,59.4,55.7,68.0,55.4,53.3,47.5,41.8,49.4,46.5,71.8,54.7,68.8,76.3,61.9,93.9,78.0,73.8,89.4,68.4,65.9,55.3,48.7,58.4,55.2,68.8,45.1,40.8,49.5,49.5,50.2,40.4,40.4,0.0,71.1,69.9,85.6,81.6,71.0,56.3,62.1,28.9,30.1,14.4,18.4,29.0,43.7,37.9,0.0,0.0,0.0,0.0,0.0,0.0,0.0,2395.7,24.00,40,39,39,77,116,708,1,83.1,80.2,79.5,75.5,72.1,78.5,79.4,77.2,70.6,75.3,65.3,65.3,70.5,63.8,44.0,43.0,45.7,1.260,1.015,1.100,30.662,8.735,30.654,58.000,6.198,61.326,5.836,5.564,6.649,6.483,5.873,5.020,5.427,38.650,8.865,54.332,59.955,1996.4,2395.7,5046.6,5046.6,5060.5,68.1,40.9,38.7,68.1,94.4,いいえ,いいえ,いいえ,11.192,2.049,4.3,41.0,83.1,40.0,83.0,1.256,12.091,3.440,3.312,5.016,1.072,1.032,3.440,3.328,1.808,1.024,1.120,1.032,1.792,1.096,0.728,1.824,0.256,2054,いいえ,58.3,43.5,1.110,1.110,1.800,1.800,1.005,4.970,0.625,いいえ,いいえ,いいえ,41.8,1.110,1.110,1.800,1.800,1.005,4.970,1.000,いいえ,いいえ,いいえ,37,37,いいえ,はい,15390,14039,128,128,34,100.0,いいえ,いいえ,3868,2528,9990,38,40,48,100.0,100.0,いいえ,いいえ,7032,7745,0.0,0.1,0.1,0.000,0.010,1392,2688,0.0,0.0,0.0,0.000,0.000,181182,133153,0.0,0.1,0.1,0.000,0.197,67808,78053,65.4,0.720,41.000,600.0,2400.0,1200.0,100.0,0.0,0.0,0.0,0.0,0.0,0.0,0.0,0.0,0,0,16.0,93,いいえ,いいえ,いいえ,68.4,62.0,80.7,84.0,1.100,12.212,12.204,12.197,12.243,12.203,1769,1772,133.166,50.873,106.879,11.838,19.551,113.542,5.919,25.426,25.905,97.926,220.000,220.000,2775.0,1312.7,2130.0,2740.1,2235.0,2771.6,1311.1,2210.0,45.0,11.0,4.0,2.0,28.2,16.4,61.5,0.0,4.1,0.0,45,45,はい,いいえ,いいえ,はい,いいえ,いいえ,いいえ,59.5,67.5,0,0,0,0,0,0,0,0,0,14,0,0,0,0,0,0,0,0,0,0,0,0,0,0,0,0,0,0,0,0,8817,3465,3192,263,16.0,41.8,43.7,39.0,38.7,38.6,41.8,43.6,38.9,38.7,38.7,38.7,23.94,25.60,22.89,22.81,25.86,11.05,12.90,23.71,0.23,0.67,0,0,0.0,0.0,44354,39550,17.5,956.0,0,38.6,25.86,0.0,
19.7.2026,1:18:31.125,17965,15946,52.9,12016,19847,37.7,2.5,2048,51,1.268,1.275,1.270,1.265,1.265,1.265,1.265,4986.8,5115.8,5140.7,4916.1,4916.1,4916.1,4916.1,99.8,2742.1,3376.8,2442.6,3666.7,2997.9,3169.7,3159.8,2662.8,2583.7,2293.4,2008.4,2364.6,2179.2,2742.1,56.5,61.5,50.5,74.0,59.9,63.2,63.2,56.8,55.2,50.2,44.3,51.9,47.3,74.0,56.5,71.1,78.3,64.3,96.6,78.7,83.3,83.2,70.2,68.0,59.5,52.0,62.3,56.7,71.1,50.0,51.2,51.5,49.2,49.2,49.2,49.2,0.0,72.1,71.0,87.0,83.1,71.5,58.1,62.1,27.9,29.0,13.0,16.9,28.5,41.9,37.9,0.0,0.0,0.0,0.0,0.0,0.0,0.0,2395.7,24.00,40,39,39,77,116,708,1,83.4,80.5,80.5,75.8,72.4,78.7,79.7,77.3,71.0,75.5,65.4,65.4,70.0,63.8,44.0,43.0,45.9,1.254,1.015,1.100,30.942,8.757,30.949,59.000,6.203,61.560,5.812,5.570,6.594,6.506,5.782,5.064,5.357,38.847,8.887,54.558,60.211,1996.4,2395.7,5036.5,5036.5,5052.2,68.4,41.3,39.3,68.4,94.7,いいえ,いいえ,いいえ,11.424,2.109,4.3,41.0,83.2,40.0,83.0,1.280,12.144,3.456,3.296,5.016,1.064,1.032,3.440,3.328,1.808,1.024,1.120,1.032,1.792,1.096,0.728,1.824,0.256,2048,いいえ,58.3,43.8,1.110,1.110,1.815,1.800,1.005,4.970,0.750,いいえ,いいえ,いいえ,42.0,1.110,1.110,1.815,1.800,1.005,4.970,1.125,いいえ,いいえ,いいえ,37,37,いいえ,はい,15390,14039,128,128,34,100.0,いいえ,いいえ,3868,2528,9990,38,40,48,100.0,100.0,いいえ,いいえ,7032,7745,0.0,0.0,0.0,0.000,0.004,1392,2688,0.0,0.0,0.0,0.000,0.000,181182,133153,0.0,0.1,0.1,0.000,0.020,67808,78053,65.6,0.720,53.000,600.0,2400.0,1200.0,100.0,0.0,0.0,0.0,0.0,0.0,0.0,0.0,0.0,0,0,16.0,93,いいえ,いいえ,いいえ,66.6,62.0,76.6,84.0,1.100,12.189,12.177,12.180,12.222,12.178,1778,1778,140.718,52.323,118.804,11.642,19.488,125.303,5.821,25.287,26.133,86.110,220.000,220.000,2775.0,1312.7,2130.0,2738.0,2235.0,2750.7,1310.8,2223.4,47.0,11.0,4.0,2.0,28.2,15.4,57.6,0.0,4.2,0.0,45,45,はい,いいえ,いいえ,はい,いいえ,いいえ,いいえ,65.5,68.1,0,0,0,0,0,0,0,0,0,14,0,0,0,0,0,0,0,0,0,0,0,0,0,0,0,0,0,0,0,0,8817,3465,3192,263,16.0,43.2,44.8,40.5,39.9,39.8,43.2,45.1,40.5,39.8,39.8,39.8,23.15,24.67,22.34,22.33,25.12,10.91,12.24,22.92,0.23,0.59,0,0,0.0,0.0,44354,39551,17.0,740.5,0,39.8,25.12,0.0,
19.7.2026,1:18:33.132,17967,15944,52.9,12021,19842,37.7,2.5,2048,51,1.267,1.275,1.265,1.265,1.265,1.265,1.265,4877.0,5065.9,5040.9,5040.9,5040.9,5040.9,4032.7,99.8,2695.7,3426.6,2366.5,3729.1,2878.1,3173.3,3068.3,2541.4,2510.3,2129.6,2073.3,2273.3,2178.6,2695.7,55.1,61.9,48.2,74.6,57.0,63.1,60.7,54.2,53.5,46.7,45.2,49.5,47.2,74.6,55.1,70.0,79.8,62.3,98.2,75.8,83.7,80.7,66.9,66.1,55.5,53.7,59.8,57.0,70.0,48.9,50.8,50.5,50.5,50.5,50.5,40.4,0.0,71.6,71.4,87.3,82.4,69.8,57.5,61.3,28.4,28.6,12.7,17.6,30.2,42.5,38.7,0.0,0.0,0.0,0.0,0.0,0.0,0.0,2395.7,24.00,40,39,39,77,116,708,1,83.1,80.1,79.1,75.6,72.2,78.5,79.3,77.0,70.8,75.5,65.5,65.5,70.5,63.8,44.0,43.0,46.0,1.261,1.015,1.100,30.786,8.718,30.785,55.000,6.217,61.537,5.752,5.525,6.614,6.413,5.676,4.928,5.358,38.852,8.848,54.539,60.210,1996.4,2395.7,5053.0,5053.0,5067.0,68.4,41.0,36.7,68.4,94.3,いいえ,いいえ,いいえ,11.740,2.187,4.3,41.0,83.5,40.0,83.0,1.280,12.091,3.440,3.312,5.016,1.072,1.032,3.440,3.328,1.808,1.024,1.120,1.032,1.792,1.096,0.720,1.824,0.256,2064,いいえ,58.3,43.8,1.110,1.110,1.815,1.800,1.005,4.970,0.875,いいえ,いいえ,いいえ,42.0,1.110,1.110,1.815,1.800,1.005,4.970,0.875,いいえ,いいえ,いいえ,37,37,いいえ,はい,15390,14039,128,128,34,100.0,いいえ,いいえ,3868,2528,9990,38,40,48,100.0,100.0,いいえ,いいえ,7032,7745,0.0,0.1,0.1,0.000,0.008,1392,2688,0.0,0.0,0.0,0.000,0.000,181182,133153,0.0,0.1,0.1,0.000,0.012,67808,78053,65.6,0.720,62.000,600.0,2400.0,1200.0,100.0,0.0,0.0,0.0,0.0,0.0,0.0,0.0,0.0,0,0,16.0,93,いいえ,いいえ,いいえ,63.5,62.0,71.7,84.0,1.100,12.225,12.217,12.203,12.259,12.219,1778,1784,137.467,41.177,88.685,11.240,19.245,94.938,5.621,24.821,25.014,59.852,220.000,220.000,2775.0,1312.7,2130.0,2730.4,2235.0,2773.9,1311.0,2228.8,33.0,10.0,4.0,1.0,28.2,14.5,53.6,0.0,4.4,0.0,45,45,はい,いいえ,いいえ,はい,いいえ,いいえ,いいえ,51.6,50.4,0,0,0,0,0,0,0,0,0,14,0,0,0,0,0,0,0,0,0,0,0,0,0,0,0,0,0,0,0,0,8817,3465,3192,263,16.0,45.9,49.1,43.3,43.0,42.9,46.0,49.2,43.2,42.8,42.8,42.8,21.77,23.10,20.39,20.37,23.31,6.79,14.97,21.54,0.23,0.65,0,0,0.0,0.0,44354,39553,31.3,1212.8,0,42.9,23.31,0.0,
19.7.2026,1:18:35.123,17966,15945,52.9,12020,19843,37.7,2.5,2048,51,1.244,1.265,1.240,1.240,1.240,1.240,1.240,4808.8,5016.0,4966.0,4966.0,4966.0,4966.0,3972.8,99.8,2657.3,3373.3,2253.9,3959.7,2634.1,3406.6,2893.6,2469.8,2510.9,2065.3,1979.8,2223.5,2117.2,2657.3,54.9,62.8,46.0,80.0,51.9,68.5,57.4,52.9,54.0,45.9,44.1,48.9,46.5,80.0,54.9,69.0,80.3,58.8,104.4,68.9,89.7,76.2,65.0,66.1,53.7,51.4,58.1,55.0,69.0,48.2,50.2,49.8,49.8,49.8,49.8,39.8,0.0,71.1,70.4,88.3,83.7,68.6,55.6,60.3,28.9,29.6,11.7,16.3,31.4,44.4,39.7,0.0,0.0,0.0,0.0,0.0,0.0,0.0,2395.7,24.00,40,39,39,77,116,708,1,83.0,80.1,78.1,75.4,72.1,78.4,79.4,76.9,70.6,75.1,65.6,65.6,70.5,64.0,44.0,43.0,46.0,1.264,1.015,1.100,30.360,8.728,30.348,54.500,6.182,61.048,5.688,5.472,6.585,6.403,5.620,4.817,5.234,38.368,8.858,54.027,59.685,1996.4,2395.7,5058.2,5058.2,5068.9,67.8,40.5,36.3,67.8,94.2,いいえ,いいえ,いいえ,11.671,2.175,4.3,41.0,82.9,40.0,82.0,1.288,12.091,3.456,3.312,5.040,1.072,1.032,3.440,3.328,1.808,1.024,1.120,1.032,1.792,1.104,0.720,1.824,0.256,2057,いいえ,58.3,44.0,1.110,1.110,1.815,1.800,1.005,4.970,1.625,いいえ,いいえ,いいえ,42.0,1.110,1.110,1.815,1.800,1.005,4.970,0.500,いいえ,いいえ,いいえ,37,37,いいえ,はい,15390,14039,128,128,34,100.0,いいえ,いいえ,3868,2528,9990,38,40,48,100.0,100.0,いいえ,いいえ,7032,7745,0.0,0.0,0.0,0.000,0.000,1392,2688,0.0,0.0,0.0,0.000,0.000,181182,133153,0.0,0.1,0.1,0.000,0.032,67808,78054,65.8,0.720,34.000,600.0,2400.0,1200.0,100.0,0.0,0.0,0.0,0.0,0.0,0.0,0.0,0.0,0,0,16.0,93,いいえ,いいえ,いいえ,60.4,62.0,67.8,84.0,0.925,12.259,12.261,12.222,12.290,12.262,1784,1784,93.832,25.425,49.492,7.062,16.255,53.291,3.531,19.777,14.173,39.821,220.000,220.000,2235.0,625.2,1995.0,2675.2,1995.0,2235.4,624.4,1983.5,39.0,19.0,4.0,1.0,28.2,15.3,56.5,0.0,4.5,0.0,45,45,はい,いいえ,いいえ,いいえ,いいえ,はい,いいえ,31.5,32.0,0,0,0,0,0,0,0,0,0,14,0,0,0,0,0,0,0,0,0,0,0,0,0,0,0,0,0,0,0,0,8817,3465,3192,263,16.0,42.5,47.8,39.0,38.7,38.7,42.5,47.6,38.7,38.5,38.5,38.5,23.51,25.63,20.91,20.83,25.88,9.58,13.96,23.29,0.23,0.73,0,0,0.0,0.0,44354,39555,18.9,1009.6,0,38.7,25.88,0.0,
19.7.2026,1:18:37.131,17962,15949,52.9,12019,19843,37.7,2.5,2048,51,1.216,1.265,1.270,1.190,1.190,1.190,1.190,4991.0,5090.8,5090.8,4941.1,4941.1,4941.1,4941.1,99.8,2676.0,3392.2,2405.5,3942.9,2732.1,3173.7,3047.3,2457.0,2709.1,1964.7,2027.0,2126.8,2134.1,2676.0,54.6,59.7,48.9,79.4,53.7,63.4,60.3,51.6,57.7,43.3,44.6,46.1,47.1,79.4,54.6,69.1,76.7,62.8,103.8,71.7,83.5,80.1,64.5,71.3,50.8,52.4,55.1,56.1,69.1,50.0,51.0,51.0,49.5,49.5,49.5,49.5,0.0,71.8,71.0,89.4,83.8,71.5,55.2,59.8,28.2,29.0,10.6,16.2,28.5,44.8,40.2,0.0,0.0,0.0,0.0,0.0,0.0,0.0,2395.7,24.00,40,39,39,77,116,708,1,83.2,80.5,78.1,75.8,72.5,79.0,79.8,77.5,70.7,75.3,65.8,65.8,70.8,64.0,44.1,43.1,46.0,1.259,1.015,1.100,30.659,8.707,30.670,56.500,6.191,61.268,5.764,5.559,6.681,6.460,5.806,4.854,5.227,38.618,8.837,54.265,59.926,1996.4,2395.7,5046.3,5046.3,5057.5,68.1,40.9,37.7,68.1,94.8,いいえ,いいえ,いいえ,11.384,2.100,4.3,41.0,83.2,40.0,83.0,1.272,12.144,3.440,3.312,5.016,1.072,1.032,3.440,3.328,1.808,1.024,1.120,1.032,1.792,1.104,0.720,1.824,0.256,2076,いいえ,58.3,44.0,1.110,1.110,1.815,1.800,1.005,4.970,0.625,いいえ,いいえ,いいえ,42.0,1.110,1.110,1.815,1.800,1.005,5.040,0.625,いいえ,いいえ,いいえ,37,37,いいえ,はい,15390,14039,128,128,34,100.0,いいえ,いいえ,3868,2528,9990,39,41,48,100.0,100.0,いいえ,いいえ,7032,7745,0.0,0.0,0.0,0.000,0.004,1392,2688,0.0,0.0,0.0,0.000,0.000,181182,133153,0.0,0.0,0.0,0.000,0.016,67808,78054,65.9,0.720,37.000,600.0,2400.0,1200.0,100.0,0.0,0.0,0.0,0.0,0.0,0.0,0.0,0.0,0,0,16.0,93,いいえ,いいえ,いいえ,58.8,60.0,66.2,84.0,0.925,12.259,12.260,12.224,12.292,12.261,1778,1775,67.543,35.995,50.741,6.865,16.063,54.428,3.433,19.471,99.305,37.657,220.000,220.000,2370.0,625.2,1995.0,2351.9,1995.0,2367.2,624.5,1994.6,37.0,18.0,4.0,1.0,28.2,15.3,56.9,0.0,4.4,0.0,43,43,はい,いいえ,いいえ,いいえ,いいえ,はい,いいえ,31.9,34.8,0,0,0,0,0,0,0,0,0,14,0,0,0,0,0,0,0,0,0,0,0,0,0,0,0,0,0,0,0,0,8817,3465,3192,263,16.0,40.0,41.9,37.7,37.3,37.2,39.9,42.6,37.7,37.3,37.3,37.3,25.03,26.58,23.89,23.88,26.84,9.85,15.20,24.80,0.23,0.60,0,0,0.0,0.0,44354,39558,18.0,1128.5,0,37.2,26.84,0.0,
19.7.2026,1:18:39.121,17966,15945,52.9,12020,19843,37.7,2.5,2048,51,1.248,1.210,1.265,1.265,1.265,1.240,1.240,4812.2,4092.6,4966.0,4966.0,4966.0,4941.1,4941.1,99.8,2684.9,3368.0,2408.2,3606.1,3021.7,2964.8,3349.9,2290.2,2842.1,1935.3,2084.7,2098.5,2249.4,2684.9,55.3,59.1,49.7,72.8,60.6,59.4,67.0,48.5,61.2,43.3,46.3,46.0,49.6,72.8,55.3,69.3,75.2,63.1,95.0,79.5,78.2,88.2,59.8,74.8,50.2,54.0,54.7,59.1,69.3,48.2,41.0,49.8,49.8,49.8,49.5,49.5,0.0,72.8,70.9,88.8,84.9,72.6,57.1,62.5,27.2,29.1,11.2,15.1,27.4,42.9,37.5,0.0,0.0,0.0,0.0,0.0,0.0,0.0,2395.7,24.00,40,39,39,77,116,708,1,83.5,80.7,84.4,76.0,72.5,79.0,80.0,77.6,71.1,75.8,65.8,65.8,70.8,64.2,44.2,43.7,46.0,1.253,1.015,1.100,30.771,8.579,30.762,56.500,6.189,61.093,5.775,5.522,6.609,6.466,5.770,4.942,5.341,38.585,8.706,54.099,59.732,1996.4,2395.7,5033.8,5033.8,5047.5,67.9,41.0,37.7,67.9,94.9,いいえ,いいえ,いいえ,11.467,2.078,4.4,42.0,83.4,40.0,83.0,1.272,12.091,3.440,3.312,5.016,1.064,1.032,3.440,3.328,1.808,1.024,1.120,1.032,1.792,1.104,0.720,1.824,0.256,2048,いいえ,58.3,44.0,1.095,1.110,1.815,1.800,1.005,4.970,1.000,いいえ,いいえ,いいえ,42.2,1.110,1.110,1.815,1.800,1.005,4.970,1.125,いいえ,いいえ,いいえ,37,37,いいえ,はい,15390,14039,128,128,34,100.0,いいえ,いいえ,3868,2528,9990,38,40,48,100.0,100.0,いいえ,いいえ,7032,7745,0.0,0.1,0.1,0.000,0.012,1392,2688,0.0,0.0,0.0,0.000,0.000,181182,133153,0.0,0.1,0.1,0.000,0.148,67808,78054,66.0,0.720,48.000,600.0,2400.0,1200.0,100.0,0.0,0.0,0.0,0.0,0.0,0.0,0.0,0.0,0,0,16.0,93,いいえ,いいえ,いいえ,64.7,60.0,74.4,84.0,1.095,12.197,12.188,12.186,12.227,12.189,1730,1725,94.419,54.491,115.626,12.139,19.790,122.442,6.070,25.818,25.389,108.657,220.000,220.000,2775.0,1312.7,2145.0,2450.8,2235.0,2768.6,1311.3,2234.0,52.0,12.0,7.0,2.0,28.2,15.5,57.0,0.0,5.0,0.0,41,41,はい,いいえ,いいえ,はい,いいえ,いいえ,いいえ,64.3,62.2,0,0,0,0,0,0,0,0,0,14,0,0,0,0,0,0,0,0,0,0,0,0,0,0,0,0,0,0,0,0,8817,3465,3192,263,16.0,71.2,76.1,66.4,65.6,65.5,71.2,76.2,65.8,65.6,65.6,65.6,14.05,15.14,13.14,13.13,15.26,7.53,6.52,13.84,0.21,0.38,0,0,0.0,0.0,44354,39560,21.9,1413.7,0,65.5,15.26,0.0,
19.7.2026,1:18:41.137,17968,15943,52.9,12019,19844,37.7,2.5,2048,51,1.171,1.205,1.170,1.170,1.160,1.160,1.160,4737.3,4092.6,4866.2,4866.2,4866.2,4866.2,4866.2,99.8,2751.0,3475.6,2526.4,3657.9,3002.8,3153.3,3052.2,2487.7,2831.4,2100.9,2190.9,2268.3,2264.3,2751.0,57.4,62.6,53.0,74.8,61.0,64.6,62.5,53.9,61.6,46.6,48.2,49.8,49.7,74.8,57.4,71.1,78.8,66.4,96.2,79.0,82.8,80.3,65.4,74.5,54.6,56.9,59.3,59.5,71.1,47.5,41.0,48.8,48.8,48.8,48.8,48.8,0.0,72.4,73.6,88.4,82.5,72.9,56.7,60.5,27.6,26.4,11.6,17.5,27.1,43.3,39.5,0.0,0.0,0.0,0.0,0.0,0.0,0.0,2395.7,24.00,40,39,39,77,116,708,1,84.1,81.1,84.0,76.4,72.9,79.3,80.2,78.0,71.6,76.1,65.8,65.8,70.8,64.2,44.4,43.9,46.0,1.237,1.015,1.100,30.865,8.553,30.880,56.000,6.208,60.594,5.675,5.441,6.510,6.282,5.714,4.881,5.225,38.174,8.680,53.683,59.259,1996.4,2395.7,5006.4,5006.4,5024.4,67.3,41.2,37.3,67.3,95.4,いいえ,いいえ,いいえ,10.180,1.818,4.3,42.0,83.8,40.0,83.0,1.272,12.144,3.440,3.312,5.016,1.064,1.032,3.440,3.328,1.808,1.024,1.120,1.032,1.792,1.096,0.720,1.824,0.256,2064,いいえ,58.3,44.2,1.095,1.110,1.815,1.800,1.005,4.970,0.875,いいえ,いいえ,いいえ,42.2,1.095,1.110,1.815,1.800,1.005,4.970,1.000,いいえ,いいえ,いいえ,37,37,いいえ,はい,15390,14039,128,128,34,100.0,いいえ,いいえ,3868,2528,9990,38,40,48,100.0,100.0,いいえ,いいえ,7032,7745,0.0,0.0,0.0,0.000,0.004,1392,2688,0.0,0.0,0.0,0.000,0.000,181182,133153,0.0,0.0,0.0,0.000,0.010,67808,78054,66.1,0.720,39.000,600.0,2400.0,1200.0,100.0,0.0,0.0,0.0,0.0,0.0,0.0,0.0,0.0,0,0,16.0,93,いいえ,いいえ,いいえ,64.1,62.0,72.3,84.0,1.100,12.208,12.201,12.190,12.240,12.202,1681,1681,146.835,47.418,101.895,12.250,19.919,108.666,6.125,25.997,24.818,79.674,220.000,220.000,2775.0,1312.7,2130.0,2749.1,2235.0,2717.7,1311.4,2195.0,46.0,12.0,5.0,2.0,28.2,15.7,56.6,0.0,6.4,0.0,41,41,はい,いいえ,いいえ,はい,いいえ,いいえ,いいえ,58.1,54.3,0,0,0,0,0,0,0,0,0,14,0,0,0,0,0,0,0,0,0,0,0,0,0,0,0,0,0,0,0,0,8817,3465,3192,263,16.0,46.7,51.8,41.7,41.7,41.7,46.7,51.7,41.8,41.7,41.7,41.7,21.40,23.84,19.31,19.31,23.89,9.04,12.37,21.18,0.22,0.47,0,0,0.0,0.0,44354,39563,20.1,1363.8,0,41.7,23.89,0.0,
19.7.2026,1:18:43.142,17965,15946,52.9,12016,19847,37.7,2.5,2048,51,1.153,1.140,1.140,1.160,1.160,1.160,1.160,4895.3,4841.3,4866.2,4916.1,4916.1,4916.1,4916.1,99.8,2752.7,3250.2,2544.0,3474.2,3089.8,3143.0,2984.8,2524.2,2783.4,2231.9,2257.3,2338.7,2411.3,2752.7,58.1,62.2,54.0,71.4,63.4,65.8,62.1,54.8,60.8,49.5,49.6,51.1,52.6,71.4,58.1,71.9,77.6,67.0,91.8,81.4,83.1,78.8,66.6,73.5,58.9,59.1,61.5,63.7,71.9,49.0,48.5,48.8,49.2,49.2,49.2,49.2,0.0,70.3,69.3,87.1,80.4,69.7,55.6,59.6,29.7,30.7,12.9,19.6,30.3,44.4,40.4,0.0,0.0,0.0,0.0,0.0,0.0,0.0,2395.7,24.00,40,39,39,77,116,708,1,84.4,81.5,81.5,76.7,73.1,79.8,80.2,78.1,72.1,76.5,65.8,65.8,71.2,64.5,44.5,44.0,46.0,1.223,1.015,1.100,31.039,8.589,31.029,59.500,6.152,60.181,5.538,5.296,6.480,6.090,5.518,4.721,5.121,37.907,8.717,53.391,58.814,1996.4,2395.7,4985.1,4985.1,5007.4,66.8,41.4,39.7,66.8,95.9,いいえ,いいえ,いいえ,8.043,1.421,4.2,42.0,84.4,40.0,84.0,1.248,12.091,3.456,3.312,5.016,1.064,1.024,3.440,3.328,1.808,1.024,1.120,1.032,1.792,1.096,0.720,1.824,0.256,2039,いいえ,58.3,44.2,1.095,1.110,1.815,1.800,1.005,4.970,0.875,いいえ,いいえ,いいえ,42.2,1.095,1.110,1.800,1.800,1.005,4.970,1.375,いいえ,いいえ,いいえ,37,37,いいえ,はい,15390,14039,128,128,34,100.0,いいえ,いいえ,3868,2528,9990,39,41,48,100.0,100.0,いいえ,いいえ,7032,7745,0.0,0.1,0.1,0.000,0.010,1392,2688,0.0,0.0,0.0,0.000,0.000,181182,133153,0.0,0.1,0.1,0.000,0.026,67808,78054,66.1,0.720,47.000,600.0,2400.0,1200.0,100.0,0.0,0.0,0.0,0.0,0.0,0.0,0.0,0.0,0,0,16.0,93,いいえ,いいえ,いいえ,62.1,60.0,69.8,84.0,1.095,12.226,12.222,12.199,12.259,12.223,1658,1655,113.980,40.430,86.441,11.856,19.677,92.994,5.928,25.561,24.689,56.294,220.000,220.000,2775.0,1312.7,2145.0,2761.5,2235.0,2772.4,1312.0,2232.3,37.0,12.0,4.0,2.0,28.2,13.4,49.2,0.0,4.2,0.0,41,41,はい,いいえ,いいえ,はい,いいえ,いいえ,いいえ,50.9,51.7,0,0,0,0,0,0,0,0,0,14,0,0,0,0,0,0,0,0,0,0,0,0,0,0,0,0,0,0,0,0,8817,3465,3192,263,16.0,38.4,40.6,36.2,36.2,36.2,38.4,40.6,36.2,36.1,36.1,36.1,26.02,27.61,24.60,24.59,27.62,9.75,16.29,25.79,0.23,0.72,0,0,0.0,0.0,44354,39565,17.0,1007.4,0,36.2,27.62,0.0,
19.7.2026,1:18:45.139,17969,15942,52.9,12020,19843,37.7,2.5,2048,51,1.218,1.265,1.260,1.260,1.175,1.175,1.175,4945.2,5016.0,5065.9,5065.9,4841.3,4841.3,4841.3,99.8,2555.7,3175.4,2346.1,3623.5,2770.8,2998.4,2873.4,2379.3,2580.2,1893.6,1901.9,2054.6,2071.5,2555.7,53.8,57.8,49.5,74.1,56.2,62.0,59.1,52.7,57.1,42.9,42.8,46.3,45.5,74.1,53.8,66.1,72.2,61.5,95.5,72.9,79.0,75.4,62.5,67.8,49.3,49.4,53.9,53.7,66.1,49.5,50.2,50.8,50.8,48.5,48.5,48.5,0.0,69.6,67.7,88.3,81.3,71.8,51.4,57.0,30.4,32.3,11.7,18.7,28.2,48.6,43.0,0.0,0.0,0.0,0.0,0.0,0.0,0.0,2395.7,24.00,40,39,39,77,116,708,1,84.2,80.6,79.5,75.8,72.5,78.9,79.6,77.5,71.0,75.4,65.9,65.9,71.2,64.4,44.6,44.0,46.0,1.235,1.015,1.100,30.103,8.615,30.116,55.000,6.175,59.684,5.455,5.239,6.373,6.085,5.523,4.548,4.959,37.281,8.743,52.816,58.372,1996.4,2395.7,5010.5,5010.5,5034.0,66.3,40.2,36.7,66.3,94.8,いいえ,いいえ,いいえ,10.031,1.819,4.2,42.0,84.2,40.0,84.0,1.248,12.091,3.440,3.312,5.016,1.064,1.024,3.440,3.328,1.808,1.024,1.120,1.032,1.792,1.096,0.712,1.824,0.256,2051,いいえ,58.3,44.2,1.095,1.110,1.815,1.800,1.005,4.970,1.000,いいえ,いいえ,いいえ,42.2,1.095,1.110,1.815,1.800,1.005,4.970,1.250,いいえ,いいえ,いいえ,37,37,いいえ,はい,15390,14039,128,128,34,100.0,いいえ,いいえ,3868,2528,9990,39,41,48,100.0,100.0,いいえ,いいえ,7032,7745,0.0,3.3,3.3,0.000,0.004,1392,2688,0.0,0.0,0.0,0.000,0.000,181182,133153,0.0,0.0,0.0,0.000,0.061,67808,78054,66.2,0.720,59.000,600.0,2400.0,1200.0,100.0,0.0,0.0,0.0,0.0,0.0,0.0,0.0,0.0,0,0,16.0,93,いいえ,いいえ,いいえ,66.1,62.0,76.4,84.0,1.100,12.204,12.193,12.195,12.235,12.194,1643,1642,132.348,66.216,118.807,12.217,19.829,125.727,6.109,25.904,127.887,93.251,220.000,220.000,2775.0,1312.7,2130.0,2703.7,2235.0,2669.2,1311.2,2200.4,50.0,11.0,5.0,3.0,28.2,13.3,48.5,0.0,4.6,0.0,41,41,はい,いいえ,いいえ,はい,いいえ,いいえ,いいえ,65.8,63.0,0,0,0,0,0,0,0,0,0,14,0,0,0,0,0,0,0,0,0,0,0,0,0,0,0,0,0,0,0,0,8817,3465,3192,263,16.0,52.4,54.2,50.0,49.9,49.9,52.4,54.4,49.7,49.6,49.6,49.6,19.08,20.07,18.46,18.45,20.13,9.73,9.35,18.86,0.22,0.47,0,0,0.0,0.0,44354,39567,20.2,829.2,0,49.9,20.13,0.0,
19.7.2026,1:18:47.156,17969,15942,52.9,12023,19840,37.7,2.5,2048,51,1.258,1.230,1.265,1.265,1.265,1.260,1.260,4542.6,4966.0,5065.9,5065.9,4052.7,4052.7,4052.7,99.8,2665.8,3490.9,2385.9,3608.6,2951.0,2802.8,3327.7,2347.6,2677.1,2057.1,1992.9,2146.1,2202.0,2665.8,56.3,66.0,50.0,74.2,60.4,57.5,69.0,51.8,59.3,46.3,44.5,47.9,48.8,74.2,56.3,69.4,83.1,62.5,95.1,77.7,73.8,87.8,62.0,70.6,53.9,52.0,56.4,58.0,69.4,45.5,49.8,50.8,50.8,40.6,40.6,40.6,0.0,71.5,73.8,89.5,83.8,70.5,53.4,58.4,28.5,26.2,10.5,16.2,29.5,46.6,41.6,0.0,0.0,0.0,0.0,0.0,0.0,0.0,2395.7,24.00,40,39,39,77,116,708,1,84.5,81.3,79.5,76.5,74.0,79.3,80.2,77.8,71.8,75.9,66.1,66.1,70.2,64.2,44.8,44.0,46.0,1.232,1.015,1.100,30.761,8.650,30.753,54.500,6.206,60.418,5.587,5.715,6.407,6.208,5.503,4.684,5.004,37.942,8.778,53.547,59.074,1996.4,2395.7,4993.8,4993.8,5013.2,67.1,41.0,36.3,67.1,95.6,いいえ,いいえ,いいえ,9.876,1.834,4.3,42.0,84.4,40.0,84.0,1.264,12.091,3.440,3.296,5.016,1.064,1.024,3.440,3.328,1.808,1.024,1.120,1.032,1.792,1.096,0.712,1.824,0.256,2042,いいえ,58.3,44.2,1.095,1.110,1.815,1.800,0.990,4.970,0.500,いいえ,いいえ,いいえ,42.2,1.095,1.110,1.815,1.800,1.005,4.970,1.500,いいえ,いいえ,いいえ,37,37,いいえ,はい,15390,14039,128,128,34,100.0,いいえ,いいえ,3868,2528,9990,39,41,49,100.0,100.0,いいえ,いいえ,7032,7745,0.0,8.3,8.3,0.000,0.002,1392,2688,0.0,0.0,0.0,0.000,0.000,181182,133153,0.0,0.1,0.1,0.000,0.044,67808,78054,66.2,0.720,42.000,600.0,2400.0,1200.0,100.0,0.0,0.0,0.0,0.0,0.0,0.0,0.0,0.0,0,0,16.0,93,いいえ,いいえ,いいえ,68.4,62.0,79.8,84.0,1.100,12.191,12.180,12.181,12.222,12.181,1635,1634,145.647,54.285,119.132,12.156,19.794,125.969,6.078,25.835,27.540,97.778,220.000,220.000,2775.0,1312.7,2130.0,2740.2,2235.0,2707.9,1311.6,2176.4,53.0,12.0,5.0,3.0,28.2,14.3,52.4,0.0,4.9,0.0,41,41,はい,いいえ,いいえ,はい,いいえ,いいえ,いいえ,65.8,62.2,0,0,0,0,0,0,0,0,0,14,0,0,0,0,0,0,0,0,0,0,0,0,0,0,0,0,0,0,0,0,8817,3465,3192,263,16.0,49.8,52.7,47.1,47.0,47.0,49.8,52.6,47.1,47.0,47.0,47.0,20.08,21.27,18.98,18.98,21.27,10.48,9.59,19.84,0.24,0.47,0,0,0.0,0.0,44354,39568,19.7,873.3,0,47.0,21.27,0.0,
19.7.2026,1:18:49.160,17967,15944,52.9,12020,19843,37.7,2.5,2048,51,1.146,1.155,1.160,1.140,1.140,1.140,1.140,4841.3,4841.3,4841.3,4841.3,4841.3,4841.3,4841.3,99.8,2593.2,3213.8,2267.5,3803.1,2754.2,2859.7,3115.0,2381.7,2494.4,2005.0,1949.8,2104.9,2169.9,2593.2,54.8,61.5,47.8,78.0,55.9,59.3,64.8,52.6,55.1,44.9,43.3,46.6,47.7,78.0,54.8,67.5,76.7,59.1,100.2,72.5,75.3,82.1,62.7,65.7,52.4,50.7,55.2,56.9,67.5,48.5,48.5,48.5,48.5,48.5,48.5,48.5,0.0,69.5,68.7,90.3,82.1,68.5,51.2,56.4,30.5,31.3,9.7,17.9,31.5,48.8,43.6,0.0,0.0,0.0,0.0,0.0,0.0,0.0,2395.7,24.00,40,39,39,77,116,708,1,84.5,81.1,81.9,76.2,72.6,79.4,80.0,77.7,71.5,76.1,66.0,66.0,70.5,64.2,44.8,44.0,46.0,1.230,1.015,1.100,30.579,8.714,30.560,53.500,6.232,60.138,5.464,5.184,6.448,6.098,5.433,4.590,5.028,37.647,8.844,53.346,58.827,1996.4,2395.7,5000.3,5000.3,5021.3,66.8,40.7,35.7,66.8,95.5,いいえ,いいえ,いいえ,9.346,1.727,4.2,42.0,84.6,40.0,84.0,1.256,12.091,3.440,3.312,5.016,1.064,1.024,3.440,3.328,1.808,1.024,1.120,1.032,1.792,1.096,0.712,1.824,0.256,2036,いいえ,59.2,44.2,1.095,1.110,1.815,1.800,0.990,4.970,1.125,いいえ,いいえ,いいえ,42.2,1.095,1.110,1.815,1.800,0.990,4.970,0.875,いいえ,いいえ,いいえ,37,37,いいえ,はい,15390,14039,128,128,34,100.0,いいえ,いいえ,3868,2528,9990,39,41,49,100.0,100.0,いいえ,いいえ,7032,7745,0.0,0.1,0.1,0.000,0.008,1392,2688,0.0,0.0,0.0,0.000,0.000,181182,133153,0.0,0.0,0.0,0.000,0.049,67808,78054,66.3,0.720,41.000,600.0,2400.0,1200.0,100.0,0.0,0.0,0.0,0.0,0.0,0.0,0.0,0.0,0,0,16.0,93,いいえ,いいえ,いいえ,66.2,62.0,75.4,84.0,1.100,12.201,12.193,12.186,12.232,12.194,1633,1632,139.113,70.234,108.695,11.559,19.376,115.230,5.792,25.135,191.599,84.489,220.000,220.000,2775.0,1312.7,2130.0,2742.8,2235.0,2753.3,1311.4,2218.1,48.0,11.0,5.0,3.0,28.2,15.3,56.4,0.0,4.6,0.0,41,41,はい,いいえ,いいえ,はい,いいえ,いいえ,いいえ,64.9,62.2,0,0,0,0,0,0,0,0,0,14,0,0,0,0,0,0,0,0,0,0,0,0,0,0,0,0,0,0,0,0,8817,3465,3192,263,16.0,44.8,47.6,42.2,42.0,42.0,44.9,47.5,42.3,42.1,42.1,42.1,22.30,23.67,21.01,20.92,23.81,10.47,11.81,22.07,0.22,0.49,0,0,0.0,0.0,44354,39570,18.5,947.8,0,42.0,23.81,0.0,
19.7.2026,1:18:51.150,17967,15944,52.9,12023,19840,37.7,2.5,2048,51,1.209,1.265,1.260,1.265,1.155,1.155,1.155,4928.6,5040.9,5040.9,5040.9,4816.3,4816.3,4816.3,99.8,2501.0,3100.8,2147.3,3685.9,2692.2,2922.1,2814.1,2325.8,2541.9,1896.9,1829.0,1981.0,2075.0,2501.0,52.5,59.3,44.9,75.6,54.2,60.6,57.9,50.4,55.6,42.1,40.4,43.5,45.2,75.6,52.5,65.0,74.3,56.1,97.2,70.7,77.0,73.7,61.0,67.0,49.5,47.6,51.7,54.0,65.0,49.4,50.5,50.5,50.5,48.2,48.2,48.2,0.0,67.2,66.2,88.2,79.6,68.0,48.1,53.3,32.8,33.8,11.8,20.4,32.0,51.9,46.7,0.0,0.0,0.0,0.0,0.0,0.0,0.0,2395.7,24.00,40,39,39,77,116,708,1,84.5,81.0,84.0,75.9,72.5,79.4,79.7,77.7,70.9,75.5,65.9,65.9,71.2,64.4,44.8,44.0,46.0,1.229,1.015,1.100,30.157,8.636,30.178,52.500,6.183,59.412,5.340,5.093,6.414,5.949,5.415,4.360,4.812,37.060,8.764,52.625,58.116,1996.4,2395.7,4998.4,4998.4,5022.4,66.0,40.2,35.0,66.0,95.3,いいえ,いいえ,いいえ,8.685,1.622,4.0,42.0,84.6,40.0,84.0,1.232,12.091,3.440,3.312,5.016,1.064,1.024,3.440,3.328,1.808,1.024,1.120,1.032,1.792,1.096,0.712,1.824,0.256,2067,いいえ,59.2,44.2,1.110,1.110,1.815,1.800,0.990,4.970,0.750,いいえ,いいえ,いいえ,42.5,1.110,1.110,1.815,1.800,0.990,4.970,1.625,いいえ,いいえ,いいえ,37,37,いいえ,はい,15390,14039,128,128,34,100.0,いいえ,いいえ,3868,2528,9990,39,41,49,100.0,100.0,いいえ,いいえ,7032,7745,0.0,0.0,0.0,0.000,0.002,1392,2688,0.0,0.0,0.0,0.000,0.000,181182,133153,0.0,0.1,0.1,0.000,0.020,67808,78054,66.3,0.720,33.000,600.0,2400.0,1200.0,100.0,0.0,0.0,0.0,0.0,0.0,0.0,0.0,0.0,0,0,16.0,93,いいえ,いいえ,いいえ,65.2,60.0,74.6,84.0,1.095,12.222,12.218,12.200,12.254,12.216,1630,1632,121.604,53.172,92.338,11.216,19.130,98.606,5.595,24.701,115.159,58.627,220.000,220.000,2775.0,1312.7,2145.0,2750.2,2235.0,2775.5,1311.4,2235.0,41.0,10.0,4.0,3.0,28.2,14.2,52.8,0.0,4.2,0.0,41,41,はい,いいえ,いいえ,はい,いいえ,いいえ,いいえ,53.2,59.5,0,0,0,0,0,0,0,0,0,14,0,0,0,0,0,0,0,0,0,0,0,0,0,0,0,0,0,0,0,0,8817,3465,3192,263,16.0,39.9,41.9,36.3,35.5,35.4,39.9,42.1,36.3,35.4,35.3,35.3,25.07,27.52,23.84,23.81,28.23,10.00,15.06,24.84,0.22,0.68,0,0,0.0,0.0,44354,39572,16.9,766.5,0,35.4,28.23,0.0,
19.7.2026,1:18:53.162,17963,15948,52.9,12023,19840,37.7,2.5,2048,51,1.269,1.270,1.265,1.270,1.270,1.270,1.270,4411.2,5065.9,5090.8,4052.7,4092.6,4092.6,4072.7,99.8,2427.8,2920.3,2031.6,3539.2,2544.8,3229.0,2610.7,2323.8,2241.2,1796.3,1801.4,2025.0,2070.6,2427.8,51.4,57.1,43.0,73.5,51.8,66.9,54.1,51.0,49.5,40.3,40.4,44.4,45.2,73.5,51.4,63.3,70.7,53.1,93.3,66.7,85.0,69.2,61.2,59.2,47.1,47.2,53.1,54.2,63.3,44.2,50.8,51.0,40.6,41.0,41.0,40.8,0.0,65.6,62.6,85.3,81.8,63.3,46.3,54.4,34.4,37.4,14.7,18.2,36.7,53.7,45.6,0.0,0.0,0.0,0.0,0.0,0.0,0.0,2395.7,24.00,40,39,39,77,116,708,1,84.4,81.1,84.0,75.7,72.0,78.8,79.9,77.2,70.7,75.8,65.8,65.8,71.2,64.7,44.9,44.0,46.0,1.229,1.015,1.100,29.856,8.692,29.858,54.500,6.163,59.034,5.250,4.900,6.169,6.059,5.197,4.256,4.921,36.670,8.820,52.269,57.713,1996.4,2395.7,5000.7,5000.7,5022.7,65.6,39.8,36.3,65.6,95.4,いいえ,いいえ,いいえ,8.280,1.556,3.9,42.0,84.5,40.0,84.0,1.264,12.144,3.440,3.312,5.016,1.064,1.024,3.440,3.328,1.808,1.024,1.120,1.032,1.792,1.096,0.712,1.824,0.256,2061,いいえ,59.2,44.2,1.110,1.110,1.815,1.800,0.990,4.970,0.625,いいえ,いいえ,いいえ,42.5,1.110,1.110,1.815,1.800,0.990,4.970,0.625,いいえ,いいえ,いいえ,37,37,いいえ,はい,15390,14039,128,128,34,100.0,いいえ,いいえ,3868,2528,9990,39,41,49,100.0,100.0,いいえ,いいえ,7032,7745,0.0,0.0,0.0,0.000,0.004,1392,2688,0.0,0.0,0.0,0.000,0.000,181182,133153,0.0,0.0,0.0,0.000,0.002,67808,78054,66.3,0.720,31.000,600.0,2400.0,1200.0,100.0,0.0,0.0,0.0,0.0,0.0,0.0,0.0,0.0,0,0,16.0,93,いいえ,いいえ,いいえ,62.7,62.0,70.3,84.0,1.095,12.235,12.233,12.209,12.267,12.232,1630,1630,116.512,40.577,81.785,10.740,18.801,87.746,5.370,24.130,24.506,71.535,220.000,220.000,2775.0,1312.7,2145.0,2755.5,2235.0,2774.7,1312.1,2235.4,38.0,9.0,3.0,2.0,28.2,13.9,51.8,0.0,3.7,0.0,41,41,はい,いいえ,いいえ,はい,いいえ,いいえ,いいえ,48.1,53.5,0,0,0,0,0,0,0,0,0,14,0,0,0,0,0,0,0,0,0,0,0,0,0,0,0,0,0,0,0,0,8817,3465,3192,263,16.0,37.0,38.4,35.4,35.3,35.3,37.0,38.4,35.4,35.3,35.3,35.3,27.03,28.25,26.01,25.90,28.28,10.20,16.83,26.80,0.23,0.59,0,0,0.0,0.0,44354,39573,16.7,613.4,0,35.3,28.28,0.0,
19.7.2026,1:18:55.150,17974,15937,53.0,12023,19840,37.7,2.5,2048,51,1.267,1.275,1.265,1.265,1.265,1.265,1.265,4709.0,5040.9,5040.9,5065.9,4032.7,4032.7,5040.9,99.8,2421.3,2916.1,2054.3,3479.1,2722.1,3233.9,2516.5,2192.0,2283.4,1822.0,1855.8,1960.2,2020.9,2421.3,51.4,57.0,43.7,71.9,55.6,67.4,52.1,48.5,50.4,40.7,41.4,43.2,44.5,71.9,51.4,63.0,70.4,53.7,91.7,71.7,85.2,66.1,57.6,59.9,47.5,48.3,51.0,52.6,63.0,47.2,50.5,50.5,50.8,40.4,40.4,50.5,0.0,65.1,62.5,86.1,80.8,61.8,46.8,52.6,34.9,37.5,13.9,19.2,38.2,53.2,47.4,0.0,0.0,0.0,0.0,0.0,0.0,0.0,2395.7,24.00,40,39,39,77,116,708,1,84.4,81.0,78.1,75.7,72.1,79.2,79.8,76.8,70.9,75.2,65.8,65.8,71.0,64.4,44.9,44.0,46.0,1.228,1.015,1.100,29.807,8.679,29.814,54.000,6.184,58.941,5.233,4.894,6.312,6.047,5.096,4.305,4.745,36.567,8.807,52.176,57.622,1996.4,2395.7,5001.9,5001.9,5024.7,65.5,39.8,36.0,65.5,95.3,いいえ,いいえ,いいえ,8.148,1.523,3.9,42.0,84.4,40.0,84.0,1.208,12.144,3.456,3.312,5.016,1.064,1.024,3.440,3.328,1.808,1.024,1.120,1.032,1.792,1.096,0.712,1.824,0.256,2051,いいえ,59.2,44.2,1.110,1.110,1.800,1.800,0.990,4.970,0.750,いいえ,いいえ,いいえ,42.5,1.110,1.110,1.815,1.800,0.990,4.970,0.750,いいえ,いいえ,いいえ,37,37,いいえ,はい,15390,14039,128,128,34,100.0,いいえ,いいえ,3868,2528,9990,39,41,49,100.0,100.0,いいえ,いいえ,7032,7745,0.0,0.2,0.2,0.000,0.012,1392,2688,0.0,0.0,0.0,0.000,0.000,181182,133153,0.0,0.1,0.1,0.000,0.036,67808,78054,66.4,0.720,27.000,600.0,2400.0,1200.0,100.0,0.0,0.0,0.0,0.0,0.0,0.0,0.0,0.0,0,0,16.0,93,いいえ,いいえ,いいえ,61.6,60.0,68.5,84.0,1.065,12.231,12.230,12.202,12.263,12.228,1625,1627,109.070,52.016,79.555,10.811,18.877,85.549,5.405,24.241,154.775,36.919,220.000,220.000,2730.0,1312.7,2130.0,2731.6,2190.0,2729.8,1311.5,2189.4,39.0,9.0,3.0,3.0,28.2,14.1,52.9,0.0,3.3,0.0,40,40,はい,いいえ,いいえ,いいえ,いいえ,はい,いいえ,47.2,51.1,0,0,0,0,0,0,0,0,0,14,0,0,0,0,0,0,0,0,0,0,0,0,0,0,0,0,0,0,0,0,8817,3465,3192,263,16.0,36.3,37.8,34.3,34.3,34.3,36.3,37.8,34.3,34.3,34.3,34.3,27.52,29.12,26.43,26.42,29.13,10.41,17.11,27.29,0.23,0.67,0,0,0.0,0.0,44354,39573,13.8,35.4,0,34.3,29.13,0.0,
19.7.2026,1:18:57.152,17963,15948,52.9,12018,19845,37.7,2.5,2048,51,1.168,1.210,1.140,1.155,1.155,1.175,1.175,4912.0,5016.0,4841.3,4891.2,4891.2,4916.1,4916.1,99.8,2444.1,2965.3,2132.1,3651.2,2690.6,3152.1,2545.3,2213.4,2442.7,1784.1,1849.8,1973.0,1929.9,2444.1,51.3,56.6,44.5,74.9,54.4,65.5,52.4,48.0,53.3,39.7,41.0,43.2,42.0,74.9,51.3,63.6,70.8,55.6,96.2,70.7,83.1,67.1,57.9,64.4,46.7,48.3,51.6,50.4,63.6,49.2,50.2,48.5,49.0,49.0,49.2,49.2,0.0,65.6,63.3,88.5,79.2,64.8,46.7,51.3,34.4,36.7,11.5,20.8,35.2,53.3,48.7,0.0,0.0,0.0,0.0,0.0,0.0,0.0,2395.7,24.00,40,39,39,77,116,708,1,84.4,81.0,84.0,75.7,72.2,79.4,79.5,77.3,70.6,75.2,65.8,65.8,70.8,64.7,45.0,44.0,46.0,1.226,1.015,1.100,30.003,8.758,29.976,53.500,6.147,59.137,5.259,5.000,6.422,5.892,5.263,4.275,4.700,36.777,8.888,52.426,57.828,1996.4,2395.7,4995.9,4995.9,5018.7,65.7,40.0,35.7,65.7,95.3,いいえ,いいえ,いいえ,8.171,1.535,3.9,42.0,84.5,40.0,84.0,1.240,12.091,3.440,3.312,5.016,1.064,1.024,3.440,3.328,1.808,1.024,1.120,1.032,1.792,1.096,0.712,1.824,0.256,2045,いいえ,59.2,44.5,1.110,1.110,1.800,1.800,0.990,4.970,0.500,いいえ,いいえ,いいえ,42.5,1.110,1.110,1.800,1.800,0.990,4.970,0.500,いいえ,いいえ,いいえ,37,37,いいえ,はい,15390,14039,128,128,34,100.0,いいえ,いいえ,3868,2528,9990,39,41,50,100.0,100.0,いいえ,いいえ,7032,7745,0.0,0.0,0.0,0.000,0.004,1392,2688,0.0,0.0,0.0,0.000,0.000,181182,133153,0.0,0.1,0.1,0.032,0.038,67809,78054,66.4,0.720,29.000,600.0,2400.0,1200.0,100.0,0.0,0.0,0.0,0.0,0.0,0.0,0.0,0.0,0,0,16.0,93,いいえ,いいえ,いいえ,61.4,62.0,68.7,84.0,1.070,12.235,12.234,12.206,12.268,12.233,1626,1622,108.562,37.715,78.139,10.643,18.773,84.037,5.321,24.061,22.900,57.847,220.000,220.000,2745.0,1312.7,2130.0,2727.4,2205.0,2745.6,1310.9,2206.7,37.0,9.0,3.0,3.0,28.2,13.8,52.1,0.0,3.2,0.0,40,40,はい,いいえ,いいえ,いいえ,いいえ,はい,いいえ,46.5,41.1,0,0,0,0,0,0,0,0,0,14,0,0,0,0,0,0,0,0,0,0,0,0,0,0,0,0,0,0,0,0,8817,3465,3192,263,16.0,36.5,37.5,34.2,34.0,33.9,36.5,37.5,34.2,34.0,34.0,34.0,27.38,29.32,26.65,26.63,29.61,10.45,16.93,27.15,0.23,0.56,0,0,0.0,0.0,44354,39573,13.3,30.3,0,33.9,29.61,0.0,
19.7.2026,1:18:59.157,15725,18186,46.3,10796,21067,33.8,2.5,2048,51,1.284,1.275,1.295,1.295,1.280,1.280,1.280,4341.1,5140.7,4112.6,5140.7,4112.6,3427.2,4112.6,99.8,1405.7,2185.5,1133.6,2790.0,1787.7,1466.0,2183.7,915.6,1290.7,702.4,752.2,830.2,831.4,1405.7,28.3,38.3,23.4,55.8,34.6,29.6,43.6,19.6,27.4,15.0,16.1,18.3,18.0,55.8,28.3,35.8,48.0,29.3,73.1,46.0,38.1,56.8,23.8,33.4,18.3,19.6,21.6,21.5,35.8,43.5,51.5,41.2,51.5,41.2,34.3,41.2,0.0,43.4,46.9,76.5,60.1,34.3,19.4,23.1,42.6,53.1,23.5,39.9,62.1,25.5,51.8,14.0,0.0,0.0,0.0,3.6,55.1,25.0,2395.7,24.00,40,39,39,77,116,708,1,83.2,78.8,76.1,70.9,69.1,76.6,75.2,71.2,64.9,68.7,65.2,65.2,70.2,64.1,45.0,44.0,46.0,1.250,1.015,1.100,23.391,8.602,23.428,54.500,6.090,51.133,4.669,4.183,9.172,6.278,3.862,1.832,2.687,29.147,8.730,44.576,49.846,1996.4,2395.7,5067.1,5067.1,5089.1,56.6,31.2,36.3,56.6,92.7,いいえ,いいえ,いいえ,3.905,1.630,2.6,42.0,84.4,40.0,84.0,1.296,12.144,3.440,3.312,5.040,1.072,1.024,3.440,3.328,1.808,1.024,1.120,1.032,1.792,1.096,0.712,1.824,0.256,2042,いいえ,59.2,44.5,1.110,1.110,1.800,1.800,1.005,4.970,0.375,いいえ,いいえ,いいえ,42.5,1.110,1.110,1.800,1.800,0.990,4.970,0.500,いいえ,いいえ,いいえ,37,37,いいえ,はい,15390,14039,128,128,34,100.0,いいえ,いいえ,3868,2528,9990,39,41,49,100.0,100.0,いいえ,いいえ,7032,7745,0.0,0.1,0.1,0.000,0.010,1392,2688,0.0,0.0,0.0,0.000,0.000,181182,133153,0.0,0.1,0.1,0.000,0.125,67809,78055,66.5,0.720,23.000,600.0,2400.0,1200.0,100.0,0.0,0.0,0.0,0.0,0.0,0.0,0.0,0.0,0,0,16.0,93,いいえ,いいえ,いいえ,55.2,62.0,65.7,84.0,1.050,12.306,12.318,12.253,12.337,12.317,1623,1624,98.753,17.676,24.621,7.588,16.664,28.411,3.794,20.461,19.747,20.120,220.000,220.000,2715.0,1312.7,2130.0,2662.6,2190.0,2714.9,1311.4,2189.5,1.0,0.0,2.0,0.0,27.1,15.2,57.7,0.0,3.2,0.0,40,40,はい,いいえ,いいえ,いいえ,いいえ,はい,いいえ,20.5,20.5,0,0,0,0,0,0,0,0,0,14,0,0,0,0,0,0,0,0,0,0,0,0,0,0,0,0,0,0,0,0,8952,3330,3056,263,16.0,36.5,37.5,34.2,34.0,33.9,36.5,37.5,34.2,34.0,34.0,34.0,27.38,29.32,26.65,26.63,29.61,10.45,16.93,27.15,0.23,0.56,0,0,0.0,0.0,44354,39574,10.8,348.2,0,33.9,29.61,0.0,
19.7.2026,1:19:1.168,13663,20248,40.2,10214,21649,32.0,2.5,2048,51,1.244,1.190,1.255,1.255,1.255,1.255,1.255,5003.5,4941.1,5016.0,5016.0,5016.0,5016.0,5016.0,99.8,1195.5,2343.9,1022.2,2162.9,1993.4,1495.7,1850.0,546.8,900.3,269.8,284.3,744.7,732.8,1195.5,22.3,38.2,18.2,42.2,38.3,28.5,35.6,10.2,16.8,6.1,6.1,14.1,13.6,42.2,22.3,29.6,50.2,25.6,56.4,51.3,38.4,47.7,13.6,22.0,6.7,6.9,18.6,18.1,29.6,50.1,49.5,50.2,50.2,50.2,50.2,50.2,0.0,42.6,49.1,78.0,62.6,29.1,11.2,25.5,45.6,49.9,22.0,37.4,62.6,45.0,56.7,11.8,1.0,0.0,0.0,8.3,43.8,17.8,2395.7,24.00,40,39,39,77,116,708,1,84.1,81.3,81.5,71.1,69.4,78.8,76.5,70.2,63.2,68.7,64.8,64.8,71.0,64.3,45.0,44.0,46.0,1.247,1.015,1.100,24.784,8.349,24.752,51.000,6.085,52.161,4.695,5.080,7.444,6.233,3.951,1.839,3.626,30.875,8.474,46.042,51.153,1996.4,2395.7,5036.1,5036.1,5046.4,58.1,33.0,34.0,58.1,95.6,いいえ,いいえ,いいえ,2.049,1.947,2.6,42.0,83.9,40.0,83.0,1.240,12.144,3.440,3.328,5.040,1.064,1.024,3.440,3.328,1.808,1.024,1.120,1.040,1.792,1.104,0.712,1.824,0.256,2067,いいえ,59.2,44.5,1.110,1.110,1.800,1.800,1.005,5.040,0.750,いいえ,いいえ,いいえ,42.5,1.110,1.110,1.800,1.800,1.005,5.040,0.625,いいえ,いいえ,いいえ,37,37,いいえ,はい,15390,14039,128,128,34,100.0,いいえ,いいえ,3868,2528,9990,39,41,50,100.0,100.0,いいえ,いいえ,7032,7745,0.0,3.6,3.6,0.000,0.004,1392,2688,0.0,0.0,0.0,0.000,0.000,181182,133153,0.2,1.3,1.5,0.347,8.715,67809,78071,66.4,0.720,48.000,600.0,2400.0,1200.0,100.0,0.0,0.0,0.0,0.0,0.0,0.0,0.0,0.0,0,0,16.0,93,いいえ,いいえ,いいえ,52.5,60.0,63.2,84.0,0.940,12.303,12.317,12.249,12.331,12.315,1613,1612,39.342,13.643,15.004,7.415,16.512,18.719,3.707,20.232,13.716,13.837,220.000,220.000,2475.0,1312.7,2010.0,2365.1,2010.0,2475.7,1312.4,2010.5,0.0,0.0,0.0,0.0,8.3,0.0,0.1,0.0,0.0,0.0,37,37,はい,いいえ,いいえ,いいえ,いいえ,はい,いいえ,16.0,16.3,0,0,0,0,0,0,0,0,0,14,0,0,0,0,0,0,0,0,0,0,0,0,0,0,0,0,0,0,0,0,11258,1024,746,76,16.0,36.5,37.5,34.2,34.0,33.9,36.5,37.5,34.2,34.0,34.0,34.0,27.38,29.32,26.65,26.63,29.61,10.45,16.93,27.15,0.23,0.56,0,0,0.0,0.0,44354,39574,5.6,123.1,0,33.9,29.61,0.0,
19.7.2026,1:19:3.177,13743,20168,40.5,10285,21578,32.2,2.5,2048,51,1.286,1.290,1.285,1.285,1.285,1.285,1.285,4206.3,5115.8,5115.8,4092.6,4092.6,3410.5,3410.5,99.8,863.3,1438.4,547.2,4005.6,883.0,700.9,1090.0,297.9,593.2,105.7,119.3,253.3,325.0,863.3,16.5,23.3,10.6,78.8,16.6,14.1,21.3,5.7,12.2,1.8,2.0,4.9,6.3,78.8,16.5,21.7,29.4,13.8,105.6,22.6,18.1,28.2,7.5,15.1,2.6,2.9,6.3,8.1,21.7,42.1,51.2,51.2,41.0,41.0,34.2,34.2,0.0,32.4,31.5,92.7,34.9,19.0,4.7,11.4,51.2,68.5,7.3,64.5,80.5,19.5,67.0,16.4,0.0,0.0,0.6,0.5,75.8,21.6,2395.7,24.00,40,39,39,77,116,708,1,83.8,81.6,79.6,69.2,66.3,80.5,72.4,68.4,61.2,66.1,64.5,64.5,70.0,64.1,45.0,44.0,46.0,1.274,1.015,1.100,21.955,8.159,21.986,44.500,6.061,49.064,3.477,3.493,7.093,4.243,3.144,0.697,2.194,27.887,8.281,42.835,47.895,1996.4,2395.7,5097.5,5097.5,5103.4,54.4,29.3,29.7,54.4,96.0,いいえ,いいえ,いいえ,0.640,0.366,1.9,42.0,84.4,40.0,84.0,1.296,12.144,3.440,3.328,5.040,1.072,1.016,3.440,3.328,1.808,1.024,1.120,1.040,1.792,1.096,0.712,1.824,0.256,2061,いいえ,59.2,44.5,1.110,1.110,1.800,1.800,1.005,5.040,0.875,いいえ,いいえ,いいえ,42.5,1.110,1.110,1.800,1.800,1.005,5.040,0.250,いいえ,いいえ,いいえ,37,37,いいえ,はい,15390,14039,128,128,34,100.0,いいえ,いいえ,3868,2528,9990,39,41,50,100.0,100.0,いいえ,いいえ,7032,7745,0.0,0.0,0.0,0.000,0.002,1392,2688,0.0,0.0,0.0,0.000,0.000,181182,133153,0.0,0.1,0.1,0.000,0.259,67809,78072,66.1,0.720,24.000,600.0,2400.0,1200.0,100.0,0.0,0.0,0.0,0.0,0.0,0.0,0.0,0.0,0,0,16.0,93,いいえ,いいえ,いいえ,51.9,60.0,62.5,84.0,0.940,12.309,12.322,12.255,12.337,12.321,1544,1548,36.431,14.095,16.034,7.664,16.605,19.875,3.832,20.441,14.301,14.009,220.000,220.000,2475.0,1312.7,2010.0,2474.8,2010.0,2475.3,1311.0,2009.0,3.0,1.0,6.0,0.0,9.5,9.9,36.8,0.0,2.7,0.0,34,34,はい,いいえ,いいえ,いいえ,いいえ,はい,いいえ,16.6,17.1,0,0,0,0,0,0,0,0,0,14,0,0,0,0,0,0,0,0,0,0,0,0,0,0,0,0,0,0,0,0,11114,1168,891,306,16.0,60.0,60.6,59.4,59.4,59.4,60.0,60.5,59.4,59.4,59.4,59.4,16.67,16.85,16.51,16.50,16.85,0.26,16.40,16.56,0.10,0.06,0,0,0.0,0.0,44354,39577,19.7,1358.3,0,59.4,16.85,0.0,
19.7.2026,1:19:5.178,13922,19989,41.0,10424,21439,32.7,2.5,2048,51,1.274,1.270,1.275,1.275,1.275,1.275,1.275,4035.5,3992.8,5140.7,4112.6,4112.6,3427.2,3427.2,99.8,668.5,1442.0,467.0,4189.2,365.2,431.6,409.2,164.1,207.1,45.3,26.0,120.2,155.4,668.5,12.9,23.3,9.7,83.5,5.7,9.1,8.1,3.5,3.9,1.2,0.7,2.8,3.3,83.5,12.9,16.4,28.1,11.9,110.4,8.3,11.0,9.7,3.9,4.7,1.1,0.6,3.0,3.8,16.4,40.4,40.0,51.5,41.2,41.2,34.3,34.3,0.0,26.0,32.1,88.7,18.9,8.8,1.6,5.8,49.7,67.9,11.3,81.1,87.5,6.6,43.8,24.3,0.0,0.0,0.0,3.7,91.8,50.5,2395.7,24.00,40,39,39,77,116,708,1,84.1,82.0,79.6,66.8,64.9,81.5,67.9,64.6,59.5,62.6,63.5,63.5,69.5,63.5,45.0,44.0,46.0,1.243,1.015,1.100,19.183,7.883,19.183,41.000,5.548,44.058,3.236,3.100,9.723,3.044,2.258,0.190,1.103,23.879,8.001,37.982,43.032,1996.4,2395.7,5023.3,5023.3,5032.7,48.9,25.6,27.3,48.9,96.4,いいえ,いいえ,いいえ,0.997,0.573,1.6,42.0,84.5,40.0,84.0,1.272,12.197,3.456,3.328,5.040,1.072,1.016,3.440,3.328,1.808,1.024,1.120,1.040,1.792,1.096,0.712,1.824,0.256,2036,いいえ,59.2,44.2,1.110,1.110,1.800,1.800,1.005,5.040,0.875,いいえ,いいえ,いいえ,42.5,1.110,1.110,1.800,1.800,1.005,5.040,0.250,いいえ,いいえ,いいえ,37,37,いいえ,はい,15390,14039,128,128,34,100.0,いいえ,いいえ,3868,2528,9990,39,41,49,100.0,100.0,いいえ,いいえ,7032,7745,0.0,37.8,37.8,0.000,0.008,1392,2688,0.0,0.0,0.0,0.000,0.000,181182,133153,0.0,0.1,0.1,0.024,0.242,67809,78072,66.1,0.720,24.000,600.0,2400.0,1200.0,100.0,0.0,0.0,0.0,0.0,0.0,0.0,0.0,0.0,0,0,16.0,93,いいえ,いいえ,いいえ,50.3,58.0,61.4,84.0,0.925,12.314,12.324,12.274,12.335,12.323,1459,1456,26.552,8.122,9.521,0.986,8.715,10.003,0.493,9.216,12.629,13.412,220.000,220.000,480.0,101.2,1995.0,1625.9,1995.0,480.0,101.1,1994.7,5.0,5.0,2.0,1.0,10.0,15.8,60.2,0.0,3.2,0.0,32,32,はい,いいえ,いいえ,いいえ,いいえ,はい,いいえ,8.6,8.7,1,0,0,0,0,0,0,0,0,15,0,0,0,0,0,0,0,0,0,0,0,0,0,0,0,0,0,0,0,0,11049,1233,956,308,5.0,60.0,60.6,59.4,59.4,59.4,60.0,60.5,59.4,59.4,59.4,59.4,16.67,16.85,16.51,16.50,16.85,0.26,16.40,16.56,0.10,0.06,0,0,0.0,0.0,44354,39577,6.2,317.2,0,59.4,16.85,0.0,
19.7.2026,1:19:7.170,14128,19783,41.6,10506,21357,32.9,2.5,2048,51,1.274,1.270,1.275,1.275,1.275,1.275,1.275,3884.1,4112.6,4112.6,4112.6,3427.2,3427.2,4112.6,99.8,654.5,1756.6,410.6,3931.0,413.7,242.6,466.9,111.8,218.6,32.7,23.6,99.8,146.0,654.5,12.4,30.6,8.5,77.5,6.2,5.2,9.3,2.3,4.0,0.0,0.0,2.2,3.0,77.5,12.4,16.1,37.8,10.4,103.4,9.4,6.0,11.3,2.6,5.0,0.8,0.5,2.5,3.6,16.1,38.9,41.2,41.2,41.2,34.3,34.3,41.2,0.0,25.6,38.4,83.8,16.9,8.1,1.3,5.0,48.3,61.6,16.2,83.1,89.2,5.2,34.1,26.2,0.0,0.0,0.0,2.7,93.5,60.9,2395.7,24.00,40,39,39,77,116,708,1,83.4,80.3,67.9,66.5,66.1,80.0,67.2,64.3,59.2,62.1,63.3,63.3,69.8,63.4,45.0,44.0,46.0,1.260,1.015,1.100,19.159,7.712,19.160,38.000,5.349,43.917,3.288,3.697,9.688,2.976,2.287,0.168,0.914,24.167,7.828,37.879,42.931,1996.4,2395.7,5063.4,5063.4,5074.6,48.8,25.5,25.3,48.8,94.5,いいえ,いいえ,いいえ,1.029,0.625,1.5,42.0,84.0,40.0,84.0,1.264,12.197,3.440,3.328,5.040,1.064,1.016,3.440,3.328,1.808,1.024,1.120,1.040,1.792,1.096,0.704,1.824,0.256,2039,いいえ,59.2,44.2,1.110,1.110,1.800,1.800,1.005,5.040,0.625,いいえ,いいえ,いいえ,42.5,1.110,1.110,1.800,1.800,1.005,5.040,0.375,いいえ,いいえ,いいえ,37,37,いいえ,はい,15390,14039,128,128,34,100.0,いいえ,いいえ,3868,2528,9990,40,42,50,100.0,100.0,いいえ,いいえ,7032,7745,0.0,0.0,0.0,0.000,0.002,1392,2688,0.0,0.0,0.0,0.000,0.000,181182,133153,0.0,0.0,0.0,0.000,0.002,67809,78072,65.8,0.720,21.000,600.0,2400.0,1200.0,100.0,0.0,0.0,0.0,0.0,0.0,0.0,0.0,0.0,0,0,16.0,93,いいえ,いいえ,いいえ,49.3,56.0,60.3,84.0,0.860,12.311,12.317,12.276,12.331,12.319,1375,1371,15.309,5.622,4.850,0.345,8.213,5.019,0.172,8.396,8.908,9.075,220.000,220.000,240.0,50.6,1185.0,345.5,1290.0,240.0,50.5,1398.9,11.0,10.0,2.0,2.0,11.1,1.5,4.3,0.0,1.8,0.0,30,30,はい,いいえ,いいえ,いいえ,いいえ,はい,いいえ,6.0,6.7,1,0,0,0,0,0,0,0,0,16,0,0,0,0,0,0,0,0,0,0,0,0,0,0,0,0,0,0,0,0,10915,1367,1091,308,2.5,60.0,60.6,59.4,59.4,59.4,60.0,60.5,59.4,59.4,59.4,59.4,16.67,16.85,16.51,16.50,16.85,0.26,16.40,16.56,0.10,0.06,0,0,0.0,0.0,44354,39578,6.0,198.3,0,59.4,16.85,0.0,
19.7.2026,1:19:9.167,14415,19496,42.5,10715,21148,33.6,2.5,2048,51,1.268,1.260,1.270,1.270,1.270,1.270,1.265,4350.5,5016.0,5016.0,4012.8,4032.7,4032.7,3992.8,99.8,907.8,1630.0,731.3,3727.3,826.1,624.3,1390.4,306.9,673.1,136.5,210.8,268.7,368.0,907.8,17.4,23.5,15.0,75.2,15.7,12.2,28.0,5.6,13.9,3.1,4.5,4.8,6.8,75.2,17.4,22.3,28.7,18.8,98.5,20.6,15.9,35.5,7.7,17.1,3.4,5.3,6.7,9.2,22.3,43.6,50.2,50.2,40.2,40.4,40.4,40.0,0.0,32.9,35.5,86.4,37.3,19.2,7.1,12.1,46.8,64.5,13.6,62.7,75.4,24.6,40.3,20.2,0.0,0.0,0.0,5.4,68.3,47.6,2395.7,24.00,40,39,39,77,116,708,1,84.9,82.6,80.1,68.2,65.2,81.0,71.9,66.9,60.3,63.8,63.2,63.2,70.0,63.3,45.0,44.0,46.0,1.232,1.015,1.100,21.477,7.691,21.480,50.500,5.354,46.111,3.676,3.288,9.056,4.483,2.821,0.851,1.557,26.331,7.806,40.026,45.103,1996.4,2395.7,4999.1,4999.1,5009.1,51.3,28.6,33.7,51.3,97.2,いいえ,いいえ,いいえ,1.315,0.766,2.0,42.0,83.9,40.0,83.0,1.264,12.197,3.456,3.328,5.040,1.064,1.016,3.440,3.328,1.808,1.024,1.120,1.040,1.792,1.096,0.712,1.824,0.256,2039,いいえ,59.2,44.2,1.110,1.110,1.800,1.800,1.005,5.040,0.625,いいえ,いいえ,いいえ,42.5,1.110,1.110,1.800,1.800,1.005,5.040,0.500,いいえ,いいえ,いいえ,37,37,いいえ,はい,15390,14039,128,128,34,100.0,いいえ,いいえ,3868,2528,9990,39,41,50,100.0,100.0,いいえ,いいえ,7032,7745,0.0,0.0,0.0,0.000,0.004,1392,2688,0.0,0.0,0.0,0.000,0.000,181182,133153,0.1,0.5,0.5,0.049,1.310,67809,78075,65.5,0.720,46.000,600.0,2400.0,1200.0,100.0,0.0,0.0,0.0,0.0,0.0,0.0,0.0,0.0,0,0,16.0,93,いいえ,いいえ,いいえ,48.7,56.0,59.7,84.0,0.860,12.307,12.314,12.270,12.327,12.316,1308,1303,12.954,5.399,3.716,0.369,8.221,3.908,0.185,8.415,8.814,9.567,220.000,220.000,210.0,50.6,1185.0,210.0,1290.0,210.0,50.5,1398.5,9.0,11.0,7.0,0.0,12.5,2.1,5.4,0.0,2.9,0.0,30,30,はい,いいえ,いいえ,いいえ,いいえ,はい,いいえ,5.5,6.0,1,0,0,0,0,0,0,0,0,16,0,0,0,0,0,0,0,0,0,0,0,0,0,0,0,0,0,0,0,0,10751,1531,1254,308,2.5,29.3,30.1,24.1,23.3,23.2,29.3,31.8,24.1,23.4,23.3,23.3,34.14,41.52,33.11,33.11,43.04,2.11,32.03,33.90,0.23,1.96,0,0,0.0,0.0,44354,39578,7.9,418.9,0,23.2,43.04,0.0,
19.7.2026,1:19:11.168,15446,18464,45.5,10880,20983,34.1,2.5,2048,51,1.116,1.290,1.080,1.090,1.115,1.060,1.060,4816.3,5140.7,4766.4,4766.4,4791.4,4716.5,4716.5,99.8,1107.0,1950.3,943.5,3323.3,1206.6,764.9,1505.2,557.9,989.8,377.1,462.5,507.3,695.2,1107.0,20.9,28.2,18.9,67.0,23.1,15.5,30.3,11.4,18.5,6.9,8.4,9.3,13.1,67.0,20.9,26.6,35.6,24.4,87.4,30.5,19.2,39.0,13.9,23.5,8.1,10.0,11.3,16.0,26.6,48.2,51.5,47.8,47.8,48.0,47.2,47.2,0.0,36.1,41.8,79.9,39.7,25.5,11.6,17.8,45.8,58.2,20.1,60.3,62.7,25.3,48.2,18.2,0.0,0.0,0.0,11.8,63.1,34.0,2395.7,24.00,40,39,39,77,116,708,1,84.4,80.7,84.5,68.5,66.0,78.9,71.8,67.7,61.3,65.2,63.2,63.2,69.5,63.3,45.0,44.0,46.0,1.209,1.015,1.100,22.058,7.716,22.021,52.500,5.379,46.243,3.730,3.581,7.811,4.409,3.065,1.310,2.207,26.533,7.832,40.282,45.364,1996.4,2395.7,4971.5,4971.5,4997.2,51.6,29.4,35.0,51.6,95.0,いいえ,いいえ,いいえ,2.001,1.330,2.2,42.0,85.2,40.0,85.0,1.240,12.197,3.440,3.328,5.040,1.064,1.016,3.440,3.328,1.808,1.024,1.120,1.040,1.792,1.104,0.704,1.824,0.256,2039,いいえ,59.2,44.0,1.110,1.110,1.800,1.800,1.005,5.040,0.750,いいえ,いいえ,いいえ,42.2,1.110,1.110,1.800,1.800,1.005,5.040,0.250,いいえ,いいえ,いいえ,37,37,いいえ,はい,15390,14039,128,128,34,100.0,いいえ,いいえ,3868,2528,9990,40,42,50,100.0,100.0,いいえ,いいえ,7032,7745,0.0,1.6,1.6,0.000,0.012,1392,2688,0.0,0.0,0.0,0.000,0.000,181182,133153,0.1,0.7,0.8,0.064,1.971,67809,78079,65.4,0.720,28.000,600.0,2400.0,1200.0,100.0,0.0,0.0,0.0,0.0,0.0,0.0,0.0,0.0,0,0,16.0,93,いいえ,いいえ,いいえ,48.2,56.0,59.2,84.0,0.860,12.312,12.319,12.276,12.332,12.321,1268,1265,12.434,5.635,4.587,0.468,8.250,4.822,0.234,8.492,8.741,9.485,220.000,220.000,210.0,50.6,1185.0,210.0,1290.0,210.0,50.6,1399.5,8.0,10.0,6.0,0.0,12.5,3.0,5.1,0.0,6.7,0.0,30,30,はい,いいえ,いいえ,いいえ,いいえ,はい,いいえ,5.9,7.0,1,0,0,0,0,0,0,0,0,16,0,0,0,0,0,0,0,0,0,0,0,0,0,0,0,0,0,0,0,0,10745,1537,1260,308,2.5,10.5,30.1,3.2,3.0,3.0,10.5,30.5,3.1,3.0,2.9,2.9,95.31,316.30,33.12,33.11,329.35,7.59,54.96,95.07,0.24,68.70,0,0,0.0,0.0,44354,39579,8.2,354.9,0,3.0,329.35,0.0,
19.7.2026,1:19:13.165,15420,18491,45.4,10804,21059,33.9,2.5,2048,51,1.242,1.195,1.260,1.260,1.260,1.260,1.215,4524.3,4916.1,5040.9,4941.1,4941.1,3294.1,4012.8,99.8,887.2,1727.2,791.3,589.0,2675.8,713.6,2157.0,458.7,427.3,151.3,199.9,436.7,318.4,887.2,17.8,24.3,15.6,11.9,54.5,14.5,44.0,9.9,10.6,4.5,5.8,10.6,7.9,54.5,17.8,22.8,30.6,20.1,15.6,70.3,19.0,57.1,12.1,13.1,5.5,7.1,12.9,10.1,22.8,45.3,49.2,50.5,49.5,49.5,33.0,40.2,0.0,34.3,37.9,62.9,56.4,20.2,10.5,18.1,55.4,62.1,37.1,43.6,67.5,59.9,62.1,10.3,0.0,0.0,0.0,12.2,29.6,19.8,2395.7,24.00,40,39,39,77,116,708,1,84.8,82.5,81.5,68.8,65.5,77.1,75.7,67.2,61.8,65.5,63.2,63.2,69.5,63.3,45.0,44.0,46.0,1.224,1.015,1.100,22.983,7.579,23.007,48.500,5.350,47.937,3.780,3.531,6.501,5.963,2.749,1.602,2.335,28.126,7.692,41.703,46.792,1996.4,2395.7,4988.4,4988.4,4996.0,53.2,30.7,32.3,53.2,97.0,いいえ,いいえ,いいえ,1.164,0.694,2.1,42.0,84.8,40.0,84.0,1.248,12.197,3.440,3.328,5.040,1.064,1.016,3.440,3.328,1.808,1.024,1.120,1.040,1.792,1.096,0.704,1.824,0.256,2039,いいえ,59.2,44.0,1.110,1.110,1.800,1.800,1.005,5.040,0.250,いいえ,いいえ,いいえ,42.2,1.110,1.110,1.800,1.800,1.005,5.040,0.250,いいえ,いいえ,いいえ,37,37,いいえ,はい,15390,14039,128,128,34,100.0,いいえ,いいえ,3868,2528,9990,40,42,50,100.0,100.0,いいえ,いいえ,7032,7745,0.0,0.0,0.0,0.000,0.004,1392,2688,0.0,0.0,0.0,0.000,0.000,181182,133153,0.8,6.3,7.1,0.516,4.827,67810,78088,65.4,0.720,23.000,600.0,2400.0,1200.0,100.0,0.0,0.0,0.0,0.0,0.0,0.0,0.0,0.0,0,0,16.0,93,いいえ,いいえ,いいえ,47.8,56.0,58.6,84.0,0.860,12.314,12.322,12.278,12.334,12.322,1255,1250,12.512,5.375,4.261,0.222,8.189,4.366,0.111,8.307,8.757,8.789,220.000,220.000,210.0,50.6,1185.0,210.0,1290.0,210.1,50.5,1399.9,3.0,5.0,3.0,0.0,19.3,2.0,5.3,0.0,2.8,0.0,30,30,はい,いいえ,いいえ,いいえ,いいえ,はい,いいえ,5.7,6.1,1,0,0,0,0,0,0,0,0,16,0,0,0,0,0,0,0,0,0,0,0,0,0,0,0,0,0,0,0,0,9911,2371,2095,299,2.5,10.5,30.1,3.2,3.0,3.0,10.5,30.5,3.1,3.0,2.9,2.9,95.31,316.30,33.12,33.11,329.35,7.59,54.96,95.07,0.24,68.70,0,0,0.0,0.0,44354,39580,8.3,251.1,0,3.0,329.35,0.0,
19.7.2026,1:19:15.177,15520,18391,45.7,10865,20998,34.0,2.5,2048,51,1.115,1.290,1.080,1.080,1.080,1.080,1.080,4762.2,5115.8,4691.5,4691.5,4691.5,4691.5,4691.5,99.8,1328.8,2304.7,1235.0,1542.8,1793.5,1396.5,1878.0,1109.1,1123.3,845.9,774.8,1011.7,930.6,1328.8,27.0,38.2,24.4,31.5,36.2,28.9,38.5,23.9,24.0,19.1,17.3,21.9,19.7,38.5,27.0,33.6,49.5,31.7,40.2,46.4,36.3,49.0,28.8,29.0,21.9,20.0,26.1,23.9,33.6,47.7,51.2,47.0,47.0,47.0,47.0,47.0,0.0,39.6,48.0,52.2,52.1,33.5,23.4,28.4,53.6,52.0,47.8,41.2,56.8,61.7,62.0,6.8,0.0,0.0,6.7,9.7,14.9,9.6,2395.7,24.00,40,39,39,77,116,708,1,83.5,77.4,84.4,69.5,67.6,73.3,74.0,69.9,64.5,67.9,63.4,63.4,68.0,63.4,45.0,44.0,46.2,1.225,1.015,1.100,24.200,8.008,24.178,51.500,5.716,50.170,4.109,4.274,5.332,5.240,3.737,2.764,3.306,29.658,8.128,44.074,49.189,1996.4,2395.7,5004.2,5004.2,5055.7,55.9,32.2,34.3,55.9,91.1,いいえ,いいえ,いいえ,3.422,0.823,2.4,42.0,84.4,40.0,84.0,1.296,12.091,3.440,3.328,5.040,1.072,1.016,3.440,3.344,1.808,1.024,1.120,1.040,1.792,1.096,0.704,1.824,0.256,2042,いいえ,59.2,43.8,1.095,1.110,1.800,1.800,1.005,5.040,0.500,いいえ,いいえ,いいえ,42.2,1.095,1.110,1.800,1.800,1.005,5.040,0.375,いいえ,いいえ,いいえ,37,37,いいえ,はい,15390,14039,128,128,34,100.0,いいえ,いいえ,3868,2528,9990,40,42,51,100.0,100.0,いいえ,いいえ,7032,7745,0.0,0.1,0.1,0.000,0.008,1392,2688,0.0,0.0,0.0,0.000,0.000,181182,133153,0.3,0.9,1.2,0.315,3.229,67811,78094,65.2,0.720,31.000,600.0,2400.0,1200.0,100.0,0.0,0.0,0.0,0.0,0.0,0.0,0.0,0.0,0,0,16.0,93,いいえ,いいえ,いいえ,59.2,56.0,68.9,84.0,0.940,12.185,12.176,12.166,12.220,12.176,1243,1241,12.041,64.897,105.962,16.803,22.191,114.823,8.401,30.524,124.446,96.022,220.000,220.000,2475.0,1312.7,2010.0,210.0,2010.0,2454.7,1311.3,2003.9,100.0,68.0,12.0,2.0,19.4,6.0,22.0,0.0,2.1,0.0,30,30,はい,いいえ,いいえ,いいえ,いいえ,はい,いいえ,62.0,79.4,1,0,0,0,0,0,0,0,0,17,0,0,0,0,0,0,0,0,0,0,0,0,0,0,0,0,0,0,0,0,9896,2386,2110,253,16.0,107.6,144.6,36.8,8.7,12.8,123.8,127.9,114.7,112.0,113.0,111.7,9.30,27.14,6.87,6.65,78.05,8.08,0.00,9.13,0.17,2.78,0,0,0.0,0.0,44354,39580,7.8,420.3,0,7.9,126.37,0.0,
19.7.2026,1:19:17.166,15481,18429,45.6,10864,20999,34.0,2.5,2048,51,1.234,1.290,1.195,1.195,1.195,1.265,1.265,4956.9,5065.9,5140.7,5140.7,4112.6,5140.7,5140.7,99.8,1567.4,2564.9,1652.1,1983.2,1652.2,1729.9,1659.1,1331.3,1359.3,1190.2,1136.7,1262.4,1287.5,1567.4,32.1,43.7,32.0,40.1,32.2,35.7,34.1,29.1,29.5,27.0,25.9,27.7,27.9,43.7,32.1,39.8,57.9,42.6,51.8,42.0,44.9,43.0,34.5,35.1,30.8,29.5,32.7,33.2,39.8,49.7,50.8,51.5,51.5,41.2,51.5,51.5,0.0,41.8,52.2,49.0,47.1,36.3,31.6,34.4,58.2,47.8,51.0,52.9,63.7,68.4,65.6,0.0,0.0,0.0,0.0,0.0,0.0,0.0,2395.7,24.00,40,39,39,77,116,708,1,81.2,75.1,71.8,70.8,69.6,73.0,73.6,71.4,67.0,70.3,63.8,63.8,70.0,63.4,45.0,44.0,46.6,1.239,1.015,1.100,25.632,8.423,25.661,51.000,6.153,53.587,4.443,4.855,5.103,4.870,4.157,3.640,4.036,31.793,8.548,47.110,52.300,1996.4,2395.7,5033.0,5033.0,5102.0,59.4,34.2,34.0,59.4,88.4,いいえ,いいえ,いいえ,5.151,0.766,2.5,42.0,82.4,40.0,82.0,1.264,12.091,3.440,3.296,5.016,1.064,1.016,3.440,3.328,1.808,1.024,1.120,1.032,1.792,1.096,0.712,1.824,0.256,2014,いいえ,59.2,43.8,1.095,1.110,1.800,1.800,1.005,5.040,0.750,いいえ,いいえ,いいえ,42.2,1.095,1.110,1.800,1.800,1.005,5.040,0.375,いいえ,いいえ,いいえ,37,37,いいえ,はい,15390,14039,128,128,34,100.0,いいえ,いいえ,3868,2528,9990,40,42,50,100.0,100.0,いいえ,いいえ,7032,7745,0.0,0.0,0.0,0.000,0.004,1392,2688,0.0,0.0,0.0,0.000,0.000,181182,133153,0.0,0.1,0.1,0.000,0.224,67811,78094,65.2,0.720,18.000,600.0,2400.0,1200.0,100.0,0.0,0.0,0.0,0.0,0.0,0.0,0.0,0.0,0,0,16.0,93,いいえ,いいえ,いいえ,71.2,60.0,83.7,84.0,1.040,12.115,12.090,12.127,12.155,12.090,1243,1243,214.959,91.485,177.350,21.544,26.630,188.420,10.772,37.373,129.923,139.866,220.000,220.000,2685.0,1312.7,2115.0,2627.3,2160.0,2637.9,1311.8,2143.7,100.0,39.0,3.0,7.0,19.4,20.9,80.7,0.0,3.0,0.0,35,35,はい,はい,いいえ,いいえ,いいえ,いいえ,いいえ,97.6,97.8,1,0,0,0,0,0,0,0,0,17,0,0,0,0,0,0,0,0,0,0,0,0,0,0,0,0,0,0,0,0,9895,2387,2110,254,16.0,120.0,134.3,104.5,97.9,100.6,120.0,124.0,114.6,114.5,114.5,114.5,8.33,9.58,7.42,6.60,9.97,8.34,0.00,8.18,0.15,0.38,0,0,0.0,0.0,44354,39582,9.6,711.1,0,97.1,10.33,0.0,
19.7.2026,1:19:19.180,15473,18438,45.6,10862,21001,34.0,2.5,2048,51,1.267,1.275,1.265,1.265,1.265,1.265,1.265,3847.2,5115.8,3593.5,3593.5,3593.5,3593.5,3593.5,99.8,1446.3,2444.8,1485.7,1809.0,1542.6,1652.5,1433.4,1217.5,1258.9,1111.1,1082.1,1129.8,1188.0,1446.3,29.8,42.0,28.9,36.6,30.0,34.2,29.9,27.0,27.5,25.4,25.0,25.1,26.1,42.0,29.8,36.8,55.4,38.2,47.2,39.1,42.9,37.2,31.6,32.5,28.8,28.1,29.2,30.7,36.8,38.5,51.2,36.0,36.0,36.0,36.0,36.0,0.0,38.9,49.8,45.3,43.3,33.6,30.1,31.4,61.1,50.2,54.7,56.7,66.4,69.9,68.6,0.0,0.0,0.0,0.0,0.0,0.0,0.0,2395.7,24.00,40,39,39,77,116,708,1,79.5,74.0,75.6,70.1,68.9,72.0,72.6,70.6,66.7,69.6,63.7,63.7,69.5,63.3,45.0,44.0,46.8,1.241,1.015,1.100,24.805,8.461,24.796,52.500,6.155,52.426,4.248,4.641,4.861,4.624,3.971,3.549,3.843,30.823,8.587,46.180,51.309,1996.4,2395.7,5041.9,5041.9,5117.2,58.3,33.1,35.0,58.3,87.0,いいえ,いいえ,いいえ,4.792,0.698,2.3,42.0,80.5,40.0,80.0,1.264,12.038,3.440,3.296,5.016,1.064,1.016,3.440,3.328,1.808,1.024,1.120,1.032,1.792,1.096,0.704,1.824,0.256,2027,いいえ,59.2,43.8,1.095,1.110,1.800,1.800,1.005,5.040,1.250,いいえ,いいえ,いいえ,42.2,1.095,1.110,1.800,1.800,1.005,5.040,0.500,いいえ,いいえ,いいえ,37,37,いいえ,はい,15390,14039,128,128,34,100.0,いいえ,いいえ,3868,2528,9990,40,42,50,100.0,100.0,いいえ,いいえ,7032,7745,0.0,0.0,0.0,0.000,0.004,1392,2688,0.0,0.0,0.0,0.000,0.000,181182,133153,0.0,0.1,0.1,0.000,0.047,67811,78094,65.4,0.720,24.000,600.0,2400.0,1200.0,100.0,0.0,0.0,0.0,0.0,0.0,0.0,0.0,0.0,0,0,16.0,93,いいえ,いいえ,いいえ,73.0,62.0,87.1,84.0,1.040,12.123,12.097,12.134,12.164,12.096,1356,1358,214.293,97.250,176.268,21.701,26.792,187.423,10.850,37.605,173.748,143.614,220.000,220.000,2670.0,1312.7,2115.0,2619.7,2145.0,2627.6,1310.5,2137.8,100.0,39.0,3.0,8.0,19.4,20.7,80.0,0.0,2.9,0.0,41,41,はい,はい,いいえ,いいえ,いいえ,いいえ,いいえ,97.2,95.2,1,0,0,0,0,0,0,0,0,17,0,0,0,0,0,0,0,0,0,0,0,0,0,0,0,0,0,0,0,0,9895,2387,2110,254,16.0,116.9,127.0,105.2,104.5,104.7,116.9,119.9,112.5,112.1,112.2,112.1,8.56,9.52,7.84,7.83,9.56,8.56,0.00,8.41,0.15,0.36,0,0,0.0,0.0,44354,39583,9.1,763.4,0,104.5,9.57,0.0,
19.7.2026,1:19:21.189,15457,18454,45.5,10848,21015,34.0,2.5,2048,51,1.258,1.280,1.295,1.295,1.225,1.225,1.225,4970.2,5140.7,4966.0,4966.0,4916.1,4916.1,4916.1,99.8,1434.7,2456.1,1501.7,1764.5,1470.4,1661.2,1489.7,1211.9,1254.5,1065.2,1034.9,1149.2,1157.5,1434.7,29.8,42.1,29.3,36.1,29.4,34.6,31.2,27.0,27.6,24.7,24.3,25.8,25.8,42.1,29.8,36.5,55.5,38.7,45.9,37.6,43.1,38.7,31.4,32.4,27.6,26.9,29.8,29.9,36.5,49.8,51.5,49.8,49.8,49.2,49.2,49.2,0.0,38.4,49.8,43.7,44.5,33.1,28.5,31.0,61.6,50.2,56.3,55.5,66.9,71.5,69.0,0.0,0.0,0.0,0.0,0.0,0.0,0.0,2395.7,24.00,40,39,39,77,116,708,1,78.4,74.0,69.9,69.9,69.0,71.6,72.5,70.3,66.4,69.3,63.6,63.6,69.5,63.4,45.0,44.0,47.0,1.240,1.015,1.100,24.845,8.599,24.850,52.500,6.141,52.717,4.206,4.713,4.715,4.660,3.926,3.432,3.792,30.885,8.727,46.367,51.519,1996.4,2395.7,5040.2,5040.2,5116.5,58.5,33.1,35.0,58.5,87.0,いいえ,いいえ,いいえ,4.788,0.698,2.3,42.0,78.0,40.0,78.0,1.288,12.091,3.456,3.296,5.016,1.064,1.016,3.440,3.328,1.808,1.024,1.120,1.032,1.792,1.096,0.704,1.824,0.256,2027,いいえ,59.2,43.8,1.095,1.110,1.800,1.800,1.005,5.040,0.375,いいえ,いいえ,いいえ,42.2,1.095,1.110,1.800,1.800,1.005,5.040,1.250,いいえ,いいえ,いいえ,37,37,いいえ,はい,15390,14039,128,128,34,100.0,いいえ,いいえ,3868,2528,9990,40,42,50,100.0,100.0,いいえ,いいえ,7032,7745,0.0,0.1,0.1,0.000,0.008,1392,2688,0.0,0.0,0.0,0.000,0.000,181182,133153,0.0,0.1,0.1,0.000,0.091,67811,78095,65.4,0.720,17.000,600.0,2400.0,1200.0,100.0,0.0,0.0,0.0,0.0,0.0,0.0,0.0,0.0,0,0,16.0,93,いいえ,いいえ,いいえ,73.7,62.0,86.6,84.0,1.050,12.121,12.095,12.133,12.161,12.095,1510,1510,214.606,96.508,177.076,21.601,26.825,188.184,10.801,37.582,167.054,142.941,220.000,220.000,2685.0,1312.7,2115.0,2610.1,2160.0,2591.6,1311.3,2128.5,100.0,38.0,3.0,7.0,19.4,21.1,81.7,0.0,2.9,0.0,43,43,はい,はい,いいえ,いいえ,いいえ,いいえ,いいえ,97.6,98.0,1,0,0,0,0,0,0,0,0,17,0,0,0,0,0,0,0,0,0,0,0,0,0,0,0,0,0,0,0,0,9895,2387,2110,254,16.0,113.9,124.7,100.8,100.4,100.6,113.8,120.5,106.8,106.6,106.6,106.6,8.78,9.93,8.01,7.88,9.94,8.79,0.00,8.64,0.15,0.36,0,0,0.0,0.0,44354,39585,9.2,665.0,0,100.4,9.95,0.0,
19.7.2026,1:19:23.183,15429,18482,45.4,10821,21042,33.9,2.5,2048,51,1.202,1.260,1.190,1.190,1.190,1.190,1.190,4683.2,5040.9,4941.1,3294.1,4941.1,4941.1,4941.1,99.8,1384.1,2407.4,1483.5,1676.5,1462.8,1535.5,1353.1,1198.3,1200.4,1047.9,1020.8,1093.6,1130.0,1384.1,28.0,40.0,28.3,33.7,28.5,31.5,27.9,26.0,25.6,23.5,23.0,23.6,24.2,40.0,28.0,35.0,53.5,38.2,43.7,37.3,39.8,35.1,31.2,31.0,27.1,26.5,28.2,29.1,35.0,46.9,50.5,49.5,33.0,49.5,49.5,49.5,0.0,37.0,48.7,42.7,40.7,32.3,27.9,29.5,63.0,51.3,57.3,59.3,67.7,72.1,70.5,0.0,0.0,0.0,0.0,0.0,0.0,0.0,2395.7,24.00,40,39,39,77,116,708,1,77.5,73.3,74.2,69.4,68.7,71.1,71.5,69.9,66.2,68.8,63.5,63.5,69.5,63.5,45.0,44.0,47.0,1.237,1.015,1.100,24.450,8.476,24.455,51.500,6.150,52.026,4.080,4.627,4.602,4.372,3.839,3.361,3.678,30.355,8.603,45.722,50.865,1996.4,2395.7,5035.3,5035.3,5118.6,57.8,32.6,34.3,57.8,86.2,いいえ,いいえ,いいえ,4.661,0.677,2.2,42.0,78.0,40.0,78.0,1.256,12.091,3.440,3.296,5.016,1.064,1.016,3.440,3.328,1.808,1.024,1.120,1.032,1.792,1.096,0.704,1.824,0.256,2036,いいえ,59.2,43.8,1.095,1.110,1.800,1.800,1.005,5.040,0.500,いいえ,いいえ,いいえ,42.2,1.095,1.110,1.800,1.800,1.005,5.040,0.375,いいえ,いいえ,いいえ,37,37,いいえ,はい,15390,14039,128,128,34,100.0,いいえ,いいえ,3868,2528,9990,40,42,50,100.0,100.0,いいえ,いいえ,7032,7745,0.0,0.0,0.0,0.000,0.000,1392,2688,0.0,0.0,0.0,0.000,0.000,181182,133153,0.0,0.0,0.0,0.000,0.055,67811,78095,65.3,0.720,19.000,600.0,2400.0,1200.0,100.0,0.0,0.0,0.0,0.0,0.0,0.0,0.0,0.0,0,0,16.0,93,いいえ,いいえ,いいえ,74.2,64.0,88.5,84.0,1.050,12.115,12.091,12.126,12.155,12.090,1625,1629,213.847,93.298,176.149,21.812,27.065,187.353,10.894,37.939,139.211,145.962,220.000,220.000,2700.0,1312.7,2115.0,2622.7,2175.0,2698.4,1311.5,2174.9,100.0,39.0,3.0,7.0,19.4,20.2,77.9,0.0,2.9,0.0,44,44,はい,はい,いいえ,いいえ,いいえ,いいえ,いいえ,97.3,98.8,1,0,0,0,0,0,0,0,0,17,0,0,0,0,0,0,0,0,0,0,0,0,0,0,0,0,0,0,0,0,9895,2387,2110,254,16.0,109.7,120.1,100.8,98.4,99.4,109.8,112.6,105.5,105.3,105.4,105.3,9.11,9.94,8.31,8.27,10.08,9.11,0.00,8.97,0.15,0.33,0,0,0.0,0.0,44354,39586,9.5,549.3,0,98.2,10.21,0.0,
19.7.2026,1:19:25.181,15431,18480,45.5,10823,21040,33.9,2.5,2048,51,1.295,1.290,1.290,1.290,1.300,1.300,1.300,4753.9,4991.0,5115.8,5115.8,4092.6,4092.6,5115.8,99.8,1585.7,2586.9,1592.8,1937.0,1695.7,1832.5,1564.4,1439.5,1407.4,1187.9,1161.7,1292.7,1330.4,1585.7,32.8,45.2,31.4,39.4,33.6,38.0,32.5,31.6,30.6,27.0,26.6,28.3,28.9,45.2,32.8,40.5,59.4,41.2,50.6,43.2,47.7,40.7,37.5,36.5,30.8,30.2,33.6,34.5,40.5,47.6,50.0,51.2,51.2,41.0,41.0,51.2,0.0,42.2,52.8,48.8,47.5,37.9,31.4,34.7,57.8,47.2,51.2,52.5,62.1,68.6,65.3,0.0,0.0,0.0,0.0,0.0,0.0,0.0,2395.7,24.00,40,39,39,77,116,708,1,78.8,74.6,75.6,70.4,69.1,72.4,73.0,71.2,66.7,69.8,63.5,63.5,69.8,63.5,45.0,44.0,47.0,1.235,1.015,1.100,25.776,8.675,25.760,51.000,6.194,53.747,4.365,4.715,5.000,4.779,4.175,3.555,3.963,31.826,8.804,47.444,52.583,1996.4,2395.7,5028.3,5028.3,5098.5,59.8,34.3,34.0,59.8,87.7,いいえ,いいえ,いいえ,5.084,0.782,2.5,42.0,77.6,40.0,77.0,1.248,12.038,3.440,3.296,5.016,1.064,1.016,3.440,3.328,1.808,1.024,1.120,1.032,1.792,1.096,0.704,1.824,0.256,2048,いいえ,59.2,44.0,1.095,1.110,1.800,1.800,1.005,5.040,0.375,いいえ,いいえ,いいえ,42.2,1.095,1.110,1.800,1.800,1.005,4.970,0.875,いいえ,いいえ,いいえ,37,37,いいえ,はい,15390,14039,128,128,34,100.0,いいえ,いいえ,3868,2528,9990,40,42,50,100.0,100.0,いいえ,いいえ,7032,7745,0.0,0.0,0.0,0.000,0.004,1392,2688,0.0,0.0,0.0,0.000,0.000,181182,133153,0.0,0.1,0.1,0.000,0.065,67811,78095,65.3,0.720,30.000,600.0,2400.0,1200.0,100.0,0.0,0.0,0.0,0.0,0.0,0.0,0.0,0.0,0,0,16.0,93,いいえ,いいえ,いいえ,74.8,64.0,87.9,84.0,1.040,12.124,12.099,12.134,12.163,12.099,1702,1706,215.031,97.185,177.100,22.214,27.435,188.531,11.107,38.496,167.579,145.017,220.000,220.000,2670.0,1312.7,2115.0,2617.6,2160.0,2669.8,1311.4,2158.5,100.0,40.0,3.0,7.0,19.4,20.5,79.2,0.0,2.9,0.0,46,46,はい,はい,いいえ,いいえ,いいえ,いいえ,いいえ,98.0,97.5,1,0,0,0,0,0,0,0,0,17,0,0,0,0,0,0,0,0,0,0,0,0,0,0,0,0,0,0,0,0,9895,2387,2110,254,16.0,130.1,162.6,106.3,103.8,104.7,130.5,146.2,110.4,109.5,109.8,109.4,7.69,9.41,6.15,6.05,9.54,7.66,0.00,7.53,0.15,0.38,0,0,0.0,0.0,44354,39587,9.3,600.6,0,103.5,9.65,0.0,
19.7.2026,1:19:27.183,15437,18474,45.5,10824,21039,33.9,2.5,2048,51,1.283,1.280,1.290,1.290,1.290,1.290,1.260,4261.8,5140.7,5140.7,5140.7,3427.2,3427.2,3294.1,99.8,1600.1,2874.4,1664.4,1982.0,1650.5,1651.8,1668.1,1337.9,1367.8,1187.5,1182.7,1297.6,1336.9,1600.1,33.3,50.9,32.4,40.4,32.5,34.5,34.8,29.9,30.3,27.6,27.7,28.9,29.6,50.9,33.3,40.8,67.4,43.0,51.7,41.8,42.8,43.3,34.7,35.3,30.7,30.7,33.6,34.5,40.8,42.7,51.5,51.5,51.5,34.3,34.3,33.0,0.0,42.9,58.1,48.9,46.1,36.5,32.3,35.7,57.1,41.9,51.1,53.9,63.5,67.7,64.3,0.0,0.0,0.0,0.0,0.0,0.0,0.0,2395.7,24.00,40,39,39,77,116,708,1,79.1,75.5,77.1,71.2,71.2,73.1,73.4,71.5,67.3,70.7,64.0,64.0,69.2,63.2,45.0,44.0,47.0,1.251,1.015,1.100,26.682,8.648,26.684,53.000,6.170,55.300,4.642,5.468,5.254,4.919,4.255,3.731,4.226,33.354,8.776,48.917,54.084,1996.4,2395.7,5050.6,5050.6,5110.0,61.5,35.6,35.3,61.5,88.8,いいえ,いいえ,いいえ,5.244,0.780,2.6,43.0,79.1,40.0,79.0,1.296,12.091,3.440,3.296,5.016,1.072,1.016,3.440,3.328,1.808,1.024,1.120,1.032,1.792,1.096,0.704,1.824,0.256,2054,いいえ,59.2,44.0,1.110,1.110,1.800,1.800,1.005,5.040,0.375,いいえ,いいえ,いいえ,42.2,1.095,1.110,1.800,1.800,1.005,5.040,1.000,いいえ,いいえ,いいえ,37,37,いいえ,はい,15390,14039,128,128,34,100.0,いいえ,いいえ,3868,2528,9990,40,42,50,100.0,100.0,いいえ,いいえ,7032,7745,0.0,0.1,0.1,0.000,0.016,1392,2688,0.0,0.0,0.0,0.000,0.000,181182,133153,0.0,0.0,0.0,0.000,0.067,67811,78095,65.3,0.720,31.000,600.0,2400.0,1200.0,100.0,0.0,0.0,0.0,0.0,0.0,0.0,0.0,0.0,0,0,16.0,93,いいえ,いいえ,いいえ,75.1,64.0,89.3,84.0,1.035,12.121,12.096,12.132,12.162,12.095,1761,1769,214.833,91.717,175.760,21.749,27.090,186.933,10.873,37.931,132.466,140.933,220.000,220.000,2670.0,1312.7,2115.0,2583.6,2160.0,2666.8,1311.6,2154.5,100.0,39.0,3.0,8.0,19.4,20.0,76.9,0.0,3.0,0.0,47,47,はい,はい,いいえ,いいえ,いいえ,いいえ,いいえ,97.1,97.7,1,0,0,0,0,0,0,0,0,17,0,0,0,0,0,0,0,0,0,0,0,0,0,0,0,0,0,0,0,0,9895,2387,2111,254,16.0,139.6,155.3,125.2,122.8,123.6,139.5,144.2,132.5,132.1,132.2,132.0,7.17,8.01,6.43,6.36,8.08,7.17,0.00,7.03,0.14,0.29,0,0,0.0,0.0,44354,39588,9.1,634.9,0,122.5,8.13,0.0,
19.7.2026,1:19:29.187,15430,18481,45.5,10822,21040,33.9,2.5,2048,51,1.286,1.290,1.285,1.285,1.285,1.285,1.285,5049.2,4966.0,5065.9,5065.9,5065.9,5065.9,5065.9,99.8,1556.0,2598.8,1594.8,1957.3,1629.2,1668.0,1645.8,1352.1,1342.8,1186.8,1169.0,1268.8,1258.1,1556.0,32.5,45.4,31.5,40.0,32.2,34.9,34.4,30.4,30.1,27.8,27.5,28.2,28.2,45.4,32.5,39.6,59.7,41.3,51.0,41.2,43.3,42.7,35.1,34.8,30.8,30.4,32.9,32.6,39.6,50.6,49.8,50.8,50.8,50.8,50.8,50.8,0.0,41.2,52.7,47.8,45.3,36.1,31.8,33.1,58.8,47.3,52.2,54.7,63.9,68.2,66.9,0.0,0.0,0.0,0.0,0.0,0.0,0.0,2395.7,24.00,40,39,39,77,116,708,1,78.8,75.1,75.6,71.0,69.9,73.1,73.5,71.6,67.4,70.4,63.9,63.9,69.2,63.4,45.1,44.1,47.0,1.248,1.015,1.100,25.984,8.615,25.982,51.500,6.194,54.335,4.520,4.950,5.215,4.898,4.242,3.746,4.065,32.403,8.743,47.960,53.112,1996.4,2395.7,5048.1,5048.1,5115.4,60.4,34.6,34.3,60.4,88.3,いいえ,いいえ,いいえ,5.088,0.723,2.5,43.0,79.9,40.0,79.0,1.264,12.144,3.440,3.296,4.992,1.064,1.008,3.440,3.328,1.808,1.024,1.120,1.032,1.792,1.096,0.704,1.824,0.256,2045,いいえ,59.2,44.0,1.110,1.110,1.800,1.800,1.005,5.040,0.375,いいえ,いいえ,いいえ,42.5,1.110,1.110,1.800,1.800,1.005,5.040,1.125,いいえ,いいえ,いいえ,37,37,いいえ,はい,15390,14039,128,128,34,100.0,いいえ,いいえ,3868,2528,9990,40,42,50,100.0,100.0,いいえ,いいえ,7032,7745,0.0,0.0,0.0,0.000,0.002,1392,2688,0.0,0.0,0.0,0.000,0.000,181182,133153,0.0,0.5,0.5,0.000,0.106,67811,78095,65.4,0.720,45.000,600.0,2400.0,1200.0,100.0,0.0,0.0,0.0,0.0,0.0,0.0,0.0,0.0,0,0,16.0,93,いいえ,いいえ,いいえ,75.9,64.0,89.4,84.0,1.040,12.125,12.097,12.139,12.168,12.097,1805,1809,214.321,94.568,176.542,21.315,26.790,187.528,10.657,37.406,156.264,140.044,220.000,220.000,2685.0,1312.7,2115.0,2589.3,2160.0,2637.1,1311.4,2141.5,100.0,37.0,3.0,8.0,19.4,20.5,78.8,0.0,3.0,0.0,47,47,はい,はい,いいえ,いいえ,いいえ,いいえ,いいえ,97.2,98.6,1,0,0,0,0,0,0,0,0,17,0,0,0,0,0,0,0,0,0,0,0,0,0,0,0,0,0,0,0,0,9895,2387,2111,254,16.0,135.6,146.9,123.3,122.6,122.7,135.5,138.6,129.6,129.0,129.3,128.9,7.38,8.12,6.82,6.74,8.15,7.38,0.00,7.24,0.14,0.29,0,0,0.0,0.0,44355,39589,9.2,573.9,0,122.5,8.17,0.0,
19.7.2026,1:19:31.195,15428,18483,45.4,10818,21045,33.9,2.5,2048,51,1.259,1.295,1.265,1.265,1.265,1.265,1.200,3872.2,5115.8,4941.1,3294.1,3294.1,3294.1,3294.1,99.8,1571.9,2606.1,1654.8,1966.8,1698.8,1658.3,1677.8,1339.6,1338.8,1195.5,1169.5,1278.4,1278.0,1571.9,32.1,44.3,32.1,39.4,33.0,34.0,34.5,29.3,29.1,27.3,26.9,27.9,28.0,44.3,32.1,40.0,59.1,42.9,51.3,43.2,42.9,43.6,34.8,34.7,31.0,30.4,33.1,33.1,40.0,38.8,51.2,49.5,33.0,33.0,33.0,33.0,0.0,41.6,53.0,49.2,46.1,35.6,31.9,34.0,58.4,47.0,50.8,53.9,64.4,68.1,66.0,0.0,0.0,0.0,0.0,0.0,0.0,0.0,2395.7,24.00,40,39,39,77,116,708,1,78.8,75.4,75.6,71.2,70.1,73.4,73.8,71.6,67.6,70.6,64.1,64.1,69.5,63.8,45.2,44.3,47.0,1.247,1.015,1.100,26.360,8.504,26.370,51.500,6.211,54.676,4.551,4.980,5.285,4.959,4.211,3.760,4.108,32.877,8.631,48.340,53.507,1996.4,2395.7,5045.3,5045.3,5111.1,60.8,35.2,34.3,60.8,88.7,いいえ,いいえ,いいえ,5.150,0.744,2.5,43.0,78.8,40.0,78.0,1.248,12.038,3.440,3.296,5.016,1.064,1.008,3.440,3.328,1.808,1.024,1.120,1.032,1.792,1.096,0.704,1.824,0.256,2070,いいえ,60.1,44.2,1.110,1.110,1.800,1.800,1.005,5.040,1.125,いいえ,いいえ,いいえ,42.5,1.110,1.110,1.815,1.800,1.005,5.040,0.250,いいえ,いいえ,いいえ,37,37,いいえ,はい,15390,14039,128,128,34,100.0,いいえ,いいえ,3868,2528,9990,40,42,50,100.0,100.0,いいえ,いいえ,7032,7745,0.0,0.1,0.1,0.000,0.012,1392,2688,0.0,0.0,0.0,0.000,0.000,181182,133153,0.0,0.0,0.0,0.032,0.012,67811,78095,65.4,0.720,20.000,600.0,2400.0,1200.0,100.0,0.0,0.0,0.0,0.0,0.0,0.0,0.0,0.0,0,0,16.0,93,いいえ,いいえ,いいえ,76.3,66.0,89.4,84.0,1.040,12.123,12.096,12.136,12.164,12.096,1842,1844,214.372,99.232,176.373,21.313,26.821,187.343,10.644,37.428,194.717,139.215,220.000,220.000,2670.0,1312.7,2115.0,2593.4,2160.0,2649.5,1311.1,2102.0,100.0,37.0,2.0,8.0,19.4,20.4,78.7,0.0,3.0,0.0,48,48,はい,はい,いいえ,いいえ,いいえ,いいえ,いいえ,97.2,97.9,1,0,0,0,0,0,0,0,0,17,0,0,0,0,0,0,0,0,0,0,0,0,0,0,0,0,0,0,0,0,9895,2387,2111,254,16.0,132.6,148.6,119.2,118.6,118.8,132.6,135.3,127.6,127.6,127.6,127.6,7.54,8.40,6.72,6.71,8.43,7.54,0.00,7.40,0.14,0.31,0,0,0.0,0.0,44355,39590,9.1,614.4,0,118.5,8.46,0.0,
19.7.2026,1:19:33.192,15426,18484,45.4,10819,21044,33.9,2.5,2048,51,1.281,1.265,1.280,1.285,1.285,1.285,1.285,4921.1,5090.8,4072.7,5090.8,5090.8,5090.8,5090.8,99.8,1619.8,2576.3,1604.3,2199.2,1650.6,1919.7,1676.2,1364.2,1455.8,1195.3,1183.7,1337.7,1274.7,1619.8,33.3,44.2,31.5,44.4,32.2,39.5,34.6,30.0,31.7,27.5,27.3,29.2,27.8,44.4,33.3,41.2,58.3,41.5,57.4,41.9,49.8,43.5,35.4,37.7,31.0,30.8,34.7,32.9,41.2,49.3,51.0,40.8,51.0,51.0,51.0,51.0,0.0,43.7,52.5,52.3,50.6,38.4,32.8,35.4,56.3,47.5,47.7,49.4,61.6,67.2,64.6,0.0,0.0,0.0,0.0,0.0,0.0,0.0,2395.7,24.00,40,39,39,77,116,708,1,79.4,76.3,77.6,71.6,69.9,74.2,74.8,72.3,67.6,71.0,64.2,64.2,70.0,63.5,45.3,44.7,47.0,1.244,1.015,1.100,26.541,8.467,26.535,51.500,6.218,54.880,4.646,4.878,5.460,5.211,4.365,3.754,4.207,33.058,8.594,48.492,53.644,1996.4,2395.7,5037.4,5037.4,5098.1,61.0,35.4,34.3,61.0,89.8,いいえ,いいえ,いいえ,5.157,0.766,2.6,43.0,79.2,40.0,79.0,1.248,12.091,3.440,3.296,4.992,1.064,1.008,3.440,3.328,1.808,1.024,1.120,1.032,1.792,1.096,0.696,1.824,0.256,2051,いいえ,60.1,44.2,1.110,1.110,1.800,1.815,1.005,5.040,0.625,いいえ,いいえ,いいえ,42.5,1.110,1.110,1.800,1.800,1.005,5.040,0.375,いいえ,いいえ,いいえ,37,37,いいえ,はい,15390,14039,128,128,34,100.0,いいえ,いいえ,3868,2528,9990,40,42,50,100.0,100.0,いいえ,いいえ,7032,7745,0.0,8.6,8.6,0.000,0.002,1392,2688,0.0,0.0,0.0,0.000,0.000,181182,133153,0.0,0.1,0.1,0.000,0.038,67811,78095,65.5,0.720,51.000,600.0,2400.0,1200.0,100.0,0.0,0.0,0.0,0.0,0.0,0.0,0.0,0.0,0,0,16.0,93,いいえ,いいえ,いいえ,77.0,66.0,91.3,84.0,1.020,12.120,12.094,12.133,12.161,12.093,1871,1873,214.849,93.616,178.507,21.357,26.899,189.527,10.678,37.540,144.500,139.917,220.000,220.000,2655.0,1312.7,2100.0,2597.5,2130.0,2529.9,1311.4,2083.7,100.0,38.0,3.0,8.0,19.4,20.3,78.1,0.0,2.9,0.0,48,48,はい,はい,いいえ,いいえ,いいえ,いいえ,いいえ,98.2,96.7,1,0,0,0,0,0,0,0,0,17,0,0,0,0,0,0,0,0,0,0,0,0,0,0,0,0,0,0,0,0,9895,2387,2111,254,16.0,117.9,128.9,106.8,105.4,105.9,117.9,121.3,113.8,113.7,113.7,113.7,8.48,9.37,7.73,7.60,9.45,8.48,0.00,8.33,0.15,0.32,0,0,0.0,0.0,44355,39592,9.1,710.1,0,105.3,9.51,0.0,
19.7.2026,1:19:35.191,15425,18486,45.4,10818,21045,33.9,2.5,2048,51,1.271,1.275,1.270,1.270,1.270,1.270,1.270,4966.0,5090.8,4941.1,4941.1,4941.1,4941.1,4941.1,99.8,1629.6,2644.0,1631.3,2212.9,1667.8,1828.6,1701.0,1443.1,1479.9,1176.8,1201.2,1272.6,1296.2,1629.6,33.3,45.2,31.7,44.6,32.5,37.5,34.7,31.5,32.0,27.0,27.4,27.7,27.9,45.2,33.3,41.5,59.7,42.2,57.8,42.4,47.5,44.1,37.5,38.4,30.6,31.1,33.0,33.4,41.5,49.8,51.0,49.5,49.5,49.5,49.5,49.5,0.0,44.0,53.8,53.2,49.2,40.2,33.1,34.6,56.0,46.2,46.8,50.8,59.8,66.9,65.4,0.0,0.0,0.0,0.0,0.0,0.0,0.0,2395.7,24.00,40,39,39,77,116,708,1,79.5,76.3,79.6,71.8,70.4,74.4,74.7,72.7,67.8,71.1,64.3,64.3,70.0,63.4,45.4,44.9,47.0,1.245,1.015,1.100,26.753,8.452,26.756,51.000,6.240,55.180,4.675,5.013,5.507,5.125,4.461,3.774,4.169,33.357,8.578,48.799,53.962,1996.4,2395.7,5038.1,5038.1,5097.1,61.3,35.7,34.0,61.3,89.8,いいえ,いいえ,いいえ,5.177,0.770,2.6,43.0,79.6,40.0,79.0,1.232,12.091,3.456,3.296,5.016,1.072,1.008,3.440,3.328,1.808,1.024,1.120,1.032,1.792,1.096,0.696,1.824,0.256,2076,いいえ,60.1,44.5,1.110,1.110,1.800,1.815,0.990,5.040,0.625,いいえ,いいえ,いいえ,42.5,1.110,1.110,1.800,1.815,1.005,5.040,0.500,いいえ,いいえ,いいえ,37,37,いいえ,はい,15390,14039,128,128,34,100.0,いいえ,いいえ,3868,2528,9990,40,42,50,100.0,100.0,いいえ,いいえ,7032,7745,0.0,0.0,0.0,0.000,0.004,1392,2688,0.0,0.0,0.0,0.000,0.000,181182,133153,0.0,0.1,0.1,0.000,0.016,67811,78095,65.6,0.720,55.000,600.0,2400.0,1200.0,100.0,0.0,0.0,0.0,0.0,0.0,0.0,0.0,0.0,0,0,16.0,93,いいえ,いいえ,いいえ,76.5,66.0,90.0,84.0,1.040,12.123,12.096,12.136,12.165,12.096,1890,1894,214.866,90.579,176.742,21.289,26.869,187.703,10.645,37.471,125.349,138.561,220.000,220.000,2685.0,1312.7,2115.0,2602.1,2175.0,2668.4,1311.0,2152.7,100.0,38.0,3.0,8.0,19.4,21.5,82.8,0.0,3.0,0.0,49,49,はい,はい,いいえ,いいえ,いいえ,いいえ,いいえ,97.4,99.7,1,0,0,0,0,0,0,0,0,17,0,0,0,0,0,0,0,0,0,0,0,0,0,0,0,0,0,0,0,0,9895,2387,2111,254,16.0,120.7,136.1,108.7,107.6,108.0,120.7,123.9,116.2,116.1,116.1,116.1,8.28,9.21,7.34,7.28,9.27,8.28,0.00,8.14,0.14,0.34,0,0,0.0,0.0,44355,39593,9.4,731.0,0,107.5,9.30,0.0,
19.7.2026,1:19:37.192,15434,18477,45.5,10819,21044,33.9,2.5,2048,51,1.183,1.275,1.165,1.165,1.165,1.165,1.165,4882.9,5090.8,4841.3,4841.3,4841.3,4841.3,4841.3,99.8,1621.4,2617.9,1678.1,2142.0,1661.8,1791.2,1676.9,1458.1,1419.0,1185.6,1233.3,1300.4,1293.1,1621.4,33.1,43.6,32.8,43.1,32.3,36.8,34.2,31.7,30.6,27.1,28.0,28.6,28.2,43.6,33.1,41.2,57.7,43.5,55.9,42.2,46.5,43.4,37.9,36.8,30.8,31.9,33.8,33.3,41.2,48.9,51.0,48.5,48.5,48.5,48.5,48.5,0.0,43.3,53.3,51.5,47.8,39.3,33.2,35.0,56.7,46.7,48.5,52.2,60.7,66.8,65.0,0.0,0.0,0.0,0.0,0.0,0.0,0.0,2395.7,24.00,40,39,39,77,116,708,1,79.5,76.1,78.1,71.8,70.5,74.1,74.6,72.6,68.0,71.1,64.4,64.4,70.0,63.7,45.5,45.0,47.0,1.244,1.015,1.100,26.581,8.220,26.587,50.500,6.218,54.656,4.633,4.974,5.377,5.070,4.415,3.806,4.155,33.105,8.343,48.288,53.454,1996.4,2395.7,5034.6,5034.6,5098.0,60.7,35.4,33.7,60.7,89.6,いいえ,いいえ,いいえ,5.150,0.760,2.6,43.0,79.6,40.0,79.0,1.256,12.091,3.440,3.296,5.016,1.064,1.008,3.440,3.328,1.808,1.024,1.120,1.032,1.792,1.096,0.696,1.824,0.256,2054,いいえ,60.1,44.5,1.110,1.110,1.800,1.815,0.990,5.040,0.375,いいえ,いいえ,いいえ,42.5,1.110,1.110,1.800,1.815,0.990,5.040,0.500,いいえ,いいえ,いいえ,37,37,いいえ,はい,15390,14039,128,128,34,100.0,いいえ,いいえ,3868,2528,9990,40,42,51,100.0,100.0,いいえ,いいえ,7032,7745,0.0,0.1,0.1,0.000,0.006,1392,2688,0.0,0.0,0.0,0.000,0.000,181182,133153,0.0,0.1,0.1,0.000,0.051,67811,78095,65.7,0.720,32.000,600.0,2400.0,1200.0,100.0,0.0,0.0,0.0,0.0,0.0,0.0,0.0,0.0,0,0,16.0,93,いいえ,いいえ,いいえ,76.8,66.0,90.3,84.0,1.040,12.118,12.091,12.131,12.161,12.091,1904,1907,215.036,92.635,176.733,21.280,26.859,187.700,10.640,37.459,138.880,141.528,220.000,220.000,2685.0,1312.7,2115.0,2602.3,2175.0,2659.4,1311.9,2168.4,100.0,37.0,2.0,8.0,19.4,20.1,77.3,0.0,3.0,0.0,49,49,はい,はい,いいえ,いいえ,いいえ,いいえ,いいえ,97.4,98.8,1,0,0,0,0,0,0,0,0,17,0,0,0,0,0,0,0,0,0,0,0,0,0,0,0,0,0,0,0,0,9895,2387,2111,254,16.0,119.2,130.7,109.3,108.1,108.6,119.2,122.3,115.3,115.2,115.2,115.2,8.39,9.16,7.66,7.38,9.22,8.39,0.00,8.24,0.15,0.31,0,0,0.0,0.0,44355,39595,9.3,686.1,0,108.0,9.27,0.0,
19.7.2026,1:19:39.187,15427,18484,45.4,10819,21044,33.9,2.5,2048,51,1.264,1.260,1.265,1.265,1.265,1.265,1.265,5074.2,5115.8,5065.9,5065.9,5065.9,5065.9,5065.9,99.8,1613.9,2656.6,1638.3,2111.1,1650.8,1970.8,1516.0,1459.7,1391.4,1162.5,1216.4,1279.0,1314.6,1613.9,33.5,45.5,32.4,43.1,32.8,41.1,31.8,32.2,30.5,27.1,28.1,28.5,28.9,45.5,33.5,41.0,59.7,42.4,55.1,42.0,51.2,39.3,38.0,36.0,30.2,31.5,33.1,33.9,41.0,50.8,51.2,50.8,50.8,50.8,50.8,50.8,0.0,43.5,54.1,51.6,49.0,38.8,32.6,35.0,56.5,45.9,48.4,51.0,61.2,67.4,65.0,0.0,0.0,0.0,0.0,0.0,0.0,0.0,2395.7,24.00,40,39,39,77,116,708,1,79.6,76.2,73.2,71.9,70.5,74.1,74.8,72.7,68.0,71.2,64.5,64.5,69.8,63.8,45.6,45.0,47.0,1.242,1.015,1.100,26.506,8.335,26.496,51.000,6.189,54.649,4.639,4.979,5.352,5.115,4.419,3.782,4.184,33.009,8.459,48.276,53.421,1996.4,2395.7,5029.5,5029.5,5095.8,60.7,35.3,34.0,60.7,89.7,いいえ,いいえ,いいえ,5.124,0.754,2.6,43.0,79.6,40.0,79.0,1.280,12.038,3.440,3.296,5.016,1.064,1.008,3.440,3.328,1.808,1.024,1.120,1.032,1.792,1.096,0.696,1.824,0.256,2057,いいえ,60.1,44.8,1.110,1.110,1.800,1.815,0.990,5.040,0.375,いいえ,いいえ,いいえ,42.5,1.110,1.110,1.800,1.815,0.990,5.040,0.875,いいえ,いいえ,いいえ,37,37,いいえ,はい,15390,14039,128,128,34,100.0,いいえ,いいえ,3868,2528,9990,40,42,50,100.0,100.0,いいえ,いいえ,7032,7745,0.0,0.0,0.0,0.000,0.004,1392,2688,0.0,0.0,0.0,0.000,0.000,181182,133153,0.0,0.1,0.1,0.000,0.020,67811,78095,65.7,0.720,5.000,600.0,2400.0,1200.0,100.0,0.0,0.0,0.0,0.0,0.0,0.0,0.0,0.0,0,0,16.0,93,いいえ,いいえ,いいえ,77.2,66.0,90.6,84.0,1.040,12.120,12.093,12.133,12.162,12.094,1928,1925,213.951,87.068,175.586,21.236,26.850,186.537,10.618,37.436,97.712,140.573,220.000,220.000,2670.0,1312.7,2115.0,2598.1,2160.0,2546.5,1311.3,2119.9,100.0,37.0,3.0,8.0,19.4,21.0,81.1,0.0,3.0,0.0,50,50,はい,はい,いいえ,いいえ,いいえ,いいえ,いいえ,96.8,99.4,1,0,0,0,0,0,0,0,0,17,0,0,0,0,0,0,0,0,0,0,0,0,0,0,0,0,0,0,0,0,9895,2387,2111,254,16.0,118.3,133.0,104.9,90.1,96.0,118.4,121.1,114.5,114.4,114.4,114.4,8.45,9.54,7.51,6.40,10.45,8.44,0.00,8.30,0.15,0.37,0,0,0.0,0.0,44355,39596,9.5,755.0,0,88.5,11.35,0.0,
19.7.2026,1:19:41.191,15431,18480,45.5,10818,21045,33.9,2.5,2048,51,1.253,1.190,1.265,1.265,1.265,1.265,1.265,4128.1,4941.1,4032.7,5040.9,3360.6,3360.6,4032.7,99.8,1621.4,2573.2,1635.8,2007.0,1777.4,1768.2,1731.4,1462.4,1447.4,1202.3,1233.7,1284.3,1333.2,1621.4,33.2,44.1,31.8,40.4,34.8,36.1,35.4,31.8,31.2,27.6,27.9,28.3,28.9,44.1,33.2,41.3,58.3,42.3,52.3,45.3,45.9,45.0,38.0,37.5,31.3,31.9,33.3,34.4,41.3,41.4,49.5,40.4,50.5,33.7,33.7,40.4,0.0,43.5,52.4,51.4,48.3,39.7,33.4,35.7,56.5,47.6,48.6,51.7,60.3,66.6,64.3,0.0,0.0,0.0,0.0,0.0,0.0,0.0,2395.7,24.00,40,39,39,77,116,708,1,79.6,76.3,79.1,72.0,70.5,74.2,74.8,72.8,68.2,71.4,64.7,64.7,70.2,64.1,45.8,45.0,47.0,1.242,1.015,1.100,26.587,8.425,26.595,52.500,6.177,54.793,4.620,4.901,5.357,5.073,4.413,3.793,4.183,33.086,8.551,48.431,53.598,1996.4,2395.7,5031.1,5031.1,5094.9,60.9,35.5,35.0,60.9,89.7,いいえ,いいえ,いいえ,5.128,0.767,2.6,43.0,79.4,40.0,79.0,1.256,12.038,3.440,3.296,5.016,1.064,1.008,3.440,3.328,1.808,1.024,1.120,1.032,1.792,1.096,0.696,1.824,0.256,2067,いいえ,60.1,44.8,1.110,1.110,1.800,1.815,0.990,5.040,0.875,いいえ,いいえ,いいえ,42.5,1.110,1.110,1.800,1.815,0.990,5.040,1.000,いいえ,いいえ,いいえ,37,37,いいえ,はい,15390,14039,128,128,34,100.0,いいえ,いいえ,3868,2528,9990,40,42,51,100.0,100.0,いいえ,いいえ,7032,7745,0.0,51.0,51.0,0.000,0.004,1392,2688,0.0,0.0,0.0,0.000,0.000,181182,133153,0.0,0.0,0.0,0.000,0.032,67811,78096,65.8,0.720,16.000,600.0,2400.0,1200.0,100.0,0.0,0.0,0.0,0.0,0.0,0.0,0.0,0.0,0,0,16.0,93,いいえ,いいえ,いいえ,77.7,68.0,91.7,84.0,1.035,12.113,12.089,12.123,12.153,12.087,1941,1943,213.296,85.677,174.343,21.348,26.938,185.340,10.673,37.582,90.088,139.102,220.000,220.000,2670.0,1312.7,2115.0,2591.2,2160.0,2528.7,1311.1,2080.0,100.0,38.0,2.0,8.0,19.4,21.3,82.3,0.0,3.0,0.0,50,50,はい,はい,いいえ,いいえ,いいえ,いいえ,いいえ,96.3,96.9,1,0,0,0,0,0,0,0,0,17,0,0,0,0,0,0,0,0,0,0,0,0,0,0,0,0,0,0,0,0,9895,2387,2111,254,16.0,118.3,131.0,106.6,102.8,104.4,118.3,120.9,115.0,113.3,114.1,113.1,8.46,9.38,7.63,7.31,9.59,8.46,0.00,8.31,0.15,0.33,0,0,0.0,0.0,44355,39597,9.3,699.6,0,102.3,9.80,0.0,
19.7.2026,1:19:43.191,15425,18486,45.4,10817,21046,33.9,2.5,2048,51,1.248,1.280,1.240,1.240,1.240,1.240,1.245,4664.1,5140.7,4966.0,4966.0,3972.8,4966.0,3972.8,99.8,1567.4,2554.0,1542.9,1971.0,1695.2,1724.5,1651.2,1376.4,1362.1,1182.9,1209.4,1252.6,1287.1,1567.4,32.4,45.2,30.0,39.8,33.2,35.6,34.1,30.1,29.6,27.4,27.7,27.6,28.0,45.2,32.4,40.0,59.6,39.8,51.4,43.2,44.7,42.9,35.8,35.3,30.8,31.4,32.5,33.2,40.0,46.7,51.5,49.8,49.8,39.8,49.8,39.8,0.0,41.9,51.9,49.2,46.3,36.9,32.7,34.1,58.1,48.1,50.8,53.7,63.1,67.3,65.9,0.0,0.0,0.0,0.0,0.0,0.0,0.0,2395.7,24.00,40,39,39,77,116,708,1,79.4,75.7,75.6,71.7,70.6,73.7,74.3,72.3,68.3,71.0,64.7,64.7,70.5,64.0,45.8,45.0,47.0,1.238,1.015,1.100,26.089,8.481,26.082,51.500,6.185,54.118,4.488,4.867,5.141,4.892,4.235,3.739,4.052,32.390,8.608,47.801,52.937,1996.4,2395.7,5023.2,5023.2,5096.3,60.2,34.8,34.3,60.2,89.1,いいえ,いいえ,いいえ,4.940,0.730,2.5,43.0,79.9,40.0,79.0,1.280,12.091,3.440,3.296,5.016,1.064,1.008,3.440,3.328,1.808,1.024,1.120,1.032,1.792,1.096,0.688,1.824,0.256,2067,いいえ,60.1,44.8,1.110,1.110,1.815,1.815,0.990,5.040,0.250,いいえ,いいえ,いいえ,42.8,1.110,1.110,1.800,1.815,0.990,5.040,0.500,いいえ,いいえ,いいえ,37,37,いいえ,はい,15390,14039,128,128,34,100.0,いいえ,いいえ,3868,2528,9990,40,42,50,100.0,100.0,いいえ,いいえ,7032,7745,0.0,0.1,0.1,0.000,0.012,1392,2688,0.0,0.0,0.0,0.000,0.000,181182,133153,0.0,0.1,0.1,0.000,0.018,67811,78096,65.9,0.720,27.000,600.0,2400.0,1200.0,100.0,0.0,0.0,0.0,0.0,0.0,0.0,0.0,0.0,0,0,16.0,93,いいえ,いいえ,いいえ,78.5,68.0,92.2,84.0,1.020,12.115,12.089,12.127,12.155,12.089,1956,1957,213.995,97.926,177.233,21.471,27.055,188.286,10.735,37.763,180.658,140.210,220.000,220.000,2655.0,1312.7,2100.0,2584.9,2130.0,2523.5,1312.0,2102.5,100.0,38.0,3.0,8.0,19.4,21.5,83.0,0.0,2.9,0.0,50,50,はい,はい,いいえ,いいえ,いいえ,いいえ,いいえ,97.7,98.2,1,0,0,0,0,0,0,0,0,17,0,0,0,0,0,0,0,0,0,0,0,0,0,0,0,0,0,0,0,0,9895,2387,2111,254,16.0,117.1,128.3,107.6,107.5,107.5,116.8,120.1,112.9,112.4,112.6,112.3,8.54,9.29,7.79,7.24,9.29,8.56,0.00,8.40,0.14,0.35,0,0,0.0,0.0,44355,39599,9.3,740.9,0,107.5,9.29,0.0,
19.7.2026,1:19:45.198,15425,18486,45.4,10817,21046,33.9,2.5,2048,51,1.292,1.275,1.295,1.295,1.295,1.295,1.295,4860.4,4966.0,5040.9,5040.9,5040.9,5040.9,4032.7,99.8,1527.4,2549.0,1574.7,1890.4,1625.8,1657.7,1465.0,1362.0,1329.0,1158.9,1189.1,1258.8,1268.0,1527.4,31.5,44.6,30.2,38.0,31.5,34.1,30.1,30.0,29.1,26.8,27.3,28.0,27.8,44.6,31.5,39.0,59.6,40.7,49.3,41.3,42.9,38.0,35.4,34.4,30.1,30.8,32.7,32.7,39.0,48.7,49.8,50.5,50.5,50.5,50.5,40.4,0.0,40.2,51.6,46.6,42.1,35.6,31.6,33.6,59.8,48.4,53.4,57.9,64.4,68.4,66.4,0.0,0.0,0.0,0.0,0.0,0.0,0.0,2395.7,24.00,40,39,39,77,116,708,1,78.9,74.8,74.2,71.2,70.4,73.1,73.2,71.8,68.0,70.8,64.5,64.5,70.5,63.9,45.9,45.0,47.0,1.235,1.015,1.100,25.270,8.447,25.279,50.000,6.198,53.088,4.363,4.834,4.963,4.581,4.130,3.651,4.017,31.314,8.574,46.707,51.858,1996.4,2395.7,5017.9,5017.9,5101.4,58.9,33.7,33.3,58.9,88.0,いいえ,いいえ,いいえ,4.804,0.708,2.4,43.0,79.2,40.0,79.0,1.272,12.038,3.440,3.280,4.992,1.064,1.008,3.440,3.328,1.808,1.024,1.120,1.032,1.792,1.096,0.688,1.824,0.256,2054,いいえ,60.1,45.0,1.110,1.110,1.815,1.800,0.990,5.040,1.125,いいえ,いいえ,いいえ,42.8,1.110,1.110,1.815,1.800,0.990,5.040,0.250,いいえ,いいえ,いいえ,37,37,いいえ,はい,15390,14039,128,128,34,100.0,いいえ,いいえ,3868,2528,9990,40,42,50,100.0,100.0,いいえ,いいえ,7032,7745,0.0,2.1,2.1,0.000,0.006,1392,2688,0.0,0.0,0.0,0.000,0.000,181182,133153,0.0,0.2,0.2,0.000,0.460,67811,78096,66.0,0.720,32.000,600.0,2400.0,1200.0,100.0,0.0,0.0,0.0,0.0,0.0,0.0,0.0,0.0,0,0,16.0,93,いいえ,いいえ,いいえ,78.8,68.0,92.8,84.0,1.020,12.116,12.089,12.128,12.156,12.089,1974,1972,215.478,98.529,178.151,21.471,27.119,189.243,10.735,37.822,179.536,144.158,220.000,220.000,2655.0,1312.7,2100.0,2568.6,2145.0,2561.6,1311.4,2105.3,100.0,38.0,3.0,8.0,19.4,21.0,81.0,0.0,3.0,0.0,51,51,はい,はい,いいえ,いいえ,いいえ,いいえ,いいえ,98.0,100.5,1,0,0,0,0,0,0,0,0,17,0,0,0,0,0,0,0,0,0,0,0,0,0,0,0,0,0,0,0,0,9895,2387,2111,254,16.0,121.0,132.8,109.9,107.9,108.7,120.9,124.1,116.1,116.1,116.1,116.1,8.27,9.25,7.63,7.45,9.30,8.27,0.00,8.13,0.14,0.32,0,0,0.0,0.0,44355,39600,9.2,699.8,0,107.7,9.30,0.0,
19.7.2026,1:19:47.209,15429,18482,45.4,10817,21045,33.9,2.5,2048,51,1.272,1.200,1.275,1.290,1.290,1.290,1.290,5028.4,5140.7,5065.9,4991.0,4991.0,4991.0,4991.0,99.8,1569.6,2758.8,1594.7,1886.1,1607.6,1635.6,1532.6,1342.3,1378.0,1212.1,1205.6,1323.8,1358.6,1569.6,32.8,50.0,30.9,38.9,32.5,34.6,32.6,29.8,30.2,28.1,27.8,29.2,29.4,50.0,32.8,40.2,66.1,41.3,49.1,40.9,42.4,39.8,35.0,35.7,31.6,31.3,34.5,35.1,40.2,50.4,51.5,50.8,50.0,50.0,50.0,50.0,0.0,41.2,55.7,45.9,42.2,35.9,32.3,35.1,58.8,44.3,54.1,57.8,64.1,67.6,64.9,0.0,0.0,0.0,0.0,0.0,0.0,0.0,2395.7,24.00,40,39,39,77,116,708,1,79.5,75.7,76.1,71.7,71.8,73.1,73.6,72.2,68.3,71.4,64.7,64.7,70.0,64.2,45.9,45.0,47.0,1.235,1.015,1.100,25.988,8.430,25.979,52.500,6.171,53.812,4.474,5.292,4.923,4.612,4.159,3.723,4.137,32.207,8.556,47.551,52.688,1996.4,2395.7,5012.7,5012.7,5088.0,59.9,34.6,35.0,59.9,89.1,いいえ,いいえ,いいえ,4.929,0.761,2.5,44.0,79.9,40.0,79.0,1.296,12.038,3.440,3.296,4.992,1.064,1.008,3.440,3.328,1.808,1.024,1.120,1.032,1.792,1.096,0.688,1.824,0.256,2067,いいえ,60.1,45.0,1.110,1.110,1.815,1.800,1.005,5.040,0.500,いいえ,いいえ,いいえ,42.8,1.110,1.110,1.815,1.800,0.990,5.040,0.375,いいえ,いいえ,いいえ,37,37,いいえ,はい,15390,14039,128,128,34,100.0,いいえ,いいえ,3868,2528,9990,41,43,50,100.0,100.0,いいえ,いいえ,7032,7745,0.0,0.1,0.1,0.000,0.008,1392,2688,0.0,0.0,0.0,0.000,0.000,181182,133153,0.0,0.1,0.1,0.000,0.056,67811,78097,66.0,0.720,22.000,600.0,2400.0,1200.0,100.0,0.0,0.0,0.0,0.0,0.0,0.0,0.0,0.0,0,0,16.0,93,いいえ,いいえ,いいえ,79.2,70.0,93.8,84.0,1.020,12.112,12.088,12.122,12.152,12.086,1996,1994,215.037,94.536,177.277,21.782,27.336,188.510,10.889,38.191,150.379,141.929,220.000,220.000,2640.0,1312.7,2100.0,2560.0,2130.0,2621.5,1311.2,2103.5,100.0,38.0,3.0,8.0,19.4,20.7,79.8,0.0,3.0,0.0,52,52,はい,はい,いいえ,いいえ,いいえ,いいえ,いいえ,97.7,97.7,1,0,0,0,0,0,0,0,0,17,0,0,0,0,0,0,0,0,0,0,0,0,0,0,0,0,0,0,0,0,9895,2387,2111,254,16.0,124.7,142.1,111.8,107.6,109.4,124.7,127.6,120.0,119.0,119.4,118.8,8.02,8.96,7.02,6.84,9.18,8.02,0.00,7.88,0.13,0.32,0,0,0.0,0.0,44355,39602,9.5,729.9,0,107.0,9.39,0.0,
19.7.2026,1:19:49.202,15429,18482,45.4,10817,21045,33.9,2.5,2048,51,1.272,1.200,1.275,1.290,1.290,1.290,1.290,5028.4,5140.7,5065.9,4991.0,4991.0,4991.0,4991.0,99.8,1569.6,2758.8,1594.7,1886.1,1607.6,1635.6,1532.6,1342.3,1378.0,1212.1,1205.6,1323.8,1358.6,1569.6,32.8,50.0,30.9,38.9,32.5,34.6,32.6,29.8,30.2,28.1,27.8,29.2,29.4,50.0,32.8,40.2,66.1,41.3,49.1,40.9,42.4,39.8,35.0,35.7,31.6,31.3,34.5,35.1,40.2,50.4,51.5,50.8,50.0,50.0,50.0,50.0,0.0,41.2,55.7,45.9,42.2,35.9,32.3,35.1,58.8,44.3,54.1,57.8,64.1,67.6,64.9,0.0,0.0,0.0,0.0,0.0,0.0,0.0,2395.7,24.00,40,39,39,77,116,708,1,79.5,75.7,76.1,71.7,71.8,73.1,73.6,72.2,68.3,71.4,64.7,64.7,70.0,64.2,45.9,45.0,47.0,1.235,1.015,1.100,25.988,8.430,25.979,52.500,6.171,53.812,4.474,5.292,4.923,4.612,4.159,3.723,4.137,32.207,8.556,47.551,52.688,1996.4,2395.7,5012.7,5012.7,5088.0,59.9,34.6,35.0,59.9,89.1,いいえ,いいえ,いいえ,4.929,0.761,2.5,44.0,79.5,40.0,79.0,1.248,12.038,3.440,3.296,5.016,1.064,1.008,3.440,3.328,1.808,1.024,1.120,1.032,1.792,1.096,0.688,1.824,0.256,2061,いいえ,60.1,45.0,1.110,1.110,1.815,1.800,1.005,5.040,0.375,いいえ,いいえ,いいえ,42.8,1.110,1.110,1.815,1.800,1.005,4.970,0.250,いいえ,いいえ,いいえ,37,37,いいえ,はい,15390,14039,128,128,34,100.0,いいえ,いいえ,3868,2528,9990,41,43,51,100.0,100.0,いいえ,いいえ,7032,7745,0.0,0.1,0.1,0.000,0.008,1392,2688,0.0,0.0,0.0,0.000,0.000,181182,133153,0.0,0.1,0.1,0.000,0.056,67811,78097,66.0,0.720,22.000,600.0,2400.0,1200.0,100.0,0.0,0.0,0.0,0.0,0.0,0.0,0.0,0.0,0,0,16.0,93,いいえ,いいえ,いいえ,79.7,68.0,95.1,84.0,1.020,12.119,12.093,12.131,12.160,12.093,2014,2014,215.689,97.547,177.449,21.840,27.391,188.736,10.920,38.278,174.631,141.131,220.000,220.000,2640.0,1312.7,2100.0,2554.1,2130.0,2498.6,1311.2,2106.7,100.0,39.0,3.0,8.0,19.4,20.3,78.3,0.0,2.9,0.0,52,52,はい,はい,いいえ,いいえ,いいえ,いいえ,いいえ,98.2,98.0,1,0,0,0,0,0,0,0,0,17,0,0,0,0,0,0,0,0,0,0,0,0,0,0,0,0,0,0,0,0,9895,2387,2111,254,16.0,124.7,142.1,111.8,107.6,109.4,124.7,127.6,120.0,119.0,119.4,118.8,8.02,8.96,7.02,6.84,9.18,8.02,0.00,7.88,0.13,0.32,0,0,0.0,0.0,44355,39602,9.5,729.9,0,107.0,9.39,0.0,
19.7.2026,1:19:51.207,15435,18476,45.5,10815,21048,33.9,2.5,2048,51,1.280,1.230,1.290,1.290,1.290,1.290,1.290,4966.0,4966.0,4966.0,4966.0,4966.0,4966.0,4966.0,99.8,1575.2,2690.4,1701.6,1900.0,1611.9,1646.7,1559.8,1317.8,1397.9,1202.4,1236.5,1282.5,1355.0,1575.2,32.3,46.1,33.0,38.2,31.7,33.9,32.0,28.8,30.2,27.7,28.3,28.3,29.3,46.1,32.3,40.1,61.2,43.8,49.5,41.5,42.7,40.4,34.3,36.2,31.3,32.1,33.4,35.0,40.1,49.8,49.8,49.8,49.8,49.8,49.8,49.8,0.0,41.0,54.3,46.2,42.5,35.7,32.9,34.8,59.0,45.7,53.8,57.5,64.3,67.1,65.2,0.0,0.0,0.0,0.0,0.0,0.0,0.0,2395.7,24.00,40,39,39,77,116,708,1,79.4,75.4,82.5,71.8,71.3,73.3,73.8,72.3,68.5,71.5,64.8,64.8,71.2,64.3,46.0,45.0,47.0,1.235,1.015,1.100,25.779,8.494,25.775,53.000,6.198,53.763,4.453,5.127,4.916,4.661,4.163,3.744,4.110,31.968,8.621,47.407,52.544,1996.4,2395.7,5015.4,5015.4,5097.2,59.7,34.4,35.3,59.7,88.6,いいえ,いいえ,いいえ,4.913,0.735,2.5,44.0,79.4,40.0,79.0,1.280,12.038,3.440,3.296,5.016,1.064,1.000,3.440,3.328,1.808,1.024,1.120,1.032,1.792,1.096,0.680,1.824,0.256,2064,いいえ,60.1,45.2,1.110,1.110,1.815,1.800,1.005,5.040,0.375,いいえ,いいえ,いいえ,42.8,1.110,1.110,1.815,1.800,1.005,5.040,0.500,いいえ,いいえ,いいえ,37,37,いいえ,はい,15390,14039,128,128,34,100.0,いいえ,いいえ,3868,2528,9990,41,43,51,100.0,100.0,いいえ,いいえ,7032,7745,0.0,0.0,0.0,0.000,0.002,1392,2688,0.0,0.0,0.0,0.000,0.000,181182,133153,0.0,0.1,0.1,0.000,0.028,67811,78097,66.1,0.720,18.000,600.0,2400.0,1200.0,100.0,0.0,0.0,0.0,0.0,0.0,0.0,0.0,0.0,0,0,16.0,93,いいえ,いいえ,いいえ,79.2,68.0,93.7,84.0,1.020,12.120,12.092,12.131,12.161,12.094,2029,2025,215.819,94.913,177.231,21.984,27.537,188.585,10.994,38.486,153.288,141.196,220.000,220.000,2640.0,1312.7,2100.0,2551.6,2130.0,2505.5,1311.7,2088.7,100.0,39.0,3.0,8.0,19.4,21.5,83.2,0.0,2.9,0.0,52,52,はい,はい,いいえ,いいえ,いいえ,いいえ,いいえ,98.1,97.2,1,0,0,0,0,0,0,0,0,17,0,0,0,0,0,0,0,0,0,0,0,0,0,0,0,0,0,0,0,0,9895,2387,2111,255,16.0,127.7,138.5,115.8,113.7,114.6,127.7,130.9,122.9,122.8,122.8,122.8,7.83,8.65,7.21,7.10,8.74,7.83,0.00,7.69,0.14,0.28,0,0,0.0,0.0,44355,39603,9.0,666.9,0,113.5,8.83,0.0,
19.7.2026,1:19:53.206,15437,18474,45.5,10818,21045,33.9,2.5,2048,51,1.268,1.245,1.285,1.285,1.265,1.265,1.265,4932.8,4966.0,5016.0,5016.0,4866.2,4866.2,4866.2,99.8,1579.6,2659.2,1679.7,1964.9,1625.4,1534.6,1641.8,1313.0,1435.7,1199.2,1263.0,1289.4,1348.9,1579.6,33.1,46.4,32.3,40.2,33.0,32.4,34.4,29.6,31.8,28.4,29.5,29.3,30.1,46.4,33.1,40.3,61.5,42.8,51.1,42.0,39.7,42.6,34.2,37.2,31.2,32.8,33.6,34.9,40.3,49.4,49.8,50.2,50.2,48.8,48.8,48.8,0.0,41.3,53.6,47.6,41.9,36.5,33.5,35.0,58.7,46.4,52.4,58.1,63.5,66.5,65.0,0.0,0.0,0.0,0.0,0.0,0.0,0.0,2395.7,24.00,40,39,39,77,116,708,1,79.4,75.6,82.0,72.0,71.3,73.8,74.1,72.6,68.7,71.7,64.9,64.9,71.0,64.4,46.0,45.0,47.0,1.237,1.015,1.100,26.154,8.484,26.163,52.500,6.154,54.185,4.514,5.173,5.009,4.704,4.240,3.799,4.155,32.471,8.611,47.851,53.004,1996.4,2395.7,5016.3,5016.3,5096.3,60.2,34.9,35.0,60.2,89.0,いいえ,いいえ,いいえ,4.890,0.730,2.5,44.0,79.4,40.0,79.0,1.240,12.038,3.440,3.296,5.016,1.064,1.000,3.440,3.328,1.808,1.024,1.120,1.032,1.792,1.096,0.680,1.824,0.256,2064,いいえ,60.1,45.2,1.110,1.110,1.815,1.800,1.005,5.040,0.750,いいえ,いいえ,いいえ,42.8,1.110,1.110,1.815,1.800,1.005,5.040,1.000,いいえ,いいえ,いいえ,37,37,いいえ,はい,15390,14039,128,128,34,100.0,いいえ,いいえ,3868,2528,9990,41,43,51,100.0,100.0,いいえ,いいえ,7032,7745,0.0,0.0,0.0,0.000,0.004,1392,2688,0.0,0.0,0.0,0.000,0.000,181182,133153,0.0,0.1,0.1,0.000,0.018,67811,78097,66.2,0.720,35.000,600.0,2400.0,1200.0,100.0,0.0,0.0,0.0,0.0,0.0,0.0,0.0,0.0,0,0,16.0,93,いいえ,いいえ,いいえ,79.5,70.0,93.8,84.0,1.020,12.114,12.087,12.125,12.155,12.088,2037,2041,216.037,97.609,178.099,22.143,27.669,189.531,11.085,38.718,170.879,142.745,220.000,220.000,2640.0,1312.7,2100.0,2553.2,2130.0,2545.4,1311.5,2116.7,100.0,40.0,3.0,8.0,19.4,21.7,83.9,0.0,3.0,0.0,52,52,はい,はい,いいえ,いいえ,いいえ,いいえ,いいえ,98.6,98.1,1,0,0,0,0,0,0,0,0,17,0,0,0,0,0,0,0,0,0,0,0,0,0,0,0,0,0,0,0,0,9895,2387,2111,255,16.0,128.9,140.0,120.4,118.9,119.5,128.9,131.0,124.1,123.8,123.8,123.7,7.76,8.31,7.12,7.01,8.37,7.75,0.00,7.62,0.13,0.27,0,0,0.0,0.0,44355,39604,9.3,699.9,0,118.7,8.42,0.0,
19.7.2026,1:19:55.212,15428,18482,45.4,10814,21049,33.9,2.5,2048,51,1.190,1.165,1.195,1.195,1.195,1.195,1.195,4210.5,4966.0,4991.0,3992.8,3992.8,3327.3,3992.8,99.8,1576.8,2656.4,1678.3,1939.2,1614.1,1571.4,1601.9,1354.7,1432.7,1207.8,1233.4,1314.9,1316.3,1576.8,32.6,46.6,32.0,39.2,32.0,32.6,33.2,29.8,31.1,27.8,28.5,29.0,28.9,46.6,32.6,40.3,62.1,42.7,50.6,41.7,40.7,41.6,35.3,37.1,31.4,32.2,34.1,34.0,40.3,42.2,49.8,50.0,40.0,40.0,33.3,40.0,0.0,40.9,53.6,46.2,41.6,36.6,32.7,34.4,59.1,46.4,53.8,58.4,63.4,67.3,65.6,0.0,0.0,0.0,0.0,0.0,0.0,0.0,2395.7,24.00,40,39,39,77,116,708,1,79.2,75.6,83.5,72.1,71.4,73.7,74.0,72.8,68.7,71.8,65.0,65.0,70.0,64.4,46.0,45.0,47.0,1.235,1.015,1.100,25.721,8.618,25.717,54.000,6.168,53.745,4.485,5.113,4.966,4.642,4.268,3.755,4.169,31.866,8.746,47.397,52.531,1996.4,2395.7,5013.9,5013.9,5096.2,59.7,34.3,36.0,59.7,88.9,いいえ,いいえ,いいえ,4.889,0.724,2.5,44.0,79.4,40.0,79.0,1.240,12.091,3.440,3.296,5.016,1.064,1.000,3.440,3.328,1.808,1.024,1.120,1.032,1.792,1.096,0.680,1.824,0.256,2061,いいえ,60.1,45.2,1.110,1.110,1.815,1.800,1.005,5.040,0.250,いいえ,いいえ,いいえ,42.8,1.110,1.110,1.800,1.800,1.005,5.040,0.500,いいえ,いいえ,いいえ,37,37,いいえ,はい,15390,14039,128,128,34,100.0,いいえ,いいえ,3868,2528,9990,41,43,51,100.0,100.0,いいえ,いいえ,7032,7745,0.0,0.1,0.1,0.000,0.012,1392,2688,0.0,0.0,0.0,0.000,0.000,181182,133153,0.0,0.0,0.0,0.000,0.014,67811,78097,66.3,0.720,15.000,600.0,2400.0,1200.0,100.0,0.0,0.0,0.0,0.0,0.0,0.0,0.0,0.0,0,0,16.0,93,いいえ,いいえ,いいえ,80.2,70.0,95.8,84.0,1.020,12.111,12.084,12.122,12.151,12.086,2052,2053,216.220,89.386,177.172,21.993,27.577,188.526,10.998,38.535,105.727,144.558,220.000,220.000,2640.0,1312.7,2100.0,2555.5,2130.0,2573.0,1311.5,2112.7,100.0,40.0,3.0,8.0,19.4,20.9,80.6,0.0,2.9,0.0,53,53,はい,はい,いいえ,いいえ,いいえ,いいえ,いいえ,98.0,99.4,1,0,0,0,0,0,0,0,0,17,0,0,0,0,0,0,0,0,0,0,0,0,0,0,0,0,0,0,0,0,9895,2387,2111,255,16.0,130.6,143.3,120.5,119.0,119.6,130.5,133.2,125.7,125.7,125.7,125.6,7.66,8.29,6.96,6.89,8.36,7.66,0.00,7.52,0.14,0.24,0,0,0.0,0.0,44355,39606,9.2,616.3,0,118.8,8.44,0.0,
19.7.2026,1:19:57.226,15425,18486,45.4,10801,21062,33.8,2.5,2048,51,1.271,1.275,1.270,1.270,1.270,1.270,1.270,4808.8,5016.0,4966.0,4966.0,3972.8,4966.0,4966.0,99.8,1569.6,2658.6,1694.7,1965.9,1560.2,1576.1,1602.2,1320.6,1392.1,1233.5,1209.0,1317.3,1305.0,1569.6,32.6,46.7,32.2,39.8,30.9,32.9,33.4,29.6,30.7,28.6,28.2,29.3,28.9,46.7,32.6,40.1,62.2,43.1,51.2,40.2,40.8,41.6,34.3,36.0,32.0,31.4,34.2,33.7,40.1,48.2,50.2,49.8,49.8,39.8,49.8,49.8,0.0,40.7,53.6,45.8,42.1,35.7,32.8,34.2,59.3,46.4,54.2,57.9,64.3,67.2,65.8,0.0,0.0,0.0,0.0,0.0,0.0,0.0,2395.7,24.00,40,39,39,77,116,708,1,79.4,75.9,76.6,72.3,71.6,74.0,74.3,72.8,69.0,72.0,65.3,65.3,70.5,64.6,46.0,45.0,47.0,1.238,1.015,1.100,25.783,8.781,25.774,50.000,6.172,53.989,4.505,5.158,4.999,4.716,4.202,3.786,4.170,32.003,8.911,47.703,52.829,1996.4,2395.7,5016.9,5016.9,5100.5,60.0,34.4,33.3,60.0,89.3,いいえ,いいえ,いいえ,4.895,0.714,2.4,44.0,79.5,40.0,79.0,1.296,12.038,3.440,3.296,5.016,1.064,1.000,3.440,3.328,1.808,1.024,1.120,1.032,1.792,1.096,0.680,1.824,0.256,2054,いいえ,60.1,45.5,1.110,1.110,1.815,1.800,1.005,5.040,0.500,いいえ,いいえ,いいえ,43.0,1.110,1.110,1.815,1.815,1.005,5.040,0.375,いいえ,いいえ,いいえ,37,37,いいえ,はい,15390,14039,128,128,34,100.0,いいえ,いいえ,3868,2528,9990,41,43,51,100.0,100.0,いいえ,いいえ,7032,7745,0.0,0.0,0.0,0.000,0.006,1392,2688,0.0,0.0,0.0,0.000,0.000,181182,133153,0.0,0.0,0.0,0.000,0.041,67811,78097,66.3,0.720,46.000,600.0,2400.0,1200.0,100.0,0.0,0.0,0.0,0.0,0.0,0.0,0.0,0.0,0,0,16.0,93,いいえ,いいえ,いいえ,79.9,70.0,94.8,84.0,1.020,12.115,12.087,12.127,12.157,12.089,2064,2065,216.925,89.306,178.376,22.264,27.760,189.885,11.146,38.869,106.237,139.909,220.000,220.000,2625.0,1312.7,2085.0,2549.6,2115.0,2469.6,1311.4,2065.9,100.0,40.0,3.0,8.0,19.4,20.6,79.4,0.0,3.0,0.0,53,53,はい,はい,いいえ,いいえ,いいえ,いいえ,いいえ,98.7,99.2,1,0,0,0,0,0,0,0,0,17,0,0,0,0,0,0,0,0,0,0,0,0,0,0,0,0,0,0,0,0,9895,2387,2111,255,16.0,134.3,150.2,121.4,119.5,120.2,134.4,140.6,125.9,124.8,125.1,124.7,7.44,8.25,6.65,6.45,8.32,7.44,0.00,7.31,0.13,0.27,0,0,0.0,0.0,44355,39607,9.2,716.6,0,119.3,8.37,0.0,
19.7.2026,1:19:59.214,15425,18486,45.4,10801,21062,33.8,2.5,2048,51,1.214,1.195,1.200,1.200,1.200,1.200,1.290,4605.9,5065.9,4112.6,4112.6,5140.7,4112.6,5090.8,99.8,1570.8,2679.6,1670.6,1985.8,1559.0,1576.3,1543.2,1338.9,1406.7,1231.2,1195.2,1354.2,1309.2,1570.8,32.7,47.3,31.8,40.5,31.3,33.2,32.5,29.9,30.9,28.6,27.9,30.0,29.0,47.3,32.7,40.1,63.0,42.5,51.7,40.2,40.8,40.0,34.8,36.3,31.9,31.0,35.1,33.9,40.1,46.1,50.8,41.2,41.2,51.5,41.2,51.0,0.0,40.6,53.9,46.4,40.8,35.7,32.1,34.6,59.4,46.1,53.6,59.2,64.3,67.9,65.4,0.0,0.0,0.0,0.0,0.0,0.0,0.0,2395.7,24.00,40,39,39,77,116,708,1,79.4,75.9,74.2,72.3,71.7,74.1,74.3,73.0,69.0,72.2,65.3,65.3,71.0,64.5,46.0,45.0,47.0,1.239,1.015,1.100,25.522,8.813,25.542,49.500,6.185,53.820,4.505,5.228,5.045,4.651,4.265,3.785,4.223,31.687,8.943,47.433,52.598,1996.4,2395.7,5016.9,5017.9,5102.2,59.8,34.1,33.0,59.8,89.2,いいえ,いいえ,いいえ,4.895,0.714,2.4,44.0,79.5,40.0,79.0,1.280,11.986,3.440,3.296,5.016,1.064,1.000,3.440,3.328,1.808,1.024,1.120,1.032,1.792,1.096,0.672,1.824,0.256,2054,いいえ,60.1,45.5,1.110,1.110,1.815,1.800,1.005,5.040,0.500,いいえ,いいえ,いいえ,43.0,1.110,1.110,1.815,1.800,1.005,5.040,0.250,いいえ,いいえ,いいえ,37,37,いいえ,はい,15390,14039,128,128,34,100.0,いいえ,いいえ,3868,2528,9990,41,43,51,100.0,100.0,いいえ,いいえ,7032,7745,0.0,0.0,0.0,0.000,0.006,1392,2688,0.0,0.0,0.0,0.000,0.000,181182,133153,0.0,0.0,0.0,0.000,0.041,67811,78097,66.4,0.720,30.000,600.0,2400.0,1200.0,100.0,0.0,0.0,0.0,0.0,0.0,0.0,0.0,0.0,0,0,16.0,93,いいえ,いいえ,いいえ,80.0,70.0,94.0,84.0,1.020,12.115,12.088,12.127,12.157,12.089,2072,2077,217.438,91.605,177.854,22.291,27.868,189.380,11.146,38.980,125.156,140.169,220.000,220.000,2625.0,1312.7,2085.0,2539.2,2115.0,2486.5,1312.3,2089.1,100.0,40.0,3.0,8.0,19.4,20.0,77.1,0.0,2.9,0.0,53,53,はい,はい,いいえ,いいえ,いいえ,いいえ,いいえ,98.6,100.1,1,0,0,0,0,0,0,0,0,17,0,0,0,0,0,0,0,0,0,0,0,0,0,0,0,0,0,0,0,0,9895,2387,2111,255,16.0,140.3,152.7,127.0,121.5,123.5,140.3,143.2,134.0,133.6,133.6,133.6,7.13,7.91,6.56,6.25,8.12,7.13,0.00,6.99,0.14,0.25,0,0,0.0,0.0,44355,39608,9.1,656.1,0,120.8,8.29,0.0,
19.7.2026,1:20:1.215,15425,18486,45.4,10801,21062,33.8,2.5,2048,51,1.214,1.195,1.200,1.200,1.200,1.200,1.290,4605.9,5065.9,4112.6,4112.6,5140.7,4112.6,5090.8,99.8,1570.8,2679.6,1670.6,1985.8,1559.0,1576.3,1543.2,1338.9,1406.7,1231.2,1195.2,1354.2,1309.2,1570.8,32.7,47.3,31.8,40.5,31.3,33.2,32.5,29.9,30.9,28.6,27.9,30.0,29.0,47.3,32.7,40.1,63.0,42.5,51.7,40.2,40.8,40.0,34.8,36.3,31.9,31.0,35.1,33.9,40.1,46.1,50.8,41.2,41.2,51.5,41.2,51.0,0.0,40.6,53.9,46.4,40.8,35.7,32.1,34.6,59.4,46.1,53.6,59.2,64.3,67.9,65.4,0.0,0.0,0.0,0.0,0.0,0.0,0.0,2395.7,24.00,40,39,39,77,116,708,1,79.4,75.9,74.2,72.4,71.7,74.1,74.3,73.0,69.0,72.2,65.3,65.3,71.0,64.5,46.0,45.0,47.0,1.239,1.015,1.100,25.522,8.813,25.542,49.500,6.185,53.820,4.533,5.228,5.045,4.651,4.265,3.785,4.223,31.687,8.943,47.433,52.598,1996.4,2395.7,5017.9,5017.9,5102.2,59.8,34.1,33.0,59.8,89.2,いいえ,いいえ,いいえ,4.898,0.714,2.4,44.0,79.5,40.0,79.0,1.240,12.038,3.440,3.296,4.992,1.064,1.000,3.440,3.328,1.808,1.024,1.120,1.032,1.792,1.096,0.672,1.824,0.256,2067,いいえ,60.1,45.5,1.110,1.110,1.815,1.800,1.005,5.040,1.000,いいえ,いいえ,いいえ,43.0,1.110,1.110,1.815,1.800,1.005,5.040,0.625,いいえ,いいえ,いいえ,37,37,いいえ,はい,15390,14039,128,128,34,100.0,いいえ,いいえ,3868,2528,9990,41,43,51,100.0,100.0,いいえ,いいえ,7032,7745,0.0,0.0,0.0,0.000,0.004,1392,2688,0.0,0.0,0.0,0.000,0.000,181182,133153,0.0,0.1,0.1,0.000,0.016,67811,78097,66.5,0.720,43.000,600.0,2400.0,1200.0,100.0,0.0,0.0,0.0,0.0,0.0,0.0,0.0,0.0,0,0,16.0,93,いいえ,いいえ,いいえ,80.5,70.0,96.1,84.0,1.020,12.114,12.086,12.126,12.155,12.088,2088,2086,217.332,91.072,179.034,22.408,27.950,190.621,11.218,39.125,116.786,141.432,220.000,220.000,2625.0,1312.7,2085.0,2539.7,2115.0,2502.8,1311.3,2093.8,100.0,40.0,3.0,8.0,19.4,20.9,80.6,0.0,2.9,0.0,54,54,はい,はい,いいえ,いいえ,いいえ,いいえ,いいえ,99.2,98.2,1,0,0,0,0,0,0,0,0,17,0,0,0,0,0,0,0,0,0,0,0,0,0,0,0,0,0,0,0,0,9895,2387,2111,255,16.0,140.1,154.3,129.5,127.7,128.3,140.0,143.1,133.7,133.4,133.5,133.3,7.14,7.73,6.47,6.41,7.79,7.14,0.00,7.00,0.14,0.25,0,0,0.0,0.0,44355,39610,9.3,691.7,0,127.5,7.84,0.0,
19.7.2026,1:20:3.225,15428,18483,45.4,10801,21062,33.8,2.5,2048,51,1.230,1.205,1.235,1.235,1.235,1.235,1.235,4134.2,4941.1,3972.8,3972.8,3972.8,3972.8,3972.8,99.8,1516.8,2603.4,1651.0,1918.8,1521.4,1562.9,1431.0,1309.3,1346.7,1185.6,1153.0,1268.8,1249.4,1516.8,31.1,45.1,31.0,38.7,30.0,32.4,29.6,28.8,29.3,27.1,26.5,27.7,27.2,45.1,31.1,38.7,60.5,42.0,50.1,39.2,40.5,37.2,34.1,34.9,30.8,30.0,32.9,32.3,38.7,41.4,49.5,39.8,39.8,39.8,39.8,39.8,0.0,39.5,52.6,45.4,39.7,35.1,31.5,32.9,60.5,47.4,54.6,60.3,64.9,68.5,67.1,0.0,0.0,0.0,0.0,0.0,0.0,0.0,2395.7,24.00,40,39,39,77,116,708,1,79.6,75.5,81.0,71.9,71.3,73.7,73.7,72.4,68.6,71.5,65.3,65.3,70.2,64.4,46.0,45.0,47.1,1.234,1.015,1.100,24.950,8.730,24.942,50.500,6.191,52.856,4.334,5.033,4.867,4.442,4.071,3.615,3.976,30.861,8.860,46.531,51.659,1996.4,2395.7,5011.6,5011.6,5099.9,58.7,33.3,33.7,58.7,88.8,いいえ,いいえ,いいえ,4.758,0.707,2.4,44.0,79.1,40.0,79.0,1.296,12.091,3.440,3.296,4.992,1.064,1.000,3.440,3.328,1.808,1.024,1.120,1.032,1.792,1.096,0.672,1.824,0.256,2064,いいえ,60.1,45.8,1.110,1.110,1.815,1.800,1.005,5.040,1.250,いいえ,いいえ,いいえ,43.0,1.095,1.110,1.815,1.800,1.005,5.040,1.125,いいえ,いいえ,いいえ,37,37,いいえ,はい,15390,14039,128,128,34,100.0,いいえ,いいえ,3868,2528,9990,41,43,51,100.0,100.0,いいえ,いいえ,7032,7745,0.0,0.1,0.1,0.000,0.008,1392,2688,0.0,0.0,0.0,0.000,0.000,181182,133153,0.0,0.0,0.0,0.000,0.034,67811,78097,66.5,0.720,21.000,600.0,2400.0,1200.0,100.0,0.0,0.0,0.0,0.0,0.0,0.0,0.0,0.0,0,0,16.0,93,いいえ,いいえ,いいえ,80.8,70.0,96.7,84.0,1.035,12.111,12.086,12.121,12.151,12.087,2096,2094,217.373,93.443,179.181,23.012,28.436,190.976,11.506,39.915,126.048,148.474,220.000,220.000,2670.0,1312.7,2100.0,2595.7,2145.0,2596.4,1311.7,2110.8,99.0,44.0,5.0,6.0,19.4,22.0,83.7,0.0,4.3,0.0,54,54,はい,はい,いいえ,いいえ,いいえ,いいえ,いいえ,99.6,97.9,1,0,0,0,0,0,0,0,0,17,0,0,0,0,0,0,0,0,0,0,0,0,0,0,0,0,0,0,0,0,9895,2387,2111,255,16.0,136.8,148.5,125.4,124.1,124.3,136.6,141.9,132.7,130.8,131.6,130.6,7.31,7.98,6.71,6.55,8.12,7.31,0.01,7.17,0.14,0.19,0,0,0.0,0.0,44355,39611,11.3,652.7,0,124.0,8.22,0.0,
19.7.2026,1:20:5.220,15428,18483,45.4,10800,21062,33.8,2.5,2048,51,1.198,1.285,1.180,1.180,1.180,1.180,1.180,4145.3,5090.8,4092.6,4092.6,4092.6,3410.5,4092.6,99.8,1358.8,2521.0,1529.7,1582.2,1386.4,1382.5,1249.0,1137.2,1157.7,1049.3,1049.1,1143.3,1118.4,1358.8,28.7,44.1,29.2,32.6,28.1,29.7,27.0,26.2,26.4,24.8,24.9,25.8,25.2,44.1,28.7,34.6,58.8,38.8,41.1,35.6,35.8,32.4,29.6,30.0,27.3,27.3,29.6,28.9,34.6,41.5,51.0,41.0,41.0,41.0,34.2,41.0,0.0,35.5,50.7,38.4,35.1,30.4,28.2,30.1,64.5,49.3,61.6,64.9,69.6,71.8,69.9,0.0,0.0,0.0,0.0,0.0,0.0,0.0,2395.7,24.00,40,39,39,77,116,708,1,78.5,73.7,82.0,70.6,70.7,71.8,72.1,71.0,67.7,70.4,65.0,65.0,70.2,64.6,46.0,45.0,47.3,1.239,1.015,1.100,23.759,8.716,23.751,50.000,6.188,51.347,4.020,4.865,4.371,4.086,3.699,3.365,3.736,29.453,8.846,45.106,50.215,1996.4,2395.7,5027.8,5027.8,5130.5,57.1,31.7,33.3,57.1,86.8,いいえ,いいえ,いいえ,4.156,0.613,2.1,45.0,78.2,40.0,78.0,1.264,11.986,3.440,3.296,4.992,1.064,1.000,3.440,3.328,1.808,1.024,1.120,1.032,1.792,1.096,0.672,1.824,0.256,2064,いいえ,61.0,45.8,1.110,1.110,1.815,1.800,1.005,5.040,0.750,いいえ,いいえ,いいえ,43.0,1.110,1.110,1.815,1.800,1.005,5.040,0.500,いいえ,いいえ,いいえ,37,37,いいえ,はい,15390,14039,128,128,34,100.0,いいえ,いいえ,3868,2528,9990,41,43,51,100.0,100.0,いいえ,いいえ,7032,7745,0.0,1.3,1.3,0.000,0.008,1392,2688,0.0,0.0,0.0,0.000,0.000,181182,133153,0.0,0.1,0.1,0.000,0.087,67811,78097,66.5,0.720,42.000,600.0,2400.0,1200.0,100.0,0.0,0.0,0.0,0.0,0.0,0.0,0.0,0.0,0,0,16.0,93,いいえ,いいえ,いいえ,80.9,72.0,95.9,84.0,1.045,12.109,12.081,12.121,12.151,12.083,2105,2106,217.963,104.954,178.491,22.543,28.073,190.084,11.285,39.321,223.897,145.938,220.000,220.000,2670.0,1312.7,2115.0,2598.9,2160.0,2480.0,1312.0,2094.0,99.0,43.0,4.0,6.0,19.4,20.9,79.0,0.0,4.5,0.0,54,54,はい,はい,いいえ,いいえ,いいえ,いいえ,いいえ,99.0,98.4,1,0,0,0,0,0,0,0,0,17,0,0,0,0,0,0,0,0,0,0,0,0,0,0,0,0,0,0,0,0,9895,2387,2111,255,16.0,141.1,149.3,133.1,132.5,132.5,141.1,143.1,138.1,138.1,138.1,138.1,7.09,7.54,6.66,6.63,7.57,7.08,0.01,6.95,0.13,0.14,0,0,0.0,0.0,44355,39612,14.3,784.9,0,132.5,7.60,0.0,
19.7.2026,1:20:7.225,15427,18484,45.4,10800,21063,33.8,2.5,2048,51,1.274,1.270,1.275,1.275,1.275,1.275,1.275,5057.5,5140.7,5040.9,5040.9,5040.9,5040.9,5040.9,99.8,1366.7,2556.9,1526.9,1541.9,1418.0,1411.0,1236.0,1179.1,1149.4,1062.2,1046.1,1155.6,1117.4,1366.7,28.8,45.1,29.0,31.9,28.9,30.1,26.6,26.9,26.2,25.1,24.8,26.2,25.4,45.1,28.8,34.9,60.3,38.7,40.1,36.5,36.5,32.1,30.7,29.9,27.6,27.2,30.0,28.9,34.9,50.7,51.5,50.5,50.5,50.5,50.5,50.5,0.0,35.8,51.5,38.3,35.2,31.0,28.5,30.4,64.2,48.5,61.7,64.8,69.0,71.5,69.6,0.0,0.0,0.0,0.0,0.0,0.0,0.0,2395.7,24.00,40,39,39,77,116,708,1,78.0,73.8,83.5,70.7,70.9,71.9,72.1,71.1,67.8,70.5,65.1,65.1,71.5,64.9,46.0,45.0,47.7,1.238,1.015,1.100,23.793,8.698,23.787,49.500,6.214,51.367,4.044,4.963,4.371,4.092,3.728,3.371,3.740,29.487,8.828,45.151,50.263,1996.4,2395.7,5023.7,5023.7,5128.5,57.1,31.7,33.0,57.1,86.9,いいえ,いいえ,いいえ,4.150,0.612,2.1,45.0,79.1,40.0,79.0,1.240,11.986,3.440,3.296,4.992,1.064,1.000,3.440,3.328,1.808,1.024,1.120,1.032,1.792,1.096,0.672,1.824,0.256,2061,いいえ,61.0,45.8,1.110,1.110,1.800,1.800,1.005,5.040,0.375,いいえ,いいえ,いいえ,43.0,1.110,1.110,1.800,1.800,1.005,5.040,0.500,いいえ,いいえ,いいえ,37,37,いいえ,はい,15390,14039,128,128,34,100.0,いいえ,いいえ,3868,2528,9990,41,43,51,100.0,100.0,いいえ,いいえ,7032,7745,0.0,0.0,0.0,0.000,0.004,1392,2688,0.0,0.0,0.0,0.000,0.000,181182,133153,0.0,0.0,0.0,0.000,0.116,67811,78097,66.5,0.720,56.000,600.0,2400.0,1200.0,100.0,0.0,0.0,0.0,0.0,0.0,0.0,0.0,0.0,0,0,16.0,93,いいえ,いいえ,いいえ,80.1,72.0,93.8,84.0,1.035,12.109,12.084,12.120,12.148,12.084,2109,2111,218.085,98.307,179.545,22.766,28.252,191.194,11.383,39.604,167.280,146.432,220.000,220.000,2670.0,1312.7,2115.0,2602.4,2160.0,2610.5,1311.5,2144.1,99.0,43.0,5.0,6.0,19.4,21.7,82.2,0.0,4.5,0.0,54,54,はい,はい,いいえ,いいえ,いいえ,いいえ,いいえ,99.6,99.8,1,0,0,0,0,0,0,0,0,17,0,0,0,0,0,0,0,0,0,0,0,0,0,0,0,0,0,0,0,0,9895,2387,2111,255,16.0,137.8,147.0,126.5,124.9,125.3,137.8,141.1,134.8,131.9,133.1,131.4,7.26,7.94,6.78,6.76,7.99,7.25,0.01,7.12,0.14,0.16,0,0,0.0,0.0,44355,39614,14.7,853.3,0,124.8,8.00,0.0,
19.7.2026,1:20:9.219,15431,18480,45.5,10801,21062,33.8,2.5,2048,51,1.186,1.305,1.210,1.150,1.150,1.150,1.150,4787.2,4941.1,4816.3,4741.4,4741.4,4741.4,4741.4,99.8,1413.5,2815.4,1542.3,1560.0,1439.0,1447.2,1274.7,1176.6,1168.6,1076.4,1068.8,1229.5,1163.3,1413.5,29.7,50.6,29.1,32.1,29.1,30.8,27.2,26.7,26.5,25.4,25.3,27.3,25.8,50.6,29.7,36.2,67.5,39.2,40.6,37.0,37.5,33.1,30.6,30.4,28.0,27.9,31.9,30.2,36.2,48.0,49.5,48.2,47.5,47.5,47.5,47.5,0.0,37.3,56.6,38.6,36.4,31.0,29.2,32.0,62.7,43.4,61.4,63.6,69.0,70.8,68.0,0.0,0.0,0.0,0.0,0.0,0.0,0.0,2395.7,24.00,40,39,39,77,116,708,1,78.9,74.9,80.1,71.3,72.3,72.2,72.6,71.4,68.2,71.1,65.3,65.3,70.2,64.9,46.0,45.0,47.9,1.244,1.015,1.100,24.394,8.660,24.402,48.000,6.185,52.195,4.201,5.451,4.431,4.201,3.777,3.447,3.897,30.344,8.789,45.936,51.080,1996.4,2395.7,5032.1,5032.1,5115.0,58.0,32.5,32.0,58.0,88.2,いいえ,いいえ,いいえ,4.268,0.674,2.2,45.0,78.5,40.0,78.0,1.280,11.986,3.440,3.296,5.016,1.064,1.000,3.440,3.328,1.808,1.024,1.120,1.032,1.792,1.096,0.664,1.824,0.256,2064,いいえ,61.0,45.8,1.110,1.110,1.800,1.800,1.005,5.040,0.250,いいえ,いいえ,いいえ,43.0,1.110,1.110,1.800,1.815,1.005,5.040,0.500,いいえ,いいえ,いいえ,37,37,いいえ,はい,15390,14039,128,128,34,100.0,いいえ,いいえ,3868,2528,9990,41,43,51,100.0,100.0,いいえ,いいえ,7032,7745,0.0,0.0,0.0,0.000,0.002,1392,2688,0.0,0.0,0.0,0.000,0.000,181182,133153,0.0,0.0,0.0,0.000,0.010,67811,78097,66.5,0.720,40.000,600.0,2400.0,1200.0,100.0,0.0,0.0,0.0,0.0,0.0,0.0,0.0,0.0,0,0,16.0,93,いいえ,いいえ,いいえ,80.4,72.0,94.2,84.0,1.045,12.117,12.090,12.129,12.159,12.091,2117,2115,215.115,90.380,176.260,22.512,28.019,187.817,11.257,39.234,113.541,144.400,220.000,220.000,2685.0,1312.7,2115.0,2606.4,2160.0,2538.6,1310.9,2091.3,99.0,42.0,5.0,6.0,19.4,18.5,69.3,0.0,4.8,0.0,54,54,はい,はい,いいえ,いいえ,いいえ,いいえ,いいえ,98.0,97.9,1,0,0,0,0,0,0,0,0,17,0,0,0,0,0,0,0,0,0,0,0,0,0,0,0,0,0,0,0,0,9895,2387,2111,255,16.0,142.1,150.7,133.5,131.8,132.2,142.2,145.4,139.2,138.4,138.7,138.3,7.04,7.49,6.59,6.39,7.57,7.03,0.01,6.90,0.14,0.16,0,0,0.0,0.0,44355,39616,148.5,869.9,0,131.6,7.61,0.0,
19.7.2026,1:20:11.217,15419,18492,45.4,10799,21064,33.8,2.5,2048,51,1.248,1.125,1.265,1.275,1.275,1.275,1.275,4708.2,4841.3,5016.0,5016.0,5016.0,3344.0,5016.0,99.8,1385.7,2564.4,1579.4,1505.6,1419.1,1437.8,1251.0,1179.6,1201.7,1093.1,1087.4,1182.4,1126.7,1385.7,29.3,45.0,30.0,31.3,29.0,31.0,27.1,27.1,27.5,25.8,25.8,26.8,25.6,45.0,29.3,35.4,60.1,40.1,39.2,36.6,37.3,32.5,30.7,31.3,28.5,28.3,30.8,29.2,35.4,47.2,48.5,50.2,50.2,50.2,33.5,50.2,0.0,35.9,51.5,37.2,35.4,31.3,29.3,30.6,63.7,48.5,62.8,64.6,68.7,68.1,69.4,0.4,0.0,0.0,0.0,0.0,2.6,0.0,2395.7,24.00,40,39,39,77,116,708,1,78.4,74.0,84.9,70.9,71.2,71.8,72.4,71.4,68.1,70.8,65.3,65.3,71.0,64.9,46.0,45.0,48.0,1.241,1.015,1.100,23.953,8.603,23.952,49.000,6.194,51.582,4.033,4.981,4.278,4.110,3.737,3.341,3.750,29.707,8.733,45.254,50.369,1996.4,2395.7,5031.1,5031.1,5128.9,57.2,31.9,32.7,57.2,87.0,いいえ,いいえ,いいえ,4.023,0.622,2.2,45.0,78.2,40.0,78.0,1.256,12.038,3.440,3.296,5.016,1.064,1.000,3.440,3.328,1.808,1.024,1.120,1.032,1.792,1.096,0.664,1.824,0.256,2070,いいえ,61.0,46.0,1.110,1.110,1.800,1.800,0.975,5.040,0.250,いいえ,いいえ,いいえ,43.0,1.110,1.110,1.800,1.800,1.005,5.040,0.625,いいえ,いいえ,いいえ,37,37,いいえ,はい,15390,14039,128,128,34,100.0,いいえ,いいえ,3868,2528,9990,41,43,52,100.0,100.0,いいえ,いいえ,7032,7745,0.0,0.1,0.1,0.000,0.010,1392,2688,0.0,0.0,0.0,0.000,0.000,181182,133153,0.0,0.0,0.1,0.032,0.154,67811,78098,66.6,0.720,44.000,600.0,2400.0,1200.0,100.0,0.0,0.0,0.0,0.0,0.0,0.0,0.0,0.0,0,0,16.0,93,いいえ,いいえ,いいえ,81.3,72.0,96.6,84.0,1.045,12.113,12.087,12.123,12.154,12.088,2121,2124,217.251,95.917,177.077,23.691,28.938,189.252,11.847,40.738,153.869,141.925,220.000,220.000,2670.0,1312.7,2115.0,2612.9,2160.0,2617.4,1311.7,2138.7,99.0,47.0,5.0,5.0,19.4,19.7,73.8,0.0,5.1,0.0,54,54,はい,はい,いいえ,いいえ,いいえ,いいえ,いいえ,98.7,100.1,1,0,0,0,0,0,0,0,0,17,0,0,0,0,0,0,0,0,0,0,0,0,0,0,0,0,0,0,0,0,9895,2387,2111,255,16.0,152.5,167.3,141.7,140.4,140.9,152.7,162.2,145.9,145.5,145.5,145.5,6.56,7.02,5.99,5.95,7.10,6.54,0.01,6.42,0.14,0.18,0,0,0.0,0.0,44355,39618,14.4,969.2,0,140.2,7.15,0.0,
19.7.2026,1:20:13.217,15428,18482,45.4,10798,21065,33.8,2.5,2048,51,1.230,1.105,1.255,1.255,1.255,1.255,1.255,4450.3,4741.4,4991.0,3992.8,3992.8,4991.0,3992.8,99.8,1507.3,2663.8,1690.3,1649.5,1597.5,1511.3,1377.6,1318.4,1300.7,1191.7,1199.6,1314.9,1271.9,1507.3,31.6,47.3,32.2,33.6,32.4,32.1,29.4,29.7,29.3,27.7,28.0,29.1,28.2,47.3,31.6,38.6,63.6,43.0,43.0,41.2,39.2,35.8,34.4,33.9,31.1,31.3,34.2,33.0,38.6,44.6,47.5,50.0,40.0,40.0,50.0,40.0,0.0,38.6,53.6,40.7,37.4,34.1,31.9,34.1,60.6,46.4,59.3,62.6,65.9,63.6,65.9,0.8,0.0,0.0,0.0,0.0,4.6,0.0,2395.7,24.00,40,39,39,77,116,708,1,78.5,74.8,81.0,71.9,71.9,73.0,73.4,72.4,68.8,71.9,65.6,65.6,71.2,65.1,46.0,45.0,48.0,1.247,1.015,1.100,25.142,8.614,25.140,49.000,6.167,53.064,4.294,5.242,4.635,4.328,4.000,3.494,4.066,31.284,8.743,46.810,51.940,1996.4,2395.7,5039.4,5039.4,5125.9,59.0,33.5,32.7,59.0,88.0,いいえ,いいえ,いいえ,3.992,0.685,2.3,45.0,79.2,40.0,79.0,1.288,12.144,3.440,3.312,5.040,1.064,0.992,3.440,3.344,1.808,1.024,1.120,1.032,1.792,1.096,0.664,1.824,0.264,2070,いいえ,61.0,46.0,1.110,1.110,1.800,1.800,0.975,5.040,1.000,いいえ,いいえ,いいえ,43.2,1.110,1.110,1.800,1.800,0.975,5.040,0.750,いいえ,いいえ,いいえ,37,37,いいえ,はい,15390,14039,128,128,34,100.0,いいえ,いいえ,3868,2528,9990,41,43,51,100.0,100.0,いいえ,いいえ,7032,7745,0.0,0.0,0.0,0.000,0.000,1392,2688,0.0,0.0,0.0,0.000,0.000,181182,133153,0.0,0.1,0.1,0.000,0.118,67811,78098,66.7,0.720,42.000,600.0,2400.0,1200.0,100.0,0.0,0.0,0.0,0.0,0.0,0.0,0.0,0.0,0,0,16.0,93,いいえ,いいえ,いいえ,63.1,70.0,74.1,84.0,1.100,12.289,12.300,12.239,12.318,12.301,2138,2141,150.836,20.048,28.907,7.478,16.951,32.654,3.739,20.701,24.915,25.035,220.000,220.000,2775.0,1312.7,2130.0,2614.7,2235.0,2774.3,1312.0,2229.4,1.0,0.0,0.0,0.0,9.3,16.2,60.4,0.0,4.3,0.0,54,54,はい,いいえ,いいえ,はい,いいえ,いいえ,いいえ,22.9,23.5,1,0,0,0,0,0,0,0,0,17,0,0,0,0,0,0,0,0,0,0,0,0,0,0,0,0,0,0,0,0,11141,1141,780,212,16.0,171.5,185.4,159.1,157.9,158.3,171.3,177.8,165.2,157.3,160.2,155.9,5.83,6.29,5.37,5.29,6.34,5.83,0.01,5.69,0.14,0.15,0,0,0.0,0.0,44355,39620,17.1,1146.6,0,157.7,6.37,0.0,
19.7.2026,1:20:15.216,13261,20650,39.1,10025,21838,31.4,2.5,2048,51,1.182,1.220,1.175,1.175,1.175,1.175,1.175,4080.1,4916.1,4891.2,3260.8,3260.8,3260.8,4891.2,99.8,1294.6,2655.0,1176.8,1861.8,1910.5,1988.3,1324.8,982.6,868.7,480.2,501.5,990.9,793.9,1294.6,25.2,45.6,21.2,36.8,36.3,39.1,25.2,20.5,17.3,11.2,11.5,20.9,16.2,45.6,25.2,32.2,59.6,29.2,48.2,49.0,51.4,33.2,24.8,21.5,12.2,12.7,25.2,19.8,32.2,40.9,49.2,49.0,32.7,32.7,32.7,49.0,0.0,42.4,54.7,65.7,57.8,32.3,15.7,27.9,52.6,45.3,34.3,42.2,66.5,60.5,66.9,5.0,0.0,0.0,0.0,1.2,23.8,5.2,2395.7,24.00,40,39,39,77,116,708,1,83.6,79.8,85.0,72.4,71.5,77.6,76.7,72.1,65.7,70.7,65.9,65.9,71.5,65.0,46.0,45.2,48.0,1.246,1.015,1.100,25.381,8.438,25.390,47.000,6.128,53.227,4.846,5.466,6.776,6.085,4.328,2.442,3.982,31.556,8.565,46.862,52.000,1996.4,2395.7,5035.1,5035.1,5066.1,59.1,33.9,31.3,59.1,93.9,いいえ,いいえ,いいえ,2.265,1.310,2.5,45.0,84.4,40.0,84.0,1.176,12.144,3.440,3.312,5.040,1.064,0.992,3.440,3.328,1.808,1.024,1.120,1.032,1.792,1.096,0.664,1.824,0.264,2083,いいえ,61.0,46.0,1.095,1.110,1.800,1.800,0.975,5.040,0.250,いいえ,いいえ,いいえ,43.2,1.110,1.110,1.800,1.800,0.975,5.040,0.250,いいえ,いいえ,いいえ,37,37,いいえ,はい,15390,14039,128,128,34,100.0,いいえ,いいえ,3868,2528,9990,41,43,52,100.0,100.0,いいえ,いいえ,7032,7745,0.0,0.0,0.0,0.000,0.004,1392,2688,0.0,0.0,0.0,0.000,0.000,181182,133153,0.0,0.4,0.4,0.002,4.553,67811,78107,66.8,0.720,21.000,600.0,2400.0,1200.0,100.0,0.0,0.0,0.0,0.0,0.0,0.0,0.0,0.0,0,0,16.0,93,いいえ,いいえ,いいえ,58.7,68.0,70.1,84.0,0.940,12.297,12.310,12.246,12.324,12.309,2130,2128,43.690,14.598,16.927,7.583,16.936,20.716,3.791,20.730,14.795,15.306,220.000,220.000,2475.0,1312.7,2010.0,2774.2,2010.0,2475.4,1310.9,2009.7,3.0,1.0,5.0,0.0,9.5,0.0,0.1,0.0,0.0,0.0,48,48,はい,いいえ,いいえ,いいえ,いいえ,はい,いいえ,17.1,18.1,1,0,0,0,0,0,0,0,0,17,0,0,0,0,0,0,0,0,0,0,0,0,0,0,0,0,0,0,0,0,11114,1168,891,294,16.0,2.7,2.7,2.7,2.7,2.7,2.9,2.9,2.9,2.9,2.9,2.9,368.48,368.48,368.48,368.48,368.48,0.50,132.50,368.48,0.00,349.70,0,0,0.0,0.0,44355,39621,10.4,656.7,0,2.7,368.48,0.0,
19.7.2026,1:20:17.217,13740,20171,40.5,10277,21586,32.2,2.5,2048,51,1.275,1.275,1.275,1.275,1.275,1.275,1.275,4299.2,4991.0,4092.6,5115.8,4092.6,3410.5,4092.6,99.8,989.4,1847.7,699.0,2743.3,1372.1,2304.5,619.8,700.6,489.6,194.9,125.1,450.9,325.3,989.4,18.8,29.8,13.2,54.4,26.7,46.0,11.1,13.6,9.9,3.8,1.6,9.2,6.3,54.4,18.8,24.6,37.3,17.2,72.2,35.6,60.4,15.6,17.9,12.1,4.8,3.0,11.3,8.0,24.6,43.1,50.0,41.0,51.2,41.0,34.2,41.0,0.0,37.1,40.2,78.6,56.5,25.4,6.7,15.4,50.1,59.8,21.4,43.5,70.5,34.9,70.3,12.8,0.0,0.0,0.0,4.1,58.5,14.3,2395.7,24.00,40,39,39,77,116,708,1,84.2,82.3,78.6,71.1,68.6,79.5,76.8,70.6,63.1,68.1,65.7,65.7,71.0,64.8,46.1,45.6,48.0,1.258,1.015,1.100,23.141,8.320,23.147,45.000,6.105,50.400,3.955,4.137,6.577,5.589,3.547,1.207,2.673,29.053,8.445,44.213,49.309,1996.4,2395.7,5051.3,5051.3,5060.0,56.0,30.9,30.0,56.0,96.8,いいえ,いいえ,いいえ,1.449,1.218,2.2,45.0,84.4,40.0,84.0,1.168,12.144,3.440,3.328,5.040,1.064,0.992,3.440,3.328,1.808,1.024,1.120,1.040,1.792,1.096,0.664,1.824,0.264,2061,いいえ,61.0,46.0,1.095,1.110,1.800,1.800,0.975,5.040,0.375,いいえ,いいえ,いいえ,43.2,1.095,1.110,1.800,1.800,0.975,5.040,0.250,いいえ,いいえ,いいえ,37,37,いいえ,はい,15390,14039,128,128,34,100.0,いいえ,いいえ,3868,2528,9990,41,43,52,100.0,100.0,いいえ,いいえ,7032,7745,0.0,0.1,0.1,0.000,0.010,1392,2688,0.0,0.0,0.0,0.000,0.000,181182,133153,0.1,0.8,1.0,0.394,3.601,67812,78113,66.8,0.720,17.000,600.0,2400.0,1200.0,100.0,0.0,0.0,0.0,0.0,0.0,0.0,0.0,0.0,0,0,16.0,93,いいえ,いいえ,いいえ,56.3,66.0,68.0,84.0,0.925,12.316,12.329,12.266,12.340,12.328,2000,2006,36.597,10.501,9.136,3.921,14.130,11.094,1.960,16.088,13.549,14.130,220.000,220.000,585.0,625.2,1995.0,2474.6,1995.0,585.0,624.5,1993.7,2.0,1.0,2.0,0.0,9.5,24.2,92.1,0.0,4.6,0.0,42,42,はい,いいえ,いいえ,いいえ,いいえ,はい,いいえ,11.5,11.6,1,0,0,0,0,0,0,0,0,17,0,0,0,0,0,0,0,0,0,0,0,0,0,0,0,0,0,0,0,0,11114,1168,891,295,16.0,60.0,60.3,59.6,59.6,59.6,60.0,60.5,59.5,59.3,59.3,59.3,16.67,16.82,16.52,16.51,16.89,0.26,16.40,16.55,0.12,0.06,0,0,0.0,0.0,44355,39623,13.0,869.9,0,59.6,16.89,0.0,
19.7.2026,1:20:19.222,13917,19994,41.0,10433,21430,32.7,2.5,2048,51,1.254,1.250,1.255,1.255,1.255,1.255,1.255,4115.9,4966.0,5016.0,4012.8,4012.8,3344.0,3344.0,99.8,665.5,1387.7,449.8,4185.6,216.6,765.3,293.2,130.6,228.4,44.7,33.7,125.9,124.2,665.5,12.9,22.2,8.5,84.1,3.9,15.6,6.5,3.4,4.7,0.1,0.5,2.6,2.3,84.1,12.9,16.5,27.8,11.1,110.3,5.4,19.8,7.1,3.1,5.5,1.1,0.8,3.1,3.0,16.5,41.2,49.8,50.2,40.2,40.2,33.5,33.5,0.0,26.0,30.1,87.6,22.8,8.5,1.7,5.1,49.1,69.9,12.4,77.2,80.1,7.5,47.5,24.9,0.0,0.0,0.0,11.3,90.8,47.4,2395.7,24.00,40,39,39,77,116,708,1,85.0,83.0,84.5,67.9,65.9,81.5,69.8,65.7,60.7,63.8,64.5,64.5,71.0,65.0,46.1,45.6,48.0,1.231,1.015,1.100,18.891,8.317,18.895,37.000,6.106,44.537,2.921,3.072,7.948,3.184,1.978,0.236,1.108,23.322,8.442,38.481,43.523,1996.4,2395.7,5002.1,5002.1,5008.7,49.5,25.2,24.7,49.5,97.7,いいえ,いいえ,いいえ,0.860,0.484,1.6,45.0,84.9,40.0,84.0,1.280,12.144,3.440,3.328,5.040,1.064,0.992,3.440,3.328,1.808,1.024,1.120,1.032,1.792,1.096,0.656,1.824,0.264,2083,いいえ,61.0,46.0,1.095,1.110,1.815,1.800,0.975,5.040,0.500,いいえ,いいえ,いいえ,43.2,1.095,1.110,1.800,1.800,0.975,5.040,0.250,いいえ,いいえ,いいえ,37,37,いいえ,はい,15390,14039,128,128,34,100.0,いいえ,いいえ,3868,2528,9990,41,43,52,100.0,100.0,いいえ,いいえ,7032,7745,0.0,14.4,14.4,0.000,0.006,1392,2688,0.0,0.0,0.0,0.000,0.000,181182,133153,0.0,0.4,0.4,0.094,0.282,67812,78114,66.6,0.720,21.000,600.0,2400.0,1200.0,100.0,0.0,0.0,0.0,0.0,0.0,0.0,0.0,0.0,0,0,16.0,93,いいえ,いいえ,いいえ,54.8,64.0,66.7,84.0,0.925,12.310,12.319,12.274,12.329,12.319,1836,1835,24.577,8.427,9.663,1.158,9.046,10.233,0.579,9.629,13.309,13.796,220.000,220.000,255.0,101.2,1995.0,469.2,1995.0,255.0,101.0,1994.2,7.0,4.0,1.0,1.0,10.9,2.2,7.9,0.0,0.9,0.0,38,38,はい,いいえ,いいえ,いいえ,いいえ,はい,いいえ,8.8,8.7,1,0,0,0,0,0,0,0,0,18,0,0,0,0,0,0,0,0,0,0,0,0,0,0,0,0,0,0,0,0,10946,1336,1060,297,5.0,7.5,29.3,3.5,3.4,3.4,7.5,37.0,3.2,3.1,3.1,3.1,132.51,288.42,34.21,33.53,292.85,0.44,108.50,132.29,0.22,185.69,0,0,0.0,0.0,44355,39624,11.2,751.1,0,3.4,292.85,0.0,
19.7.2026,1:20:21.224,14106,19805,41.5,10502,21361,32.9,2.5,2048,51,1.267,1.275,1.265,1.265,1.265,1.265,1.265,4364.6,5016.0,5040.9,4032.7,4032.7,4032.7,4032.7,99.8,643.3,1438.5,420.2,4249.3,244.9,261.5,498.3,112.2,251.6,36.3,23.6,95.2,88.2,643.3,12.2,23.8,7.7,84.8,3.7,5.0,9.9,1.9,4.6,1.3,1.0,1.8,1.4,84.8,12.2,15.9,29.7,10.2,112.0,5.8,6.5,12.1,2.5,5.9,0.9,0.5,2.3,2.1,15.9,43.7,50.2,50.5,40.4,40.4,40.4,40.4,0.0,25.4,31.6,89.5,17.5,8.8,1.3,3.9,48.2,68.4,10.5,82.5,88.5,4.4,35.0,26.3,0.0,0.0,0.0,2.8,94.2,61.1,2395.7,24.00,40,39,39,77,116,708,1,84.6,82.4,80.1,67.6,66.1,82.1,68.5,65.4,60.3,63.0,64.4,64.4,70.8,64.4,46.2,45.8,48.0,1.249,1.015,1.100,19.143,8.250,19.139,38.500,5.816,44.724,3.209,3.282,9.686,3.004,2.261,0.159,0.860,23.927,8.374,38.698,43.746,1996.4,2395.7,5021.9,5021.9,5029.1,49.7,25.5,25.7,49.7,96.9,いいえ,いいえ,いいえ,1.076,0.656,1.5,45.0,84.4,40.0,84.0,1.272,12.144,3.440,3.328,5.040,1.064,0.992,3.440,3.328,1.808,1.024,1.120,1.040,1.792,1.096,0.656,1.824,0.264,2073,いいえ,61.0,46.0,1.095,1.110,1.815,1.800,0.975,5.040,0.375,いいえ,いいえ,いいえ,43.2,1.095,1.110,1.815,1.815,0.975,5.040,0.250,いいえ,いいえ,いいえ,37,37,いいえ,はい,15390,14039,128,128,34,100.0,いいえ,いいえ,3868,2528,9990,41,43,52,100.0,100.0,いいえ,いいえ,7032,7745,0.0,0.4,0.4,0.000,0.002,1392,2688,0.0,0.0,0.0,0.000,0.000,181182,133153,0.0,0.1,0.1,0.008,0.049,67812,78114,66.5,0.720,25.000,600.0,2400.0,1200.0,100.0,0.0,0.0,0.0,0.0,0.0,0.0,0.0,0.0,0,0,16.0,93,いいえ,いいえ,いいえ,53.5,62.0,65.1,84.0,0.860,12.315,12.324,12.281,12.333,12.323,1684,1677,18.100,6.384,7.003,0.419,8.314,7.202,0.209,8.527,9.356,10.042,220.000,220.000,210.0,50.6,1185.0,221.4,1290.0,210.0,50.5,1397.1,13.0,8.0,2.0,1.0,12.4,1.4,4.3,0.0,1.2,0.0,36,36,はい,いいえ,いいえ,いいえ,いいえ,はい,いいえ,7.1,6.8,1,0,0,0,0,0,0,0,0,19,0,0,0,0,0,0,0,0,0,0,0,0,0,0,0,0,0,0,0,0,10762,1520,1244,297,2.5,7.5,29.3,3.5,3.4,3.4,7.5,37.0,3.2,3.1,3.1,3.1,132.51,288.42,34.21,33.53,292.85,0.44,108.50,132.29,0.22,185.69,0,0,0.0,0.0,44355,39625,6.4,187.4,0,3.4,292.85,0.0,
19.7.2026,1:20:23.211,14296,19615,42.1,10554,21309,33.1,2.5,2048,51,1.247,1.180,1.260,1.260,1.260,1.260,1.260,3888.8,4941.1,5016.0,3344.0,3344.0,3344.0,3344.0,99.8,627.9,1503.4,413.7,3835.4,334.8,208.9,605.7,101.4,280.7,37.9,27.9,92.2,93.2,627.9,11.6,25.2,7.5,75.9,5.1,3.9,12.1,1.5,5.2,0.0,0.0,1.7,1.6,75.9,11.6,15.4,31.2,10.0,101.0,7.9,5.0,14.8,2.2,6.6,0.9,0.6,2.2,2.2,15.4,39.0,49.5,50.2,33.5,33.5,33.5,33.5,0.0,24.8,33.2,82.5,18.8,9.2,1.5,3.8,49.0,66.8,17.5,81.2,90.5,5.7,32.0,26.2,0.0,0.0,0.0,0.3,92.7,64.1,2395.7,24.00,40,39,39,77,116,708,1,84.0,80.8,79.1,67.2,66.0,80.5,68.5,65.5,60.2,62.8,64.3,64.3,70.0,64.4,46.4,45.9,48.0,1.253,1.015,1.100,18.969,7.848,18.974,37.000,5.436,43.791,3.224,3.336,9.423,3.173,2.405,0.187,0.817,23.798,7.965,37.743,42.797,1996.4,2395.7,5046.5,5046.5,5061.0,48.6,25.3,24.7,48.6,95.1,いいえ,いいえ,いいえ,0.966,0.624,1.5,45.0,84.5,40.0,84.0,1.240,12.144,3.440,3.328,5.040,1.064,0.992,3.440,3.344,1.808,1.024,1.120,1.040,1.792,1.096,0.664,1.824,0.264,2042,いいえ,61.0,46.0,1.095,1.110,1.815,1.800,1.005,5.040,0.625,いいえ,いいえ,いいえ,43.2,1.095,1.110,1.815,1.800,1.005,5.040,0.500,いいえ,いいえ,いいえ,37,37,いいえ,はい,15390,14039,128,128,34,100.0,いいえ,いいえ,3868,2528,9990,41,43,52,100.0,100.0,いいえ,いいえ,7032,7745,0.0,29.1,29.1,0.000,0.012,1392,2688,0.0,0.0,0.0,0.000,0.000,181182,133153,0.0,0.1,0.1,0.000,0.053,67812,78114,66.3,0.720,33.000,600.0,2400.0,1200.0,100.0,0.0,0.0,0.0,0.0,0.0,0.0,0.0,0.0,0,0,16.0,93,いいえ,いいえ,いいえ,52.6,62.0,64.1,84.0,0.860,12.313,12.322,12.279,12.331,12.321,1562,1558,13.815,5.808,4.747,0.444,8.288,4.969,0.222,8.513,9.233,10.049,220.000,220.000,210.0,50.6,1185.0,210.0,1290.0,210.0,50.5,1397.9,9.0,11.0,7.0,0.0,13.2,2.6,5.7,0.0,4.7,0.0,34,34,はい,いいえ,いいえ,いいえ,いいえ,はい,いいえ,6.0,6.3,1,0,0,0,0,0,0,0,0,19,0,0,0,0,0,0,0,0,0,0,0,0,0,0,0,0,0,0,0,0,10664,1618,1342,297,2.5,7.5,29.3,3.5,3.4,3.4,7.5,37.0,3.2,3.1,3.1,3.1,132.51,288.42,34.21,33.53,292.85,0.44,108.50,132.29,0.22,185.69,0,0,0.0,0.0,44355,39625,5.3,114.9,0,3.4,292.85,0.0,
19.7.2026,1:20:25.221,14673,19237,43.2,10873,20990,34.1,2.5,2048,51,1.196,1.250,1.185,1.185,1.185,1.185,1.185,4651.3,4966.0,4916.1,4916.1,4916.1,3277.4,4916.1,99.8,935.4,1791.7,774.8,3814.8,691.8,556.1,1546.0,294.4,705.4,145.6,204.9,310.4,389.0,935.4,17.9,26.1,15.1,77.2,13.7,11.1,31.6,5.7,14.4,2.7,4.7,5.2,7.6,77.2,17.9,23.1,33.0,19.6,100.5,18.0,14.3,40.4,7.4,18.2,3.6,5.2,7.8,9.8,23.1,46.6,49.8,49.2,49.2,49.2,32.8,49.2,0.0,34.1,38.4,85.8,39.9,19.8,7.0,13.4,47.4,61.6,14.2,60.1,75.9,25.5,46.9,18.6,0.0,0.0,0.0,4.4,67.5,39.7,2395.7,24.00,40,39,39,77,116,708,1,85.0,83.4,79.6,69.5,66.9,81.7,73.3,68.2,61.6,65.4,64.4,64.4,70.5,64.6,46.4,46.0,48.0,1.214,1.015,1.100,21.378,7.760,21.385,51.000,5.355,45.762,3.623,3.462,8.495,4.479,2.780,0.843,1.680,25.843,7.877,39.610,44.699,1996.4,2395.7,4964.7,4964.7,4975.6,50.8,28.5,34.0,50.8,98.2,いいえ,いいえ,いいえ,1.379,0.801,2.0,45.0,85.4,40.0,85.0,1.144,12.197,3.440,3.328,5.040,1.064,0.992,3.440,3.328,1.808,1.024,1.120,1.040,1.792,1.096,0.664,1.824,0.264,2048,いいえ,61.0,45.8,1.095,1.110,1.815,1.800,1.005,5.040,0.250,いいえ,いいえ,いいえ,43.2,1.095,1.110,1.815,1.800,1.005,5.040,0.625,いいえ,いいえ,いいえ,37,37,いいえ,はい,15390,14039,128,128,34,100.0,いいえ,いいえ,3868,2528,9990,41,43,52,100.0,100.0,いいえ,いいえ,7032,7745,0.0,0.0,0.0,0.000,0.002,1392,2688,0.0,0.0,0.0,0.000,0.000,181182,133153,0.9,3.1,4.0,0.261,1.848,67813,78118,66.3,0.720,20.000,600.0,2400.0,1200.0,100.0,0.0,0.0,0.0,0.0,0.0,0.0,0.0,0.0,0,0,16.0,93,いいえ,いいえ,いいえ,51.9,62.0,63.3,84.0,0.860,12.311,12.321,12.277,12.330,12.319,1469,1465,13.370,5.705,4.742,0.468,8.275,4.981,0.234,8.526,9.146,9.271,220.000,220.000,210.0,50.6,1185.0,210.0,1290.0,210.0,50.5,1397.2,8.0,9.0,6.0,0.0,13.2,3.1,5.5,0.0,6.8,0.0,33,33,はい,いいえ,いいえ,いいえ,いいえ,はい,いいえ,6.0,7.2,1,0,0,0,0,0,0,0,0,19,0,0,0,0,0,0,0,0,0,0,0,0,0,0,0,0,0,0,0,0,10659,1623,1347,297,2.5,29.4,30.0,26.2,26.1,26.0,29.3,32.0,26.2,26.1,26.1,26.1,34.03,38.28,33.25,33.24,38.39,2.38,31.75,33.82,0.21,1.53,0,0,0.0,0.0,44355,39626,10.8,582.5,0,26.0,38.39,0.0,
19.7.2026,1:20:27.227,15044,18867,44.3,11019,20844,34.5,2.5,2048,51,1.130,1.130,1.150,1.125,1.125,1.125,1.125,4862.1,4816.3,5090.8,4816.3,4816.3,4816.3,4816.3,99.8,936.3,1846.6,771.5,3133.7,1216.1,1188.3,933.0,393.7,670.2,183.7,195.5,358.4,344.9,936.3,18.5,27.6,15.4,63.7,24.3,24.4,19.5,8.2,14.0,4.7,4.9,8.2,7.1,63.7,18.5,23.2,34.6,19.5,82.7,31.2,31.1,24.2,10.1,17.3,4.7,5.0,9.1,8.7,23.2,48.7,48.2,51.0,48.2,48.2,48.2,48.2,0.0,33.4,39.3,80.5,39.4,20.8,7.2,13.1,48.5,60.7,19.5,59.8,69.2,26.9,54.7,18.1,0.0,0.0,0.8,10.0,65.9,32.2,2395.7,24.00,40,39,39,77,116,708,1,84.9,82.0,76.1,69.0,66.7,79.7,72.7,67.9,61.5,65.4,64.3,64.3,70.5,64.2,46.5,46.0,48.0,1.207,1.015,1.100,20.889,7.808,20.882,51.000,5.374,45.073,3.439,3.439,7.536,4.314,2.667,0.869,1.805,25.107,7.925,38.944,44.058,1996.4,2395.7,4964.2,4964.2,4983.3,50.1,27.8,34.0,50.1,96.4,いいえ,いいえ,いいえ,1.934,1.419,2.0,45.0,85.1,40.0,85.0,1.144,12.197,3.440,3.328,5.040,1.064,0.992,3.440,3.328,1.808,1.024,1.120,1.040,1.792,1.096,0.664,1.824,0.264,2042,いいえ,61.0,45.5,1.110,1.110,1.815,1.800,1.005,5.040,0.625,いいえ,いいえ,いいえ,43.2,1.110,1.110,1.815,1.800,1.005,5.040,0.500,いいえ,いいえ,いいえ,37,37,いいえ,はい,15390,14039,128,128,34,100.0,いいえ,いいえ,3868,2528,9990,42,44,52,100.0,100.0,いいえ,いいえ,7032,7745,0.0,0.1,0.1,0.000,0.008,1392,2688,0.0,0.0,0.0,0.000,0.000,181182,133153,0.2,1.1,1.3,0.146,2.279,67813,78122,66.3,0.720,24.000,600.0,2400.0,1200.0,100.0,0.0,0.0,0.0,0.0,0.0,0.0,0.0,0.0,0,0,16.0,93,いいえ,いいえ,いいえ,51.3,60.0,62.7,84.0,0.860,12.311,12.321,12.276,12.329,12.319,1400,1393,12.963,5.529,4.266,0.370,8.237,4.451,0.185,8.424,9.098,9.201,220.000,220.000,210.0,50.6,1185.0,210.0,1290.0,210.0,50.5,1398.2,7.0,9.0,5.0,0.0,20.1,2.2,5.8,0.0,2.8,0.0,32,32,はい,いいえ,いいえ,いいえ,いいえ,はい,いいえ,5.8,6.2,1,0,0,0,0,0,0,0,0,19,0,0,0,0,0,0,0,0,0,0,0,0,0,0,0,0,0,0,0,0,9817,2465,2189,298,2.5,26.9,30.2,18.0,17.5,17.5,26.9,32.6,17.8,17.5,17.4,17.4,37.22,55.72,33.06,33.04,57.26,2.37,34.88,37.00,0.22,5.56,0,0,0.0,0.0,44355,39627,8.4,528.5,0,17.5,57.26,0.0,
19.7.2026,1:20:29.232,15660,18251,46.1,10951,20912,34.3,2.5,2048,51,1.253,1.245,1.255,1.255,1.255,1.255,1.255,4223.2,4941.1,4012.8,5016.0,4012.8,3344.0,4012.8,99.8,845.1,1903.4,611.9,822.6,2026.9,533.2,2376.6,372.7,519.7,171.1,132.4,395.6,274.9,845.1,16.5,30.6,11.6,16.1,41.5,10.5,48.2,7.8,10.8,3.9,2.7,8.4,5.2,48.2,16.5,20.9,39.1,15.1,21.3,53.5,13.7,62.0,9.4,13.1,4.3,3.2,9.9,6.7,20.9,42.3,49.5,40.2,50.2,40.2,33.5,40.2,0.0,32.7,40.6,56.9,57.6,19.5,7.3,14.1,54.9,59.4,43.1,42.4,66.0,50.8,67.6,12.4,0.0,0.0,0.0,14.5,41.9,18.3,2395.7,24.00,40,39,39,77,116,708,1,85.5,82.7,81.5,69.4,67.2,76.4,76.7,68.1,62.1,66.0,64.3,64.3,70.8,64.2,46.5,46.0,48.0,1.219,1.015,1.100,22.033,7.861,22.022,48.500,5.368,46.799,3.669,3.837,5.871,6.002,2.716,1.351,2.233,26.917,7.979,40.802,45.851,1996.4,2395.7,4975.5,4975.5,4988.3,52.1,29.4,32.3,52.1,97.3,いいえ,いいえ,いいえ,1.185,0.763,2.0,45.0,85.4,40.0,85.0,1.208,12.197,3.440,3.312,5.040,1.064,0.992,3.440,3.328,1.808,1.024,1.120,1.032,1.792,1.096,0.664,1.824,0.264,2039,いいえ,61.0,45.5,1.110,1.110,1.815,1.800,1.005,5.040,0.875,いいえ,いいえ,いいえ,43.2,1.110,1.110,1.815,1.800,1.005,5.040,1.125,いいえ,いいえ,いいえ,37,37,いいえ,はい,15390,14039,128,128,34,100.0,いいえ,いいえ,3868,2528,9990,42,44,52,100.0,100.0,いいえ,いいえ,7032,7745,0.0,0.0,0.0,0.000,0.002,1392,2688,0.0,0.0,0.0,0.000,0.000,181182,133153,0.0,0.3,0.3,0.000,0.768,67813,78124,66.2,0.720,12.000,600.0,2400.0,1200.0,100.0,0.0,0.0,0.0,0.0,0.0,0.0,0.0,0.0,0,0,16.0,93,いいえ,いいえ,いいえ,55.6,60.0,62.3,84.0,0.940,12.317,12.326,12.285,12.335,12.324,1344,1340,13.030,9.533,10.266,3.427,9.472,11.977,1.713,11.193,13.345,14.875,220.000,220.000,2475.0,1312.7,2010.0,210.0,2010.0,2461.5,1311.5,2008.5,88.0,54.0,4.0,1.0,20.1,3.8,12.8,0.0,2.3,0.0,31,31,はい,いいえ,いいえ,いいえ,いいえ,はい,いいえ,9.8,73.3,1,0,0,0,0,0,0,0,0,20,0,0,0,0,0,0,0,0,0,0,0,0,0,0,0,0,0,0,0,0,9810,2472,2196,247,16.0,26.9,30.2,18.0,17.5,17.5,26.9,32.6,17.8,17.5,17.4,17.4,37.22,55.72,33.06,33.04,57.26,2.37,34.88,37.00,0.22,5.56,0,0,0.0,0.0,44355,39628,5.6,196.4,0,17.5,57.26,0.0,
19.7.2026,1:20:31.231,15766,18145,46.4,11012,20851,34.5,2.5,2048,51,1.175,1.175,1.190,1.190,1.165,1.165,1.165,4849.6,4891.2,4841.3,4841.3,4841.3,4841.3,4841.3,99.8,1461.9,2369.4,1410.8,1438.5,2069.0,1385.1,2204.7,1154.5,1325.6,941.3,943.9,1181.5,1118.0,1461.9,29.7,40.5,27.9,29.9,42.1,28.3,45.9,24.5,28.1,20.7,20.5,25.4,23.1,45.9,29.7,37.3,52.8,36.1,37.5,54.0,36.1,57.8,30.1,34.5,24.6,24.6,30.7,29.0,37.3,48.6,49.0,48.5,48.5,48.5,48.5,48.5,0.0,41.6,49.4,53.2,55.2,35.5,24.8,31.2,53.8,50.6,46.8,41.4,57.6,64.2,61.9,4.7,0.0,0.0,3.4,6.9,11.0,6.9,2395.7,24.00,40,39,39,77,116,708,1,84.6,79.8,84.0,71.9,69.4,75.5,76.7,72.3,66.6,70.8,64.6,64.6,70.8,64.5,46.6,46.0,48.0,1.210,1.015,1.100,25.266,8.233,25.239,60.500,5.684,51.382,4.341,4.477,5.394,5.557,3.971,2.961,3.685,30.660,8.356,45.268,50.385,1996.4,2395.7,4960.5,4960.5,5013.2,57.3,33.7,40.3,57.3,93.9,いいえ,いいえ,いいえ,3.420,0.930,2.5,45.0,84.2,40.0,84.0,1.224,11.986,3.440,3.296,5.016,1.064,0.992,3.440,3.328,1.808,1.024,1.120,1.032,1.792,1.096,0.664,1.824,0.264,2014,いいえ,61.0,45.5,1.110,1.110,1.800,1.800,1.005,5.040,1.250,いいえ,いいえ,いいえ,43.2,1.110,1.110,1.815,1.800,1.005,5.040,0.625,いいえ,いいえ,いいえ,37,37,いいえ,はい,15390,14039,128,128,34,100.0,いいえ,いいえ,3868,2528,9990,42,44,52,100.0,100.0,いいえ,いいえ,7032,7745,0.0,0.0,0.0,0.000,0.004,1392,2688,0.0,0.0,0.0,0.000,0.000,181182,133153,1.6,2.5,4.2,0.367,5.736,67814,78135,66.3,0.720,29.000,600.0,2400.0,1200.0,100.0,0.0,0.0,0.0,0.0,0.0,0.0,0.0,0.0,0,0,16.0,93,いいえ,いいえ,いいえ,75.0,64.0,89.2,84.0,1.010,12.110,12.088,12.120,12.144,12.087,1318,1315,217.843,81.002,182.735,20.549,25.829,193.282,10.274,36.090,37.268,141.988,220.000,220.000,2625.0,1312.7,2100.0,2645.9,2115.0,2617.1,1311.8,2106.5,100.0,36.0,3.0,7.0,20.1,21.7,83.6,0.0,3.1,0.0,42,43,はい,はい,いいえ,いいえ,いいえ,いいえ,いいえ,99.6,96.9,1,0,0,0,0,0,0,0,0,20,0,0,0,0,0,0,0,0,0,0,0,0,0,0,0,0,0,0,0,0,9808,2474,2198,247,16.0,31.5,150.2,5.3,0.5,0.5,31.6,139.2,5.4,0.5,0.5,0.5,31.70,190.04,6.65,6.61,2182.24,8.21,0.08,31.51,0.18,38.88,0,0,0.0,0.0,44355,39628,7.1,418.4,0,0.5,2182.24,0.0,
19.7.2026,1:20:33.239,15734,18177,46.3,11012,20851,34.5,2.5,2048,51,1.163,1.240,1.135,1.135,1.135,1.135,1.200,3965.3,4916.1,4941.1,3294.1,3294.1,3294.1,4052.7,99.8,2190.5,3165.7,2319.0,2294.3,2275.4,2217.8,2231.1,2027.1,2033.7,1869.9,1839.9,2026.1,1985.9,2190.5,45.9,59.3,46.0,47.2,47.1,46.8,47.1,44.1,44.1,42.1,41.3,43.4,42.8,59.3,45.9,57.0,77.5,60.6,60.2,59.8,58.2,58.8,53.2,53.3,49.0,48.2,53.1,51.9,57.0,39.7,49.2,49.5,33.0,33.0,33.0,40.6,0.0,52.1,64.5,53.8,53.4,48.0,44.8,48.0,47.9,35.5,46.2,46.6,52.0,55.1,52.0,0.0,0.0,0.0,0.0,0.0,0.1,0.0,2395.7,24.00,40,39,39,77,116,708,1,83.6,79.3,75.1,75.6,74.0,77.0,78.2,76.8,71.6,76.1,65.6,65.6,71.5,64.7,46.8,46.0,48.0,1.200,1.015,1.100,29.186,8.778,29.194,58.500,6.211,57.659,5.052,5.597,5.304,5.264,4.880,4.396,4.874,35.324,8.909,51.066,56.322,1996.4,2395.7,4933.3,4933.3,5011.4,64.0,38.9,39.0,64.0,93.3,いいえ,いいえ,いいえ,6.331,1.079,3.1,45.0,82.0,40.0,82.0,1.232,12.091,3.440,3.280,4.992,1.064,0.992,3.440,3.328,1.808,1.024,1.120,1.032,1.792,1.096,0.664,1.824,0.264,2045,いいえ,61.0,45.5,1.110,1.110,1.800,1.800,1.005,5.040,0.250,いいえ,いいえ,いいえ,43.2,1.110,1.110,1.800,1.800,1.005,5.040,0.375,いいえ,いいえ,いいえ,37,37,いいえ,はい,15390,14039,128,128,34,100.0,いいえ,いいえ,3868,2528,9990,42,44,52,100.0,100.0,いいえ,いいえ,7032,7745,0.0,0.1,0.1,0.000,0.014,1392,2688,0.0,0.0,0.0,0.000,0.000,181182,133153,0.0,0.7,0.7,0.000,0.201,67814,78135,66.6,0.720,47.000,600.0,2400.0,1200.0,100.0,0.0,0.0,0.0,0.0,0.0,0.0,0.0,0.0,0,0,16.0,93,いいえ,いいえ,いいえ,77.0,66.0,92.6,84.0,1.010,12.117,12.095,12.132,12.149,12.094,1485,1485,219.471,99.507,185.845,18.553,24.348,195.419,9.276,33.612,184.362,144.642,220.000,220.000,2610.0,1312.7,2085.0,2599.4,2100.0,2553.8,1311.5,2081.6,100.0,29.0,3.0,7.0,20.1,21.3,82.0,0.0,3.1,0.0,47,47,はい,はい,いいえ,いいえ,いいえ,いいえ,いいえ,99.5,97.5,1,0,0,0,0,0,0,0,0,20,0,0,0,0,0,0,0,0,0,0,0,0,0,0,0,0,0,0,0,0,9808,2474,2198,248,16.0,113.2,136.3,92.6,88.7,90.4,112.9,124.2,101.8,100.9,101.2,100.8,8.84,10.81,7.31,6.88,11.09,8.86,0.00,8.67,0.17,0.42,0,0,0.0,0.0,44355,39630,9.1,777.8,0,88.3,11.36,0.0,
19.7.2026,1:20:35.244,15733,18178,46.3,11012,20851,34.5,2.5,2048,51,1.213,1.250,1.205,1.205,1.205,1.205,1.205,4799.7,4966.0,4766.4,4766.4,4766.4,4766.4,4766.4,99.8,1914.4,2904.0,2021.1,2046.0,2009.4,1943.2,1922.2,1719.9,1715.8,1622.1,1591.7,1778.6,1699.0,1914.4,40.0,53.9,39.7,42.1,41.0,40.6,40.5,37.4,37.1,36.4,35.6,38.4,36.6,53.9,40.0,49.5,70.6,52.1,53.5,52.3,50.8,50.3,45.0,44.8,42.4,41.6,46.5,44.3,49.5,48.1,49.8,47.8,47.8,47.8,47.8,47.8,0.0,46.0,59.1,48.3,46.3,41.1,39.4,42.0,53.9,40.9,51.7,53.7,58.9,60.3,58.0,0.0,0.0,0.0,0.0,0.0,0.3,0.0,2395.7,24.00,40,39,39,77,116,708,1,82.5,77.0,76.1,74.0,72.9,75.2,75.9,74.7,70.7,74.5,65.4,65.4,70.0,64.5,46.9,46.0,48.0,1.198,1.015,1.100,27.094,8.849,27.089,56.500,6.177,55.059,4.614,5.192,4.889,4.711,4.378,4.030,4.485,32.862,8.980,48.636,53.833,1996.4,2395.7,4943.3,4943.3,5032.8,61.2,36.1,37.7,61.2,90.6,いいえ,いいえ,いいえ,5.600,0.899,2.8,45.0,81.9,40.0,81.0,1.208,12.091,3.440,3.296,5.016,1.064,0.992,3.440,3.344,1.808,1.024,1.120,1.032,1.792,1.096,0.664,1.824,0.264,2033,いいえ,61.0,45.5,1.110,1.110,1.800,1.800,1.005,5.040,0.250,いいえ,いいえ,いいえ,43.2,1.110,1.110,1.800,1.800,1.005,5.040,0.625,いいえ,いいえ,いいえ,37,37,いいえ,はい,15390,14039,128,128,34,100.0,いいえ,いいえ,3868,2528,9990,42,44,52,100.0,100.0,いいえ,いいえ,7032,7745,0.0,0.0,0.0,0.000,0.004,1392,2688,0.0,0.0,0.0,0.000,0.000,181182,133153,0.0,0.1,0.1,0.000,0.274,67814,78135,66.6,0.720,58.000,600.0,2400.0,1200.0,100.0,0.0,0.0,0.0,0.0,0.0,0.0,0.0,0.0,0,0,16.0,93,いいえ,いいえ,いいえ,78.4,66.0,94.7,84.0,1.010,12.115,12.090,12.132,12.147,12.091,1684,1691,219.027,90.892,187.876,18.159,24.215,197.238,9.080,33.289,109.692,147.588,220.000,220.000,2625.0,1312.7,2100.0,2605.0,2115.0,2590.8,1311.0,2101.5,100.0,29.0,3.0,6.0,20.1,20.9,80.7,0.0,3.0,0.0,50,50,はい,はい,いいえ,いいえ,いいえ,いいえ,いいえ,100.5,98.4,1,0,0,0,0,0,0,0,0,20,0,0,0,0,0,0,0,0,0,0,0,0,0,0,0,0,0,0,0,0,9808,2474,2198,248,16.0,96.4,112.9,87.3,85.7,85.5,96.6,100.5,90.1,89.3,89.2,89.2,10.37,11.45,8.85,8.79,11.71,10.35,0.00,10.20,0.17,0.33,0,0,0.0,0.0,44355,39631,9.1,709.6,0,85.5,11.71,0.0,
19.7.2026,1:20:37.228,15718,18193,46.3,11000,20863,34.5,2.5,2048,51,1.258,1.245,1.260,1.260,1.260,1.260,1.260,4924.5,4966.0,4916.1,4916.1,4916.1,4916.1,4916.1,99.8,1791.9,2793.0,1975.9,1839.9,1874.1,1797.6,1781.1,1607.9,1592.3,1502.3,1504.8,1622.5,1611.4,1791.9,37.1,50.8,38.5,37.8,37.9,37.4,37.4,34.8,34.4,33.4,33.4,34.9,34.5,50.8,37.1,46.2,67.1,50.8,48.1,48.6,46.9,46.5,42.0,41.5,39.3,39.3,42.3,42.0,46.2,49.3,49.8,49.2,49.2,49.2,49.2,49.2,0.0,42.4,56.6,43.4,42.8,37.4,35.7,38.3,56.1,43.4,56.6,57.2,62.5,55.1,61.7,1.5,0.0,0.0,0.0,0.1,9.2,0.0,2395.7,24.00,40,39,39,77,116,708,1,81.5,76.3,77.1,73.1,72.4,74.2,75.0,73.9,69.7,73.6,65.2,65.2,71.0,64.8,47.0,46.0,48.0,1.202,1.015,1.100,26.043,8.752,26.079,58.000,6.180,53.796,4.378,5.099,4.608,4.515,4.162,3.658,4.224,31.668,8.882,47.347,52.592,1996.4,2395.7,4951.8,4951.8,5049.1,59.8,34.8,38.7,59.8,89.7,いいえ,いいえ,いいえ,5.395,0.852,2.5,45.0,81.1,40.0,81.0,1.200,12.038,3.440,3.296,5.016,1.064,0.984,3.440,3.344,1.808,1.024,1.120,1.032,1.792,1.096,0.664,1.824,0.264,2033,いいえ,61.0,45.5,1.110,1.110,1.800,1.800,1.005,4.970,0.375,いいえ,いいえ,いいえ,43.2,1.110,1.110,1.800,1.800,1.005,4.970,0.250,いいえ,いいえ,いいえ,37,37,いいえ,はい,15390,14039,128,128,34,100.0,いいえ,いいえ,3868,2528,9990,42,44,52,100.0,100.0,いいえ,いいえ,7032,7745,0.0,0.0,0.0,0.000,0.004,1392,2688,0.0,0.0,0.0,0.000,0.000,181182,133153,0.0,0.1,0.1,0.000,0.077,67814,78136,66.6,0.720,52.000,600.0,2400.0,1200.0,100.0,0.0,0.0,0.0,0.0,0.0,0.0,0.0,0.0,0,0,16.0,93,いいえ,いいえ,いいえ,79.4,66.0,97.3,84.0,1.010,12.119,12.093,12.136,12.150,12.095,1833,1845,218.857,94.851,188.295,17.656,23.932,197.454,8.841,32.764,138.376,151.488,220.000,220.000,2610.0,1312.7,2085.0,2599.7,2100.0,2592.0,1311.8,2095.2,100.0,27.0,3.0,6.0,20.1,19.4,74.3,0.0,3.1,0.0,52,52,はい,はい,いいえ,いいえ,いいえ,いいえ,いいえ,100.5,96.3,1,0,0,0,0,0,0,0,0,20,0,0,0,0,0,0,0,0,0,0,0,0,0,0,0,0,0,0,0,0,9808,2474,2198,248,16.0,93.8,100.0,87.8,85.3,85.0,93.7,97.5,89.1,88.7,88.6,88.6,10.66,11.40,9.99,9.99,11.81,10.67,0.00,10.49,0.18,0.23,0,0,0.0,0.0,44355,39633,9.5,673.0,0,85.0,11.81,0.0,
19.7.2026,1:20:39.243,15724,18186,46.3,11000,20863,34.5,2.5,2048,51,1.219,1.275,1.115,1.115,1.270,1.270,1.270,4788.0,4891.2,4966.0,3972.8,4966.0,4966.0,4966.0,99.8,1755.3,2850.0,1897.6,1813.4,1805.7,1752.8,1751.6,1548.7,1577.2,1455.1,1478.2,1559.1,1574.1,1755.3,36.5,51.8,37.3,37.6,36.9,36.9,36.9,33.6,34.2,32.3,32.9,33.6,33.9,51.8,36.5,45.3,68.0,49.0,47.6,47.0,45.9,45.8,40.5,41.2,38.1,38.7,40.8,41.1,45.3,48.0,49.0,49.8,39.8,49.8,49.8,49.8,0.0,42.1,57.9,42.9,42.5,37.1,35.1,37.3,55.6,42.1,57.1,57.5,62.7,51.3,62.7,2.3,0.0,0.0,0.0,0.2,13.6,0.0,2395.7,24.00,40,39,39,77,116,708,1,81.0,75.9,78.1,72.8,72.2,73.8,74.6,73.5,69.2,73.3,65.1,65.1,71.2,64.9,47.0,46.0,48.0,1.201,1.015,1.100,25.908,8.601,25.902,61.500,6.164,53.391,4.292,5.047,4.521,4.456,4.079,3.496,4.155,31.494,8.730,47.004,52.185,1996.4,2395.7,4948.9,4948.9,5048.8,59.3,34.5,41.0,59.3,89.3,いいえ,いいえ,いいえ,5.267,0.823,2.5,45.0,80.8,40.0,80.0,1.264,12.038,3.440,3.296,4.992,1.064,0.984,3.440,3.328,1.808,1.024,1.120,1.032,1.792,1.096,0.664,1.824,0.264,2073,いいえ,61.0,45.5,1.095,1.110,1.800,1.800,1.005,4.970,0.375,いいえ,いいえ,いいえ,43.2,1.110,1.110,1.800,1.800,1.005,4.970,0.750,いいえ,いいえ,いいえ,37,37,いいえ,はい,15390,14039,128,128,34,100.0,いいえ,いいえ,3868,2528,9990,42,44,52,100.0,100.0,いいえ,いいえ,7032,7745,0.0,0.1,0.1,0.000,0.008,1392,2688,0.0,0.0,0.0,0.000,0.000,181182,133153,0.0,0.2,0.2,0.000,0.132,67814,78136,66.5,0.720,19.000,600.0,2400.0,1200.0,100.0,0.0,0.0,0.0,0.0,0.0,0.0,0.0,0.0,0,0,16.0,93,いいえ,いいえ,いいえ,79.6,66.0,96.2,84.0,1.020,12.117,12.093,12.131,12.152,12.094,1935,1944,218.927,99.164,183.046,19.108,25.122,192.885,9.554,34.670,175.006,153.923,220.000,220.000,2640.0,1312.7,2100.0,2568.1,2130.0,2590.1,1311.3,2102.4,100.0,30.0,3.0,6.0,20.1,21.8,84.1,0.0,3.1,0.0,52,52,はい,はい,いいえ,いいえ,いいえ,いいえ,いいえ,99.0,102.1,1,0,0,0,0,0,0,0,0,20,0,0,0,0,0,0,0,0,0,0,0,0,0,0,0,0,0,0,0,0,9808,2474,2198,248,16.0,83.9,92.9,77.3,76.6,76.6,83.9,86.9,80.4,79.6,79.5,79.5,11.92,12.97,10.73,10.72,13.07,11.92,0.00,11.75,0.17,0.31,0,0,0.0,0.0,44355,39634,9.2,722.6,0,76.6,13.07,0.0,
19.7.2026,1:20:41.234,15685,18226,46.2,10965,20898,34.4,2.5,2048,51,1.202,1.190,1.205,1.205,1.205,1.205,1.205,4666.6,4941.1,4941.1,4941.1,4941.1,3294.1,4941.1,99.8,1733.4,2756.7,1794.2,1907.0,1813.1,1785.1,1825.0,1530.4,1604.6,1422.9,1360.7,1552.8,1448.7,1733.4,35.7,49.2,35.1,39.2,36.8,37.3,38.2,33.0,34.5,31.3,30.0,33.2,31.0,49.2,35.7,44.6,64.5,46.2,49.9,47.1,46.6,47.7,40.1,42.0,37.2,35.6,40.6,37.8,44.6,46.8,49.5,49.5,49.5,49.5,33.0,49.5,0.0,43.2,56.1,46.0,44.9,39.5,35.0,37.7,56.6,43.9,54.0,55.1,60.5,64.2,62.3,0.1,0.0,0.0,0.0,0.0,0.8,0.0,2395.7,24.00,40,39,39,77,116,708,1,80.8,75.8,84.4,72.6,71.8,73.8,74.6,73.4,69.4,72.8,65.1,65.1,71.2,64.8,47.0,46.0,48.0,1.196,1.015,1.100,25.783,8.585,25.774,60.500,6.184,53.015,4.279,4.845,4.528,4.456,4.093,3.710,4.038,31.162,8.713,46.678,51.849,1996.4,2395.7,4942.4,4942.4,5045.3,58.9,34.4,40.3,58.9,89.1,いいえ,いいえ,いいえ,5.155,0.824,2.6,45.0,80.6,40.0,80.0,1.200,12.038,3.440,3.296,5.016,1.064,0.984,3.440,3.344,1.808,1.024,1.120,1.032,1.792,1.096,0.664,1.824,0.264,2064,いいえ,61.0,45.8,1.095,1.110,1.800,1.800,1.005,4.970,0.500,いいえ,いいえ,いいえ,43.2,1.095,1.110,1.800,1.800,1.005,4.970,0.875,いいえ,いいえ,いいえ,37,37,いいえ,はい,15390,14039,128,128,34,100.0,いいえ,いいえ,3868,2528,9990,42,44,52,100.0,100.0,いいえ,いいえ,7032,7745,0.0,0.4,0.4,0.000,0.004,1392,2688,0.0,0.0,0.0,0.000,0.000,181182,133153,0.0,0.1,0.1,0.000,0.093,67814,78136,66.6,0.720,34.000,600.0,2400.0,1200.0,100.0,0.0,0.0,0.0,0.0,0.0,0.0,0.0,0.0,0,0,16.0,93,いいえ,いいえ,いいえ,78.9,66.0,94.0,84.0,0.970,12.111,12.087,12.124,12.142,12.089,1996,1999,219.254,89.359,187.574,18.639,24.830,197.214,9.321,34.144,101.632,141.520,220.000,220.000,2565.0,1312.7,2070.0,2574.1,2070.0,2516.3,1310.7,2055.8,100.0,30.0,3.0,6.0,20.1,20.4,78.7,0.0,3.1,0.0,53,53,はい,はい,いいえ,いいえ,いいえ,いいえ,いいえ,100.8,99.9,1,0,0,0,0,0,0,0,0,20,0,0,0,0,0,0,0,0,0,0,0,0,0,0,0,0,0,0,0,0,9808,2474,2198,248,16.0,80.1,86.9,73.7,72.8,72.7,80.3,84.7,76.2,76.2,76.2,76.2,12.49,13.57,11.49,11.47,13.83,12.46,0.00,12.31,0.17,0.29,0,0,0.0,0.0,44355,39635,9.3,645.2,0,72.7,13.83,0.0,
19.7.2026,1:20:43.241,15687,18224,46.2,10965,20898,34.4,2.5,2048,51,1.155,1.205,1.145,1.145,1.145,1.145,1.145,4117.6,4941.1,4941.1,4941.1,3294.1,3294.1,3294.1,99.8,1754.8,2807.0,1834.0,1920.7,1882.5,1820.2,1786.9,1559.8,1615.7,1446.4,1349.6,1591.9,1443.1,1754.8,36.2,49.3,35.9,39.8,38.4,38.1,37.4,33.6,34.8,32.1,30.1,34.2,31.0,49.3,36.2,45.0,64.8,47.2,50.2,48.9,47.5,46.6,40.7,42.1,37.7,35.2,41.5,37.5,45.0,41.2,49.5,49.5,49.5,33.0,33.0,33.0,0.0,44.1,57.0,47.3,45.6,40.5,36.0,38.5,55.9,43.0,52.7,54.4,59.5,64.0,61.5,0.0,0.0,0.0,0.0,0.0,0.0,0.0,2395.7,24.00,40,39,39,77,116,708,1,80.8,76.1,77.1,72.9,71.9,74.2,74.8,73.6,69.5,73.1,65.2,65.2,70.8,64.6,47.0,46.0,48.0,1.202,1.015,1.100,25.891,8.642,25.888,60.000,6.191,53.312,4.373,4.959,4.655,4.528,4.202,3.771,4.121,31.393,8.771,46.973,52.158,1996.4,2395.7,4953.6,4953.6,5045.9,59.3,34.5,40.0,59.3,89.5,いいえ,いいえ,いいえ,5.247,0.813,2.6,45.0,80.8,40.0,80.0,1.216,12.038,3.440,3.296,5.016,1.064,0.984,3.440,3.344,1.808,1.024,1.120,1.032,1.792,1.096,0.664,1.824,0.264,2067,いいえ,61.0,45.8,1.095,1.110,1.800,1.800,1.005,4.970,0.625,いいえ,いいえ,いいえ,43.5,1.095,1.110,1.815,1.800,1.005,4.970,0.625,いいえ,いいえ,いいえ,37,37,いいえ,はい,15390,14039,128,128,34,100.0,いいえ,いいえ,3868,2528,9990,42,44,52,100.0,100.0,いいえ,いいえ,7032,7745,0.0,5.8,5.8,0.000,0.006,1392,2688,0.0,0.0,0.0,0.000,0.000,181182,133153,0.0,0.2,0.2,0.000,0.148,67814,78136,66.6,0.720,22.000,600.0,2400.0,1200.0,100.0,0.0,0.0,0.0,0.0,0.0,0.0,0.0,0.0,0,0,16.0,93,いいえ,いいえ,いいえ,81.6,66.0,98.5,84.0,0.975,12.116,12.093,12.128,12.149,12.095,2037,2038,219.163,87.869,182.879,18.672,24.898,192.554,9.325,34.217,97.609,142.799,220.000,220.000,2550.0,1312.7,2070.0,2540.1,2055.0,2546.5,1311.0,2055.1,100.0,30.0,3.0,6.0,20.1,20.4,78.5,0.0,3.1,0.0,53,53,はい,はい,いいえ,いいえ,いいえ,いいえ,いいえ,98.7,95.4,1,0,0,0,0,0,0,0,0,20,0,0,0,0,0,0,0,0,0,0,0,0,0,0,0,0,0,0,0,0,9808,2474,2198,248,16.0,86.1,95.0,79.3,78.9,78.8,86.2,88.9,83.0,83.0,83.0,83.0,11.61,12.60,10.52,10.52,12.70,11.60,0.00,11.45,0.17,0.36,0,0,0.0,0.0,44355,39637,9.3,813.7,0,78.8,12.70,0.0,
19.7.2026,1:20:45.255,15677,18234,46.2,10961,20902,34.3,2.5,2048,51,1.183,1.175,1.260,1.165,1.165,1.165,1.165,4774.7,4816.3,4866.2,4741.4,4741.4,4741.4,4741.4,99.8,1798.5,2793.0,1897.0,1891.0,1918.5,1834.0,1827.7,1600.5,1673.1,1506.2,1450.8,1631.3,1559.1,1798.5,37.2,49.7,37.2,38.8,38.9,38.3,38.3,34.4,36.0,33.4,32.3,35.2,33.5,49.7,37.2,46.3,65.3,48.9,49.4,49.8,47.9,47.7,41.8,43.7,39.3,37.9,42.6,40.6,46.3,47.8,48.2,48.8,47.5,47.5,47.5,47.5,0.0,44.2,56.8,46.2,45.4,40.1,37.0,39.8,55.7,43.2,53.8,54.6,59.9,62.6,60.2,0.1,0.0,0.0,0.0,0.0,0.5,0.0,2395.7,24.00,40,39,39,77,116,708,1,80.9,76.2,73.8,73.2,72.2,74.4,75.1,74.0,70.0,73.6,65.3,65.3,71.5,64.9,47.0,46.0,48.0,1.199,1.015,1.100,26.224,8.689,26.207,58.500,6.150,53.795,4.427,4.985,4.692,4.578,4.236,3.859,4.210,31.798,8.819,47.382,52.549,1996.4,2395.7,4944.4,4944.4,5046.3,59.7,34.9,39.0,59.7,89.6,いいえ,いいえ,いいえ,5.325,0.825,2.7,45.0,80.6,40.0,80.0,1.224,12.038,3.440,3.296,4.992,1.064,0.984,3.440,3.344,1.808,1.024,1.120,1.032,1.792,1.096,0.656,1.824,0.264,2070,いいえ,61.0,46.0,1.095,1.110,1.800,1.800,1.005,4.970,1.000,いいえ,いいえ,いいえ,43.5,1.095,1.110,1.800,1.800,1.005,4.970,1.125,いいえ,いいえ,いいえ,37,37,いいえ,はい,15390,14039,128,128,34,100.0,いいえ,いいえ,3868,2528,9990,42,44,52,100.0,100.0,いいえ,いいえ,7032,7745,0.0,0.0,0.0,0.000,0.004,1392,2688,0.0,0.0,0.0,0.000,0.000,181182,133153,0.0,0.0,0.0,0.000,0.036,67814,78136,66.7,0.720,64.000,600.0,2400.0,1200.0,100.0,0.0,0.0,0.0,0.0,0.0,0.0,0.0,0.0,0,0,16.0,93,いいえ,いいえ,いいえ,80.0,68.0,96.1,84.0,1.000,12.107,12.084,12.120,12.141,12.084,2065,2062,218.977,99.757,185.106,19.165,25.306,194.976,9.583,34.878,181.168,147.878,220.000,220.000,2610.0,1312.7,2085.0,2566.4,2100.0,2583.8,1311.5,2090.3,100.0,31.0,3.0,6.0,20.1,19.2,73.8,0.0,3.0,0.0,54,54,はい,はい,いいえ,いいえ,いいえ,いいえ,いいえ,100.0,99.0,1,0,0,0,0,0,0,0,0,20,0,0,0,0,0,0,0,0,0,0,0,0,0,0,0,0,0,0,0,0,9808,2474,2198,248,16.0,90.7,108.2,79.3,76.6,76.3,90.7,93.2,87.6,87.2,87.1,87.1,11.03,12.59,9.29,8.55,13.04,11.02,0.00,10.85,0.17,0.35,0,0,0.0,0.0,44355,39638,9.5,765.5,0,76.3,13.04,0.0,
19.7.2026,1:20:47.248,15676,18235,46.2,10960,20903,34.3,2.5,2048,51,1.194,1.190,1.195,1.195,1.195,1.195,1.195,4816.3,5065.9,4766.4,4766.4,4766.4,4766.4,4766.4,99.8,1762.2,2746.3,1916.8,1835.4,1823.4,1743.0,1771.8,1582.6,1610.8,1462.9,1496.8,1576.7,1579.9,1762.2,36.3,49.1,37.4,37.5,36.7,36.3,36.9,34.0,34.7,32.4,33.1,34.0,33.7,49.1,36.3,45.4,64.7,49.4,48.1,47.4,45.6,46.3,41.4,42.1,38.3,39.1,41.3,41.2,45.4,48.2,50.8,47.8,47.8,47.8,47.8,47.8,0.0,41.9,55.7,42.8,41.9,37.8,35.6,37.7,56.7,44.3,57.2,58.1,62.2,56.2,62.3,1.4,0.0,0.0,0.0,0.0,8.2,0.0,2395.7,24.00,40,39,39,77,116,708,1,80.9,76.0,76.1,73.1,72.2,74.1,74.8,73.9,69.9,73.5,65.3,65.3,71.8,65.0,47.0,46.0,48.0,1.202,1.015,1.100,25.978,8.717,25.989,59.000,6.150,53.586,4.338,4.988,4.583,4.435,4.159,3.683,4.178,31.585,8.847,47.196,52.401,1996.4,2395.7,4950.3,4950.3,5053.0,59.5,34.7,39.3,59.5,89.4,いいえ,いいえ,いいえ,5.290,0.828,2.5,45.0,81.6,40.0,81.0,1.216,12.091,3.440,3.296,5.016,1.064,0.984,3.440,3.328,1.808,1.024,1.120,1.032,1.792,1.096,0.656,1.824,0.264,2073,いいえ,61.9,46.0,1.095,1.110,1.800,1.800,0.990,4.970,1.000,いいえ,いいえ,いいえ,43.5,1.095,1.110,1.800,1.800,1.005,4.970,0.375,いいえ,いいえ,いいえ,37,37,いいえ,はい,15390,14039,128,128,34,100.0,いいえ,いいえ,3868,2528,9990,42,44,52,100.0,100.0,いいえ,いいえ,7032,7745,0.0,0.0,0.0,0.000,0.002,1392,2688,0.0,0.0,0.0,0.000,0.000,181182,133153,0.0,0.0,0.1,0.032,0.036,67814,78136,66.7,0.720,16.000,600.0,2400.0,1200.0,100.0,0.0,0.0,0.0,0.0,0.0,0.0,0.0,0.0,0,0,16.0,93,いいえ,いいえ,いいえ,79.5,68.0,93.9,84.0,1.020,12.110,12.085,12.124,12.145,12.086,2084,2082,218.354,92.271,185.089,19.312,25.412,195.014,9.669,35.062,118.860,149.747,220.000,220.000,2640.0,1312.7,2100.0,2581.6,2130.0,2631.5,1311.3,2096.2,100.0,32.0,3.0,7.0,20.1,20.3,78.0,0.0,3.0,0.0,54,54,はい,はい,いいえ,いいえ,いいえ,いいえ,いいえ,100.1,98.1,1,0,0,0,0,0,0,0,0,20,0,0,0,0,0,0,0,0,0,0,0,0,0,0,0,0,0,0,0,0,9808,2474,2198,248,16.0,93.1,110.1,82.6,79.0,78.6,93.2,96.4,90.1,89.7,89.7,89.7,10.75,12.12,9.08,9.00,12.71,10.73,0.00,10.58,0.16,0.29,0,0,0.0,0.0,44356,39640,9.0,599.1,0,78.6,12.71,0.0,
19.7.2026,1:20:49.256,15687,18224,46.2,10961,20902,34.4,2.5,2048,51,1.258,1.195,1.270,1.270,1.270,1.270,1.270,3843.1,4941.1,4941.1,3294.1,3294.1,3294.1,3294.1,99.8,1857.5,3095.6,2006.3,1888.6,1903.8,1790.8,1811.1,1643.9,1685.6,1562.7,1565.1,1673.5,1662.7,1857.5,38.7,57.2,39.3,39.1,39.0,37.9,38.2,35.8,36.7,34.7,34.7,36.2,35.7,57.2,38.7,48.0,75.0,51.8,49.4,49.5,46.9,47.3,43.1,44.1,41.0,41.0,43.8,43.4,48.0,38.5,49.5,49.5,33.0,33.0,33.0,33.0,0.0,44.4,62.8,44.8,42.8,39.3,37.4,39.5,54.0,37.2,55.2,57.2,60.7,53.2,60.5,1.6,0.0,0.0,0.0,0.0,9.5,0.0,2395.7,24.00,40,39,39,77,116,708,1,81.6,77.3,83.4,74.0,74.1,74.8,75.6,74.7,70.5,74.4,65.7,65.7,71.5,65.2,47.0,46.0,48.0,1.207,1.015,1.100,27.071,8.767,27.085,59.000,6.176,55.094,4.567,5.600,4.738,4.585,4.332,3.783,4.363,32.989,8.897,48.680,53.899,1996.4,2395.7,4953.2,4953.2,5035.7,61.2,36.1,39.3,61.2,91.0,いいえ,いいえ,いいえ,5.515,0.898,2.7,46.0,81.2,40.0,81.0,1.208,12.091,3.440,3.296,5.016,1.064,0.984,3.440,3.344,1.808,1.024,1.120,1.032,1.792,1.096,0.656,1.824,0.264,2070,いいえ,61.9,46.0,1.095,1.110,1.800,1.800,0.990,5.040,0.875,いいえ,いいえ,いいえ,43.5,1.095,1.110,1.800,1.800,0.990,5.040,0.625,いいえ,いいえ,いいえ,37,37,いいえ,はい,15390,14039,128,128,34,100.0,いいえ,いいえ,3868,2528,9990,42,44,52,100.0,100.0,いいえ,いいえ,7032,7745,0.0,28.2,28.2,0.000,0.012,1392,2689,0.0,0.0,0.0,0.000,0.000,181182,133153,0.0,0.1,0.1,0.000,0.112,67814,78137,66.9,0.720,26.000,600.0,2400.0,1200.0,100.0,0.0,0.0,0.0,0.0,0.0,0.0,0.0,0.0,0,0,16.0,93,いいえ,いいえ,いいえ,80.4,68.0,95.9,84.0,1.000,12.114,12.089,12.128,12.148,12.090,2093,2094,218.999,90.523,185.956,18.979,25.165,195.759,9.491,34.650,107.990,146.197,220.000,220.000,2610.0,1312.7,2085.0,2566.0,2100.0,2599.3,1311.9,2094.9,100.0,32.0,3.0,6.0,20.1,21.5,82.8,0.0,3.0,0.0,54,54,はい,はい,いいえ,いいえ,いいえ,いいえ,いいえ,100.2,103.9,1,0,0,0,0,0,0,0,0,20,0,0,0,0,0,0,0,0,0,0,0,0,0,0,0,0,0,0,0,0,9808,2474,2198,248,16.0,94.4,110.3,85.8,80.6,80.1,94.4,98.0,90.9,89.8,89.7,89.7,10.60,11.63,9.07,8.95,12.31,10.60,0.00,10.43,0.17,0.34,0,0,0.0,0.0,44356,39641,9.4,652.9,0,80.1,12.31,0.0,
19.7.2026,1:20:51.257,15680,18231,46.2,10960,20903,34.3,2.5,2048,51,1.230,1.205,1.235,1.235,1.235,1.235,1.235,4079.0,4941.1,3972.8,3972.8,3310.7,3310.7,4966.0,99.8,1767.4,2756.1,1908.8,1848.6,1849.1,1749.9,1734.9,1591.3,1595.9,1481.7,1505.8,1592.8,1594.1,1767.4,36.8,50.4,37.5,38.1,37.5,36.9,36.4,34.6,34.6,33.2,33.7,34.7,34.5,50.4,36.8,45.6,66.1,49.2,48.4,48.0,45.7,45.2,41.7,41.7,38.8,39.4,41.7,41.6,45.6,40.9,49.5,39.8,39.8,33.2,33.2,49.8,0.0,42.2,55.9,43.5,41.6,37.8,36.1,38.5,56.9,44.1,56.5,58.4,62.2,58.8,61.5,0.9,0.0,0.0,0.0,0.0,5.2,0.0,2395.7,24.00,40,39,39,77,116,708,1,81.2,76.3,78.1,73.4,72.8,74.3,75.1,74.1,70.4,73.9,65.7,65.7,71.2,65.3,47.0,46.0,48.0,1.204,1.015,1.100,26.121,8.737,26.114,58.500,6.152,53.794,4.394,5.044,4.623,4.516,4.184,3.759,4.242,31.800,8.867,47.434,52.616,1996.4,2395.7,4950.5,4950.5,5052.9,59.8,34.8,39.0,59.8,89.8,いいえ,いいえ,いいえ,5.333,0.835,2.5,46.0,80.8,40.0,80.0,1.216,12.091,3.440,3.296,5.016,1.064,0.984,3.440,3.344,1.808,1.024,1.120,1.032,1.792,1.096,0.656,1.824,0.264,2070,いいえ,61.9,46.2,1.110,1.110,1.800,1.800,0.990,5.040,0.375,いいえ,いいえ,いいえ,43.5,1.095,1.110,1.800,1.800,0.990,5.040,0.375,いいえ,いいえ,いいえ,37,37,いいえ,はい,15390,14039,128,128,34,100.0,いいえ,いいえ,3868,2528,9990,42,44,52,100.0,100.0,いいえ,いいえ,7032,7745,0.0,0.1,0.1,0.000,0.008,1392,2689,0.0,0.0,0.0,0.000,0.000,181182,133153,0.0,0.1,0.1,0.000,0.030,67814,78137,67.0,0.720,30.000,600.0,2400.0,1200.0,100.0,0.0,0.0,0.0,0.0,0.0,0.0,0.0,0.0,0,0,16.0,93,いいえ,いいえ,いいえ,81.3,68.0,97.9,84.0,0.975,12.120,12.098,12.135,12.150,12.096,2105,2107,219.283,96.561,186.246,17.808,24.222,195.457,8.903,33.124,161.638,145.087,220.000,220.000,2550.0,1312.7,2070.0,2541.5,2055.0,2537.3,1311.2,2048.8,100.0,26.0,3.0,6.0,20.1,19.3,74.1,0.0,3.0,0.0,54,54,はい,はい,いいえ,いいえ,いいえ,いいえ,いいえ,99.7,99.1,1,0,0,0,0,0,0,0,0,20,0,0,0,0,0,0,0,0,0,0,0,0,0,0,0,0,0,0,0,0,9808,2474,2198,248,16.0,95.6,103.8,89.4,87.1,86.8,95.5,99.2,89.6,89.2,89.2,89.2,10.46,11.14,9.66,9.64,11.53,10.47,0.00,10.29,0.17,0.30,0,0,0.0,0.0,44356,39642,9.2,648.8,0,86.8,11.53,0.0,
19.7.2026,1:20:53.266,15689,18222,46.2,10961,20902,34.4,2.5,2048,51,1.178,1.260,1.190,1.190,1.190,1.120,1.120,4812.2,5065.9,4791.4,4791.4,4791.4,4716.5,4716.5,99.8,1674.7,2707.5,1793.1,1743.1,1765.1,1691.2,1700.0,1519.9,1483.5,1365.2,1377.9,1475.0,1475.4,1674.7,34.5,48.1,34.8,35.7,35.6,35.2,35.5,32.9,32.1,30.4,30.6,31.9,31.6,48.1,34.5,43.0,63.4,46.1,45.5,45.8,44.1,44.3,39.7,38.7,35.7,36.0,38.5,38.4,43.0,48.2,50.8,48.0,48.0,48.0,47.2,47.2,0.0,41.0,54.9,42.2,41.5,36.7,34.0,36.5,57.4,45.1,57.8,58.5,63.3,56.3,63.5,1.6,0.0,0.0,0.0,0.0,9.8,0.0,2395.7,24.00,40,39,39,77,116,708,1,80.9,75.9,75.1,73.0,72.3,73.9,74.8,73.7,69.7,73.4,65.7,65.7,72.2,65.1,47.0,46.0,48.2,1.205,1.015,1.100,25.651,8.716,25.641,58.000,6.186,53.267,4.263,4.944,4.489,4.404,4.090,3.543,4.110,31.255,8.845,46.905,52.070,1996.4,2395.7,4956.6,4956.6,5059.3,59.2,34.2,38.7,59.2,89.3,いいえ,いいえ,いいえ,5.130,0.781,2.5,46.0,80.8,40.0,80.0,1.200,12.091,3.440,3.296,5.016,1.064,0.984,3.440,3.344,1.808,1.024,1.120,1.032,1.792,1.096,0.656,1.824,0.264,2064,いいえ,61.9,46.2,1.110,1.110,1.800,1.800,0.990,5.040,1.000,いいえ,いいえ,いいえ,43.8,1.110,1.110,1.800,1.800,0.990,5.040,0.500,いいえ,いいえ,いいえ,37,37,いいえ,はい,15390,14039,128,128,34,100.0,いいえ,いいえ,3868,2528,9990,42,44,52,100.0,100.0,いいえ,いいえ,7032,7745,0.0,0.0,0.0,0.000,0.004,1392,2689,0.0,0.0,0.0,0.000,0.000,181182,133153,0.0,0.0,0.1,0.016,0.014,67814,78137,67.0,0.720,22.000,600.0,2400.0,1200.0,100.0,0.0,0.0,0.0,0.0,0.0,0.0,0.0,0.0,0,0,16.0,93,いいえ,いいえ,いいえ,83.5,68.0,101.1,84.0,0.990,12.113,12.090,12.126,12.145,12.089,2125,2128,219.096,99.952,187.472,18.547,24.896,197.046,9.261,34.148,178.852,149.397,220.000,220.000,2580.0,1312.7,2070.0,2543.8,2070.0,2579.0,1311.2,2069.3,100.0,29.0,2.0,6.0,20.1,21.4,82.5,0.0,3.1,0.0,56,56,はい,はい,いいえ,いいえ,いいえ,いいえ,いいえ,100.7,99.9,1,0,0,0,0,0,0,0,0,20,0,0,0,0,0,0,0,0,0,0,0,0,0,0,0,0,0,0,0,0,9808,2474,2198,248,16.0,88.4,94.9,82.9,81.4,81.2,88.5,90.9,85.9,85.6,85.6,85.6,11.31,12.06,10.52,10.25,12.33,11.30,0.00,11.15,0.16,0.29,0,0,0.0,0.0,44356,39644,9.4,733.1,0,81.2,12.33,0.0,
19.7.2026,1:20:55.267,15680,18231,46.2,10960,20902,34.3,2.5,2048,51,1.273,1.190,1.290,1.290,1.290,1.290,1.290,3843.1,4941.1,4941.1,3294.1,3294.1,3294.1,3294.1,99.8,1722.9,2719.7,1851.4,1811.0,1828.5,1768.2,1766.8,1591.2,1517.8,1366.1,1402.6,1499.7,1551.6,1722.9,35.4,47.5,36.5,36.8,37.3,36.6,36.7,34.2,32.6,30.4,30.9,32.2,32.9,47.5,35.4,44.1,62.0,47.6,47.2,47.5,46.1,46.1,41.5,39.6,35.7,36.5,39.2,40.3,44.1,38.5,49.5,49.5,33.0,33.0,33.0,33.0,0.0,42.8,55.4,44.7,43.6,39.4,35.2,38.7,57.2,44.6,55.3,56.4,60.6,64.8,61.3,0.0,0.0,0.0,0.0,0.0,0.0,0.0,2395.7,24.00,40,39,39,77,116,708,1,80.9,76.2,73.2,73.3,72.3,74.4,75.1,73.9,70.2,73.6,65.8,65.8,70.5,65.1,47.0,46.0,48.4,1.199,1.015,1.100,25.728,8.688,25.743,57.500,6.196,53.201,4.329,4.861,4.580,4.479,4.134,3.768,4.148,31.200,8.817,46.832,52.036,1996.4,2395.7,4942.0,4942.0,5050.3,59.1,34.3,38.3,59.1,89.7,いいえ,いいえ,いいえ,5.249,0.806,2.6,46.0,80.8,40.0,80.0,1.200,12.038,3.440,3.296,4.992,1.064,0.984,3.440,3.344,1.808,1.024,1.120,1.032,1.792,1.096,0.656,1.824,0.264,2064,いいえ,61.9,46.2,1.110,1.110,1.815,1.800,0.990,5.040,0.250,いいえ,いいえ,いいえ,43.8,1.110,1.110,1.815,1.800,0.990,5.040,0.375,いいえ,いいえ,いいえ,37,37,いいえ,はい,15390,14039,128,128,34,100.0,いいえ,いいえ,3868,2528,9990,42,44,52,100.0,100.0,いいえ,いいえ,7032,7745,0.0,0.1,0.1,0.000,0.010,1392,2689,0.0,0.0,0.0,0.000,0.000,181182,133153,0.0,0.1,0.1,0.000,0.079,67814,78137,67.1,0.720,53.000,600.0,2400.0,1200.0,100.0,0.0,0.0,0.0,0.0,0.0,0.0,0.0,0.0,0,0,16.0,93,いいえ,いいえ,いいえ,83.1,68.0,100.5,84.0,0.995,12.117,12.094,12.132,12.148,12.092,2151,2155,218.945,98.106,186.776,18.238,24.652,196.197,9.118,33.755,168.074,148.043,220.000,220.000,2580.0,1312.7,2085.0,2550.1,2085.0,2574.3,1310.8,2072.3,100.0,28.0,3.0,7.0,20.1,20.8,80.3,0.0,3.0,0.0,56,56,はい,はい,いいえ,いいえ,いいえ,いいえ,いいえ,100.2,101.4,1,0,0,0,0,0,0,0,0,20,0,0,0,0,0,0,0,0,0,0,0,0,0,0,0,0,0,0,0,0,9808,2474,2198,255,16.0,87.2,93.9,81.2,80.6,80.5,87.2,90.8,83.6,82.7,82.6,82.6,11.46,12.36,10.63,10.37,12.62,11.46,0.00,11.30,0.16,0.30,0,0,0.0,0.0,44356,39645,9.3,583.5,0,80.5,12.62,0.0,
19.7.2026,1:20:57.272,15707,18204,46.3,10956,20907,34.3,2.5,2048,51,1.198,1.200,1.225,1.225,1.225,1.155,1.155,4833.0,4941.1,4841.3,4841.3,4841.3,4766.4,4766.4,99.8,1840.7,2817.3,1976.1,1953.9,1945.7,1889.2,1874.1,1640.2,1713.8,1477.9,1520.4,1628.0,1651.6,1840.7,38.3,49.6,38.7,40.6,39.5,39.6,39.6,35.8,37.1,33.4,34.1,35.5,35.5,49.6,38.3,47.3,65.2,51.0,51.1,50.6,49.3,48.9,42.9,44.7,38.6,39.7,42.5,42.9,47.3,48.4,49.5,48.5,48.5,48.5,47.8,47.8,0.0,45.3,57.4,47.7,46.4,41.7,37.7,41.1,54.7,42.6,52.3,53.6,58.3,62.3,58.9,0.0,0.0,0.0,0.0,0.0,0.0,0.0,2395.7,24.00,40,39,39,77,116,708,1,81.8,77.2,75.6,74.1,73.1,75.3,76.1,74.9,70.9,74.5,66.1,66.1,71.5,65.3,47.0,46.0,48.7,1.203,1.015,1.100,26.783,8.755,26.781,56.500,6.196,54.625,4.559,5.088,4.818,4.736,4.360,3.964,4.385,32.540,8.884,48.240,53.440,1996.4,2395.7,4949.1,4949.1,5040.9,60.7,35.7,37.7,60.7,90.8,いいえ,いいえ,いいえ,5.583,0.868,2.7,46.0,82.1,40.0,82.0,1.224,12.038,3.440,3.296,4.992,1.064,0.976,3.440,3.344,1.808,1.024,1.120,1.024,1.792,1.096,0.648,1.824,0.264,2048,いいえ,61.9,46.5,1.110,1.110,1.815,1.800,0.990,5.040,0.875,いいえ,いいえ,いいえ,43.8,1.110,1.110,1.815,1.800,0.990,5.040,1.250,いいえ,いいえ,いいえ,37,37,いいえ,はい,15390,14039,128,128,34,100.0,いいえ,いいえ,3868,2528,9990,42,44,52,100.0,100.0,いいえ,いいえ,7032,7745,0.0,11.1,11.1,0.000,0.004,1392,2689,0.0,0.0,0.0,0.000,0.000,181182,133153,0.0,0.1,0.1,0.016,0.063,67814,78137,67.2,0.720,28.000,600.0,2400.0,1200.0,100.0,0.0,0.0,0.0,0.0,0.0,0.0,0.0,0.0,0,0,16.0,93,いいえ,いいえ,いいえ,80.5,68.0,95.3,84.0,1.020,12.114,12.092,12.124,12.149,12.090,2168,2173,218.515,89.054,181.391,19.782,25.909,191.544,9.890,35.781,103.225,144.908,220.000,220.000,2640.0,1312.7,2100.0,2596.4,2130.0,2581.1,1311.6,2107.7,100.0,33.0,3.0,7.0,20.1,20.8,80.2,0.0,3.0,0.0,56,56,はい,はい,いいえ,いいえ,いいえ,いいえ,いいえ,98.7,97.1,1,0,0,0,0,0,0,0,0,20,0,0,0,0,0,0,0,0,0,0,0,0,0,0,0,0,0,0,0,0,9809,2473,2197,255,16.0,98.6,114.9,81.5,81.3,81.3,98.9,108.9,85.0,85.0,85.0,85.0,10.15,12.32,8.68,8.60,12.33,10.11,0.00,9.99,0.16,0.31,0,0,0.0,0.0,44356,39646,12.6,689.4,0,81.3,12.33,0.0,
19.7.2026,1:20:59.275,15687,18224,46.2,10959,20904,34.3,2.5,2048,51,1.224,1.195,1.230,1.230,1.230,1.230,1.230,4862.1,4941.1,4841.3,4841.3,4841.3,4841.3,4866.2,99.8,2067.6,2999.9,2156.1,2270.0,2216.0,2136.3,2103.0,1901.1,1911.9,1716.5,1741.0,1810.5,1848.5,2067.6,42.9,53.7,42.3,46.8,45.1,44.4,43.9,41.1,41.1,38.5,38.8,39.3,39.8,53.7,42.9,53.3,70.4,55.6,59.4,57.7,55.7,54.9,49.7,49.9,44.9,45.4,47.4,48.2,53.3,48.7,49.5,48.5,48.5,48.5,48.5,48.8,0.0,50.8,61.1,54.5,51.5,47.4,44.0,45.9,49.2,38.9,45.5,48.5,52.6,56.0,54.1,0.0,0.0,0.0,0.0,0.0,0.0,0.0,2395.7,24.00,40,39,39,77,116,708,1,83.0,79.0,76.1,75.9,74.4,77.3,78.2,76.9,72.4,76.3,66.6,66.6,71.0,65.5,47.0,46.0,49.0,1.202,1.015,1.100,28.475,8.851,28.456,56.500,6.172,56.742,4.965,5.424,5.293,5.152,4.805,4.370,4.746,34.528,8.982,50.300,55.498,1996.4,2395.7,4942.5,4942.5,5019.4,63.1,37.9,37.7,63.1,92.9,いいえ,いいえ,いいえ,5.929,0.948,3.0,46.0,83.6,40.0,83.0,1.216,12.038,3.440,3.296,4.992,1.064,0.976,3.440,3.328,1.808,1.024,1.120,1.032,1.792,1.096,0.648,1.824,0.264,2070,いいえ,61.9,46.5,1.110,1.110,1.815,1.800,0.990,5.040,1.125,いいえ,いいえ,いいえ,43.8,1.110,1.110,1.815,1.800,1.005,5.040,0.500,いいえ,いいえ,いいえ,37,37,いいえ,はい,15390,14039,128,128,34,100.0,いいえ,いいえ,3868,2528,9990,42,44,52,100.0,100.0,いいえ,いいえ,7032,7745,0.0,0.0,0.0,0.000,0.002,1392,2689,0.0,0.0,0.0,0.000,0.000,181182,133153,0.0,0.0,0.0,0.000,0.006,67814,78137,67.4,0.720,60.000,600.0,2400.0,1200.0,100.0,0.0,0.0,0.0,0.0,0.0,0.0,0.0,0.0,0,0,16.0,93,いいえ,いいえ,いいえ,80.6,70.0,95.8,84.0,1.020,12.114,12.092,12.125,12.149,12.090,2182,2182,219.345,83.921,181.644,20.120,26.202,191.960,10.059,36.238,61.234,143.911,220.000,220.000,2640.0,1312.7,2100.0,2601.0,2130.0,2600.8,1310.9,2126.0,100.0,34.0,3.0,7.0,20.1,20.7,79.7,0.0,3.0,0.0,56,56,はい,はい,いいえ,いいえ,いいえ,いいえ,いいえ,99.0,98.4,1,0,0,0,0,0,0,0,0,20,0,0,0,0,0,0,0,0,0,0,0,0,0,0,0,0,0,0,0,0,9809,2473,2197,255,16.0,109.0,119.0,99.6,99.5,99.6,109.1,114.2,103.4,102.6,102.9,102.5,9.18,10.00,8.32,8.27,10.02,9.17,0.00,9.02,0.16,0.32,0,0,0.0,0.0,44356,39648,9.2,758.3,0,99.5,10.04,0.0,
19.7.2026,1:21:1.263,15687,18224,46.2,10954,20908,34.3,2.5,2048,51,1.224,1.195,1.230,1.230,1.230,1.230,1.230,4845.4,4991.0,4816.3,4816.3,4816.3,4816.3,4816.3,99.8,2181.3,3160.0,2258.1,2370.4,2304.6,2205.3,2274.5,1983.8,2025.8,1853.7,1847.8,1943.3,1948.7,2181.3,45.5,58.1,44.5,48.9,47.0,46.0,47.6,43.0,43.6,41.7,41.3,42.1,42.0,58.1,45.5,56.4,75.9,58.4,62.0,60.0,57.6,59.4,51.9,52.8,48.5,48.2,50.8,50.8,56.4,48.5,50.0,48.2,48.2,48.2,48.2,48.2,0.0,53.1,64.5,56.1,53.9,49.1,46.8,48.2,46.9,35.5,43.9,46.1,50.9,53.2,51.8,0.0,0.0,0.0,0.0,0.0,0.0,0.0,2395.7,24.00,40,39,39,77,116,708,1,83.9,80.3,76.6,77.1,75.5,78.5,79.4,78.2,73.5,77.5,67.0,67.0,71.8,65.6,47.0,46.0,49.0,1.205,1.015,1.100,29.545,8.870,29.565,57.500,6.214,58.288,5.219,5.670,5.550,5.413,5.061,4.613,5.006,35.885,9.001,51.721,56.978,1996.4,2395.7,4939.7,4939.7,5010.5,64.7,39.4,38.3,64.7,94.4,いいえ,いいえ,いいえ,6.184,0.998,3.2,46.0,85.1,40.0,85.0,1.224,12.038,3.440,3.296,4.992,1.064,0.976,3.440,3.344,1.808,1.024,1.120,1.032,1.792,1.096,0.648,1.824,0.264,2061,いいえ,61.9,46.5,1.110,1.110,1.815,1.800,0.990,5.040,0.375,いいえ,いいえ,いいえ,43.8,1.110,1.110,1.815,1.800,0.990,5.040,0.625,いいえ,いいえ,いいえ,37,37,いいえ,はい,15390,14039,128,128,34,100.0,いいえ,いいえ,3868,2528,9990,42,44,53,100.0,100.0,いいえ,いいえ,7032,7745,0.0,11.0,11.0,0.000,0.008,1392,2689,0.0,0.0,0.0,0.000,0.000,181182,133153,0.0,0.1,0.1,0.000,0.090,67814,78137,67.6,0.720,34.000,600.0,2400.0,1200.0,100.0,0.0,0.0,0.0,0.0,0.0,0.0,0.0,0.0,0,0,16.0,93,いいえ,いいえ,いいえ,80.3,70.0,93.9,84.0,1.045,12.107,12.084,12.118,12.143,12.083,2186,2191,219.335,85.552,181.942,21.340,27.192,192.822,10.669,37.843,66.208,146.400,220.000,220.000,2670.0,1312.7,2100.0,2624.4,2160.0,2627.3,1311.1,2141.9,100.0,39.0,2.0,8.0,20.1,20.4,78.7,0.0,3.0,0.0,56,56,はい,はい,いいえ,いいえ,いいえ,いいえ,いいえ,99.9,101.6,1,0,0,0,0,0,0,0,0,20,0,0,0,0,0,0,0,0,0,0,0,0,0,0,0,0,0,0,0,0,9809,2473,2197,255,16.0,118.2,133.2,103.9,102.0,102.7,118.3,129.5,109.9,109.4,109.6,109.4,8.46,9.80,7.48,7.35,9.85,8.46,0.00,8.30,0.16,0.31,0,0,0.0,0.0,44356,39649,9.1,630.4,0,101.8,9.86,0.0,
19.7.2026,1:21:3.280,15717,18194,46.3,10951,20912,34.3,2.5,2048,51,1.233,1.200,1.240,1.240,1.240,1.240,1.240,4899.5,4941.1,4891.2,4891.2,4891.2,4891.2,4891.2,99.8,2473.8,3346.3,2543.0,2615.8,2618.2,2490.4,2551.1,2284.5,2365.3,2145.1,2151.9,2271.1,2303.1,2473.8,52.2,63.3,51.5,54.5,54.3,52.6,54.2,49.7,51.2,48.3,48.1,49.0,49.5,63.3,52.2,64.4,81.7,66.6,68.7,68.7,65.4,67.1,60.0,62.1,56.4,56.2,59.3,60.0,64.4,49.1,49.5,49.0,49.0,49.0,49.0,49.0,0.0,59.0,68.7,61.8,60.1,55.8,52.7,55.0,41.0,31.3,38.2,39.9,44.2,47.3,45.0,0.0,0.0,0.0,0.0,0.0,0.0,0.0,2395.7,24.00,40,39,39,77,116,708,1,85.5,82.5,81.5,79.0,76.8,80.6,81.6,80.4,75.1,79.6,67.6,67.6,72.2,66.0,47.1,46.0,49.0,1.202,1.015,1.100,31.543,8.919,31.551,56.000,6.200,60.654,5.659,5.986,6.007,5.874,5.562,4.993,5.533,38.192,9.050,54.062,59.352,1996.4,2395.7,4921.0,4921.0,4990.6,67.4,42.1,37.3,67.4,97.0,いいえ,いいえ,いいえ,7.048,1.159,3.5,46.0,85.8,40.0,85.0,1.224,12.038,3.440,3.296,4.992,1.064,0.976,3.440,3.344,1.808,1.024,1.120,1.032,1.792,1.096,0.648,1.824,0.264,2064,いいえ,61.9,46.8,1.095,1.110,1.815,1.800,0.990,5.040,0.500,いいえ,いいえ,いいえ,43.8,1.095,1.110,1.815,1.800,0.990,5.040,0.500,いいえ,いいえ,いいえ,37,37,いいえ,はい,15390,14039,128,128,34,100.0,いいえ,いいえ,3868,2528,9990,42,44,52,100.0,100.0,いいえ,いいえ,7032,7745,0.0,0.0,0.0,0.000,0.006,1392,2689,0.0,0.0,0.0,0.000,0.000,181182,133153,0.4,1.7,2.1,1.065,2.969,67816,78143,67.8,0.720,55.000,600.0,2400.0,1200.0,100.0,0.0,0.0,0.0,0.0,0.0,0.0,0.0,0.0,0,0,16.0,93,いいえ,いいえ,いいえ,81.1,70.0,96.8,84.0,1.020,12.110,12.089,12.117,12.147,12.087,2190,2195,219.092,101.453,180.518,21.881,27.615,191.714,10.939,38.533,202.748,137.674,220.000,220.000,2640.0,1312.7,2100.0,2610.8,2130.0,2592.6,1311.8,2114.0,100.0,39.0,3.0,8.0,20.1,20.3,77.9,0.0,3.1,0.0,56,56,はい,はい,いいえ,いいえ,いいえ,いいえ,いいえ,99.6,101.0,1,0,0,0,0,0,0,0,0,20,0,0,0,0,0,0,0,0,0,0,0,0,0,0,0,0,0,0,0,0,9809,2473,2197,255,16.0,132.6,151.7,117.2,114.8,115.7,132.5,142.0,123.2,122.4,122.6,122.3,7.54,8.55,6.58,5.56,8.66,7.55,0.00,7.37,0.17,0.32,0,0,0.0,0.0,44356,39650,9.4,595.0,0,114.5,8.76,0.0,
19.7.2026,1:21:5.291,15698,18213,46.2,10956,20907,34.3,2.5,2048,51,1.180,1.180,1.180,1.180,1.180,1.180,1.180,4887.0,4866.2,4891.2,4891.2,4891.2,4891.2,4891.2,99.8,2493.5,3422.7,2506.6,2761.3,2637.3,2555.7,2623.2,2293.8,2368.3,2147.0,2049.1,2338.9,2218.4,2493.5,52.0,63.6,50.3,57.0,53.9,53.7,55.2,49.8,50.7,47.5,45.4,50.0,47.2,63.6,52.0,64.8,82.8,65.9,72.7,69.4,67.3,69.1,60.4,61.7,56.0,53.5,61.1,57.7,64.8,49.0,48.8,49.0,49.0,49.0,49.0,49.0,0.0,60.8,70.1,64.3,62.1,58.1,53.3,56.9,39.2,29.9,35.7,37.9,41.9,46.7,43.1,0.0,0.0,0.0,0.0,0.0,0.0,0.0,2395.7,24.00,40,39,39,77,116,708,1,86.5,83.2,87.9,79.7,77.4,81.5,82.5,81.1,75.6,80.3,68.0,68.0,72.5,66.2,47.3,46.3,49.0,1.206,1.015,1.100,32.013,8.829,31.983,55.500,6.182,61.130,5.783,6.096,6.173,5.984,5.666,5.121,5.656,38.815,8.960,54.575,59.810,1996.4,2395.7,4928.3,4928.3,4985.0,68.0,42.6,37.0,68.0,97.9,いいえ,いいえ,いいえ,7.013,1.145,3.6,46.0,87.2,40.0,87.0,1.224,12.038,3.440,3.296,4.992,1.064,0.976,3.440,3.344,1.808,1.024,1.120,1.032,1.792,1.096,0.648,1.824,0.264,2076,いいえ,61.9,46.8,1.095,1.110,1.815,1.800,0.990,5.040,0.750,いいえ,いいえ,いいえ,44.0,1.095,1.110,1.815,1.800,0.990,5.040,1.000,いいえ,いいえ,いいえ,37,37,いいえ,はい,15390,14039,128,128,34,100.0,いいえ,いいえ,3868,2528,9990,42,44,53,100.0,100.0,いいえ,いいえ,7032,7745,0.0,0.0,0.0,0.000,0.004,1392,2689,0.0,0.0,0.0,0.000,0.000,181182,133153,0.0,0.1,0.1,0.000,0.030,67816,78143,68.0,0.720,34.000,600.0,2400.0,1200.0,100.0,0.0,0.0,0.0,0.0,0.0,0.0,0.0,0.0,0,0,16.0,93,いいえ,いいえ,いいえ,80.2,72.0,94.0,84.0,1.020,12.113,12.093,12.116,12.150,12.091,2190,2195,219.056,96.215,177.541,23.509,28.860,189.556,11.740,40.574,162.291,135.646,220.000,220.000,2640.0,1312.7,2100.0,2578.4,2130.0,2608.6,1311.0,2080.2,100.0,43.0,3.0,8.0,20.1,20.9,80.5,0.0,3.1,0.0,56,56,はい,はい,いいえ,いいえ,いいえ,いいえ,いいえ,99.1,100.4,1,0,0,0,0,0,0,0,0,20,0,0,0,0,0,0,0,0,0,0,0,0,0,0,0,0,0,0,0,0,9809,2473,2197,255,16.0,135.6,176.6,108.4,100.2,101.7,135.7,142.3,129.0,128.0,128.3,127.9,7.38,9.26,5.68,5.10,9.93,7.37,0.00,7.21,0.17,0.37,0,0,0.0,0.0,44356,39652,9.0,784.3,0,99.7,10.19,0.0,
19.7.2026,1:21:7.282,15693,18218,46.2,10956,20906,34.3,2.5,2048,51,1.197,1.225,1.230,1.230,1.165,1.165,1.165,4887.0,4941.1,4941.1,4841.3,4866.2,4866.2,4866.2,99.8,2730.0,3570.2,2702.1,3059.5,2867.3,2875.1,2880.9,2544.1,2609.2,2425.2,2281.3,2530.6,2414.1,2730.0,57.1,66.7,54.5,63.2,58.6,60.3,60.3,55.2,56.2,53.0,50.0,54.9,52.2,66.7,57.1,71.1,86.4,71.1,80.6,75.5,75.8,75.9,67.0,68.5,63.3,59.5,66.7,63.4,71.1,49.0,49.5,49.5,48.5,48.8,48.8,48.8,0.0,65.7,73.2,69.8,68.2,63.2,58.5,61.6,34.3,26.8,30.2,31.8,36.8,41.5,38.4,0.0,0.0,0.0,0.0,0.0,0.0,0.0,2395.7,24.00,40,39,39,77,116,708,1,87.6,84.9,86.2,81.3,78.4,83.2,84.3,82.9,77.0,81.9,68.5,68.5,73.2,66.3,47.5,46.6,49.0,1.195,1.015,1.100,33.474,8.804,33.490,56.000,6.198,62.741,6.063,6.244,6.478,6.340,6.009,5.435,5.875,40.272,8.934,56.024,61.335,1996.4,2395.7,4909.2,4909.2,4952.1,69.7,44.7,37.3,69.7,99.9,いいえ,いいえ,いいえ,7.455,1.242,3.9,46.0,87.4,40.0,87.0,1.216,12.038,3.440,3.296,5.016,1.064,0.976,3.440,3.344,1.808,1.024,1.120,1.032,1.792,1.096,0.648,1.824,0.264,2061,いいえ,61.9,46.8,1.095,1.110,1.815,1.800,0.990,5.040,0.625,いいえ,いいえ,いいえ,44.0,1.095,1.110,1.815,1.800,0.990,5.040,0.875,いいえ,いいえ,いいえ,37,37,いいえ,はい,15390,14039,128,128,34,100.0,いいえ,いいえ,3868,2528,9990,42,44,52,100.0,100.0,いいえ,いいえ,7032,7745,0.0,0.1,0.1,0.000,0.012,1392,2689,0.0,0.0,0.0,0.000,0.000,181182,133153,0.0,0.0,0.0,0.000,0.075,67816,78143,68.3,0.720,17.000,600.0,2400.0,1200.0,100.0,0.0,0.0,0.0,0.0,0.0,0.0,0.0,0.0,0,0,16.0,93,いいえ,いいえ,いいえ,80.3,72.0,94.1,84.0,1.045,12.120,12.098,12.128,12.159,12.096,2195,2200,215.678,93.247,175.149,21.945,27.663,186.348,10.971,38.600,144.658,140.638,220.000,220.000,2685.0,1312.7,2100.0,2610.1,2160.0,2685.6,1311.2,2160.1,100.0,40.0,3.0,7.0,20.1,21.1,81.6,0.0,3.0,0.0,56,56,はい,はい,いいえ,いいえ,いいえ,いいえ,いいえ,97.2,98.0,1,0,0,0,0,0,0,0,0,20,0,0,0,0,0,0,0,0,0,0,0,0,0,0,0,0,0,0,0,0,9809,2473,2197,255,16.0,143.1,166.1,129.1,117.1,121.8,143.1,146.7,136.2,134.9,135.2,134.7,6.99,7.74,6.03,5.24,8.21,6.99,0.00,6.82,0.17,0.33,0,0,0.0,0.0,44356,39653,9.1,791.1,0,115.4,8.66,0.0,
19.7.2026,1:21:9.290,15684,18227,46.2,10958,20905,34.3,2.5,2048,51,1.221,1.250,1.215,1.215,1.215,1.215,1.215,3847.2,4966.0,4941.1,3294.1,3294.1,3294.1,3294.1,99.8,2390.6,3524.3,2388.0,2618.1,2435.7,2451.5,2444.8,2188.9,2224.9,2043.3,2026.1,2221.4,2120.2,2390.6,50.0,67.0,48.1,54.7,50.3,51.5,51.6,47.1,48.3,44.8,44.4,47.6,45.2,67.0,50.0,62.3,86.7,62.8,69.0,64.1,64.6,64.4,57.7,58.6,53.3,52.8,58.4,55.7,62.3,38.5,49.8,49.5,33.0,33.0,33.0,33.0,0.0,58.4,72.2,60.0,59.0,54.5,51.0,53.7,41.6,27.8,40.0,41.0,45.5,49.0,46.3,0.0,0.0,0.0,0.0,0.0,0.0,0.0,2395.7,24.00,40,39,39,77,116,708,1,86.8,83.1,82.9,79.8,78.7,81.0,82.1,80.9,75.9,80.2,68.5,68.5,73.2,66.4,47.7,46.8,49.0,1.202,1.015,1.100,31.570,8.803,31.579,57.500,6.210,60.592,5.595,6.296,5.836,5.705,5.412,4.946,5.372,38.169,8.934,53.933,59.201,1996.4,2395.7,4918.5,4918.5,4976.2,67.3,42.1,38.3,67.3,97.8,いいえ,いいえ,いいえ,6.728,1.127,3.5,46.0,86.1,40.0,86.0,1.224,12.038,3.440,3.296,5.016,1.064,0.976,3.440,3.344,1.808,1.024,1.120,1.032,1.792,1.096,0.640,1.824,0.264,2067,いいえ,61.9,47.0,1.095,1.110,1.815,1.800,0.990,5.040,0.875,いいえ,いいえ,いいえ,44.0,1.095,1.110,1.815,1.800,0.990,5.040,0.500,いいえ,いいえ,いいえ,37,37,いいえ,はい,15390,14039,128,128,34,100.0,いいえ,いいえ,3868,2528,9990,42,44,52,100.0,100.0,いいえ,いいえ,7032,7745,0.0,0.0,0.0,0.000,0.000,1392,2689,0.0,0.0,0.0,0.000,0.000,181182,133153,0.0,0.1,0.1,0.000,0.012,67816,78143,68.5,0.720,21.000,600.0,2400.0,1200.0,100.0,0.0,0.0,0.0,0.0,0.0,0.0,0.0,0.0,0,0,16.0,93,いいえ,いいえ,いいえ,79.3,72.0,92.4,84.0,1.045,12.123,12.101,12.130,12.162,12.100,2195,2195,213.873,78.805,174.525,21.588,27.426,185.562,10.793,38.201,31.910,140.438,220.000,220.000,2670.0,1312.7,2100.0,2593.0,2145.0,2456.1,1311.5,2020.2,100.0,39.0,3.0,7.0,20.1,20.1,77.5,0.0,3.1,0.0,56,56,はい,はい,いいえ,いいえ,いいえ,いいえ,いいえ,96.2,96.3,1,0,0,0,0,0,0,0,0,20,0,0,0,0,0,0,0,0,0,0,0,0,0,0,0,0,0,0,0,0,9809,2473,2197,255,16.0,121.2,146.8,99.3,98.7,98.9,121.1,124.9,114.8,112.5,113.4,112.2,8.25,10.07,6.81,6.17,10.13,8.26,0.00,8.08,0.17,0.36,0,0,0.0,0.0,44356,39655,9.4,746.5,0,98.7,10.16,0.0,
19.7.2026,1:21:11.282,15685,18226,46.2,10957,20906,34.3,2.5,2048,51,1.230,1.210,1.230,1.235,1.235,1.235,1.235,4857.9,4941.1,4941.1,4816.3,4816.3,4816.3,4816.3,99.8,2252.5,3198.3,2263.2,2474.3,2323.8,2389.1,2310.0,2134.2,2088.7,1896.8,1892.6,2043.4,2015.6,2252.5,47.2,59.3,45.1,51.3,47.2,50.6,48.5,46.2,44.8,42.6,42.5,44.4,43.7,59.3,47.2,58.4,77.2,59.2,65.2,60.6,62.6,60.6,55.8,54.5,49.6,49.4,53.4,52.6,58.4,48.7,49.5,49.5,48.2,48.2,48.2,48.2,0.0,55.3,65.5,57.5,57.6,52.4,48.0,50.6,44.7,34.5,42.5,42.4,47.6,52.0,49.4,0.0,0.0,0.0,0.0,0.0,0.0,0.0,2395.7,24.00,40,39,39,77,116,708,1,86.2,81.7,85.4,78.6,76.9,79.9,80.9,79.7,74.9,79.0,68.3,68.3,72.8,66.6,47.8,46.9,49.0,1.199,1.015,1.100,29.988,8.939,29.959,57.000,6.208,58.570,5.309,5.697,5.629,5.501,5.202,4.699,5.126,36.251,9.071,52.151,57.354,1996.4,2395.7,4918.3,4918.3,4993.5,65.2,39.9,38.0,65.2,96.1,いいえ,いいえ,いいえ,6.343,1.039,3.3,46.0,87.0,40.0,87.0,1.216,12.038,3.440,3.296,4.992,1.064,0.976,3.440,3.344,1.808,1.024,1.120,1.032,1.792,1.096,0.640,1.824,0.264,2073,いいえ,61.9,47.0,1.095,1.110,1.815,1.800,0.990,5.040,0.500,いいえ,いいえ,いいえ,44.0,1.095,1.110,1.815,1.800,1.005,5.040,0.625,いいえ,いいえ,いいえ,37,37,いいえ,はい,15390,14039,128,128,34,100.0,いいえ,いいえ,3868,2528,9990,42,44,53,100.0,100.0,いいえ,いいえ,7032,7745,0.0,0.1,0.1,0.000,0.006,1392,2689,0.0,0.0,0.0,0.000,0.000,181182,133153,0.0,0.0,0.0,0.000,0.008,67816,78143,68.6,0.720,31.000,600.0,2400.0,1200.0,100.0,0.0,0.0,0.0,0.0,0.0,0.0,0.0,0.0,0,0,16.0,93,いいえ,いいえ,いいえ,80.0,72.0,93.6,84.0,1.020,12.123,12.104,12.126,12.162,12.103,2191,2200,215.466,93.567,174.948,22.779,28.314,186.655,11.401,39.689,147.312,137.441,220.000,220.000,2625.0,1312.7,2100.0,2537.8,2130.0,2378.2,1310.7,2044.9,100.0,42.0,3.0,8.0,20.1,20.1,77.3,0.0,3.1,0.0,56,56,はい,はい,いいえ,いいえ,いいえ,いいえ,いいえ,97.6,97.3,1,0,0,0,0,0,0,0,0,20,0,0,0,0,0,0,0,0,0,0,0,0,0,0,0,0,0,0,0,0,9809,2473,2197,255,16.0,120.1,145.4,101.9,100.8,101.2,120.5,136.1,107.8,107.3,107.5,107.2,8.32,9.83,6.89,6.81,9.89,8.30,0.00,8.16,0.16,0.37,0,0,0.0,0.0,44356,39656,9.6,696.3,0,100.6,9.95,0.0,
19.7.2026,1:21:13.288,15529,18382,45.7,10867,20996,34.1,2.5,2048,51,1.195,1.170,1.200,1.200,1.200,1.200,1.200,4799.7,4841.3,4791.4,4791.4,4791.4,4791.4,4791.4,99.8,2588.3,3481.1,2548.4,2913.5,2688.5,2774.9,2683.7,2432.7,2397.3,2203.3,2223.8,2357.0,2355.5,2588.3,54.1,65.2,51.6,60.4,54.9,58.5,56.4,52.4,51.6,48.4,49.0,51.1,50.2,65.2,54.1,67.3,84.9,67.1,76.8,70.2,73.1,70.7,63.5,62.5,57.5,58.2,62.1,61.3,67.3,48.1,48.5,48.0,48.0,48.0,48.0,48.0,0.0,63.0,71.4,67.1,65.5,60.0,55.5,58.8,37.0,28.6,32.9,34.5,40.0,44.5,41.2,0.0,0.0,0.0,0.0,0.0,0.0,0.0,2395.7,24.00,40,39,39,77,116,708,1,87.4,84.4,79.1,80.9,78.3,82.7,83.8,82.3,76.8,81.5,68.8,68.8,74.0,67.3,47.9,47.0,49.0,1.198,1.015,1.100,32.460,8.853,32.458,55.000,6.217,61.603,5.866,6.041,6.313,6.113,5.789,5.241,5.697,39.103,8.984,54.925,60.207,1996.4,2395.7,4912.5,4912.5,4963.0,68.4,43.3,36.7,68.4,99.3,いいえ,いいえ,いいえ,7.161,1.252,3.8,46.0,87.5,40.0,87.0,1.208,12.091,3.440,3.296,5.016,1.064,0.968,3.440,3.344,1.808,1.024,1.120,1.032,1.792,1.096,0.640,1.824,0.264,2070,いいえ,61.9,47.0,1.095,1.110,1.815,1.800,0.990,4.970,0.875,いいえ,いいえ,いいえ,44.0,1.095,1.110,1.815,1.800,0.990,4.970,1.000,いいえ,いいえ,いいえ,37,37,いいえ,はい,15390,14039,128,128,34,100.0,いいえ,いいえ,3868,2528,9990,42,44,52,100.0,100.0,いいえ,いいえ,7032,7745,0.0,0.0,0.0,0.000,0.004,1392,2689,0.0,0.0,0.0,0.000,0.000,181182,133153,0.0,0.1,0.1,0.016,0.057,67816,78143,68.8,0.720,19.000,600.0,2400.0,1200.0,100.0,0.0,0.0,0.0,0.0,0.0,0.0,0.0,0.0,0,0,16.0,93,いいえ,いいえ,いいえ,79.7,72.0,93.9,84.0,1.000,12.118,12.097,12.122,12.156,12.099,2195,2195,215.346,79.086,173.487,21.943,27.687,184.771,10.973,38.639,40.266,134.925,220.000,220.000,2610.0,1312.7,2085.0,2547.6,2100.0,2553.5,1311.9,2098.0,100.0,40.0,3.0,8.0,20.1,21.6,83.4,0.0,3.0,0.0,56,56,はい,はい,いいえ,いいえ,いいえ,いいえ,いいえ,96.4,96.4,1,0,0,0,0,0,0,0,0,20,0,0,0,0,0,0,0,0,0,0,0,0,0,0,0,0,0,0,0,0,9809,2473,2197,255,16.0,129.0,158.6,113.7,108.6,110.7,129.0,132.9,123.8,123.2,123.5,123.2,7.75,8.87,6.30,5.41,9.07,7.75,0.00,7.58,0.17,0.45,0,0,0.0,0.0,44356,39657,9.1,564.8,0,107.9,9.24,0.0,
19.7.2026,1:21:15.281,15521,18390,45.7,10866,20997,34.1,2.5,2048,51,1.162,1.245,1.145,1.145,1.145,1.145,1.145,3772.4,4966.0,3593.5,3593.5,3593.5,3593.5,3294.1,99.8,2460.9,3374.3,2438.9,2753.3,2594.5,2613.5,2572.1,2331.2,2323.1,2041.3,2087.5,2194.0,2206.7,2460.9,51.1,63.1,48.6,56.8,53.1,54.6,53.7,49.8,49.5,44.7,45.6,47.3,46.7,63.1,51.1,64.0,81.8,63.8,72.5,68.2,68.9,67.8,60.9,60.6,53.3,54.6,57.8,57.3,64.0,37.8,49.8,36.0,36.0,36.0,36.0,33.0,0.0,60.0,69.2,64.1,62.7,57.7,51.6,55.0,40.0,30.8,35.9,37.3,42.3,48.4,45.0,0.0,0.0,0.0,0.0,0.0,0.0,0.0,2395.7,24.00,40,39,39,77,116,708,1,87.2,83.9,87.4,80.4,78.1,82.1,83.3,81.9,76.4,80.9,68.9,68.9,73.5,66.9,47.9,47.0,49.0,1.198,1.015,1.100,31.751,8.872,31.778,56.500,6.218,60.778,5.665,5.884,6.056,5.920,5.617,5.037,5.475,38.281,9.004,54.125,59.427,1996.4,2395.7,4913.3,4913.3,4973.0,67.5,42.4,37.7,67.5,98.8,いいえ,いいえ,いいえ,6.902,1.141,3.6,47.0,87.2,40.0,87.0,1.216,12.038,3.456,3.296,5.016,1.072,0.968,3.440,3.344,1.808,1.024,1.120,1.032,1.792,1.096,0.640,1.824,0.264,2073,いいえ,61.9,47.2,1.095,1.110,1.815,1.800,0.990,4.970,1.125,いいえ,いいえ,いいえ,44.2,1.095,1.110,1.815,1.800,0.990,4.970,1.125,いいえ,いいえ,いいえ,37,37,いいえ,はい,15390,14039,128,128,34,100.0,いいえ,いいえ,3868,2528,9990,43,45,53,100.0,100.0,いいえ,いいえ,7032,7745,0.0,0.0,0.0,0.000,0.004,1392,2689,0.0,0.0,0.0,0.000,0.000,181182,133153,0.0,0.0,0.0,0.000,0.006,67816,78143,69.0,0.720,14.000,600.0,2400.0,1200.0,100.0,0.0,0.0,0.0,0.0,0.0,0.0,0.0,0.0,0,0,16.0,93,いいえ,いいえ,いいえ,79.5,72.0,93.4,84.0,1.000,12.122,12.100,12.125,12.160,12.102,2195,2200,214.612,85.415,174.260,23.183,28.590,186.164,11.593,40.163,84.279,135.089,220.000,220.000,2610.0,1312.7,2085.0,2529.8,2100.0,2537.7,1311.5,2082.7,100.0,42.0,2.0,7.0,20.1,21.4,82.4,0.0,3.1,0.0,56,56,はい,はい,いいえ,いいえ,いいえ,いいえ,いいえ,97.5,97.2,1,0,0,0,0,0,0,0,0,20,0,0,0,0,0,0,0,0,0,0,0,0,0,0,0,0,0,0,0,0,9809,2473,2197,255,16.0,122.8,159.8,98.2,95.6,96.4,122.6,125.7,118.0,117.8,117.8,117.8,8.15,10.19,6.24,6.04,10.38,8.16,0.00,7.98,0.17,0.44,0,0,0.0,0.0,44356,39658,9.4,546.8,0,95.3,10.49,0.0,
19.7.2026,1:21:17.283,15558,18353,45.8,10865,20998,34.1,2.5,2048,51,1.217,1.225,1.215,1.215,1.215,1.215,1.215,4878.7,4941.1,4866.2,4866.2,4866.2,4866.2,4866.2,99.8,2472.9,3425.3,2520.0,2728.0,2568.6,2586.0,2546.7,2338.6,2282.9,2082.0,2126.6,2235.7,2234.6,2472.9,51.6,63.4,50.3,56.4,52.8,54.2,53.7,50.2,49.3,46.0,46.6,48.5,47.5,63.4,51.6,64.2,82.5,65.8,71.8,67.5,68.1,67.1,61.1,59.9,54.5,55.4,58.9,58.1,64.2,48.9,49.5,48.8,48.8,48.8,48.8,48.8,0.0,60.3,70.2,63.1,62.2,57.2,53.0,55.9,39.7,29.8,36.9,37.8,42.8,47.0,44.1,0.0,0.0,0.0,0.0,0.0,0.0,0.0,2395.7,24.00,40,39,39,77,116,708,1,87.4,84.0,87.9,80.6,78.4,82.1,83.3,81.8,76.6,81.1,69.0,69.0,73.5,67.2,47.9,47.0,49.0,1.201,1.015,1.100,31.987,8.840,31.966,57.000,6.194,61.011,5.723,6.005,6.109,5.949,5.607,5.095,5.574,38.660,8.970,54.444,59.692,1996.4,2395.7,4917.8,4917.8,4975.5,67.8,42.6,38.0,67.8,98.8,いいえ,いいえ,いいえ,6.965,1.148,3.6,47.0,87.4,40.0,87.0,1.224,12.038,3.440,3.296,5.016,1.064,0.968,3.440,3.344,1.808,1.024,1.120,1.032,1.792,1.096,0.640,1.824,0.264,2073,いいえ,61.9,47.2,1.095,1.110,1.815,1.800,0.990,4.970,1.125,いいえ,いいえ,いいえ,44.2,1.095,1.110,1.815,1.800,0.990,4.970,0.500,いいえ,いいえ,いいえ,37,37,いいえ,はい,15390,14039,128,128,34,100.0,いいえ,いいえ,3868,2528,9990,43,45,53,100.0,100.0,いいえ,いいえ,7032,7745,0.0,0.1,0.1,0.000,0.010,1392,2689,0.0,0.0,0.0,0.000,0.000,181182,133153,0.0,0.4,0.4,0.000,0.425,67816,78144,69.1,0.720,45.000,600.0,2400.0,1200.0,100.0,0.0,0.0,0.0,0.0,0.0,0.0,0.0,0.0,0,0,16.0,93,いいえ,いいえ,いいえ,80.1,72.0,94.4,84.0,1.000,12.119,12.098,12.122,12.158,12.099,2195,2200,214.481,87.052,175.295,23.155,28.572,187.179,11.579,40.132,92.544,137.958,220.000,220.000,2610.0,1312.7,2085.0,2534.4,2100.0,2559.5,1311.0,2095.2,100.0,43.0,3.0,7.0,20.1,20.8,80.2,0.0,3.0,0.0,56,56,はい,はい,いいえ,いいえ,いいえ,いいえ,いいえ,97.9,96.2,1,0,0,0,0,0,0,0,0,20,0,0,0,0,0,0,0,0,0,0,0,0,0,0,0,0,0,0,0,0,9809,2473,2197,255,16.0,137.1,166.5,119.3,109.7,113.3,137.2,141.9,128.9,127.8,128.2,127.7,7.29,8.40,6.01,5.52,8.75,7.29,0.00,7.13,0.17,0.37,0,0,0.0,0.0,44356,39659,9.7,616.9,0,108.5,9.05,0.0,
19.7.2026,1:21:19.278,15521,18390,45.7,10865,20998,34.1,2.5,2048,51,1.247,1.235,1.250,1.250,1.250,1.250,1.250,4878.7,4941.1,4866.2,4866.2,4866.2,4866.2,4866.2,99.8,2389.9,3312.7,2401.7,2623.1,2480.2,2398.0,2488.7,2201.8,2278.1,2041.9,2076.2,2177.0,2199.7,2389.9,50.4,62.5,48.5,54.4,51.1,50.7,52.9,47.9,49.9,45.8,46.2,47.8,47.4,62.5,50.4,62.2,81.0,63.2,69.1,65.3,63.2,65.6,57.5,60.0,53.4,54.1,57.4,57.2,62.2,48.9,49.5,48.8,48.8,48.8,48.8,48.8,0.0,57.9,67.8,60.2,58.8,54.9,51.6,54.2,42.1,32.2,39.8,41.2,45.1,48.4,45.8,0.0,0.0,0.0,0.0,0.0,0.0,0.0,2395.7,24.00,40,39,39,77,116,708,1,87.1,84.0,87.2,80.6,78.5,82.2,83.2,82.0,76.8,81.2,69.3,69.3,73.8,67.4,47.9,47.0,49.0,1.207,1.015,1.100,31.639,8.827,31.642,58.000,6.172,60.783,5.667,5.975,6.038,5.869,5.557,5.076,5.489,38.384,8.958,54.131,59.395,1996.4,2395.7,4923.2,4923.2,4986.5,67.5,42.2,38.7,67.5,98.8,いいえ,いいえ,いいえ,6.720,1.118,3.5,47.0,86.2,40.0,86.0,1.208,12.038,3.440,3.296,5.016,1.064,0.968,3.440,3.344,1.808,1.024,1.120,1.032,1.792,1.096,0.640,1.824,0.264,2057,いいえ,61.9,47.2,1.095,1.110,1.800,1.800,0.990,4.970,1.250,いいえ,いいえ,いいえ,44.2,1.095,1.110,1.800,1.800,0.990,4.970,0.625,いいえ,いいえ,いいえ,37,37,いいえ,はい,15390,14039,128,128,34,100.0,いいえ,いいえ,3868,2528,9990,43,45,53,100.0,100.0,いいえ,いいえ,7032,7745,0.0,0.0,0.0,0.000,0.004,1392,2689,0.0,0.0,0.0,0.000,0.000,181182,133153,0.0,0.0,0.0,0.000,0.020,67816,78144,69.3,0.720,23.000,600.0,2400.0,1200.0,100.0,0.0,0.0,0.0,0.0,0.0,0.0,0.0,0.0,0,0,16.0,93,いいえ,いいえ,いいえ,80.7,72.0,95.6,84.0,1.000,12.118,12.096,12.125,12.155,12.098,2195,2200,216.278,96.231,176.978,20.975,26.893,187.787,10.489,37.371,174.788,134.565,220.000,220.000,2610.0,1312.7,2085.0,2544.9,2100.0,2551.7,1311.7,2085.3,100.0,36.0,3.0,7.0,20.1,21.8,84.2,0.0,3.0,0.0,56,56,はい,はい,いいえ,いいえ,いいえ,いいえ,いいえ,97.4,96.3,1,0,0,0,0,0,0,0,0,20,0,0,0,0,0,0,0,0,0,0,0,0,0,0,0,0,0,0,0,0,9809,2473,2197,255,16.0,139.1,170.0,121.2,118.6,119.5,138.9,144.2,130.0,128.8,129.3,128.6,7.19,8.21,5.87,5.42,8.37,7.20,0.00,7.03,0.16,0.33,0,0,0.0,0.0,44356,39660,9.6,606.3,0,118.2,8.45,0.0,
19.7.2026,1:21:21.276,15519,18392,45.7,10861,21002,34.0,2.5,2048,51,1.208,1.145,1.230,1.230,1.215,1.215,1.215,4595.9,3294.1,4916.1,4916.1,4816.3,4816.3,4816.3,99.8,2020.0,2928.8,2064.6,2183.4,2133.1,2024.6,2093.7,1825.2,1884.3,1709.3,1743.6,1816.9,1832.8,2020.0,42.7,55.5,41.4,45.2,43.1,42.7,44.5,40.1,41.3,39.1,39.6,40.0,40.0,55.5,42.7,52.4,71.9,53.9,57.3,55.0,52.9,54.9,47.8,49.3,44.8,45.6,47.6,47.8,52.4,46.0,33.0,49.2,49.2,48.2,48.2,48.2,0.0,49.1,60.1,50.7,50.0,45.0,43.4,44.9,50.9,39.9,49.3,50.0,55.0,56.6,55.1,0.0,0.0,0.0,0.0,0.0,0.0,0.0,2395.7,24.00,40,39,39,77,116,708,1,86.0,81.2,77.6,78.2,76.5,79.4,80.4,79.2,74.8,78.7,68.8,68.8,73.8,67.4,48.0,47.0,49.0,1.203,1.015,1.100,28.690,8.775,28.691,55.000,6.149,56.914,4.979,5.351,5.340,5.178,4.802,4.406,4.800,34.781,8.905,50.450,55.668,1996.4,2395.7,4931.2,4931.2,5012.7,63.3,38.3,36.7,63.3,95.5,いいえ,いいえ,いいえ,5.898,0.957,2.9,47.0,85.9,40.0,85.0,1.200,12.091,3.440,3.296,5.016,1.064,0.968,3.440,3.344,1.808,1.024,1.120,1.032,1.792,1.096,0.640,1.824,0.264,2061,いいえ,61.9,47.2,1.095,1.110,1.800,1.800,0.990,4.970,0.375,いいえ,いいえ,いいえ,44.2,1.095,1.110,1.800,1.800,0.990,4.970,0.625,いいえ,いいえ,いいえ,37,37,いいえ,はい,15390,14039,128,128,34,100.0,いいえ,いいえ,3868,2528,9990,43,45,53,100.0,100.0,いいえ,いいえ,7032,7745,0.0,0.0,0.0,0.000,0.002,1392,2689,0.0,0.0,0.0,0.000,0.000,181182,133153,0.0,0.1,0.1,0.000,0.032,67816,78144,69.3,0.720,37.000,600.0,2400.0,1200.0,100.0,0.0,0.0,0.0,0.0,0.0,0.0,0.0,0.0,0,0,16.0,93,いいえ,いいえ,いいえ,80.5,72.0,94.5,84.0,1.020,12.116,12.093,12.125,12.153,12.095,2195,2195,215.721,80.107,179.310,20.849,26.797,190.019,10.426,37.205,33.071,143.183,220.000,220.000,2640.0,1312.7,2100.0,2560.8,2130.0,2575.9,1310.8,2129.8,100.0,36.0,3.0,7.0,20.1,20.7,79.8,0.0,3.0,0.0,56,56,はい,はい,いいえ,いいえ,いいえ,いいえ,いいえ,98.4,100.5,1,0,0,0,0,0,0,0,0,20,0,0,0,0,0,0,0,0,0,0,0,0,0,0,0,0,0,0,0,0,9809,2473,2197,255,16.0,114.1,126.3,99.9,96.3,97.7,114.3,118.9,108.7,108.5,108.6,108.5,8.76,10.01,7.91,7.82,10.23,8.75,0.00,8.60,0.16,0.37,0,0,0.0,0.0,44356,39662,9.1,622.1,0,95.9,10.43,0.0,
19.7.2026,1:21:23.303,15523,18387,45.7,10865,20998,34.0,2.5,2048,51,1.198,1.195,1.235,1.190,1.190,1.190,1.190,4833.0,4941.1,4891.2,4791.4,4791.4,4791.4,4791.4,99.8,2138.0,3047.1,2096.0,2342.4,2311.0,2208.0,2257.5,1934.6,2033.8,1801.6,1785.5,1915.5,1923.3,2138.0,44.4,57.7,41.6,47.9,46.3,45.8,47.1,41.5,43.4,40.0,39.4,41.3,41.1,57.7,44.4,55.4,75.2,54.5,61.3,59.6,57.6,59.1,50.6,53.0,47.1,46.5,50.1,50.1,55.4,48.4,49.5,49.0,48.0,48.0,48.0,48.0,0.0,52.5,62.6,55.6,54.3,49.1,45.4,47.9,47.5,37.4,44.4,45.7,50.9,54.6,52.1,0.0,0.0,0.0,0.0,0.0,0.0,0.0,2395.7,24.00,40,39,39,77,116,708,1,85.8,81.8,78.1,78.6,77.0,80.1,80.9,79.6,75.1,79.0,68.8,68.8,73.8,67.3,48.0,47.0,49.0,1.196,1.015,1.100,29.131,8.836,29.129,57.500,6.176,57.362,5.097,5.412,5.512,5.297,4.938,4.522,4.899,35.098,8.968,50.860,56.082,1996.4,2395.7,4919.6,4919.6,4990.5,63.7,38.8,38.3,63.7,96.2,いいえ,いいえ,いいえ,6.078,0.984,3.1,47.0,85.5,40.0,85.0,1.200,12.091,3.440,3.296,5.016,1.064,0.968,3.440,3.344,1.808,1.024,1.120,1.032,1.792,1.096,0.632,1.824,0.264,2061,いいえ,61.9,47.5,1.095,1.110,1.800,1.800,1.005,4.970,0.625,いいえ,いいえ,いいえ,44.5,1.095,1.110,1.800,1.800,1.005,4.970,0.375,いいえ,いいえ,いいえ,37,37,いいえ,はい,15390,14039,128,128,34,100.0,いいえ,いいえ,3868,2528,9990,43,45,53,100.0,100.0,いいえ,いいえ,7032,7745,0.0,0.1,0.1,0.000,0.010,1392,2689,0.0,0.0,0.0,0.000,0.000,181182,133153,0.0,0.0,0.1,0.032,0.014,67816,78144,69.3,0.720,17.000,600.0,2400.0,1200.0,100.0,0.0,0.0,0.0,0.0,0.0,0.0,0.0,0.0,0,0,16.0,93,いいえ,いいえ,いいえ,80.6,72.0,94.6,84.0,1.020,12.119,12.095,12.126,12.157,12.096,2195,2200,216.073,100.840,175.828,21.263,27.102,186.731,10.632,37.718,209.168,138.281,220.000,220.000,2640.0,1312.7,2100.0,2568.0,2130.0,2614.5,1311.8,2110.7,100.0,37.0,3.0,7.0,20.1,21.1,81.3,0.0,3.0,0.0,56,56,はい,はい,いいえ,いいえ,いいえ,いいえ,いいえ,97.1,97.7,1,0,0,0,0,0,0,0,0,20,0,0,0,0,0,0,0,0,0,0,0,0,0,0,0,0,0,0,0,0,9809,2473,2197,255,16.0,106.9,131.2,90.4,86.9,88.4,106.7,112.3,100.8,99.0,99.8,98.8,9.36,11.04,7.62,7.54,11.30,9.37,0.00,9.19,0.16,0.36,0,0,0.0,0.0,44356,39663,9.3,622.3,0,86.6,11.55,0.0,
19.7.2026,1:21:25.295,15519,18392,45.7,10864,20999,34.0,2.5,2048,51,1.228,1.205,1.245,1.245,1.245,1.215,1.215,4895.3,4941.1,4916.1,4916.1,4916.1,4841.3,4841.3,99.8,2112.6,2968.6,2039.9,2370.1,2266.8,2215.3,2282.0,1916.8,2028.5,1783.3,1724.0,1921.4,1834.3,2112.6,44.3,56.1,40.9,49.0,45.9,46.4,48.0,41.6,43.7,39.9,38.7,41.6,39.6,56.1,44.3,54.6,72.4,52.9,62.0,58.4,57.8,59.6,50.0,52.8,46.5,45.0,50.1,47.7,54.6,49.0,49.5,49.2,49.2,49.2,48.5,48.5,0.0,52.4,61.2,56.5,55.4,49.6,44.8,47.1,47.6,38.8,43.5,44.6,50.4,55.2,52.9,0.0,0.0,0.0,0.0,0.0,0.0,0.0,2395.7,24.00,40,39,39,77,116,708,1,85.8,81.6,78.6,78.4,76.5,79.9,80.9,79.4,74.8,78.7,68.9,68.9,74.2,67.5,48.0,47.0,49.0,1.195,1.015,1.100,28.736,8.868,28.742,56.500,6.201,56.873,5.034,5.284,5.458,5.288,4.905,4.445,4.824,34.570,9.000,50.390,55.622,1996.4,2395.7,4920.2,4920.2,4993.4,63.2,38.3,37.7,63.2,96.0,いいえ,いいえ,いいえ,6.094,0.973,3.1,47.0,86.1,40.0,86.0,1.216,12.038,3.440,3.296,4.992,1.064,0.968,3.440,3.344,1.808,1.024,1.120,1.032,1.792,1.096,0.632,1.824,0.264,2057,いいえ,62.8,47.5,1.095,1.110,1.800,1.800,1.005,4.970,1.000,いいえ,いいえ,いいえ,44.5,1.095,1.110,1.800,1.800,1.005,4.970,1.000,いいえ,いいえ,いいえ,37,37,いいえ,はい,15390,14039,128,128,34,100.0,いいえ,いいえ,3868,2528,9990,43,45,53,100.0,100.0,いいえ,いいえ,7032,7745,0.0,0.1,0.1,0.000,0.006,1392,2689,0.0,0.0,0.0,0.000,0.000,181182,133153,0.0,0.1,0.1,0.000,0.073,67816,78144,69.3,0.720,23.000,600.0,2400.0,1200.0,100.0,0.0,0.0,0.0,0.0,0.0,0.0,0.0,0.0,0,0,16.0,93,いいえ,いいえ,いいえ,80.4,72.0,93.9,84.0,1.045,12.116,12.090,12.125,12.156,12.092,2199,2200,213.638,96.753,176.007,21.569,27.355,187.047,10.786,38.115,174.688,138.461,220.000,220.000,2685.0,1312.7,2100.0,2588.1,2160.0,2614.5,1311.4,2158.6,100.0,39.0,3.0,7.0,20.1,19.7,75.5,0.0,3.1,0.0,56,56,はい,はい,いいえ,いいえ,いいえ,いいえ,いいえ,97.3,98.6,1,0,0,0,0,0,0,0,0,20,0,0,0,0,0,0,0,0,0,0,0,0,0,0,0,0,0,0,0,0,9809,2473,2197,255,16.0,109.6,131.6,92.7,87.3,89.5,109.7,114.6,104.7,103.4,104.0,103.3,9.12,10.79,7.61,7.30,11.06,9.11,0.00,8.95,0.17,0.42,0,0,0.0,0.0,44356,39664,9.3,771.5,0,86.7,11.30,0.0,
19.7.2026,1:21:27.309,15520,18391,45.7,10866,20997,34.1,2.5,2048,51,1.152,1.240,1.135,1.135,1.135,1.135,1.135,4100.9,4941.1,4916.1,4916.1,3277.4,3277.4,3277.4,99.8,2291.1,3230.8,2230.4,2579.3,2403.4,2423.8,2374.8,2097.3,2168.3,1992.6,1873.6,2153.7,1964.9,2291.1,47.8,61.3,44.7,53.4,48.6,50.8,49.9,45.2,46.4,44.0,41.4,46.2,42.1,61.3,47.8,59.4,79.4,58.2,67.8,62.0,63.3,62.5,54.8,56.5,52.0,48.9,56.2,51.1,59.4,41.1,49.5,49.2,49.2,32.8,32.8,32.8,0.0,56.6,66.4,60.4,59.0,52.9,49.0,51.9,43.4,33.6,39.6,41.0,47.1,51.0,48.1,0.0,0.0,0.0,0.0,0.0,0.0,0.0,2395.7,24.00,40,39,39,77,116,708,1,86.5,83.3,85.4,79.9,77.9,81.5,82.6,81.1,76.0,80.4,69.3,69.3,74.2,67.6,48.0,47.0,49.0,1.199,1.015,1.100,30.514,8.921,30.522,57.000,6.197,59.211,5.413,5.677,5.827,5.657,5.295,4.772,5.249,36.798,9.053,52.667,57.932,1996.4,2395.7,4920.6,4920.6,4980.6,65.8,40.7,38.0,65.8,98.0,いいえ,いいえ,いいえ,6.648,1.069,3.4,47.0,86.8,40.0,86.0,1.200,12.038,3.440,3.296,5.016,1.064,0.968,3.440,3.344,1.808,1.024,1.120,1.032,1.792,1.096,0.632,1.824,0.264,2080,いいえ,62.8,47.5,1.110,1.110,1.800,1.800,1.005,4.970,0.500,いいえ,いいえ,いいえ,44.5,1.110,1.110,1.800,1.800,1.005,4.970,1.125,いいえ,いいえ,いいえ,37,37,いいえ,はい,15390,14039,128,128,34,100.0,いいえ,いいえ,3868,2528,9990,43,45,53,100.0,100.0,いいえ,いいえ,7032,7745,0.0,0.1,0.1,0.000,0.012,1392,2689,0.0,0.0,0.0,0.000,0.000,181182,133153,0.0,0.1,0.1,0.000,0.162,67816,78145,69.6,0.720,22.000,600.0,2400.0,1200.0,100.0,0.0,0.0,0.0,0.0,0.0,0.0,0.0,0.0,0,0,16.0,93,いいえ,いいえ,いいえ,80.6,72.0,94.2,84.0,1.045,12.120,12.096,12.127,12.159,12.097,2199,2200,213.642,92.208,174.098,21.967,27.687,185.319,10.985,38.646,138.950,140.011,220.000,220.000,2670.0,1312.7,2100.0,2602.3,2160.0,2667.0,1311.4,2141.4,100.0,40.0,3.0,8.0,20.0,21.3,82.1,0.0,3.0,0.0,56,56,はい,はい,いいえ,いいえ,いいえ,いいえ,いいえ,96.7,97.8,1,0,0,0,0,0,0,0,0,20,0,0,0,0,0,0,0,0,0,0,0,0,0,0,0,0,0,0,0,0,9829,2453,2177,255,16.0,117.7,139.7,107.1,101.8,104.0,117.7,121.4,112.1,111.3,111.6,111.2,8.50,9.33,7.16,6.83,9.61,8.49,0.00,8.33,0.17,0.33,0,0,0.0,0.0,44356,39666,142.7,800.8,0,101.1,9.89,0.0,
19.7.2026,1:21:29.318,15504,18407,45.7,10867,20996,34.1,2.5,2048,51,1.204,1.245,1.170,1.170,1.170,1.235,1.235,4234.9,4916.1,4966.0,4966.0,3972.8,3294.1,3294.1,99.8,2294.8,3414.2,2252.4,2530.5,2394.4,2405.3,2373.5,2128.1,2127.5,1930.8,1892.8,2096.3,1991.7,2294.8,47.7,64.4,45.4,52.2,48.0,50.3,49.9,45.6,45.3,42.3,41.5,44.7,42.4,64.4,47.7,59.5,83.3,59.3,66.7,61.7,62.8,62.5,55.6,55.4,50.4,49.4,54.7,51.8,59.5,42.4,49.2,49.8,49.8,39.8,33.0,33.0,0.0,56.6,70.3,59.3,58.2,52.4,48.1,51.1,43.4,29.7,40.7,41.8,47.6,51.9,48.9,0.0,0.0,0.0,0.0,0.0,0.0,0.0,2395.7,24.00,40,39,39,77,116,708,1,86.8,83.4,87.4,80.1,78.8,81.4,82.4,81.1,76.2,80.5,69.5,69.5,74.2,67.6,48.0,47.0,49.0,1.195,1.015,1.100,30.382,8.871,30.381,57.500,6.230,58.964,5.391,5.928,5.723,5.543,5.228,4.745,5.182,36.532,9.003,52.388,57.634,1996.4,2395.7,4912.9,4912.9,4968.7,65.5,40.5,38.3,65.5,98.1,いいえ,いいえ,いいえ,6.510,1.079,3.4,47.0,86.8,40.0,86.0,1.208,12.091,3.440,3.296,5.016,1.064,0.968,3.440,3.344,1.808,1.024,1.120,1.032,1.792,1.096,0.632,1.824,0.264,2083,いいえ,62.8,47.8,1.110,1.110,1.800,1.800,1.005,4.970,1.000,いいえ,いいえ,いいえ,44.5,1.110,1.110,1.800,1.800,1.005,4.970,0.250,いいえ,いいえ,いいえ,37,37,いいえ,はい,15390,14039,128,128,34,100.0,いいえ,いいえ,3868,2528,9990,43,45,53,100.0,100.0,いいえ,いいえ,7032,7745,0.0,0.0,0.0,0.000,0.002,1392,2689,0.0,0.0,0.0,0.000,0.000,181182,133153,0.0,0.0,0.0,0.000,0.075,67816,78145,69.7,0.720,56.000,600.0,2400.0,1200.0,100.0,0.0,0.0,0.0,0.0,0.0,0.0,0.0,0.0,0,0,16.0,93,いいえ,いいえ,いいえ,80.4,72.0,93.2,84.0,1.040,12.122,12.097,12.130,12.162,12.098,2199,2200,213.697,90.612,176.492,22.041,27.681,187.740,11.022,38.669,121.120,140.127,220.000,220.000,2670.0,1312.7,2100.0,2612.6,2145.0,2603.6,1311.4,2106.0,100.0,39.0,3.0,7.0,20.0,20.2,77.6,0.0,3.1,0.0,56,56,はい,はい,いいえ,いいえ,いいえ,いいえ,いいえ,97.8,97.1,1,0,0,0,0,0,0,0,0,20,0,0,0,0,0,0,0,0,0,0,0,0,0,0,0,0,0,0,0,0,9829,2453,2177,255,16.0,116.5,130.9,104.9,104.0,104.4,116.5,119.7,110.3,110.1,110.1,110.1,8.58,9.55,7.62,7.05,9.56,8.59,0.00,8.42,0.16,0.32,0,0,0.0,0.0,44356,39668,9.1,775.2,0,103.9,9.56,0.0,
19.7.2026,1:21:31.317,15510,18401,45.7,10866,20997,34.1,2.5,2048,51,1.127,1.180,1.160,1.105,1.105,1.105,1.105,4762.2,4766.4,4741.4,4766.4,4766.4,4766.4,4766.4,99.8,2276.1,3165.3,2239.8,2522.7,2405.0,2387.3,2311.9,2103.4,2142.4,1971.9,1905.1,2106.9,2051.7,2276.1,47.6,60.2,45.2,52.2,48.4,50.1,48.8,45.4,46.0,43.4,42.0,45.6,44.1,60.2,47.6,59.0,77.6,58.5,66.4,61.9,62.3,60.9,54.9,55.8,51.4,49.7,55.1,53.4,59.0,47.7,47.8,47.5,47.8,47.8,47.8,47.8,0.0,55.7,65.3,59.0,57.3,52.2,48.2,52.1,44.3,34.7,41.0,42.7,47.8,51.8,47.9,0.0,0.0,0.0,0.0,0.0,0.0,0.0,2395.7,24.00,40,39,39,77,116,708,1,87.0,83.3,88.8,80.0,78.0,81.6,82.5,81.2,76.4,80.6,69.6,69.6,74.8,67.9,48.0,47.0,49.1,1.197,1.015,1.100,30.176,9.017,30.163,57.000,6.200,58.845,5.372,5.615,5.792,5.575,5.244,4.783,5.223,36.342,9.150,52.312,57.542,1996.4,2395.7,4916.0,4916.0,4979.5,65.4,40.2,38.0,65.4,98.0,いいえ,いいえ,いいえ,6.514,1.057,3.3,47.0,87.6,40.0,87.0,1.200,12.038,3.440,3.296,4.992,1.064,0.968,3.440,3.344,1.808,1.024,1.120,1.032,1.792,1.096,0.632,1.824,0.264,2083,いいえ,62.8,47.8,1.110,1.110,1.800,1.800,1.005,4.970,1.125,いいえ,いいえ,いいえ,44.5,1.110,1.110,1.815,1.800,1.005,4.970,0.875,いいえ,いいえ,いいえ,37,37,いいえ,はい,15390,14039,128,128,34,100.0,いいえ,いいえ,3868,2528,9990,43,45,53,100.0,100.0,いいえ,いいえ,7032,7745,0.0,0.0,0.0,0.000,0.004,1392,2689,0.0,0.0,0.0,0.000,0.000,181182,133153,0.0,0.1,0.1,0.000,0.099,67816,78145,69.8,0.720,65.000,600.0,2400.0,1200.0,100.0,0.0,0.0,0.0,0.0,0.0,0.0,0.0,0.0,0,0,16.0,93,いいえ,いいえ,いいえ,80.5,72.0,94.6,84.0,1.000,12.110,12.089,12.113,12.147,12.091,2199,2200,215.368,78.692,175.183,23.066,28.564,187.009,11.535,40.072,32.122,131.990,220.000,220.000,2610.0,1312.7,2085.0,2570.9,2100.0,2600.2,1311.5,2090.4,100.0,42.0,3.0,8.0,20.0,20.8,80.2,0.0,3.0,0.0,56,56,はい,はい,いいえ,いいえ,いいえ,いいえ,いいえ,97.8,97.4,1,0,0,0,0,0,0,0,0,20,0,0,0,0,0,0,0,0,0,0,0,0,0,0,0,0,0,0,0,0,9829,2453,2177,255,16.0,121.0,143.1,104.7,99.1,101.4,121.1,128.6,116.2,115.0,115.5,114.9,8.27,9.61,6.97,6.68,9.89,8.26,0.00,8.11,0.16,0.38,0,0,0.0,0.0,44356,39669,9.2,697.0,0,98.4,10.16,0.0,
19.7.2026,1:21:33.325,15504,18407,45.7,10866,20997,34.1,2.5,2048,51,1.192,1.175,1.195,1.195,1.195,1.195,1.195,4791.4,4791.4,4791.4,4791.4,4791.4,4791.4,4791.4,99.8,2492.1,3405.0,2490.1,2667.3,2553.7,2587.5,2493.8,2361.1,2309.6,2183.2,2195.7,2363.6,2294.3,2492.1,51.8,65.2,50.2,54.8,52.0,53.8,51.9,50.5,49.2,47.4,47.6,50.3,48.7,65.2,51.8,65.0,84.4,65.6,70.3,67.3,67.6,65.7,61.8,60.3,57.2,57.4,61.8,59.9,65.0,48.0,48.0,48.0,48.0,48.0,48.0,48.0,0.0,59.0,69.7,60.6,59.9,55.4,52.3,55.9,41.0,30.3,39.4,40.1,44.6,47.7,44.1,0.0,0.0,0.0,0.0,0.0,0.0,0.0,2395.7,24.00,40,39,39,77,116,708,1,88.0,84.8,90.8,81.6,79.3,83.0,84.1,83.0,77.8,82.5,70.0,70.0,74.8,68.2,48.0,47.0,49.4,1.187,1.015,1.100,31.707,9.113,31.707,57.000,6.211,60.704,5.660,5.945,5.945,5.849,5.556,5.074,5.594,38.033,9.247,54.112,59.380,1996.4,2395.7,4889.0,4889.0,4955.7,67.5,42.3,38.0,67.5,99.8,いいえ,いいえ,いいえ,6.953,1.161,3.5,47.0,87.6,40.0,87.0,1.216,12.038,3.440,3.296,4.992,1.064,0.968,3.440,3.344,1.808,1.024,1.120,1.032,1.792,1.096,0.632,1.824,0.264,2083,いいえ,62.8,47.8,1.110,1.110,1.800,1.800,1.005,4.970,1.000,いいえ,いいえ,いいえ,44.8,1.110,1.110,1.800,1.800,1.005,4.970,0.625,いいえ,いいえ,いいえ,37,37,いいえ,はい,15390,14039,128,128,34,100.0,いいえ,いいえ,3868,2528,9990,43,45,54,100.0,100.0,いいえ,いいえ,7032,7745,0.0,0.1,0.1,0.000,0.006,1392,2689,0.0,0.0,0.0,0.000,0.000,181182,133153,0.0,0.0,0.0,0.000,0.041,67816,78145,70.0,0.720,27.000,600.0,2400.0,1200.0,100.0,0.0,0.0,0.0,0.0,0.0,0.0,0.0,0.0,0,0,16.0,93,いいえ,いいえ,いいえ,82.8,74.0,98.7,84.0,1.000,12.107,12.085,12.114,12.143,12.086,2199,2200,218.373,97.413,180.582,21.584,27.439,191.658,10.793,38.215,170.276,138.756,220.000,220.000,2595.0,1312.7,2085.0,2547.5,2085.0,2518.4,1311.0,2071.3,100.0,39.0,3.0,7.0,20.0,20.7,79.5,0.0,3.1,0.0,56,56,はい,はい,いいえ,いいえ,いいえ,いいえ,いいえ,99.5,101.3,1,0,0,0,0,0,0,0,0,20,0,0,0,0,0,0,0,0,0,0,0,0,0,0,0,0,0,0,0,0,9829,2453,2177,255,16.0,139.4,161.1,123.1,111.3,116.0,139.3,144.1,131.9,129.8,130.6,129.5,7.17,8.18,6.20,5.38,8.64,7.18,0.00,7.01,0.16,0.33,0,0,0.0,0.0,44356,39670,9.2,650.5,0,109.7,9.09,0.0,
19.7.2026,1:21:35.331,15505,18406,45.7,10866,20997,34.1,2.5,2048,51,1.184,1.090,1.235,1.195,1.195,1.195,1.195,4803.8,4766.4,4891.2,4791.4,4791.4,4791.4,4791.4,99.8,2193.2,3196.2,2230.0,2376.4,2281.7,2285.8,2207.9,2079.5,1993.9,1836.7,1843.2,2012.2,1975.3,2193.2,45.6,59.0,44.5,49.0,46.4,47.7,46.1,44.7,42.9,40.7,40.8,43.1,42.3,59.0,45.6,56.8,76.8,58.5,62.6,59.8,59.7,57.9,54.3,52.1,48.0,48.2,52.5,51.5,56.8,48.1,47.8,49.0,48.0,48.0,48.0,48.0,0.0,53.7,65.4,55.3,54.8,50.5,46.3,49.8,46.3,34.6,44.7,45.2,49.5,53.7,50.2,0.0,0.0,0.0,0.0,0.0,0.0,0.0,2395.7,24.00,40,39,39,77,116,708,1,87.1,83.1,82.0,80.0,78.3,81.3,82.3,81.1,76.3,80.6,69.9,69.9,74.8,68.1,48.0,47.0,49.7,1.193,1.015,1.100,29.564,9.165,29.567,55.500,6.215,58.309,5.232,5.623,5.497,5.416,5.111,4.627,5.117,35.615,9.300,51.751,56.996,1996.4,2395.7,4901.1,4901.1,4982.6,64.8,39.4,37.0,64.8,97.8,いいえ,いいえ,いいえ,6.390,1.026,3.2,47.0,86.9,40.0,86.0,1.224,12.038,3.440,3.296,4.992,1.064,0.960,3.440,3.344,1.808,1.024,1.120,1.032,1.792,1.096,0.632,1.824,0.264,2057,いいえ,62.8,47.8,1.110,1.110,1.800,1.800,0.990,4.970,0.625,いいえ,いいえ,いいえ,44.8,1.110,1.110,1.800,1.800,0.990,4.970,1.000,いいえ,いいえ,いいえ,37,37,いいえ,はい,15390,14039,128,128,34,100.0,いいえ,いいえ,3868,2528,9990,43,45,53,100.0,100.0,いいえ,いいえ,7032,7745,0.0,0.0,0.0,0.000,0.004,1392,2689,0.0,0.0,0.0,0.000,0.000,181182,133153,0.0,0.4,0.4,0.000,0.093,67816,78145,70.1,0.720,24.000,600.0,2400.0,1200.0,100.0,0.0,0.0,0.0,0.0,0.0,0.0,0.0,0.0,0,0,16.0,93,いいえ,いいえ,いいえ,81.7,74.0,97.0,84.0,1.000,12.110,12.088,12.118,12.146,12.089,2199,2205,219.295,95.244,181.020,21.445,27.254,192.036,10.711,37.947,150.141,141.394,220.000,220.000,2610.0,1312.7,2085.0,2547.3,2100.0,2562.3,1312.1,2067.5,100.0,38.0,3.0,7.0,20.0,19.5,74.8,0.0,3.0,0.0,57,57,はい,はい,いいえ,いいえ,いいえ,いいえ,いいえ,99.3,101.2,1,0,0,0,0,0,0,0,0,20,0,0,0,0,0,0,0,0,0,0,0,0,0,0,0,0,0,0,0,0,9829,2453,2177,255,16.0,112.9,125.9,100.9,99.2,99.9,113.0,118.0,108.6,108.6,108.6,108.6,8.86,9.91,7.92,7.69,10.01,8.85,0.00,8.70,0.16,0.35,0,0,0.0,0.0,44356,39671,9.1,656.0,0,99.1,10.10,0.0,
19.7.2026,1:21:37.323,15512,18399,45.7,10867,20996,34.1,2.5,2048,51,1.208,1.210,1.240,1.240,1.185,1.185,1.185,4866.2,4941.1,4866.2,4866.2,4841.3,4841.3,4841.3,99.8,2181.2,3161.2,2286.4,2359.7,2312.7,2236.9,2256.7,1996.0,2066.0,1781.4,1852.7,1899.3,1965.8,2181.2,45.6,56.8,45.9,49.1,47.1,47.3,47.7,43.4,44.8,40.1,41.4,41.5,42.6,56.8,45.6,56.2,73.7,59.7,62.2,60.0,58.4,58.9,52.1,53.9,46.5,48.3,49.6,51.1,56.2,48.8,49.5,48.8,48.8,48.5,48.5,48.5,0.0,53.8,64.7,56.2,55.3,50.9,46.7,49.2,46.2,35.3,43.8,44.7,49.1,53.3,50.8,0.0,0.0,0.0,0.0,0.0,0.0,0.0,2395.7,24.00,40,39,39,77,116,708,1,86.9,83.2,84.0,80.0,78.2,81.5,82.4,81.2,76.2,80.5,69.8,69.8,75.0,68.2,48.0,47.0,49.9,1.197,1.015,1.100,29.524,9.209,29.524,55.000,6.204,58.290,5.277,5.655,5.569,5.478,5.206,4.650,5.104,35.621,9.344,51.789,57.022,1996.4,2395.7,4907.8,4907.8,4988.8,64.8,39.4,36.7,64.8,97.9,いいえ,いいえ,いいえ,6.176,1.001,3.2,47.0,87.0,40.0,87.0,1.232,12.091,3.440,3.296,4.992,1.064,0.960,3.440,3.344,1.808,1.024,1.120,1.032,1.792,1.096,0.632,1.824,0.264,2061,いいえ,62.8,48.0,1.110,1.110,1.800,1.800,0.990,4.970,1.000,いいえ,いいえ,いいえ,44.8,1.110,1.110,1.800,1.800,0.990,5.040,0.500,いいえ,いいえ,いいえ,37,37,いいえ,はい,15390,14039,128,128,34,100.0,いいえ,いいえ,3868,2528,9990,43,45,53,100.0,100.0,いいえ,いいえ,7032,7745,0.0,0.1,0.1,0.000,0.014,1392,2689,0.0,0.0,0.0,0.000,0.000,181182,133153,0.0,0.2,0.2,0.000,0.643,67816,78146,70.1,0.720,37.000,600.0,2400.0,1200.0,100.0,0.0,0.0,0.0,0.0,0.0,0.0,0.0,0.0,0,0,16.0,93,いいえ,いいえ,いいえ,81.0,72.0,95.1,84.0,1.000,12.115,12.093,12.121,12.152,12.094,2204,2210,218.235,96.432,177.461,22.492,28.095,189.017,11.248,39.313,165.098,138.735,220.000,220.000,2610.0,1312.7,2085.0,2561.0,2100.0,2555.9,1311.9,2086.7,100.0,41.0,2.0,7.0,20.0,19.5,75.0,0.0,3.0,0.0,57,57,はい,はい,いいえ,いいえ,いいえ,いいえ,いいえ,98.7,100.6,1,0,0,0,0,0,0,0,0,20,0,0,0,0,0,0,0,0,0,0,0,0,0,0,0,0,0,0,0,0,9829,2453,2177,255,16.0,122.9,139.6,108.6,101.0,104.1,122.9,126.5,117.2,117.0,117.0,117.0,8.14,9.22,7.15,6.31,9.62,8.14,0.00,7.97,0.16,0.36,0,0,0.0,0.0,44356,39673,9.2,585.9,0,100.0,10.01,0.0,
19.7.2026,1:21:39.335,15505,18406,45.7,10866,20997,34.1,2.5,2048,51,1.196,1.205,1.230,1.185,1.185,1.185,1.185,4820.5,4891.2,4866.2,4791.4,4791.4,4791.4,4791.4,99.8,2261.4,3234.4,2310.0,2480.1,2378.6,2244.7,2422.9,2070.0,2112.1,1923.4,1915.4,1988.4,2056.6,2261.4,46.7,58.4,45.7,51.1,47.8,46.6,51.0,44.4,45.3,42.3,41.9,42.6,43.7,58.4,46.7,58.3,76.2,60.2,65.3,61.7,58.4,63.6,54.0,55.1,50.3,49.9,51.9,53.5,58.3,48.3,49.0,48.8,48.0,48.0,48.0,48.0,0.0,55.8,66.2,58.3,57.2,52.4,49.3,51.2,44.2,33.8,41.7,42.8,47.6,50.7,48.8,0.0,0.0,0.0,0.0,0.0,0.0,0.0,2395.7,24.00,40,39,39,77,116,708,1,87.4,84.1,87.4,80.8,78.8,82.4,83.4,82.0,76.8,81.2,70.1,70.1,75.2,68.5,48.0,47.0,50.0,1.201,1.015,1.100,30.293,8.997,30.288,56.500,6.225,59.144,5.470,5.847,5.808,5.702,5.350,4.830,5.284,36.615,9.129,52.591,57.829,1996.4,2395.7,4915.8,4915.8,4982.8,65.7,40.4,37.7,65.7,98.9,いいえ,いいえ,いいえ,6.353,1.024,3.3,48.0,87.6,40.0,87.0,1.216,12.038,3.440,3.296,4.992,1.064,0.960,3.440,3.344,1.808,1.024,1.120,1.032,1.792,1.096,0.624,1.824,0.264,2057,いいえ,62.8,48.0,1.095,1.110,1.800,1.800,0.990,4.970,0.500,いいえ,いいえ,いいえ,44.8,1.095,1.110,1.800,1.800,0.990,4.970,1.000,いいえ,いいえ,いいえ,37,37,いいえ,はい,15390,14039,128,128,34,100.0,いいえ,いいえ,3868,2528,9990,43,45,53,100.0,100.0,いいえ,いいえ,7032,7745,0.0,0.0,0.0,0.000,0.000,1392,2689,0.0,0.0,0.0,0.000,0.000,181182,133153,0.0,0.0,0.0,0.000,0.016,67816,78146,70.2,0.720,37.000,600.0,2400.0,1200.0,100.0,0.0,0.0,0.0,0.0,0.0,0.0,0.0,0.0,0,0,16.0,93,いいえ,いいえ,いいえ,82.0,74.0,96.8,84.0,0.995,12.116,12.094,12.123,12.153,12.095,2217,2223,218.862,89.970,180.894,22.615,28.223,192.542,11.309,39.517,107.693,136.970,220.000,220.000,2580.0,1312.7,2070.0,2539.5,2070.0,2525.8,1311.3,2063.9,100.0,41.0,2.0,7.0,20.0,21.4,82.5,0.0,3.0,0.0,57,57,はい,はい,いいえ,いいえ,いいえ,いいえ,いいえ,99.9,100.7,1,0,0,0,0,0,0,0,0,20,0,0,0,0,0,0,0,0,0,0,0,0,0,0,0,0,0,0,0,0,9829,2453,2177,255,16.0,133.2,149.9,118.8,117.2,117.5,133.2,138.1,127.6,127.4,127.5,127.3,7.51,8.42,6.61,6.55,8.52,7.51,0.00,7.35,0.15,0.27,0,0,0.0,0.0,44356,39674,9.0,471.5,0,117.1,8.56,0.0,
19.7.2026,1:21:41.344,15514,18397,45.7,10868,20995,34.1,2.5,2048,51,1.151,1.155,1.150,1.150,1.150,1.150,1.150,4874.5,4791.4,4891.2,4891.2,4891.2,4891.2,4891.2,99.8,2339.4,3299.9,2307.7,2560.2,2514.7,2319.6,2497.9,2134.9,2207.5,2006.4,1996.8,2111.9,2115.1,2339.4,48.6,61.0,45.8,52.6,50.7,48.1,52.6,46.0,47.4,44.1,43.6,45.5,45.4,61.0,48.6,60.5,79.3,59.9,67.4,65.5,60.6,65.8,55.7,57.6,52.4,52.0,55.1,55.2,60.5,48.8,48.0,49.0,49.0,49.0,49.0,49.0,0.0,57.7,67.5,60.6,58.7,54.2,51.2,53.9,42.3,32.5,39.4,41.3,45.8,48.8,46.1,0.0,0.0,0.0,0.0,0.0,0.0,0.0,2395.7,24.00,40,39,39,77,116,708,1,87.8,84.7,89.2,81.3,78.9,83.1,84.0,82.6,77.3,82.0,70.3,70.3,75.0,68.6,48.0,47.0,50.0,1.197,1.015,1.100,30.878,8.992,30.889,56.000,6.217,59.737,5.561,5.829,5.943,5.792,5.461,4.936,5.408,37.182,9.125,53.146,58.411,1996.4,2395.7,4911.7,4911.7,4973.2,66.4,41.2,37.3,66.4,99.6,いいえ,いいえ,いいえ,6.550,1.060,3.5,48.0,88.0,40.0,88.0,1.216,12.091,3.440,3.296,4.992,1.064,0.960,3.440,3.344,1.808,1.024,1.120,1.032,1.792,1.096,0.624,1.824,0.264,2061,いいえ,62.8,48.0,1.095,1.110,1.800,1.800,0.990,4.970,0.500,いいえ,いいえ,いいえ,44.8,1.095,1.110,1.800,1.800,0.990,4.970,0.875,いいえ,いいえ,いいえ,37,37,いいえ,はい,15390,14039,128,128,34,100.0,いいえ,いいえ,3868,2528,9990,43,45,53,100.0,100.0,いいえ,いいえ,7032,7745,0.0,0.1,0.1,0.000,0.010,1392,2689,0.0,0.0,0.0,0.000,0.000,181182,133153,0.0,0.0,0.0,0.000,0.042,67816,78147,70.3,0.720,37.000,600.0,2400.0,1200.0,100.0,0.0,0.0,0.0,0.0,0.0,0.0,0.0,0.0,0,0,16.0,93,いいえ,いいえ,いいえ,81.9,74.0,97.6,84.0,0.995,12.112,12.089,12.118,12.150,12.091,2227,2228,219.457,97.352,179.734,22.921,28.489,191.527,11.462,39.925,166.706,138.048,220.000,220.000,2580.0,1312.7,2085.0,2526.0,2085.0,2574.9,1311.5,2081.6,100.0,42.0,3.0,7.0,20.0,22.0,85.0,0.0,3.0,0.0,57,57,はい,はい,いいえ,いいえ,いいえ,いいえ,いいえ,99.2,99.8,1,0,0,0,0,0,0,0,0,20,0,0,0,0,0,0,0,0,0,0,0,0,0,0,0,0,0,0,0,0,9829,2453,2177,255,16.0,139.2,159.0,120.6,117.9,118.9,139.3,144.3,132.4,130.7,131.4,130.5,7.18,8.30,6.29,5.82,8.51,7.18,0.00,7.02,0.17,0.36,0,0,0.0,0.0,44356,39675,9.4,524.4,0,117.5,8.72,0.0,
19.7.2026,1:21:43.494,15241,18670,44.9,10629,21234,33.3,2.5,2048,51,1.277,1.275,1.275,1.275,1.280,1.280,1.280,4274.0,4941.1,4072.7,5090.8,4072.7,3393.9,4072.7,99.8,2206.7,3147.2,2208.7,2536.2,2429.5,2205.8,2441.6,1914.0,2114.1,1825.6,1805.5,1926.2,1926.4,2206.7,45.3,56.6,43.1,51.7,48.7,45.4,50.4,41.1,45.1,39.1,39.3,41.5,41.5,56.6,45.3,57.0,74.0,56.7,66.7,63.6,57.9,64.0,49.8,55.0,47.8,47.0,50.4,50.7,57.0,42.8,49.5,40.8,51.0,40.8,34.0,40.8,0.0,55.8,64.8,62.7,59.3,51.9,46.8,49.4,42.7,35.2,37.3,40.7,48.1,44.5,50.3,1.5,0.0,0.0,0.0,0.0,8.7,0.2,2395.7,24.00,40,39,39,77,116,708,1,87.9,84.7,83.5,80.9,78.5,83.1,83.8,82.1,76.4,81.3,70.4,70.4,75.8,68.5,48.0,47.0,50.0,1.199,1.015,1.100,30.270,8.983,30.293,56.000,6.226,59.100,5.490,5.762,6.305,5.921,5.327,4.479,5.147,36.487,9.116,52.452,57.717,1996.4,2395.7,4920.0,4920.0,4970.1,65.6,40.4,37.3,65.6,99.7,いいえ,いいえ,いいえ,6.020,1.156,3.3,48.0,87.2,40.0,87.0,1.224,12.144,3.440,3.312,5.040,1.064,0.960,3.440,3.344,1.808,1.024,1.120,1.032,1.792,1.104,0.624,1.824,0.264,2080,いいえ,62.8,48.0,1.095,1.110,1.800,1.800,0.990,4.970,0.250,いいえ,いいえ,いいえ,44.8,1.095,1.110,1.800,1.800,0.990,4.970,0.625,いいえ,いいえ,いいえ,37,37,いいえ,はい,15390,14039,128,128,34,100.0,いいえ,いいえ,3868,2528,9990,43,45,54,100.0,100.0,いいえ,いいえ,7032,7745,0.0,0.0,0.0,0.000,0.004,1392,2689,0.0,0.0,0.0,0.000,0.000,181182,133153,0.0,0.1,0.1,0.000,0.094,67816,78147,70.5,0.720,31.000,600.0,2400.0,1200.0,100.0,0.0,0.0,0.0,0.0,0.0,0.0,0.0,0.0,0,0,16.0,93,いいえ,いいえ,いいえ,61.5,70.0,72.9,84.0,1.045,12.301,12.313,12.250,12.328,12.312,2241,2252,47.888,18.587,26.305,7.733,17.027,30.167,3.866,20.899,21.272,21.431,220.000,220.000,2700.0,1312.7,2130.0,2700.0,2175.0,2698.7,1311.3,2175.3,0.0,0.0,0.0,0.0,8.2,0.1,0.3,0.0,0.0,0.0,56,56,はい,いいえ,いいえ,いいえ,いいえ,はい,いいえ,21.5,22.5,1,0,0,0,0,0,0,0,0,20,0,0,0,0,0,0,0,0,0,0,0,0,0,0,0,0,0,0,0,0,11280,1002,724,72,16.0,145.4,160.5,130.9,118.4,123.6,145.5,149.4,139.0,138.0,138.5,137.9,6.88,7.65,6.22,5.39,8.12,6.87,0.00,6.72,0.15,0.32,0,0,0.0,0.0,44356,39676,9.9,575.4,0,117.1,8.58,0.0,
19.7.2026,1:21:45.340,13453,20458,39.6,10118,21745,31.7,2.5,2048,51,1.249,1.255,1.240,1.250,1.250,1.250,1.250,4325.5,4991.0,4991.0,3992.8,3992.8,3992.8,3992.8,99.8,1102.2,2480.6,858.2,1715.4,1927.3,2043.8,1226.0,610.3,711.9,246.6,217.2,685.8,503.1,1102.2,20.4,42.2,14.9,33.2,37.4,39.9,22.4,11.5,12.2,6.1,3.9,12.7,8.6,42.2,20.4,27.2,55.3,20.8,44.2,49.8,52.9,30.7,15.2,17.0,6.0,5.3,17.0,12.1,27.2,43.3,50.0,50.0,40.0,40.0,40.0,40.0,0.0,40.9,52.0,70.9,63.9,27.5,9.7,21.4,46.8,48.0,29.1,35.0,63.6,44.4,60.8,12.3,0.0,0.0,1.0,8.9,45.8,17.8,2395.7,24.00,40,39,39,77,116,708,1,86.9,83.7,86.0,74.8,73.7,81.1,80.0,74.0,67.3,72.4,69.3,69.3,75.0,68.6,48.1,47.0,50.0,1.212,1.015,1.100,23.393,8.750,23.370,47.000,6.100,50.029,4.380,5.075,6.550,6.019,3.780,1.629,3.225,28.362,8.880,43.952,49.042,1996.4,2395.7,4959.5,4959.5,4973.8,55.7,31.2,31.3,55.7,98.4,いいえ,いいえ,いいえ,1.686,1.559,2.5,48.0,86.8,40.0,86.0,1.272,12.144,3.440,3.328,5.040,1.064,0.960,3.440,3.344,1.808,1.024,1.120,1.032,1.792,1.096,0.624,1.824,0.264,2073,いいえ,62.8,48.0,1.095,1.110,1.800,1.815,0.990,4.970,0.250,いいえ,いいえ,いいえ,44.8,1.095,1.110,1.800,1.800,0.990,4.970,0.250,いいえ,いいえ,いいえ,37,37,いいえ,はい,15390,14039,128,128,34,100.0,いいえ,いいえ,3868,2528,9990,43,45,54,100.0,100.0,いいえ,いいえ,7032,7745,0.0,0.0,0.0,0.000,0.000,1392,2689,0.0,0.0,0.0,0.000,0.000,181182,133153,0.1,1.7,1.7,0.308,7.222,67816,78161,70.2,0.720,30.000,600.0,2400.0,1200.0,100.0,0.0,0.0,0.0,0.0,0.0,0.0,0.0,0.0,0,0,16.0,93,いいえ,いいえ,いいえ,58.7,68.0,70.1,84.0,0.940,12.308,12.320,12.259,12.334,12.319,2160,2168,38.470,14.657,16.826,7.835,16.991,20.745,3.917,20.920,14.816,15.204,220.000,220.000,2475.0,1312.7,2010.0,2474.7,2010.0,2475.2,1311.7,2010.7,2.0,1.0,5.0,0.0,9.2,5.6,19.9,0.0,2.7,0.0,46,46,はい,いいえ,いいえ,いいえ,いいえ,はい,いいえ,17.2,17.3,1,0,0,0,0,0,0,0,0,20,0,0,0,0,0,0,0,0,0,0,0,0,0,0,0,0,0,0,0,0,11153,1129,852,301,16.0,145.4,160.5,130.9,118.4,123.6,145.5,149.4,139.0,138.0,138.5,137.9,6.88,7.65,6.22,5.39,8.12,6.87,0.00,6.72,0.15,0.32,0,0,0.0,0.0,44356,39676,5.2,96.5,0,117.1,8.58,0.0,
19.7.2026,1:21:47.338,13543,20368,39.9,10193,21670,31.9,2.5,2048,51,1.267,1.270,1.270,1.270,1.270,1.260,1.260,3940.7,4012.8,4991.0,3992.8,3992.8,3327.3,3327.3,99.8,856.0,1572.7,483.5,3334.7,1153.1,1443.3,617.9,550.2,354.5,128.3,94.1,270.6,268.5,856.0,17.1,27.0,9.9,67.4,23.6,30.2,12.9,12.1,8.1,2.3,1.5,5.9,5.0,67.4,17.1,21.5,33.2,11.8,87.7,30.2,37.8,15.8,14.1,8.8,3.2,2.3,6.6,6.6,21.5,39.5,40.2,50.0,40.0,40.0,33.3,33.3,0.0,33.1,34.4,87.2,41.4,19.8,4.6,11.1,50.3,65.6,12.8,57.5,76.2,24.5,65.5,16.6,0.0,0.0,1.1,4.0,70.9,23.4,2395.7,24.00,40,39,39,77,116,708,1,86.4,84.4,78.1,72.9,70.6,82.9,76.5,72.0,65.3,69.9,68.6,68.6,74.0,67.9,48.0,47.2,50.0,1.234,1.015,1.100,20.938,8.648,20.961,38.500,6.061,47.412,3.259,3.483,6.451,4.029,2.841,0.711,2.041,25.771,8.778,41.216,46.266,1996.4,2395.7,4983.8,4983.8,4990.5,52.6,27.9,25.7,52.6,99.3,いいえ,いいえ,いいえ,0.636,0.362,2.0,48.0,86.2,40.0,86.0,1.200,12.144,3.440,3.328,5.040,1.064,0.960,3.440,3.344,1.808,1.024,1.120,1.040,1.792,1.096,0.624,1.824,0.264,2093,いいえ,62.8,48.0,1.095,1.110,1.800,1.815,1.005,4.970,0.250,いいえ,いいえ,いいえ,44.8,1.095,1.110,1.800,1.815,1.005,4.970,0.250,いいえ,いいえ,いいえ,37,37,いいえ,はい,15390,14039,128,128,34,100.0,いいえ,いいえ,3868,2528,9990,43,45,54,100.0,100.0,いいえ,いいえ,7032,7745,0.0,0.1,0.1,0.000,0.012,1392,2689,0.0,0.0,0.0,0.000,0.000,181182,133153,0.3,0.8,1.1,0.122,0.723,67817,78162,70.0,0.720,31.000,600.0,2400.0,1200.0,100.0,0.0,0.0,0.0,0.0,0.0,0.0,0.0,0.0,0,0,16.0,93,いいえ,いいえ,いいえ,56.4,66.0,68.6,84.0,0.925,12.319,12.333,12.270,12.344,12.332,1989,1992,30.043,10.326,8.610,4.045,14.000,10.628,2.022,16.021,13.574,13.710,220.000,220.000,480.0,625.2,1995.0,1716.2,1995.0,480.3,624.6,1995.5,1.0,0.0,0.0,0.0,9.2,17.2,66.3,0.0,2.6,0.0,41,41,はい,いいえ,いいえ,いいえ,いいえ,はい,いいえ,11.2,11.2,1,0,0,0,0,0,0,0,0,20,0,0,0,0,0,0,0,0,0,0,0,0,0,0,0,0,0,0,0,0,11150,1132,854,303,16.0,60.0,60.5,59.4,59.3,59.3,60.0,60.9,59.1,59.1,59.1,59.1,16.67,16.92,16.40,16.37,16.97,0.26,16.40,16.55,0.12,0.09,0,0,0.0,0.0,44356,39678,16.8,1127.9,0,59.3,16.97,0.0,
19.7.2026,1:21:49.341,14344,19567,42.2,10988,20875,34.4,2.5,2048,51,1.164,1.160,1.165,1.165,1.165,1.165,1.165,4600.0,4891.2,4866.2,4866.2,4866.2,3244.1,4866.2,99.8,673.1,1590.0,378.7,3100.4,1202.1,727.4,412.3,171.7,125.7,52.6,47.1,159.7,109.4,673.1,12.9,26.6,7.0,63.4,24.0,14.3,8.2,2.7,1.6,1.1,1.7,2.5,2.0,63.4,12.9,16.9,34.2,9.2,81.5,31.6,18.9,10.5,4.3,3.0,1.3,1.1,4.0,2.6,16.9,46.1,49.0,48.8,48.8,48.8,32.5,48.8,0.0,26.3,33.1,86.7,23.7,6.6,2.0,5.5,41.3,66.9,13.3,76.3,43.0,12.5,35.9,32.4,0.0,0.0,0.0,50.4,85.5,58.6,2395.7,24.00,40,39,39,77,116,708,1,86.0,84.8,77.1,70.1,69.1,83.0,72.1,67.0,63.7,66.0,67.4,67.4,73.2,67.7,48.0,47.5,50.0,1.178,1.015,1.100,17.058,8.645,17.069,38.500,6.059,41.675,2.426,2.958,6.555,2.865,1.024,0.307,0.844,20.142,8.774,35.581,40.653,1996.4,2395.7,4905.8,4905.8,4912.0,46.2,22.8,25.7,46.2,99.8,いいえ,いいえ,いいえ,1.102,0.591,1.6,48.0,85.6,40.0,85.0,1.248,12.144,3.440,3.328,5.040,1.064,0.960,3.440,3.344,1.808,1.024,1.120,1.040,1.792,1.096,0.624,1.824,0.264,2067,いいえ,62.8,48.0,1.095,1.110,1.800,1.815,1.005,5.040,0.375,いいえ,いいえ,いいえ,44.8,1.095,1.110,1.800,1.815,1.005,5.040,0.250,いいえ,いいえ,いいえ,37,37,いいえ,はい,15390,14039,128,128,34,100.0,いいえ,いいえ,3868,2528,9990,44,46,54,100.0,100.0,いいえ,いいえ,7032,7745,0.0,0.0,0.0,0.000,0.002,1392,2689,0.0,0.0,0.0,0.000,0.000,181182,133153,0.0,0.2,0.2,0.008,0.196,67817,78162,69.7,0.720,30.000,600.0,2400.0,1200.0,100.0,0.0,0.0,0.0,0.0,0.0,0.0,0.0,0.0,0,0,16.0,93,いいえ,いいえ,いいえ,55.0,64.0,67.0,84.0,0.925,12.319,12.329,12.280,12.337,12.328,1818,1823,19.224,8.268,9.197,1.110,9.038,9.746,0.555,9.598,13.390,13.508,220.000,220.000,210.0,101.2,1995.0,292.3,1995.0,209.9,100.9,1994.8,1.0,3.0,0.0,0.0,9.3,10.6,41.0,0.0,1.4,0.0,38,38,はい,いいえ,いいえ,いいえ,いいえ,はい,いいえ,8.5,8.6,1,0,0,0,0,0,0,0,0,21,0,0,0,0,0,0,0,0,0,0,0,0,0,0,0,0,0,0,0,0,11144,1138,861,303,5.0,60.0,60.5,59.4,59.3,59.3,60.0,60.9,59.1,59.1,59.1,59.1,16.67,16.92,16.40,16.37,16.97,0.26,16.40,16.55,0.12,0.09,0,0,0.0,0.0,44356,39679,5.8,281.9,0,59.3,16.97,0.0,
19.7.2026,1:21:51.347,15099,18812,44.5,11648,20215,36.5,2.5,2048,51,1.188,1.130,1.200,1.200,1.200,1.200,1.200,3801.5,4841.3,3593.5,3593.5,3593.5,3593.5,3593.5,99.8,639.4,1313.4,370.5,3190.4,1120.3,541.8,545.6,97.9,138.1,55.8,43.5,146.9,108.5,639.4,12.6,21.4,7.0,64.9,23.1,11.6,10.8,2.6,3.3,0.2,0.0,3.7,2.6,64.9,12.6,16.0,27.3,9.0,84.3,29.3,13.9,14.0,2.4,3.3,1.4,1.0,3.7,2.6,16.0,38.1,48.5,36.0,36.0,36.0,36.0,36.0,0.0,24.9,27.8,86.5,22.4,5.5,2.1,5.1,40.9,72.2,13.5,76.9,44.8,9.7,28.4,34.2,0.0,0.0,0.7,49.8,88.2,66.5,2395.7,24.00,40,39,39,77,116,708,1,85.5,83.6,70.8,69.4,68.2,81.8,71.5,66.5,63.1,65.3,67.0,67.0,73.5,67.2,48.0,47.6,50.0,1.213,1.015,1.100,16.892,8.139,16.895,41.500,5.480,40.809,2.447,2.805,6.873,2.929,1.036,0.280,0.759,20.529,8.261,34.819,39.887,1996.4,2395.7,4964.5,4964.5,4980.4,45.3,22.5,27.7,45.3,98.4,いいえ,いいえ,いいえ,1.202,0.607,1.5,48.0,86.0,40.0,86.0,1.176,12.144,3.440,3.312,5.040,1.064,0.960,3.440,3.344,1.808,1.024,1.120,1.032,1.792,1.096,0.624,1.824,0.264,2057,いいえ,62.8,48.0,1.110,1.110,1.800,1.815,1.005,5.040,0.750,いいえ,いいえ,いいえ,44.8,1.110,1.110,1.800,1.815,1.005,5.040,0.500,いいえ,いいえ,いいえ,37,37,いいえ,はい,15390,14039,128,128,34,100.0,いいえ,いいえ,3868,2528,9990,44,46,55,100.0,100.0,いいえ,いいえ,7032,7745,0.0,0.1,0.1,0.000,0.004,1392,2689,0.0,0.0,0.0,0.000,0.000,181182,133153,1.1,1.2,2.3,0.041,0.256,67817,78163,69.4,0.720,33.000,600.0,2400.0,1200.0,100.0,0.0,0.0,0.0,0.0,0.0,0.0,0.0,0.0,0,0,16.0,93,いいえ,いいえ,いいえ,53.8,64.0,65.5,84.0,0.860,12.312,12.321,12.278,12.330,12.320,1677,1675,13.673,5.851,5.123,0.419,8.312,5.339,0.209,8.532,9.384,9.493,220.000,220.000,210.0,50.6,1185.0,210.0,1290.0,210.0,50.5,1397.5,4.0,6.0,2.0,0.0,11.9,0.8,1.2,0.0,2.1,0.0,36,36,はい,いいえ,いいえ,いいえ,いいえ,はい,いいえ,6.2,6.2,1,0,0,0,0,0,0,0,0,22,0,0,0,0,0,0,0,0,0,0,0,0,0,0,0,0,0,0,0,0,10820,1462,1185,305,2.5,1.9,15.6,0.7,0.7,0.7,0.0,0.0,0.0,0.0,0.0,0.0,536.57,1372.98,64.19,62.63,1397.96,2.81,65.48,536.50,0.07,0.00,0,0,0.0,0.0,44356,39679,6.7,209.2,0,0.7,1397.96,0.0,
19.7.2026,1:21:53.346,15317,18594,45.1,11653,20210,36.5,2.5,2048,51,1.210,1.225,1.255,1.240,1.180,1.180,1.180,4438.7,3972.8,4991.0,4891.2,4791.4,3194.2,4791.4,99.8,834.9,1644.4,582.1,838.1,1558.6,633.1,2771.1,356.1,620.2,207.0,141.2,374.6,292.3,834.9,16.4,24.4,10.8,16.8,31.5,12.4,57.1,7.3,12.6,5.9,4.1,7.8,5.8,57.1,16.4,20.6,31.4,14.3,21.7,40.4,16.3,73.0,8.9,15.8,5.2,3.4,9.4,7.3,20.6,44.5,39.8,50.0,49.0,48.0,32.0,48.0,0.0,32.4,35.1,48.1,67.8,21.1,7.9,14.6,57.5,64.9,51.9,32.2,65.4,61.1,69.2,10.1,0.0,0.0,0.0,13.4,31.0,16.2,2395.7,24.00,40,39,39,77,116,708,1,86.6,84.5,87.9,72.2,69.1,77.2,80.8,71.4,65.5,69.1,67.4,67.4,74.0,67.2,48.0,47.8,50.0,1.184,1.015,1.100,21.313,7.945,21.292,47.500,5.347,45.240,3.494,3.230,4.892,6.336,2.785,1.515,2.203,25.339,8.065,39.286,44.316,1996.4,2395.7,4912.8,4912.8,4923.0,50.4,28.4,31.7,50.4,99.5,いいえ,いいえ,いいえ,1.082,0.682,1.9,48.0,87.8,40.0,87.0,1.200,12.144,3.440,3.328,5.016,1.064,0.960,3.440,3.344,1.808,1.024,1.120,1.032,1.792,1.096,0.624,1.824,0.264,2057,いいえ,62.8,47.8,1.110,1.110,1.800,1.815,1.005,5.040,0.750,いいえ,いいえ,いいえ,44.8,1.110,1.110,1.800,1.815,1.005,5.040,1.500,いいえ,いいえ,いいえ,37,37,いいえ,はい,15390,14039,128,128,34,100.0,いいえ,いいえ,3868,2528,9990,44,46,54,100.0,100.0,いいえ,いいえ,7032,7745,0.0,0.1,0.1,0.000,0.008,1392,2689,0.0,0.0,0.0,0.000,0.000,181182,133153,0.2,1.0,1.2,0.155,1.805,67817,78166,69.2,0.720,28.000,600.0,2400.0,1200.0,100.0,0.0,0.0,0.0,0.0,0.0,0.0,0.0,0.0,0,0,16.0,93,いいえ,いいえ,いいえ,53.5,64.0,64.8,84.0,0.860,12.303,12.312,12.268,12.319,12.310,1563,1558,15.426,7.938,8.731,2.093,8.919,9.782,1.046,9.985,10.333,12.616,220.000,220.000,345.0,50.6,1185.0,210.0,1290.0,345.0,50.5,1396.3,49.0,46.0,18.0,3.0,11.9,3.3,7.8,0.0,5.4,0.0,35,35,はい,いいえ,いいえ,いいえ,いいえ,はい,いいえ,8.5,9.3,1,0,0,0,0,0,0,0,0,22,0,0,0,0,0,0,0,0,0,0,0,0,0,0,0,0,0,0,0,0,10821,1461,1184,236,2.5,1.9,15.6,0.7,0.7,0.7,0.0,0.0,0.0,0.0,0.0,0.0,536.57,1372.98,64.19,62.63,1397.96,2.81,65.48,536.50,0.07,0.00,0,0,0.0,0.0,44356,39679,6.1,178.8,0,0.7,1397.96,0.0,
19.7.2026,1:21:55.351,15397,18514,45.4,11692,20171,36.6,2.5,2048,51,1.084,1.055,1.090,1.090,1.090,1.090,1.090,4733.1,4691.5,4741.4,4741.4,4741.4,4741.4,4741.4,99.8,2109.0,2988.2,1878.7,2552.9,2671.3,2138.2,2999.8,2023.7,2063.3,1402.5,1373.9,1610.0,1605.7,2109.0,43.3,52.0,38.1,53.1,55.4,44.1,62.6,42.8,43.5,30.3,29.3,34.3,33.7,62.6,43.3,54.2,66.7,49.0,67.0,70.2,55.9,78.9,52.9,54.1,36.5,35.6,42.0,41.8,54.2,47.4,47.0,47.5,47.5,47.5,47.5,47.5,0.0,59.2,62.4,75.3,74.3,56.2,40.3,46.6,39.9,37.6,24.7,25.7,43.4,56.3,51.6,0.9,0.0,0.0,0.0,0.3,3.4,1.8,2395.7,24.00,40,39,39,77,116,708,1,87.2,84.6,85.4,77.1,73.8,81.1,82.1,78.4,71.4,76.0,68.5,68.5,74.0,67.3,48.1,47.9,50.0,1.184,1.015,1.100,28.032,8.254,28.007,55.000,5.454,54.097,4.971,4.733,6.072,6.128,4.976,3.712,4.209,33.252,8.377,47.629,53.021,1996.4,2395.7,4905.2,4905.2,4931.8,60.3,37.3,36.7,60.3,99.5,いいえ,いいえ,いいえ,7.256,1.717,3.6,48.0,87.4,40.0,87.0,1.160,12.144,3.440,3.312,5.040,1.064,0.960,3.440,3.344,1.808,1.024,1.120,1.032,1.792,1.096,0.624,1.824,0.264,2051,いいえ,62.8,47.8,1.110,1.110,1.800,1.815,1.005,5.040,1.500,いいえ,いいえ,いいえ,44.8,1.110,1.110,1.815,1.815,1.005,5.040,0.375,いいえ,いいえ,いいえ,37,37,いいえ,はい,15390,14039,128,128,34,100.0,いいえ,いいえ,3868,2528,9990,44,46,54,100.0,100.0,いいえ,いいえ,7032,7745,0.0,0.0,0.0,0.000,0.002,1392,2689,0.0,0.0,0.0,0.000,0.000,181182,133153,3.1,3.2,6.3,0.162,4.825,67817,78176,69.2,0.720,38.000,600.0,2400.0,1200.0,100.0,0.0,0.0,0.0,0.0,0.0,0.0,0.0,0.0,0,0,16.0,93,いいえ,いいえ,いいえ,53.1,62.0,64.5,84.0,0.860,12.306,12.317,12.268,12.325,12.315,1479,1473,22.203,9.554,11.829,2.291,9.471,12.966,1.145,10.621,12.000,16.112,220.000,220.000,315.0,50.6,1185.0,420.0,1290.0,315.0,50.5,1386.0,26.0,24.0,10.0,4.0,11.9,6.8,16.2,0.0,10.8,0.0,34,34,はい,いいえ,いいえ,いいえ,いいえ,はい,いいえ,10.2,9.7,1,0,0,0,0,0,0,0,0,24,0,0,0,0,0,0,0,0,0,0,0,0,0,0,0,0,0,0,0,0,10821,1461,1184,236,2.5,70.4,78.1,59.9,58.2,58.0,70.5,89.3,55.8,54.5,54.4,54.4,14.21,16.68,12.83,12.53,17.20,4.55,9.63,14.01,0.20,1.54,0,0,0.0,0.0,44356,39682,13.5,1084.7,0,58.0,17.20,0.0,
19.7.2026,1:21:57.368,15356,18555,45.2,11689,20174,36.6,2.5,2048,51,1.189,1.225,1.075,1.190,1.215,1.215,1.215,4589.2,4941.1,4741.4,4941.1,3972.8,4966.0,3972.8,99.8,3005.4,3844.3,2813.2,3582.1,3470.1,3177.7,3529.6,2932.9,3092.6,2369.7,2316.3,2398.0,2538.1,3005.4,62.5,68.3,58.0,75.3,72.7,66.5,74.2,62.4,65.8,51.0,50.0,51.3,54.4,75.3,62.5,78.0,87.4,74.1,94.4,91.3,83.8,92.9,77.3,81.5,62.0,60.8,63.3,66.9,78.0,46.0,49.5,47.5,49.5,39.8,49.8,39.8,0.0,77.0,79.9,87.8,86.1,77.6,63.8,66.7,23.0,20.1,12.2,13.9,22.4,36.2,33.3,0.0,0.0,0.0,0.0,0.0,0.0,0.0,2395.7,24.00,40,39,39,77,116,708,1,87.4,85.0,87.9,80.4,77.0,82.7,84.0,82.5,75.7,80.3,69.5,69.5,74.2,67.5,48.3,47.9,50.0,1.165,1.015,1.100,31.826,8.636,31.833,56.500,5.534,59.126,5.545,5.416,6.146,6.041,5.749,4.827,5.090,37.248,8.764,52.099,57.784,1996.4,2395.7,4869.0,4869.0,4898.5,65.7,42.4,37.7,65.7,100.0,いいえ,いいえ,いいえ,11.444,2.292,4.6,47.0,87.5,40.0,87.0,1.184,12.144,3.440,3.328,5.040,1.072,0.960,3.440,3.344,1.808,1.024,1.120,1.032,1.792,1.096,0.632,1.824,0.264,2051,いいえ,62.8,47.8,1.110,1.110,1.800,1.800,1.005,5.040,1.125,いいえ,いいえ,いいえ,44.8,1.110,1.110,1.800,1.815,1.005,5.040,0.875,いいえ,いいえ,いいえ,37,37,いいえ,はい,15390,14039,128,128,34,100.0,いいえ,いいえ,3868,2528,9990,44,46,54,100.0,100.0,いいえ,いいえ,7032,7745,0.0,0.1,0.1,0.000,0.010,1392,2689,0.0,0.0,0.0,0.000,0.000,181182,133153,0.0,0.2,0.2,0.000,0.142,67817,78176,69.5,0.720,39.000,600.0,2400.0,1200.0,100.0,0.0,0.0,0.0,0.0,0.0,0.0,0.0,0.0,0,0,16.0,93,いいえ,いいえ,いいえ,52.7,62.0,63.8,84.0,0.925,12.306,12.316,12.266,12.326,12.315,1421,1416,22.452,9.196,11.697,2.020,9.310,12.720,1.010,10.332,11.943,14.535,220.000,220.000,510.0,101.2,1185.0,510.0,1290.0,510.0,101.0,1524.8,23.0,23.0,9.0,3.0,11.9,7.7,19.4,0.0,11.5,0.0,33,33,はい,いいえ,いいえ,いいえ,いいえ,はい,いいえ,10.0,9.9,1,0,0,0,0,0,0,0,0,25,0,0,0,0,0,0,0,0,0,0,0,0,0,0,0,0,0,0,0,0,10821,1461,1184,236,5.0,70.1,76.6,59.8,59.6,59.6,70.1,93.4,56.4,55.2,55.1,55.1,14.27,16.72,13.05,12.99,16.77,4.72,9.54,14.07,0.20,1.16,0,0,0.0,0.0,44356,39685,20.3,1744.2,0,59.6,16.77,0.0,
19.7.2026,1:21:59.390,15354,18557,45.2,11685,20178,36.6,2.5,2048,51,1.173,1.170,1.180,1.180,1.170,1.170,1.170,4878.7,4866.2,4866.2,4866.2,4891.2,4891.2,4891.2,99.8,3322.2,4013.0,3163.1,3723.5,3702.1,3565.3,3610.5,3391.2,3333.9,2788.6,2713.4,2897.7,2964.7,3322.2,69.7,76.2,66.2,79.1,78.3,75.1,76.1,72.2,70.9,59.8,58.3,61.4,63.0,79.1,69.7,86.6,96.1,83.3,98.2,97.6,93.9,95.1,89.4,87.7,73.1,71.3,75.9,77.8,86.6,48.9,48.8,48.8,48.8,49.0,49.0,49.0,0.0,81.5,84.3,89.6,87.5,82.6,70.4,74.8,18.5,15.7,10.4,12.5,17.4,29.6,25.2,0.0,0.0,0.0,0.0,0.0,0.0,0.0,2395.7,24.00,40,39,39,77,116,708,1,87.2,85.0,87.4,80.9,77.4,82.7,84.1,83.1,76.6,81.5,69.5,69.5,74.8,67.5,48.5,48.0,50.0,1.135,1.015,1.100,32.795,8.599,32.801,55.000,5.541,58.994,5.618,5.463,6.009,5.940,5.831,5.039,5.428,37.254,8.727,52.076,57.736,1996.4,2395.7,4817.4,4817.4,4839.4,65.6,43.7,36.7,65.6,100.0,いいえ,いいえ,いいえ,11.034,2.363,4.9,47.0,87.0,40.0,87.0,1.088,12.144,3.440,3.328,5.040,1.072,0.960,3.440,3.344,1.808,1.024,1.120,1.032,1.792,1.096,0.632,1.824,0.264,2048,いいえ,62.8,47.8,1.110,1.110,1.800,1.800,0.990,5.040,0.875,いいえ,いいえ,いいえ,45.0,1.110,1.110,1.800,1.800,1.005,5.040,1.125,いいえ,いいえ,いいえ,37,37,いいえ,はい,15390,14039,128,128,34,100.0,いいえ,いいえ,3868,2528,9990,44,46,54,100.0,100.0,いいえ,いいえ,7032,7745,0.0,0.1,0.1,0.000,0.010,1392,2689,0.0,0.0,0.0,0.000,0.000,181182,133153,0.0,0.2,0.2,0.000,0.153,67817,78176,69.6,0.720,31.000,600.0,2400.0,1200.0,100.0,0.0,0.0,0.0,0.0,0.0,0.0,0.0,0.0,0,0,16.0,93,いいえ,いいえ,いいえ,51.9,62.0,63.1,84.0,0.860,12.311,12.321,12.276,12.329,12.319,1379,1375,17.655,7.305,7.782,1.528,8.654,8.544,0.764,9.423,9.137,12.610,220.000,220.000,345.0,50.6,1185.0,345.0,1290.0,345.1,50.5,1397.0,35.0,32.0,12.0,6.0,11.9,9.2,25.5,0.0,11.4,0.0,32,32,はい,いいえ,いいえ,いいえ,いいえ,はい,いいえ,7.9,7.9,1,0,0,0,0,0,0,0,0,26,0,0,0,0,0,0,0,0,0,0,0,0,0,0,0,0,0,0,0,0,10821,1461,1184,236,2.5,47.8,68.4,40.1,39.7,39.6,47.7,71.3,34.9,33.0,32.8,32.8,20.92,24.91,14.61,14.37,25.13,5.72,15.24,20.69,0.22,1.24,0,0,0.0,0.0,44356,39688,17.7,1432.9,0,39.6,25.13,0.0,
19.7.2026,1:22:1.381,15282,18629,45.0,11615,20247,36.4,2.5,2048,51,1.004,1.000,1.005,1.005,1.005,1.005,1.005,4608.4,4566.8,4616.7,4616.7,4616.7,4616.7,4616.7,99.8,3896.6,4334.2,3814.4,4055.2,4006.9,4060.8,3969.2,3875.1,3905.6,3636.3,3636.6,3721.1,3744.1,3896.6,82.9,88.7,81.1,86.4,85.1,86.6,84.4,82.8,83.3,78.4,78.5,79.6,80.1,88.7,82.9,102.4,110.1,100.5,106.9,105.6,107.1,104.6,102.2,102.9,95.9,95.8,98.0,98.6,102.4,46.2,45.8,46.2,46.2,46.2,46.2,46.2,0.0,88.8,92.0,92.5,92.7,88.0,82.9,84.8,11.2,8.0,7.5,7.3,12.0,17.1,15.2,0.0,0.0,0.0,0.0,0.0,0.0,0.0,2395.7,24.00,40,39,39,77,116,708,1,86.9,85.0,82.5,81.8,78.4,82.7,84.4,83.7,78.5,83.0,69.4,69.4,74.8,67.8,48.6,48.0,50.0,1.085,1.015,1.100,34.633,8.487,34.614,55.000,5.408,59.130,5.754,5.636,5.869,5.902,5.892,5.534,5.693,37.582,8.614,52.145,57.767,1996.4,2395.7,4731.7,4731.7,4747.3,65.6,46.2,36.7,65.6,100.0,いいえ,いいえ,いいえ,10.736,2.515,5.3,47.0,86.8,40.0,86.0,1.104,12.144,3.440,3.312,5.016,1.064,0.960,3.440,3.328,1.808,1.024,1.120,1.032,1.792,1.096,0.632,1.824,0.264,2051,いいえ,62.8,47.5,1.110,1.110,1.800,1.800,0.990,4.970,1.875,いいえ,いいえ,いいえ,45.0,1.110,1.110,1.800,1.800,0.990,4.970,1.000,いいえ,いいえ,いいえ,37,37,いいえ,はい,15390,14039,128,128,34,100.0,いいえ,いいえ,3868,2528,9990,44,46,54,100.0,100.0,いいえ,いいえ,7032,7745,0.0,0.0,0.0,0.000,0.004,1392,2689,0.0,0.0,0.0,0.000,0.000,181182,133153,0.0,0.1,0.1,0.000,0.174,67817,78176,69.6,0.720,34.000,600.0,2400.0,1200.0,100.0,0.0,0.0,0.0,0.0,0.0,0.0,0.0,0.0,0,0,16.0,93,いいえ,いいえ,いいえ,51.3,60.0,62.5,84.0,0.860,12.307,12.317,12.272,12.325,12.315,1343,1344,17.536,7.623,8.118,1.650,8.677,8.948,0.825,9.510,11.762,11.496,220.000,220.000,345.0,50.6,1185.0,345.0,1290.0,345.0,50.5,1397.9,40.0,35.0,11.0,8.0,11.9,9.4,26.5,0.0,11.3,0.0,31,31,はい,いいえ,いいえ,いいえ,いいえ,はい,いいえ,8.0,8.2,1,0,0,0,0,0,0,0,0,26,0,0,0,0,0,0,0,0,0,0,0,0,0,0,0,0,0,0,0,0,10821,1461,1184,236,2.5,43.0,45.0,39.8,39.1,39.0,42.9,50.7,35.8,34.5,34.4,34.4,23.27,25.16,22.20,22.17,25.65,7.95,15.35,23.04,0.23,1.23,0,0,0.0,0.0,44356,39690,13.4,1012.1,0,39.0,25.65,0.0,
19.7.2026,1:22:3.381,15283,18628,45.0,11616,20247,36.4,2.5,2048,51,0.991,1.000,1.005,0.985,0.985,0.985,0.985,4595.9,4591.7,4516.9,4616.7,4616.7,4616.7,4616.7,99.8,3919.3,4365.7,3816.7,4102.3,4011.0,4010.7,4006.2,3882.8,3956.4,3622.3,3686.8,3721.5,3849.1,3919.3,83.4,90.0,81.2,87.4,85.2,85.5,85.3,83.1,84.6,77.8,79.2,79.6,82.2,90.0,83.4,103.0,111.5,100.6,108.1,105.7,105.7,105.6,102.4,104.3,95.5,97.2,98.1,101.5,103.0,46.0,46.0,45.2,46.2,46.2,46.2,46.2,0.0,89.6,92.8,93.0,92.0,89.1,83.7,86.8,10.4,7.2,7.0,8.0,10.9,16.3,13.2,0.0,0.0,0.0,0.0,0.0,0.0,0.0,2395.7,24.00,40,39,39,77,116,708,1,86.8,85.0,83.0,81.9,78.5,82.6,84.3,83.9,78.9,83.3,69.5,69.5,74.5,67.4,48.8,48.0,50.0,1.084,1.015,1.100,34.623,8.371,34.624,56.500,5.411,58.895,5.694,5.513,5.745,5.806,5.848,5.549,5.704,37.533,8.496,51.981,57.623,1996.4,2395.7,4727.4,4727.4,4744.8,65.5,46.2,37.7,65.5,100.0,いいえ,いいえ,いいえ,10.863,2.511,5.4,47.0,86.8,40.0,86.0,1.040,12.144,3.440,3.312,5.040,1.064,0.952,3.440,3.344,1.808,1.024,1.120,1.032,1.792,1.096,0.632,1.824,0.264,2048,いいえ,62.8,47.5,1.095,1.110,1.800,1.800,0.990,4.970,1.625,いいえ,いいえ,いいえ,45.0,1.095,1.110,1.800,1.800,0.990,4.970,1.500,いいえ,いいえ,いいえ,37,37,いいえ,はい,15390,14039,128,128,34,100.0,いいえ,いいえ,3868,2528,9990,44,46,54,100.0,100.0,いいえ,いいえ,7032,7745,0.0,0.0,0.0,0.000,0.002,1392,2689,0.0,0.0,0.0,0.000,0.000,181182,133153,0.0,0.1,0.1,0.000,0.089,67817,78177,69.6,0.720,39.000,600.0,2400.0,1200.0,100.0,0.0,0.0,0.0,0.0,0.0,0.0,0.0,0.0,0,0,16.0,93,いいえ,いいえ,いいえ,50.9,60.0,62.0,84.0,0.860,12.312,12.318,12.278,12.330,12.320,1314,1310,17.665,7.551,8.036,1.454,8.619,8.767,0.727,9.349,10.470,12.986,220.000,220.000,405.0,50.6,1185.0,388.3,1290.0,405.2,50.5,1396.5,39.0,35.0,12.0,8.0,11.9,9.4,26.6,0.0,11.1,0.0,31,31,はい,いいえ,いいえ,いいえ,いいえ,はい,いいえ,7.9,7.5,1,0,0,0,0,0,0,0,0,26,0,0,0,0,0,0,0,0,0,0,0,0,0,0,0,0,0,0,0,0,10820,1462,1185,236,2.5,42.5,45.0,39.3,39.2,39.2,42.5,50.7,37.2,37.1,37.1,37.1,23.52,25.42,22.21,22.21,25.49,8.24,15.27,23.31,0.21,1.28,0,0,0.0,0.0,44357,39692,13.4,1015.6,0,39.2,25.49,0.0,
19.7.2026,1:22:5.427,15285,18626,45.0,11617,20246,36.4,2.5,2048,51,1.072,1.025,1.030,1.095,1.095,1.095,1.095,4774.7,4616.7,4666.6,4841.3,4841.3,4841.3,4841.3,99.8,3885.7,4331.3,3790.0,4035.3,4050.8,3968.8,4071.8,3865.7,3888.6,3586.9,3662.0,3655.5,3721.5,3885.7,82.5,87.6,80.5,85.9,86.2,84.5,86.7,82.6,83.0,77.0,78.5,78.2,79.7,87.6,82.5,102.0,108.8,99.8,106.4,106.8,104.6,107.4,101.9,102.5,94.6,96.6,96.3,98.1,102.0,47.8,46.2,46.8,48.5,48.5,48.5,48.5,0.0,89.2,92.0,93.0,92.9,88.2,83.7,85.5,10.8,8.0,7.0,7.1,11.8,16.3,14.5,0.0,0.0,0.0,0.0,0.0,0.0,0.0,2395.7,24.00,40,39,39,77,116,708,1,86.8,85.0,84.4,81.8,78.3,82.7,84.3,83.7,78.9,83.2,69.5,69.5,74.5,67.3,48.8,48.0,50.0,1.087,1.015,1.100,34.291,8.334,34.288,55.000,5.418,58.579,5.609,5.398,5.697,5.732,5.721,5.440,5.666,37.236,8.459,51.655,57.289,1996.4,2395.7,4732.9,4732.9,4749.7,65.1,45.7,36.7,65.1,100.0,いいえ,いいえ,いいえ,10.854,2.531,5.4,47.0,86.6,40.0,86.0,1.072,12.197,3.440,3.328,5.040,1.072,0.952,3.440,3.344,1.808,1.024,1.120,1.032,1.792,1.096,0.632,1.824,0.264,2045,いいえ,62.8,47.5,1.095,1.110,1.800,1.800,0.990,4.970,1.375,いいえ,いいえ,いいえ,45.2,1.095,1.110,1.800,1.800,0.990,4.970,0.750,いいえ,いいえ,いいえ,37,37,いいえ,はい,15390,14039,128,128,34,100.0,いいえ,いいえ,3868,2528,9990,44,46,54,100.0,100.0,いいえ,いいえ,7032,7745,0.0,0.1,0.1,0.000,0.010,1392,2689,0.0,0.0,0.0,0.000,0.000,181182,133153,0.0,0.1,0.1,0.000,0.119,67817,78177,69.7,0.720,31.000,600.0,2400.0,1200.0,100.0,0.0,0.0,0.0,0.0,0.0,0.0,0.0,0.0,0,0,16.0,93,いいえ,いいえ,いいえ,50.5,60.0,61.5,84.0,0.860,12.305,12.312,12.270,12.324,12.315,1284,1283,16.450,7.139,7.035,1.182,8.491,7.629,0.591,9.097,10.461,12.627,220.000,220.000,360.0,50.6,1185.0,400.6,1290.0,360.0,50.5,1398.3,30.0,26.0,6.0,8.0,11.9,7.8,22.4,0.0,8.8,0.0,30,30,はい,いいえ,いいえ,いいえ,いいえ,はい,いいえ,7.4,6.1,1,0,0,0,0,0,0,0,0,26,0,0,0,0,0,0,0,0,0,0,0,0,0,0,0,0,0,0,0,0,10820,1462,1185,238,2.5,40.3,42.6,33.4,32.9,32.9,40.2,44.5,32.0,31.2,31.1,31.1,24.80,29.95,23.49,23.40,30.39,8.99,15.86,24.58,0.21,1.70,0,0,0.0,0.0,44357,39694,12.9,949.8,0,32.9,30.39,0.0,
19.7.2026,1:22:7.411,15298,18613,45.1,11625,20238,36.4,2.5,2048,51,1.154,1.150,1.155,1.155,1.155,1.155,1.155,4849.6,4891.2,4841.3,4841.3,4841.3,4841.3,4841.3,99.8,4211.3,4503.4,4155.6,4286.1,4261.8,4221.4,4256.0,4152.6,4183.5,4117.6,4115.2,4119.4,4162.8,4211.3,90.6,95.2,89.1,91.9,91.3,90.6,91.8,89.7,90.4,89.1,89.0,89.1,89.7,95.2,90.6,110.8,116.9,109.6,113.0,112.3,111.3,112.2,109.4,110.3,108.5,108.4,108.6,109.4,110.8,48.6,49.0,48.5,48.5,48.5,48.5,48.5,0.0,94.2,96.9,95.9,95.7,93.0,91.8,92.1,5.8,3.1,4.1,4.3,7.0,8.2,7.9,0.0,0.0,0.0,0.0,0.0,0.0,0.0,2395.7,24.00,40,39,39,77,116,708,1,86.4,85.0,83.0,82.3,78.8,83.0,84.6,84.2,79.6,83.7,69.4,69.4,74.8,67.8,48.9,48.0,50.0,1.051,1.015,1.100,35.696,8.363,35.701,54.500,5.427,58.789,5.831,5.629,5.921,5.848,5.943,5.756,5.888,37.464,8.488,51.921,57.491,1996.4,2395.7,4666.9,4666.9,4681.2,65.3,47.6,36.3,65.3,100.0,いいえ,いいえ,いいえ,9.556,2.325,5.7,47.0,86.2,40.0,86.0,1.104,12.144,3.440,3.328,5.016,1.064,0.952,3.440,3.344,1.808,1.024,1.120,1.032,1.792,1.096,0.640,1.824,0.264,2042,いいえ,62.8,47.2,1.095,1.110,1.815,1.800,0.990,4.970,1.375,いいえ,いいえ,いいえ,45.2,1.095,1.110,1.815,1.800,0.990,4.970,0.625,いいえ,いいえ,いいえ,37,37,いいえ,はい,15390,14039,128,128,34,100.0,いいえ,いいえ,3868,2528,9990,44,46,54,100.0,100.0,いいえ,いいえ,7032,7745,0.0,0.0,0.0,0.000,0.000,1392,2689,0.0,0.0,0.0,0.000,0.000,181182,133153,0.0,0.1,0.1,0.000,0.064,67817,78177,69.6,0.720,29.000,600.0,2400.0,1200.0,100.0,0.0,0.0,0.0,0.0,0.0,0.0,0.0,0.0,0,0,16.0,93,いいえ,いいえ,いいえ,50.1,58.0,61.1,84.0,0.860,12.310,12.316,12.275,12.329,12.318,1261,1260,15.859,7.016,6.893,1.207,8.519,7.496,0.604,9.128,8.921,13.360,220.000,220.000,285.0,50.6,1185.0,319.7,1290.0,297.0,50.5,1398.8,31.0,27.0,8.0,8.0,11.9,7.9,23.9,0.0,7.6,0.0,30,30,はい,いいえ,いいえ,いいえ,いいえ,はい,いいえ,7.3,6.3,1,0,0,0,0,0,0,0,0,26,0,0,0,0,0,0,0,0,0,0,0,0,0,0,0,0,0,0,0,0,10820,1462,1185,238,2.5,28.6,29.6,26.3,26.2,26.2,28.6,34.3,22.8,22.2,22.1,22.1,34.95,38.01,33.78,33.72,38.18,9.57,25.44,34.68,0.28,2.43,0,0,0.0,0.0,44357,39695,9.4,650.5,0,26.2,38.18,0.0,
19.7.2026,1:22:9.437,15294,18617,45.0,11631,20232,36.5,2.5,2048,51,1.058,1.165,1.155,1.025,1.000,1.000,1.000,4674.9,4891.2,4891.2,4566.8,4566.8,4566.8,4566.8,99.8,4266.9,4597.5,4192.9,4276.5,4302.5,4263.5,4345.3,4197.0,4251.3,4163.7,4197.5,4216.8,4198.2,4266.9,92.3,98.5,91.2,92.9,93.4,92.4,93.8,90.6,91.8,90.1,90.8,91.0,90.8,98.5,92.3,112.3,120.1,110.5,112.7,113.4,112.2,114.4,110.5,111.9,109.6,110.5,111.0,110.7,112.3,46.8,49.0,49.0,45.8,45.8,45.8,45.8,0.0,95.1,99.0,96.1,96.2,93.7,92.5,93.1,4.9,1.0,3.9,3.8,6.3,7.5,6.9,0.0,0.0,0.0,0.0,0.0,0.0,0.0,2395.7,24.00,40,39,39,77,116,708,1,86.2,85.0,83.4,82.3,79.4,82.5,84.5,84.1,79.6,83.7,69.4,69.4,74.5,67.7,48.9,48.0,50.0,1.044,1.015,1.100,35.771,8.356,35.792,55.000,5.440,58.665,5.761,5.859,5.647,5.772,5.852,5.639,5.796,37.326,8.481,51.791,57.388,1996.4,2395.7,4655.8,4655.8,4669.4,65.2,47.7,36.7,65.2,100.0,いいえ,いいえ,いいえ,9.839,2.413,5.7,47.0,86.2,40.0,86.0,1.064,12.144,3.440,3.328,5.040,1.072,0.952,3.440,3.344,1.808,1.024,1.120,1.032,1.792,1.096,0.640,1.824,0.264,2051,いいえ,62.8,47.2,1.095,1.110,1.815,1.800,0.990,4.970,1.125,いいえ,いいえ,いいえ,45.2,1.095,1.110,1.815,1.800,0.990,4.970,1.250,いいえ,いいえ,いいえ,37,37,いいえ,はい,15390,14039,128,128,34,100.0,いいえ,いいえ,3868,2528,9990,44,46,54,100.0,100.0,いいえ,いいえ,7032,7745,0.0,0.1,0.1,0.000,0.015,1392,2689,0.0,0.0,0.0,0.000,0.000,181182,133153,0.0,0.1,0.1,0.000,0.075,67817,78177,69.5,0.720,35.000,600.0,2400.0,1200.0,100.0,0.0,0.0,0.0,0.0,0.0,0.0,0.0,0.0,0,0,16.0,93,いいえ,いいえ,いいえ,49.7,58.0,60.8,84.0,0.860,12.314,12.323,12.278,12.332,12.323,1250,1248,15.928,7.068,6.976,1.257,8.558,7.609,0.628,9.198,8.881,13.436,220.000,220.000,240.0,50.6,1185.0,264.8,1290.0,240.0,50.5,1398.7,34.0,28.0,8.0,9.0,11.9,8.3,25.5,0.0,7.5,0.0,30,30,はい,いいえ,いいえ,いいえ,いいえ,はい,いいえ,7.4,6.3,1,0,0,0,0,0,0,0,0,26,0,0,0,0,0,0,0,0,0,0,0,0,0,0,0,0,0,0,0,0,10820,1462,1185,238,2.5,28.4,29.6,23.4,22.5,22.4,28.3,33.4,20.9,20.1,20.0,20.0,35.23,42.57,33.82,33.80,44.47,10.11,25.28,34.92,0.32,2.70,0,0,0.0,0.0,44357,39696,9.1,684.1,0,22.4,44.47,0.0,
19.7.2026,1:22:11.382,15295,18616,45.1,11631,20232,36.5,2.5,2048,51,1.043,0.985,1.155,1.155,0.980,0.990,0.990,4679.1,4566.8,4891.2,4891.2,4541.8,4591.7,4591.7,99.8,4234.1,4551.4,4174.4,4248.5,4293.4,4293.1,4234.9,4184.4,4214.8,4130.5,4133.5,4169.2,4181.2,4234.1,91.6,97.3,90.2,91.7,92.7,92.9,91.5,90.5,91.3,89.8,89.8,90.3,90.6,97.3,91.6,111.5,118.8,110.0,112.0,113.2,113.3,111.6,110.3,111.1,108.9,108.9,109.9,110.2,111.5,46.9,45.8,49.0,49.0,45.5,46.0,46.0,0.0,94.9,98.1,96.0,96.1,93.7,92.1,93.0,5.1,1.9,4.0,3.9,6.3,7.9,7.0,0.0,0.0,0.0,0.0,0.0,0.0,0.0,2395.7,24.00,40,39,39,77,116,708,1,86.2,85.0,84.0,82.2,78.9,82.5,84.3,84.2,79.6,83.6,69.3,69.3,74.2,67.2,48.9,48.0,50.0,1.044,1.015,1.100,35.528,8.368,35.531,55.000,5.457,58.489,5.673,5.554,5.631,5.663,5.858,5.622,5.711,37.061,8.493,51.556,57.148,1996.4,2395.7,4653.4,4653.4,4667.4,64.9,47.4,36.7,64.9,100.0,いいえ,いいえ,いいえ,9.989,2.432,5.7,47.0,86.2,40.0,86.0,1.096,12.144,3.440,3.312,5.016,1.064,0.952,3.440,3.344,1.808,1.024,1.120,1.032,1.792,1.096,0.640,1.824,0.264,2045,いいえ,62.8,47.2,1.095,1.110,1.815,1.800,1.005,4.970,1.000,いいえ,いいえ,いいえ,45.2,1.095,1.110,1.815,1.800,1.005,4.970,0.875,いいえ,いいえ,いいえ,37,37,いいえ,はい,15390,14039,128,128,34,100.0,いいえ,いいえ,3868,2528,9990,44,46,54,100.0,100.0,いいえ,いいえ,7032,7745,0.0,0.0,0.0,0.000,0.000,1392,2689,0.0,0.0,0.0,0.000,0.000,181182,133153,0.0,0.1,0.1,0.000,0.025,67817,78177,69.5,0.720,38.000,600.0,2400.0,1200.0,100.0,0.0,0.0,0.0,0.0,0.0,0.0,0.0,0.0,0,0,16.0,93,いいえ,いいえ,いいえ,49.3,56.0,60.2,84.0,0.860,12.307,12.314,12.272,12.326,12.317,1246,1244,16.242,6.911,6.758,1.207,8.504,7.371,0.604,9.124,9.645,12.078,220.000,220.000,225.0,50.6,1185.0,234.8,1290.0,225.0,50.5,1399.1,36.0,28.0,7.0,9.0,11.9,8.8,27.4,0.0,7.8,0.0,30,30,はい,いいえ,いいえ,いいえ,いいえ,はい,いいえ,7.2,7.2,1,0,0,0,0,0,0,0,0,26,0,0,0,0,0,0,0,0,0,0,0,0,0,0,0,0,0,0,0,0,10820,1462,1185,238,2.5,28.9,29.8,25.2,24.5,24.4,28.9,32.1,25.8,25.8,25.7,25.7,34.58,39.68,33.42,33.38,40.94,10.76,23.83,34.28,0.30,1.56,0,0,0.0,0.0,44357,39698,9.1,684.9,0,24.4,40.94,0.0,
19.7.2026,1:22:13.407,15290,18621,45.0,11631,20232,36.5,2.5,2048,51,1.134,1.000,1.145,1.165,1.165,1.165,1.165,4791.4,4566.8,4866.2,4866.2,4816.3,4816.3,4816.3,99.8,4252.7,4541.1,4184.0,4340.1,4272.2,4321.5,4218.5,4205.1,4209.7,4173.6,4167.9,4204.5,4194.8,4252.7,92.2,97.4,90.6,94.0,92.5,93.7,91.4,91.3,91.3,90.8,90.7,91.3,91.0,97.4,92.2,112.1,118.8,110.3,114.4,112.6,113.9,111.3,111.0,111.1,110.2,110.1,111.0,110.8,112.1,48.0,45.8,48.8,48.8,48.2,48.2,48.2,0.0,95.0,97.9,96.6,95.6,93.6,92.6,93.4,5.0,2.1,3.4,4.4,6.4,7.4,6.6,0.0,0.0,0.0,0.0,0.0,0.0,0.0,2395.7,24.00,40,39,39,77,116,708,1,86.2,85.0,86.2,82.1,78.7,82.5,84.3,84.1,79.6,83.6,69.2,69.2,74.8,67.6,48.9,48.0,50.0,1.045,1.015,1.100,35.604,8.445,35.589,56.000,5.482,58.652,5.651,5.485,5.617,5.660,5.809,5.628,5.709,37.190,8.571,51.792,57.392,1996.4,2395.7,4655.5,4655.5,4670.4,65.2,47.5,37.3,65.2,100.0,いいえ,いいえ,いいえ,10.381,2.523,5.7,46.0,86.2,40.0,86.0,1.064,12.144,3.440,3.328,5.040,1.064,0.952,3.440,3.344,1.808,1.024,1.120,1.032,1.792,1.096,0.640,1.824,0.264,2042,いいえ,62.8,47.0,1.095,1.110,1.815,1.800,1.005,5.040,0.625,いいえ,いいえ,いいえ,45.2,1.095,1.110,1.815,1.800,1.005,5.040,1.000,いいえ,いいえ,いいえ,37,37,いいえ,はい,15390,14039,128,128,34,100.0,いいえ,いいえ,3868,2528,9990,44,46,54,100.0,100.0,いいえ,いいえ,7032,7745,0.0,11.7,11.7,0.000,0.008,1392,2689,0.0,0.0,0.0,0.000,0.000,181182,133153,0.0,0.1,0.1,0.000,0.033,67817,78177,69.4,0.720,36.000,600.0,2400.0,1200.0,100.0,0.0,0.0,0.0,0.0,0.0,0.0,0.0,0.0,0,0,16.0,93,いいえ,いいえ,いいえ,49.0,56.0,60.0,84.0,0.860,12.313,12.323,12.276,12.331,12.320,1241,1239,16.104,7.001,6.837,1.232,8.520,7.460,0.616,9.142,9.106,13.092,220.000,220.000,210.0,50.6,1185.0,225.0,1290.0,209.9,50.5,1398.8,36.0,28.0,7.0,9.0,11.9,9.0,28.2,0.0,7.7,0.0,30,30,はい,いいえ,いいえ,いいえ,いいえ,はい,いいえ,7.3,7.8,1,0,0,0,0,0,0,0,0,26,0,0,0,0,0,0,0,0,0,0,0,0,0,0,0,0,0,0,0,0,10820,1462,1185,232,2.5,29.4,30.2,28.2,28.1,28.1,29.4,31.4,27.5,27.4,27.4,27.4,33.96,35.52,33.14,33.12,35.60,11.15,22.87,33.70,0.26,1.19,0,0,0.0,0.0,44357,39699,9.2,695.5,0,28.1,35.60,0.0,
19.7.2026,1:22:15.516,15289,18622,45.0,11627,20236,36.4,2.5,2048,51,1.096,1.040,1.155,1.155,1.155,1.035,1.035,4745.6,4616.7,4841.3,4866.2,4866.2,4641.6,4641.6,99.8,4229.7,4540.0,4156.1,4293.8,4247.2,4276.9,4249.2,4191.8,4173.2,4147.5,4154.9,4153.0,4173.1,4229.7,91.3,96.9,89.7,92.8,91.7,92.4,91.8,90.7,90.3,89.8,89.9,89.8,90.2,96.9,91.3,111.4,118.4,109.5,113.2,112.0,112.8,112.0,110.5,109.9,109.2,109.5,109.4,109.9,111.4,47.5,46.2,48.5,48.8,48.8,46.5,46.5,0.0,94.5,97.7,96.0,95.4,93.3,92.1,92.6,5.5,2.3,4.0,4.6,6.7,7.9,7.4,0.0,0.0,0.0,0.0,0.0,0.0,0.0,2395.7,24.00,40,39,39,77,116,708,1,86.2,85.0,85.4,82.1,78.6,82.8,84.1,84.0,79.5,83.6,69.2,69.2,75.5,67.4,49.0,48.0,50.0,1.050,1.015,1.100,35.537,8.458,35.532,55.000,5.448,58.744,5.680,5.494,5.772,5.606,5.794,5.657,5.760,37.281,8.585,51.859,57.473,1996.4,2395.7,4664.8,4664.8,4680.0,65.3,47.4,36.7,65.3,100.0,いいえ,いいえ,いいえ,10.513,2.550,5.7,46.0,86.0,40.0,86.0,1.280,12.197,3.440,3.328,5.040,1.064,0.952,3.440,3.344,1.808,1.024,1.120,1.040,1.792,1.096,0.640,1.824,0.264,2045,いいえ,62.8,47.0,1.110,1.110,1.815,1.800,1.005,5.040,0.500,いいえ,いいえ,いいえ,45.2,1.110,1.110,1.815,1.800,1.005,5.040,0.375,いいえ,いいえ,いいえ,37,37,いいえ,はい,15390,14039,128,128,34,100.0,いいえ,いいえ,3868,2528,9990,44,46,54,100.0,100.0,いいえ,いいえ,7032,7745,0.0,0.0,0.0,0.000,0.003,1392,2689,0.0,0.0,0.0,0.000,0.000,181182,133153,0.0,0.0,0.0,0.000,0.011,67817,78177,69.4,0.720,18.000,600.0,2400.0,1200.0,100.0,0.0,0.0,0.0,0.0,0.0,0.0,0.0,0.0,0,0,16.0,93,いいえ,いいえ,いいえ,48.4,58.0,59.4,84.0,0.860,12.319,12.328,12.282,12.338,12.327,1243,1242,14.438,5.183,3.447,0.222,8.192,3.566,0.111,8.316,8.736,8.878,220.000,220.000,210.0,50.6,1185.0,210.0,1290.0,209.9,50.5,1399.0,2.0,5.0,1.0,0.0,11.8,6.2,18.5,0.0,6.1,0.0,30,30,はい,いいえ,いいえ,いいえ,いいえ,はい,いいえ,5.3,6.0,1,0,0,0,0,0,0,0,0,26,0,0,0,0,0,0,0,0,0,0,0,0,0,0,0,0,0,0,0,0,10836,1446,1169,232,2.5,29.8,30.8,27.6,27.5,27.5,29.8,31.7,26.8,26.7,26.6,26.6,33.57,36.19,32.37,32.36,36.26,11.38,22.22,33.27,0.29,1.27,0,0,0.0,0.0,44357,39700,12.5,618.5,0,27.5,36.26,0.0,
19.7.2026,1:22:17.401,12860,21050,37.9,9758,22105,30.6,2.5,2048,51,1.186,1.130,1.225,1.190,1.190,1.190,1.190,4882.9,4816.3,4916.1,4891.2,4891.2,4891.2,4891.2,99.8,1541.5,2788.2,1311.0,2389.1,2434.3,1643.8,1814.5,1129.2,1070.7,881.2,878.9,1106.7,1050.4,1541.5,31.7,52.6,26.8,47.7,49.5,33.1,37.8,23.7,23.4,19.6,19.3,23.9,22.5,52.6,31.7,39.9,64.4,33.8,61.5,64.1,42.1,48.0,29.3,29.1,24.4,24.1,29.9,28.2,39.9,48.9,48.2,49.2,49.0,49.0,49.0,49.0,0.0,47.0,60.6,80.5,55.0,32.4,23.5,30.0,37.4,39.4,19.4,45.0,51.9,26.4,42.5,15.6,0.0,0.2,0.0,15.7,50.2,27.5,2395.7,24.00,40,39,39,77,116,708,1,86.0,83.8,85.0,74.7,73.8,81.3,78.1,73.7,68.7,72.5,68.5,68.5,74.2,67.1,49.0,48.0,50.0,1.213,1.015,1.100,24.087,8.046,24.100,55.000,5.396,49.267,4.819,4.629,10.203,5.709,3.308,2.079,2.988,28.746,8.167,42.849,48.068,1996.4,2395.7,4950.5,4950.5,4960.2,54.6,32.1,36.7,54.6,98.6,いいえ,いいえ,いいえ,3.190,1.996,2.8,46.0,84.8,40.0,84.0,1.240,12.144,3.440,3.312,5.040,1.064,0.952,3.440,3.344,1.808,1.024,1.120,1.040,1.792,1.096,0.640,1.824,0.264,2045,いいえ,62.8,47.0,1.110,1.110,1.815,1.800,1.005,5.040,0.250,いいえ,いいえ,いいえ,45.2,1.110,1.110,1.815,1.800,1.005,5.040,0.250,いいえ,いいえ,いいえ,37,37,いいえ,はい,15390,14039,128,128,34,100.0,いいえ,いいえ,3868,2528,9990,44,46,54,100.0,100.0,いいえ,いいえ,7032,7745,0.0,0.0,0.0,0.000,0.000,1392,2689,0.0,0.0,0.0,0.000,0.000,181182,133153,0.0,0.2,0.2,0.000,0.476,67817,78178,69.2,0.720,20.000,600.0,2400.0,1200.0,100.0,0.0,0.0,0.0,0.0,0.0,0.0,0.0,0.0,0,0,16.0,93,いいえ,いいえ,いいえ,49.5,58.0,59.9,84.0,0.940,12.319,12.333,12.264,12.348,12.332,1238,1238,32.864,13.471,14.889,7.474,16.324,18.621,3.737,20.066,13.288,13.372,220.000,220.000,2475.0,1312.7,2010.0,1883.6,2010.0,2474.9,1311.7,2009.6,0.0,0.0,0.0,0.0,8.2,0.1,0.4,0.0,0.0,0.0,30,30,はい,いいえ,いいえ,いいえ,いいえ,はい,いいえ,15.9,16.1,1,0,0,0,0,0,0,0,0,27,0,0,0,0,0,0,0,0,0,0,0,0,0,0,0,0,0,0,0,0,11280,1002,724,67,16.0,2.0,32.3,1.0,1.0,1.0,2.1,38.4,1.1,1.1,1.1,1.1,497.49,963.99,30.98,22.41,973.51,1.35,9.31,497.49,0.00,953.25,0,0,0.0,0.0,44357,39701,7.2,298.4,0,1.0,973.51,0.0,
19.7.2026,1:22:19.410,12975,20936,38.2,9847,22016,30.9,2.5,2048,51,1.134,1.195,0.810,1.200,1.200,1.200,1.200,4117.6,4941.1,4941.1,3294.1,4941.1,3294.1,3294.1,99.8,519.3,1585.6,913.6,446.2,840.0,513.1,403.4,231.8,200.7,134.8,124.6,421.0,416.1,519.3,9.4,20.9,17.2,10.1,16.4,10.9,7.4,4.5,3.6,2.4,2.4,8.2,8.4,20.9,9.4,12.5,27.9,23.0,13.4,21.9,14.5,9.9,6.0,5.0,3.4,3.3,10.8,10.9,12.5,41.2,49.5,49.5,33.0,49.5,33.0,33.0,0.0,17.7,32.6,26.4,19.0,9.4,5.1,13.7,46.0,67.4,73.6,49.8,33.6,19.2,32.5,36.3,0.0,0.0,31.2,57.0,75.7,53.8,2395.7,24.00,40,39,39,77,116,708,1,83.6,76.3,73.8,67.2,69.0,70.0,68.0,66.0,63.6,66.6,66.3,66.3,73.0,66.6,48.9,48.0,50.0,1.198,1.015,1.100,14.719,8.383,14.753,43.000,6.077,39.026,2.103,3.437,3.308,2.233,1.229,0.713,1.700,17.758,8.510,32.952,38.017,1996.4,2395.7,4939.8,4939.8,5085.4,43.2,19.7,28.7,43.2,89.8,いいえ,いいえ,いいえ,0.736,0.393,1.1,46.0,83.2,40.0,83.0,1.224,12.197,3.440,3.328,5.040,1.064,0.952,3.440,3.344,1.808,1.024,1.120,1.040,1.792,1.096,0.640,1.824,0.264,2042,いいえ,62.8,46.8,1.110,1.110,1.800,1.800,1.005,5.040,0.250,いいえ,いいえ,いいえ,45.2,1.110,1.110,1.800,1.800,1.005,5.040,1.250,いいえ,いいえ,いいえ,37,37,いいえ,はい,15390,14039,128,128,34,100.0,いいえ,いいえ,3868,2528,9990,44,46,55,100.0,100.0,いいえ,いいえ,7032,7745,0.0,0.0,0.0,0.000,0.008,1392,2689,0.0,0.0,0.0,0.000,0.000,181182,133153,0.2,0.6,0.9,0.315,4.466,67818,78186,68.8,0.720,12.000,600.0,2400.0,1200.0,100.0,0.0,0.0,0.0,0.0,0.0,0.0,0.0,0.0,0,0,16.0,93,いいえ,いいえ,いいえ,48.4,56.0,59.3,84.0,0.925,12.319,12.329,12.278,12.340,12.329,1241,1242,25.654,7.866,9.242,0.912,8.582,9.699,0.468,9.052,12.438,12.531,220.000,220.000,465.0,101.2,1995.0,1744.1,1995.0,464.8,101.1,1995.1,2.0,3.0,2.0,0.0,8.1,15.3,58.9,0.0,2.2,0.0,30,30,はい,いいえ,いいえ,いいえ,いいえ,はい,いいえ,8.3,8.3,1,0,0,0,0,0,0,0,0,28,0,0,0,0,0,0,0,0,0,0,0,0,0,0,0,0,0,0,0,0,11285,997,719,78,5.0,2.0,32.3,1.0,1.0,1.0,2.1,38.4,1.1,1.1,1.1,1.1,497.49,963.99,30.98,22.41,973.51,1.35,9.31,497.49,0.00,953.25,0,0,0.0,0.0,44357,39701,7.6,250.3,0,1.0,973.51,0.0,
19.7.2026,1:22:21.492,12986,20925,38.2,9854,22009,30.9,2.5,2048,51,1.242,1.275,1.235,1.235,1.235,1.235,1.235,3859.7,5040.9,3294.1,4941.1,3294.1,3294.1,3294.1,99.8,805.8,2891.7,2354.3,1118.0,444.9,375.6,393.6,165.6,182.9,230.5,231.6,647.9,633.1,805.8,13.5,27.2,47.5,22.4,8.2,7.7,8.1,2.7,3.6,4.0,4.1,13.3,12.8,47.5,13.5,17.5,35.7,61.6,29.2,10.9,9.5,9.9,4.2,4.5,5.8,5.8,16.6,16.2,17.5,38.7,50.5,33.0,49.5,33.0,33.0,33.0,0.0,24.1,59.7,31.4,16.5,7.6,7.9,21.3,53.1,40.3,68.6,73.9,40.2,40.2,55.1,22.9,0.0,0.0,9.6,52.2,51.8,23.6,2395.7,24.00,40,39,39,77,116,708,1,84.5,79.7,85.9,68.4,75.3,70.0,67.3,65.7,64.0,68.2,65.7,65.7,71.8,66.0,48.8,48.0,50.0,1.204,1.015,1.100,18.087,8.185,18.072,41.000,5.596,42.337,2.837,5.868,3.554,2.391,1.198,1.307,2.707,21.936,8.308,36.399,41.474,1996.4,2395.7,4941.3,4941.3,4983.4,47.1,24.1,27.3,47.1,93.8,いいえ,いいえ,いいえ,1.751,0.837,1.4,46.0,84.8,40.0,84.0,1.240,12.197,3.440,3.328,5.040,1.064,0.952,3.440,3.344,1.808,1.024,1.120,1.040,1.792,1.096,0.640,1.824,0.264,2045,いいえ,62.8,46.8,1.110,1.110,1.800,1.800,1.005,5.040,0.375,いいえ,いいえ,いいえ,45.2,1.110,1.110,1.800,1.800,1.005,5.040,0.250,いいえ,いいえ,いいえ,37,37,いいえ,はい,15390,14039,128,128,34,100.0,いいえ,いいえ,3868,2528,9990,44,46,55,100.0,100.0,いいえ,いいえ,7032,7745,0.0,0.1,0.1,0.000,0.008,1392,2689,0.0,0.0,0.0,0.000,0.000,181182,133153,1.1,1.4,2.4,0.587,2.194,67819,78191,68.2,0.720,22.000,600.0,2400.0,1200.0,100.0,0.0,0.0,0.0,0.0,0.0,0.0,0.0,0.0,0,0,16.0,93,いいえ,いいえ,いいえ,47.7,56.0,58.6,84.0,0.860,12.314,12.324,12.277,12.333,12.323,1244,1241,13.010,5.480,4.242,0.468,8.250,4.477,0.234,8.491,8.649,9.027,220.000,220.000,255.0,50.6,1185.0,365.0,1290.0,255.0,50.5,1388.2,9.0,10.0,8.0,1.0,8.2,5.4,11.9,0.0,9.6,0.0,30,30,はい,いいえ,いいえ,いいえ,いいえ,はい,いいえ,5.8,5.5,1,0,0,0,0,0,0,0,0,29,0,0,0,0,0,0,0,0,0,0,0,0,0,0,0,0,0,0,0,0,11281,1001,724,81,2.5,0.6,0.6,0.6,0.6,0.6,0.6,0.6,0.6,0.6,0.6,0.6,1647.42,1647.42,1647.42,1647.42,1647.42,2.61,9.45,1647.38,0.04,0.00,0,0,0.0,0.0,44357,39703,10.9,646.6,0,0.6,1647.42,0.0,
19.7.2026,1:22:23.414,12942,20969,38.1,9813,22050,30.7,2.5,2048,51,1.205,1.255,1.195,1.195,1.195,1.195,1.195,4378.2,4966.0,4916.1,4916.1,3277.4,3277.4,4916.1,99.8,1064.4,4581.0,4371.2,338.6,433.7,377.8,300.2,69.7,115.9,253.1,236.1,799.8,896.1,1064.4,16.0,29.3,88.6,6.1,8.2,7.1,6.0,1.8,2.0,5.4,4.3,15.6,18.0,88.6,16.0,20.9,40.0,115.2,8.3,10.6,9.3,7.5,1.6,2.8,6.3,5.8,20.4,23.0,20.9,43.9,49.8,49.2,49.2,32.8,32.8,49.2,0.0,27.2,93.0,16.1,14.4,3.9,8.1,27.5,51.8,7.0,83.9,75.7,30.7,49.1,64.1,21.1,0.0,0.0,9.8,65.4,42.8,8.4,2395.7,24.00,40,39,39,77,116,708,1,85.2,83.6,87.4,69.5,83.2,67.4,66.8,65.4,64.7,69.7,66.1,66.1,71.8,65.9,48.8,48.0,50.0,1.225,1.015,1.100,20.027,7.895,20.037,38.000,5.380,44.589,3.175,8.301,2.652,2.316,0.799,1.474,3.511,24.494,8.014,38.425,43.532,1996.4,2395.7,4945.2,4945.2,4951.7,49.5,26.7,25.3,49.5,98.3,いいえ,いいえ,いいえ,1.817,0.656,1.6,46.0,84.5,40.0,84.0,1.232,12.144,3.440,3.328,5.040,1.064,0.952,3.440,3.344,1.808,1.024,1.120,1.040,1.792,1.096,0.648,1.824,0.264,2045,いいえ,62.8,46.5,1.110,1.110,1.800,1.800,0.990,5.040,0.500,いいえ,いいえ,いいえ,45.2,1.110,1.110,1.800,1.800,1.005,5.040,0.625,いいえ,いいえ,いいえ,37,37,いいえ,はい,15390,14039,128,128,34,100.0,いいえ,いいえ,3868,2528,9990,44,46,55,100.0,100.0,いいえ,いいえ,7032,7745,0.0,0.0,0.0,0.000,0.002,1392,2689,0.0,0.0,0.0,0.000,0.000,181182,133153,0.2,0.1,0.3,0.484,0.081,67820,78191,68.0,0.720,17.000,600.0,2400.0,1200.0,100.0,0.0,0.0,0.0,0.0,0.0,0.0,0.0,0.0,0,0,16.0,93,いいえ,いいえ,いいえ,47.4,56.0,58.2,84.0,0.860,12.318,12.328,12.280,12.337,12.326,1240,1239,12.802,5.833,5.141,0.690,8.314,5.490,0.345,8.673,8.557,9.455,220.000,220.000,270.0,50.6,1185.0,270.0,1290.0,270.0,50.5,1388.8,29.0,17.0,15.0,9.0,8.4,5.4,12.7,0.0,9.1,0.0,30,30,はい,いいえ,いいえ,いいえ,いいえ,はい,いいえ,6.3,6.6,1,0,0,0,0,0,0,0,0,29,0,0,0,0,0,0,0,0,0,0,0,0,0,0,0,0,0,0,0,0,11254,1028,750,88,2.5,1.6,332.3,0.6,0.6,0.6,1.6,52.6,0.6,0.6,0.6,0.6,610.97,1669.05,3.01,0.64,1700.42,20.18,369.20,610.97,0.00,666.65,0,0,0.0,0.0,44357,39704,12.8,819.5,0,0.6,1700.42,0.0,
19.7.2026,1:22:25.422,12928,20983,38.1,9824,22039,30.8,2.5,2048,51,1.268,1.280,1.265,1.265,1.265,1.265,1.265,4704.8,4032.7,5040.9,5040.9,5040.9,4032.7,5040.9,99.8,770.5,2814.3,2222.8,443.4,471.5,409.5,424.4,127.5,134.3,341.1,329.0,794.7,733.7,770.5,13.2,30.2,43.3,8.2,8.8,7.6,8.9,2.3,2.6,7.3,7.9,16.0,14.8,43.3,13.2,17.0,41.3,57.5,11.1,11.4,10.3,10.7,3.0,3.2,8.6,8.3,20.2,18.6,17.0,47.1,40.4,50.5,50.5,50.5,40.4,50.5,0.0,22.2,57.3,18.5,17.7,5.7,10.9,23.1,55.7,42.7,81.5,69.0,34.7,49.7,56.6,22.1,0.0,0.0,13.2,59.6,39.4,20.3,2395.7,24.00,40,39,39,77,116,708,1,83.5,76.9,83.5,67.7,74.3,67.2,66.7,64.9,64.9,68.3,65.4,65.4,72.0,65.8,48.8,48.0,50.0,1.210,1.015,1.100,17.886,7.840,17.853,46.500,5.358,41.462,2.829,5.720,2.818,2.503,1.046,1.742,3.147,21.800,7.958,35.652,40.709,1996.4,2395.7,4957.9,4957.9,5048.8,46.3,23.8,31.0,46.3,90.5,いいえ,いいえ,いいえ,1.993,0.752,1.3,46.0,81.9,40.0,81.0,1.024,12.197,3.440,3.328,5.040,1.064,0.960,3.440,3.344,1.808,1.024,1.120,1.040,1.792,1.096,0.648,1.824,0.264,2048,いいえ,62.8,46.5,1.110,1.110,1.800,1.800,0.990,5.040,0.250,いいえ,いいえ,いいえ,45.0,1.110,1.110,1.800,1.800,0.990,5.040,0.250,いいえ,いいえ,いいえ,37,37,いいえ,はい,15390,14039,128,128,34,100.0,いいえ,いいえ,3868,2528,9990,44,46,54,100.0,100.0,いいえ,いいえ,7032,7745,0.0,0.1,0.1,0.000,0.008,1392,2689,0.0,0.0,0.0,0.000,0.000,181182,133153,0.1,0.1,0.2,0.071,0.368,67820,78192,67.7,0.720,8.000,600.0,2400.0,1200.0,100.0,0.0,0.0,0.0,0.0,0.0,0.0,0.0,0.0,0,0,16.0,93,いいえ,いいえ,いいえ,47.1,54.0,57.9,84.0,0.860,12.318,12.328,12.281,12.337,12.326,1240,1239,11.664,4.976,2.758,0.296,8.228,2.912,0.148,8.388,8.485,8.593,220.000,220.000,210.0,50.6,1185.0,213.8,1290.0,210.0,50.5,1388.1,1.0,6.0,0.0,0.0,8.3,2.9,5.8,0.0,5.8,0.0,30,30,はい,いいえ,いいえ,いいえ,いいえ,はい,いいえ,5.1,5.6,1,0,0,0,0,0,0,0,0,29,0,0,0,0,0,0,0,0,0,0,0,0,0,0,0,0,0,0,0,0,11269,1013,736,88,2.5,1.6,332.3,0.6,0.6,0.6,1.6,52.6,0.6,0.6,0.6,0.6,610.97,1669.05,3.01,0.64,1700.42,20.18,369.20,610.97,0.00,666.65,0,0,0.0,0.0,44357,39706,28.3,999.4,0,0.6,1700.42,0.0,
19.7.2026,1:22:27.414,12909,21002,38.0,9815,22048,30.8,2.5,2048,51,1.050,1.050,1.050,1.050,1.050,1.050,1.050,4691.5,4691.5,4691.5,4691.5,4691.5,4691.5,4691.5,99.8,229.5,1001.3,565.0,124.0,350.3,186.0,216.7,63.5,68.1,35.9,26.0,67.6,49.6,229.5,3.9,12.2,10.6,2.6,7.0,3.7,4.4,1.2,1.4,0.9,0.6,1.5,1.0,12.2,3.9,4.8,15.6,13.8,3.1,8.7,4.6,5.3,1.4,1.6,0.8,0.6,1.6,1.1,4.8,47.0,47.0,47.0,47.0,47.0,47.0,47.0,0.0,7.8,21.1,10.0,8.7,3.1,1.4,2.5,38.6,78.9,90.0,33.0,12.2,6.1,11.5,53.6,0.0,0.0,58.3,84.7,92.6,86.0,2395.7,24.00,40,39,39,77,116,708,1,80.4,71.8,66.4,61.9,63.7,63.4,61.8,60.9,60.4,60.9,63.4,63.4,70.8,65.1,48.6,48.0,50.0,1.103,1.015,1.100,8.417,7.767,8.467,43.000,5.325,29.265,0.885,1.982,1.572,0.874,0.391,0.184,0.307,9.544,7.884,23.286,28.347,1996.4,2395.7,4774.8,4774.8,4876.2,32.2,11.3,28.7,32.2,84.5,いいえ,いいえ,いいえ,0.295,0.080,0.5,46.0,78.1,40.0,78.0,1.056,12.197,3.440,3.328,5.040,1.064,0.960,3.440,3.344,1.808,1.024,1.120,1.040,1.792,1.096,0.648,1.824,0.264,2048,いいえ,62.8,46.5,1.110,1.110,1.800,1.800,0.990,5.040,0.375,いいえ,いいえ,いいえ,45.0,1.110,1.110,1.800,1.800,0.990,5.040,0.250,いいえ,いいえ,いいえ,37,37,いいえ,はい,15390,14039,128,128,34,100.0,いいえ,いいえ,3868,2528,9990,44,46,54,100.0,100.0,いいえ,いいえ,7032,7745,0.0,0.0,0.0,0.000,0.002,1392,2689,0.0,0.0,0.0,0.000,0.000,181182,133153,0.0,0.0,0.0,0.004,0.136,67820,78192,67.2,0.720,5.000,600.0,2400.0,1200.0,100.0,0.0,0.0,0.0,0.0,0.0,0.0,0.0,0.0,0,0,16.0,93,いいえ,いいえ,いいえ,46.8,54.0,57.5,84.0,0.860,12.320,12.330,12.282,12.340,12.328,1240,1241,11.305,5.003,2.859,0.296,8.241,3.011,0.148,8.390,8.523,8.557,220.000,220.000,210.0,50.6,1185.0,210.0,1290.0,210.1,50.5,1388.0,1.0,6.0,0.0,0.0,8.3,0.6,0.7,0.0,1.5,0.0,30,30,はい,いいえ,いいえ,いいえ,いいえ,はい,いいえ,5.1,5.3,1,0,0,0,0,0,0,0,0,29,0,0,0,0,0,0,0,0,0,0,0,0,0,0,0,0,0,0,0,0,11269,1013,736,88,2.5,1.6,332.3,0.6,0.6,0.6,1.6,52.6,0.6,0.6,0.6,0.6,610.97,1669.05,3.01,0.64,1700.42,20.18,369.20,610.97,0.00,666.65,0,0,0.0,0.0,44357,39706,12.4,184.6,0,0.6,1700.42,0.0,
19.7.2026,1:22:29.422,12895,21016,38.0,9811,22052,30.7,2.5,2048,51,1.050,1.050,1.050,1.050,1.050,1.050,1.050,3649.0,4691.5,3127.7,4691.5,3127.7,3127.7,3127.7,99.8,150.1,691.2,348.0,99.0,225.7,98.9,149.4,22.7,40.7,14.4,14.9,44.4,52.1,150.1,2.2,9.2,6.4,1.6,4.8,1.5,2.6,0.0,0.3,0.0,0.0,0.0,0.4,9.2,2.2,3.1,11.2,8.1,2.5,5.5,2.4,3.6,0.5,0.9,0.3,0.3,1.0,1.2,3.1,36.6,47.0,31.3,47.0,31.3,31.3,31.3,0.0,5.2,14.8,7.1,5.6,1.5,0.6,1.8,37.1,85.2,91.4,31.0,6.2,2.8,5.8,57.7,0.0,1.5,63.4,92.3,96.7,92.3,2395.7,24.00,40,39,39,77,116,708,1,77.8,70.5,64.6,59.5,60.8,60.8,59.3,58.7,58.6,58.9,61.6,61.6,70.2,64.5,48.4,47.9,50.0,1.045,1.015,1.100,6.346,7.591,6.344,19.500,5.313,25.737,0.508,1.318,1.027,0.415,0.098,0.057,0.130,6.651,7.705,20.200,25.185,1996.4,2395.7,4677.5,4677.5,4717.7,28.6,8.5,13.0,28.6,82.9,いいえ,いいえ,いいえ,0.156,0.045,0.3,46.0,76.8,40.0,76.0,1.032,12.197,3.456,3.328,5.040,1.064,0.960,3.440,3.344,1.808,1.024,1.120,1.040,1.792,1.096,0.648,1.824,0.264,2048,いいえ,62.8,46.2,1.110,1.110,1.800,1.800,0.990,5.040,0.250,いいえ,いいえ,いいえ,45.0,1.110,1.110,1.800,1.800,0.990,5.040,0.250,いいえ,いいえ,いいえ,37,37,いいえ,はい,15390,14039,128,128,34,100.0,いいえ,いいえ,3868,2528,9990,44,46,54,100.0,100.0,いいえ,いいえ,7032,7745,0.0,0.0,0.0,0.000,0.004,1392,2689,0.0,0.0,0.0,0.000,0.000,181182,133153,0.0,0.0,0.0,0.000,0.065,67820,78192,66.5,0.720,13.000,600.0,2400.0,1200.0,100.0,0.0,0.0,0.0,0.0,0.0,0.0,0.0,0.0,0,0,16.0,93,いいえ,いいえ,いいえ,46.5,56.0,57.2,84.0,0.860,12.321,12.330,12.283,12.340,12.329,1238,1241,11.023,4.902,2.579,0.247,8.217,2.702,0.123,8.352,8.478,8.517,220.000,220.000,210.0,50.6,1185.0,210.0,1290.0,210.0,50.5,1388.5,2.0,5.0,1.0,0.0,8.3,0.8,1.2,0.0,2.0,0.0,30,30,はい,いいえ,いいえ,いいえ,いいえ,はい,いいえ,5.0,5.5,1,0,0,0,0,0,0,0,0,29,0,0,0,0,0,0,0,0,0,0,0,0,0,0,0,0,0,0,0,0,11269,1013,736,88,2.5,1.6,332.3,0.6,0.6,0.6,1.6,52.6,0.6,0.6,0.6,0.6,610.97,1669.05,3.01,0.64,1700.42,20.18,369.20,610.97,0.00,666.65,0,0,0.0,0.0,44357,39707,6.8,114.6,0,0.6,1700.42,0.0,
19.7.2026,1:22:31.416,12886,21025,37.9,9810,22053,30.7,2.5,2048,51,1.050,1.050,1.050,1.050,1.050,1.050,1.050,3776.5,4691.5,3593.5,3593.5,3593.5,3593.5,3593.5,99.8,143.5,663.9,347.6,105.5,228.4,68.5,138.9,19.1,37.4,12.9,13.4,39.7,46.6,143.5,2.5,8.0,6.2,2.7,4.1,1.0,3.3,0.9,0.0,3.0,0.0,0.0,1.3,8.0,2.5,3.0,10.5,8.4,2.6,5.5,1.6,3.4,0.4,0.8,0.3,0.3,0.9,1.0,3.0,37.8,47.0,36.0,36.0,36.0,36.0,36.0,0.0,5.0,14.3,7.1,4.7,1.4,0.6,1.7,36.7,85.7,92.4,25.3,5.5,2.6,8.6,58.3,0.0,0.5,70.0,93.1,96.8,89.6,2395.7,24.00,40,39,39,77,116,708,1,75.8,69.9,63.5,58.9,60.1,60.2,58.6,58.1,57.9,58.3,60.9,60.9,70.0,64.2,48.2,47.8,50.0,1.045,1.015,1.100,6.225,7.614,6.225,21.500,5.309,25.657,0.487,1.260,1.038,0.340,0.087,0.053,0.145,6.525,7.728,20.093,25.079,1996.4,2395.7,4677.1,4677.1,4717.7,28.5,8.3,14.3,28.5,82.3,いいえ,いいえ,いいえ,0.145,0.041,0.3,46.0,74.9,40.0,74.0,1.056,12.197,3.440,3.328,5.040,1.064,0.960,3.440,3.344,1.808,1.024,1.120,1.040,1.792,1.096,0.648,1.824,0.264,2045,いいえ,62.8,46.2,1.110,1.110,1.800,1.800,0.990,5.040,0.250,いいえ,いいえ,いいえ,45.0,1.110,1.110,1.800,1.800,0.990,5.040,0.250,いいえ,いいえ,いいえ,37,37,いいえ,はい,15390,14039,128,128,34,100.0,いいえ,いいえ,3868,2528,9990,44,46,54,100.0,100.0,いいえ,いいえ,7032,7745,0.0,10.9,10.9,0.000,0.010,1392,2689,0.0,0.0,0.0,0.000,0.000,181182,133153,0.0,0.1,0.1,0.073,0.151,67820,78192,66.1,0.720,7.000,600.0,2400.0,1200.0,100.0,0.0,0.0,0.0,0.0,0.0,0.0,0.0,0.0,0,0,16.0,93,いいえ,いいえ,いいえ,46.2,54.0,56.9,84.0,0.860,12.320,12.329,12.282,12.340,12.328,1240,1239,11.223,5.005,2.932,0.296,8.229,3.073,0.148,8.379,8.522,8.464,220.000,220.000,210.0,50.6,1185.0,210.0,1290.0,210.0,50.5,1388.3,2.0,6.0,1.0,0.0,8.3,0.6,0.9,0.0,1.4,0.0,30,30,はい,いいえ,いいえ,いいえ,いいえ,はい,いいえ,5.2,5.3,1,0,0,0,0,0,0,0,0,29,0,0,0,0,0,0,0,0,0,0,0,0,0,0,0,0,0,0,0,0,11269,1013,736,88,2.5,1.6,332.3,0.6,0.6,0.6,1.6,52.6,0.6,0.6,0.6,0.6,610.97,1669.05,3.01,0.64,1700.42,20.18,369.20,610.97,0.00,666.65,0,0,0.0,0.0,44357,39707,6.6,146.8,0,0.6,1700.42,0.0,
19.7.2026,1:22:33.415,12891,21020,38.0,9812,22051,30.7,2.5,2048,51,1.050,1.050,1.050,1.050,1.050,1.050,1.050,4691.5,4691.5,4691.5,4691.5,4691.5,4691.5,4691.5,99.8,210.1,951.5,496.8,139.2,243.9,113.2,201.7,24.8,57.7,21.8,31.6,163.0,76.0,210.1,3.4,12.4,8.7,2.2,4.2,2.3,3.6,0.0,2.1,0.0,1.5,3.6,0.0,12.4,3.4,4.6,16.4,12.1,3.5,6.0,2.8,5.0,0.6,1.4,0.5,0.7,4.2,1.8,4.6,47.0,47.0,47.0,47.0,47.0,47.0,47.0,0.0,7.2,20.3,8.2,7.1,2.0,1.1,4.6,39.4,79.7,91.8,35.8,8.9,4.4,16.0,53.4,0.0,0.0,57.1,89.1,94.5,79.4,2395.7,24.00,40,39,39,77,116,708,1,74.1,69.5,63.1,58.8,60.5,59.9,58.5,57.9,57.6,58.4,60.6,60.6,69.0,63.8,48.1,47.7,50.0,1.045,1.015,1.100,6.875,7.653,6.873,22.500,5.304,26.387,0.627,1.592,1.087,0.506,0.129,0.083,0.364,7.209,7.768,20.812,25.806,1996.4,2395.7,4678.3,4678.3,4717.7,29.3,9.2,15.0,29.3,81.8,いいえ,いいえ,いいえ,0.298,0.081,0.4,46.0,73.4,40.0,73.0,1.048,12.197,3.440,3.328,5.040,1.064,0.960,3.440,3.344,1.808,1.024,1.120,1.040,1.792,1.096,0.648,1.824,0.264,2048,いいえ,62.8,46.0,1.110,1.110,1.800,1.800,0.990,5.040,0.250,いいえ,いいえ,いいえ,44.8,1.110,1.110,1.800,1.800,0.990,5.040,0.500,いいえ,いいえ,いいえ,37,37,いいえ,はい,15390,14039,128,128,34,100.0,いいえ,いいえ,3868,2528,9990,44,46,55,100.0,100.0,いいえ,いいえ,7032,7745,0.0,0.0,0.0,0.000,0.004,1392,2689,0.0,0.0,0.0,0.000,0.000,181182,133153,0.5,0.0,0.5,0.592,0.024,67821,78192,65.8,0.720,11.000,600.0,2400.0,1200.0,100.0,0.0,0.0,0.0,0.0,0.0,0.0,0.0,0.0,0,0,16.0,93,いいえ,いいえ,いいえ,46.0,54.0,56.6,84.0,0.860,12.321,12.328,12.284,12.341,12.329,1241,1239,11.164,4.915,2.671,0.271,8.230,2.801,0.136,8.369,8.403,8.435,220.000,220.000,210.0,50.6,1185.0,210.0,1290.0,210.1,50.5,1388.7,4.0,5.0,3.0,0.0,8.3,0.6,0.8,0.0,1.5,0.0,30,30,はい,いいえ,いいえ,いいえ,いいえ,はい,いいえ,5.0,5.5,1,0,0,0,0,0,0,0,0,29,0,0,0,0,0,0,0,0,0,0,0,0,0,0,0,0,0,0,0,0,11269,1013,736,88,2.5,2.1,2.1,2.1,2.1,2.1,0.0,0.0,0.0,0.0,0.0,0.0,481.28,481.28,481.28,481.28,481.28,5.41,75.31,481.19,0.08,0.00,0,0,0.0,0.0,44357,39708,14.9,572.8,0,2.1,481.28,0.0,
19.7.2026,1:22:35.426,12889,21022,38.0,9811,22052,30.7,2.5,2048,51,1.050,1.050,1.050,1.050,1.050,1.050,1.050,3909.6,4691.5,4691.5,4691.5,3127.7,3127.7,3127.7,99.8,156.1,682.7,381.3,107.7,287.5,88.7,121.1,24.6,37.9,13.7,16.9,57.7,53.7,156.1,2.6,8.6,7.6,2.6,5.8,2.2,2.9,0.0,0.0,0.0,0.0,0.9,0.7,8.6,2.6,3.2,10.4,9.2,2.7,6.9,2.1,2.9,0.6,0.9,0.3,0.4,1.4,1.3,3.2,39.2,47.0,47.0,47.0,31.3,31.3,31.3,0.0,5.4,14.7,8.3,4.8,1.5,0.6,2.2,37.0,85.3,91.7,28.2,6.6,2.6,7.7,57.6,0.0,0.0,66.9,91.9,96.7,90.1,2395.7,24.00,40,39,39,77,116,708,1,72.8,69.1,62.6,58.0,59.4,59.3,57.7,57.2,57.1,57.4,60.1,60.1,69.0,63.5,48.0,47.4,50.0,1.045,1.015,1.100,6.106,7.690,6.108,24.000,5.311,25.606,0.498,1.276,1.062,0.354,0.092,0.055,0.147,6.399,7.805,20.046,25.037,1996.4,2395.7,4678.4,4678.4,4717.7,28.5,8.1,16.0,28.5,81.3,いいえ,いいえ,いいえ,0.182,0.049,0.3,46.0,72.1,40.0,72.0,1.024,12.197,3.440,3.328,5.040,1.064,0.968,3.440,3.344,1.808,1.024,1.120,1.040,1.792,1.096,0.648,1.824,0.264,2045,いいえ,62.8,46.0,1.110,1.110,1.800,1.800,0.990,5.040,0.250,いいえ,いいえ,いいえ,44.8,1.110,1.110,1.800,1.800,1.005,5.040,0.250,いいえ,いいえ,いいえ,37,37,いいえ,はい,15390,14039,128,128,34,100.0,いいえ,いいえ,3868,2528,9990,44,46,54,100.0,100.0,いいえ,いいえ,7032,7745,0.0,0.0,0.0,0.000,0.002,1392,2689,0.0,0.0,0.0,0.000,0.000,181182,133153,0.4,0.0,0.5,0.061,0.016,67822,78192,65.4,0.720,4.000,600.0,2400.0,1200.0,100.0,0.0,0.0,0.0,0.0,0.0,0.0,0.0,0.0,0,0,16.0,93,いいえ,いいえ,いいえ,45.7,54.0,56.3,84.0,0.860,12.318,12.327,12.279,12.339,12.327,1238,1239,11.096,4.846,2.456,0.271,8.240,2.591,0.136,8.389,8.293,8.390,220.000,220.000,210.0,50.6,1185.0,210.0,1290.0,210.0,50.5,1388.4,2.0,6.0,1.0,0.0,8.3,0.5,0.7,0.0,1.4,0.0,30,30,はい,いいえ,いいえ,いいえ,いいえ,はい,いいえ,4.9,5.2,1,0,0,0,0,0,0,0,0,29,0,0,0,0,0,0,0,0,0,0,0,0,0,0,0,0,0,0,0,0,11268,1014,736,88,2.5,2.1,2.1,2.1,2.1,2.1,0.0,0.0,0.0,0.0,0.0,0.0,481.28,481.28,481.28,481.28,481.28,5.41,75.31,481.19,0.08,0.00,0,0,0.0,0.0,44357,39709,12.9,308.5,0,2.1,481.28,0.0,
19.7.2026,1:22:37.418,12889,21022,38.0,9811,22052,30.7,2.5,2048,51,1.050,1.050,1.050,1.050,1.050,1.050,1.050,3649.0,4691.5,4691.5,3127.7,3127.7,3127.7,3127.7,99.8,144.4,628.9,361.2,121.1,260.4,79.4,124.7,20.1,40.6,11.6,12.5,38.0,34.3,144.4,3.0,6.8,6.3,2.0,4.4,1.1,2.1,1.5,2.7,3.5,3.6,1.8,0.8,6.8,3.0,2.9,9.1,8.7,3.0,6.2,1.9,3.0,0.4,0.9,0.2,0.2,0.9,0.7,2.9,36.6,47.0,47.0,31.3,31.3,31.3,31.3,0.0,5.0,13.6,8.0,4.7,1.5,0.5,1.5,36.8,86.4,92.0,27.3,6.5,1.6,6.7,58.3,0.0,0.0,68.0,92.0,97.9,91.8,2395.7,24.00,40,39,39,77,116,708,1,71.8,68.7,63.0,57.4,58.7,58.7,57.1,56.6,56.7,56.8,59.6,59.6,69.0,63.0,48.0,47.4,50.0,1.043,1.015,1.100,5.870,7.761,5.870,23.500,5.280,25.387,0.472,1.209,1.047,0.337,0.091,0.043,0.108,6.149,7.878,19.835,24.821,1996.4,2395.7,4670.4,4670.4,4717.7,28.2,7.8,15.7,28.2,80.8,いいえ,いいえ,いいえ,0.148,0.043,0.3,46.0,71.2,40.0,71.0,1.048,12.197,3.440,3.328,5.040,1.064,0.968,3.440,3.344,1.808,1.024,1.120,1.040,1.792,1.096,0.648,1.824,0.264,2042,いいえ,62.8,45.8,1.110,1.110,1.800,1.800,0.990,5.040,0.250,いいえ,いいえ,いいえ,44.8,1.110,1.110,1.800,1.800,0.990,5.040,0.250,いいえ,いいえ,いいえ,37,37,いいえ,はい,15390,14039,128,128,34,100.0,いいえ,いいえ,3868,2528,9990,44,46,54,100.0,100.0,いいえ,いいえ,7032,7745,0.0,13.7,13.7,0.000,0.012,1392,2689,0.0,0.0,0.0,0.000,0.000,181182,133153,0.0,0.0,0.0,0.000,0.036,67822,78192,65.0,0.720,10.000,600.0,2400.0,1200.0,100.0,0.0,0.0,0.0,0.0,0.0,0.0,0.0,0.0,0,0,16.0,93,いいえ,いいえ,いいえ,45.5,54.0,56.1,84.0,0.860,12.322,12.330,12.283,12.342,12.331,1243,1241,10.983,4.886,2.618,0.271,8.242,2.752,0.136,8.388,8.312,8.372,220.000,220.000,210.0,50.6,1185.0,210.0,1290.0,210.0,50.5,1388.4,1.0,5.0,0.0,0.0,8.3,0.5,0.6,0.0,1.2,0.0,30,30,はい,いいえ,いいえ,いいえ,いいえ,はい,いいえ,5.0,5.4,1,0,0,0,0,0,0,0,0,29,0,0,0,0,0,0,0,0,0,0,0,0,0,0,0,0,0,0,0,0,11268,1014,736,88,2.5,2.1,2.1,2.1,2.1,2.1,0.0,0.0,0.0,0.0,0.0,0.0,481.28,481.28,481.28,481.28,481.28,5.41,75.31,481.19,0.08,0.00,0,0,0.0,0.0,44357,39709,6.2,151.2,0,2.1,481.28,0.0,
19.7.2026,1:22:39.419,12891,21019,38.0,9811,22052,30.7,2.5,2048,51,1.050,1.050,1.050,1.050,1.050,1.050,1.050,3909.6,4691.5,4691.5,4691.5,3127.7,3127.7,3127.7,99.8,139.9,644.2,344.3,85.2,263.4,62.4,130.3,18.8,31.0,13.7,19.4,32.9,33.2,139.9,2.2,8.1,6.4,1.1,5.0,0.5,2.0,0.5,0.0,0.4,0.5,0.8,0.7,8.1,2.2,2.9,10.0,8.2,2.1,6.3,1.4,3.1,0.4,0.7,0.3,0.4,0.8,0.7,2.9,39.2,47.0,47.0,47.0,31.3,31.3,31.3,0.0,4.8,13.9,7.3,4.4,1.2,0.7,1.4,36.2,86.1,92.2,25.8,5.1,2.6,5.4,59.0,0.0,0.5,69.8,93.7,96.7,93.2,2395.7,24.00,40,39,39,77,116,708,1,70.8,68.3,62.5,57.0,58.2,58.2,56.6,56.2,56.2,56.3,59.1,59.1,68.5,62.7,48.0,47.1,50.0,1.043,1.015,1.100,5.747,7.690,5.748,23.500,5.292,25.196,0.459,1.196,1.004,0.326,0.078,0.054,0.095,6.020,7.806,19.647,24.633,1996.4,2395.7,4670.2,4670.2,4717.7,28.0,7.7,15.7,28.0,80.4,いいえ,いいえ,いいえ,0.133,0.038,0.3,46.0,70.4,40.0,70.0,1.032,12.197,3.440,3.328,5.040,1.064,0.968,3.440,3.344,1.808,1.024,1.120,1.040,1.792,1.096,0.656,1.824,0.264,2008,いいえ,62.8,45.8,1.110,1.110,1.800,1.800,0.990,5.040,0.250,いいえ,いいえ,いいえ,44.8,1.110,1.110,1.800,1.800,0.990,5.040,0.250,いいえ,いいえ,いいえ,37,37,いいえ,はい,15390,14039,128,128,34,100.0,いいえ,いいえ,3868,2528,9990,44,46,54,100.0,100.0,いいえ,いいえ,7032,7745,0.0,0.0,0.0,0.000,0.000,1392,2689,0.0,0.0,0.0,0.000,0.000,181182,133153,0.0,0.0,0.0,0.000,0.000,67822,78192,64.7,0.720,4.000,600.0,2400.0,1200.0,100.0,0.0,0.0,0.0,0.0,0.0,0.0,0.0,0.0,0,0,16.0,93,いいえ,いいえ,いいえ,45.3,54.0,55.8,84.0,0.860,12.320,12.327,12.282,12.341,12.329,1241,1239,11.235,4.937,2.830,0.271,8.229,2.962,0.136,8.369,8.278,8.422,220.000,220.000,210.0,50.6,1185.0,210.0,1290.0,209.9,50.2,1389.0,2.0,5.0,1.0,0.0,8.3,0.6,0.9,0.0,1.5,0.0,30,30,はい,いいえ,いいえ,いいえ,いいえ,はい,いいえ,5.1,5.2,1,0,0,0,0,0,0,0,0,29,0,0,0,0,0,0,0,0,0,0,0,0,0,0,0,0,0,0,0,0,11268,1014,736,88,2.5,0.5,0.5,0.5,0.5,0.5,0.5,0.5,0.5,0.5,0.5,0.5,1999.96,1999.96,1999.96,1999.96,1999.96,17.61,1980.39,1999.96,0.00,33.36,0,0,0.0,0.0,44357,39709,5.4,108.7,0,0.5,1999.96,0.0,
19.7.2026,1:22:41.427,12893,21018,38.0,9811,22052,30.7,2.5,2048,51,1.050,1.050,1.050,1.050,1.050,1.050,1.050,4430.9,4691.5,4691.5,4691.5,4691.5,3127.7,4691.5,99.8,157.4,648.2,367.2,117.7,243.9,108.3,150.2,26.0,62.6,19.0,16.0,70.4,59.5,157.4,2.9,7.6,6.5,3.0,4.7,2.7,3.7,1.2,2.0,0.0,0.0,2.1,1.8,7.6,2.9,3.3,9.7,8.6,2.9,5.9,2.6,3.7,0.6,1.5,0.4,0.3,1.7,1.4,3.3,44.4,47.0,47.0,47.0,47.0,31.3,47.0,0.0,5.5,14.0,7.7,5.8,2.1,0.7,2.7,38.5,86.0,92.2,30.6,10.3,3.1,8.8,56.0,0.0,0.0,63.6,87.6,96.2,88.5,2395.7,24.00,40,39,39,77,116,708,1,70.1,68.0,62.0,56.7,58.0,57.9,56.4,55.9,55.9,56.1,58.8,58.8,68.0,62.2,48.0,47.0,49.8,1.042,1.015,1.100,6.145,7.617,6.145,25.500,5.297,25.543,0.507,1.230,1.015,0.411,0.142,0.067,0.177,6.437,7.731,19.994,24.981,1996.4,2395.7,4666.2,4666.2,4717.7,28.4,8.2,17.0,28.4,80.0,いいえ,いいえ,いいえ,0.188,0.053,0.3,46.0,69.8,40.0,69.0,1.048,12.144,3.440,3.328,5.040,1.064,0.968,3.440,3.344,1.808,1.024,1.120,1.040,1.792,1.096,0.656,1.824,0.264,1973,いいえ,62.8,45.5,1.110,1.110,1.800,1.800,0.990,5.040,0.250,いいえ,いいえ,いいえ,44.8,1.110,1.110,1.800,1.800,0.990,5.040,0.250,いいえ,いいえ,いいえ,37,37,いいえ,はい,15390,14039,128,128,34,100.0,いいえ,いいえ,3868,2528,9990,44,46,54,100.0,100.0,いいえ,いいえ,7032,7745,0.0,0.0,0.0,0.000,0.006,1392,2689,0.0,0.0,0.0,0.000,0.000,181182,133153,0.0,0.0,0.0,0.000,0.000,67822,78192,64.4,0.720,5.000,600.0,2400.0,1200.0,100.0,0.0,0.0,0.0,0.0,0.0,0.0,0.0,0.0,0,0,16.0,93,いいえ,いいえ,いいえ,45.1,52.0,55.6,84.0,0.860,12.320,12.328,12.281,12.341,12.329,1241,1241,10.895,4.866,2.645,0.247,8.228,2.777,0.123,8.366,8.203,8.343,220.000,220.000,210.0,50.6,1185.0,210.0,1290.0,210.0,50.5,1388.9,2.0,6.0,1.0,0.0,8.3,0.6,1.2,0.0,1.3,0.0,30,30,はい,いいえ,いいえ,いいえ,いいえ,はい,いいえ,5.0,5.1,1,0,0,0,0,0,0,0,0,29,0,0,0,0,0,0,0,0,0,0,0,0,0,0,0,0,0,0,0,0,11268,1014,736,88,2.5,1.2,12.7,0.6,0.6,0.6,0.6,0.6,0.6,0.6,0.6,0.6,846.36,1614.00,78.73,64.63,1629.67,2.96,37.30,846.32,0.04,2772.21,0,0,0.0,0.0,44357,39710,7.2,220.0,0,0.6,1629.67,0.0,
19.7.2026,1:22:43.422,12892,21019,38.0,9810,22053,30.7,2.5,2048,51,1.049,1.045,1.050,1.050,1.050,1.050,1.050,4508.5,3593.5,4691.5,4691.5,4691.5,4691.5,4691.5,99.8,150.5,634.1,403.2,100.0,240.0,107.8,140.7,22.7,36.1,13.0,12.9,48.9,46.4,150.5,2.0,5.6,7.4,1.4,4.2,1.5,2.2,0.0,0.1,0.4,1.1,0.3,0.1,7.4,2.0,3.0,8.0,9.5,2.5,5.9,2.6,3.4,0.5,0.8,0.3,0.2,1.2,1.0,3.0,45.2,36.0,47.0,47.0,47.0,47.0,47.0,0.0,5.0,13.6,7.3,5.7,1.4,0.5,1.8,37.1,86.4,90.9,30.0,6.2,1.7,7.5,57.8,0.0,1.7,64.4,92.3,97.8,90.7,2395.7,24.00,40,39,39,77,116,708,1,69.4,67.7,61.1,56.2,57.5,57.4,56.0,55.4,55.5,55.5,58.4,58.4,67.8,62.3,48.0,47.0,49.6,1.044,1.015,1.100,6.098,7.492,6.097,20.500,5.294,25.361,0.472,1.206,0.957,0.398,0.088,0.044,0.139,6.390,7.604,19.818,24.804,1996.4,2395.7,4673.4,4673.4,4717.7,28.2,8.1,13.7,28.2,79.6,いいえ,いいえ,いいえ,0.154,0.045,0.3,46.0,69.1,40.0,69.0,1.056,12.197,3.440,3.328,5.040,1.064,0.968,3.440,3.344,1.808,1.024,1.120,1.040,1.792,1.096,0.656,1.824,0.264,1920,いいえ,62.8,45.5,1.110,1.110,1.800,1.800,0.990,5.040,0.250,いいえ,いいえ,いいえ,44.5,1.110,1.110,1.800,1.800,0.990,5.040,0.250,いいえ,いいえ,いいえ,37,37,いいえ,はい,15390,14039,128,128,34,100.0,いいえ,いいえ,3868,2528,9990,44,46,54,100.0,100.0,いいえ,いいえ,7032,7745,0.0,0.1,0.1,0.000,0.008,1392,2689,0.0,0.0,0.0,0.000,0.000,181182,133153,0.0,0.1,0.1,0.000,0.010,67822,78192,64.1,0.720,11.000,600.0,2400.0,1200.0,100.0,0.0,0.0,0.0,0.0,0.0,0.0,0.0,0.0,0,0,16.0,93,いいえ,いいえ,いいえ,44.9,52.0,55.2,84.0,0.860,12.321,12.329,12.282,12.343,12.331,1240,1241,10.932,5.637,2.344,0.247,8.229,2.469,0.123,8.362,15.007,8.312,220.000,220.000,210.0,50.6,1185.0,210.0,1290.0,209.9,50.5,1388.5,2.0,6.0,1.0,0.0,8.3,0.6,0.8,0.0,1.5,0.0,30,30,はい,いいえ,いいえ,いいえ,いいえ,はい,いいえ,4.9,5.1,1,0,0,0,0,0,0,0,0,29,0,0,0,0,0,0,0,0,0,0,0,0,0,0,0,0,0,0,0,0,11268,1014,736,88,2.5,1.5,1.5,1.5,1.5,1.5,1.5,1.5,1.5,1.5,1.5,1.5,654.98,654.98,654.98,654.98,654.98,6.10,76.91,654.93,0.05,620.76,0,0,0.0,0.0,44357,39710,6.8,190.1,0,1.5,654.98,0.0,
19.7.2026,1:22:45.418,12894,21016,38.0,9811,22052,30.7,2.5,2048,51,1.050,1.050,1.050,1.050,1.050,1.050,1.050,4691.5,4691.5,4691.5,4691.5,4691.5,4691.5,4691.5,99.8,149.8,644.6,380.6,100.1,267.8,93.8,128.6,32.0,38.5,17.2,14.3,36.4,43.9,149.8,2.3,7.0,6.2,2.2,5.5,1.9,2.8,0.0,0.9,1.3,0.0,0.0,0.0,7.0,2.3,3.0,9.0,8.9,2.5,6.6,2.3,3.1,0.7,0.9,0.4,0.3,0.9,1.0,3.0,47.0,47.0,47.0,47.0,47.0,47.0,47.0,0.0,5.1,13.8,7.9,5.1,1.7,0.6,1.6,37.5,86.2,87.7,32.2,7.2,2.3,9.1,57.4,0.0,4.4,62.7,91.1,97.0,89.3,2395.7,24.00,40,39,39,77,116,708,1,68.9,67.4,61.0,55.8,57.2,57.1,55.6,54.9,55.1,55.1,58.1,58.1,67.5,61.7,48.0,47.0,49.4,1.044,1.015,1.100,6.087,7.528,6.089,22.000,5.316,25.421,0.474,1.223,0.954,0.381,0.104,0.050,0.131,6.380,7.641,19.868,24.857,1996.4,2395.7,4675.6,4675.6,4717.7,28.2,8.1,14.7,28.2,79.3,いいえ,いいえ,いいえ,0.157,0.042,0.3,46.0,68.6,40.0,68.0,1.048,12.144,3.440,3.328,5.040,1.064,0.968,3.440,3.344,1.808,1.024,1.120,1.040,1.792,1.096,0.656,1.824,0.264,1898,いいえ,62.8,45.5,1.110,1.110,1.800,1.800,0.990,5.040,0.250,いいえ,いいえ,いいえ,44.5,1.110,1.110,1.800,1.815,0.990,5.040,0.375,いいえ,いいえ,いいえ,37,37,いいえ,はい,15390,14039,128,128,34,100.0,いいえ,いいえ,3868,2528,9990,44,46,54,100.0,100.0,いいえ,いいえ,7032,7745,0.0,0.0,0.0,0.000,0.006,1392,2689,0.0,0.0,0.0,0.000,0.000,181182,133153,0.0,0.0,0.0,0.000,0.000,67822,78192,63.7,0.720,11.000,600.0,2400.0,1200.0,100.0,0.0,0.0,0.0,0.0,0.0,0.0,0.0,0.0,0,0,16.0,93,いいえ,いいえ,いいえ,44.6,52.0,55.0,84.0,0.860,12.328,12.336,12.290,12.350,12.337,1238,1241,11.076,4.960,2.972,0.296,8.259,3.124,0.148,8.414,8.183,8.286,220.000,220.000,210.0,50.6,1185.0,210.0,1290.0,209.9,50.5,1389.6,2.0,6.0,1.0,0.0,8.3,0.6,0.8,0.0,1.6,0.0,30,30,はい,いいえ,いいえ,いいえ,いいえ,はい,いいえ,5.2,5.5,1,0,0,0,0,0,0,0,0,29,0,0,0,0,0,0,0,0,0,0,0,0,0,0,0,0,0,0,0,0,11268,1014,736,88,2.5,1.5,1.5,1.5,1.5,1.5,1.5,1.5,1.5,1.5,1.5,1.5,654.98,654.98,654.98,654.98,654.98,6.10,76.91,654.93,0.05,620.76,0,0,0.0,0.0,44357,39710,7.1,198.4,0,1.5,654.98,0.0,
19.7.2026,1:22:47.418,12911,21000,38.0,9807,22056,30.7,2.5,2048,51,1.050,1.050,1.050,1.050,1.050,1.050,1.050,3388.3,3127.7,4691.5,3127.7,3127.7,3127.7,3127.7,99.8,155.0,647.1,415.0,115.3,214.1,99.9,152.5,27.2,59.5,25.2,15.4,45.9,42.8,155.0,2.7,6.8,7.9,1.9,4.5,1.5,2.7,0.9,0.8,0.0,1.4,2.0,1.8,7.9,2.7,3.1,8.4,9.9,2.9,5.1,2.4,3.7,0.6,1.4,0.6,0.3,1.1,0.9,3.1,33.9,31.3,47.0,31.3,31.3,31.3,31.3,0.0,5.2,13.9,7.1,5.7,2.0,0.9,1.8,37.3,86.1,92.9,27.8,7.5,2.8,6.5,57.5,0.0,0.0,66.5,90.5,96.4,91.7,2395.7,24.00,40,39,39,77,116,708,1,68.4,67.1,60.6,55.5,56.9,56.6,55.1,54.6,54.8,54.9,57.8,57.8,67.2,61.6,48.0,47.0,49.1,1.044,1.015,1.100,5.965,7.360,5.963,22.500,5.310,25.099,0.476,1.214,0.974,0.370,0.113,0.057,0.128,6.251,7.471,19.562,24.546,1996.4,2395.7,4672.2,4672.2,4717.7,27.9,8.0,15.0,27.9,78.9,いいえ,いいえ,いいえ,0.166,0.046,0.3,45.0,68.1,40.0,68.0,1.048,12.197,3.440,3.328,5.040,1.064,0.968,3.440,3.344,1.808,1.024,1.120,1.040,1.792,1.096,0.656,1.824,0.264,1893,いいえ,62.8,45.2,1.110,1.110,1.800,1.800,0.990,5.040,0.250,いいえ,いいえ,いいえ,44.5,1.110,1.110,1.800,1.800,1.005,5.040,0.250,いいえ,いいえ,いいえ,37,37,いいえ,はい,15390,14039,128,128,34,100.0,いいえ,いいえ,3868,2528,9990,44,46,54,100.0,100.0,いいえ,いいえ,7032,7745,0.0,0.1,0.1,0.000,0.010,1392,2689,0.0,0.0,0.0,0.000,0.000,181182,133153,0.0,0.2,0.2,0.000,0.395,67822,78193,63.4,0.720,4.000,600.0,2400.0,1200.0,100.0,0.0,0.0,0.0,0.0,0.0,0.0,0.0,0.0,0,0,16.0,93,いいえ,いいえ,いいえ,44.4,50.0,54.8,84.0,0.860,12.320,12.329,12.281,12.343,12.330,1243,1239,10.956,5.050,2.605,0.271,8.253,2.740,0.136,8.399,9.642,8.354,220.000,220.000,210.0,50.6,1185.0,210.0,1290.0,210.0,50.5,1389.3,1.0,6.0,0.0,0.0,8.3,0.5,0.7,0.0,1.4,0.0,30,30,はい,いいえ,いいえ,いいえ,いいえ,はい,いいえ,5.0,5.6,1,0,0,0,0,0,0,0,0,29,0,0,0,0,0,0,0,0,0,0,0,0,0,0,0,0,0,0,0,0,11268,1014,736,88,2.5,1.5,1.5,1.5,1.5,1.5,1.5,1.5,1.5,1.5,1.5,1.5,654.98,654.98,654.98,654.98,654.98,6.10,76.91,654.93,0.05,620.76,0,0,0.0,0.0,44357,39711,6.7,292.6,0,1.5,654.98,0.0,
19.7.2026,1:22:49.423,12890,21021,38.0,9806,22057,30.7,2.5,2048,51,1.010,1.050,1.050,1.050,1.050,1.050,0.810,3438.2,3127.7,3593.5,3593.5,3593.5,3593.5,3127.7,99.8,146.7,636.0,356.6,115.7,242.4,109.8,147.4,19.9,34.3,13.4,14.2,30.5,40.6,146.7,2.9,7.1,6.4,2.9,4.2,1.9,3.5,0.9,0.4,4.5,1.6,0.4,1.2,7.1,2.9,3.0,9.2,8.6,2.9,5.7,2.7,3.6,0.4,0.8,0.3,0.3,0.7,0.9,3.0,34.4,31.3,36.0,36.0,36.0,36.0,31.3,0.0,5.1,13.7,7.4,5.8,1.3,0.6,1.5,37.0,86.3,92.6,31.1,5.7,1.6,4.6,58.0,0.0,0.0,63.1,93.0,97.8,93.9,2395.7,24.00,40,39,39,77,116,708,1,68.0,66.8,60.1,55.2,56.6,56.3,54.8,54.4,54.5,54.5,57.4,57.4,66.5,61.2,48.0,47.0,49.0,1.045,1.015,1.100,5.757,7.373,5.759,20.500,5.290,24.879,0.461,1.170,0.988,0.398,0.080,0.043,0.085,6.035,7.483,19.337,24.326,1996.4,2395.7,4679.8,4679.8,4717.7,27.6,7.7,13.7,27.6,78.5,いいえ,いいえ,いいえ,0.151,0.039,0.3,45.0,67.8,40.0,67.0,1.024,12.197,3.440,3.328,5.040,1.064,0.968,3.440,3.344,1.808,1.024,1.120,1.040,1.792,1.096,0.656,1.824,0.264,1851,いいえ,62.8,45.2,1.110,1.110,1.800,1.800,0.990,5.040,0.250,いいえ,いいえ,いいえ,44.5,1.110,1.110,1.800,1.800,0.990,5.040,0.250,いいえ,いいえ,いいえ,37,37,いいえ,はい,15390,14039,128,128,34,100.0,いいえ,いいえ,3868,2528,9990,44,46,54,100.0,100.0,いいえ,いいえ,7032,7745,0.0,0.0,0.0,0.000,0.006,1392,2689,0.0,0.0,0.0,0.000,0.000,181182,133153,0.0,0.1,0.1,0.000,0.016,67822,78193,63.1,0.720,1.000,600.0,2400.0,1200.0,100.0,0.0,0.0,0.0,0.0,0.0,0.0,0.0,0.0,0,0,16.0,93,いいえ,いいえ,いいえ,44.3,52.0,54.6,84.0,0.860,12.322,12.330,12.283,12.344,12.332,1240,1239,10.893,4.805,2.495,0.247,8.230,2.629,0.123,8.370,8.107,8.237,220.000,220.000,210.0,50.6,1185.0,210.0,1290.0,209.9,50.5,1389.5,3.0,6.0,2.0,0.0,8.3,0.7,0.9,0.0,1.7,0.0,30,30,はい,いいえ,いいえ,いいえ,いいえ,はい,いいえ,4.9,5.3,1,0,0,0,0,0,0,0,0,29,0,0,0,0,0,0,0,0,0,0,0,0,0,0,0,0,0,0,0,0,11268,1014,736,88,2.5,0.9,5.5,0.5,0.5,0.5,0.5,0.5,0.5,0.5,0.5,0.5,1080.15,1978.99,181.30,164.79,1997.34,9.02,115.47,1080.09,0.05,20.45,0,0,0.0,0.0,44357,39711,7.2,227.0,0,0.5,1997.34,0.0,
19.7.2026,1:22:51.414,12895,21016,38.0,9805,22058,30.7,2.5,2048,51,1.054,1.050,1.055,1.055,1.055,1.055,1.055,3909.6,4691.5,4691.5,3127.7,4691.5,3127.7,3127.7,99.8,150.9,657.1,353.1,102.6,228.4,107.1,143.3,21.8,38.1,14.4,18.4,67.2,58.8,150.9,2.6,7.7,6.3,1.7,4.0,2.6,2.7,0.1,1.3,0.8,0.9,1.9,0.8,7.7,2.6,3.1,10.1,8.4,2.5,5.4,2.6,3.5,0.5,0.9,0.3,0.4,1.6,1.4,3.1,39.2,47.0,47.0,31.3,47.0,31.3,31.3,0.0,5.3,14.3,6.9,5.7,1.5,0.7,2.6,37.8,85.7,90.0,33.7,6.8,2.5,7.9,57.0,0.0,3.0,60.6,91.8,96.8,89.5,2395.7,24.00,40,39,39,77,116,708,1,67.6,66.5,60.1,54.9,56.2,56.0,54.6,54.2,54.1,54.4,57.1,57.1,66.5,60.8,48.0,47.0,49.0,1.042,1.015,1.100,5.834,7.421,5.827,26.500,5.245,24.907,0.471,1.184,0.949,0.410,0.087,0.052,0.143,6.107,7.532,19.408,24.389,1996.4,2395.7,4665.6,4665.6,4717.7,27.7,7.8,17.7,27.7,78.2,いいえ,いいえ,いいえ,0.170,0.048,0.3,45.0,67.5,40.0,67.0,1.056,12.197,3.440,3.328,5.040,1.064,0.968,3.440,3.344,1.808,1.024,1.120,1.040,1.792,1.096,0.656,1.824,0.264,1807,いいえ,62.8,45.2,1.110,1.110,1.800,1.800,0.990,5.040,0.250,いいえ,いいえ,いいえ,44.5,1.110,1.110,1.800,1.800,0.990,5.040,0.250,いいえ,いいえ,いいえ,37,37,いいえ,はい,15390,14039,128,128,34,100.0,いいえ,いいえ,3868,2528,9990,44,46,54,100.0,100.0,いいえ,いいえ,7032,7745,0.0,0.0,0.0,0.000,0.000,1392,2689,0.0,0.0,0.0,0.000,0.000,181182,133153,0.0,0.0,0.0,0.000,0.004,67822,78193,62.8,0.720,7.000,600.0,2400.0,1200.0,100.0,0.0,0.0,0.0,0.0,0.0,0.0,0.0,0.0,0,0,16.0,93,いいえ,いいえ,いいえ,44.1,50.0,54.4,84.0,0.860,12.320,12.327,12.282,12.341,12.329,1238,1241,11.863,4.722,2.171,0.247,8.217,2.283,0.123,8.346,8.162,8.230,220.000,220.000,210.0,50.6,1185.0,210.0,1290.0,209.8,50.5,1388.7,1.0,5.0,0.0,0.0,8.2,2.4,3.1,0.0,6.4,0.0,30,30,はい,いいえ,いいえ,いいえ,いいえ,はい,いいえ,4.8,5.5,1,0,0,0,0,0,0,0,0,29,0,0,0,0,0,0,0,0,0,0,0,0,0,0,0,0,0,0,0,0,11280,1002,724,78,2.5,1.9,15.6,0.7,0.7,0.7,1.2,5.1,0.7,0.7,0.7,0.7,534.81,1346.13,64.17,62.19,1370.09,3.77,51.05,534.76,0.05,68.51,0,0,0.0,0.0,44357,39712,8.0,273.8,0,0.7,1370.09,0.0,
19.7.2026,1:22:53.426,12898,21013,38.0,9802,22061,30.7,2.5,2048,51,1.051,1.055,1.050,1.050,1.050,1.050,1.050,3649.0,4691.5,4691.5,3127.7,3127.7,3127.7,3127.7,99.8,248.7,1022.3,529.7,220.0,291.7,183.0,205.0,64.2,77.7,29.7,37.6,172.4,150.8,248.7,4.2,13.7,9.4,4.3,5.4,3.5,4.1,1.1,1.4,0.4,0.6,3.4,2.8,13.7,4.2,5.5,18.1,12.6,5.5,7.1,4.5,5.0,1.5,1.8,0.6,0.8,4.3,3.6,5.5,36.6,47.0,47.0,31.3,31.3,31.3,31.3,0.0,8.7,21.9,11.0,8.8,3.2,1.4,6.1,53.9,78.1,88.9,64.8,30.4,13.7,47.3,37.4,0.0,0.1,26.3,66.4,84.9,46.6,2395.7,24.00,40,39,39,77,116,708,1,67.2,66.3,59.6,55.6,56.8,56.5,55.6,55.0,54.2,55.5,57.1,57.1,66.2,60.4,48.0,47.0,49.0,1.045,1.015,1.100,7.655,7.489,7.660,23.500,5.276,27.054,0.802,1.615,1.175,0.855,0.349,0.158,0.657,8.025,7.601,21.430,26.434,1996.4,2395.7,4680.1,4680.1,4717.7,30.0,10.2,15.7,30.0,78.1,いいえ,いいえ,いいえ,0.366,0.096,0.5,45.0,67.1,40.0,67.0,1.032,12.197,3.440,3.328,5.040,1.064,0.976,3.440,3.344,1.808,1.024,1.120,1.040,1.792,1.096,0.664,1.824,0.264,1797,いいえ,62.8,45.0,1.110,1.110,1.800,1.800,0.990,5.040,0.250,いいえ,いいえ,いいえ,44.5,1.110,1.110,1.800,1.800,0.990,5.040,0.250,いいえ,いいえ,いいえ,37,37,いいえ,はい,15390,14039,128,128,34,100.0,いいえ,いいえ,3868,2528,9990,44,46,54,100.0,100.0,いいえ,いいえ,7032,7745,0.0,0.1,0.1,0.000,0.014,1392,2689,0.0,0.0,0.0,0.000,0.000,181182,133153,0.0,0.1,0.1,0.000,0.032,67822,78193,62.6,0.720,5.000,600.0,2400.0,1200.0,100.0,0.0,0.0,0.0,0.0,0.0,0.0,0.0,0.0,0,0,16.0,93,いいえ,いいえ,いいえ,43.9,52.0,54.2,84.0,0.860,12.321,12.329,12.281,12.343,12.330,1240,1239,11.856,4.756,2.302,0.271,8.229,2.444,0.136,8.377,8.076,8.216,220.000,220.000,210.0,50.6,1185.0,210.0,1290.0,210.0,50.5,1389.1,2.0,6.0,1.0,0.0,8.3,3.6,7.8,0.0,6.5,0.0,30,30,はい,いいえ,いいえ,いいえ,いいえ,はい,いいえ,5.0,5.4,1,0,0,0,0,0,0,0,0,29,0,0,0,0,0,0,0,0,0,0,0,0,0,0,0,0,0,0,0,0,11262,1020,743,85,2.5,1.9,15.6,0.7,0.7,0.7,1.2,5.1,0.7,0.7,0.7,0.7,534.81,1346.13,64.17,62.19,1370.09,3.77,51.05,534.76,0.05,68.51,0,0,0.0,0.0,44357,39713,15.8,515.3,0,0.7,1370.09,0.0,
19.7.2026,1:22:55.419,12895,21016,38.0,9804,22059,30.7,2.5,2048,51,1.050,1.050,1.050,1.050,1.050,1.050,1.050,3909.6,4691.5,4691.5,4691.5,3127.7,3127.7,3127.7,99.8,330.9,1244.3,749.5,245.6,362.1,189.0,297.3,58.6,91.0,110.3,102.8,256.9,263.3,330.9,5.6,17.0,14.0,4.8,6.5,3.5,5.8,0.7,1.5,2.2,2.0,4.9,5.0,17.0,5.6,7.4,22.4,18.4,6.2,8.7,4.6,7.3,1.3,2.1,2.7,2.5,6.4,6.5,7.4,39.2,47.0,47.0,47.0,31.3,31.3,31.3,0.0,10.9,26.5,12.8,10.7,3.4,3.5,8.4,51.0,73.5,86.3,53.3,18.7,35.0,39.2,38.1,0.0,0.9,36.1,78.0,61.5,52.4,2395.7,24.00,40,39,39,77,116,708,1,67.0,66.2,60.6,55.6,57.3,56.4,55.3,54.6,54.8,55.3,57.1,57.1,66.2,60.5,48.0,47.0,49.0,1.045,1.015,1.100,8.178,7.605,8.172,31.500,5.299,27.726,0.916,1.832,1.262,0.858,0.294,0.471,0.782,8.575,7.719,22.124,27.145,1996.4,2395.7,4678.5,4678.5,4717.7,30.8,10.9,21.0,30.8,77.9,いいえ,いいえ,いいえ,0.889,0.346,0.7,45.0,66.9,40.0,66.0,1.056,12.197,3.440,3.328,5.040,1.064,0.976,3.440,3.344,1.808,1.024,1.120,1.040,1.792,1.096,0.664,1.824,0.264,1819,いいえ,62.8,45.0,1.110,1.110,1.800,1.800,0.990,5.040,0.375,いいえ,いいえ,いいえ,44.5,1.110,1.110,1.800,1.800,0.990,5.040,0.250,いいえ,いいえ,いいえ,37,37,いいえ,はい,15390,14039,128,128,34,100.0,いいえ,いいえ,3868,2528,9990,44,46,54,100.0,100.0,いいえ,いいえ,7032,7745,0.0,0.0,0.0,0.000,0.000,1392,2689,0.0,0.0,0.0,0.000,0.000,181182,133153,0.0,0.1,0.1,0.000,0.030,67822,78193,62.4,0.720,8.000,600.0,2400.0,1200.0,100.0,0.0,0.0,0.0,0.0,0.0,0.0,0.0,0.0,0,0,16.0,93,いいえ,いいえ,いいえ,43.8,50.0,53.9,84.0,0.860,12.320,12.330,12.281,12.341,12.328,1238,1241,10.952,5.377,4.139,0.493,8.265,4.381,0.247,8.524,8.062,8.902,220.000,220.000,210.0,50.6,1185.0,210.0,1290.0,210.0,50.5,1388.9,19.0,14.0,13.0,0.0,8.3,2.1,4.1,0.0,4.3,0.0,30,30,はい,いいえ,いいえ,いいえ,いいえ,はい,いいえ,5.8,6.7,1,0,0,0,0,0,0,0,0,29,0,0,0,0,0,0,0,0,0,0,0,0,0,0,0,0,0,0,0,0,11262,1020,742,78,2.5,1.9,15.6,0.7,0.7,0.7,1.2,5.1,0.7,0.7,0.7,0.7,534.81,1346.13,64.17,62.19,1370.09,3.77,51.05,534.76,0.05,68.51,0,0,0.0,0.0,44357,39714,12.9,661.9,0,0.7,1370.09,0.0,
19.7.2026,1:22:57.425,12889,21022,38.0,9803,22060,30.7,2.5,2048,51,0.967,1.050,1.045,1.045,1.045,0.810,0.810,3881.9,4691.5,3593.5,3593.5,3593.5,3127.7,4691.5,99.8,233.6,1048.6,592.1,147.3,260.7,128.5,190.0,52.4,50.2,32.6,39.2,112.5,148.9,233.6,3.8,13.4,11.7,2.4,5.3,2.0,3.6,0.6,0.5,0.2,0.3,1.7,3.3,13.4,3.8,5.0,17.0,14.7,3.6,6.4,3.1,4.7,1.3,1.2,0.7,0.9,2.7,3.7,5.0,38.9,47.0,36.0,36.0,36.0,31.3,47.0,0.0,7.9,22.4,8.7,7.4,2.4,1.4,4.7,48.3,77.6,91.2,65.2,20.2,8.0,27.7,43.8,0.0,0.1,27.5,77.4,90.6,67.5,2395.7,24.00,40,39,39,77,116,708,1,66.8,66.1,60.6,55.0,56.8,55.8,54.8,54.2,54.0,54.6,56.8,56.8,65.8,60.4,48.0,47.0,49.0,1.043,1.015,1.100,7.245,7.595,7.252,27.000,5.282,26.737,0.698,1.615,1.050,0.753,0.221,0.122,0.427,7.591,7.709,21.110,26.111,1996.4,2395.7,4670.0,4670.0,4717.7,29.7,9.7,18.0,29.7,77.8,いいえ,いいえ,いいえ,0.254,0.076,0.5,45.0,66.6,40.0,66.0,1.056,12.197,3.440,3.328,5.040,1.064,0.976,3.440,3.344,1.808,1.024,1.120,1.040,1.792,1.096,0.664,1.824,0.264,1800,いいえ,62.8,45.0,1.110,1.110,1.800,1.800,0.990,5.040,0.250,いいえ,いいえ,いいえ,44.5,1.110,1.110,1.800,1.800,0.990,5.040,0.250,いいえ,いいえ,いいえ,37,37,いいえ,はい,15390,14039,128,128,34,100.0,いいえ,いいえ,3868,2528,9990,44,46,54,100.0,100.0,いいえ,いいえ,7032,7745,0.0,0.1,0.1,0.000,0.010,1392,2689,0.0,0.0,0.0,0.000,0.000,181182,133153,0.0,0.0,0.0,0.016,0.049,67822,78193,62.3,0.720,4.000,600.0,2400.0,1200.0,100.0,0.0,0.0,0.0,0.0,0.0,0.0,0.0,0.0,0,0,16.0,93,いいえ,いいえ,いいえ,43.6,50.0,53.9,84.0,0.860,12.319,12.328,12.279,12.340,12.327,1240,1239,10.903,4.770,2.326,0.296,8.227,2.480,0.148,8.378,8.125,8.182,220.000,220.000,210.0,50.6,1185.0,210.0,1290.0,209.9,50.5,1389.2,3.0,6.0,2.0,0.0,8.3,2.3,4.6,0.0,4.5,0.0,30,30,はい,いいえ,いいえ,いいえ,いいえ,はい,いいえ,4.9,5.7,1,0,0,0,0,0,0,0,0,29,0,0,0,0,0,0,0,0,0,0,0,0,0,0,0,0,0,0,0,0,11262,1020,742,84,2.5,0.8,0.8,0.8,0.8,0.8,0.8,0.8,0.8,0.8,0.8,0.8,1301.24,1301.24,1301.24,1301.24,1301.24,0.94,1064.97,1301.17,0.07,1055.48,0,0,0.0,0.0,44357,39715,14.0,196.3,0,0.8,1301.24,0.0,
19.7.2026,1:22:59.426,12898,21013,38.0,9806,22057,30.7,2.5,2048,51,1.050,1.050,1.050,1.050,1.050,1.050,1.050,4170.3,4691.5,4691.5,4691.5,3127.7,3127.7,4691.5,99.8,212.6,941.1,440.1,145.7,286.3,110.0,180.5,40.0,49.0,56.3,60.5,133.0,108.2,212.6,3.3,13.3,7.7,3.1,4.9,2.4,3.9,1.1,1.1,0.0,0.0,1.4,0.0,13.3,3.3,4.7,17.5,10.8,3.6,6.9,2.7,4.4,0.9,1.1,1.4,1.5,3.3,2.6,4.7,41.8,47.0,47.0,47.0,31.3,31.3,47.0,0.0,7.4,20.2,9.2,6.6,2.1,1.8,4.3,44.1,79.8,90.8,46.9,11.5,13.4,22.3,48.5,0.0,0.0,46.5,86.4,84.8,73.4,2395.7,24.00,40,39,39,77,116,708,1,66.5,65.8,59.1,54.5,56.0,55.4,54.2,53.7,53.8,54.1,56.4,56.4,65.8,60.1,48.0,47.0,49.0,1.044,1.015,1.100,6.726,7.502,6.724,28.500,5.263,26.036,0.636,1.460,1.048,0.582,0.152,0.191,0.387,7.048,7.615,20.452,25.451,1996.4,2395.7,4672.7,4672.7,4717.7,28.9,9.0,19.0,28.9,77.5,いいえ,いいえ,いいえ,0.420,0.151,0.4,45.0,66.5,40.0,66.0,1.056,12.197,3.440,3.328,5.040,1.064,0.976,3.440,3.344,1.808,1.024,1.120,1.040,1.792,1.096,0.664,1.824,0.264,1824,いいえ,62.8,45.0,1.110,1.110,1.800,1.800,0.990,5.040,0.750,いいえ,いいえ,いいえ,44.5,1.110,1.110,1.800,1.800,1.005,5.040,0.375,いいえ,いいえ,いいえ,37,37,いいえ,はい,15390,14039,128,128,34,100.0,いいえ,いいえ,3868,2528,9990,44,46,54,100.0,100.0,いいえ,いいえ,7032,7745,0.0,0.0,0.0,0.000,0.000,1392,2689,0.0,0.0,0.0,0.000,0.000,181182,133153,0.0,0.0,0.0,0.000,0.018,67822,78193,62.0,0.720,7.000,600.0,2400.0,1200.0,100.0,0.0,0.0,0.0,0.0,0.0,0.0,0.0,0.0,0,0,16.0,93,いいえ,いいえ,いいえ,43.4,52.0,53.6,84.0,0.860,12.318,12.328,12.277,12.340,12.327,1240,1239,11.471,5.268,3.729,0.468,8.275,3.973,0.234,8.526,8.029,8.911,220.000,220.000,210.0,50.6,1185.0,210.0,1290.0,210.0,50.5,1388.9,18.0,11.0,7.0,6.0,8.3,3.7,8.5,0.0,6.2,0.0,30,30,はい,いいえ,いいえ,いいえ,いいえ,はい,いいえ,5.6,6.4,1,0,0,0,0,0,0,0,0,29,0,0,0,0,0,0,0,0,0,0,0,0,0,0,0,0,0,0,0,0,11262,1020,742,84,2.5,0.5,0.5,0.5,0.5,0.5,0.5,0.5,0.5,0.5,0.5,0.5,1999.72,1999.72,1999.72,1999.72,1999.72,46.54,818.22,1999.72,0.00,1983.07,0,0,0.0,0.0,44357,39715,10.3,272.6,0,0.5,1999.72,0.0,
19.7.2026,1:23:1.419,12890,21021,38.0,9800,22063,30.7,2.5,2048,51,1.038,1.050,1.035,1.035,1.035,1.035,1.035,4691.5,4691.5,4691.5,4691.5,4691.5,4691.5,4691.5,99.8,329.5,1351.4,621.0,187.8,384.2,193.1,241.8,38.6,66.1,140.8,105.3,358.9,265.1,329.5,7.0,23.2,11.8,3.7,6.9,4.1,5.2,1.0,1.4,7.5,3.9,9.0,6.8,23.2,7.0,7.7,29.3,15.3,4.6,8.9,4.8,6.0,0.9,1.5,3.5,2.6,9.1,6.5,7.7,47.0,47.0,47.0,47.0,47.0,47.0,47.0,0.0,11.2,29.0,11.8,9.7,2.4,4.2,10.0,54.3,71.0,88.2,61.5,19.4,36.4,49.4,34.5,0.0,0.0,28.8,78.1,59.4,40.6,2395.7,24.00,40,39,39,77,116,708,1,66.4,65.7,58.6,55.1,56.9,55.7,54.7,54.1,54.3,55.1,56.4,56.4,65.2,59.8,48.0,47.0,49.0,1.046,1.015,1.100,8.458,7.599,8.460,32.500,5.266,28.029,0.949,1.919,1.259,0.859,0.233,0.475,0.946,8.868,7.712,22.373,27.408,1996.4,2395.7,4687.7,4687.7,4717.7,31.1,11.3,21.7,31.1,77.3,いいえ,いいえ,いいえ,0.971,0.362,0.7,45.0,66.2,40.0,66.0,1.056,12.197,3.440,3.328,5.040,1.064,0.976,3.440,3.344,1.808,1.024,1.120,1.040,1.792,1.096,0.664,1.824,0.264,1809,いいえ,62.8,44.8,1.110,1.110,1.800,1.800,0.990,5.040,0.250,いいえ,いいえ,いいえ,44.2,1.110,1.110,1.800,1.800,0.990,5.040,0.250,いいえ,いいえ,いいえ,37,37,いいえ,はい,15390,14039,128,128,34,100.0,いいえ,いいえ,3868,2528,9990,44,46,54,100.0,100.0,いいえ,いいえ,7032,7745,0.0,0.0,0.0,0.000,0.004,1392,2689,0.0,0.0,0.0,0.000,0.000,181182,133153,0.0,0.0,0.1,0.018,0.004,67822,78193,61.8,0.720,5.000,600.0,2400.0,1200.0,100.0,0.0,0.0,0.0,0.0,0.0,0.0,0.0,0.0,0,0,16.0,93,いいえ,いいえ,いいえ,43.2,50.0,53.5,84.0,0.860,12.323,12.332,12.284,12.344,12.331,1238,1241,11.023,4.763,2.226,0.222,8.205,2.333,0.111,8.321,8.537,8.148,220.000,220.000,210.0,50.6,1185.0,210.0,1290.0,210.1,50.5,1389.1,2.0,5.0,1.0,0.0,8.3,2.8,6.3,0.0,5.0,0.0,30,30,はい,いいえ,いいえ,いいえ,いいえ,はい,いいえ,4.8,5.3,1,0,0,0,0,0,0,0,0,29,0,0,0,0,0,0,0,0,0,0,0,0,0,0,0,0,0,0,0,0,11262,1020,742,85,2.5,7.9,56.2,4.2,4.2,4.2,8.0,28.4,4.7,4.6,4.6,4.6,127.07,236.38,17.76,15.75,238.61,3.49,36.73,127.01,0.06,155.19,0,0,0.0,0.0,44357,39717,16.6,735.9,0,4.2,238.61,0.0,
Date,Time,"コミット済み仮想メモリ [MB]","利用可能な仮想メモリ [MB]","仮想メモリ使用率 [%]","使用済み物理メモリ [MB]","利用可能な物理メモリ [MB]","物理メモリ使用率 [%]","ページ ファイル使用率 [%]","Page File Total [MB]","Page File Used [MB]","Core VIDs (avg) [V]","Core 0 VID [V]","Core 1 VID [V]","Core 2 VID [V]","Core 3 VID [V]","Core 4 VID [V]","Core 5 VID [V]","コア クロック (avg) [MHz]","Core 0 クロック (perf #3/4) [MHz]","Core 1 クロック (perf #1/1) [MHz]","Core 2 クロック (perf #1/2) [MHz]","Core 3 クロック (perf #2/3) [MHz]","Core 4 クロック (perf #5/6) [MHz]","Core 5 クロック (perf #4/5) [MHz]","バス クロック [MHz]","コア実効クロック (avg) [MHz]","Core 0 T0 実効クロック [MHz]","Core 0 T1 実効クロック [MHz]","Core 1 T0 実効クロック [MHz]","Core 1 T1 実効クロック [MHz]","Core 2 T0 実効クロック [MHz]","Core 2 T1 実効クロック [MHz]","Core 3 T0 実効クロック [MHz]","Core 3 T1 実効クロック [MHz]","Core 4 T0 実効クロック [MHz]","Core 4 T1 実効クロック [MHz]","Core 5 T0 実効クロック [MHz]","Core 5 T1 実効クロック [MHz]","平均実効クロック [MHz]","コア使用率 (avg) [%]","Core 0 T0 使用率 [%]","Core 0 T1 使用率 [%]","Core 1 T0 使用率 [%]","Core 1 T1 使用率 [%]","Core 2 T0 使用率 [%]","Core 2 T1 使用率 [%]","Core 3 T0 使用率 [%]","Core 3 T1 使用率 [%]","Core 4 T0 使用率 [%]","Core 4 T1 使用率 [%]","Core 5 T0 使用率 [%]","Core 5 T1 使用率 [%]","最大CPU/スレッド使用率 [%]","総 CPU 使用率 [%]","コア使用率 (avg) [%]","Core 0 T0 使用率 [%]","Core 0 T1 使用率 [%]","Core 1 T0 使用率 [%]","Core 1 T1 使用率 [%]","Core 2 T0 使用率 [%]","Core 2 T1 使用率 [%]","Core 3 T0 使用率 [%]","Core 3 T1 使用率 [%]","Core 4 T0 使用率 [%]","Core 4 T1 使用率 [%]","Core 5 T0 使用率 [%]","Core 5 T1 使用率 [%]","総 CPU 使用率 [%]","コア クロック マルチプライヤー (avg) [x]","Core 0 倍率 [x]","Core 1 倍率 [x]","Core 2 倍率 [x]","Core 3 倍率 [x]","Core 4 倍率 [x]","Core 5 倍率 [x]","Package C6 在留率 [%]","Core C0 在留率 (avg) [%]","Core 0 C0 在留率 [%]","Core 1 C0 在留率 [%]","Core 2 C0 在留率 [%]","Core 3 C0 在留率 [%]","Core 4 C0 在留率 [%]","Core 5 C0 在留率 [%]","Core C1 在留率 (avg) [%]","Core 0 C1 在留率 [%]","Core 1 C1 在留率 [%]","Core 2 C1 在留率 [%]","Core 3 C1 在留率 [%]","Core 4 C1 在留率 [%]","Core 5 C1 在留率 [%]","Core C6 在留率 (avg) [%]","Core 0 C6 在留率 [%]","Core 1 C6 在留率 [%]","Core 2 C6 在留率 [%]","Core 3 C6 在留率 [%]","Core 4 C6 在留率 [%]","Core 5 C6 在留率 [%]","メモリ クロック [MHz]","メモリ クロック マルチプライヤー [x]","Tcas [T]","Trcd [T]","Trp [T]","Tras [T]","Trc [T]","Trfc [T]","Command Rate [T]","CPU (Tctl/Tdie) [℃]","CPU ケース (平均) [℃]","CPU CCD1 (Tdie) [℃]","コア温度 (avg) [℃]","Core0 (CCD1) [℃]","Core1 (CCD1) [℃]","Core2 (CCD1) [℃]","Core3 (CCD1) [℃]","Core4 (CCD1) [℃]","Core5 (CCD1) [℃]","L3 温度 (avg) [℃]","L3 キャッシュ (CCD1) [℃]","CPU IOD Hotspot [℃]","CPU IOD 平均 [℃]","CPU VDDCR_VDD VRM (SVI3 TFN) [℃]","CPU VDDCR_SOC VRM (SVI3 TFN) [℃]","CPU VDD_MISC VRM (SVI3 TFN) [℃]","CPU VDDCR_VDD 電圧 (SVI3 TFN) [V]","CPU VDDCR_SOC 電圧 (SVI3 TFN) [V]","CPU VDD_MISC 電圧 (SVI3 TFN) [V]","CPU コア電流 (SVI3 TFN) [A]","SoC 電流 (SVI3 TFN) [A]","CPU TDC [A]","CPU EDC [A]","MISC 電流 (SVI3 TFN) [A]","CPU パッケージ電力 [W]","コア電力 (avg) [W]","Core 0 電力 [W]","Core 1 電力 [W]","Core 2 電力 [W]","Core 3 電力 [W]","Core 4 電力 [W]","Core 5 電力 [W]","CPU コア電力 (SVI3 TFN) [W]","CPU SoC 電力 (SVI3 TFN) [W]","Core+SoC+MISC 電力 (SVI3 TFN) [W]","CPU PPT [W]","Infinity Fabric クロック (FCLK) [MHz]","メモリ コントローラー クロック (UCLK) [MHz]","L3 クロック (avg) [MHz]","L3 キャッシュ (CCD1) [MHz]","周波数制限 - グローバル [MHz]","CPU PPT Limit [%]","CPU TDC 制限 [%]","CPU EDC 制限 [%]","CPU PPT FAST Limit [%]","Thermal Limit [%]","サーマル スロットリング (HTC) [Yes/No]","サーマル スロットリング (PROCHOT CPU) [Yes/No]","サーマル スロットリング (PROCHOT EXT) [Yes/No]","DRAM 読み取り帯域幅 [GB/s]","DRAM 書き込み帯域幅 [GB/s]","アクティブ コアの平均数 []","マザーボード [℃]","CPU [℃]","CPU (PECI) [℃]","PCH TSI0 [℃]","Vcore [V]","+12V [V]","+3.3V (AVCC) [V]","+3.3V (3VCC) [V]","+5V [V]","+1.05_ALW [V]","VIN4 [V]","3VSB [V]","VBAT [V]","VTT [V]","VDDCR_SOC [V]","VDD_MISC [V]","VIN2 [V]","+1.8V [V]","DRAM [V]","VIN9 [V]","VHIF [V]","VIN10 [V]","CPU1 [RPM]","シャーシへの侵入 [Yes/No]","チップセット 1 (xHCI) [℃]","SPD Hub 温度 [℃]","VDD (SWA) 電圧 [V]","VDDQ (SWB) 電圧 [V]","VPP (SWC) 電圧 [V]","1.8V VOUT 電圧 [V]","1.0V VOUT 電圧 [V]","VIN 電圧 [V]","総電力 [W]","PMIC 高温 [Yes/No]","PMIC Over Voltage [Yes/No]","PMIC Over Voltage [Yes/No]","SPD Hub 温度 [℃]","VDD (SWA) 電圧 [V]","VDDQ (SWB) 電圧 [V]","VPP (SWC) 電圧 [V]","1.8V VOUT 電圧 [V]","1.0V VOUT 電圧 [V]","VIN 電圧 [V]","総電力 [W]","PMIC 高温 [Yes/No]","PMIC Over Voltage [Yes/No]","PMIC Over Voltage [Yes/No]","ディスク温度 [℃]","ディスク気流温度 [℃]","ディスク障害 [Yes/No]","ディスク警告 [Yes/No]","総計ホスト書き込み [GB]","総計ホスト読み取り [GB]","警告: 現在保留中のセクター数: []","警告: オフライン訂正不可能なセクター数: []","ディスク温度 [℃]","ディスクの残り寿命 [%]","ディスク障害 [Yes/No]","ディスク警告 [Yes/No]","総計ホスト書き込み [GB]","総計 NAND 書き込み [GB]","総計ホスト読み取り [GB]","ディスク温度 [℃]","ディスク温度 2 [℃]","ディスク温度 3 [℃]","ディスクの残り寿命 [%]","ディスクの利用可能なスペア [%]","ディスク障害 [Yes/No]","ディスク警告 [Yes/No]","総計ホスト書き込み [GB]","総計ホスト読み取り [GB]","読み取り活動率 [%]","書き込み活動率 [%]","総活動率 [%]","読み取り速度 [MB/s]","書き込み速度 [MB/s]","総計読み取り [MB]","総計書き込み [MB]","読み取り活動率 [%]","書き込み活動率 [%]","総活動率 [%]","読み取り速度 [MB/s]","書き込み速度 [MB/s]","総計読み取り [MB]","総計書き込み [MB]","読み取り活動率 [%]","書き込み活動率 [%]","総活動率 [%]","読み取り速度 [MB/s]","書き込み速度 [MB/s]","総計読み取り [MB]","総計書き込み [MB]","GPU 温度 [℃]","GPU コア電圧 (VDDCR_GFX) [V]","GPU コア電力 (VDDCR_GFX) [W]","GPU クロック [MHz]","GPU メモリ クロック [MHz]","GPU SoC クロック [MHz]","GPU VCN クロック [MHz]","GPU 使用率 [%]","GPU D3D 使用率 [%]","GPU D3D 使用率 (avg) [%]","GPU Video Decode 0 使用率 [%]","GPU Video Decode 1 使用率 [%]","GPU Computing (Compute 0) 使用率 [%]","GPU Computing (Compute 1) 使用率 [%]","GPU Computing (High Priority Compute) 使用率 [%]","GPU D3D 専用メモリ [MB]","GPU D3D 共有メモリ [MB]","PCIe リンク速度 [GT/s]","GPU メモリ使用 [MB]","スロットルの理由 - 電力 [Yes/No]","スロットルの理由 - サーマル [Yes/No]","スロットルの理由 - 電流 [Yes/No]","GPU 温度 [℃]","GPU メモリ ジャンクション温度 [℃]","GPU ホットスポット温度 [℃]","GPU 熱制限 [℃]","GPU コア電圧 [V]","GPU レール電圧 (avg) [V]","GPU FBVDD 入力電圧 [V]","GPU PCIe +12V 入力電圧 [V]","GPU 12VHPWR 電圧 [V]","GPU Misc0 入力電圧 [V]","GPU ファン1 [RPM]","GPU ファン2 [RPM]","GPU 電力 [W]","GPU レール電力 (avg) [W]","GPU Core (NVVDD) 入力電力 (合計) [W]","GPU FBVDD 入力電力 [W]","GPU PCIe +12V 入力電力 [W]","GPU 12VHPWR 電力 [W]","GPU Misc0 入力電力 [W]","GPU 入力 PP ソース 電力 (合計) [W]","GPU Core (NVVDD) 出力電力 [W]","GPU Core (NVVDD) 出力電力 [W]","GPU 電力制限 (定格) [W]","GPU 電力制限 (最大) [W]","GPU クロック [MHz]","GPU メモリ クロック [MHz]","GPU ビデオ クロック [MHz]","GPU 実効クロック [MHz]","GPU Crossbar クロック [MHz]","GPU クロック (実測値) [MHz]","GPU メモリ クロック (実測値) [MHz]","GPU クロスバー クロック (実測値) [MHz]","GPU コア使用率 [%]","GPU メモリ コントローラー使用率 [%]","GPU ビデオ エンジン使用率 [%]","GPU バス使用率 [%]","GPU メモリ使用 [%]","GPU D3D 使用率 (avg) [%]","GPU D3D 使用率 [%]","GPU Video Decode 0 使用率 [%]","GPU Video Encode 0 使用率 [%]","GPU VR 使用率 [%]","GPU ファン1 [%]","GPU ファン2 [%]","GPU パフォーマンス制限 (avg) [Yes/No]","パフォーマンス制限 - 電力 [Yes/No]","パフォーマンス制限 - サーマル [Yes/No]","パフォーマンス制限 - 信頼性電圧 [Yes/No]","パフォーマンス制限 - 最大動作電圧 [Yes/No]","パフォーマンス制限 - 使用率 [Yes/No]","パフォーマンス制限 - SLI GPUBoost Sync [Yes/No]","総 GPU 電力 [TDP の割合] [%]","総 GPU 電力 (標準化) [TDP の割合] [%]","PCI Express Error Counters (avg) []","Receiver Errors []","Replay Count []","Replay Rollover Count []","Bad DLLP Count []","Bad TLP Count []","LCRC Error Count []","NAKs Sent Count []","NAKs Received Count []","Recovery Count []","Correctable Error Count []","Non-Fatal Error Count []","Fatal Error Count []","Unsupported Request Count []","PCIe Lane 0 Errors []","PCIe Lane 1 Errors []","PCIe Lane 2 Errors []","PCIe Lane 3 Errors []","PCIe Lane 4 Errors []","PCIe Lane 5 Errors []","PCIe Lane 6 Errors []","PCIe Lane 7 Errors []","PCIe Lane 8 Errors []","PCIe Lane 9 Errors []","PCIe Lane 10 Errors []","PCIe Lane 11 Errors []","PCIe Lane 12 Errors []","PCIe Lane 13 Errors []","PCIe Lane 14 Errors []","PCIe Lane 15 Errors []","利用可能な GPU メモリ [MB]","割り当てられた GPU メモリ [MB]","GPU D3D 専用メモリ [MB]","GPU D3D 共有メモリ [MB]","PCIe リンク速度 [GT/s]","フレーム レート Presented (avg) [FPS]","フレーム レート Presented (99%) [FPS]","フレーム レート Presented (1%) [FPS]","フレーム レート Presented (0.1%) [FPS]","フレーム レート Presented (1% low) [FPS]","フレーム レート Displayed (avg) [FPS]","フレーム レート Displayed (99%) [FPS]","フレーム レート Displayed (1%) [FPS]","フレーム レート Displayed (0.1%) [FPS]","フレーム レート Displayed (1% low) [FPS]","フレーム レート Displayed (0.1% low) [FPS]","Frame Time Presented (avg) [ms]","Frame Time Presented (99%) [ms]","Frame Time Presented (1%) [ms]","Frame Time Presented (0.1%) [ms]","Frame Time Displayed (1% high) [ms]","GPU Busy (avg) [ms]","GPU Wait (avg) [ms]","CPU Busy (avg) [ms]","CPU Wait (avg) [ms]","Animation Error (avg) [ms]","総計ダウンロード [MB]","総計アップロード [MB]","現在のダウンロード速度 [KB/s]","現在のアップロード速度 [KB/s]","総計ダウンロード [MB]","総計アップロード [MB]","現在のダウンロード速度 [KB/s]","現在のアップロード速度 [KB/s]","エラー総数 []","フレーム レート Presented (0.1% low) [FPS]","Frame Time Displayed (0.1% high) [ms]","GPU クロック (実効) [MHz]",
,,システム: ASRock B650M Pro RS,システム: ASRock B650M Pro RS,システム: ASRock B650M Pro RS,システム: ASRock B650M Pro RS,システム: ASRock B650M Pro RS,システム: ASRock B650M Pro RS,システム: ASRock B650M Pro RS,システム: ASRock B650M Pro RS,システム: ASRock B650M Pro RS,CPU [#0]: AMD Ryzen 5 7600,CPU [#0]: AMD Ryzen 5 7600,CPU [#0]: AMD Ryzen 5 7600,CPU [#0]: AMD Ryzen 5 7600,CPU [#0]: AMD Ryzen 5 7600,CPU [#0]: AMD Ryzen 5 7600,CPU [#0]: AMD Ryzen 5 7600,CPU [#0]: AMD Ryzen 5 7600,CPU [#0]: AMD Ryzen 5 7600,CPU [#0]: AMD Ryzen 5 7600,CPU [#0]: AMD Ryzen 5 7600,CPU [#0]: AMD Ryzen 5 7600,CPU [#0]: AMD Ryzen 5 7600,CPU [#0]: AMD Ryzen 5 7600,CPU [#0]: AMD Ryzen 5 7600,CPU [#0]: AMD Ryzen 5 7600,CPU [#0]: AMD Ryzen 5 7600,CPU [#0]: AMD Ryzen 5 7600,CPU [#0]: AMD Ryzen 5 7600,CPU [#0]: AMD Ryzen 5 7600,CPU [#0]: AMD Ryzen 5 7600,CPU [#0]: AMD Ryzen 5 7600,CPU [#0]: AMD Ryzen 5 7600,CPU [#0]: AMD Ryzen 5 7600,CPU [#0]: AMD Ryzen 5 7600,CPU [#0]: AMD Ryzen 5 7600,CPU [#0]: AMD Ryzen 5 7600,CPU [#0]: AMD Ryzen 5 7600,CPU [#0]: AMD Ryzen 5 7600,CPU [#0]: AMD Ryzen 5 7600,CPU [#0]: AMD Ryzen 5 7600,CPU [#0]: AMD Ryzen 5 7600,CPU [#0]: AMD Ryzen 5 7600,CPU [#0]: AMD Ryzen 5 7600,CPU [#0]: AMD Ryzen 5 7600,CPU [#0]: AMD Ryzen 5 7600,CPU [#0]: AMD Ryzen 5 7600,CPU [#0]: AMD Ryzen 5 7600,CPU [#0]: AMD Ryzen 5 7600,CPU [#0]: AMD Ryzen 5 7600,CPU [#0]: AMD Ryzen 5 7600,CPU [#0]: AMD Ryzen 5 7600,CPU [#0]: AMD Ryzen 5 7600,CPU [#0]: AMD Ryzen 5 7600,CPU [#0]: AMD Ryzen 5 7600,CPU [#0]: AMD Ryzen 5 7600,CPU [#0]: AMD Ryzen 5 7600,CPU [#0]: AMD Ryzen 5 7600,CPU [#0]: AMD Ryzen 5 7600,CPU [#0]: AMD Ryzen 5 7600,CPU [#0]: AMD Ryzen 5 7600,CPU [#0]: AMD Ryzen 5 7600,CPU [#0]: AMD Ryzen 5 7600,CPU [#0]: AMD Ryzen 5 7600,CPU [#0]: AMD Ryzen 5 7600,CPU [#0]: AMD Ryzen 5 7600,CPU [#0]: AMD Ryzen 5 7600,CPU [#0]: AMD Ryzen 5 7600,CPU [#0]: AMD Ryzen 5 7600,CPU [#0]: AMD Ryzen 5 7600,CPU [#0]: AMD Ryzen 5 7600,CPU [#0]: AMD Ryzen 5 7600,CPU [#0]: AMD Ryzen 5 7600,CPU [#0]: AMD Ryzen 5 7600,CPU [#0]: AMD Ryzen 5 7600,CPU [#0]: AMD Ryzen 5 7600: C-State 在留率,CPU [#0]: AMD Ryzen 5 7600: C-State 在留率,CPU [#0]: AMD Ryzen 5 7600: C-State 在留率,CPU [#0]: AMD Ryzen 5 7600: C-State 在留率,CPU [#0]: AMD Ryzen 5 7600: C-State 在留率,CPU [#0]: AMD Ryzen 5 7600: C-State 在留率,CPU [#0]: AMD Ryzen 5 7600: C-State 在留率,CPU [#0]: AMD Ryzen 5 7600: C-State 在留率,CPU [#0]: AMD Ryzen 5 7600: C-State 在留率,CPU [#0]: AMD Ryzen 5 7600: C-State 在留率,CPU [#0]: AMD Ryzen 5 7600: C-State 在留率,CPU [#0]: AMD Ryzen 5 7600: C-State 在留率,CPU [#0]: AMD Ryzen 5 7600: C-State 在留率,CPU [#0]: AMD Ryzen 5 7600: C-State 在留率,CPU [#0]: AMD Ryzen 5 7600: C-State 在留率,CPU [#0]: AMD Ryzen 5 7600: C-State 在留率,CPU [#0]: AMD Ryzen 5 7600: C-State 在留率,CPU [#0]: AMD Ryzen 5 7600: C-State 在留率,CPU [#0]: AMD Ryzen 5 7600: C-State 在留率,CPU [#0]: AMD Ryzen 5 7600: C-State 在留率,CPU [#0]: AMD Ryzen 5 7600: C-State 在留率,CPU [#0]: AMD Ryzen 5 7600: C-State 在留率,メモリ タイミング,メモリ タイミング,メモリ タイミング,メモリ タイミング,メモリ タイミング,メモリ タイミング,メモリ タイミング,メモリ タイミング,メモリ タイミング,CPU [#0]: AMD Ryzen 5 7600: Enhanced,CPU [#0]: AMD Ryzen 5 7600: Enhanced,CPU [#0]: AMD Ryzen 5 7600: Enhanced,CPU [#0]: AMD Ryzen 5 7600: Enhanced,CPU [#0]: AMD Ryzen 5 7600: Enhanced,CPU [#0]: AMD Ryzen 5 7600: Enhanced,CPU [#0]: AMD Ryzen 5 7600: Enhanced,CPU [#0]: AMD Ryzen 5 7600: Enhanced,CPU [#0]: AMD Ryzen 5 7600: Enhanced,CPU [#0]: AMD Ryzen 5 7600: Enhanced,CPU [#0]: AMD Ryzen 5 7600: Enhanced,CPU [#0]: AMD Ryzen 5 7600: Enhanced,CPU [#0]: AMD Ryzen 5 7600: Enhanced,CPU [#0]: AMD Ryzen 5 7600: Enhanced,CPU [#0]: AMD Ryzen 5 7600: Enhanced,CPU [#0]: AMD Ryzen 5 7600: Enhanced,CPU [#0]: AMD Ryzen 5 7600: Enhanced,CPU [#0]: AMD Ryzen 5 7600: Enhanced,CPU [#0]: AMD Ryzen 5 7600: Enhanced,CPU [#0]: AMD Ryzen 5 7600: Enhanced,CPU [#0]: AMD Ryzen 5 7600: Enhanced,CPU [#0]: AMD Ryzen 5 7600: Enhanced,CPU [#0]: AMD Ryzen 5 7600: Enhanced,CPU [#0]: AMD Ryzen 5 7600: Enhanced,CPU [#0]: AMD Ryzen 5 7600: Enhanced,CPU [#0]: AMD Ryzen 5 7600: Enhanced,CPU [#0]: AMD Ryzen 5 7600: Enhanced,CPU [#0]: AMD Ryzen 5 7600: Enhanced,CPU [#0]: AMD Ryzen 5 7600: Enhanced,CPU [#0]: AMD Ryzen 5 7600: Enhanced,CPU [#0]: AMD Ryzen 5 7600: Enhanced,CPU [#0]: AMD Ryzen 5 7600: Enhanced,CPU [#0]: AMD Ryzen 5 7600: Enhanced,CPU [#0]: AMD Ryzen 5 7600: Enhanced,CPU [#0]: AMD Ryzen 5 7600: Enhanced,CPU [#0]: AMD Ryzen 5 7600: Enhanced,CPU [#0]: AMD Ryzen 5 7600: Enhanced,CPU [#0]: AMD Ryzen 5 7600: Enhanced,CPU [#0]: AMD Ryzen 5 7600: Enhanced,CPU [#0]: AMD Ryzen 5 7600: Enhanced,CPU [#0]: AMD Ryzen 5 7600: Enhanced,CPU [#0]: AMD Ryzen 5 7600: Enhanced,CPU [#0]: AMD Ryzen 5 7600: Enhanced,CPU [#0]: AMD Ryzen 5 7600: Enhanced,CPU [#0]: AMD Ryzen 5 7600: Enhanced,CPU [#0]: AMD Ryzen 5 7600: Enhanced,CPU [#0]: AMD Ryzen 5 7600: Enhanced,CPU [#0]: AMD Ryzen 5 7600: Enhanced,CPU [#0]: AMD Ryzen 5 7600: Enhanced,CPU [#0]: AMD Ryzen 5 7600: Enhanced,CPU [#0]: AMD Ryzen 5 7600: Enhanced,CPU [#0]: AMD Ryzen 5 7600: Enhanced,CPU [#0]: AMD Ryzen 5 7600: Enhanced,ASRock B650M Pro RS (Nuvoton NCT6796D-S),ASRock B650M Pro RS (Nuvoton NCT6796D-S),ASRock B650M Pro RS (Nuvoton NCT6796D-S),ASRock B650M Pro RS (Nuvoton NCT6796D-S),ASRock B650M Pro RS (Nuvoton NCT6796D-S),ASRock B650M Pro RS (Nuvoton NCT6796D-S),ASRock B650M Pro RS (Nuvoton NCT6796D-S),ASRock B650M Pro RS (Nuvoton NCT6796D-S),ASRock B650M Pro RS (Nuvoton NCT6796D-S),ASRock B650M Pro RS (Nuvoton NCT6796D-S),ASRock B650M Pro RS (Nuvoton NCT6796D-S),ASRock B650M Pro RS (Nuvoton NCT6796D-S),ASRock B650M Pro RS (Nuvoton NCT6796D-S),ASRock B650M Pro RS (Nuvoton NCT6796D-S),ASRock B650M Pro RS (Nuvoton NCT6796D-S),ASRock B650M Pro RS (Nuvoton NCT6796D-S),ASRock B650M Pro RS (Nuvoton NCT6796D-S),ASRock B650M Pro RS (Nuvoton NCT6796D-S),ASRock B650M Pro RS (Nuvoton NCT6796D-S),ASRock B650M Pro RS (Nuvoton NCT6796D-S),ASRock B650M Pro RS (Nuvoton NCT6796D-S),ASRock B650M Pro RS (Nuvoton NCT6796D-S),ASRock B650M Pro RS (Nuvoton NCT6796D-S),ASRock B650M Pro RS (Nuvoton NCT6796D-S),ASRock B650M Pro RS (AMD チップセット),DDR5 DIMM [#1]: Crucial Technology CT16G48C40U5.C8A1 (P0 CHANNEL A/DIMM 1),DDR5 DIMM [#1]: Crucial Technology CT16G48C40U5.C8A1 (P0 CHANNEL A/DIMM 1),DDR5 DIMM [#1]: Crucial Technology CT16G48C40U5.C8A1 (P0 CHANNEL A/DIMM 1),DDR5 DIMM [#1]: Crucial Technology CT16G48C40U5.C8A1 (P0 CHANNEL A/DIMM 1),DDR5 DIMM [#1]: Crucial Technology CT16G48C40U5.C8A1 (P0 CHANNEL A/DIMM 1),DDR5 DIMM [#1]: Crucial Technology CT16G48C40U5.C8A1 (P0 CHANNEL A/DIMM 1),DDR5 DIMM [#1]: Crucial Technology CT16G48C40U5.C8A1 (P0 CHANNEL A/DIMM 1),DDR5 DIMM [#1]: Crucial Technology CT16G48C40U5.C8A1 (P0 CHANNEL A/DIMM 1),DDR5 DIMM [#1]: Crucial Technology CT16G48C40U5.C8A1 (P0 CHANNEL A/DIMM 1),DDR5 DIMM [#1]: Crucial Technology CT16G48C40U5.C8A1 (P0 CHANNEL A/DIMM 1),DDR5 DIMM [#1]: Crucial Technology CT16G48C40U5.C8A1 (P0 CHANNEL A/DIMM 1),DDR5 DIMM [#3]: Crucial Technology CT16G48C40U5.C8A1 (P0 CHANNEL B/DIMM 1),DDR5 DIMM [#3]: Crucial Technology CT16G48C40U5.C8A1 (P0 CHANNEL B/DIMM 1),DDR5 DIMM [#3]: Crucial Technology CT16G48C40U5.C8A1 (P0 CHANNEL B/DIMM 1),DDR5 DIMM [#3]: Crucial Technology CT16G48C40U5.C8A1 (P0 CHANNEL B/DIMM 1),DDR5 DIMM [#3]: Crucial Technology CT16G48C40U5.C8A1 (P0 CHANNEL B/DIMM 1),DDR5 DIMM [#3]: Crucial Technology CT16G48C40U5.C8A1 (P0 CHANNEL B/DIMM 1),DDR5 DIMM [#3]: Crucial Technology CT16G48C40U5.C8A1 (P0 CHANNEL B/DIMM 1),DDR5 DIMM [#3]: Crucial Technology CT16G48C40U5.C8A1 (P0 CHANNEL B/DIMM 1),DDR5 DIMM [#3]: Crucial Technology CT16G48C40U5.C8A1 (P0 CHANNEL B/DIMM 1),DDR5 DIMM [#3]: Crucial Technology CT16G48C40U5.C8A1 (P0 CHANNEL B/DIMM 1),DDR5 DIMM [#3]: Crucial Technology CT16G48C40U5.C8A1 (P0 CHANNEL B/DIMM 1),S.M.A.R.T.: ST4000DM004-2CV104 (ZFN3PQ44) [D:],S.M.A.R.T.: ST4000DM004-2CV104 (ZFN3PQ44) [D:],S.M.A.R.T.: ST4000DM004-2CV104 (ZFN3PQ44) [D:],S.M.A.R.T.: ST4000DM004-2CV104 (ZFN3PQ44) [D:],S.M.A.R.T.: ST4000DM004-2CV104 (ZFN3PQ44) [D:],S.M.A.R.T.: ST4000DM004-2CV104 (ZFN3PQ44) [D:],S.M.A.R.T.: ST4000DM004-2CV104 (ZFN3PQ44) [D:],S.M.A.R.T.: ST4000DM004-2CV104 (ZFN3PQ44) [D:],S.M.A.R.T.: WD Blue SA510 2.5 1000GB (23163F480406) [F:  G:],S.M.A.R.T.: WD Blue SA510 2.5 1000GB (23163F480406) [F:  G:],S.M.A.R.T.: WD Blue SA510 2.5 1000GB (23163F480406) [F:  G:],S.M.A.R.T.: WD Blue SA510 2.5 1000GB (23163F480406) [F:  G:],S.M.A.R.T.: WD Blue SA510 2.5 1000GB (23163F480406) [F:  G:],S.M.A.R.T.: WD Blue SA510 2.5 1000GB (23163F480406) [F:  G:],S.M.A.R.T.: WD Blue SA510 2.5 1000GB (23163F480406) [F:  G:],S.M.A.R.T.: ADATA LEGEND 800 (2N50291G57EC) [C:],S.M.A.R.T.: ADATA LEGEND 800 (2N50291G57EC) [C:],S.M.A.R.T.: ADATA LEGEND 800 (2N50291G57EC) [C:],S.M.A.R.T.: ADATA LEGEND 800 (2N50291G57EC) [C:],S.M.A.R.T.: ADATA LEGEND 800 (2N50291G57EC) [C:],S.M.A.R.T.: ADATA LEGEND 800 (2N50291G57EC) [C:],S.M.A.R.T.: ADATA LEGEND 800 (2N50291G57EC) [C:],S.M.A.R.T.: ADATA LEGEND 800 (2N50291G57EC) [C:],S.M.A.R.T.: ADATA LEGEND 800 (2N50291G57EC) [C:],Drive: ST4000DM004-2CV104 (ZFN3PQ44) [D:],Drive: ST4000DM004-2CV104 (ZFN3PQ44) [D:],Drive: ST4000DM004-2CV104 (ZFN3PQ44) [D:],Drive: ST4000DM004-2CV104 (ZFN3PQ44) [D:],Drive: ST4000DM004-2CV104 (ZFN3PQ44) [D:],Drive: ST4000DM004-2CV104 (ZFN3PQ44) [D:],Drive: ST4000DM004-2CV104 (ZFN3PQ44) [D:],Drive: WD Blue SA510 2.5 1000GB (23163F480406) [F:  G:],Drive: WD Blue SA510 2.5 1000GB (23163F480406) [F:  G:],Drive: WD Blue SA510 2.5 1000GB (23163F480406) [F:  G:],Drive: WD Blue SA510 2.5 1000GB (23163F480406) [F:  G:],Drive: WD Blue SA510 2.5 1000GB (23163F480406) [F:  G:],Drive: WD Blue SA510 2.5 1000GB (23163F480406) [F:  G:],Drive: WD Blue SA510 2.5 1000GB (23163F480406) [F:  G:],Drive: ADATA LEGEND 800 (2N50291G57EC) [C:],Drive: ADATA LEGEND 800 (2N50291G57EC) [C:],Drive: ADATA LEGEND 800 (2N50291G57EC) [C:],Drive: ADATA LEGEND 800 (2N50291G57EC) [C:],Drive: ADATA LEGEND 800 (2N50291G57EC) [C:],Drive: ADATA LEGEND 800 (2N50291G57EC) [C:],Drive: ADATA LEGEND 800 (2N50291G57EC) [C:],iGPU [#1]: AMD Radeon,iGPU [#1]: AMD Radeon,iGPU [#1]: AMD Radeon,iGPU [#1]: AMD Radeon,iGPU [#1]: AMD Radeon,iGPU [#1]: AMD Radeon,iGPU [#1]: AMD Radeon,iGPU [#1]: AMD Radeon,iGPU [#1]: AMD Radeon,iGPU [#1]: AMD Radeon,iGPU [#1]: AMD Radeon,iGPU [#1]: AMD Radeon,iGPU [#1]: AMD Radeon,iGPU [#1]: AMD Radeon,iGPU [#1]: AMD Radeon,iGPU [#1]: AMD Radeon,iGPU [#1]: AMD Radeon,iGPU [#1]: AMD Radeon,iGPU [#1]: AMD Radeon,iGPU [#1]: AMD Radeon,iGPU [#1]: AMD Radeon,iGPU [#1]: AMD Radeon,dGPU [#0]: NVIDIA GeForce RTX 4070 SUPER: Palit RTX 4070 SUPER,dGPU [#0]: NVIDIA GeForce RTX 4070 SUPER: Palit RTX 4070 SUPER,dGPU [#0]: NVIDIA GeForce RTX 4070 SUPER: Palit RTX 4070 SUPER,dGPU [#0]: NVIDIA GeForce RTX 4070 SUPER: Palit RTX 4070 SUPER,dGPU [#0]: NVIDIA GeForce RTX 4070 SUPER: Palit RTX 4070 SUPER,dGPU [#0]: NVIDIA GeForce RTX 4070 SUPER: Palit RTX 4070 SUPER,dGPU [#0]: NVIDIA GeForce RTX 4070 SUPER: Palit RTX 4070 SUPER,dGPU [#0]: NVIDIA GeForce RTX 4070 SUPER: Palit RTX 4070 SUPER,dGPU [#0]: NVIDIA GeForce RTX 4070 SUPER: Palit RTX 4070 SUPER,dGPU [#0]: NVIDIA GeForce RTX 4070 SUPER: Palit RTX 4070 SUPER,dGPU [#0]: NVIDIA GeForce RTX 4070 SUPER: Palit RTX 4070 SUPER,dGPU [#0]: NVIDIA GeForce RTX 4070 SUPER: Palit RTX 4070 SUPER,dGPU [#0]: NVIDIA GeForce RTX 4070 SUPER: Palit RTX 4070 SUPER,dGPU [#0]: NVIDIA GeForce RTX 4070 SUPER: Palit RTX 4070 SUPER,dGPU [#0]: NVIDIA GeForce RTX 4070 SUPER: Palit RTX 4070 SUPER,dGPU [#0]: NVIDIA GeForce RTX 4070 SUPER: Palit RTX 4070 SUPER,dGPU [#0]: NVIDIA GeForce RTX 4070 SUPER: Palit RTX 4070 SUPER,dGPU [#0]: NVIDIA GeForce RTX 4070 SUPER: Palit RTX 4070 SUPER,dGPU [#0]: NVIDIA GeForce RTX 4070 SUPER: Palit RTX 4070 SUPER,dGPU [#0]: NVIDIA GeForce RTX 4070 SUPER: Palit RTX 4070 SUPER,dGPU [#0]: NVIDIA GeForce RTX 4070 SUPER: Palit RTX 4070 SUPER,dGPU [#0]: NVIDIA GeForce RTX 4070 SUPER: Palit RTX 4070 SUPER,dGPU [#0]: NVIDIA GeForce RTX 4070 SUPER: Palit RTX 4070 SUPER,dGPU [#0]: NVIDIA GeForce RTX 4070 SUPER: Palit RTX 4070 SUPER,dGPU [#0]: NVIDIA GeForce RTX 4070 SUPER: Palit RTX 4070 SUPER,dGPU [#0]: NVIDIA GeForce RTX 4070 SUPER: Palit RTX 4070 SUPER,dGPU [#0]: NVIDIA GeForce RTX 4070 SUPER: Palit RTX 4070 SUPER,dGPU [#0]: NVIDIA GeForce RTX 4070 SUPER: Palit RTX 4070 SUPER,dGPU [#0]: NVIDIA GeForce RTX 4070 SUPER: Palit RTX 4070 SUPER,dGPU [#0]: NVIDIA GeForce RTX 4070 SUPER: Palit RTX 4070 SUPER,dGPU [#0]: NVIDIA GeForce RTX 4070 SUPER: Palit RTX 4070 SUPER,dGPU [#0]: NVIDIA GeForce RTX 4070 SUPER: Palit RTX 4070 SUPER,dGPU [#0]: NVIDIA GeForce RTX 4070 SUPER: Palit RTX 4070 SUPER,dGPU [#0]: NVIDIA GeForce RTX 4070 SUPER: Palit RTX 4070 SUPER,dGPU [#0]: NVIDIA GeForce RTX 4070 SUPER: Palit RTX 4070 SUPER,dGPU [#0]: NVIDIA GeForce RTX 4070 SUPER: Palit RTX 4070 SUPER,dGPU [#0]: NVIDIA GeForce RTX 4070 SUPER: Palit RTX 4070 SUPER,dGPU [#0]: NVIDIA GeForce RTX 4070 SUPER: Palit RTX 4070 SUPER,dGPU [#0]: NVIDIA GeForce RTX 4070 SUPER: Palit RTX 4070 SUPER,dGPU [#0]: NVIDIA GeForce RTX 4070 SUPER: Palit RTX 4070 SUPER,dGPU [#0]: NVIDIA GeForce RTX 4070 SUPER: Palit RTX 4070 SUPER,dGPU [#0]: NVIDIA GeForce RTX 4070 SUPER: Palit RTX 4070 SUPER,dGPU [#0]: NVIDIA GeForce RTX 4070 SUPER: Palit RTX 4070 SUPER,dGPU [#0]: NVIDIA GeForce RTX 4070 SUPER: Palit RTX 4070 SUPER,dGPU [#0]: NVIDIA GeForce RTX 4070 SUPER: Palit RTX 4070 SUPER,dGPU [#0]: NVIDIA GeForce RTX 4070 SUPER: Palit RTX 4070 SUPER,dGPU [#0]: NVIDIA GeForce RTX 4070 SUPER: Palit RTX 4070 SUPER,dGPU [#0]: NVIDIA GeForce RTX 4070 SUPER: Palit RTX 4070 SUPER,dGPU [#0]: NVIDIA GeForce RTX 4070 SUPER: Palit RTX 4070 SUPER,dGPU [#0]: NVIDIA GeForce RTX 4070 SUPER: Palit RTX 4070 SUPER,dGPU [#0]: NVIDIA GeForce RTX 4070 SUPER: Palit RTX 4070 SUPER,dGPU [#0]: NVIDIA GeForce RTX 4070 SUPER: Palit RTX 4070 SUPER,dGPU [#0]: NVIDIA GeForce RTX 4070 SUPER: Palit RTX 4070 SUPER,dGPU [#0]: NVIDIA GeForce RTX 4070 SUPER: Palit RTX 4070 SUPER,dGPU [#0]: NVIDIA GeForce RTX 4070 SUPER: Palit RTX 4070 SUPER,dGPU [#0]: NVIDIA GeForce RTX 4070 SUPER: Palit RTX 4070 SUPER,dGPU [#0]: NVIDIA GeForce RTX 4070 SUPER: Palit RTX 4070 SUPER,dGPU [#0]: NVIDIA GeForce RTX 4070 SUPER: Palit RTX 4070 SUPER,dGPU [#0]: NVIDIA GeForce RTX 4070 SUPER: Palit RTX 4070 SUPER,dGPU [#0]: NVIDIA GeForce RTX 4070 SUPER: Palit RTX 4070 SUPER,dGPU [#0]: NVIDIA GeForce RTX 4070 SUPER: Palit RTX 4070 SUPER,dGPU [#0]: NVIDIA GeForce RTX 4070 SUPER: Palit RTX 4070 SUPER,dGPU [#0]: NVIDIA GeForce RTX 4070 SUPER: Palit RTX 4070 SUPER,dGPU [#0]: NVIDIA GeForce RTX 4070 SUPER: Palit RTX 4070 SUPER,dGPU [#0]: NVIDIA GeForce RTX 4070 SUPER: Palit RTX 4070 SUPER,dGPU [#0]: NVIDIA GeForce RTX 4070 SUPER: Palit RTX 4070 SUPER,dGPU [#0]: NVIDIA GeForce RTX 4070 SUPER: Palit RTX 4070 SUPER,dGPU [#0]: NVIDIA GeForce RTX 4070 SUPER: Palit RTX 4070 SUPER,dGPU [#0]: NVIDIA GeForce RTX 4070 SUPER: Palit RTX 4070 SUPER,dGPU [#0]: NVIDIA GeForce RTX 4070 SUPER: Palit RTX 4070 SUPER,dGPU [#0]: NVIDIA GeForce RTX 4070 SUPER: Palit RTX 4070 SUPER,dGPU [#0]: NVIDIA GeForce RTX 4070 SUPER: Palit RTX 4070 SUPER,dGPU [#0]: NVIDIA GeForce RTX 4070 SUPER: Palit RTX 4070 SUPER,dGPU [#0]: NVIDIA GeForce RTX 4070 SUPER: Palit RTX 4070 SUPER,dGPU [#0]: NVIDIA GeForce RTX 4070 SUPER: Palit RTX 4070 SUPER,dGPU [#0]: NVIDIA GeForce RTX 4070 SUPER: Palit RTX 4070 SUPER,dGPU [#0]: NVIDIA GeForce RTX 4070 SUPER: Palit RTX 4070 SUPER,dGPU [#0]: NVIDIA GeForce RTX 4070 SUPER: Palit RTX 4070 SUPER,dGPU [#0]: NVIDIA GeForce RTX 4070 SUPER: Palit RTX 4070 SUPER,dGPU [#0]: NVIDIA GeForce RTX 4070 SUPER: Palit RTX 4070 SUPER,dGPU [#0]: NVIDIA GeForce RTX 4070 SUPER: Palit RTX 4070 SUPER,dGPU [#0]: NVIDIA GeForce RTX 4070 SUPER: Palit RTX 4070 SUPER,dGPU [#0]: NVIDIA GeForce RTX 4070 SUPER: Palit RTX 4070 SUPER,dGPU [#0]: NVIDIA GeForce RTX 4070 SUPER: Palit RTX 4070 SUPER,dGPU [#0]: NVIDIA GeForce RTX 4070 SUPER: Palit RTX 4070 SUPER,dGPU [#0]: NVIDIA GeForce RTX 4070 SUPER: Palit RTX 4070 SUPER,dGPU [#0]: NVIDIA GeForce RTX 4070 SUPER: Palit RTX 4070 SUPER,dGPU [#0]: NVIDIA GeForce RTX 4070 SUPER: Palit RTX 4070 SUPER,PresentMon [3DMark.exe],PresentMon [3DMark.exe],PresentMon [3DMark.exe],PresentMon [3DMark.exe],PresentMon [3DMark.exe],PresentMon [3DMark.exe],PresentMon [3DMark.exe],PresentMon [3DMark.exe],PresentMon [3DMark.exe],PresentMon [3DMark.exe],PresentMon [3DMark.exe],PresentMon [3DMark.exe],PresentMon [3DMark.exe],PresentMon [3DMark.exe],PresentMon [3DMark.exe],PresentMon [3DMark.exe],PresentMon [3DMark.exe],PresentMon [3DMark.exe],PresentMon [3DMark.exe],PresentMon [3DMark.exe],PresentMon [3DMark.exe],ネットワーク: Intel Wi-Fi 6E AX210 160MHz - Wi-Fi,ネットワーク: Intel Wi-Fi 6E AX210 160MHz - Wi-Fi,ネットワーク: Intel Wi-Fi 6E AX210 160MHz - Wi-Fi,ネットワーク: Intel Wi-Fi 6E AX210 160MHz - Wi-Fi,ネットワーク: RealTek Semiconductor RTL8125 Gaming 2.5GbE Family Ethernet Controller - イーサネット,ネットワーク: RealTek Semiconductor RTL8125 Gaming 2.5GbE Family Ethernet Controller - イーサネット,ネットワーク: RealTek Semiconductor RTL8125 Gaming 2.5GbE Family Ethernet Controller - イーサネット,ネットワーク: RealTek Semiconductor RTL8125 Gaming 2.5GbE Family Ethernet Controller - イーサネット,Windows Hardware Errors (WHEA),PresentMon [3DMark.exe],PresentMon [3DMark.exe],iGPU [#1]: AMD Radeon,
