Date,Time,"コミット済み仮想メモリ [MB]","利用可能な仮想メモリ [MB]","仮想メモリ使用率 [%]","使用済み物理メモリ [MB]","利用可能な物理メモリ [MB]","物理メモリ使用率 [%]","ページ ファイル使用率 [%]","Page File Total [MB]","Page File Used [MB]","Core VIDs (avg) [V]","Core 0 VID [V]","Core 1 VID [V]","Core 2 VID [V]","Core 3 VID [V]","Core 4 VID [V]","Core 5 VID [V]","コア クロック (avg) [MHz]","Core 0 クロック (perf #3/4) [MHz]","Core 1 クロック (perf #1/1) [MHz]","Core 2 クロック (perf #1/2) [MHz]","Core 3 クロック (perf #2/3) [MHz]","Core 4 クロック (perf #5/6) [MHz]","Core 5 クロック (perf #4/5) [MHz]","バス クロック [MHz]","コア実効クロック (avg) [MHz]","Core 0 T0 実効クロック [MHz]","Core 0 T1 実効クロック [MHz]","Core 1 T0 実効クロック [MHz]","Core 1 T1 実効クロック [MHz]","Core 2 T0 実効クロック [MHz]","Core 2 T1 実効クロック [MHz]","Core 3 T0 実効クロック [MHz]","Core 3 T1 実効クロック [MHz]","Core 4 T0 実効クロック [MHz]","Core 4 T1 実効クロック [MHz]","Core 5 T0 実効クロック [MHz]","Core 5 T1 実効クロック [MHz]","平均実効クロック [MHz]","コア使用率 (avg) [%]","Core 0 T0 使用率 [%]","Core 0 T1 使用率 [%]","Core 1 T0 使用率 [%]","Core 1 T1 使用率 [%]","Core 2 T0 使用率 [%]","Core 2 T1 使用率 [%]","Core 3 T0 使用率 [%]","Core 3 T1 使用率 [%]","Core 4 T0 使用率 [%]","Core 4 T1 使用率 [%]","Core 5 T0 使用率 [%]","Core 5 T1 使用率 [%]","最大CPU/スレッド使用率 [%]","総 CPU 使用率 [%]","コア使用率 (avg) [%]","Core 0 T0 使用率 [%]","Core 0 T1 使用率 [%]","Core 1 T0 使用率 [%]","Core 1 T1 使用率 [%]","Core 2 T0 使用率 [%]","Core 2 T1 使用率 [%]","Core 3 T0 使用率 [%]","Core 3 T1 使用率 [%]","Core 4 T0 使用率 [%]","Core 4 T1 使用率 [%]","Core 5 T0 使用率 [%]","Core 5 T1 使用率 [%]","総 CPU 使用率 [%]","コア クロック マルチプライヤー (avg) [x]","Core 0 倍率 [x]","Core 1 倍率 [x]","Core 2 倍率 [x]","Core 3 倍率 [x]","Core 4 倍率 [x]","Core 5 倍率 [x]","Package C6 在留率 [%]","Core C0 在留率 (avg) [%]","Core 0 C0 在留率 [%]","Core 1 C0 在留率 [%]","Core 2 C0 在留率 [%]","Core 3 C0 在留率 [%]","Core 4 C0 在留率 [%]","Core 5 C0 在留率 [%]","Core C1 在留率 (avg) [%]","Core 0 C1 在留率 [%]","Core 1 C1 在留率 [%]","Core 2 C1 在留率 [%]","Core 3 C1 在留率 [%]","Core 4 C1 在留率 [%]","Core 5 C1 在留率 [%]","Core C6 在留率 (avg) [%]","Core 0 C6 在留率 [%]","Core 1 C6 在留率 [%]","Core 2 C6 在留率 [%]","Core 3 C6 在留率 [%]","Core 4 C6 在留率 [%]","Core 5 C6 在留率 [%]","メモリ クロック [MHz]","メモリ クロック マルチプライヤー [x]","Tcas [T]","Trcd [T]","Trp [T]","Tras [T]","Trc [T]","Trfc [T]","Command Rate [T]","CPU (Tctl/Tdie) [℃]","CPU ケース (平均) [℃]","CPU CCD1 (Tdie) [℃]","コア温度 (avg) [℃]","Core0 (CCD1) [℃]","Core1 (CCD1) [℃]","Core2 (CCD1) [℃]","Core3 (CCD1) [℃]","Core4 (CCD1) [℃]","Core5 (CCD1) [℃]","L3 温度 (avg) [℃]","L3 キャッシュ (CCD1) [℃]","CPU IOD Hotspot [℃]","CPU IOD 平均 [℃]","CPU VDDCR_VDD VRM (SVI3 TFN) [℃]","CPU VDDCR_SOC VRM (SVI3 TFN) [℃]","CPU VDD_MISC VRM (SVI3 TFN) [℃]","CPU VDDCR_VDD 電圧 (SVI3 TFN) [V]","CPU VDDCR_SOC 電圧 (SVI3 TFN) [V]","CPU VDD_MISC 電圧 (SVI3 TFN) [V]","CPU コア電流 (SVI3 TFN) [A]","SoC 電流 (SVI3 TFN) [A]","CPU TDC [A]","CPU EDC [A]","MISC 電流 (SVI3 TFN) [A]","CPU パッケージ電力 [W]","コア電力 (avg) [W]","Core 0 電力 [W]","Core 1 電力 [W]","Core 2 電力 [W]","Core 3 電力 [W]","Core 4 電力 [W]","Core 5 電力 [W]","CPU コア電力 (SVI3 TFN) [W]","CPU SoC 電力 (SVI3 TFN) [W]","Core+SoC+MISC 電力 (SVI3 TFN) [W]","CPU PPT [W]","Infinity Fabric クロック (FCLK) [MHz]","メモリ コントローラー クロック (UCLK) [MHz]","L3 クロック (avg) [MHz]","L3 キャッシュ (CCD1) [MHz]","周波数制限 - グローバル [MHz]","CPU PPT Limit [%]","CPU TDC 制限 [%]","CPU EDC 制限 [%]","CPU PPT FAST Limit [%]","Thermal Limit [%]","サーマル スロットリング (HTC) [Yes/No]","サーマル スロットリング (PROCHOT CPU) [Yes/No]","サーマル スロットリング (PROCHOT EXT) [Yes/No]","DRAM 読み取り帯域幅 [GB/s]","DRAM 書き込み帯域幅 [GB/s]","アクティブ コアの平均数 []","マザーボード [℃]","CPU [℃]","CPU (PECI) [℃]","PCH TSI0 [℃]","Vcore [V]","+12V [V]","+3.3V (AVCC) [V]","+3.3V (3VCC) [V]","+5V [V]","+1.05_ALW [V]","VIN4 [V]","3VSB [V]","VBAT [V]","VTT [V]","VDDCR_SOC [V]","VDD_MISC [V]","VIN2 [V]","+1.8V [V]","DRAM [V]","VIN9 [V]","VHIF [V]","VIN10 [V]","CPU1 [RPM]","シャーシへの侵入 [Yes/No]","チップセット 1 (xHCI) [℃]","SPD Hub 温度 [℃]","VDD (SWA) 電圧 [V]","VDDQ (SWB) 電圧 [V]","VPP (SWC) 電圧 [V]","1.8V VOUT 電圧 [V]","1.0V VOUT 電圧 [V]","VIN 電圧 [V]","総電力 [W]","PMIC 高温 [Yes/No]","PMIC Over Voltage [Yes/No]","PMIC Over Voltage [Yes/No]","SPD Hub 温度 [℃]","VDD (SWA) 電圧 [V]","VDDQ (SWB) 電圧 [V]","VPP (SWC) 電圧 [V]","1.8V VOUT 電圧 [V]","1.0V VOUT 電圧 [V]","VIN 電圧 [V]","総電力 [W]","PMIC 高温 [Yes/No]","PMIC Over Voltage [Yes/No]","PMIC Over Voltage [Yes/No]","ディスク温度 [℃]","ディスク気流温度 [℃]","ディスク障害 [Yes/No]","ディスク警告 [Yes/No]","総計ホスト書き込み [GB]","総計ホスト読み取り [GB]","警告: 現在保留中のセクター数: []","警告: オフライン訂正不可能なセクター数: []","ディスク温度 [℃]","ディスクの残り寿命 [%]","ディスク障害 [Yes/No]","ディスク警告 [Yes/No]","総計ホスト書き込み [GB]","総計 NAND 書き込み [GB]","総計ホスト読み取り [GB]","ディスク温度 [℃]","ディスク温度 2 [℃]","ディスク温度 3 [℃]","ディスクの残り寿命 [%]","ディスクの利用可能なスペア [%]","ディスク障害 [Yes/No]","ディスク警告 [Yes/No]","総計ホスト書き込み [GB]","総計ホスト読み取り [GB]","読み取り活動率 [%]","書き込み活動率 [%]","総活動率 [%]","読み取り速度 [MB/s]","書き込み速度 [MB/s]","総計読み取り [MB]","総計書き込み [MB]","読み取り活動率 [%]","書き込み活動率 [%]","総活動率 [%]","読み取り速度 [MB/s]","書き込み速度 [MB/s]","総計読み取り [MB]","総計書き込み [MB]","読み取り活動率 [%]","書き込み活動率 [%]","総活動率 [%]","読み取り速度 [MB/s]","書き込み速度 [MB/s]","総計読み取り [MB]","総計書き込み [MB]","GPU 温度 [℃]","GPU コア電圧 (VDDCR_GFX) [V]","GPU コア電力 (VDDCR_GFX) [W]","GPU クロック [MHz]","GPU メモリ クロック [MHz]","GPU SoC クロック [MHz]","GPU VCN クロック [MHz]","GPU 使用率 [%]","GPU D3D 使用率 [%]","GPU D3D 使用率 (avg) [%]","GPU Video Decode 0 使用率 [%]","GPU Video Decode 1 使用率 [%]","GPU Computing (Compute 0) 使用率 [%]","GPU Computing (Compute 1) 使用率 [%]","GPU Computing (High Priority Compute) 使用率 [%]","GPU D3D 専用メモリ [MB]","GPU D3D 共有メモリ [MB]","PCIe リンク速度 [GT/s]","GPU メモリ使用 [MB]","スロットルの理由 - 電力 [Yes/No]","スロットルの理由 - サーマル [Yes/No]","スロットルの理由 - 電流 [Yes/No]","GPU 温度 [℃]","GPU メモリ ジャンクション温度 [℃]","GPU ホットスポット温度 [℃]","GPU 熱制限 [℃]","GPU コア電圧 [V]","GPU レール電圧 (avg) [V]","GPU FBVDD 入力電圧 [V]","GPU PCIe +12V 入力電圧 [V]","GPU 12VHPWR 電圧 [V]","GPU Misc0 入力電圧 [V]","GPU ファン1 [RPM]","GPU ファン2 [RPM]","GPU 電力 [W]","GPU レール電力 (avg) [W]","GPU Core (NVVDD) 入力電力 (合計) [W]","GPU FBVDD 入力電力 [W]","GPU PCIe +12V 入力電力 [W]","GPU 12VHPWR 電力 [W]","GPU Misc0 入力電力 [W]","GPU 入力 PP ソース 電力 (合計) [W]","GPU Core (NVVDD) 出力電力 [W]","GPU Core (NVVDD) 出力電力 [W]","GPU 電力制限 (定格) [W]","GPU 電力制限 (最大) [W]","GPU クロック [MHz]","GPU メモリ クロック [MHz]","GPU ビデオ クロック [MHz]","GPU 実効クロック [MHz]","GPU Crossbar クロック [MHz]","GPU クロック (実測値) [MHz]","GPU メモリ クロック (実測値) [MHz]","GPU クロスバー クロック (実測値) [MHz]","GPU コア使用率 [%]","GPU メモリ コントローラー使用率 [%]","GPU ビデオ エンジン使用率 [%]","GPU バス使用率 [%]","GPU メモリ使用 [%]","GPU D3D 使用率 (avg) [%]","GPU D3D 使用率 [%]","GPU Video Decode 0 使用率 [%]","GPU Video Encode 0 使用率 [%]","GPU VR 使用率 [%]","GPU ファン1 [%]","GPU ファン2 [%]","GPU パフォーマンス制限 (avg) [Yes/No]","パフォーマンス制限 - 電力 [Yes/No]","パフォーマンス制限 - サーマル [Yes/No]","パフォーマンス制限 - 信頼性電圧 [Yes/No]","パフォーマンス制限 - 最大動作電圧 [Yes/No]","パフォーマンス制限 - 使用率 [Yes/No]","パフォーマンス制限 - SLI GPUBoost Sync [Yes/No]","総 GPU 電力 [TDP の割合] [%]","総 GPU 電力 (標準化) [TDP の割合] [%]","PCI Express Error Counters (avg) []","Receiver Errors []","Replay Count []","Replay Rollover Count []","Bad DLLP Count []","Bad TLP Count []","LCRC Error Count []","NAKs Sent Count []","NAKs Received Count []","Recovery Count []","Correctable Error Count []","Non-Fatal Error Count []","Fatal Error Count []","Unsupported Request Count []","PCIe Lane 0 Errors []","PCIe Lane 1 Errors []","PCIe Lane 2 Errors []","PCIe Lane 3 Errors []","PCIe Lane 4 Errors []","PCIe Lane 5 Errors []","PCIe Lane 6 Errors []","PCIe Lane 7 Errors []","PCIe Lane 8 Errors []","PCIe Lane 9 Errors []","PCIe Lane 10 Errors []","PCIe Lane 11 Errors []","PCIe Lane 12 Errors []","PCIe Lane 13 Errors []","PCIe Lane 14 Errors []","PCIe Lane 15 Errors []","利用可能な GPU メモリ [MB]","割り当てられた GPU メモリ [MB]","GPU D3D 専用メモリ [MB]","GPU D3D 共有メモリ [MB]","PCIe リンク速度 [GT/s]","フレーム レート Presented (avg) [FPS]","フレーム レート Presented (99%) [FPS]","フレーム レート Presented (1%) [FPS]","フレーム レート Presented (0.1%) [FPS]","フレーム レート Presented (1% low) [FPS]","フレーム レート Presented (0.1% low) [FPS]","フレーム レート Displayed (avg) [FPS]","フレーム レート Displayed (99%) [FPS]","フレーム レート Displayed (1%) [FPS]","フレーム レート Displayed (0.1%) [FPS]","フレーム レート Displayed (1% low) [FPS]","フレーム レート Displayed (0.1% low) [FPS]","Frame Time Presented (avg) [ms]","Frame Time Presented (99%) [ms]","Frame Time Presented (1%) [ms]","Frame Time Presented (0.1%) [ms]","Frame Time Displayed (1% high) [ms]","Frame Time Displayed (0.1% high) [ms]","GPU Busy (avg) [ms]","GPU Wait (avg) [ms]","CPU Busy (avg) [ms]","CPU Wait (avg) [ms]","Animation Error (avg) [ms]","総計ダウンロード [MB]","総計アップロード [MB]","現在のダウンロード速度 [KB/s]","現在のアップロード速度 [KB/s]","総計ダウンロード [MB]","総計アップロード [MB]","現在のダウンロード速度 [KB/s]","現在のアップロード速度 [KB/s]","エラー総数 []",
19.7.2026,0:39:36.624,16490,17421,48.6,13054,18809,40.9,1.0,2048,20,1.035,1.035,1.035,1.035,1.035,1.035,1.035,4430.9,3127.7,4691.5,4691.5,4691.5,4691.5,4691.5,99.8,262.8,276.3,105.7,611.6,458.9,646.0,420.8,247.1,169.9,41.1,37.7,83.1,54.9,262.8,4.8,4.5,2.5,11.2,8.3,12.3,7.4,3.5,2.0,1.1,1.0,1.9,1.4,12.3,4.8,6.4,6.1,2.6,15.4,11.3,16.5,10.3,6.0,4.1,0.9,0.8,2.0,1.3,6.4,44.4,31.3,47.0,47.0,47.0,47.0,47.0,0.0,9.9,7.4,19.7,19.8,8.3,1.6,2.8,48.3,52.4,80.3,80.2,53.5,12.0,11.4,41.8,40.3,0.0,0.0,38.2,86.5,85.8,2395.7,24.00,40,39,39,77,116,708,1,57.5,57.2,49.8,45.6,45.4,47.1,46.6,45.4,44.6,44.8,47.0,47.0,57.0,51.4,41.9,41.0,43.0,1.037,1.015,1.100,7.705,7.086,7.705,30.000,5.276,26.602,0.739,0.585,1.423,1.387,0.695,0.151,0.194,8.016,7.192,21.011,26.016,1996.4,2395.7,4679.4,4679.4,4717.7,29.6,10.3,20.0,29.6,67.3,いいえ,いいえ,いいえ,0.445,0.113,0.6,37.0,57.5,40.0,57.0,1.048,12.197,3.456,3.328,5.040,1.072,1.088,3.456,3.328,1.808,1.024,1.120,1.040,1.792,1.104,0.792,1.824,0.248,1433,いいえ,55.6,39.2,1.110,1.110,1.800,1.800,0.990,5.040,0.250,いいえ,いいえ,いいえ,38.5,1.110,1.110,1.800,1.800,0.990,5.040,0.250,いいえ,いいえ,いいえ,37,37,いいえ,はい,15388,14038,128,128,34,100.0,いいえ,いいえ,3868,2528,9990,38,38,46,100.0,100.0,いいえ,いいえ,7031,7744,1.4,0.0,1.4,0.002,0.002,1385,1004,0.0,0.0,0.0,0.000,0.000,181182,133153,0.0,0.3,0.3,0.044,1.155,66266,77316,53.7,0.720,6.000,600.0,2400.0,1200.0,100.0,0.0,0.0,0.0,0.0,0.0,0.0,0.0,0.0,125,2,16.0,86,いいえ,いいえ,いいえ,39.5,44.0,49.2,84.0,0.865,12.315,12.321,12.275,12.339,12.323,0,0,10.232,5.292,4.100,0.542,7.893,4.368,0.271,8.164,8.009,8.991,220.000,220.000,210.0,50.6,1185.0,210.0,1290.0,210.0,50.5,1414.0,1.0,6.0,0.0,0.0,10.1,1.2,2.4,0.0,2.6,0.0,0,0,はい,いいえ,いいえ,いいえ,いいえ,はい,いいえ,6.0,5.9,0,0,0,0,0,0,0,0,0,0,0,0,0,0,0,0,0,0,0,0,0,0,0,0,0,0,0,0,0,0,11037,1245,967,108,2.5,2.3,60.5,0.4,0.4,0.4,0.4,2.3,60.0,0.4,0.4,0.4,0.4,441.66,2424.34,16.53,16.52,2550.19,2550.19,4.35,15.01,441.66,0.00,844.48,0,0,0.0,0.0,44252,38753,11.7,462.4,0,
19.7.2026,0:39:38.632,16880,17031,49.7,13311,18552,41.7,1.0,2048,20,1.268,1.230,1.275,1.275,1.275,1.275,1.275,4226.8,3427.2,4112.6,5140.7,4112.6,5140.7,3427.2,99.8,639.9,756.6,450.8,1331.9,734.3,1082.5,850.1,529.4,441.0,735.5,457.9,170.9,138.5,639.9,13.1,10.0,9.8,27.1,14.9,22.3,16.5,12.1,10.3,16.7,10.5,4.1,3.3,27.1,13.1,15.8,11.8,11.6,34.1,18.7,27.9,21.8,13.5,11.2,19.0,11.8,4.3,3.5,15.8,42.3,34.3,41.2,51.5,41.2,51.5,34.3,0.0,23.3,17.3,38.4,36.8,19.0,23.3,5.2,58.0,72.0,61.6,63.2,78.7,52.3,20.3,18.7,10.7,0.0,0.0,2.3,24.4,74.5,2395.7,24.00,40,39,39,77,116,708,1,61.4,58.7,61.6,49.4,47.9,51.9,51.6,49.1,49.1,46.7,48.1,48.1,57.5,52.0,41.9,41.0,43.0,1.141,1.015,1.100,14.589,7.145,14.565,65.000,5.297,35.828,2.181,1.755,3.263,3.214,1.981,2.307,0.566,17.092,7.253,30.171,35.186,1996.4,2395.7,4910.1,4910.1,4928.1,40.0,19.4,43.3,40.0,69.1,いいえ,いいえ,いいえ,1.084,0.360,1.4,37.0,57.6,40.0,57.0,1.056,12.197,3.456,3.328,5.040,1.064,1.088,3.456,3.328,1.808,1.024,1.120,1.040,1.792,1.096,0.792,1.824,0.248,1431,いいえ,55.6,39.2,1.110,1.110,1.800,1.800,0.990,5.040,0.500,いいえ,いいえ,いいえ,38.5,1.110,1.110,1.800,1.800,0.990,5.040,0.375,いいえ,いいえ,いいえ,37,37,いいえ,はい,15388,14038,128,128,34,100.0,いいえ,いいえ,3868,2528,9990,38,38,46,100.0,100.0,いいえ,いいえ,7031,7744,0.0,11.1,11.1,0.000,0.046,1385,1004,0.0,0.0,0.0,0.000,0.000,181182,133153,0.7,0.3,1.0,0.087,4.178,66266,77324,53.8,0.720,18.000,600.0,2400.0,1200.0,100.0,0.0,0.0,0.0,0.0,0.0,0.0,0.0,0.0,125,2,16.0,86,いいえ,いいえ,いいえ,39.4,44.0,49.3,84.0,0.865,12.321,12.327,12.282,12.345,12.329,0,0,11.132,4.698,2.523,0.296,7.824,2.679,0.148,7.980,8.012,8.120,220.000,220.000,210.0,50.6,1185.0,210.0,1290.0,210.0,50.5,1414.2,5.0,7.0,3.0,0.0,10.1,2.1,3.6,0.0,4.9,0.0,0,0,はい,いいえ,いいえ,いいえ,いいえ,はい,いいえ,4.8,4.9,0,0,0,0,0,0,0,0,0,0,0,0,0,0,0,0,0,0,0,0,0,0,0,0,0,0,0,0,0,0,11042,1240,962,112,2.5,2.5,2.6,2.4,2.4,2.4,2.4,2.4,2.6,2.3,2.3,2.3,2.3,404.62,418.27,390.97,390.72,418.55,418.55,1.22,403.85,404.38,0.24,75.01,0,0,0.0,0.0,44252,38754,14.3,564.1,0,
19.7.2026,0:39:40.626,18874,15037,55.6,14893,16970,46.7,1.0,2048,20,1.190,1.195,1.200,1.195,1.175,1.175,1.200,4912.0,4916.1,4891.2,4916.1,4916.1,4916.1,4916.1,99.8,2943.9,3052.1,2676.5,3110.5,3679.9,3027.2,3646.7,2635.3,2869.1,2935.4,2886.3,2452.6,2355.8,2943.9,58.5,50.9,54.5,62.3,73.8,60.5,73.0,53.1,58.0,59.4,58.3,50.0,47.9,73.8,58.5,76.1,66.5,70.3,81.7,96.9,79.5,96.0,69.1,75.2,76.8,75.6,64.1,61.5,76.1,49.2,49.2,49.0,49.2,49.2,49.2,49.2,0.0,71.9,62.9,88.7,85.6,65.9,74.0,54.4,25.0,37.1,11.3,14.4,34.1,26.0,27.1,3.1,0.0,0.0,0.0,0.0,0.0,18.6,2395.7,24.00,40,39,39,77,116,708,1,79.1,76.9,85.8,67.3,60.4,72.2,73.2,68.6,64.4,65.1,53.3,53.3,59.8,53.2,42.0,41.0,43.0,1.254,1.015,1.100,34.395,7.783,34.332,65.500,5.384,63.674,6.886,5.807,8.422,8.089,6.583,7.064,5.353,43.026,7.899,56.848,62.588,1996.4,2395.7,5060.6,5060.6,5069.2,71.1,45.8,43.7,71.1,90.4,いいえ,いいえ,いいえ,11.627,6.301,4.3,37.0,75.8,40.0,75.0,1.272,12.197,3.456,3.328,5.040,1.072,1.088,3.440,3.328,1.808,1.024,1.120,1.040,1.792,1.104,0.792,1.824,0.248,1416,いいえ,55.6,39.2,1.110,1.110,1.800,1.800,0.990,5.040,0.500,いいえ,いいえ,いいえ,38.5,1.110,1.110,1.800,1.800,1.005,5.040,0.625,いいえ,いいえ,いいえ,37,37,いいえ,はい,15388,14038,128,128,34,100.0,いいえ,いいえ,3868,2528,9990,38,38,47,100.0,100.0,いいえ,いいえ,7031,7744,0.0,0.0,0.0,0.000,0.002,1385,1004,0.0,0.0,0.0,0.000,0.000,181182,133153,0.3,1.5,1.8,0.076,13.879,66267,77351,53.9,0.720,29.000,600.0,2400.0,1200.0,100.0,0.0,0.0,0.0,0.0,0.0,0.0,0.0,0.0,125,2,16.0,86,いいえ,いいえ,いいえ,39.4,44.0,49.2,84.0,0.865,12.310,12.321,12.268,12.334,12.318,0,0,10.785,4.611,2.371,0.222,7.729,2.479,0.111,7.848,8.009,8.116,220.000,220.000,210.0,50.6,1185.0,210.0,1290.0,210.0,50.5,1413.5,3.0,6.0,1.0,0.0,10.1,1.0,1.7,0.0,2.4,0.0,0,0,はい,いいえ,いいえ,いいえ,いいえ,はい,いいえ,4.6,4.9,0,0,0,0,0,0,0,0,0,0,0,0,0,0,0,0,0,0,0,0,0,0,0,0,0,0,0,0,0,0,11040,1242,965,112,2.5,2.5,2.6,2.4,2.4,2.4,2.4,2.4,2.6,2.3,2.3,2.3,2.3,404.62,418.27,390.97,390.72,418.55,418.55,1.22,403.85,404.38,0.24,75.01,0,0,0.0,0.0,44252,38755,6.0,111.6,0,
19.7.2026,0:39:42.630,20061,13850,59.1,16070,15793,50.4,1.0,2048,20,1.188,1.175,1.190,1.190,1.190,1.190,1.190,4392.1,4941.1,4941.1,4941.1,4941.1,3294.1,3294.1,99.8,4164.4,4283.6,4203.1,4135.6,4608.9,4177.3,4118.0,4082.8,4084.8,4034.9,4039.6,4070.6,4134.0,4164.4,87.5,70.5,87.5,88.4,97.9,89.6,88.2,87.9,87.9,87.5,87.6,87.7,89.0,97.9,87.5,108.0,89.7,110.8,109.0,121.6,110.2,108.6,107.7,107.8,106.6,106.7,107.5,109.2,108.0,44.0,49.5,49.5,49.5,49.5,33.0,33.0,0.0,90.8,89.3,98.8,90.6,88.8,88.0,89.3,5.6,5.9,1.2,9.4,11.2,2.4,3.7,3.6,4.8,0.0,0.0,0.0,9.6,7.0,2395.7,24.00,40,39,39,77,116,708,1,81.0,76.8,58.5,71.0,66.7,72.5,73.9,73.5,66.6,72.4,54.7,54.7,60.0,53.6,42.0,41.0,43.0,1.219,1.015,1.100,37.456,7.274,37.530,66.000,5.347,65.735,7.252,7.280,7.632,7.391,7.355,6.662,7.193,45.352,7.383,58.617,63.888,1996.4,2395.7,4998.3,4998.3,5021.2,72.6,50.0,44.0,72.6,90.3,いいえ,いいえ,いいえ,2.019,3.014,5.4,37.0,81.6,40.0,81.0,1.216,12.197,3.456,3.328,5.040,1.064,1.080,3.456,3.328,1.808,1.024,1.120,1.040,1.792,1.104,0.792,1.824,0.248,1991,いいえ,55.6,39.2,1.110,1.110,1.800,1.800,0.990,5.040,0.250,いいえ,いいえ,いいえ,38.8,1.110,1.110,1.800,1.800,0.990,5.040,0.250,いいえ,いいえ,いいえ,37,37,いいえ,はい,15388,14038,128,128,34,100.0,いいえ,いいえ,3868,2528,9990,38,38,46,100.0,100.0,いいえ,いいえ,7031,7744,0.0,0.1,0.1,0.000,0.004,1385,1004,0.0,0.0,0.0,0.000,0.000,181182,133153,0.0,0.7,0.7,0.000,1.597,66267,77354,55.1,0.720,41.000,600.0,2400.0,1200.0,100.0,0.0,0.0,0.0,0.0,0.0,0.0,0.0,0.0,125,2,16.0,86,いいえ,いいえ,いいえ,39.4,44.0,49.2,84.0,0.865,12.308,12.318,12.265,12.332,12.317,0,0,10.534,4.776,2.887,0.296,7.764,3.034,0.148,7.922,8.033,8.124,220.000,220.000,210.0,50.6,1185.0,210.0,1290.0,210.0,50.5,1413.8,2.0,6.0,1.0,0.0,10.1,0.3,0.4,0.0,0.8,0.0,0,0,はい,いいえ,いいえ,いいえ,いいえ,はい,いいえ,4.9,5.5,0,0,0,0,0,0,0,0,0,0,0,0,0,0,0,0,0,0,0,0,0,0,0,0,0,0,0,0,0,0,11040,1242,965,112,2.5,2.5,2.6,2.4,2.4,2.4,2.4,2.4,2.6,2.3,2.3,2.3,2.3,404.62,418.27,390.97,390.72,418.55,418.55,1.22,403.85,404.38,0.24,75.01,0,0,0.0,0.0,44252,38755,6.0,103.0,0,
19.7.2026,0:39:44.629,21065,12846,62.1,17123,14740,53.7,1.0,2048,20,1.165,1.165,1.180,1.165,1.165,1.150,1.165,4862.1,4866.2,4866.2,4841.3,4866.2,4866.2,4866.2,99.8,4665.2,4660.2,4641.1,4642.7,4863.1,4645.6,4666.3,4646.4,4649.6,4640.6,4640.3,4641.4,4645.4,4665.2,95.9,95.7,95.5,95.5,99.9,95.6,96.0,95.6,95.6,95.5,95.4,95.5,95.5,99.9,95.9,122.9,122.5,122.4,122.4,128.2,122.5,123.0,122.4,122.5,122.3,122.3,122.3,122.4,122.9,48.7,48.8,48.8,48.5,48.8,48.8,48.8,0.0,96.4,95.8,99.9,96.1,95.8,95.4,95.5,1.9,1.6,0.1,3.9,4.2,0.6,0.8,1.7,2.6,0.0,0.0,0.0,4.0,3.7,2395.7,24.00,40,39,39,77,116,708,1,85.1,83.5,84.9,78.9,72.5,80.3,82.9,82.5,74.4,81.0,56.1,56.1,61.8,54.7,42.0,41.0,43.1,1.185,1.015,1.100,47.276,7.694,47.206,58.000,5.384,76.585,8.922,8.377,9.201,9.158,9.208,8.606,8.983,55.990,7.809,69.722,75.243,1996.4,2395.7,4895.1,4895.1,4923.6,85.5,62.9,38.7,85.5,98.2,いいえ,いいえ,いいえ,8.899,4.254,5.8,37.0,84.5,40.0,84.0,1.216,12.197,3.456,3.328,5.040,1.072,1.080,3.456,3.328,1.808,1.024,1.120,1.032,1.792,1.104,0.792,1.824,0.248,2011,いいえ,55.6,39.2,1.095,1.110,1.800,1.800,0.990,5.040,0.750,いいえ,いいえ,いいえ,38.8,1.095,1.110,1.800,1.800,0.990,5.040,0.750,いいえ,いいえ,いいえ,37,37,いいえ,はい,15388,14038,128,128,34,100.0,いいえ,いいえ,3868,2528,9990,38,38,46,100.0,100.0,いいえ,いいえ,7031,7744,0.0,0.1,0.1,0.000,0.010,1385,1004,0.0,0.0,0.0,0.000,0.000,181182,133153,0.0,0.4,0.4,0.000,0.933,66267,77356,55.9,0.720,48.000,600.0,2400.0,1200.0,100.0,0.0,0.0,0.0,0.0,0.0,0.0,0.0,0.0,125,2,16.0,86,いいえ,いいえ,いいえ,39.4,44.0,49.2,84.0,0.865,12.302,12.313,12.258,12.328,12.311,0,0,10.280,4.469,1.880,0.172,7.685,1.973,0.086,7.784,8.049,8.121,220.000,220.000,210.0,50.6,1185.0,210.0,1290.0,210.0,50.5,1413.7,1.0,4.0,0.0,0.0,10.1,0.5,0.8,0.0,1.3,0.0,0,0,はい,いいえ,いいえ,いいえ,いいえ,はい,いいえ,4.4,4.9,0,0,0,0,0,0,0,0,0,0,0,0,0,0,0,0,0,0,0,0,0,0,0,0,0,0,0,0,0,0,11040,1242,965,112,2.5,1.3,1.3,1.3,1.3,1.3,1.3,0.0,0.0,0.0,0.0,0.0,0.0,799.08,799.08,799.08,799.08,799.08,799.08,6.23,75.08,798.98,0.10,0.00,0,0,0.0,0.0,44252,38755,6.8,141.9,0,
19.7.2026,0:39:46.630,21064,12847,62.1,17135,14728,53.7,1.0,2048,20,1.148,1.150,1.165,1.165,1.165,1.130,1.115,4824.6,4866.2,4841.3,4866.2,4766.4,4816.3,4791.4,99.8,4814.2,4829.1,4813.2,4813.1,4812.6,4812.4,4812.9,4813.0,4812.9,4812.9,4812.9,4812.3,4812.7,4814.2,100.0,100.0,100.0,100.0,100.0,100.0,100.0,100.0,100.0,100.0,100.0,100.0,100.0,100.0,100.0,126.9,126.9,126.9,126.9,126.9,126.9,126.9,126.9,126.9,126.9,126.9,126.9,126.9,126.9,48.3,48.8,48.5,48.8,47.8,48.2,48.0,0.0,100.0,100.0,100.0,100.0,100.0,100.0,100.0,0.0,0.0,0.0,0.0,0.0,0.0,0.0,0.0,0.0,0.0,0.0,0.0,0.0,0.0,2395.7,24.00,40,39,39,77,116,708,1,85.6,85.0,85.4,80.7,74.3,81.6,84.6,84.4,76.2,83.3,57.6,57.6,63.2,55.3,42.2,41.0,43.9,1.152,1.015,1.100,48.169,7.707,48.169,57.500,5.391,76.380,8.929,8.512,9.087,9.110,9.199,8.596,9.072,55.506,7.823,69.259,74.700,1996.4,2395.7,4838.6,4838.6,4865.4,84.9,64.2,38.3,84.9,100.0,いいえ,いいえ,いいえ,7.039,2.413,6.0,37.0,85.2,40.0,85.0,1.144,12.197,3.456,3.328,5.040,1.072,1.072,3.440,3.328,1.808,1.024,1.120,1.040,1.792,1.104,0.792,1.824,0.248,2020,いいえ,55.6,39.5,1.095,1.110,1.800,1.800,0.990,5.040,1.000,いいえ,いいえ,いいえ,38.8,1.095,1.110,1.800,1.800,0.990,5.040,0.875,いいえ,いいえ,いいえ,37,37,いいえ,はい,15388,14038,128,128,34,100.0,いいえ,いいえ,3868,2528,9990,38,38,45,100.0,100.0,いいえ,いいえ,7031,7744,0.0,0.0,0.0,0.000,0.004,1385,1004,0.0,0.0,0.0,0.000,0.000,181182,133153,0.0,0.0,0.0,0.000,0.000,66267,77356,56.4,0.720,58.000,600.0,2400.0,1200.0,100.0,0.0,0.0,0.0,0.0,0.0,0.0,0.0,0.0,125,2,16.0,86,いいえ,いいえ,いいえ,39.4,44.0,49.1,84.0,0.865,12.308,12.318,12.265,12.333,12.316,0,0,10.270,4.546,2.021,0.246,7.776,2.146,0.123,7.907,8.023,8.125,220.000,220.000,210.0,50.6,1185.0,210.0,1290.0,210.0,50.5,1413.7,1.0,6.0,0.0,0.0,10.1,0.7,1.2,0.0,1.8,0.0,0,0,はい,いいえ,いいえ,いいえ,いいえ,はい,いいえ,4.5,5.0,0,0,0,0,0,0,0,0,0,0,0,0,0,0,0,0,0,0,0,0,0,0,0,0,0,0,0,0,0,0,11042,1240,962,112,2.5,1.3,1.3,1.3,1.3,1.3,1.3,0.0,0.0,0.0,0.0,0.0,0.0,799.08,799.08,799.08,799.08,799.08,799.08,6.23,75.08,798.98,0.10,0.00,0,0,0.0,0.0,44252,38755,6.1,114.1,0,
19.7.2026,0:39:48.631,21063,12848,62.1,17148,14715,53.8,1.0,2048,20,1.166,1.150,1.145,1.180,1.185,1.185,1.150,4862.1,4791.4,4891.2,4866.2,4891.2,4916.1,4816.3,99.8,4831.2,4846.1,4829.9,4829.6,4829.8,4829.2,4829.8,4830.1,4830.1,4830.3,4830.0,4829.5,4829.6,4831.2,100.0,100.0,100.0,100.0,100.0,100.0,100.0,100.0,100.0,100.0,100.0,100.0,100.0,100.0,100.0,127.3,127.3,127.3,127.3,127.3,127.3,127.3,127.3,127.3,127.3,127.3,127.3,127.3,127.3,48.7,48.0,49.0,48.8,49.0,49.2,48.2,0.0,100.0,100.0,100.0,100.0,100.0,100.0,100.0,0.0,0.0,0.0,0.0,0.0,0.0,0.0,0.0,0.0,0.0,0.0,0.0,0.0,0.0,2395.7,24.00,40,39,39,77,116,708,1,85.9,85.0,84.8,80.8,74.3,81.8,84.5,84.3,76.6,83.0,58.4,58.4,62.8,55.7,42.5,41.0,44.0,1.164,1.015,1.100,47.222,7.834,47.225,60.500,5.390,76.195,8.690,8.189,8.836,8.877,8.918,8.528,8.794,54.998,7.951,68.878,74.495,1996.4,2395.7,4856.6,4856.6,4881.9,84.7,63.0,40.3,84.7,100.0,いいえ,いいえ,いいえ,9.909,2.725,6.0,37.0,85.8,40.0,85.0,1.216,12.197,3.456,3.328,5.040,1.072,1.072,3.440,3.328,1.808,1.024,1.120,1.040,1.808,1.104,0.792,1.824,0.248,2008,いいえ,55.6,39.5,1.095,1.110,1.815,1.800,0.990,5.040,1.000,いいえ,いいえ,いいえ,39.0,1.095,1.110,1.815,1.800,0.990,5.040,0.875,いいえ,いいえ,いいえ,37,37,いいえ,はい,15388,14038,128,128,34,100.0,いいえ,いいえ,3868,2528,9990,38,38,45,100.0,100.0,いいえ,いいえ,7031,7744,0.0,0.0,0.0,0.000,0.002,1385,1004,0.0,0.0,0.0,0.000,0.000,181182,133153,0.0,0.0,0.0,0.000,0.000,66267,77356,57.0,0.720,59.000,600.0,2400.0,1200.0,100.0,0.0,0.0,0.0,0.0,0.0,0.0,0.0,0.0,125,2,16.0,86,いいえ,いいえ,いいえ,39.4,44.0,49.2,84.0,0.865,12.312,12.321,12.270,12.337,12.319,0,0,10.351,4.713,2.585,0.271,7.792,2.714,0.136,7.939,8.073,8.194,220.000,220.000,210.0,50.6,1185.0,210.0,1290.0,210.0,50.5,1413.3,4.0,6.0,2.0,0.0,10.1,0.7,0.9,0.0,1.8,0.0,0,0,はい,いいえ,いいえ,いいえ,いいえ,はい,いいえ,4.8,5.2,0,0,0,0,0,0,0,0,0,0,0,0,0,0,0,0,0,0,0,0,0,0,0,0,0,0,0,0,0,0,11042,1240,962,112,2.5,5.7,16.9,2.2,2.1,2.1,2.1,4.8,6.0,4.0,4.0,4.0,4.0,175.04,460.21,59.10,59.01,471.11,471.11,2.88,38.99,174.93,0.10,8.57,0,0,0.0,0.0,44252,38756,7.4,295.7,0,
19.7.2026,0:39:50.635,21063,12848,62.1,17155,14707,53.8,1.0,2048,20,1.123,1.115,1.120,1.135,1.115,1.135,1.115,4799.7,4791.4,4816.3,4791.4,4791.4,4816.3,4791.4,99.8,4808.1,4823.3,4807.4,4807.2,4807.3,4806.5,4806.9,4807.0,4806.9,4806.6,4806.4,4806.2,4806.2,4808.1,100.0,100.0,100.0,100.0,100.0,100.0,100.0,100.0,100.0,100.0,100.0,100.0,100.0,100.0,100.0,126.8,126.7,126.8,126.8,126.8,126.8,126.8,126.8,126.8,126.8,126.8,126.8,126.8,126.8,48.1,48.0,48.2,48.0,48.0,48.2,48.0,0.0,100.0,100.0,100.0,100.0,100.0,100.0,100.0,0.0,0.0,0.0,0.0,0.0,0.0,0.0,0.0,0.0,0.0,0.0,0.0,0.0,0.0,2395.7,24.00,40,39,39,77,116,708,1,85.9,85.0,84.9,80.7,74.4,81.6,84.5,84.3,76.5,82.9,58.7,58.7,63.8,56.1,42.8,41.0,44.0,1.148,1.015,1.100,46.999,7.747,46.994,57.500,5.407,75.000,8.582,8.067,8.699,8.852,8.873,8.356,8.647,54.006,7.863,67.817,73.326,1996.4,2395.7,4833.1,4833.1,4859.6,83.3,62.7,38.3,83.3,100.0,いいえ,いいえ,いいえ,8.447,2.261,6.0,37.0,86.0,40.0,86.0,1.176,12.197,3.456,3.328,5.040,1.072,1.072,3.440,3.328,1.808,1.024,1.120,1.032,1.808,1.104,0.792,1.824,0.248,2008,いいえ,55.6,39.5,1.095,1.110,1.815,1.800,0.990,5.040,1.375,いいえ,いいえ,いいえ,39.0,1.095,1.110,1.815,1.800,0.990,5.040,0.625,いいえ,いいえ,いいえ,37,37,いいえ,はい,15388,14038,128,128,34,100.0,いいえ,いいえ,3868,2528,9990,38,38,45,100.0,100.0,いいえ,いいえ,7031,7744,0.0,1.3,1.3,0.000,0.008,1385,1004,0.0,0.0,0.0,0.000,0.000,181182,133153,0.0,0.1,0.1,0.000,0.008,66267,77356,57.6,0.720,51.000,600.0,2400.0,1200.0,100.0,0.0,0.0,0.0,0.0,0.0,0.0,0.0,0.0,125,2,16.0,86,いいえ,いいえ,いいえ,39.4,44.0,49.1,84.0,0.865,12.313,12.323,12.271,12.338,12.321,0,0,10.380,4.715,2.558,0.296,7.829,2.714,0.148,7.991,8.060,8.127,220.000,220.000,210.0,50.6,1185.0,210.0,1290.0,210.0,50.5,1414.5,2.0,6.0,1.0,0.0,10.1,0.6,0.9,0.0,1.6,0.0,0,0,はい,いいえ,いいえ,いいえ,いいえ,はい,いいえ,4.8,5.3,0,0,0,0,0,0,0,0,0,0,0,0,0,0,0,0,0,0,0,0,0,0,0,0,0,0,0,0,0,0,11042,1240,962,111,2.5,5.7,16.9,2.2,2.1,2.1,2.1,4.8,6.0,4.0,4.0,4.0,4.0,175.04,460.21,59.10,59.01,471.11,471.11,2.88,38.99,174.93,0.10,8.57,0,0,0.0,0.0,44253,38756,5.7,88.2,0,
19.7.2026,0:39:52.626,21062,12849,62.1,17157,14706,53.8,1.0,2048,20,1.150,1.200,1.075,1.105,1.175,1.170,1.175,4845.4,4916.1,4766.4,4766.4,4891.2,4816.3,4916.1,99.8,4794.3,4809.2,4792.5,4792.7,4793.0,4792.1,4792.9,4792.9,4792.9,4793.1,4793.7,4793.3,4793.3,4794.3,100.0,100.0,100.0,100.0,100.0,100.0,100.0,100.0,100.0,100.0,100.0,100.0,100.0,100.0,100.0,126.4,126.4,126.4,126.4,126.4,126.4,126.4,126.4,126.4,126.4,126.4,126.4,126.4,126.4,48.5,49.2,47.8,47.8,49.0,48.2,49.2,0.0,100.0,100.0,100.0,100.0,100.0,100.0,100.0,0.0,0.0,0.0,0.0,0.0,0.0,0.0,0.0,0.0,0.0,0.0,0.0,0.0,0.0,2395.7,24.00,40,39,39,77,116,708,1,85.9,85.0,84.4,80.9,74.7,81.8,84.5,84.3,77.2,82.9,59.0,59.0,63.8,56.4,42.9,41.0,44.0,1.140,1.015,1.100,47.004,7.768,47.008,59.000,5.435,74.580,8.510,8.061,8.598,8.686,8.741,8.427,8.549,53.617,7.885,67.480,72.967,1996.4,2395.7,4819.6,4819.6,4846.3,82.9,62.7,39.3,82.9,100.0,いいえ,いいえ,いいえ,8.020,2.279,6.0,37.0,85.9,40.0,85.0,1.144,12.197,3.456,3.328,5.040,1.072,1.072,3.456,3.328,1.808,1.024,1.120,1.040,1.808,1.104,0.792,1.824,0.248,2020,いいえ,55.6,39.5,1.095,1.110,1.815,1.800,1.005,5.040,0.875,いいえ,いいえ,いいえ,39.0,1.095,1.110,1.815,1.800,1.005,5.040,0.875,いいえ,いいえ,いいえ,37,37,いいえ,はい,15388,14038,128,128,34,100.0,いいえ,いいえ,3868,2528,9990,38,38,45,100.0,100.0,いいえ,いいえ,7031,7744,0.0,0.0,0.0,0.000,0.002,1385,1004,0.0,0.0,0.0,0.000,0.000,181182,133153,0.0,0.0,0.0,0.016,0.000,66267,77356,58.0,0.720,41.000,600.0,2400.0,1200.0,100.0,0.0,0.0,0.0,0.0,0.0,0.0,0.0,0.0,125,2,16.0,86,いいえ,いいえ,いいえ,39.4,44.0,49.2,84.0,0.865,12.307,12.317,12.264,12.332,12.316,0,0,10.321,4.658,2.428,0.246,7.787,2.553,0.123,7.919,8.073,8.135,220.000,220.000,210.0,50.6,1185.0,210.0,1290.0,209.6,50.5,1412.8,2.0,6.0,1.0,0.0,10.1,0.5,0.7,0.0,1.3,0.0,0,0,はい,いいえ,いいえ,いいえ,いいえ,はい,いいえ,4.7,5.3,0,0,0,0,0,0,0,0,0,0,0,0,0,0,0,0,0,0,0,0,0,0,0,0,0,0,0,0,0,0,11042,1240,962,110,2.5,5.7,16.9,2.2,2.1,2.1,2.1,4.8,6.0,4.0,4.0,4.0,4.0,175.04,460.21,59.10,59.01,471.11,471.11,2.88,38.99,174.93,0.10,8.57,0,0,0.0,0.0,44253,38756,6.1,117.9,0,
19.7.2026,0:39:54.636,21063,12848,62.1,17164,14699,53.8,1.0,2048,20,1.133,1.125,1.110,1.135,1.150,1.150,1.130,4820.5,4866.2,4741.4,4816.3,4841.3,4841.3,4816.3,99.8,4808.8,4823.5,4807.3,4807.5,4807.7,4807.0,4807.6,4807.8,4807.7,4807.2,4806.9,4807.5,4807.5,4808.8,100.0,100.0,100.0,100.0,100.0,100.0,100.0,100.0,100.0,100.0,100.0,100.0,100.0,100.0,100.0,126.8,126.7,126.7,126.8,126.8,126.8,126.8,126.8,126.8,126.7,126.7,126.8,126.8,126.7,48.3,48.8,47.5,48.2,48.5,48.5,48.2,0.0,100.0,100.0,100.0,100.0,100.0,100.0,100.0,0.0,0.0,0.0,0.0,0.0,0.0,0.0,0.0,0.0,0.0,0.0,0.0,0.0,0.0,2395.7,24.00,40,39,39,77,116,708,1,86.0,85.0,84.9,80.9,75.2,81.9,84.5,84.2,76.9,82.9,59.6,59.6,64.5,56.9,42.9,41.0,44.0,1.149,1.015,1.100,46.451,7.924,46.450,58.500,5.411,74.673,8.379,7.966,8.503,8.565,8.616,8.204,8.421,53.414,8.043,67.408,73.024,1996.4,2395.7,4834.3,4834.3,4860.5,83.0,61.9,39.0,83.0,100.0,いいえ,いいえ,いいえ,10.121,2.584,6.0,37.0,85.9,40.0,85.0,1.144,12.197,3.456,3.328,5.040,1.072,1.064,3.456,3.328,1.808,1.024,1.120,1.040,1.808,1.104,0.792,1.824,0.248,2039,いいえ,55.6,39.5,1.095,1.110,1.815,1.800,1.005,5.040,0.875,いいえ,いいえ,いいえ,39.2,1.095,1.110,1.815,1.800,1.005,5.040,0.750,いいえ,いいえ,いいえ,37,37,いいえ,はい,15388,14038,128,128,34,100.0,いいえ,いいえ,3868,2528,9990,38,38,45,100.0,100.0,いいえ,いいえ,7031,7744,0.0,0.0,0.0,0.000,0.006,1385,1004,0.0,0.0,0.0,0.000,0.000,181182,133153,0.0,0.0,0.0,0.000,0.040,66267,77356,58.3,0.720,49.000,600.0,2400.0,1200.0,100.0,0.0,0.0,0.0,0.0,0.0,0.0,0.0,0.0,125,2,16.0,86,いいえ,いいえ,いいえ,39.4,44.0,49.2,84.0,0.865,12.302,12.313,12.258,12.327,12.311,0,0,10.401,4.651,2.376,0.271,7.784,2.515,0.135,7.930,8.064,8.131,220.000,220.000,210.0,50.6,1185.0,210.0,1290.0,210.1,50.5,1413.7,1.0,5.0,0.0,0.0,10.1,0.5,0.8,0.0,1.1,0.0,0,0,はい,いいえ,いいえ,いいえ,いいえ,はい,いいえ,4.7,5.5,0,0,0,0,0,0,0,0,0,0,0,0,0,0,0,0,0,0,0,0,0,0,0,0,0,0,0,0,0,0,11042,1240,962,109,2.5,5.7,16.9,2.2,2.1,2.1,2.1,4.8,6.0,4.0,4.0,4.0,4.0,175.04,460.21,59.10,59.01,471.11,471.11,2.88,38.99,174.93,0.10,8.57,0,0,0.0,0.0,44253,38757,6.5,110.2,0,
19.7.2026,0:39:56.644,21064,12847,62.1,17167,14696,53.8,1.0,2048,20,1.143,1.175,1.125,1.115,1.135,1.165,1.145,4833.0,4866.2,4791.4,4816.3,4816.3,4866.2,4841.3,99.8,4787.9,4802.8,4786.6,4786.6,4786.7,4786.2,4786.7,4786.8,4786.9,4785.8,4786.9,4786.2,4786.2,4787.9,100.0,100.0,100.0,100.0,100.0,100.0,100.0,100.0,100.0,100.0,100.0,100.0,100.0,100.0,100.0,126.2,126.2,126.2,126.2,126.2,126.2,126.2,126.2,126.2,126.2,126.2,126.2,126.2,126.2,48.4,48.8,48.0,48.2,48.2,48.8,48.5,0.0,100.0,100.0,100.0,100.0,100.0,100.0,100.0,0.0,0.0,0.0,0.0,0.0,0.0,0.0,0.0,0.0,0.0,0.0,0.0,0.0,0.0,2395.7,24.00,40,39,39,77,116,708,1,86.0,85.0,85.4,81.0,75.2,81.8,84.5,84.3,77.3,83.1,59.8,59.8,64.2,57.0,42.9,41.0,44.0,1.136,1.015,1.100,46.236,7.916,46.237,57.500,5.411,73.718,8.267,7.855,8.332,8.411,8.498,8.153,8.355,52.537,8.034,66.524,72.066,1996.4,2395.7,4812.9,4812.9,4839.7,81.9,61.6,38.3,81.9,100.0,いいえ,いいえ,いいえ,8.760,2.507,6.0,37.0,86.0,40.0,86.0,1.160,12.197,3.456,3.328,5.040,1.072,1.064,3.440,3.328,1.808,1.024,1.120,1.040,1.808,1.104,0.792,1.824,0.248,2023,いいえ,55.6,39.8,1.095,1.110,1.815,1.800,1.005,5.040,1.250,いいえ,いいえ,いいえ,39.2,1.110,1.110,1.815,1.800,1.005,5.040,1.125,いいえ,いいえ,いいえ,37,37,いいえ,はい,15388,14038,128,128,34,100.0,いいえ,いいえ,3868,2528,9990,38,38,45,100.0,100.0,いいえ,いいえ,7031,7744,0.0,17.6,17.6,0.000,0.014,1385,1004,0.0,0.0,0.0,0.000,0.000,181182,133153,0.0,0.8,0.8,0.000,0.049,66267,77356,58.8,0.720,50.000,600.0,2400.0,1200.0,100.0,0.0,0.0,0.0,0.0,0.0,0.0,0.0,0.0,125,2,16.0,86,いいえ,いいえ,いいえ,39.4,44.0,49.2,84.0,0.865,12.307,12.317,12.265,12.332,12.316,0,0,10.302,4.627,2.335,0.246,7.776,2.466,0.123,7.917,8.043,8.110,220.000,220.000,210.0,50.6,1185.0,210.0,1290.0,210.1,50.5,1412.7,2.0,6.0,1.0,0.0,10.1,0.6,0.9,0.0,1.6,0.0,0,0,はい,いいえ,いいえ,いいえ,いいえ,はい,いいえ,4.7,5.0,0,0,0,0,0,0,0,0,0,0,0,0,0,0,0,0,0,0,0,0,0,0,0,0,0,0,0,0,0,0,11042,1240,962,109,2.5,5.7,16.9,2.2,2.1,2.1,2.1,4.8,6.0,4.0,4.0,4.0,4.0,175.04,460.21,59.10,59.01,471.11,471.11,2.88,38.99,174.93,0.10,8.57,0,0,0.0,0.0,44253,38757,6.0,112.4,0,
19.7.2026,0:39:58.651,21060,12851,62.1,17165,14698,53.8,1.0,2048,20,1.087,1.100,1.090,1.090,1.075,1.090,1.075,4729.0,4741.4,4716.5,4741.4,4716.5,4716.5,4741.4,99.8,4788.1,4803.4,4787.1,4786.8,4787.1,4786.5,4787.1,4787.0,4787.0,4786.0,4786.6,4786.4,4786.5,4788.1,100.0,100.0,100.0,100.0,100.0,100.0,100.0,100.0,100.0,100.0,100.0,100.0,100.0,100.0,100.0,126.2,126.2,126.2,126.2,126.2,126.2,126.2,126.2,126.2,126.2,126.2,126.2,126.2,126.2,47.4,47.5,47.2,47.5,47.2,47.2,47.5,0.0,100.0,100.0,100.0,100.0,100.0,100.0,100.0,0.0,0.0,0.0,0.0,0.0,0.0,0.0,0.0,0.0,0.0,0.0,0.0,0.0,0.0,2395.7,24.00,40,39,39,77,116,708,1,86.0,85.0,84.8,81.2,75.3,82.0,84.5,84.4,77.7,83.2,60.2,60.2,64.8,57.5,43.0,41.0,44.0,1.137,1.015,1.100,45.968,7.828,45.973,55.500,5.415,73.457,8.220,7.742,8.299,8.376,8.439,8.139,8.326,52.290,7.946,66.192,71.784,1996.4,2395.7,4814.5,4814.5,4840.4,81.6,61.3,37.0,81.6,100.0,いいえ,いいえ,いいえ,9.428,2.609,6.0,37.0,86.0,40.0,86.0,1.184,12.197,3.456,3.328,5.040,1.072,1.064,3.456,3.328,1.808,1.024,1.120,1.040,1.808,1.104,0.792,1.824,0.248,2017,いいえ,55.6,39.8,1.095,1.110,1.815,1.800,1.005,5.040,0.625,いいえ,いいえ,いいえ,39.2,1.095,1.110,1.815,1.800,1.005,5.040,0.750,いいえ,いいえ,いいえ,37,37,いいえ,はい,15388,14038,128,128,34,100.0,いいえ,いいえ,3868,2528,9990,38,38,45,100.0,100.0,いいえ,いいえ,7031,7744,0.0,0.0,0.0,0.000,0.002,1385,1004,0.0,0.0,0.0,0.000,0.000,181182,133153,0.0,0.0,0.0,0.000,0.000,66267,77356,59.1,0.720,54.000,600.0,2400.0,1200.0,100.0,0.0,0.0,0.0,0.0,0.0,0.0,0.0,0.0,125,2,16.0,86,いいえ,いいえ,いいえ,39.4,44.0,49.2,84.0,0.865,12.312,12.322,12.271,12.336,12.321,0,0,10.308,4.666,2.436,0.271,7.804,2.578,0.136,7.951,8.021,8.130,220.000,220.000,210.0,50.6,1185.0,210.0,1290.0,210.1,50.5,1414.1,1.0,6.0,0.0,0.0,10.1,0.4,0.6,0.0,1.2,0.0,0,0,はい,いいえ,いいえ,いいえ,いいえ,はい,いいえ,4.7,4.9,0,0,0,0,0,0,0,0,0,0,0,0,0,0,0,0,0,0,0,0,0,0,0,0,0,0,0,0,0,0,11042,1240,962,109,2.5,1.3,1.3,1.3,1.3,1.3,1.3,0.0,0.0,0.0,0.0,0.0,0.0,796.53,796.53,796.53,796.53,796.53,796.53,5.40,77.70,796.40,0.13,0.00,0,0,0.0,0.0,44253,38757,7.9,118.6,0,
19.7.2026,0:40:0.643,21063,12848,62.1,17165,14698,53.8,1.0,2048,20,1.147,1.145,1.160,1.165,1.135,1.135,1.145,4828.8,4841.3,4866.2,4841.3,4816.3,4766.4,4841.3,99.8,4777.8,4792.5,4774.9,4776.4,4775.8,4775.5,4776.7,4777.0,4776.2,4777.2,4777.0,4776.8,4777.0,4777.8,100.0,100.0,100.0,100.0,100.0,100.0,100.0,100.0,100.0,100.0,100.0,100.0,100.0,100.0,100.0,125.9,125.9,125.9,125.9,125.9,125.9,125.9,125.9,125.9,125.9,125.9,125.9,125.9,125.9,48.4,48.5,48.8,48.5,48.2,47.8,48.5,0.0,100.0,100.0,100.0,100.0,100.0,100.0,100.0,0.0,0.0,0.0,0.0,0.0,0.0,0.0,0.0,0.0,0.0,0.0,0.0,0.0,0.0,2395.7,24.00,40,39,39,77,116,708,1,86.0,85.0,84.9,81.1,75.4,81.9,84.6,84.2,77.5,83.1,60.4,60.4,64.8,57.6,43.0,41.0,44.0,1.130,1.015,1.100,45.763,7.733,45.762,57.500,5.446,72.736,8.134,7.710,8.199,8.311,8.319,8.025,8.236,51.742,7.849,65.582,71.123,1996.4,2395.7,4803.5,4803.5,4830.0,80.8,61.0,38.3,80.8,100.0,いいえ,いいえ,いいえ,8.747,2.737,6.0,37.0,86.0,40.0,86.0,1.176,12.197,3.456,3.328,5.040,1.072,1.064,3.456,3.328,1.808,1.024,1.120,1.040,1.792,1.104,0.792,1.824,0.248,2017,いいえ,55.6,39.8,1.095,1.110,1.815,1.800,1.005,5.040,0.625,いいえ,いいえ,いいえ,39.2,1.095,1.110,1.815,1.800,1.005,5.040,0.625,いいえ,いいえ,いいえ,37,37,いいえ,はい,15388,14038,128,128,34,100.0,いいえ,いいえ,3868,2528,9990,38,38,45,100.0,100.0,いいえ,いいえ,7031,7744,0.0,0.0,0.0,0.000,0.004,1385,1004,0.0,0.0,0.0,0.000,0.000,181182,133153,0.0,0.1,0.1,0.000,0.008,66267,77356,59.3,0.720,51.000,600.0,2400.0,1200.0,100.0,0.0,0.0,0.0,0.0,0.0,0.0,0.0,0.0,125,2,16.0,86,いいえ,いいえ,いいえ,39.4,44.0,49.2,84.0,0.865,12.309,12.319,12.266,12.334,12.317,0,0,10.443,4.641,2.339,0.222,7.777,2.454,0.111,7.900,8.074,8.250,220.000,220.000,210.0,50.6,1185.0,210.0,1290.0,210.0,50.5,1413.3,2.0,5.0,1.0,0.0,10.1,0.5,0.7,0.0,1.4,0.0,0,0,はい,いいえ,いいえ,いいえ,いいえ,はい,いいえ,4.8,5.4,0,0,0,0,0,0,0,0,0,0,0,0,0,0,0,0,0,0,0,0,0,0,0,0,0,0,0,0,0,0,11042,1240,962,109,2.5,1.3,1.3,1.3,1.3,1.3,1.3,0.0,0.0,0.0,0.0,0.0,0.0,796.53,796.53,796.53,796.53,796.53,796.53,5.40,77.70,796.40,0.13,0.00,0,0,0.0,0.0,44253,38757,6.3,116.7,0,
19.7.2026,0:40:2.639,21055,12856,62.0,17154,14709,53.8,1.0,2048,20,1.094,1.115,1.075,1.070,1.090,1.115,1.100,4758.1,4791.4,4716.5,4741.4,4741.4,4791.4,4766.4,99.8,4780.6,4796.3,4780.0,4779.2,4778.7,4779.0,4779.4,4778.7,4778.5,4779.2,4780.2,4779.0,4778.4,4780.6,100.0,99.9,100.0,100.0,100.0,100.0,100.0,100.0,100.0,100.0,100.0,100.0,100.0,100.0,100.0,126.0,126.0,126.0,126.0,126.0,126.0,126.0,126.0,126.0,126.0,126.0,126.0,126.0,126.0,47.7,48.0,47.2,47.5,47.5,48.0,47.8,0.0,100.0,100.0,100.0,100.0,100.0,100.0,100.0,0.0,0.0,0.0,0.0,0.0,0.0,0.0,0.0,0.0,0.0,0.0,0.0,0.0,0.0,2395.7,24.00,40,39,39,77,116,708,1,86.1,85.0,84.9,81.2,75.5,82.0,84.4,84.2,77.6,83.3,60.7,60.7,64.8,57.8,43.0,41.0,44.0,1.133,1.015,1.100,45.381,7.791,45.378,58.500,5.437,72.518,8.093,7.670,8.218,8.218,8.260,7.993,8.202,51.441,7.908,65.330,70.929,1996.4,2395.7,4807.7,4807.7,4834.4,80.6,60.5,39.0,80.6,100.0,いいえ,いいえ,いいえ,9.380,3.457,6.0,37.0,86.0,40.0,86.0,1.160,12.197,3.456,3.328,5.040,1.072,1.064,3.456,3.328,1.808,1.024,1.120,1.040,1.792,1.104,0.792,1.824,0.248,2017,いいえ,55.6,39.8,1.095,1.110,1.815,1.815,1.005,5.040,1.000,いいえ,いいえ,いいえ,39.5,1.095,1.110,1.815,1.800,1.005,5.040,0.750,いいえ,いいえ,いいえ,37,37,いいえ,はい,15388,14038,128,128,34,100.0,いいえ,いいえ,3868,2528,9990,38,38,45,100.0,100.0,いいえ,いいえ,7031,7744,0.0,0.1,0.1,0.000,0.008,1385,1004,0.0,0.0,0.0,0.000,0.000,181182,133153,0.0,0.0,0.0,0.000,0.024,66267,77356,59.6,0.720,55.000,600.0,2400.0,1200.0,100.0,0.0,0.0,0.0,0.0,0.0,0.0,0.0,0.0,125,2,16.0,86,いいえ,いいえ,いいえ,39.4,44.0,49.3,84.0,0.865,12.311,12.321,12.270,12.335,12.319,0,0,10.541,4.652,2.423,0.246,7.779,2.553,0.123,7.912,8.079,8.102,220.000,220.000,210.0,50.6,1185.0,210.0,1290.0,209.9,50.5,1413.7,3.0,5.0,0.0,0.0,10.1,0.5,0.7,0.0,1.5,0.0,0,0,はい,いいえ,いいえ,いいえ,いいえ,はい,いいえ,4.8,4.9,0,0,0,0,0,0,0,0,0,0,0,0,0,0,0,0,0,0,0,0,0,0,0,0,0,0,0,0,0,0,11042,1240,962,111,2.5,1.3,1.3,1.3,1.3,1.3,1.3,0.0,0.0,0.0,0.0,0.0,0.0,796.53,796.53,796.53,796.53,796.53,796.53,5.40,77.70,796.40,0.13,0.00,0,0,0.0,0.0,44253,38758,6.0,197.9,0,
19.7.2026,0:40:4.648,21063,12848,62.1,17156,14707,53.8,1.0,2048,20,1.096,1.090,1.090,1.090,1.110,1.105,1.090,4749.8,4766.4,4741.4,4741.4,4741.4,4741.4,4766.4,99.8,4737.2,4751.9,4735.8,4736.2,4736.2,4735.5,4736.0,4736.1,4736.2,4734.6,4736.0,4735.8,4735.9,4737.2,100.0,100.0,100.0,100.0,100.0,100.0,100.0,100.0,100.0,100.0,100.0,100.0,100.0,100.0,100.0,124.9,124.9,124.9,124.9,124.9,124.9,124.9,124.9,124.9,124.8,124.9,124.9,124.9,124.9,47.6,47.8,47.5,47.5,47.5,47.5,47.8,0.0,100.0,100.0,100.0,100.0,100.0,100.0,100.0,0.0,0.0,0.0,0.0,0.0,0.0,0.0,0.0,0.0,0.0,0.0,0.0,0.0,0.0,2395.7,24.00,40,39,39,77,116,708,1,85.9,85.0,84.9,81.2,75.4,82.0,84.7,84.4,77.6,83.3,60.7,60.7,65.8,58.3,43.0,41.0,44.0,1.103,1.015,1.100,45.765,7.664,45.764,54.000,5.403,71.202,8.059,7.571,8.122,8.276,8.275,7.956,8.154,50.523,7.779,64.245,69.627,1996.4,2395.7,4760.9,4760.9,4788.1,79.1,61.0,36.0,79.1,100.0,いいえ,いいえ,いいえ,6.207,1.976,6.0,37.0,86.0,40.0,86.0,1.120,12.197,3.456,3.328,5.040,1.072,1.064,3.456,3.328,1.808,1.024,1.120,1.040,1.792,1.104,0.792,1.824,0.248,2030,いいえ,55.6,39.8,1.095,1.110,1.815,1.815,0.975,5.040,0.375,いいえ,いいえ,いいえ,39.5,1.095,1.110,1.815,1.815,1.005,5.040,0.375,いいえ,いいえ,いいえ,37,37,いいえ,はい,15388,14038,128,128,34,100.0,いいえ,いいえ,3868,2528,9990,38,38,45,100.0,100.0,いいえ,いいえ,7031,7744,0.0,0.0,0.0,0.000,0.004,1385,1004,0.0,0.0,0.0,0.000,0.000,181182,133153,0.0,0.0,0.0,0.000,0.028,66267,77356,59.9,0.720,51.000,600.0,2400.0,1200.0,100.0,0.0,0.0,0.0,0.0,0.0,0.0,0.0,0.0,125,2,16.0,86,いいえ,いいえ,いいえ,39.4,44.0,49.2,84.0,0.865,12.311,12.318,12.269,12.336,12.319,0,0,10.472,4.762,2.734,0.296,7.852,2.887,0.148,8.018,8.042,8.119,220.000,220.000,210.0,50.6,1185.0,210.0,1290.0,210.0,50.5,1414.0,1.0,5.0,0.0,0.0,10.1,0.6,0.7,0.0,1.6,0.0,0,0,はい,いいえ,いいえ,いいえ,いいえ,はい,いいえ,4.9,5.0,0,0,0,0,0,0,0,0,0,0,0,0,0,0,0,0,0,0,0,0,0,0,0,0,0,0,0,0,0,0,11042,1240,962,111,2.5,1.5,1.5,1.5,1.5,1.5,1.5,1.5,1.5,1.5,1.5,1.5,1.5,657.42,657.42,657.42,657.42,657.42,657.42,0.60,73.65,657.42,0.00,316.92,0,0,0.0,0.0,44253,38758,6.1,172.0,0,
19.7.2026,0:40:6.645,21054,12857,62.0,17160,14703,53.8,1.0,2048,20,1.129,1.135,1.120,1.130,1.115,1.120,1.155,4808.0,4816.3,4816.3,4816.3,4766.4,4791.4,4841.3,99.8,4762.8,4777.2,4761.0,4761.5,4761.4,4760.8,4761.4,4761.6,4761.7,4761.8,4762.0,4761.9,4761.6,4762.8,100.0,100.0,100.0,100.0,100.0,100.0,100.0,100.0,100.0,100.0,100.0,100.0,100.0,100.0,100.0,125.5,125.5,125.5,125.5,125.5,125.5,125.5,125.5,125.5,125.5,125.5,125.5,125.5,125.5,48.2,48.2,48.2,48.2,47.8,48.0,48.5,0.0,100.0,100.0,100.0,100.0,100.0,100.0,100.0,0.0,0.0,0.0,0.0,0.0,0.0,0.0,0.0,0.0,0.0,0.0,0.0,0.0,0.0,2395.7,24.00,40,39,39,77,116,708,1,86.0,85.0,82.5,81.3,75.7,82.1,84.3,83.9,78.2,83.6,61.1,61.1,66.2,58.4,43.0,41.0,44.0,1.120,1.015,1.100,45.043,7.881,45.045,57.500,5.439,71.544,7.958,7.552,8.070,8.011,7.981,7.970,8.165,50.484,7.999,64.466,69.972,1996.4,2395.7,4787.2,4787.2,4812.7,79.5,60.1,38.3,79.5,100.0,いいえ,いいえ,いいえ,8.380,2.212,6.0,37.0,86.9,40.0,86.0,1.136,12.197,3.456,3.328,5.040,1.072,1.064,3.456,3.328,1.808,1.024,1.120,1.040,1.792,1.104,0.792,1.824,0.248,2027,いいえ,55.6,40.0,1.095,1.110,1.815,1.815,0.975,5.040,0.750,いいえ,いいえ,いいえ,39.5,1.095,1.110,1.815,1.815,0.975,5.040,0.750,いいえ,いいえ,いいえ,37,37,いいえ,はい,15388,14038,128,128,34,100.0,いいえ,いいえ,3868,2528,9990,38,38,45,100.0,100.0,いいえ,いいえ,7031,7744,0.0,0.1,0.1,0.000,0.006,1385,1004,0.0,0.0,0.0,0.000,0.000,181182,133153,0.0,0.0,0.0,0.000,0.095,66267,77356,60.1,0.720,49.000,600.0,2400.0,1200.0,100.0,0.0,0.0,0.0,0.0,0.0,0.0,0.0,0.0,125,2,16.0,86,いいえ,いいえ,いいえ,39.4,44.0,49.2,84.0,0.865,12.312,12.319,12.271,12.336,12.320,0,0,10.400,4.588,2.157,0.246,7.792,2.270,0.123,7.918,8.084,8.117,220.000,220.000,210.0,50.6,1185.0,210.0,1290.0,210.0,50.5,1414.0,1.0,5.0,0.0,0.0,10.1,0.5,0.7,0.0,1.3,0.0,0,0,はい,いいえ,いいえ,いいえ,いいえ,はい,いいえ,4.6,4.9,0,0,0,0,0,0,0,0,0,0,0,0,0,0,0,0,0,0,0,0,0,0,0,0,0,0,0,0,0,0,11042,1240,962,111,2.5,1.4,1.4,1.4,1.4,1.4,1.4,0.0,0.0,0.0,0.0,0.0,0.0,711.78,711.78,711.78,711.78,711.78,711.78,8.96,104.81,711.67,0.10,0.00,0,0,0.0,0.0,44253,38758,6.1,98.3,0,
19.7.2026,0:40:8.637,21053,12858,62.0,17161,14702,53.8,1.0,2048,20,1.080,1.090,1.090,1.060,1.075,1.090,1.075,4708.2,4716.5,4691.5,4691.5,4716.5,4741.4,4691.5,99.8,4774.7,4790.0,4774.0,4773.4,4773.5,4773.1,4773.7,4772.9,4773.7,4773.7,4773.3,4772.5,4772.6,4774.7,100.0,100.0,100.0,100.0,100.0,100.0,100.0,100.0,100.0,100.0,100.0,100.0,100.0,100.0,100.0,125.9,125.9,125.9,125.9,125.9,125.9,125.9,125.9,125.9,125.9,125.9,125.9,125.9,125.9,47.2,47.2,47.0,47.0,47.2,47.5,47.0,0.0,100.0,100.0,100.0,100.0,100.0,100.0,100.0,0.0,0.0,0.0,0.0,0.0,0.0,0.0,0.0,0.0,0.0,0.0,0.0,0.0,0.0,2395.7,24.00,40,39,39,77,116,708,1,86.0,85.0,85.8,81.2,75.5,82.1,84.5,84.3,77.7,83.0,61.5,61.5,66.2,58.7,43.0,41.0,44.0,1.128,1.015,1.100,44.481,7.807,44.485,54.000,5.439,71.357,7.888,7.431,7.986,8.085,8.136,7.759,7.928,50.221,7.924,64.128,69.761,1996.4,2395.7,4800.3,4800.3,4826.0,79.3,59.3,36.0,79.3,100.0,いいえ,いいえ,いいえ,10.320,2.548,6.0,37.0,86.0,40.0,86.0,1.176,12.197,3.456,3.328,5.040,1.072,1.064,3.440,3.328,1.808,1.024,1.120,1.040,1.808,1.104,0.792,1.824,0.248,2023,いいえ,55.6,40.0,1.095,1.110,1.815,1.815,0.975,5.040,0.875,いいえ,いいえ,いいえ,39.5,1.095,1.110,1.815,1.815,0.975,5.040,0.625,いいえ,いいえ,いいえ,37,37,いいえ,はい,15388,14038,128,128,34,100.0,いいえ,いいえ,3868,2528,9990,38,38,45,100.0,100.0,いいえ,いいえ,7031,7744,0.0,2.6,2.6,0.000,0.004,1385,1004,0.0,0.0,0.0,0.000,0.000,181182,133153,0.0,0.0,0.0,0.000,0.000,66267,77356,60.4,0.720,49.000,600.0,2400.0,1200.0,100.0,0.0,0.0,0.0,0.0,0.0,0.0,0.0,0.0,125,2,16.0,86,いいえ,いいえ,いいえ,39.4,44.0,49.2,84.0,0.865,12.304,12.312,12.261,12.330,12.313,0,0,10.372,4.720,2.600,0.271,7.822,2.737,0.135,7.963,8.104,8.125,220.000,220.000,210.0,50.6,1185.0,210.0,1290.0,210.1,50.5,1413.6,3.0,6.0,1.0,0.0,10.1,0.6,0.9,0.0,1.4,0.0,0,0,はい,いいえ,いいえ,いいえ,いいえ,はい,いいえ,4.8,5.0,0,0,0,0,0,0,0,0,0,0,0,0,0,0,0,0,0,0,0,0,0,0,0,0,0,0,0,0,0,0,11042,1240,962,111,2.5,1.4,1.4,1.4,1.4,1.4,1.4,0.0,0.0,0.0,0.0,0.0,0.0,711.78,711.78,711.78,711.78,711.78,711.78,8.96,104.81,711.67,0.10,0.00,0,0,0.0,0.0,44253,38758,6.0,111.6,0,
19.7.2026,0:40:10.649,21063,12848,62.1,17163,14700,53.8,1.0,2048,20,1.102,1.100,1.105,1.100,1.105,1.085,1.115,4753.9,4741.4,4766.4,4741.4,4741.4,4766.4,4766.4,99.8,4739.6,4754.2,4738.3,4738.4,4738.4,4737.8,4738.0,4738.4,4737.6,4738.5,4737.8,4738.8,4738.6,4739.6,100.0,100.0,100.0,100.0,100.0,100.0,100.0,100.0,100.0,100.0,100.0,100.0,100.0,100.0,100.0,124.9,124.9,124.9,124.9,124.9,124.9,124.9,124.9,124.9,124.9,124.9,124.9,124.9,124.9,47.6,47.5,47.8,47.5,47.5,47.8,47.8,0.0,100.0,100.0,100.0,100.0,100.0,100.0,100.0,0.0,0.0,0.0,0.0,0.0,0.0,0.0,0.0,0.0,0.0,0.0,0.0,0.0,0.0,2395.7,24.00,40,39,39,77,116,708,1,85.9,85.0,84.9,81.0,74.9,81.4,84.4,84.5,77.6,83.1,61.4,61.4,65.8,58.8,43.0,41.2,44.0,1.106,1.015,1.100,44.488,7.719,44.486,52.000,5.434,70.053,7.833,7.333,7.928,8.026,8.143,7.679,7.891,49.223,7.835,63.036,68.507,1996.4,2395.7,4763.5,4763.5,4790.7,77.8,59.3,34.7,77.8,100.0,いいえ,いいえ,いいえ,7.879,1.995,6.0,37.0,86.0,40.0,86.0,1.128,12.197,3.456,3.328,5.040,1.072,1.064,3.456,3.328,1.808,1.024,1.120,1.040,1.808,1.104,0.792,1.824,0.248,2023,いいえ,55.6,40.0,1.095,1.110,1.815,1.815,0.975,5.040,0.500,いいえ,いいえ,いいえ,39.8,1.095,1.110,1.815,1.815,0.975,5.040,0.875,いいえ,いいえ,いいえ,37,37,いいえ,はい,15388,14038,128,128,34,100.0,いいえ,いいえ,3868,2528,9990,38,38,46,100.0,100.0,いいえ,いいえ,7031,7744,0.0,0.0,0.0,0.000,0.002,1385,1004,0.0,0.0,0.0,0.000,0.000,181182,133153,0.0,0.6,0.6,0.002,3.848,66267,77364,60.6,0.720,43.000,600.0,2400.0,1200.0,100.0,0.0,0.0,0.0,0.0,0.0,0.0,0.0,0.0,125,2,16.0,86,いいえ,いいえ,いいえ,39.4,44.0,49.2,84.0,0.865,12.305,12.312,12.263,12.330,12.314,0,0,10.213,4.631,2.314,0.271,7.762,2.441,0.135,7.906,8.092,8.124,220.000,220.000,210.0,50.6,1185.0,210.0,1290.0,210.0,50.5,1413.6,2.0,6.0,1.0,0.0,10.1,0.5,0.7,0.0,1.2,0.0,0,0,はい,いいえ,いいえ,いいえ,いいえ,はい,いいえ,4.6,5.2,0,0,0,0,0,0,0,0,0,0,0,0,0,0,0,0,0,0,0,0,0,0,0,0,0,0,0,0,0,0,11042,1240,962,110,2.5,1.4,1.4,1.4,1.4,1.4,1.4,0.0,0.0,0.0,0.0,0.0,0.0,711.78,711.78,711.78,711.78,711.78,711.78,8.96,104.81,711.67,0.10,0.00,0,0,0.0,0.0,44253,38759,6.5,137.5,0,
19.7.2026,0:40:12.642,21054,12857,62.0,17157,14706,53.8,1.0,2048,20,1.100,1.100,1.105,1.105,1.100,1.100,1.090,4758.1,4766.4,4766.4,4766.4,4766.4,4766.4,4716.5,99.8,4744.7,4759.3,4742.9,4743.5,4743.5,4742.9,4743.4,4743.6,4743.5,4743.6,4743.4,4743.3,4743.3,4744.7,100.0,100.0,100.0,100.0,100.0,100.0,100.0,100.0,100.0,100.0,100.0,100.0,100.0,100.0,100.0,125.1,125.1,125.1,125.1,125.1,125.1,125.1,125.1,125.1,125.1,125.1,125.1,125.1,125.1,47.7,47.8,47.8,47.8,47.8,47.8,47.2,0.0,100.0,100.0,100.0,100.0,100.0,100.0,100.0,0.0,0.0,0.0,0.0,0.0,0.0,0.0,0.0,0.0,0.0,0.0,0.0,0.0,0.0,2395.7,24.00,40,39,39,77,116,708,1,85.9,85.0,85.2,81.0,75.4,81.8,84.4,84.3,77.4,82.8,61.7,61.7,65.8,59.1,43.0,41.2,44.0,1.109,1.015,1.100,44.183,7.836,44.185,54.500,5.420,70.060,7.733,7.288,7.854,7.954,8.049,7.526,7.727,49.047,7.953,62.962,68.511,1996.4,2395.7,4769.4,4769.4,4796.3,77.9,58.9,36.3,77.9,100.0,いいえ,いいえ,いいえ,9.016,2.326,6.0,37.0,85.9,40.0,85.0,1.152,12.197,3.456,3.328,5.040,1.072,1.064,3.440,3.328,1.808,1.024,1.120,1.040,1.792,1.104,0.792,1.824,0.248,2011,いいえ,55.6,40.0,1.095,1.110,1.800,1.815,0.975,5.040,1.375,いいえ,いいえ,いいえ,39.8,1.095,1.110,1.815,1.815,0.975,5.040,0.875,いいえ,いいえ,いいえ,37,37,いいえ,はい,15388,14038,128,128,34,100.0,いいえ,いいえ,3868,2528,9990,38,38,45,100.0,100.0,いいえ,いいえ,7031,7744,0.0,23.3,23.3,0.000,0.012,1385,1004,0.0,0.0,0.0,0.000,0.000,181182,133153,0.0,0.2,0.3,0.103,1.226,66267,77366,60.8,0.720,45.000,600.0,2400.0,1200.0,100.0,0.0,0.0,0.0,0.0,0.0,0.0,0.0,0.0,125,2,16.0,86,いいえ,いいえ,いいえ,39.4,44.0,49.2,84.0,0.865,12.312,12.320,12.270,12.337,12.321,0,0,10.330,4.623,2.262,0.246,7.828,2.393,0.123,7.960,8.049,8.118,220.000,220.000,210.0,50.6,1185.0,210.0,1290.0,210.1,50.5,1413.3,1.0,5.0,0.0,0.0,10.1,0.5,0.8,0.0,1.3,0.0,0,0,はい,いいえ,いいえ,いいえ,いいえ,はい,いいえ,4.6,4.9,0,0,0,0,0,0,0,0,0,0,0,0,0,0,0,0,0,0,0,0,0,0,0,0,0,0,0,0,0,0,11042,1240,962,109,2.5,2.0,2.0,2.0,2.0,2.0,2.0,0.0,0.0,0.0,0.0,0.0,0.0,489.40,489.40,489.40,489.40,489.40,489.40,6.31,74.54,489.30,0.10,0.00,0,0,0.0,0.0,44253,38759,7.1,131.9,0,
19.7.2026,0:40:14.645,21052,12859,62.0,17165,14698,53.8,1.0,2048,20,1.090,1.100,1.090,1.090,1.080,1.075,1.105,4758.1,4841.3,4741.4,4716.5,4716.5,4766.4,4766.4,99.8,4750.3,4765.1,4747.7,4749.2,4749.0,4748.2,4749.0,4749.1,4749.1,4749.2,4749.5,4749.3,4749.4,4750.3,100.0,100.0,100.0,100.0,100.0,100.0,100.0,100.0,100.0,100.0,100.0,100.0,100.0,100.0,100.0,125.2,125.2,125.2,125.2,125.2,125.2,125.2,125.2,125.2,125.2,125.2,125.2,125.2,125.2,47.7,48.5,47.5,47.2,47.2,47.8,47.8,0.0,100.0,100.0,100.0,100.0,100.0,100.0,100.0,0.0,0.0,0.0,0.0,0.0,0.0,0.0,0.0,0.0,0.0,0.0,0.0,0.0,0.0,2395.7,24.00,40,39,39,77,116,708,1,85.9,85.0,83.5,81.5,76.4,82.4,84.4,84.1,78.3,83.3,61.9,61.9,66.2,59.2,43.0,41.5,44.0,1.114,1.015,1.100,44.507,7.904,44.508,56.000,5.436,70.724,7.778,7.457,7.916,7.836,7.866,7.733,7.860,49.600,8.023,63.602,69.161,1996.4,2395.7,4775.5,4775.5,4802.5,78.6,59.3,37.3,78.6,100.0,いいえ,いいえ,いいえ,9.162,2.464,6.0,37.0,85.9,40.0,85.0,1.128,12.197,3.456,3.328,5.040,1.072,1.064,3.440,3.328,1.808,1.024,1.120,1.040,1.792,1.104,0.792,1.824,0.248,2030,いいえ,55.6,40.0,1.095,1.110,1.800,1.800,0.975,5.040,1.000,いいえ,いいえ,いいえ,39.8,1.095,1.110,1.800,1.800,0.975,5.040,1.000,いいえ,いいえ,いいえ,37,37,いいえ,はい,15388,14038,128,128,34,100.0,いいえ,いいえ,3868,2528,9990,38,38,46,100.0,100.0,いいえ,いいえ,7031,7744,0.0,4.5,4.5,0.000,0.002,1385,1004,0.0,0.0,0.0,0.000,0.000,181182,133153,0.0,0.1,0.1,0.000,0.525,66267,77367,61.1,0.720,44.000,600.0,2400.0,1200.0,100.0,0.0,0.0,0.0,0.0,0.0,0.0,0.0,0.0,125,2,16.0,86,いいえ,いいえ,いいえ,39.4,44.0,49.2,84.0,0.865,12.307,12.315,12.264,12.333,12.316,0,0,10.411,4.664,2.308,0.271,7.812,2.442,0.135,7.954,8.267,8.123,220.000,220.000,210.0,50.6,1185.0,210.0,1290.0,210.0,50.5,1412.9,4.0,6.0,2.0,0.0,10.1,0.7,0.8,0.0,1.8,0.0,0,0,はい,いいえ,いいえ,いいえ,いいえ,はい,いいえ,4.7,5.4,0,0,0,0,0,0,0,0,0,0,0,0,0,0,0,0,0,0,0,0,0,0,0,0,0,0,0,0,0,0,11042,1240,962,109,2.5,3.4,9.4,2.0,2.0,2.0,2.0,2.3,2.3,2.3,2.3,2.3,2.3,298.25,490.04,106.45,102.93,493.96,493.96,2.93,47.71,298.15,0.10,371.03,0,0,0.0,0.0,44253,38759,10.3,251.4,0,
19.7.2026,0:40:16.640,21082,12828,62.1,17164,14699,53.8,1.0,2048,20,1.127,1.105,1.145,1.110,1.100,1.135,1.170,4778.9,4666.6,4816.3,4766.4,4791.4,4841.3,4791.4,99.8,4756.5,4771.1,4755.0,4755.5,4754.8,4754.7,4755.3,4754.8,4755.7,4755.3,4755.2,4755.1,4755.2,4756.5,100.0,100.0,100.0,100.0,100.0,100.0,100.0,100.0,100.0,100.0,100.0,100.0,100.0,100.0,100.0,125.4,125.4,125.4,125.4,125.4,125.4,125.4,125.4,125.4,125.4,125.4,125.4,125.4,125.4,47.9,46.8,48.2,47.8,48.0,48.5,48.0,0.0,100.0,100.0,100.0,100.0,100.0,100.0,100.0,0.0,0.0,0.0,0.0,0.0,0.0,0.0,0.0,0.0,0.0,0.0,0.0,0.0,0.0,2395.7,24.00,40,39,39,77,116,708,1,86.0,85.0,84.8,81.4,76.2,82.3,84.4,84.0,78.1,83.3,62.3,62.3,66.2,59.5,43.0,41.5,44.0,1.117,1.015,1.100,43.910,7.991,43.911,53.500,5.443,70.377,7.643,7.285,7.779,7.742,7.766,7.556,7.731,49.096,8.111,63.194,68.821,1996.4,2395.7,4781.9,4781.9,4807.5,78.2,58.5,35.7,78.2,100.0,いいえ,いいえ,いいえ,10.287,2.631,6.0,37.0,86.9,40.0,86.0,1.152,12.197,3.456,3.328,5.040,1.072,1.056,3.456,3.328,1.808,1.024,1.120,1.040,1.792,1.104,0.792,1.824,0.256,2033,いいえ,55.6,40.2,1.095,1.110,1.800,1.800,1.005,5.040,0.750,いいえ,いいえ,いいえ,39.8,1.095,1.110,1.800,1.800,1.005,5.040,0.625,いいえ,いいえ,いいえ,37,37,いいえ,はい,15388,14038,128,128,34,100.0,いいえ,いいえ,3868,2528,9990,38,38,46,100.0,100.0,いいえ,いいえ,7031,7744,0.0,0.0,0.0,0.000,0.008,1385,1004,0.0,0.0,0.0,0.000,0.000,181182,133153,0.0,0.1,0.1,0.000,0.202,66267,77367,61.4,0.720,53.000,600.0,2400.0,1200.0,100.0,0.0,0.0,0.0,0.0,0.0,0.0,0.0,0.0,125,2,16.0,86,いいえ,いいえ,いいえ,39.4,44.0,49.2,84.0,0.865,12.311,12.318,12.270,12.336,12.320,0,0,10.428,4.854,2.510,0.296,7.841,2.665,0.148,7.996,9.245,8.135,220.000,220.000,210.0,50.6,1185.0,210.0,1290.0,210.1,50.5,1414.1,3.0,6.0,1.0,0.0,10.1,0.6,0.9,0.0,1.4,0.0,0,0,はい,いいえ,いいえ,いいえ,いいえ,はい,いいえ,4.8,5.5,0,0,0,0,0,0,0,0,0,0,0,0,0,0,0,0,0,0,0,0,0,0,0,0,0,0,0,0,0,0,11042,1240,962,109,2.5,3.4,9.4,2.0,2.0,2.0,2.0,2.3,2.3,2.3,2.3,2.3,2.3,298.25,490.04,106.45,102.93,493.96,493.96,2.93,47.71,298.15,0.10,371.03,0,0,0.0,0.0,44253,38760,6.2,90.5,0,
19.7.2026,0:40:18.645,21052,12859,62.0,17163,14700,53.8,1.0,2048,20,1.058,1.070,1.050,1.045,1.060,1.045,1.080,4695.7,4716.5,4666.6,4666.6,4691.5,4666.6,4766.4,99.8,4735.0,4750.6,4733.6,4733.8,4734.0,4733.5,4734.1,4733.9,4732.8,4734.3,4732.1,4733.2,4733.7,4735.0,100.0,100.0,100.0,100.0,100.0,100.0,100.0,100.0,100.0,100.0,100.0,100.0,100.0,100.0,100.0,124.8,124.8,124.8,124.8,124.8,124.8,124.8,124.8,124.8,124.8,124.8,124.8,124.8,124.8,47.0,47.2,46.8,46.8,47.0,46.8,47.8,0.0,100.0,100.0,100.0,100.0,100.0,100.0,100.0,0.0,0.0,0.0,0.0,0.0,0.0,0.0,0.0,0.0,0.0,0.0,0.0,0.0,0.0,2395.7,24.00,40,39,39,77,116,708,1,85.9,85.0,84.9,81.5,76.3,82.1,84.4,84.2,78.5,83.4,62.3,62.3,66.2,59.7,43.0,41.6,44.0,1.105,1.015,1.100,44.231,7.971,44.226,55.000,5.379,69.955,7.605,7.188,7.608,7.707,7.753,7.629,7.744,48.884,8.091,62.891,68.407,1996.4,2395.7,4761.5,4761.5,4787.8,77.7,59.0,36.7,77.7,100.0,いいえ,いいえ,いいえ,8.348,2.472,6.0,37.0,86.0,40.0,86.0,1.104,12.197,3.456,3.328,5.040,1.072,1.056,3.456,3.328,1.808,1.024,1.120,1.040,1.792,1.104,0.792,1.824,0.248,2027,いいえ,55.6,40.2,1.095,1.110,1.800,1.800,1.005,5.040,0.625,いいえ,いいえ,いいえ,39.8,1.095,1.110,1.800,1.800,1.005,5.040,0.875,いいえ,いいえ,いいえ,37,37,いいえ,はい,15388,14038,128,128,34,100.0,いいえ,いいえ,3868,2528,9990,38,38,46,100.0,100.0,いいえ,いいえ,7031,7744,0.0,0.0,0.0,0.000,0.004,1385,1004,0.0,0.0,0.0,0.000,0.000,181182,133153,0.0,0.0,0.0,0.000,0.083,66267,77367,61.6,0.720,49.000,600.0,2400.0,1200.0,100.0,0.0,0.0,0.0,0.0,0.0,0.0,0.0,0.0,125,2,16.0,86,いいえ,いいえ,いいえ,39.4,44.0,49.1,84.0,0.865,12.310,12.318,12.268,12.336,12.319,0,0,10.379,4.861,2.453,0.271,7.840,2.591,0.136,7.980,9.492,8.124,220.000,220.000,210.0,50.6,1185.0,210.0,1290.0,210.0,50.5,1412.9,1.0,5.0,0.0,0.0,10.1,0.5,0.6,0.0,1.3,0.0,0,0,はい,いいえ,いいえ,いいえ,いいえ,はい,いいえ,4.7,4.9,0,0,0,0,0,0,0,0,0,0,0,0,0,0,0,0,0,0,0,0,0,0,0,0,0,0,0,0,0,0,11042,1240,962,109,2.5,3.4,9.4,2.0,2.0,2.0,2.0,2.3,2.3,2.3,2.3,2.3,2.3,298.25,490.04,106.45,102.93,493.96,493.96,2.93,47.71,298.15,0.10,371.03,0,0,0.0,0.0,44253,38760,6.7,163.0,0,
19.7.2026,0:40:20.637,21057,12854,62.0,17165,14698,53.8,1.0,2048,20,1.108,1.115,1.090,1.090,1.105,1.130,1.120,4758.1,4766.4,4716.5,4716.5,4766.4,4791.4,4791.4,99.8,4725.4,4740.3,4723.0,4724.4,4724.2,4722.8,4724.4,4724.7,4724.7,4724.1,4724.4,4724.9,4723.5,4725.4,100.0,100.0,100.0,100.0,100.0,100.0,100.0,100.0,100.0,100.0,100.0,100.0,100.0,100.0,100.0,124.6,124.5,124.5,124.6,124.6,124.5,124.6,124.6,124.6,124.6,124.6,124.6,124.5,124.6,47.7,47.8,47.2,47.2,47.8,48.0,48.0,0.0,100.0,100.0,100.0,100.0,100.0,100.0,100.0,0.0,0.0,0.0,0.0,0.0,0.0,0.0,0.0,0.0,0.0,0.0,0.0,0.0,0.0,2395.7,24.00,40,39,39,77,116,708,1,85.9,85.0,84.9,81.3,76.0,82.0,84.6,84.2,78.0,83.0,62.1,62.1,66.2,59.6,43.0,41.8,44.0,1.098,1.015,1.100,43.851,7.934,43.853,53.000,5.388,69.190,7.528,7.151,7.563,7.716,7.741,7.447,7.548,48.160,8.053,62.140,67.663,1996.4,2395.7,4751.1,4751.1,4777.1,76.9,58.5,35.3,76.9,100.0,いいえ,いいえ,いいえ,8.437,2.711,6.0,37.0,85.9,40.0,85.0,1.080,12.197,3.456,3.328,5.040,1.072,1.056,3.440,3.328,1.808,1.024,1.120,1.040,1.792,1.104,0.792,1.824,0.248,2020,いいえ,55.6,40.2,1.095,1.110,1.800,1.800,1.005,5.040,0.750,いいえ,いいえ,いいえ,39.8,1.110,1.110,1.800,1.800,1.005,5.040,1.375,いいえ,いいえ,いいえ,37,37,いいえ,はい,15388,14038,128,128,34,100.0,いいえ,いいえ,3868,2528,9990,38,38,46,100.0,100.0,いいえ,いいえ,7031,7744,0.0,0.0,0.0,0.000,0.004,1385,1004,0.0,0.0,0.0,0.000,0.000,181182,133153,0.0,0.0,0.0,0.000,0.006,66267,77367,61.7,0.720,52.000,600.0,2400.0,1200.0,100.0,0.0,0.0,0.0,0.0,0.0,0.0,0.0,0.0,125,2,16.0,86,いいえ,いいえ,いいえ,39.4,42.0,49.2,84.0,0.865,12.306,12.313,12.261,12.332,12.315,0,0,10.202,4.562,2.066,0.246,7.798,2.195,0.123,7.934,8.009,8.127,220.000,220.000,210.0,50.6,1185.0,210.0,1290.0,210.1,50.5,1413.2,1.0,6.0,0.0,0.0,10.1,0.6,0.9,0.0,1.4,0.0,0,0,はい,いいえ,いいえ,いいえ,いいえ,はい,いいえ,4.5,4.9,0,0,0,0,0,0,0,0,0,0,0,0,0,0,0,0,0,0,0,0,0,0,0,0,0,0,0,0,0,0,11042,1240,962,109,2.5,4.6,17.5,1.9,1.9,1.9,1.9,0.0,0.0,0.0,0.0,0.0,0.0,216.58,520.79,57.07,56.97,530.14,530.14,2.50,26.24,216.48,0.10,0.00,0,0,0.0,0.0,44253,38760,5.6,101.7,0,
19.7.2026,0:40:22.646,21053,12858,62.0,17163,14700,53.8,1.0,2048,20,1.092,1.105,1.050,1.090,1.075,1.120,1.110,4745.6,4691.5,4716.5,4741.4,4741.4,4816.3,4766.4,99.8,4738.8,4753.5,4736.7,4737.7,4737.5,4736.4,4737.5,4737.2,4737.7,4737.8,4737.8,4737.8,4737.8,4738.8,100.0,100.0,100.0,100.0,100.0,100.0,100.0,100.0,100.0,100.0,100.0,100.0,100.0,100.0,100.0,124.9,124.9,124.9,124.9,124.9,124.9,124.9,124.9,124.9,124.9,124.9,124.9,124.9,124.9,47.5,47.0,47.2,47.5,47.5,48.2,47.8,0.0,100.0,100.0,100.0,100.0,100.0,100.0,100.0,0.0,0.0,0.0,0.0,0.0,0.0,0.0,0.0,0.0,0.0,0.0,0.0,0.0,0.0,2395.7,24.00,40,39,39,77,116,708,1,86.0,85.0,84.4,81.5,76.4,82.2,84.5,84.2,78.4,83.4,62.4,62.4,67.0,60.0,43.0,41.9,44.0,1.107,1.015,1.100,43.554,7.978,43.558,55.000,5.383,69.535,7.572,7.220,7.618,7.684,7.712,7.537,7.663,48.245,8.098,62.264,67.972,1996.4,2395.7,4764.8,4764.8,4791.1,77.2,58.1,36.7,77.2,100.0,いいえ,いいえ,いいえ,10.979,3.737,6.0,37.0,86.0,40.0,86.0,1.128,12.197,3.456,3.328,5.040,1.072,1.056,3.456,3.328,1.808,1.024,1.120,1.040,1.792,1.104,0.792,1.824,0.248,2017,いいえ,55.6,40.2,1.095,1.110,1.800,1.800,1.005,5.040,1.375,いいえ,いいえ,いいえ,40.0,1.095,1.110,1.800,1.800,1.005,5.040,1.000,いいえ,いいえ,いいえ,37,37,いいえ,はい,15388,14038,128,128,34,100.0,いいえ,いいえ,3868,2528,9990,38,38,46,100.0,100.0,いいえ,いいえ,7031,7744,0.0,0.1,0.1,0.000,0.010,1385,1004,0.0,0.0,0.0,0.000,0.000,181182,133153,0.0,0.0,0.0,0.000,0.030,66267,77368,61.8,0.720,50.000,600.0,2400.0,1200.0,100.0,0.0,0.0,0.0,0.0,0.0,0.0,0.0,0.0,125,2,16.0,86,いいえ,いいえ,いいえ,39.4,44.0,49.2,84.0,0.865,12.304,12.312,12.261,12.330,12.314,0,0,10.143,4.676,2.509,0.271,7.786,2.639,0.135,7.925,8.015,8.130,220.000,220.000,210.0,50.6,1185.0,210.0,1290.0,210.0,50.5,1414.2,3.0,6.0,1.0,0.0,10.1,0.5,0.7,0.0,1.3,0.0,0,0,はい,いいえ,いいえ,いいえ,いいえ,はい,いいえ,4.6,4.9,0,0,0,0,0,0,0,0,0,0,0,0,0,0,0,0,0,0,0,0,0,0,0,0,0,0,0,0,0,0,11042,1240,962,109,2.5,5.8,17.6,2.9,2.9,2.9,2.9,2.7,2.7,2.7,2.7,2.7,2.7,171.07,349.27,56.83,56.62,350.35,350.35,2.59,31.59,170.97,0.11,46.74,0,0,0.0,0.0,44253,38760,6.6,157.8,0,
19.7.2026,0:40:24.644,21060,12851,62.1,17169,14694,53.8,1.0,2048,20,1.125,1.100,1.145,1.140,1.135,1.125,1.105,4795.5,4741.4,4841.3,4816.3,4816.3,4791.4,4766.4,99.8,4748.7,4763.3,4747.5,4747.4,4746.9,4747.5,4747.2,4747.9,4747.5,4747.9,4747.6,4747.2,4747.2,4748.7,100.0,100.0,100.0,100.0,100.0,100.0,100.0,100.0,100.0,100.0,100.0,100.0,100.0,100.0,100.0,125.2,125.2,125.2,125.2,125.1,125.2,125.2,125.2,125.2,125.2,125.2,125.1,125.1,125.2,48.0,47.5,48.5,48.2,48.2,48.0,47.8,0.0,100.0,100.0,100.0,100.0,100.0,100.0,100.0,0.0,0.0,0.0,0.0,0.0,0.0,0.0,0.0,0.0,0.0,0.0,0.0,0.0,0.0,2395.7,24.00,40,39,39,77,116,708,1,86.0,85.0,84.8,81.4,76.3,82.3,84.5,84.2,78.1,83.2,62.6,62.6,67.0,60.2,43.0,41.9,44.0,1.113,1.015,1.100,43.268,7.967,43.273,52.000,5.387,69.388,7.492,7.123,7.591,7.637,7.642,7.395,7.562,48.172,8.087,62.184,67.850,1996.4,2395.7,4774.4,4774.4,4800.7,77.1,57.7,34.7,77.1,100.0,いいえ,いいえ,いいえ,10.719,3.110,6.0,37.0,86.0,40.0,86.0,1.128,12.197,3.456,3.328,5.040,1.072,1.056,3.456,3.328,1.808,1.024,1.120,1.040,1.808,1.104,0.792,1.824,0.248,2017,いいえ,55.6,40.5,1.095,1.110,1.815,1.800,1.005,5.040,0.875,いいえ,いいえ,いいえ,40.0,1.095,1.110,1.815,1.800,1.005,5.040,1.375,いいえ,いいえ,いいえ,37,37,いいえ,はい,15388,14038,128,128,34,100.0,いいえ,いいえ,3868,2528,9990,38,38,45,100.0,100.0,いいえ,いいえ,7031,7744,0.0,0.0,0.0,0.000,0.004,1385,1004,0.0,0.0,0.0,0.000,0.000,181182,133153,0.0,0.0,0.0,0.000,0.004,66267,77368,62.0,0.720,46.000,600.0,2400.0,1200.0,100.0,0.0,0.0,0.0,0.0,0.0,0.0,0.0,0.0,125,2,16.0,86,いいえ,いいえ,いいえ,39.4,44.0,49.2,84.0,0.865,12.306,12.316,12.263,12.331,12.315,0,0,10.379,4.564,2.087,0.246,7.787,2.207,0.123,7.917,8.012,8.132,220.000,220.000,210.0,50.6,1185.0,210.0,1290.0,209.9,50.5,1413.1,1.0,5.0,0.0,0.0,10.1,0.6,0.7,0.0,1.7,0.0,0,0,はい,いいえ,いいえ,いいえ,いいえ,はい,いいえ,4.5,5.4,0,0,0,0,0,0,0,0,0,0,0,0,0,0,0,0,0,0,0,0,0,0,0,0,0,0,0,0,0,0,11042,1240,962,109,2.5,5.8,17.6,2.9,2.9,2.9,2.9,2.7,2.7,2.7,2.7,2.7,2.7,171.07,349.27,56.83,56.62,350.35,350.35,2.59,31.59,170.97,0.11,46.74,0,0,0.0,0.0,44253,38761,6.7,145.6,0,
19.7.2026,0:40:26.649,21051,12860,62.0,17172,14691,53.8,1.0,2048,20,1.115,1.135,1.105,1.105,1.105,1.120,1.120,4778.9,4841.3,4766.4,4766.4,4716.5,4791.4,4791.4,99.8,4743.4,4758.4,4742.2,4742.5,4742.3,4741.6,4742.1,4742.0,4742.2,4741.8,4742.1,4742.0,4741.8,4743.4,100.0,100.0,100.0,100.0,100.0,100.0,100.0,100.0,100.0,100.0,100.0,100.0,100.0,100.0,100.0,125.0,125.0,125.0,125.0,125.0,125.0,125.0,125.0,125.0,125.0,125.0,125.0,125.0,125.0,47.9,48.5,47.8,47.8,47.2,48.0,48.0,0.0,100.0,100.0,100.0,100.0,100.0,100.0,100.0,0.0,0.0,0.0,0.0,0.0,0.0,0.0,0.0,0.0,0.0,0.0,0.0,0.0,0.0,2395.7,24.00,40,39,39,77,116,708,1,86.0,85.0,86.8,81.5,76.5,82.4,84.6,84.3,78.1,83.3,62.8,62.8,67.8,60.2,43.0,42.0,44.0,1.109,1.015,1.100,43.278,7.950,43.268,54.000,5.413,69.187,7.462,7.134,7.558,7.597,7.620,7.322,7.541,48.052,8.069,62.076,67.712,1996.4,2395.7,4769.2,4769.2,4795.5,76.9,57.7,36.0,76.9,100.0,いいえ,いいえ,いいえ,10.399,3.074,6.0,37.0,86.0,40.0,86.0,1.152,12.197,3.456,3.328,5.040,1.072,1.056,3.440,3.328,1.808,1.024,1.120,1.040,1.792,1.104,0.792,1.824,0.248,2017,いいえ,55.6,40.5,1.095,1.110,1.815,1.800,1.005,5.040,0.750,いいえ,いいえ,いいえ,40.0,1.095,1.110,1.815,1.815,1.005,5.040,0.875,いいえ,いいえ,いいえ,37,37,いいえ,はい,15388,14038,128,128,34,100.0,いいえ,いいえ,3868,2528,9990,38,38,45,100.0,100.0,いいえ,いいえ,7031,7744,0.0,0.0,0.0,0.000,0.002,1385,1004,0.0,0.0,0.0,0.000,0.000,181182,133153,0.0,0.0,0.0,0.000,0.000,66267,77368,62.2,0.720,51.000,600.0,2400.0,1200.0,100.0,0.0,0.0,0.0,0.0,0.0,0.0,0.0,0.0,125,2,16.0,86,いいえ,いいえ,いいえ,39.4,44.0,49.1,84.0,0.865,12.306,12.317,12.261,12.332,12.315,0,0,10.173,4.543,2.035,0.222,7.786,2.146,0.111,7.909,8.012,8.122,220.000,220.000,210.0,50.6,1185.0,210.0,1290.0,210.1,50.5,1413.4,1.0,5.0,0.0,0.0,10.1,0.5,0.7,0.0,1.4,0.0,0,0,はい,いいえ,いいえ,いいえ,いいえ,はい,いいえ,4.5,5.1,0,0,0,0,0,0,0,0,0,0,0,0,0,0,0,0,0,0,0,0,0,0,0,0,0,0,0,0,0,0,11042,1240,962,109,2.5,2.0,14.1,1.1,1.1,1.1,1.1,1.0,1.0,1.0,1.0,1.0,1.0,504.86,938.76,70.96,63.00,947.62,947.62,3.49,38.11,504.76,0.10,1367.11,0,0,0.0,0.0,44253,38761,6.4,144.8,0,
19.7.2026,0:40:28.642,21053,12858,62.0,17177,14686,53.9,1.0,2048,20,1.105,1.110,1.105,1.090,1.105,1.115,1.105,4753.9,4716.5,4741.4,4766.4,4741.4,4791.4,4766.4,99.8,4725.5,4740.7,4724.6,4724.4,4724.3,4724.1,4724.6,4724.8,4723.7,4723.5,4722.7,4723.8,4724.6,4725.5,100.0,100.0,100.0,100.0,100.0,100.0,100.0,100.0,100.0,100.0,100.0,100.0,100.0,100.0,100.0,124.6,124.5,124.6,124.6,124.6,124.6,124.6,124.6,124.6,124.5,124.5,124.6,124.6,124.6,47.6,47.2,47.5,47.8,47.5,48.0,47.8,0.0,100.0,100.0,100.0,100.0,100.0,100.0,100.0,0.0,0.0,0.0,0.0,0.0,0.0,0.0,0.0,0.0,0.0,0.0,0.0,0.0,0.0,2395.7,24.00,40,39,39,77,116,708,1,86.0,85.0,84.8,81.5,76.4,82.2,84.6,84.3,78.2,83.2,62.8,62.8,67.5,60.3,43.0,42.0,44.0,1.099,1.015,1.100,43.042,7.749,43.046,54.000,5.417,68.319,7.380,7.021,7.423,7.531,7.569,7.284,7.452,47.313,7.865,61.137,66.761,1996.4,2395.7,4751.3,4751.3,4777.2,75.9,57.4,36.0,75.9,100.0,いいえ,いいえ,いいえ,9.848,2.970,6.0,37.0,86.0,40.0,86.0,1.128,12.197,3.456,3.328,5.040,1.072,1.056,3.456,3.328,1.808,1.024,1.120,1.040,1.808,1.104,0.792,1.824,0.248,2020,いいえ,55.6,40.5,1.095,1.110,1.815,1.800,1.005,5.040,1.125,いいえ,いいえ,いいえ,40.0,1.095,1.110,1.815,1.800,0.975,5.040,0.625,いいえ,いいえ,いいえ,37,37,いいえ,はい,15388,14038,128,128,34,100.0,いいえ,いいえ,3868,2528,9990,38,38,46,100.0,100.0,いいえ,いいえ,7031,7744,0.0,20.5,20.5,0.000,0.012,1385,1004,0.0,0.0,0.0,0.000,0.000,181182,133153,0.0,0.0,0.0,0.000,0.042,66267,77368,62.3,0.720,52.000,600.0,2400.0,1200.0,100.0,0.0,0.0,0.0,0.0,0.0,0.0,0.0,0.0,125,2,16.0,86,いいえ,いいえ,いいえ,39.4,44.0,49.1,84.0,0.865,12.312,12.322,12.270,12.337,12.320,0,0,10.164,4.600,2.194,0.246,7.828,2.319,0.123,7.957,8.007,8.121,220.000,220.000,210.0,50.6,1185.0,210.0,1290.0,210.0,50.5,1413.6,1.0,5.0,0.0,0.0,10.1,0.7,0.9,0.0,1.7,0.0,0,0,はい,いいえ,いいえ,いいえ,いいえ,はい,いいえ,4.6,4.9,0,0,0,0,0,0,0,0,0,0,0,0,0,0,0,0,0,0,0,0,0,0,0,0,0,0,0,0,0,0,11042,1240,962,109,2.5,2.0,14.1,1.1,1.1,1.1,1.1,1.0,1.0,1.0,1.0,1.0,1.0,504.86,938.76,70.96,63.00,947.62,947.62,3.49,38.11,504.76,0.10,1367.11,0,0,0.0,0.0,44253,38761,5.9,213.9,0,
19.7.2026,0:40:30.640,21056,12855,62.0,17184,14679,53.9,1.0,2048,20,1.066,1.075,1.085,1.085,1.090,1.025,1.035,4708.2,4741.4,4741.4,4741.4,4716.5,4641.6,4666.6,99.8,4721.7,4736.5,4720.5,4719.9,4720.4,4720.0,4720.6,4720.8,4720.7,4720.5,4720.5,4720.2,4720.2,4721.7,100.0,100.0,100.0,100.0,100.0,100.0,100.0,100.0,100.0,100.0,100.0,100.0,100.0,100.0,100.0,124.5,124.4,124.5,124.4,124.5,124.5,124.5,124.5,124.5,124.5,124.5,124.5,124.5,124.5,47.2,47.5,47.5,47.5,47.2,46.5,46.8,0.0,100.0,100.0,100.0,100.0,100.0,100.0,100.0,0.0,0.0,0.0,0.0,0.0,0.0,0.0,0.0,0.0,0.0,0.0,0.0,0.0,0.0,2395.7,24.00,40,39,39,77,116,708,1,85.9,85.0,84.0,81.4,76.1,81.9,84.5,84.2,78.4,83.4,63.0,63.0,67.5,60.3,43.0,42.0,44.0,1.096,1.015,1.100,42.809,7.709,42.807,54.000,5.397,67.748,7.314,6.873,7.320,7.475,7.500,7.281,7.436,46.956,7.825,60.717,66.279,1996.4,2395.7,4746.9,4746.9,4771.8,75.3,57.1,36.0,75.3,100.0,いいえ,いいえ,いいえ,9.100,2.786,6.0,37.0,86.0,40.0,86.0,1.128,12.197,3.456,3.328,5.040,1.072,1.056,3.456,3.328,1.808,1.024,1.120,1.040,1.792,1.104,0.792,1.824,0.248,2023,いいえ,55.6,40.8,1.095,1.110,1.815,1.800,1.005,5.040,0.875,いいえ,いいえ,いいえ,40.0,1.095,1.110,1.815,1.800,1.005,5.040,0.875,いいえ,いいえ,いいえ,37,37,いいえ,はい,15388,14038,128,128,34,100.0,いいえ,いいえ,3868,2528,9990,38,38,45,100.0,100.0,いいえ,いいえ,7031,7744,0.0,0.0,0.0,0.000,0.000,1385,1004,0.0,0.0,0.0,0.000,0.000,181182,133153,0.0,0.0,0.0,0.000,0.000,66267,77368,62.4,0.720,47.000,600.0,2400.0,1200.0,100.0,0.0,0.0,0.0,0.0,0.0,0.0,0.0,0.0,125,2,16.0,86,いいえ,いいえ,いいえ,39.4,44.0,49.1,84.0,0.865,12.307,12.317,12.263,12.332,12.316,0,0,10.119,4.543,2.012,0.246,7.775,2.133,0.123,7.903,8.015,8.135,220.000,220.000,210.0,50.6,1185.0,210.0,1290.0,210.0,50.5,1413.5,2.0,6.0,1.0,0.0,10.1,0.5,0.9,0.0,1.3,0.0,0,0,はい,いいえ,いいえ,いいえ,いいえ,はい,いいえ,4.5,4.9,0,0,0,0,0,0,0,0,0,0,0,0,0,0,0,0,0,0,0,0,0,0,0,0,0,0,0,0,0,0,11042,1240,962,109,2.5,5.1,15.5,3.1,3.0,3.0,3.0,2.7,2.7,2.7,2.7,2.7,2.7,195.96,327.20,64.72,62.31,329.87,329.87,3.46,38.61,195.85,0.10,25.81,0,0,0.0,0.0,44253,38762,6.4,181.3,0,
19.7.2026,0:40:32.636,21051,12860,62.0,17186,14677,53.9,1.0,2048,20,1.124,1.105,1.150,1.155,1.105,1.115,1.115,4795.5,4791.4,4841.3,4791.4,4766.4,4791.4,4791.4,99.8,4725.8,4739.5,4723.8,4724.4,4724.3,4723.8,4724.3,4724.5,4724.6,4724.9,4725.0,4725.0,4725.1,4725.8,100.0,100.0,100.0,100.0,100.0,100.0,100.0,100.0,100.0,100.0,100.0,100.0,100.0,100.0,100.0,124.5,124.5,124.5,124.5,124.5,124.5,124.5,124.5,124.5,124.5,124.5,124.5,124.5,124.5,48.0,48.0,48.5,48.0,47.8,48.0,48.0,0.0,100.0,100.0,100.0,100.0,100.0,100.0,100.0,0.0,0.0,0.0,0.0,0.0,0.0,0.0,0.0,0.0,0.0,0.0,0.0,0.0,0.0,2395.7,24.00,40,39,39,77,116,708,1,86.0,85.0,84.9,81.6,76.6,82.5,84.4,84.3,78.5,83.4,63.1,63.1,67.8,60.7,43.0,42.0,44.0,1.099,1.015,1.100,43.015,7.840,43.030,51.500,5.411,68.417,7.386,7.018,7.511,7.445,7.549,7.309,7.482,47.293,7.958,61.202,66.888,1996.4,2395.7,4751.1,4751.1,4776.6,76.0,57.4,34.3,76.0,100.0,いいえ,いいえ,いいえ,10.631,3.513,6.0,37.0,85.9,40.0,85.0,1.096,12.197,3.456,3.328,5.040,1.064,1.056,3.456,3.328,1.808,1.024,1.120,1.040,1.792,1.104,0.792,1.824,0.248,2020,いいえ,55.6,40.8,1.095,1.110,1.815,1.800,1.005,5.040,1.125,いいえ,いいえ,いいえ,40.2,1.095,1.110,1.815,1.800,1.005,5.040,0.750,いいえ,いいえ,いいえ,37,37,いいえ,はい,15388,14038,128,128,34,100.0,いいえ,いいえ,3868,2528,9990,38,38,46,100.0,100.0,いいえ,いいえ,7031,7744,0.0,0.0,0.0,0.000,0.004,1385,1004,0.0,0.0,0.0,0.000,0.000,181182,133153,0.0,0.1,0.1,0.000,0.030,66267,77368,62.5,0.720,43.000,600.0,2400.0,1200.0,100.0,0.0,0.0,0.0,0.0,0.0,0.0,0.0,0.0,125,2,16.0,86,いいえ,いいえ,いいえ,39.4,44.0,49.2,84.0,0.865,12.307,12.316,12.264,12.332,12.316,0,0,10.172,4.679,2.487,0.271,7.812,2.627,0.135,7.956,8.017,8.124,220.000,220.000,210.0,50.6,1185.0,210.0,1290.0,209.9,50.5,1413.8,3.0,6.0,1.0,0.0,10.1,0.8,1.1,0.0,1.9,0.0,0,0,はい,いいえ,いいえ,いいえ,いいえ,はい,いいえ,4.7,5.3,0,0,0,0,0,0,0,0,0,0,0,0,0,0,0,0,0,0,0,0,0,0,0,0,0,0,0,0,0,0,11042,1240,962,109,2.5,1.5,1.8,1.2,1.2,1.2,1.2,1.3,1.3,1.3,1.3,1.3,1.3,689.18,814.05,564.31,562.01,816.60,816.60,5.71,106.67,689.08,0.10,551.00,0,0,0.0,0.0,44253,38762,7.1,187.7,0,
19.7.2026,0:40:34.646,21066,12845,62.1,17193,14670,53.9,1.0,2048,20,1.114,1.120,1.090,1.100,1.135,1.120,1.120,4770.6,4766.4,4741.4,4816.3,4791.4,4791.4,4716.5,99.8,4716.9,4732.1,4714.8,4715.6,4714.9,4715.0,4715.7,4715.9,4716.0,4715.9,4715.8,4715.7,4715.7,4716.9,100.0,100.0,100.0,100.0,100.0,100.0,100.0,100.0,100.0,100.0,100.0,100.0,100.0,100.0,100.0,124.3,124.4,124.3,124.3,124.3,124.4,124.4,124.4,124.4,124.4,124.4,124.4,124.4,124.3,47.8,47.8,47.5,48.2,48.0,48.0,47.2,0.0,100.0,100.0,100.0,100.0,100.0,100.0,100.0,0.0,0.0,0.0,0.0,0.0,0.0,0.0,0.0,0.0,0.0,0.0,0.0,0.0,0.0,2395.7,24.00,40,39,39,77,116,708,1,86.0,85.0,85.4,81.6,76.5,82.4,84.5,84.3,78.5,83.3,63.2,63.2,68.0,60.8,43.0,42.0,44.0,1.094,1.015,1.100,42.864,7.906,42.851,52.000,5.415,67.981,7.292,6.891,7.394,7.408,7.449,7.253,7.358,46.909,8.025,60.890,66.474,1996.4,2395.7,4743.0,4743.0,4768.2,75.5,57.1,34.7,75.5,100.0,いいえ,いいえ,いいえ,9.499,2.841,6.0,37.0,86.0,40.0,86.0,1.136,12.197,3.456,3.328,5.040,1.072,1.056,3.440,3.328,1.808,1.024,1.120,1.032,1.792,1.104,0.792,1.824,0.248,2027,いいえ,55.6,40.8,1.095,1.110,1.815,1.800,1.005,5.040,1.000,いいえ,いいえ,いいえ,40.2,1.095,1.110,1.815,1.800,1.005,5.040,0.875,いいえ,いいえ,いいえ,37,37,いいえ,はい,15388,14038,128,128,34,100.0,いいえ,いいえ,3868,2528,9990,38,38,45,100.0,100.0,いいえ,いいえ,7031,7744,0.0,0.1,0.1,0.000,0.008,1385,1004,0.0,0.0,0.0,0.000,0.000,181182,133153,0.0,0.0,0.0,0.000,0.043,66267,77368,62.7,0.720,46.000,600.0,2400.0,1200.0,100.0,0.0,0.0,0.0,0.0,0.0,0.0,0.0,0.0,125,2,16.0,86,いいえ,いいえ,いいえ,39.4,44.0,49.1,84.0,0.865,12.302,12.312,12.258,12.327,12.310,0,0,10.170,4.546,2.010,0.246,7.771,2.133,0.123,7.900,8.063,8.125,220.000,220.000,210.0,50.6,1185.0,210.0,1290.0,210.0,50.5,1413.5,1.0,6.0,0.0,0.0,10.1,0.7,1.0,0.0,1.8,0.0,0,0,はい,いいえ,いいえ,いいえ,いいえ,はい,いいえ,4.5,4.9,0,0,0,0,0,0,0,0,0,0,0,0,0,0,0,0,0,0,0,0,0,0,0,0,0,0,0,0,0,0,11042,1240,962,109,2.5,1.0,1.0,1.0,1.0,1.0,1.0,1.1,1.1,1.1,1.1,1.1,1.1,979.88,979.88,979.88,979.88,979.88,979.88,4.53,75.88,979.78,0.10,871.27,0,0,0.0,0.0,44253,38762,6.3,146.5,0,
19.7.2026,0:40:36.642,21050,12860,62.0,17190,14673,53.9,1.0,2048,20,1.100,1.130,1.105,1.120,1.120,1.050,1.075,4762.2,4816.3,4791.4,4791.4,4791.4,4641.6,4741.4,99.8,4717.9,4732.6,4716.9,4717.0,4716.7,4716.2,4716.8,4716.0,4716.8,4716.5,4716.4,4716.2,4716.4,4717.9,100.0,100.0,100.0,100.0,100.0,100.0,100.0,100.0,100.0,100.0,100.0,100.0,100.0,100.0,100.0,124.4,124.4,124.4,124.4,124.4,124.4,124.4,124.3,124.4,124.4,124.4,124.4,124.4,124.4,47.7,48.2,48.0,48.0,48.0,46.5,47.5,0.0,100.0,100.0,100.0,100.0,100.0,100.0,100.0,0.0,0.0,0.0,0.0,0.0,0.0,0.0,0.0,0.0,0.0,0.0,0.0,0.0,0.0,2395.7,24.00,40,39,39,77,116,708,1,86.0,85.0,83.9,81.5,76.4,82.4,84.5,84.3,78.3,83.2,63.3,63.3,67.5,60.8,43.0,42.0,44.0,1.094,1.015,1.100,42.829,7.882,42.827,51.000,5.412,67.927,7.267,6.887,7.364,7.398,7.455,7.165,7.331,46.877,8.000,60.831,66.430,1996.4,2395.7,4743.3,4743.3,4769.0,75.5,57.1,34.0,75.5,100.0,いいえ,いいえ,いいえ,9.789,2.802,6.0,37.0,86.0,40.0,86.0,1.112,12.197,3.456,3.328,5.040,1.072,1.056,3.440,3.328,1.808,1.024,1.120,1.040,1.808,1.104,0.792,1.824,0.248,2027,いいえ,55.6,40.8,1.095,1.110,1.815,1.800,1.005,5.040,0.875,いいえ,いいえ,いいえ,40.2,1.095,1.110,1.800,1.800,1.005,5.040,0.875,いいえ,いいえ,いいえ,37,37,いいえ,はい,15388,14038,128,128,34,100.0,いいえ,いいえ,3868,2528,9990,38,38,46,100.0,100.0,いいえ,いいえ,7031,7744,0.0,0.0,0.0,0.000,0.004,1385,1004,0.0,0.0,0.0,0.000,0.000,181182,133153,0.0,0.0,0.0,0.000,0.006,66267,77368,62.8,0.720,46.000,600.0,2400.0,1200.0,100.0,0.0,0.0,0.0,0.0,0.0,0.0,0.0,0.0,125,2,16.0,86,いいえ,いいえ,いいえ,39.4,44.0,49.2,84.0,0.865,12.301,12.312,12.256,12.327,12.310,0,0,10.180,4.577,2.169,0.222,7.771,2.281,0.111,7.898,8.048,8.118,220.000,220.000,210.0,50.6,1185.0,210.0,1290.0,209.9,50.5,1413.2,1.0,5.0,0.0,0.0,10.1,0.6,0.8,0.0,1.7,0.0,0,0,はい,いいえ,いいえ,いいえ,いいえ,はい,いいえ,4.6,5.0,0,0,0,0,0,0,0,0,0,0,0,0,0,0,0,0,0,0,0,0,0,0,0,0,0,0,0,0,0,0,11042,1240,962,109,2.5,0.6,0.6,0.6,0.6,0.6,0.6,0.6,0.6,0.6,0.6,0.6,0.6,1642.75,1642.75,1642.75,1642.75,1642.75,1642.75,8.78,834.74,1642.75,0.00,1616.05,0,0,0.0,0.0,44253,38763,6.3,118.5,0,
19.7.2026,0:40:38.640,21055,12856,62.0,17211,14652,54.0,1.0,2048,20,1.071,1.110,1.060,1.060,1.060,1.075,1.060,4712.3,4766.4,4691.5,4691.5,4691.5,4741.4,4691.5,99.8,4714.2,4729.4,4713.5,4712.6,4713.0,4712.5,4713.2,4712.8,4712.7,4712.7,4712.9,4712.7,4712.7,4714.2,100.0,100.0,100.0,100.0,100.0,100.0,100.0,100.0,100.0,100.0,100.0,100.0,100.0,100.0,100.0,124.3,124.3,124.3,124.3,124.3,124.3,124.3,124.3,124.3,124.3,124.3,124.3,124.3,124.3,47.2,47.8,47.0,47.0,47.0,47.5,47.0,0.0,100.0,100.0,100.0,100.0,100.0,100.0,100.0,0.0,0.0,0.0,0.0,0.0,0.0,0.0,0.0,0.0,0.0,0.0,0.0,0.0,0.0,2395.7,24.00,40,39,39,77,116,708,1,86.0,85.0,85.4,81.7,76.8,82.6,84.5,84.2,78.5,83.3,63.3,63.3,68.0,60.7,43.0,42.0,44.0,1.092,1.015,1.100,42.696,7.858,42.692,51.500,5.407,67.629,7.265,6.967,7.398,7.341,7.361,7.200,7.322,46.645,7.976,60.568,66.143,1996.4,2395.7,4740.3,4740.3,4765.0,75.2,56.9,34.3,75.2,100.0,いいえ,いいえ,いいえ,9.209,2.874,6.0,37.0,86.0,40.0,86.0,1.088,12.197,3.456,3.328,5.040,1.072,1.056,3.456,3.328,1.808,1.024,1.120,1.040,1.808,1.104,0.792,1.824,0.248,2027,いいえ,55.6,40.8,1.095,1.110,1.815,1.800,1.005,5.040,0.625,いいえ,いいえ,いいえ,40.2,1.095,1.110,1.815,1.800,1.005,5.040,0.875,いいえ,いいえ,いいえ,37,37,いいえ,はい,15388,14038,128,128,34,100.0,いいえ,いいえ,3868,2528,9990,38,38,45,100.0,100.0,いいえ,いいえ,7031,7744,0.0,0.1,0.1,0.000,0.006,1385,1004,0.0,0.0,0.0,0.000,0.000,181182,133153,0.0,0.0,0.0,0.000,0.036,66267,77368,62.9,0.720,43.000,600.0,2400.0,1200.0,100.0,0.0,0.0,0.0,0.0,0.0,0.0,0.0,0.0,125,2,16.0,86,いいえ,いいえ,いいえ,39.4,44.0,49.2,84.0,0.865,12.303,12.314,12.258,12.328,12.311,0,0,10.082,4.554,2.154,0.197,7.735,2.256,0.098,7.841,8.022,8.125,220.000,220.000,210.0,50.6,1185.0,210.0,1290.0,210.0,50.5,1413.9,1.0,5.0,0.0,0.0,10.1,0.4,0.5,0.0,1.0,0.0,0,0,はい,いいえ,いいえ,いいえ,いいえ,はい,いいえ,4.7,5.6,0,0,0,0,0,0,0,0,0,0,0,0,0,0,0,0,0,0,0,0,0,0,0,0,0,0,0,0,0,0,11042,1240,962,109,2.5,2.9,17.2,1.1,1.1,1.1,1.1,0.0,0.0,0.0,0.0,0.0,0.0,345.55,899.06,58.06,57.98,916.13,916.13,3.46,30.56,345.45,0.10,0.00,0,0,0.0,0.0,44253,38763,5.6,85.0,0,
19.7.2026,0:40:40.651,21067,12844,62.1,17213,14650,54.0,1.0,2048,20,1.081,1.035,1.090,1.090,1.090,1.090,1.090,4720.7,4641.6,4741.4,4741.4,4741.4,4741.4,4716.5,99.8,4719.4,4733.6,4717.8,4717.8,4717.9,4717.4,4717.9,4718.1,4718.2,4718.4,4718.6,4718.6,4718.5,4719.4,100.0,100.0,100.0,100.0,100.0,100.0,100.0,100.0,100.0,100.0,100.0,100.0,100.0,100.0,100.0,124.4,124.4,124.4,124.4,124.4,124.4,124.4,124.4,124.4,124.4,124.4,124.4,124.4,124.4,47.3,46.5,47.5,47.5,47.5,47.5,47.2,0.0,100.0,100.0,100.0,100.0,100.0,100.0,100.0,0.0,0.0,0.0,0.0,0.0,0.0,0.0,0.0,0.0,0.0,0.0,0.0,0.0,0.0,2395.7,24.00,40,39,39,77,116,708,1,85.9,85.0,85.2,81.5,76.2,81.9,84.5,84.3,78.5,83.5,63.6,63.6,67.5,60.9,43.0,42.0,44.1,1.095,1.015,1.100,42.490,7.949,42.495,52.500,5.375,67.747,7.304,6.977,7.426,7.381,7.432,7.216,7.392,46.553,8.068,60.534,66.204,1996.4,2395.7,4744.7,4744.7,4770.3,75.2,56.7,35.0,75.2,100.0,いいえ,いいえ,いいえ,10.570,3.404,6.0,37.0,86.0,40.0,86.0,1.104,12.197,3.456,3.328,5.040,1.072,1.056,3.456,3.328,1.808,1.024,1.120,1.040,1.792,1.104,0.792,1.824,0.248,2033,いいえ,55.6,41.0,1.095,1.110,1.815,1.800,0.975,5.040,0.875,いいえ,いいえ,いいえ,40.2,1.095,1.110,1.815,1.800,1.005,5.040,0.875,いいえ,いいえ,いいえ,37,37,いいえ,はい,15388,14038,128,128,34,100.0,いいえ,いいえ,3868,2528,9990,38,38,46,100.0,100.0,いいえ,いいえ,7031,7744,0.0,0.5,0.5,0.000,0.004,1385,1004,0.0,0.0,0.0,0.000,0.000,181182,133153,0.0,0.4,0.4,0.000,3.680,66267,77375,63.0,0.720,41.000,600.0,2400.0,1200.0,100.0,0.0,0.0,0.0,0.0,0.0,0.0,0.0,0.0,125,2,16.0,86,いいえ,いいえ,いいえ,39.4,44.0,49.2,84.0,0.865,12.302,12.312,12.257,12.328,12.311,0,0,10.153,4.602,2.311,0.222,7.722,2.429,0.111,7.851,8.059,8.116,220.000,220.000,210.0,50.6,1185.0,210.0,1290.0,210.2,50.5,1413.8,2.0,6.0,1.0,0.0,10.1,0.7,1.0,0.0,1.6,0.0,0,0,はい,いいえ,いいえ,いいえ,いいえ,はい,いいえ,4.4,4.9,0,0,0,0,0,0,0,0,0,0,0,0,0,0,0,0,0,0,0,0,0,0,0,0,0,0,0,0,0,0,11042,1240,962,109,2.5,6.7,17.6,1.9,1.8,1.8,1.8,0.0,0.0,0.0,0.0,0.0,0.0,149.97,539.84,56.93,56.61,566.68,566.68,1.14,11.21,149.87,0.10,0.00,0,0,0.0,0.0,44253,38763,6.4,151.3,0,
19.7.2026,0:40:42.643,21055,12856,62.0,17215,14647,54.0,1.0,2048,20,1.082,1.060,1.090,1.090,1.075,1.090,1.090,4724.8,4691.5,4716.5,4716.5,4716.5,4741.4,4766.4,99.8,4710.0,4724.7,4708.7,4708.4,4708.9,4708.3,4708.7,4708.7,4708.9,4709.0,4708.1,4709.0,4708.8,4710.0,100.0,100.0,100.0,100.0,100.0,100.0,100.0,100.0,100.0,100.0,100.0,100.0,100.0,100.0,100.0,124.2,124.2,124.2,124.1,124.2,124.2,124.2,124.2,124.2,124.2,124.1,124.2,124.2,124.2,47.3,47.0,47.2,47.2,47.2,47.5,47.8,0.0,100.0,100.0,100.0,100.0,100.0,100.0,100.0,0.0,0.0,0.0,0.0,0.0,0.0,0.0,0.0,0.0,0.0,0.0,0.0,0.0,0.0,2395.7,24.00,40,39,39,77,116,708,1,85.9,85.0,83.9,81.6,76.6,82.3,84.5,84.4,78.4,83.3,63.5,63.5,68.5,61.2,43.0,42.0,44.4,1.089,1.015,1.100,42.664,7.961,42.664,51.500,5.398,67.580,7.208,6.852,7.312,7.314,7.416,7.089,7.261,46.478,8.080,60.496,66.121,1996.4,2395.7,4735.1,4735.1,4760.2,75.1,56.9,34.3,75.1,100.0,いいえ,いいえ,いいえ,10.130,2.774,6.0,37.0,85.9,40.0,85.0,1.120,12.197,3.456,3.328,5.040,1.072,1.056,3.456,3.328,1.808,1.024,1.120,1.040,1.792,1.104,0.792,1.824,0.248,2033,いいえ,55.6,41.0,1.095,1.110,1.815,1.800,0.975,5.040,0.875,いいえ,いいえ,いいえ,40.2,1.095,1.110,1.815,1.800,0.975,5.040,1.125,いいえ,いいえ,いいえ,37,37,いいえ,はい,15388,14038,128,128,34,100.0,いいえ,いいえ,3868,2528,9990,38,38,46,100.0,100.0,いいえ,いいえ,7031,7744,0.0,0.0,0.0,0.000,0.004,1385,1004,0.0,0.0,0.0,0.000,0.000,181182,133153,0.0,0.2,0.2,0.014,1.044,66267,77377,63.1,0.720,42.000,600.0,2400.0,1200.0,100.0,0.0,0.0,0.0,0.0,0.0,0.0,0.0,0.0,125,2,16.0,86,いいえ,いいえ,いいえ,39.4,44.0,49.1,84.0,0.865,12.307,12.315,12.264,12.332,12.316,0,0,10.125,4.704,2.585,0.271,7.812,2.725,0.135,7.965,8.014,8.124,220.000,220.000,210.0,50.6,1185.0,210.0,1290.0,210.1,50.5,1413.4,1.0,6.0,0.0,0.0,10.1,0.5,0.7,0.0,1.5,0.0,0,0,はい,いいえ,いいえ,いいえ,いいえ,はい,いいえ,4.8,5.6,0,0,0,0,0,0,0,0,0,0,0,0,0,0,0,0,0,0,0,0,0,0,0,0,0,0,0,0,0,0,11042,1240,962,109,2.5,6.4,16.1,2.0,2.0,2.0,2.0,0.0,0.0,0.0,0.0,0.0,0.0,155.98,491.29,62.06,62.03,510.90,510.90,1.51,22.71,155.87,0.10,0.00,0,0,0.0,0.0,44253,38764,6.3,219.2,0,
19.7.2026,0:40:44.637,21053,12857,62.0,17217,14646,54.0,1.0,2048,20,1.094,1.075,1.105,1.115,1.105,1.090,1.075,4749.8,4716.5,4766.4,4766.4,4766.4,4741.4,4741.4,99.8,4706.7,4721.2,4705.5,4705.7,4705.7,4705.0,4705.6,4705.7,4705.8,4705.8,4705.8,4705.6,4703.4,4706.7,100.0,100.0,100.0,100.0,100.0,100.0,100.0,100.0,100.0,100.0,100.0,100.0,100.0,100.0,100.0,124.1,124.1,124.1,124.1,124.1,124.1,124.1,124.1,124.1,124.1,124.1,124.1,124.0,124.1,47.6,47.2,47.8,47.8,47.8,47.5,47.5,0.0,100.0,100.0,100.0,100.0,100.0,100.0,100.0,0.0,0.0,0.0,0.0,0.0,0.0,0.0,0.0,0.0,0.0,0.0,0.0,0.0,0.0,2395.7,24.00,40,39,39,77,116,708,1,85.9,85.0,84.4,81.7,76.9,82.7,84.3,83.9,79.0,83.8,63.4,63.4,68.8,61.4,43.0,42.0,44.7,1.087,1.015,1.100,42.776,7.896,42.775,52.500,5.391,67.528,7.232,6.885,7.354,7.240,7.246,7.270,7.397,46.520,8.014,60.464,66.036,1996.4,2395.7,4731.2,4731.2,4755.7,75.0,57.0,35.0,75.0,100.0,いいえ,いいえ,いいえ,9.350,2.656,6.0,37.0,85.9,40.0,85.0,1.144,12.197,3.456,3.328,5.040,1.072,1.056,3.456,3.328,1.808,1.024,1.120,1.040,1.792,1.104,0.792,1.824,0.248,2011,いいえ,55.6,41.0,1.095,1.110,1.815,1.800,0.975,5.040,0.875,いいえ,いいえ,いいえ,40.5,1.095,1.110,1.815,1.800,0.975,5.040,1.000,いいえ,いいえ,いいえ,37,37,いいえ,はい,15388,14038,128,128,34,100.0,いいえ,いいえ,3868,2528,9990,38,38,46,100.0,100.0,いいえ,いいえ,7031,7744,0.0,0.1,0.1,0.000,0.012,1385,1004,0.0,0.0,0.0,0.000,0.000,181182,133153,0.0,0.2,0.2,0.000,0.658,66267,77378,63.2,0.720,43.000,600.0,2400.0,1200.0,100.0,0.0,0.0,0.0,0.0,0.0,0.0,0.0,0.0,125,2,16.0,86,いいえ,いいえ,いいえ,39.5,44.0,49.2,84.0,0.865,12.306,12.314,12.263,12.332,12.315,0,0,10.174,5.067,2.400,0.271,7.799,2.540,0.135,7.951,11.268,8.170,220.000,220.000,210.0,50.6,1185.0,210.0,1290.0,209.9,50.5,1414.2,2.0,6.0,1.0,0.0,10.1,0.5,0.7,0.0,1.3,0.0,0,0,はい,いいえ,いいえ,いいえ,いいえ,はい,いいえ,4.7,5.0,0,0,0,0,0,0,0,0,0,0,0,0,0,0,0,0,0,0,0,0,0,0,0,0,0,0,0,0,0,0,11042,1240,962,109,2.5,1.9,15.6,0.7,0.7,0.7,0.7,0.7,0.7,0.7,0.7,0.7,0.7,536.23,1373.46,63.92,62.37,1398.47,1398.47,4.27,70.55,536.13,0.10,295.24,0,0,0.0,0.0,44253,38764,6.2,170.5,0,
19.7.2026,0:40:46.642,21055,12856,62.0,17223,14640,54.0,1.0,2048,20,1.093,1.135,1.100,1.090,1.075,1.090,1.070,4737.3,4816.3,4766.4,4741.4,4741.4,4666.6,4691.5,99.8,4707.9,4723.2,4707.2,4706.6,4707.0,4706.3,4706.9,4707.0,4706.9,4705.1,4705.2,4706.8,4706.8,4707.9,100.0,99.9,100.0,100.0,100.0,100.0,100.0,100.0,100.0,100.0,100.0,100.0,100.0,100.0,100.0,124.1,124.1,124.1,124.1,124.1,124.1,124.1,124.1,124.1,124.1,124.1,124.1,124.1,124.1,47.5,48.2,47.8,47.5,47.5,46.8,47.0,0.0,100.0,100.0,100.0,100.0,100.0,100.0,100.0,0.0,0.0,0.0,0.0,0.0,0.0,0.0,0.0,0.0,0.0,0.0,0.0,0.0,0.0,2395.7,24.00,40,39,39,77,116,708,1,85.9,85.0,83.5,81.7,77.1,82.4,84.6,84.4,78.4,83.3,63.6,63.6,68.5,61.2,43.0,42.0,44.8,1.088,1.015,1.100,42.719,8.049,42.716,57.000,5.414,67.722,7.196,6.927,7.260,7.317,7.358,7.064,7.247,46.510,8.170,60.635,66.240,1996.4,2395.7,4733.9,4733.9,4759.4,75.3,57.0,38.0,75.3,100.0,いいえ,いいえ,いいえ,9.743,3.018,6.0,38.0,85.9,40.0,85.0,1.080,12.197,3.456,3.328,5.040,1.072,1.056,3.456,3.328,1.808,1.024,1.120,1.040,1.808,1.104,0.792,1.824,0.248,2017,いいえ,55.6,41.0,1.095,1.110,1.815,1.800,0.975,5.040,0.625,いいえ,いいえ,いいえ,40.5,1.095,1.110,1.815,1.800,0.975,5.040,1.375,いいえ,いいえ,いいえ,37,37,いいえ,はい,15388,14038,128,128,34,100.0,いいえ,いいえ,3868,2528,9990,38,38,46,100.0,100.0,いいえ,いいえ,7031,7744,0.0,0.1,0.1,0.000,0.004,1385,1004,0.0,0.0,0.0,0.000,0.000,181182,133153,0.0,0.0,0.0,0.000,0.008,66267,77378,63.2,0.720,52.000,600.0,2400.0,1200.0,100.0,0.0,0.0,0.0,0.0,0.0,0.0,0.0,0.0,125,2,16.0,86,いいえ,いいえ,いいえ,39.5,44.0,49.3,84.0,0.865,12.306,12.314,12.262,12.331,12.315,0,0,10.228,4.587,2.184,0.246,7.750,2.306,0.123,7.873,8.089,8.127,220.000,220.000,210.0,50.6,1185.0,210.0,1290.0,210.0,50.5,1413.7,1.0,6.0,0.0,0.0,10.1,0.6,0.7,0.0,1.6,0.0,0,0,はい,いいえ,いいえ,いいえ,いいえ,はい,いいえ,4.6,5.3,0,0,0,0,0,0,0,0,0,0,0,0,0,0,0,0,0,0,0,0,0,0,0,0,0,0,0,0,0,0,11042,1240,962,109,2.5,4.4,4.4,4.4,4.4,4.4,4.4,4.6,4.6,4.6,4.6,4.6,4.6,229.76,229.76,229.76,229.76,229.76,229.76,1.52,228.98,229.35,0.41,779.23,0,0,0.0,0.0,44253,38764,6.4,178.7,0,
19.7.2026,0:40:48.639,21054,12857,62.0,17227,14635,54.0,1.0,2048,20,1.098,1.075,1.105,1.105,1.090,1.110,1.105,4758.1,4741.4,4766.4,4766.4,4741.4,4766.4,4766.4,99.8,4707.9,4722.2,4706.6,4706.2,4706.4,4705.8,4706.4,4706.5,4706.6,4706.7,4707.0,4706.9,4707.0,4707.9,100.0,100.0,100.0,100.0,100.0,100.0,100.0,100.0,100.0,100.0,100.0,100.0,100.0,100.0,100.0,124.1,124.1,124.1,124.1,124.1,124.1,124.1,124.1,124.1,124.1,124.1,124.1,124.1,124.1,47.7,47.5,47.8,47.8,47.5,47.8,47.8,0.0,100.0,100.0,100.0,100.0,100.0,100.0,100.0,0.0,0.0,0.0,0.0,0.0,0.0,0.0,0.0,0.0,0.0,0.0,0.0,0.0,0.0,2395.7,24.00,40,39,39,77,116,708,1,85.9,85.0,84.8,81.7,76.7,82.6,84.7,84.3,78.5,83.4,63.7,63.7,68.5,61.5,43.0,42.0,44.9,1.087,1.015,1.100,42.549,7.979,42.552,50.500,5.441,67.528,7.179,6.803,7.304,7.299,7.321,7.104,7.242,46.295,8.099,60.379,66.018,1996.4,2395.7,4732.5,4732.5,4758.0,75.0,56.7,33.7,75.0,100.0,いいえ,いいえ,いいえ,10.089,3.239,6.0,38.0,85.9,40.0,85.0,1.120,12.197,3.456,3.328,5.040,1.072,1.056,3.456,3.328,1.808,1.024,1.120,1.040,1.792,1.104,0.784,1.824,0.248,2023,いいえ,55.6,41.0,1.095,1.110,1.815,1.800,0.975,5.040,1.000,いいえ,いいえ,いいえ,40.5,1.095,1.110,1.815,1.800,0.975,5.040,0.625,いいえ,いいえ,いいえ,37,37,いいえ,はい,15388,14038,128,128,34,100.0,いいえ,いいえ,3868,2528,9990,38,38,46,100.0,100.0,いいえ,いいえ,7031,7744,0.0,0.1,0.1,0.000,0.010,1385,1005,0.0,0.0,0.0,0.000,0.000,181182,133153,0.0,0.0,0.0,0.000,0.055,66267,77378,63.3,0.720,44.000,600.0,2400.0,1200.0,100.0,0.0,0.0,0.0,0.0,0.0,0.0,0.0,0.0,125,2,16.0,86,いいえ,いいえ,いいえ,39.4,44.0,49.2,84.0,0.865,12.309,12.317,12.268,12.335,12.318,0,0,10.206,4.561,2.032,0.246,7.790,2.146,0.123,7.920,8.109,8.123,220.000,220.000,210.0,50.6,1185.0,210.0,1290.0,209.9,50.5,1413.3,1.0,5.0,0.0,0.0,10.1,0.7,1.2,0.0,1.6,0.0,0,0,はい,いいえ,いいえ,いいえ,いいえ,はい,いいえ,4.5,4.9,0,0,0,0,0,0,0,0,0,0,0,0,0,0,0,0,0,0,0,0,0,0,0,0,0,0,0,0,0,0,11042,1240,962,109,2.5,4.4,4.4,4.4,4.4,4.4,4.4,4.6,4.6,4.6,4.6,4.6,4.6,229.76,229.76,229.76,229.76,229.76,229.76,1.52,228.98,229.35,0.41,779.23,0,0,0.0,0.0,44253,38764,5.9,95.6,0,
19.7.2026,0:40:50.636,21054,12857,62.0,17227,14636,54.0,1.0,2048,20,1.098,1.105,1.120,1.145,1.035,1.090,1.090,4758.1,4766.4,4841.3,4791.4,4691.5,4791.4,4766.4,99.8,4707.9,4725.9,4709.8,4710.1,4710.3,4709.7,4710.2,4710.0,4709.8,4709.8,4709.8,4709.6,4709.7,4711.2,100.0,100.0,100.0,100.0,100.0,100.0,100.0,100.0,100.0,100.0,100.0,100.0,100.0,100.0,100.0,124.1,124.2,124.2,124.2,124.2,124.2,124.2,124.2,124.2,124.2,124.2,124.2,124.2,124.2,47.7,47.5,47.8,47.8,47.5,47.8,47.8,0.0,100.0,100.0,100.0,100.0,100.0,100.0,100.0,0.0,0.0,0.0,0.0,0.0,0.0,0.0,0.0,0.0,0.0,0.0,0.0,0.0,0.0,2395.7,24.00,40,39,39,77,116,708,1,85.9,85.0,84.8,81.7,76.7,82.6,84.7,84.3,78.5,83.4,63.7,63.7,68.5,61.5,43.0,42.0,44.9,1.087,1.015,1.100,42.549,7.979,42.552,50.500,5.441,67.528,7.179,6.803,7.304,7.299,7.321,7.104,7.242,46.295,8.099,60.379,66.018,1996.4,2395.7,4732.5,4732.5,4758.0,75.0,56.7,33.7,75.0,100.0,いいえ,いいえ,いいえ,10.089,3.239,6.0,38.0,85.9,40.0,85.0,1.112,12.197,3.456,3.328,5.040,1.072,1.056,3.456,3.328,1.808,1.024,1.120,1.040,1.808,1.104,0.784,1.824,0.248,2023,いいえ,55.6,41.0,1.095,1.110,1.815,1.800,0.975,5.040,1.125,いいえ,いいえ,いいえ,40.5,1.095,1.110,1.815,1.815,0.975,5.040,0.875,いいえ,いいえ,いいえ,37,37,いいえ,はい,15388,14038,128,128,34,100.0,いいえ,いいえ,3868,2528,9990,38,38,46,100.0,100.0,いいえ,いいえ,7031,7744,0.0,0.1,0.1,0.000,0.010,1385,1005,0.0,0.0,0.0,0.000,0.000,181182,133153,0.0,0.0,0.0,0.000,0.055,66267,77378,63.4,0.720,42.000,600.0,2400.0,1200.0,100.0,0.0,0.0,0.0,0.0,0.0,0.0,0.0,0.0,125,2,16.0,86,いいえ,いいえ,いいえ,39.5,44.0,49.2,84.0,0.865,12.308,12.316,12.266,12.333,12.316,0,0,10.160,4.577,2.134,0.246,7.777,2.257,0.123,7.907,8.045,8.124,220.000,220.000,210.0,50.6,1185.0,210.0,1290.0,210.0,50.5,1413.6,2.0,6.0,1.0,0.0,10.1,0.5,0.7,0.0,1.2,0.0,0,0,はい,いいえ,いいえ,いいえ,いいえ,はい,いいえ,4.6,5.2,0,0,0,0,0,0,0,0,0,0,0,0,0,0,0,0,0,0,0,0,0,0,0,0,0,0,0,0,0,0,11042,1240,962,109,2.5,4.4,4.4,4.4,4.4,4.4,4.4,4.6,4.6,4.6,4.6,4.6,4.6,229.76,229.76,229.76,229.76,229.76,229.76,1.52,228.98,229.35,0.41,779.23,0,0,0.0,0.0,44253,38764,5.9,95.6,0,
19.7.2026,0:40:52.647,21052,12859,62.0,17229,14634,54.0,1.0,2048,20,1.110,1.140,1.105,1.105,1.110,1.090,1.110,4770.6,4816.3,4766.4,4766.4,4766.4,4766.4,4741.4,99.8,4708.8,4723.1,4707.2,4707.0,4707.4,4706.7,4707.4,4707.8,4707.8,4708.0,4707.9,4707.7,4707.8,4708.8,100.0,100.0,100.0,100.0,100.0,100.0,100.0,100.0,100.0,100.0,100.0,100.0,100.0,100.0,100.0,124.1,124.1,124.1,124.1,124.1,124.1,124.1,124.1,124.1,124.1,124.1,124.1,124.1,124.1,47.8,48.2,47.8,47.8,47.8,47.8,47.5,0.0,100.0,100.0,100.0,100.0,100.0,100.0,100.0,0.0,0.0,0.0,0.0,0.0,0.0,0.0,0.0,0.0,0.0,0.0,0.0,0.0,0.0,2395.7,24.00,40,39,39,77,116,708,1,85.9,85.0,85.2,81.7,76.9,82.5,84.6,84.4,78.6,83.0,63.8,63.8,68.2,61.4,43.0,42.0,45.0,1.090,1.015,1.100,42.413,8.017,42.415,52.000,5.445,67.506,7.141,6.808,7.232,7.269,7.359,7.062,7.116,46.245,8.137,60.372,66.008,1996.4,2395.7,4736.1,4736.1,4761.1,75.0,56.6,34.7,75.0,100.0,いいえ,いいえ,いいえ,10.409,2.764,6.0,38.0,85.9,40.0,85.0,1.072,12.197,3.456,3.328,5.040,1.072,1.048,3.456,3.328,1.808,1.024,1.120,1.040,1.808,1.104,0.784,1.824,0.248,2027,いいえ,55.6,41.0,1.095,1.110,1.815,1.800,1.005,5.040,1.125,いいえ,いいえ,いいえ,40.5,1.095,1.110,1.815,1.800,1.005,5.040,0.875,いいえ,いいえ,いいえ,37,37,いいえ,はい,15388,14038,128,128,34,100.0,いいえ,いいえ,3868,2528,9990,38,38,46,100.0,100.0,いいえ,いいえ,7031,7744,0.0,0.0,0.0,0.000,0.004,1385,1005,0.0,0.0,0.0,0.000,0.000,181182,133153,0.0,0.0,0.0,0.000,0.000,66267,77378,63.5,0.720,49.000,600.0,2400.0,1200.0,100.0,0.0,0.0,0.0,0.0,0.0,0.0,0.0,0.0,125,2,16.0,86,いいえ,いいえ,いいえ,39.5,44.0,49.2,84.0,0.865,12.307,12.314,12.266,12.333,12.316,0,0,10.285,4.537,1.965,0.246,7.764,2.084,0.123,7.891,8.095,8.129,220.000,220.000,210.0,50.6,1185.0,210.0,1290.0,209.9,50.5,1414.1,3.0,6.0,1.0,0.0,10.1,0.7,0.9,0.0,1.8,0.0,0,0,はい,いいえ,いいえ,いいえ,いいえ,はい,いいえ,4.5,4.9,0,0,0,0,0,0,0,0,0,0,0,0,0,0,0,0,0,0,0,0,0,0,0,0,0,0,0,0,0,0,11042,1240,962,109,2.5,2.1,14.2,1.1,1.1,1.1,1.1,1.0,1.0,1.0,1.0,1.0,1.0,487.53,904.53,70.53,62.87,913.04,913.04,4.20,37.92,487.43,0.10,1310.35,0,0,0.0,0.0,44253,38765,6.7,172.9,0,
19.7.2026,0:40:54.641,21053,12858,62.0,17229,14634,54.0,1.0,2048,20,1.039,1.060,1.035,1.035,1.035,1.035,1.035,4712.3,4691.5,4716.5,4716.5,4716.5,4716.5,4716.5,99.8,4704.5,4719.4,4703.0,4703.2,4702.0,4702.8,4703.3,4703.4,4703.4,4703.4,4703.4,4703.3,4703.3,4704.5,100.0,100.0,100.0,100.0,100.0,100.0,100.0,100.0,100.0,100.0,100.0,100.0,100.0,100.0,100.0,124.0,124.0,124.0,124.0,124.0,124.0,124.0,124.0,124.0,124.0,124.0,124.0,124.0,124.0,47.2,47.0,47.2,47.2,47.2,47.2,47.2,0.0,100.0,100.0,100.0,100.0,100.0,100.0,100.0,0.0,0.0,0.0,0.0,0.0,0.0,0.0,0.0,0.0,0.0,0.0,0.0,0.0,0.0,2395.7,24.00,40,39,39,77,116,708,1,85.9,85.0,84.4,81.7,76.7,82.5,84.6,84.4,78.3,83.2,63.9,63.8,68.0,61.7,43.1,42.0,45.0,1.086,1.015,1.100,42.318,8.124,42.319,50.500,5.454,67.386,7.132,6.724,7.178,7.197,7.280,6.973,7.120,45.986,8.246,60.231,65.871,1996.4,2395.7,4733.9,4733.9,4758.7,74.9,56.4,33.3,74.9,100.0,いいえ,いいえ,いいえ,10.653,2.962,6.0,38.0,85.9,40.0,85.0,1.088,12.197,3.456,3.328,5.040,1.072,1.056,3.456,3.328,1.808,1.024,1.120,1.040,1.792,1.104,0.784,1.824,0.248,2023,いいえ,55.6,41.0,1.095,1.110,1.815,1.800,1.005,5.040,1.375,いいえ,いいえ,いいえ,40.5,1.095,1.110,1.815,1.800,1.005,4.970,0.750,いいえ,いいえ,いいえ,37,37,いいえ,はい,15388,14038,128,128,34,100.0,いいえ,いいえ,3868,2528,9990,38,38,46,100.0,100.0,いいえ,いいえ,7031,7744,0.0,0.0,0.0,0.000,0.002,1385,1005,0.0,0.0,0.0,0.000,0.000,181182,133153,0.0,0.0,0.0,0.000,0.000,66267,77378,63.6,0.720,49.000,600.0,2400.0,1200.0,100.0,0.0,0.0,0.0,0.0,0.0,0.0,0.0,0.0,125,2,16.0,86,いいえ,いいえ,いいえ,39.4,44.0,49.2,84.0,0.865,12.311,12.319,12.268,12.337,12.320,0,0,10.309,4.572,2.048,0.246,7.803,2.171,0.123,7.938,8.126,8.117,220.000,220.000,210.0,50.6,1185.0,210.0,1290.0,210.0,50.5,1413.8,2.0,6.0,1.0,0.0,10.1,0.7,1.0,0.0,1.8,0.0,0,0,はい,いいえ,いいえ,いいえ,いいえ,はい,いいえ,4.5,4.9,0,0,0,0,0,0,0,0,0,0,0,0,0,0,0,0,0,0,0,0,0,0,0,0,0,0,0,0,0,0,11042,1240,962,109,2.5,2.1,14.2,1.1,1.1,1.1,1.1,1.0,1.0,1.0,1.0,1.0,1.0,487.53,904.53,70.53,62.87,913.04,913.04,4.20,37.92,487.43,0.10,1310.35,0,0,0.0,0.0,44253,38765,7.1,187.3,0,
19.7.2026,0:40:56.656,21053,12858,62.0,17229,14634,54.0,1.0,2048,20,1.039,1.060,1.035,1.035,1.035,1.035,1.035,4712.3,4691.5,4716.5,4716.5,4716.5,4716.5,4716.5,99.8,4704.5,4719.4,4703.0,4703.2,4702.0,4702.8,4703.3,4703.4,4703.4,4703.4,4703.4,4703.3,4703.3,4704.5,100.0,100.0,100.0,100.0,100.0,100.0,100.0,100.0,100.0,100.0,100.0,100.0,100.0,100.0,100.0,124.0,124.0,124.0,124.0,124.0,124.0,124.0,124.0,124.0,124.0,124.0,124.0,124.0,124.0,47.2,47.0,47.2,47.2,47.2,47.2,47.2,0.0,100.0,100.0,100.0,100.0,100.0,100.0,100.0,0.0,0.0,0.0,0.0,0.0,0.0,0.0,0.0,0.0,0.0,0.0,0.0,0.0,0.0,2395.7,24.00,40,39,39,77,116,708,1,85.9,85.0,84.4,81.6,76.7,82.5,84.6,84.4,78.3,83.2,63.8,63.8,68.0,61.7,43.1,42.0,45.0,1.086,1.015,1.100,42.318,8.124,42.319,50.500,5.454,67.386,7.079,6.724,7.178,7.197,7.280,6.973,7.120,45.986,8.246,60.231,65.871,1996.4,2395.7,4730.0,4730.0,4755.5,74.9,56.4,33.7,74.9,100.0,いいえ,いいえ,いいえ,10.358,2.726,6.0,38.0,85.9,40.0,85.0,1.080,12.197,3.456,3.328,5.040,1.072,1.048,3.456,3.328,1.808,1.024,1.120,1.040,1.808,1.104,0.784,1.824,0.248,2017,いいえ,56.5,41.2,1.095,1.110,1.815,1.800,1.005,5.040,1.000,いいえ,いいえ,いいえ,40.5,1.095,1.110,1.815,1.800,1.005,5.040,1.000,いいえ,いいえ,いいえ,37,37,いいえ,はい,15388,14038,128,128,34,100.0,いいえ,いいえ,3868,2528,9990,38,38,46,100.0,100.0,いいえ,いいえ,7031,7744,0.0,35.0,35.0,0.000,0.008,1385,1005,0.0,0.0,0.0,0.000,0.000,181182,133153,0.0,0.0,0.0,0.000,0.026,66267,77378,63.7,0.720,46.000,600.0,2400.0,1200.0,100.0,0.0,0.0,0.0,0.0,0.0,0.0,0.0,0.0,125,2,16.0,86,いいえ,いいえ,いいえ,39.4,44.0,49.2,84.0,0.865,12.305,12.314,12.261,12.332,12.315,0,0,10.135,4.542,2.050,0.197,7.761,2.146,0.099,7.864,8.087,8.130,220.000,220.000,210.0,50.6,1185.0,210.0,1290.0,210.0,50.5,1413.3,2.0,6.0,1.0,0.0,10.1,0.5,0.7,0.0,1.1,0.0,0,0,はい,いいえ,いいえ,いいえ,いいえ,はい,いいえ,4.5,5.3,0,0,0,0,0,0,0,0,0,0,0,0,0,0,0,0,0,0,0,0,0,0,0,0,0,0,0,0,0,0,11042,1240,962,109,2.5,2.1,14.2,1.1,1.1,1.1,1.1,1.0,1.0,1.0,1.0,1.0,1.0,487.53,904.53,70.53,62.87,913.04,913.04,4.20,37.92,487.43,0.10,1310.35,0,0,0.0,0.0,44253,38766,6.0,227.5,0,
19.7.2026,0:40:58.682,21050,12861,62.0,17234,14628,54.0,1.0,2048,20,1.076,1.080,1.075,1.060,1.090,1.075,1.075,4712.3,4716.5,4716.5,4641.6,4741.4,4716.5,4741.4,99.8,4699.2,4713.6,4697.8,4698.1,4698.1,4697.3,4698.0,4698.0,4698.0,4698.0,4697.9,4697.7,4697.6,4699.2,100.0,100.0,100.0,100.0,100.0,100.0,100.0,100.0,100.0,100.0,100.0,100.0,100.0,100.0,100.0,123.9,123.9,123.9,123.9,123.9,123.9,123.9,123.9,123.9,123.9,123.9,123.9,123.9,123.9,47.2,47.2,47.2,46.5,47.5,47.2,47.5,0.0,100.0,100.0,100.0,100.0,100.0,100.0,100.0,0.0,0.0,0.0,0.0,0.0,0.0,0.0,0.0,0.0,0.0,0.0,0.0,0.0,0.0,2395.7,24.00,40,39,39,77,116,708,1,85.9,85.0,86.9,81.7,76.8,82.6,84.6,84.4,78.6,83.4,63.9,63.9,68.2,61.5,43.2,42.0,45.0,1.083,1.015,1.100,42.159,8.041,42.157,53.500,5.485,66.931,7.096,6.710,7.206,7.182,7.278,7.048,7.152,45.669,8.161,59.863,65.475,1996.4,2395.7,4724.2,4724.2,4748.7,74.4,56.2,35.7,74.4,100.0,いいえ,いいえ,いいえ,9.774,3.163,6.0,38.0,85.9,40.0,85.0,1.104,12.197,3.456,3.328,5.040,1.072,1.048,3.456,3.328,1.808,1.024,1.120,1.040,1.808,1.104,0.784,1.824,0.248,2017,いいえ,55.6,41.2,1.095,1.110,1.815,1.800,1.005,5.040,0.750,いいえ,いいえ,いいえ,40.5,1.095,1.110,1.815,1.800,1.005,5.040,0.875,いいえ,いいえ,いいえ,37,37,いいえ,はい,15388,14038,128,128,34,100.0,いいえ,いいえ,3868,2528,9990,38,38,46,100.0,100.0,いいえ,いいえ,7031,7744,0.0,0.0,0.0,0.000,0.004,1385,1005,0.0,0.0,0.0,0.000,0.000,181182,133153,0.0,0.0,0.0,0.000,0.000,66267,77378,63.7,0.720,43.000,600.0,2400.0,1200.0,100.0,0.0,0.0,0.0,0.0,0.0,0.0,0.0,0.0,125,2,16.0,86,いいえ,いいえ,いいえ,39.5,44.0,49.2,84.0,0.865,12.306,12.314,12.264,12.332,12.316,0,0,10.244,4.571,2.054,0.246,7.812,2.183,0.123,7.943,8.069,8.137,220.000,220.000,210.0,50.6,1185.0,210.0,1290.0,210.0,50.5,1414.0,2.0,6.0,1.0,0.0,10.1,0.6,1.1,0.0,1.3,0.0,0,0,はい,いいえ,いいえ,いいえ,いいえ,はい,いいえ,4.6,4.9,0,0,0,0,0,0,0,0,0,0,0,0,0,0,0,0,0,0,0,0,0,0,0,0,0,0,0,0,0,0,11042,1240,962,109,2.5,2.3,2.6,2.0,2.0,2.0,2.0,2.7,2.7,2.7,2.7,2.7,2.7,439.12,500.75,377.49,376.36,502.00,502.00,7.37,77.29,439.01,0.11,248.04,0,0,0.0,0.0,44253,38766,6.0,167.7,0,
19.7.2026,0:41:0.671,21050,12861,62.0,17234,14628,54.0,1.0,2048,20,1.076,1.080,1.075,1.060,1.090,1.075,1.075,4712.3,4716.5,4716.5,4641.6,4741.4,4716.5,4741.4,99.8,4699.2,4713.6,4697.8,4698.1,4698.1,4697.3,4698.0,4698.0,4698.0,4698.0,4697.9,4697.7,4697.6,4699.2,100.0,100.0,100.0,100.0,100.0,100.0,100.0,100.0,100.0,100.0,100.0,100.0,100.0,100.0,100.0,123.9,123.9,123.9,123.9,123.9,123.9,123.9,123.9,123.9,123.9,123.9,123.9,123.9,123.9,47.2,47.2,47.2,46.5,47.5,47.2,47.5,0.0,100.0,100.0,100.0,100.0,100.0,100.0,100.0,0.0,0.0,0.0,0.0,0.0,0.0,0.0,0.0,0.0,0.0,0.0,0.0,0.0,0.0,2395.7,24.00,40,39,39,77,116,708,1,85.9,85.0,86.9,81.7,76.8,82.6,84.6,84.4,78.6,83.4,63.9,63.9,68.2,61.5,43.2,42.0,45.0,1.083,1.015,1.100,42.159,8.041,42.157,53.500,5.485,66.931,7.096,6.710,7.206,7.182,7.278,7.048,7.152,45.669,8.161,59.863,65.475,1996.4,2395.7,4724.2,4724.2,4748.7,74.4,56.2,35.7,74.4,100.0,いいえ,いいえ,いいえ,9.774,3.163,6.0,38.0,85.9,40.0,85.0,1.104,12.197,3.456,3.328,5.040,1.072,1.048,3.456,3.328,1.808,1.024,1.120,1.040,1.808,1.104,0.784,1.824,0.248,2017,いいえ,55.6,41.2,1.095,1.110,1.815,1.800,1.005,5.040,0.875,いいえ,いいえ,いいえ,40.8,1.095,1.110,1.815,1.800,1.005,5.040,1.250,いいえ,いいえ,いいえ,37,37,いいえ,はい,15388,14038,128,128,34,100.0,いいえ,いいえ,3868,2528,9990,38,38,46,100.0,100.0,いいえ,いいえ,7031,7744,0.0,0.0,0.0,0.000,0.004,1385,1005,0.0,0.0,0.0,0.000,0.000,181182,133153,0.0,0.0,0.0,0.000,0.000,66267,77378,63.7,0.720,46.000,600.0,2400.0,1200.0,100.0,0.0,0.0,0.0,0.0,0.0,0.0,0.0,0.0,125,2,16.0,86,いいえ,いいえ,いいえ,39.5,44.0,49.2,84.0,0.865,12.300,12.309,12.255,12.326,12.309,0,0,10.216,4.613,2.232,0.246,7.782,2.354,0.123,7.914,8.103,8.149,220.000,220.000,210.0,50.6,1185.0,210.0,1290.0,209.9,50.5,1413.4,4.0,6.0,2.0,0.0,10.1,0.7,1.1,0.0,1.8,0.0,0,0,はい,いいえ,いいえ,いいえ,いいえ,はい,いいえ,4.6,5.1,0,0,0,0,0,0,0,0,0,0,0,0,0,0,0,0,0,0,0,0,0,0,0,0,0,0,0,0,0,0,11042,1240,962,109,2.5,2.3,2.6,2.0,2.0,2.0,2.0,2.7,2.7,2.7,2.7,2.7,2.7,439.12,500.75,377.49,376.36,502.00,502.00,7.37,77.29,439.01,0.11,248.04,0,0,0.0,0.0,44253,38766,6.6,143.4,0,
19.7.2026,0:41:2.682,21058,12853,62.0,17240,14623,54.1,1.0,2048,20,1.076,1.060,1.050,1.060,1.075,1.090,1.120,4724.8,4691.5,4666.6,4741.4,4716.5,4741.4,4791.4,99.8,4689.1,4703.5,4687.9,4687.8,4687.6,4687.1,4687.8,4688.0,4688.0,4688.0,4688.1,4687.9,4688.2,4689.1,100.0,100.0,100.0,100.0,100.0,100.0,100.0,100.0,100.0,100.0,100.0,100.0,100.0,100.0,100.0,123.6,123.6,123.6,123.6,123.6,123.6,123.6,123.6,123.6,123.6,123.6,123.6,123.6,123.6,47.3,47.0,46.8,47.5,47.2,47.5,48.0,0.0,100.0,100.0,100.0,100.0,100.0,100.0,100.0,0.0,0.0,0.0,0.0,0.0,0.0,0.0,0.0,0.0,0.0,0.0,0.0,0.0,0.0,2395.7,24.00,40,39,39,77,116,708,1,85.9,85.0,84.4,81.6,76.7,82.4,84.7,84.3,78.2,83.3,63.9,63.9,68.0,61.7,43.3,42.0,45.0,1.076,1.015,1.100,42.123,8.050,42.127,50.500,5.446,66.598,7.022,6.692,7.110,7.192,7.180,6.882,7.078,45.335,8.170,59.496,65.103,1996.4,2395.7,4713.6,4713.6,4737.6,74.0,56.2,33.7,74.0,100.0,いいえ,いいえ,いいえ,9.601,2.976,6.0,38.0,85.9,40.0,85.0,1.128,12.197,3.456,3.328,5.040,1.072,1.048,3.456,3.328,1.808,1.024,1.120,1.040,1.792,1.104,0.784,1.824,0.248,2014,いいえ,56.5,41.2,1.095,1.110,1.815,1.800,1.005,5.040,0.875,いいえ,いいえ,いいえ,40.8,1.095,1.110,1.815,1.815,1.005,5.040,0.750,いいえ,いいえ,いいえ,37,37,いいえ,はい,15388,14038,128,128,34,100.0,いいえ,いいえ,3868,2528,9990,38,38,46,100.0,100.0,いいえ,いいえ,7031,7744,0.0,0.1,0.1,0.000,0.012,1385,1005,0.0,0.0,0.0,0.000,0.000,181182,133153,0.0,0.0,0.0,0.000,0.036,66267,77378,63.7,0.720,50.000,600.0,2400.0,1200.0,100.0,0.0,0.0,0.0,0.0,0.0,0.0,0.0,0.0,125,2,16.0,86,いいえ,いいえ,いいえ,39.5,44.0,49.1,84.0,0.865,12.302,12.313,12.258,12.328,12.311,0,0,10.200,4.589,2.177,0.246,7.771,2.305,0.123,7.901,8.034,8.152,220.000,220.000,210.0,50.6,1185.0,210.0,1290.0,210.1,50.5,1413.4,4.0,6.0,2.0,0.0,10.1,0.7,1.0,0.0,1.9,0.0,0,0,はい,いいえ,いいえ,いいえ,いいえ,はい,いいえ,4.6,4.9,0,0,0,0,0,0,0,0,0,0,0,0,0,0,0,0,0,0,0,0,0,0,0,0,0,0,0,0,0,0,11042,1240,962,109,2.5,2.7,17.2,0.7,0.7,0.7,0.7,1.2,6.8,0.7,0.7,0.7,0.7,366.03,1396.78,58.21,58.05,1447.86,1447.86,3.06,44.10,365.93,0.10,49.57,0,0,0.0,0.0,44253,38767,164.8,215.9,0,
19.7.2026,0:41:4.677,21050,12861,62.0,17230,14633,54.0,1.0,2048,20,1.113,1.075,1.140,1.120,1.125,1.115,1.105,4762.2,4716.5,4791.4,4766.4,4766.4,4791.4,4741.4,99.8,4700.4,4714.4,4698.5,4698.1,4699.1,4698.4,4698.8,4699.3,4699.2,4699.8,4699.8,4699.7,4699.1,4700.4,100.0,100.0,100.0,100.0,100.0,100.0,100.0,100.0,100.0,100.0,100.0,100.0,100.0,100.0,100.0,123.9,123.9,123.9,123.9,123.9,123.9,123.9,123.9,123.9,123.9,123.9,123.9,123.9,123.9,47.7,47.2,48.0,47.8,47.8,48.0,47.5,0.0,100.0,100.0,100.0,100.0,100.0,100.0,100.0,0.0,0.0,0.0,0.0,0.0,0.0,0.0,0.0,0.0,0.0,0.0,0.0,0.0,0.0,2395.7,24.00,40,39,39,77,116,708,1,85.9,85.0,84.9,81.7,77.1,82.6,84.5,84.4,78.6,83.3,64.1,64.1,69.0,61.8,43.3,42.0,45.0,1.083,1.015,1.100,42.210,7.991,42.207,50.500,5.443,66.909,7.044,6.744,7.140,7.114,7.226,6.956,7.083,45.727,8.111,59.826,65.426,1996.4,2395.7,4724.7,4724.7,4749.2,74.3,56.3,33.7,74.3,100.0,いいえ,いいえ,いいえ,9.890,2.587,6.0,38.0,85.9,40.0,85.0,1.096,12.197,3.456,3.328,5.040,1.072,1.048,3.456,3.328,1.808,1.024,1.120,1.040,1.808,1.104,0.784,1.824,0.248,2027,いいえ,55.6,41.2,1.095,1.110,1.815,1.800,1.005,5.040,0.500,いいえ,いいえ,いいえ,40.8,1.095,1.110,1.815,1.800,1.005,5.040,0.875,いいえ,いいえ,いいえ,37,37,いいえ,はい,15388,14038,128,128,34,100.0,いいえ,いいえ,3868,2528,9990,38,38,46,100.0,100.0,いいえ,いいえ,7031,7744,0.0,0.0,0.0,0.000,0.004,1385,1005,0.0,0.0,0.0,0.000,0.000,181182,133153,0.0,0.0,0.0,0.008,0.147,66267,77379,63.8,0.720,44.000,600.0,2400.0,1200.0,100.0,0.0,0.0,0.0,0.0,0.0,0.0,0.0,0.0,125,2,16.0,86,いいえ,いいえ,いいえ,39.5,44.0,49.3,84.0,0.865,12.302,12.312,12.257,12.328,12.311,0,0,10.235,4.617,2.335,0.246,7.759,2.453,0.123,7.886,8.013,8.121,220.000,220.000,210.0,50.6,1185.0,210.0,1290.0,210.0,50.5,1412.8,2.0,6.0,1.0,0.0,10.1,0.6,0.7,0.0,1.7,0.0,0,0,はい,いいえ,いいえ,いいえ,いいえ,はい,いいえ,4.6,4.9,0,0,0,0,0,0,0,0,0,0,0,0,0,0,0,0,0,0,0,0,0,0,0,0,0,0,0,0,0,0,11042,1240,962,109,2.5,1.7,1.7,1.7,1.7,1.7,1.7,0.0,0.0,0.0,0.0,0.0,0.0,584.69,584.69,584.69,584.69,584.69,584.69,5.28,77.84,584.59,0.10,0.00,0,0,0.0,0.0,44253,38767,6.9,177.6,0,
19.7.2026,0:41:6.671,21050,12861,62.0,17238,14624,54.1,1.0,2048,20,1.093,1.100,1.130,1.110,1.090,1.075,1.050,4737.3,4766.4,4766.4,4741.4,4741.4,4716.5,4691.5,99.8,4688.9,4704.0,4687.8,4686.9,4688.0,4687.0,4688.0,4688.1,4687.9,4687.0,4687.5,4687.0,4687.4,4688.9,100.0,100.0,100.0,100.0,100.0,100.0,100.0,100.0,100.0,100.0,100.0,100.0,100.0,100.0,100.0,123.6,123.6,123.6,123.6,123.6,123.6,123.6,123.6,123.6,123.6,123.6,123.6,123.6,123.6,47.5,47.8,47.8,47.5,47.5,47.2,47.0,0.0,100.0,100.0,100.0,100.0,100.0,100.0,100.0,0.0,0.0,0.0,0.0,0.0,0.0,0.0,0.0,0.0,0.0,0.0,0.0,0.0,0.0,2395.7,24.00,40,39,39,77,116,708,1,85.9,85.0,85.8,81.7,77.2,82.5,84.6,84.3,78.5,83.3,64.0,64.0,68.0,61.2,43.4,42.0,45.0,1.076,1.015,1.100,42.171,7.970,42.171,50.000,5.461,66.525,7.027,6.742,7.101,7.144,7.193,6.919,7.062,45.411,8.090,59.508,65.094,1996.4,2395.7,4714.1,4714.1,4738.6,74.0,56.2,33.3,74.0,100.0,いいえ,いいえ,いいえ,9.436,2.967,6.0,38.0,85.9,40.0,85.0,1.056,12.197,3.456,3.328,5.040,1.072,1.048,3.456,3.328,1.808,1.024,1.120,1.040,1.808,1.104,0.784,1.824,0.248,2008,いいえ,55.6,41.2,1.095,1.110,1.815,1.800,1.005,5.040,0.750,いいえ,いいえ,いいえ,40.8,1.095,1.110,1.815,1.800,1.005,4.970,0.625,いいえ,いいえ,いいえ,37,37,いいえ,はい,15388,14038,128,128,34,100.0,いいえ,いいえ,3868,2528,9990,39,39,46,100.0,100.0,いいえ,いいえ,7031,7744,0.0,0.0,0.0,0.000,0.002,1385,1005,0.0,0.0,0.0,0.000,0.000,181182,133153,0.0,0.0,0.0,0.000,0.076,66267,77379,63.8,0.720,46.000,600.0,2400.0,1200.0,100.0,0.0,0.0,0.0,0.0,0.0,0.0,0.0,0.0,125,2,16.0,86,いいえ,いいえ,いいえ,39.5,44.0,49.2,84.0,0.865,12.302,12.312,12.256,12.328,12.311,0,0,10.474,4.623,2.280,0.246,7.783,2.404,0.123,7.923,8.081,8.148,220.000,220.000,210.0,50.6,1185.0,210.0,1290.0,210.0,50.5,1413.7,4.0,7.0,3.0,0.0,10.1,0.7,1.0,0.0,1.8,0.0,0,0,はい,いいえ,いいえ,いいえ,いいえ,はい,いいえ,4.6,4.9,0,0,0,0,0,0,0,0,0,0,0,0,0,0,0,0,0,0,0,0,0,0,0,0,0,0,0,0,0,0,11042,1240,962,109,2.5,1.0,1.0,1.0,1.0,1.0,1.0,0.0,0.0,0.0,0.0,0.0,0.0,1033.04,1033.04,1033.04,1033.04,1033.04,1033.04,5.82,78.32,1032.94,0.09,0.00,0,0,0.0,0.0,44253,38767,6.2,128.8,0,
19.7.2026,0:41:8.669,21065,12846,62.1,17241,14622,54.1,1.0,2048,20,1.092,1.090,1.090,1.120,1.105,1.080,1.065,4741.4,4766.4,4766.4,4716.5,4766.4,4691.5,4741.4,99.8,4672.8,4687.5,4669.6,4671.4,4671.9,4670.9,4671.7,4671.7,4671.9,4671.9,4672.1,4671.9,4671.1,4672.8,100.0,100.0,99.9,100.0,100.0,100.0,100.0,100.0,100.0,100.0,100.0,100.0,100.0,100.0,100.0,123.2,123.2,123.1,123.2,123.2,123.2,123.2,123.2,123.2,123.2,123.2,123.2,123.2,123.2,47.5,47.8,47.8,47.2,47.8,47.0,47.5,0.0,100.0,100.0,100.0,100.0,100.0,100.0,100.0,0.0,0.0,0.0,0.0,0.0,0.0,0.0,0.0,0.0,0.0,0.0,0.0,0.0,0.0,2395.7,24.00,40,39,39,77,116,708,1,85.8,85.0,84.9,81.8,77.1,82.6,84.7,84.3,78.7,83.6,63.9,63.9,68.8,61.7,43.5,42.0,45.0,1.067,1.015,1.100,42.276,7.974,42.274,53.500,5.425,66.182,7.005,6.677,7.081,7.125,7.119,6.937,7.092,45.118,8.094,59.178,64.700,1996.4,2395.7,4697.6,4697.6,4721.6,73.5,56.4,35.7,73.5,100.0,いいえ,いいえ,いいえ,8.208,2.955,6.0,38.0,85.9,40.0,85.0,1.088,12.197,3.456,3.328,5.040,1.072,1.048,3.456,3.328,1.808,1.024,1.120,1.040,1.808,1.104,0.784,1.824,0.248,2011,いいえ,55.6,41.5,1.110,1.110,1.815,1.800,1.005,5.040,0.750,いいえ,いいえ,いいえ,40.8,1.110,1.110,1.815,1.800,1.005,5.040,0.625,いいえ,いいえ,いいえ,37,37,いいえ,はい,15388,14038,128,128,34,100.0,いいえ,いいえ,3868,2528,9990,38,38,46,100.0,100.0,いいえ,いいえ,7031,7744,0.0,0.1,0.1,0.000,0.010,1385,1005,0.0,0.0,0.0,0.000,0.000,181182,133153,0.0,0.1,0.1,0.000,0.058,66267,77379,63.9,0.720,45.000,600.0,2400.0,1200.0,100.0,0.0,0.0,0.0,0.0,0.0,0.0,0.0,0.0,125,2,16.0,86,いいえ,いいえ,いいえ,39.5,44.0,49.3,84.0,0.865,12.303,12.312,12.259,12.328,12.312,0,0,10.262,4.828,2.290,0.246,7.772,2.416,0.123,7.904,9.729,8.145,220.000,220.000,210.0,50.6,1185.0,210.0,1290.0,210.0,50.5,1413.8,2.0,6.0,1.0,0.0,10.1,0.7,1.0,0.0,1.9,0.0,0,0,はい,いいえ,いいえ,いいえ,いいえ,はい,いいえ,4.6,5.2,0,0,0,0,0,0,0,0,0,0,0,0,0,0,0,0,0,0,0,0,0,0,0,0,0,0,0,0,0,0,11042,1240,962,109,2.5,2.7,8.4,1.2,1.2,1.2,1.2,1.0,1.0,1.0,1.0,1.0,1.0,366.41,820.50,119.02,118.52,834.25,834.25,4.42,51.23,366.30,0.12,151.37,0,0,0.0,0.0,44253,38768,6.6,278.5,0,
19.7.2026,0:41:10.668,21054,12857,62.0,17247,14616,54.1,1.0,2048,20,1.083,1.075,1.090,1.090,1.075,1.090,1.075,4712.3,4691.5,4716.5,4716.5,4716.5,4741.4,4691.5,99.8,4688.6,4703.1,4687.6,4687.1,4687.5,4686.9,4687.1,4687.4,4687.5,4687.5,4686.9,4687.0,4687.4,4688.6,100.0,99.9,100.0,100.0,100.0,100.0,100.0,100.0,100.0,100.0,100.0,100.0,100.0,100.0,100.0,123.6,123.5,123.6,123.6,123.6,123.6,123.6,123.6,123.6,123.6,123.6,123.6,123.6,123.6,47.2,47.0,47.2,47.2,47.2,47.5,47.0,0.0,100.0,100.0,100.0,100.0,100.0,100.0,100.0,0.0,0.0,0.0,0.0,0.0,0.0,0.0,0.0,0.0,0.0,0.0,0.0,0.0,0.0,2395.7,24.00,40,39,39,77,116,708,1,85.9,85.0,85.2,81.8,76.9,82.5,84.5,84.4,78.6,83.6,64.0,64.0,69.2,61.8,43.5,42.0,45.0,1.076,1.015,1.100,42.045,8.044,42.050,52.500,5.446,66.535,7.020,6.696,7.098,7.106,7.169,6.934,7.118,45.273,8.164,59.429,65.042,1996.4,2395.7,4713.7,4713.7,4738.4,73.9,56.1,35.0,73.9,100.0,いいえ,いいえ,いいえ,9.523,3.333,6.0,38.0,85.9,40.0,85.0,1.136,12.197,3.456,3.328,5.040,1.072,1.048,3.456,3.328,1.808,1.024,1.120,1.040,1.792,1.104,0.784,1.824,0.248,2020,いいえ,55.6,41.5,1.110,1.110,1.815,1.800,1.005,5.040,0.625,いいえ,いいえ,いいえ,40.8,1.110,1.110,1.815,1.800,1.005,5.040,1.250,いいえ,いいえ,いいえ,37,37,いいえ,はい,15388,14038,128,128,34,100.0,いいえ,いいえ,3868,2528,9990,38,38,46,100.0,100.0,いいえ,いいえ,7031,7744,0.0,0.0,0.0,0.000,0.002,1385,1005,0.0,0.0,0.0,0.000,0.000,181182,133153,0.0,0.0,0.0,0.000,0.006,66267,77379,64.0,0.720,48.000,600.0,2400.0,1200.0,100.0,0.0,0.0,0.0,0.0,0.0,0.0,0.0,0.0,125,2,16.0,86,いいえ,いいえ,いいえ,39.5,44.0,49.3,84.0,0.865,12.306,12.316,12.261,12.331,12.314,0,0,10.402,4.761,2.744,0.320,7.823,2.910,0.160,7.991,8.027,8.115,220.000,220.000,210.0,50.6,1185.0,210.0,1290.0,210.0,50.5,1413.7,4.0,7.0,2.0,0.0,10.1,0.6,0.9,0.0,1.6,0.0,0,0,はい,いいえ,いいえ,いいえ,いいえ,はい,いいえ,4.9,5.3,0,0,0,0,0,0,0,0,0,0,0,0,0,0,0,0,0,0,0,0,0,0,0,0,0,0,0,0,0,0,11042,1240,962,109,2.5,5.8,17.3,2.3,2.2,2.2,2.2,0.0,0.0,0.0,0.0,0.0,0.0,172.40,438.93,57.69,57.54,448.79,448.79,1.95,19.60,172.30,0.10,0.00,0,0,0.0,0.0,44253,38768,6.3,212.9,0,
19.7.2026,0:41:12.679,21064,12847,62.1,17250,14613,54.1,1.0,2048,20,1.076,1.050,1.105,1.060,1.060,1.090,1.090,4699.9,4641.6,4741.4,4666.6,4716.5,4716.5,4716.5,99.8,4707.5,4722.1,4706.2,4706.3,4706.2,4705.6,4706.1,4706.3,4706.3,4706.3,4706.4,4706.4,4706.4,4707.5,100.0,100.0,100.0,100.0,100.0,100.0,100.0,100.0,100.0,100.0,100.0,100.0,100.0,100.0,100.0,124.1,124.1,124.1,124.1,124.1,124.1,124.1,124.1,124.1,124.1,124.1,124.1,124.1,124.1,47.1,46.5,47.5,46.8,47.2,47.2,47.2,0.0,100.0,100.0,100.0,100.0,100.0,100.0,100.0,0.0,0.0,0.0,0.0,0.0,0.0,0.0,0.0,0.0,0.0,0.0,0.0,0.0,0.0,2395.7,24.00,40,39,39,77,116,708,1,85.9,85.0,84.8,81.5,76.4,82.1,84.6,84.4,78.2,83.3,64.2,64.2,69.2,61.9,43.5,42.0,45.0,1.087,1.015,1.100,41.670,8.143,41.670,52.500,5.423,66.625,7.098,6.832,7.284,7.223,7.234,6.904,7.111,45.328,8.265,59.558,65.170,1996.4,2395.7,4732.2,4732.2,4756.0,74.1,55.6,35.0,74.1,100.0,いいえ,いいえ,いいえ,9.770,3.146,6.0,38.0,85.9,40.0,85.0,1.096,12.197,3.456,3.328,5.040,1.072,1.048,3.456,3.328,1.808,1.024,1.120,1.040,1.808,1.104,0.784,1.824,0.248,2017,いいえ,56.5,41.5,1.110,1.110,1.815,1.800,1.005,5.040,0.750,いいえ,いいえ,いいえ,40.8,1.110,1.110,1.815,1.800,1.005,5.040,0.875,いいえ,いいえ,いいえ,37,37,いいえ,はい,15388,14038,128,128,34,100.0,いいえ,いいえ,3868,2528,9990,38,38,46,100.0,100.0,いいえ,いいえ,7031,7744,0.0,0.1,0.1,0.000,0.008,1385,1005,0.0,0.0,0.0,0.000,0.000,181182,133153,0.0,0.4,0.4,0.008,3.262,66267,77385,64.0,0.720,45.000,600.0,2400.0,1200.0,100.0,0.0,0.0,0.0,0.0,0.0,0.0,0.0,0.0,125,2,16.0,86,いいえ,いいえ,いいえ,39.5,44.0,49.2,84.0,0.865,12.307,12.317,12.263,12.332,12.315,0,0,10.283,4.666,2.461,0.271,7.775,2.602,0.135,7.925,8.016,8.139,220.000,220.000,210.0,50.6,1185.0,210.0,1290.0,210.0,50.5,1413.6,3.0,6.0,1.0,0.0,10.1,0.6,0.7,0.0,1.5,0.0,0,0,はい,いいえ,いいえ,いいえ,いいえ,はい,いいえ,4.7,5.2,0,0,0,0,0,0,0,0,0,0,0,0,0,0,0,0,0,0,0,0,0,0,0,0,0,0,0,0,0,0,11042,1240,962,109,2.5,5.8,17.3,2.3,2.2,2.2,2.2,0.0,0.0,0.0,0.0,0.0,0.0,172.40,438.93,57.69,57.54,448.79,448.79,1.95,19.60,172.30,0.10,0.00,0,0,0.0,0.0,44253,38769,6.3,150.4,0,
19.7.2026,0:41:14.674,21055,12856,62.0,17246,14617,54.1,1.0,2048,20,1.111,1.090,1.120,1.095,1.115,1.120,1.125,4749.8,4716.5,4741.4,4741.4,4741.4,4791.4,4766.4,99.8,4693.0,4707.4,4691.8,4691.5,4691.5,4691.3,4690.3,4691.3,4691.9,4692.1,4692.2,4692.1,4692.1,4693.0,100.0,100.0,100.0,100.0,100.0,100.0,100.0,100.0,100.0,100.0,100.0,100.0,100.0,100.0,100.0,123.7,123.7,123.7,123.7,123.7,123.7,123.7,123.7,123.7,123.7,123.7,123.7,123.7,123.7,47.6,47.2,47.5,47.5,47.5,48.0,47.8,0.0,100.0,100.0,100.0,100.0,100.0,100.0,100.0,0.0,0.0,0.0,0.0,0.0,0.0,0.0,0.0,0.0,0.0,0.0,0.0,0.0,0.0,2395.7,24.00,40,39,39,77,116,708,1,85.9,85.0,85.4,81.6,76.8,82.4,84.5,84.3,78.3,83.2,64.1,64.1,68.0,61.7,43.6,42.0,45.0,1.078,1.015,1.100,41.730,8.088,41.729,51.000,5.419,66.191,6.965,6.666,7.069,7.053,7.145,6.882,6.978,45.007,8.210,59.178,64.747,1996.4,2395.7,4717.3,4717.3,4741.5,73.6,55.6,34.0,73.6,100.0,いいえ,いいえ,いいえ,9.280,2.662,6.0,38.0,85.9,40.0,85.0,1.080,12.197,3.456,3.328,5.040,1.072,1.048,3.456,3.328,1.808,1.024,1.120,1.040,1.808,1.104,0.784,1.824,0.248,2027,いいえ,56.5,41.5,1.110,1.110,1.815,1.800,1.005,5.040,1.000,いいえ,いいえ,いいえ,40.8,1.110,1.110,1.815,1.800,1.005,5.040,0.875,いいえ,いいえ,いいえ,37,37,いいえ,はい,15388,14038,128,128,34,100.0,いいえ,いいえ,3868,2528,9990,38,38,46,100.0,100.0,いいえ,いいえ,7031,7744,0.0,0.0,0.0,0.000,0.002,1385,1005,0.0,0.0,0.0,0.000,0.000,181182,133153,0.0,0.5,0.5,0.000,1.977,66267,77389,64.1,0.720,41.000,600.0,2400.0,1200.0,100.0,0.0,0.0,0.0,0.0,0.0,0.0,0.0,0.0,125,2,16.0,86,いいえ,いいえ,いいえ,39.5,44.0,49.2,84.0,0.865,12.310,12.320,12.268,12.335,12.319,0,0,10.154,4.655,2.391,0.271,7.803,2.529,0.136,7.941,8.014,8.152,220.000,220.000,210.0,50.6,1185.0,210.0,1290.0,210.0,50.5,1413.3,3.0,6.0,3.0,0.0,10.1,0.4,0.6,0.0,1.1,0.0,0,0,はい,いいえ,いいえ,いいえ,いいえ,はい,いいえ,4.8,5.7,0,0,0,0,0,0,0,0,0,0,0,0,0,0,0,0,0,0,0,0,0,0,0,0,0,0,0,0,0,0,11042,1240,962,109,2.5,12.0,17.4,8.4,8.4,8.4,8.4,2.2,23.9,1.1,1.1,1.1,1.1,83.08,119.61,57.42,57.11,119.62,119.62,0.59,0.01,82.99,0.10,89.34,0,0,0.0,0.0,44253,38769,7.3,118.4,0,
19.7.2026,0:41:16.679,21059,12852,62.1,17251,14611,54.1,1.0,2048,20,1.059,1.075,1.045,1.045,1.070,1.060,1.060,4683.2,4666.6,4666.6,4666.6,4716.5,4716.5,4666.6,99.8,4678.6,4693.3,4677.2,4677.4,4677.3,4676.9,4677.3,4677.5,4677.3,4677.1,4677.5,4677.3,4677.3,4678.6,100.0,100.0,100.0,100.0,100.0,100.0,100.0,100.0,100.0,100.0,100.0,100.0,100.0,100.0,100.0,123.3,123.3,123.3,123.3,123.3,123.3,123.3,123.3,123.3,123.3,123.3,123.3,123.3,123.3,46.9,46.8,46.8,46.8,47.2,47.2,46.8,0.0,100.0,100.0,100.0,100.0,100.0,100.0,100.0,0.0,0.0,0.0,0.0,0.0,0.0,0.0,0.0,0.0,0.0,0.0,0.0,0.0,0.0,2395.7,24.00,40,39,39,77,116,708,1,85.8,85.0,85.4,81.7,77.0,82.4,84.6,84.1,78.7,83.3,64.1,64.1,68.5,62.0,43.6,42.0,45.0,1.070,1.015,1.100,41.791,8.022,41.789,50.500,5.429,65.879,6.933,6.612,6.971,7.069,7.040,6.908,6.997,44.757,8.142,58.871,64.396,1996.4,2395.7,4703.9,4703.9,4727.7,73.2,55.7,33.7,73.2,100.0,いいえ,いいえ,いいえ,8.496,2.464,6.0,38.0,85.8,40.0,85.0,1.112,12.197,3.456,3.328,5.040,1.072,1.048,3.440,3.328,1.808,1.024,1.120,1.040,1.792,1.104,0.784,1.824,0.248,2020,いいえ,56.5,41.5,1.110,1.110,1.815,1.800,1.005,5.040,0.875,いいえ,いいえ,いいえ,41.0,1.110,1.110,1.815,1.800,1.005,5.040,0.750,いいえ,いいえ,いいえ,37,37,いいえ,はい,15388,14038,128,128,34,100.0,いいえ,いいえ,3868,2528,9990,39,39,46,100.0,100.0,いいえ,いいえ,7031,7744,0.0,0.0,0.0,0.000,0.004,1385,1005,0.0,0.0,0.0,0.000,0.000,181182,133153,0.0,0.0,0.0,0.000,0.010,66267,77389,64.0,0.720,37.000,600.0,2400.0,1200.0,100.0,0.0,0.0,0.0,0.0,0.0,0.0,0.0,0.0,125,2,16.0,86,いいえ,いいえ,いいえ,39.6,44.0,49.3,84.0,0.865,12.313,12.323,12.270,12.337,12.321,0,0,10.214,5.013,3.537,0.370,7.865,3.726,0.185,8.055,8.024,8.342,220.000,220.000,210.0,50.6,1185.0,210.0,1290.0,210.0,50.5,1413.5,10.0,7.0,4.0,0.0,10.1,1.5,2.4,0.0,3.8,0.0,0,0,はい,いいえ,いいえ,いいえ,いいえ,はい,いいえ,5.3,5.5,0,0,0,0,0,0,0,0,0,0,0,0,0,0,0,0,0,0,0,0,0,0,0,0,0,0,0,0,0,0,11042,1240,962,110,2.5,60.2,62.5,58.4,58.3,58.3,58.3,60.0,60.1,59.9,59.9,59.9,59.9,16.61,17.13,15.99,15.97,17.16,17.16,1.99,13.68,16.61,0.00,0.22,0,0,0.0,0.0,44253,38769,12.0,284.5,0,
19.7.2026,0:41:18.672,21059,12852,62.0,17248,14615,54.1,1.0,2048,20,1.047,1.090,1.035,1.035,1.025,1.035,1.060,4658.3,4741.4,4641.6,4641.6,4641.6,4641.6,4641.6,99.8,4691.4,4706.4,4689.9,4690.6,4690.6,4689.8,4690.4,4690.2,4690.6,4689.8,4689.4,4689.3,4689.5,4691.4,100.0,100.0,100.0,100.0,100.0,100.0,100.0,100.0,100.0,100.0,100.0,100.0,100.0,100.0,100.0,123.7,123.7,123.7,123.7,123.7,123.7,123.7,123.7,123.7,123.7,123.7,123.7,123.7,123.7,46.7,47.5,46.5,46.5,46.5,46.5,46.5,0.0,100.0,100.0,100.0,100.0,100.0,100.0,100.0,0.0,0.0,0.0,0.0,0.0,0.0,0.0,0.0,0.0,0.0,0.0,0.0,0.0,0.0,2395.7,24.00,40,39,39,77,116,708,1,85.9,85.0,84.9,81.6,76.7,82.5,84.4,84.3,78.6,83.5,64.2,64.2,68.8,61.9,43.7,42.0,45.0,1.078,1.015,1.100,41.877,8.245,41.877,48.500,5.433,66.559,7.002,6.639,7.080,7.061,7.191,6.940,7.101,45.171,8.369,59.516,65.102,1996.4,2395.7,4717.1,4717.1,4741.0,74.0,55.8,32.3,74.0,100.0,いいえ,いいえ,いいえ,9.443,2.885,6.0,38.0,85.9,40.0,85.0,1.128,12.197,3.456,3.328,5.040,1.072,1.048,3.440,3.328,1.808,1.024,1.120,1.040,1.792,1.104,0.784,1.824,0.248,2030,いいえ,56.5,41.5,1.110,1.110,1.815,1.800,1.005,5.040,1.000,いいえ,いいえ,いいえ,41.0,1.110,1.110,1.815,1.800,1.005,5.040,0.750,いいえ,いいえ,いいえ,37,37,いいえ,はい,15388,14038,128,128,34,100.0,いいえ,いいえ,3868,2528,9990,38,38,46,100.0,100.0,いいえ,いいえ,7031,7744,0.0,0.1,0.1,0.000,0.010,1385,1005,0.0,0.0,0.0,0.000,0.000,181182,133153,0.0,0.1,0.1,0.000,0.022,66267,77389,64.1,0.720,42.000,600.0,2400.0,1200.0,100.0,0.0,0.0,0.0,0.0,0.0,0.0,0.0,0.0,125,2,16.0,86,いいえ,いいえ,いいえ,39.6,44.0,49.3,84.0,0.865,12.311,12.318,12.270,12.337,12.320,0,0,10.898,4.835,3.000,0.320,7.816,3.158,0.160,7.984,8.019,8.222,220.000,220.000,210.0,50.6,1185.0,210.0,1290.0,209.9,50.5,1413.7,9.0,8.0,3.0,0.0,10.1,2.4,3.4,0.0,6.1,0.0,0,0,はい,いいえ,いいえ,いいえ,いいえ,はい,いいえ,5.0,5.6,0,0,0,0,0,0,0,0,0,0,0,0,0,0,0,0,0,0,0,0,0,0,0,0,0,0,0,0,0,0,11042,1240,963,112,2.5,1.1,1.1,1.1,1.1,1.1,1.1,0.0,0.0,0.0,0.0,0.0,0.0,896.20,896.20,896.20,896.20,896.20,896.20,134.88,715.32,896.09,0.11,0.00,0,0,0.0,0.0,44253,38771,14.0,733.6,0,
19.7.2026,0:41:20.679,21064,12847,62.1,17263,14600,54.1,1.0,2048,20,1.103,1.105,1.090,1.105,1.115,1.120,1.080,4762.2,4766.4,4766.4,4741.4,4791.4,4766.4,4741.4,99.8,4669.1,4683.4,4667.0,4667.7,4666.4,4666.9,4667.2,4668.1,4668.2,4668.5,4668.7,4668.3,4668.4,4669.1,100.0,100.0,100.0,100.0,100.0,100.0,100.0,100.0,100.0,100.0,100.0,100.0,100.0,100.0,100.0,123.1,123.0,123.1,123.1,123.0,123.1,123.1,123.1,123.1,123.1,123.1,123.1,123.1,123.1,47.7,47.8,47.8,47.5,48.0,47.8,47.5,0.0,100.0,100.0,100.0,100.0,100.0,100.0,100.0,0.0,0.0,0.0,0.0,0.0,0.0,0.0,0.0,0.0,0.0,0.0,0.0,0.0,0.0,2395.7,24.00,40,39,39,77,116,708,1,85.8,85.0,86.8,81.7,76.7,82.4,84.6,84.5,78.6,83.3,64.2,64.2,68.0,61.6,43.8,42.0,45.0,1.064,1.015,1.100,42.011,7.983,42.004,48.500,5.406,65.645,6.974,6.589,7.039,7.106,7.201,6.909,6.998,44.725,8.103,58.774,64.236,1996.4,2395.7,4693.3,4693.3,4716.3,73.0,56.0,32.3,73.0,100.0,いいえ,いいえ,いいえ,7.595,2.387,6.0,38.0,85.8,40.0,85.0,1.080,12.197,3.456,3.328,5.040,1.072,1.048,3.440,3.328,1.808,1.024,1.120,1.040,1.808,1.104,0.784,1.824,0.248,2027,いいえ,56.5,41.5,1.095,1.110,1.815,1.800,1.005,5.040,0.875,いいえ,いいえ,いいえ,41.0,1.110,1.110,1.815,1.800,1.005,5.040,0.875,いいえ,いいえ,いいえ,37,37,いいえ,はい,15388,14038,128,128,34,100.0,いいえ,いいえ,3868,2528,9990,38,38,46,100.0,100.0,いいえ,いいえ,7031,7744,0.0,0.0,0.0,0.000,0.004,1385,1005,0.0,0.0,0.0,0.000,0.000,181182,133153,0.1,0.0,0.1,0.065,0.002,66267,77389,64.2,0.720,38.000,600.0,2400.0,1200.0,100.0,0.0,0.0,0.0,0.0,0.0,0.0,0.0,0.0,125,2,16.0,86,いいえ,いいえ,いいえ,39.5,44.0,49.2,84.0,0.865,12.304,12.312,12.260,12.331,12.314,0,0,10.284,4.477,1.858,0.197,7.736,1.948,0.099,7.831,8.027,8.124,220.000,220.000,210.0,50.6,1185.0,210.0,1290.0,210.1,50.5,1413.4,8.0,8.0,3.0,0.0,10.1,1.2,2.0,0.0,3.0,0.0,0,0,はい,いいえ,いいえ,いいえ,いいえ,はい,いいえ,4.4,4.9,0,0,0,0,0,0,0,0,0,0,0,0,0,0,0,0,0,0,0,0,0,0,0,0,0,0,0,0,0,0,11042,1240,963,112,2.5,1.3,1.3,1.3,1.3,1.3,1.3,1.3,1.3,1.3,1.3,1.3,1.3,758.21,758.21,758.21,758.21,758.21,758.21,6.18,757.56,757.80,0.42,231.72,0,0,0.0,0.0,44253,38772,12.2,448.6,0,
19.7.2026,0:41:22.667,21056,12855,62.0,17263,14600,54.1,1.0,2048,20,1.067,1.025,1.075,1.075,1.075,1.075,1.075,4708.2,4666.6,4716.5,4716.5,4691.5,4716.5,4741.4,99.8,4669.8,4684.4,4668.9,4668.8,4668.8,4667.7,4668.6,4668.6,4668.5,4668.4,4668.2,4668.1,4668.2,4669.8,100.0,100.0,100.0,100.0,100.0,100.0,100.0,100.0,100.0,100.0,100.0,100.0,100.0,100.0,100.0,123.1,123.1,123.1,123.1,123.1,123.1,123.1,123.1,123.1,123.1,123.1,123.1,123.1,123.1,47.2,46.8,47.2,47.2,47.0,47.2,47.5,0.0,100.0,100.0,100.0,100.0,100.0,100.0,100.0,0.0,0.0,0.0,0.0,0.0,0.0,0.0,0.0,0.0,0.0,0.0,0.0,0.0,0.0,2395.7,24.00,40,39,39,77,116,708,1,85.8,85.0,84.4,81.6,76.7,82.2,84.6,84.4,78.4,83.4,64.2,64.2,68.5,61.9,43.8,42.0,45.0,1.065,1.015,1.100,42.125,8.019,42.130,50.000,5.395,65.971,7.001,6.646,7.004,7.183,7.223,6.899,7.051,44.880,8.139,58.954,64.449,1996.4,2395.7,4694.4,4694.4,4717.5,73.2,56.2,33.3,73.2,100.0,いいえ,いいえ,いいえ,7.899,2.383,6.0,38.0,85.8,40.0,85.0,1.128,12.197,3.456,3.328,5.040,1.072,1.048,3.440,3.328,1.808,1.024,1.120,1.040,1.808,1.104,0.784,1.824,0.248,2036,いいえ,56.5,41.8,1.095,1.110,1.815,1.800,1.005,5.040,0.750,いいえ,いいえ,いいえ,41.0,1.095,1.110,1.815,1.800,1.005,5.040,1.125,いいえ,いいえ,いいえ,37,37,いいえ,はい,15388,14038,128,128,34,100.0,いいえ,いいえ,3868,2528,9990,38,38,46,100.0,100.0,いいえ,いいえ,7031,7744,0.0,0.0,0.0,0.000,0.006,1385,1005,0.0,0.0,0.0,0.000,0.000,181182,133153,0.0,0.0,0.0,0.000,0.008,66267,77389,64.2,0.720,44.000,600.0,2400.0,1200.0,100.0,0.0,0.0,0.0,0.0,0.0,0.0,0.0,0.0,125,2,16.0,86,いいえ,いいえ,いいえ,39.6,44.0,49.2,84.0,0.865,12.308,12.317,12.266,12.334,12.317,0,0,10.723,4.836,3.040,0.296,7.850,3.194,0.148,8.006,8.024,8.131,220.000,220.000,210.0,50.6,1185.0,210.0,1290.0,210.0,50.5,1413.2,8.0,7.0,3.0,0.0,10.1,1.2,1.6,0.0,3.0,0.0,0,0,はい,いいえ,いいえ,いいえ,いいえ,はい,いいえ,5.0,5.3,0,0,0,0,0,0,0,0,0,0,0,0,0,0,0,0,0,0,0,0,0,0,0,0,0,0,0,0,0,0,11042,1240,963,112,2.5,1.0,1.0,1.0,1.0,1.0,1.0,1.0,1.0,1.0,1.0,1.0,1.0,995.86,995.86,995.86,995.86,995.86,995.86,15.18,980.30,995.86,0.00,350.11,0,0,0.0,0.0,44253,38772,7.4,250.5,0,
19.7.2026,0:41:24.671,21055,12856,62.0,17262,14601,54.1,1.0,2048,20,1.075,1.060,1.090,1.075,1.085,1.070,1.070,4712.3,4691.5,4716.5,4691.5,4741.4,4716.5,4716.5,99.8,4688.6,4703.0,4687.4,4687.4,4687.4,4686.6,4687.3,4687.3,4687.3,4687.4,4687.5,4687.3,4687.2,4688.6,100.0,100.0,100.0,100.0,100.0,100.0,100.0,100.0,100.0,100.0,100.0,100.0,100.0,100.0,100.0,123.6,123.6,123.6,123.6,123.6,123.6,123.6,123.6,123.6,123.6,123.6,123.6,123.6,123.6,47.2,47.0,47.2,47.0,47.5,47.2,47.2,0.0,100.0,100.0,100.0,100.0,100.0,100.0,100.0,0.0,0.0,0.0,0.0,0.0,0.0,0.0,0.0,0.0,0.0,0.0,0.0,0.0,0.0,2395.7,24.00,40,39,39,77,116,708,1,85.8,85.0,84.9,81.7,76.7,82.3,84.5,84.4,78.6,83.6,64.3,64.3,68.2,61.9,43.9,42.0,45.0,1.076,1.015,1.100,42.045,8.084,42.050,51.500,5.398,66.400,7.018,6.624,7.036,7.114,7.211,6.970,7.153,45.248,8.206,59.391,64.932,1996.4,2395.7,4712.4,4712.4,4736.7,73.8,56.1,34.3,73.8,100.0,いいえ,いいえ,いいえ,8.905,2.167,6.0,38.0,85.8,40.0,85.0,1.120,12.197,3.456,3.328,5.040,1.072,1.048,3.440,3.328,1.808,1.024,1.120,1.032,1.808,1.104,0.784,1.824,0.248,2036,いいえ,56.5,41.8,1.095,1.110,1.815,1.800,1.005,5.040,0.875,いいえ,いいえ,いいえ,41.0,1.095,1.110,1.800,1.800,1.005,5.040,0.625,いいえ,いいえ,いいえ,37,37,いいえ,はい,15388,14038,128,128,34,100.0,いいえ,いいえ,3868,2528,9990,38,38,46,100.0,100.0,いいえ,いいえ,7031,7744,0.0,0.1,0.1,0.000,0.006,1385,1005,0.0,0.0,0.0,0.000,0.000,181182,133153,0.0,0.0,0.0,0.000,0.081,66267,77389,64.2,0.720,45.000,600.0,2400.0,1200.0,100.0,0.0,0.0,0.0,0.0,0.0,0.0,0.0,0.0,125,2,16.0,86,いいえ,いいえ,いいえ,39.5,44.0,49.2,84.0,0.865,12.312,12.319,12.269,12.338,12.321,0,0,10.648,4.516,1.945,0.197,7.791,2.048,0.099,7.899,8.024,8.127,220.000,220.000,210.0,50.6,1185.0,210.0,1290.0,210.1,50.5,1414.0,4.0,6.0,2.0,0.0,10.1,1.5,2.4,0.0,3.5,0.0,0,0,はい,いいえ,いいえ,いいえ,いいえ,はい,いいえ,4.5,5.3,0,0,0,0,0,0,0,0,0,0,0,0,0,0,0,0,0,0,0,0,0,0,0,0,0,0,0,0,0,0,11042,1240,963,111,2.5,1.0,1.0,1.0,1.0,1.0,1.0,1.0,1.0,1.0,1.0,1.0,1.0,995.86,995.86,995.86,995.86,995.86,995.86,15.18,980.30,995.86,0.00,350.11,0,0,0.0,0.0,44253,38773,11.5,444.0,0,
19.7.2026,0:41:26.678,21054,12857,62.0,17262,14601,54.1,1.0,2048,20,1.096,1.135,1.135,1.075,1.145,1.050,1.035,4741.4,4816.3,4791.4,4691.5,4841.3,4666.6,4641.6,99.8,4681.6,4695.9,4679.5,4680.4,4680.6,4679.8,4680.4,4680.2,4680.8,4680.9,4680.7,4680.1,4680.0,4681.6,100.0,100.0,100.0,100.0,100.0,100.0,100.0,100.0,100.0,100.0,100.0,100.0,100.0,100.0,100.0,123.4,123.4,123.4,123.4,123.4,123.4,123.4,123.4,123.4,123.4,123.4,123.4,123.4,123.4,47.5,48.2,48.0,47.0,48.5,46.8,46.5,0.0,100.0,100.0,100.0,100.0,100.0,100.0,100.0,0.0,0.0,0.0,0.0,0.0,0.0,0.0,0.0,0.0,0.0,0.0,0.0,0.0,0.0,2395.7,24.00,40,39,39,77,116,708,1,85.9,85.0,85.4,81.7,76.7,82.5,84.7,84.3,78.4,83.4,64.3,64.3,69.0,62.0,43.9,42.0,45.0,1.071,1.015,1.100,42.104,8.064,42.102,53.000,5.418,66.218,6.979,6.602,7.053,7.153,7.169,6.862,7.034,45.133,8.185,59.277,64.787,1996.4,2395.7,4705.5,4705.5,4729.5,73.6,56.1,35.3,73.6,100.0,いいえ,いいえ,いいえ,8.577,2.138,6.0,38.0,85.8,40.0,85.0,1.120,12.197,3.456,3.328,5.040,1.072,1.048,3.456,3.328,1.808,1.024,1.120,1.040,1.792,1.104,0.784,1.824,0.248,2027,いいえ,56.5,41.8,1.095,1.110,1.815,1.800,1.005,5.040,0.625,いいえ,いいえ,いいえ,41.0,1.095,1.110,1.815,1.800,1.005,5.040,1.375,いいえ,いいえ,いいえ,37,37,いいえ,はい,15388,14038,128,128,34,100.0,いいえ,いいえ,3868,2528,9990,38,38,46,100.0,100.0,いいえ,いいえ,7031,7744,0.0,0.1,0.1,0.000,0.004,1385,1005,0.0,0.0,0.0,0.000,0.000,181182,133153,0.0,0.0,0.0,0.000,0.102,66267,77389,64.2,0.720,46.000,600.0,2400.0,1200.0,100.0,0.0,0.0,0.0,0.0,0.0,0.0,0.0,0.0,125,2,16.0,86,いいえ,いいえ,いいえ,39.5,44.0,49.2,84.0,0.865,12.313,12.321,12.271,12.339,12.322,0,0,10.253,4.712,2.538,0.271,7.841,2.677,0.136,7.990,8.096,8.147,220.000,220.000,210.0,50.6,1185.0,210.0,1290.0,210.0,50.5,1413.5,3.0,6.0,1.0,0.0,10.1,0.6,0.9,0.0,1.7,0.0,0,0,はい,いいえ,いいえ,いいえ,いいえ,はい,いいえ,4.8,5.0,0,0,0,0,0,0,0,0,0,0,0,0,0,0,0,0,0,0,0,0,0,0,0,0,0,0,0,0,0,0,11041,1241,963,111,2.5,1.2,1.2,1.2,1.2,1.2,1.2,0.0,0.0,0.0,0.0,0.0,0.0,816.22,816.22,816.22,816.22,816.22,816.22,7.93,77.59,816.12,0.10,0.00,0,0,0.0,0.0,44253,38773,7.7,214.0,0,
19.7.2026,0:41:28.667,21054,12857,62.0,17262,14601,54.1,1.0,2048,20,1.083,1.110,1.050,1.050,1.075,1.105,1.105,4733.1,4741.4,4716.5,4716.5,4716.5,4766.4,4741.4,99.8,4679.2,4693.8,4677.9,4678.0,4678.1,4677.4,4677.9,4677.8,4677.6,4677.9,4677.9,4677.9,4677.8,4679.2,100.0,100.0,100.0,100.0,100.0,100.0,100.0,100.0,100.0,100.0,100.0,100.0,100.0,100.0,100.0,123.3,123.3,123.3,123.3,123.3,123.3,123.3,123.3,123.3,123.3,123.3,123.3,123.3,123.3,47.4,47.5,47.2,47.2,47.2,47.8,47.5,0.0,100.0,100.0,100.0,100.0,100.0,100.0,100.0,0.0,0.0,0.0,0.0,0.0,0.0,0.0,0.0,0.0,0.0,0.0,0.0,0.0,0.0,2395.7,24.00,40,39,39,77,116,708,1,85.8,85.0,86.4,81.7,76.7,82.3,84.6,84.4,78.6,83.5,64.4,64.4,69.0,62.3,43.9,42.1,45.0,1.071,1.015,1.100,42.159,7.935,42.157,52.000,5.420,66.155,6.982,6.592,6.963,7.125,7.173,6.952,7.087,45.153,8.054,59.169,64.689,1996.4,2395.7,4703.5,4703.5,4727.1,73.5,56.2,34.7,73.5,100.0,いいえ,いいえ,いいえ,8.710,2.165,6.0,38.0,85.8,40.0,85.0,1.112,12.197,3.456,3.328,5.040,1.072,1.048,3.440,3.328,1.808,1.024,1.120,1.040,1.792,1.104,0.784,1.824,0.248,2023,いいえ,56.5,41.5,1.095,1.110,1.815,1.800,0.990,5.040,0.875,いいえ,いいえ,いいえ,41.0,1.095,1.110,1.815,1.800,0.990,5.040,0.750,いいえ,いいえ,いいえ,37,37,いいえ,はい,15388,14038,128,128,34,100.0,いいえ,いいえ,3868,2528,9990,38,38,46,100.0,100.0,いいえ,いいえ,7031,7744,0.0,0.1,0.1,0.000,0.008,1385,1005,0.0,0.0,0.0,0.000,0.000,181182,133153,0.0,0.4,0.4,0.000,0.028,66267,77390,64.3,0.720,46.000,600.0,2400.0,1200.0,100.0,0.0,0.0,0.0,0.0,0.0,0.0,0.0,0.0,125,2,16.0,86,いいえ,いいえ,いいえ,39.6,44.0,49.3,84.0,0.865,12.310,12.318,12.268,12.336,12.320,0,0,10.373,4.748,2.610,0.271,7.851,2.751,0.136,7.998,8.061,8.303,220.000,220.000,210.0,50.6,1185.0,210.0,1290.0,210.0,50.5,1413.6,6.0,7.0,4.0,0.0,10.1,1.0,1.5,0.0,2.4,0.0,0,0,はい,いいえ,いいえ,いいえ,いいえ,はい,いいえ,4.8,5.4,0,0,0,0,0,0,0,0,0,0,0,0,0,0,0,0,0,0,0,0,0,0,0,0,0,0,0,0,0,0,11041,1241,963,111,2.5,1.2,1.2,1.2,1.2,1.2,1.2,0.0,0.0,0.0,0.0,0.0,0.0,816.22,816.22,816.22,816.22,816.22,816.22,7.93,77.59,816.12,0.10,0.00,0,0,0.0,0.0,44253,38774,8.1,226.2,0,
19.7.2026,0:41:30.678,21053,12858,62.0,17262,14601,54.1,1.0,2048,20,1.098,1.140,1.060,1.095,1.050,1.115,1.130,4753.9,4816.3,4766.4,4766.4,4666.6,4716.5,4791.4,99.8,4675.4,4689.9,4673.3,4673.5,4674.4,4673.2,4673.6,4674.3,4674.4,4673.9,4674.8,4674.5,4674.6,4675.4,100.0,100.0,100.0,100.0,100.0,100.0,100.0,100.0,100.0,100.0,100.0,100.0,100.0,100.0,100.0,123.2,123.2,123.2,123.2,123.2,123.2,123.2,123.2,123.2,123.2,123.2,123.2,123.2,123.2,47.6,48.2,47.8,47.8,46.8,47.2,48.0,0.0,100.0,100.0,100.0,100.0,100.0,100.0,100.0,0.0,0.0,0.0,0.0,0.0,0.0,0.0,0.0,0.0,0.0,0.0,0.0,0.0,0.0,2395.7,24.00,40,39,39,77,116,708,1,85.8,85.0,83.4,81.6,76.7,82.4,84.6,84.2,78.5,83.1,64.3,64.3,70.0,62.4,43.9,42.2,45.0,1.068,1.015,1.100,41.975,8.046,41.977,53.000,5.398,65.950,6.957,6.602,7.049,7.121,7.157,6.876,6.938,44.844,8.167,58.948,64.460,1996.4,2395.7,4699.6,4699.6,4723.5,73.2,56.0,35.3,73.2,100.0,いいえ,いいえ,いいえ,8.370,2.053,6.0,38.0,85.8,40.0,85.0,1.104,12.197,3.456,3.328,5.040,1.072,1.048,3.456,3.328,1.808,1.024,1.120,1.040,1.808,1.104,0.784,1.824,0.248,2020,いいえ,56.5,41.8,1.095,1.110,1.815,1.800,0.990,5.040,1.000,いいえ,いいえ,いいえ,41.0,1.095,1.110,1.815,1.800,0.990,4.970,0.875,いいえ,いいえ,いいえ,37,37,いいえ,はい,15388,14038,128,128,34,100.0,いいえ,いいえ,3868,2528,9990,38,38,46,100.0,100.0,いいえ,いいえ,7031,7744,0.0,0.0,0.0,0.000,0.000,1385,1005,0.0,0.0,0.0,0.000,0.000,181182,133153,0.0,0.0,0.0,0.000,0.000,66267,77390,64.3,0.720,40.000,600.0,2400.0,1200.0,100.0,0.0,0.0,0.0,0.0,0.0,0.0,0.0,0.0,125,2,16.0,86,いいえ,いいえ,いいえ,39.6,44.0,49.2,84.0,0.865,12.308,12.315,12.266,12.334,12.317,0,0,10.623,4.652,2.422,0.246,7.777,2.541,0.123,7.908,8.043,8.152,220.000,220.000,210.0,50.6,1185.0,210.0,1290.0,210.1,50.5,1413.9,17.0,10.0,6.0,0.0,10.1,1.3,2.2,0.0,3.2,0.0,0,0,はい,いいえ,いいえ,いいえ,いいえ,はい,いいえ,4.7,5.8,0,0,0,0,0,0,0,0,0,0,0,0,0,0,0,0,0,0,0,0,0,0,0,0,0,0,0,0,0,0,11041,1241,963,111,2.5,0.9,6.1,0.5,0.5,0.5,0.5,0.9,5.9,0.5,0.5,0.5,0.5,1075.86,1987.32,164.39,147.65,2005.92,2005.92,0.74,0.00,1075.65,0.21,956.27,0,0,0.0,0.0,44253,38774,8.0,332.5,0,
19.7.2026,0:41:32.672,21054,12857,62.0,17261,14602,54.1,1.0,2048,20,1.057,1.060,1.050,1.050,1.045,1.075,1.060,4679.1,4666.6,4666.6,4666.6,4666.6,4691.5,4716.5,99.8,4684.7,4699.5,4684.0,4683.9,4683.5,4683.1,4683.3,4683.6,4683.7,4683.3,4682.8,4682.6,4682.6,4684.7,100.0,100.0,100.0,100.0,100.0,100.0,100.0,100.0,100.0,100.0,100.0,100.0,100.0,100.0,100.0,123.5,123.5,123.5,123.5,123.5,123.5,123.5,123.5,123.5,123.5,123.5,123.5,123.5,123.5,46.9,46.8,46.8,46.8,46.8,47.0,47.2,0.0,100.0,100.0,100.0,100.0,100.0,100.0,100.0,0.0,0.0,0.0,0.0,0.0,0.0,0.0,0.0,0.0,0.0,0.0,0.0,0.0,0.0,2395.7,24.00,40,39,39,77,116,708,1,85.8,85.0,85.4,81.7,76.5,82.3,84.6,84.5,78.7,83.4,64.4,64.4,68.8,62.0,43.9,42.5,45.0,1.074,1.015,1.100,41.964,8.050,41.960,52.500,5.420,66.227,6.967,6.521,6.964,7.082,7.185,6.975,7.076,45.081,8.171,59.214,64.768,1996.4,2395.7,4708.9,4708.9,4733.8,73.6,55.9,35.0,73.6,100.0,いいえ,いいえ,いいえ,9.221,2.242,6.0,38.0,85.8,40.0,85.0,1.104,12.197,3.456,3.328,5.040,1.064,1.048,3.440,3.328,1.808,1.024,1.120,1.040,1.792,1.104,0.784,1.824,0.248,2020,いいえ,56.5,41.8,1.095,1.110,1.815,1.800,0.990,5.040,1.000,いいえ,いいえ,いいえ,41.0,1.110,1.110,1.815,1.800,0.990,5.040,1.125,いいえ,いいえ,いいえ,37,37,いいえ,はい,15388,14038,128,128,34,100.0,いいえ,いいえ,3868,2528,9990,38,38,46,100.0,100.0,いいえ,いいえ,7031,7744,0.0,0.0,0.0,0.000,0.004,1385,1005,0.0,0.0,0.0,0.000,0.000,181182,133153,0.0,0.0,0.0,0.000,0.004,66267,77390,64.3,0.720,46.000,600.0,2400.0,1200.0,100.0,0.0,0.0,0.0,0.0,0.0,0.0,0.0,0.0,125,2,16.0,86,いいえ,いいえ,いいえ,39.6,44.0,49.2,84.0,0.865,12.311,12.318,12.269,12.337,12.320,0,0,10.591,4.970,2.986,0.345,7.852,3.158,0.172,8.029,8.052,9.166,220.000,220.000,210.0,50.6,1185.0,210.0,1290.0,210.0,50.5,1412.7,9.0,8.0,3.0,0.0,10.1,1.1,1.7,0.0,2.8,0.0,0,0,はい,いいえ,いいえ,いいえ,いいえ,はい,いいえ,5.0,5.3,0,0,0,0,0,0,0,0,0,0,0,0,0,0,0,0,0,0,0,0,0,0,0,0,0,0,0,0,0,0,11041,1241,963,111,2.5,3.8,15.0,2.2,2.2,2.2,2.2,0.0,0.0,0.0,0.0,0.0,0.0,261.71,456.95,66.47,62.88,460.93,460.93,4.16,75.77,261.61,0.10,0.00,0,0,0.0,0.0,44254,38775,8.7,279.1,0,
19.7.2026,0:41:34.675,21067,12844,62.1,17265,14598,54.1,1.0,2048,20,1.096,1.135,1.090,1.105,1.095,1.075,1.075,4753.9,4841.3,4741.4,4766.4,4716.5,4741.4,4716.5,99.8,4694.2,4708.2,4692.0,4692.7,4692.3,4692.2,4692.6,4692.9,4693.1,4693.5,4693.7,4693.3,4693.5,4694.2,100.0,100.0,100.0,100.0,100.0,100.0,100.0,100.0,100.0,100.0,100.0,100.0,100.0,100.0,100.0,123.7,123.7,123.7,123.7,123.7,123.7,123.7,123.7,123.7,123.7,123.7,123.7,123.7,123.7,47.6,48.5,47.5,47.8,47.2,47.5,47.2,0.0,100.0,100.0,100.0,100.0,100.0,100.0,100.0,0.0,0.0,0.0,0.0,0.0,0.0,0.0,0.0,0.0,0.0,0.0,0.0,0.0,0.0,2395.7,24.00,40,39,39,77,116,708,1,85.9,85.0,87.6,81.7,76.9,82.4,84.6,84.2,78.8,83.1,64.6,64.6,69.0,62.3,44.0,42.7,45.0,1.079,1.015,1.100,41.685,8.077,41.684,54.500,5.413,66.186,6.946,6.645,7.006,7.081,7.077,6.911,6.957,45.009,8.198,59.162,64.739,1996.4,2395.7,4718.2,4718.2,4742.3,73.6,55.6,36.3,73.6,100.0,いいえ,いいえ,いいえ,9.689,2.351,6.0,38.0,85.9,40.0,85.0,1.112,12.197,3.456,3.328,5.040,1.072,1.048,3.440,3.328,1.808,1.024,1.120,1.040,1.792,1.104,0.784,1.824,0.248,2030,いいえ,56.5,41.8,1.095,1.110,1.815,1.800,0.990,5.040,0.875,いいえ,いいえ,いいえ,41.0,1.095,1.110,1.815,1.800,0.990,5.040,1.125,いいえ,いいえ,いいえ,37,37,いいえ,はい,15388,14038,128,128,34,100.0,いいえ,いいえ,3868,2528,9990,38,38,46,100.0,100.0,いいえ,いいえ,7031,7744,0.0,0.1,0.1,0.000,0.010,1385,1005,0.0,0.0,0.0,0.000,0.000,181182,133153,0.0,0.1,0.1,0.000,0.073,66267,77390,64.3,0.720,46.000,600.0,2400.0,1200.0,100.0,0.0,0.0,0.0,0.0,0.0,0.0,0.0,0.0,125,2,16.0,86,いいえ,いいえ,いいえ,39.6,44.0,49.3,84.0,0.865,12.309,12.317,12.267,12.334,12.318,0,0,11.068,4.710,2.494,0.271,7.802,2.627,0.135,7.947,8.078,8.325,220.000,220.000,210.0,50.6,1185.0,210.0,1290.0,210.0,50.5,1413.7,3.0,6.0,1.0,0.0,10.1,1.8,2.7,0.0,4.3,0.0,0,0,はい,いいえ,いいえ,いいえ,いいえ,はい,いいえ,5.2,5.3,0,0,0,0,0,0,0,0,0,0,0,0,0,0,0,0,0,0,0,0,0,0,0,0,0,0,0,0,0,0,11041,1241,963,111,2.5,0.5,0.5,0.5,0.5,0.5,0.5,0.0,0.0,0.0,0.0,0.0,0.0,2142.33,2142.33,2142.33,2142.33,2142.33,2142.33,22.86,228.13,2142.25,0.08,0.00,0,0,0.0,0.0,44254,38776,11.5,429.2,0,
19.7.2026,0:41:36.676,21058,12852,62.0,17265,14598,54.1,1.0,2048,20,1.073,1.025,1.060,1.070,1.090,1.090,1.105,4729.0,4641.6,4666.6,4791.4,4766.4,4766.4,4741.4,99.8,4693.2,4708.4,4691.3,4692.1,4692.4,4691.9,4692.0,4691.3,4692.0,4691.3,4692.7,4691.5,4692.0,4693.2,100.0,100.0,100.0,100.0,100.0,100.0,100.0,100.0,100.0,100.0,100.0,100.0,100.0,100.0,100.0,123.7,123.7,123.7,123.7,123.7,123.7,123.7,123.7,123.7,123.7,123.7,123.7,123.7,123.7,47.4,46.5,46.8,48.0,47.8,47.8,47.5,0.0,100.0,100.0,100.0,100.0,100.0,100.0,100.0,0.0,0.0,0.0,0.0,0.0,0.0,0.0,0.0,0.0,0.0,0.0,0.0,0.0,0.0,2395.7,24.00,40,39,39,77,116,708,1,85.9,85.0,84.9,81.7,76.8,82.3,84.6,84.4,78.8,83.4,64.6,64.6,69.0,62.1,44.0,42.8,45.0,1.079,1.015,1.100,41.600,8.035,41.600,52.500,5.405,66.081,6.935,6.570,6.946,7.083,7.110,6.896,7.003,44.922,8.156,59.023,64.613,1996.4,2395.7,4718.7,4718.7,4742.9,73.4,55.5,35.0,73.4,100.0,いいえ,いいえ,いいえ,9.645,2.461,6.0,38.0,85.9,40.0,85.0,1.104,12.197,3.456,3.328,5.040,1.072,1.048,3.456,3.328,1.808,1.024,1.120,1.040,1.792,1.104,0.784,1.824,0.248,2036,いいえ,56.5,41.8,1.095,1.110,1.800,1.800,0.990,5.040,1.250,いいえ,いいえ,いいえ,41.0,1.095,1.110,1.815,1.800,0.990,5.040,0.500,いいえ,いいえ,いいえ,37,37,いいえ,はい,15388,14038,128,128,34,100.0,いいえ,いいえ,3868,2528,9990,38,38,46,100.0,100.0,いいえ,いいえ,7031,7744,0.0,11.2,11.2,0.000,0.004,1385,1005,0.0,0.0,0.0,0.000,0.000,181182,133153,0.0,0.0,0.0,0.032,0.006,66267,77390,64.4,0.720,46.000,600.0,2400.0,1200.0,100.0,0.0,0.0,0.0,0.0,0.0,0.0,0.0,0.0,125,2,16.0,86,いいえ,いいえ,いいえ,39.6,44.0,49.3,84.0,0.865,12.309,12.317,12.267,12.335,12.319,0,0,10.518,4.589,2.220,0.222,7.777,2.331,0.111,7.902,8.027,8.121,220.000,220.000,210.0,50.6,1185.0,210.0,1290.0,210.0,50.5,1413.7,2.0,6.0,1.0,0.0,10.1,1.0,1.4,0.0,2.6,0.0,0,0,はい,いいえ,いいえ,いいえ,いいえ,はい,いいえ,4.7,5.0,0,0,0,0,0,0,0,0,0,0,0,0,0,0,0,0,0,0,0,0,0,0,0,0,0,0,0,0,0,0,11041,1241,963,111,2.5,0.3,0.3,0.3,0.3,0.3,0.3,0.3,0.3,0.3,0.3,0.3,0.3,3259.72,3259.72,3259.72,3259.72,3259.72,3259.72,0.74,0.01,3259.45,0.28,2419.25,0,0,0.0,0.0,44254,38777,10.6,507.7,0,
19.7.2026,0:41:38.681,21057,12854,62.0,17271,14592,54.2,1.0,2048,20,1.072,1.025,1.105,1.090,1.090,1.060,1.060,4708.2,4641.6,4741.4,4741.4,4741.4,4691.5,4691.5,99.8,4667.6,4682.0,4665.4,4666.6,4666.6,4666.0,4666.3,4666.5,4666.4,4666.7,4666.4,4666.1,4666.5,4667.6,100.0,100.0,100.0,100.0,100.0,100.0,100.0,100.0,100.0,100.0,100.0,100.0,100.0,100.0,100.0,123.0,123.0,123.0,123.0,123.0,123.0,123.0,123.0,123.0,123.0,123.0,123.0,123.0,123.0,47.2,46.5,47.5,47.5,47.5,47.0,47.0,0.0,100.0,100.0,100.0,100.0,100.0,100.0,100.0,0.0,0.0,0.0,0.0,0.0,0.0,0.0,0.0,0.0,0.0,0.0,0.0,0.0,0.0,2395.7,24.00,40,39,39,77,116,708,1,85.8,85.0,85.4,81.7,76.8,82.4,84.6,84.2,78.8,83.4,64.4,64.4,69.0,62.1,44.0,42.9,45.0,1.064,1.015,1.100,41.563,7.831,41.565,52.000,5.407,65.026,6.851,6.443,6.897,7.002,7.037,6.807,6.918,44.234,7.948,58.130,63.584,1996.4,2395.7,4691.7,4691.7,4714.6,72.3,55.4,34.7,72.3,100.0,いいえ,いいえ,いいえ,7.443,2.069,6.0,38.0,85.9,40.0,85.0,1.128,12.197,3.456,3.328,5.040,1.072,1.040,3.440,3.328,1.808,1.024,1.120,1.040,1.792,1.104,0.784,1.824,0.248,2033,いいえ,56.5,41.8,1.095,1.110,1.800,1.800,0.990,5.040,0.750,いいえ,いいえ,いいえ,41.0,1.095,1.110,1.800,1.800,0.990,5.040,0.750,いいえ,いいえ,いいえ,37,37,いいえ,はい,15388,14038,128,128,34,100.0,いいえ,いいえ,3868,2528,9990,38,38,46,100.0,100.0,いいえ,いいえ,7031,7744,0.0,0.0,0.0,0.000,0.004,1385,1005,0.0,0.0,0.0,0.000,0.000,181182,133153,0.0,0.0,0.0,0.032,0.000,66267,77390,64.4,0.720,40.000,600.0,2400.0,1200.0,100.0,0.0,0.0,0.0,0.0,0.0,0.0,0.0,0.0,125,2,16.0,86,いいえ,いいえ,いいえ,39.6,42.0,49.2,84.0,0.865,12.313,12.320,12.271,12.339,12.322,0,0,10.669,4.752,2.595,0.271,7.829,2.739,0.136,7.974,8.066,8.405,220.000,220.000,210.0,50.6,1185.0,210.0,1290.0,210.0,50.5,1413.5,5.0,7.0,4.0,0.0,10.1,0.9,1.3,0.0,2.4,0.0,0,0,はい,いいえ,いいえ,いいえ,いいえ,はい,いいえ,4.8,4.9,0,0,0,0,0,0,0,0,0,0,0,0,0,0,0,0,0,0,0,0,0,0,0,0,0,0,0,0,0,0,11041,1241,963,112,2.5,4.7,15.7,1.9,1.8,1.8,1.8,1.2,1.2,1.2,1.2,1.2,1.2,212.82,537.64,63.71,62.16,550.56,550.56,2.11,19.52,212.72,0.10,322.41,0,0,0.0,0.0,44254,38777,7.0,171.4,0,
19.7.2026,0:41:40.683,21055,12856,62.0,17272,14591,54.2,1.0,2048,20,1.065,1.075,1.060,1.060,1.075,1.060,1.060,4695.7,4691.5,4691.5,4691.5,4716.5,4691.5,4691.5,99.8,4670.2,4684.9,4668.6,4669.6,4669.6,4668.8,4668.8,4668.7,4669.2,4669.2,4668.5,4668.8,4667.9,4670.2,100.0,100.0,100.0,100.0,100.0,100.0,100.0,100.0,100.0,100.0,100.0,100.0,100.0,100.0,100.0,123.1,123.1,123.1,123.1,123.1,123.1,123.1,123.1,123.1,123.1,123.1,123.1,123.1,123.1,47.0,47.0,47.0,47.0,47.2,47.0,47.0,0.0,100.0,100.0,100.0,100.0,100.0,100.0,100.0,0.0,0.0,0.0,0.0,0.0,0.0,0.0,0.0,0.0,0.0,0.0,0.0,0.0,0.0,2395.7,24.00,40,39,39,77,116,708,1,85.8,85.0,84.9,81.7,76.6,82.5,84.6,84.4,78.9,83.4,64.4,64.4,68.8,62.1,44.0,42.9,45.0,1.067,1.015,1.100,41.725,7.867,41.723,53.500,5.433,65.436,6.929,6.481,7.015,7.040,7.090,6.943,7.006,44.521,7.985,58.482,64.003,1996.4,2395.7,4695.9,4695.9,4720.1,72.7,55.6,35.7,72.7,100.0,いいえ,いいえ,いいえ,8.279,2.808,6.0,38.0,85.8,40.0,85.0,1.080,12.197,3.456,3.328,5.040,1.072,1.040,3.440,3.328,1.808,1.024,1.120,1.040,1.792,1.104,0.784,1.824,0.248,2011,いいえ,56.5,41.8,1.095,1.110,1.800,1.800,1.005,5.040,1.000,いいえ,いいえ,いいえ,41.0,1.095,1.110,1.800,1.800,0.990,5.040,0.625,いいえ,いいえ,いいえ,37,37,いいえ,はい,15388,14038,128,128,34,100.0,いいえ,いいえ,3868,2528,9990,39,39,47,100.0,100.0,いいえ,いいえ,7031,7744,0.0,2.1,2.1,0.000,0.008,1385,1005,0.0,0.0,0.0,0.000,0.000,181182,133153,0.0,0.1,0.1,0.000,0.184,66267,77390,64.4,0.720,41.000,600.0,2400.0,1200.0,100.0,0.0,0.0,0.0,0.0,0.0,0.0,0.0,0.0,125,2,16.0,86,いいえ,いいえ,いいえ,39.6,44.0,49.3,84.0,0.865,12.317,12.326,12.274,12.342,12.325,0,0,10.404,4.575,2.139,0.197,7.806,2.234,0.099,7.913,8.086,8.124,220.000,220.000,210.0,50.6,1185.0,210.0,1290.0,210.0,50.5,1413.1,1.0,6.0,1.0,0.0,10.1,1.0,1.4,0.0,2.5,0.0,0,0,はい,いいえ,いいえ,いいえ,いいえ,はい,いいえ,4.6,5.0,0,0,0,0,0,0,0,0,0,0,0,0,0,0,0,0,0,0,0,0,0,0,0,0,0,0,0,0,0,0,11041,1241,964,112,2.5,0.9,12.2,0.5,0.5,0.5,0.5,0.5,0.5,0.5,0.5,0.5,0.5,1071.82,2061.46,82.18,64.00,2081.65,2081.65,10.87,122.06,1071.72,0.10,180.96,0,0,0.0,0.0,44254,38778,9.0,272.7,0,
19.7.2026,0:41:42.675,21082,12829,62.1,17279,14584,54.2,1.0,2048,20,1.068,1.060,1.090,1.060,1.060,1.060,1.075,4699.9,4691.5,4716.5,4691.5,4691.5,4716.5,4691.5,99.8,4672.8,4687.2,4671.3,4671.6,4671.6,4671.0,4671.5,4671.6,4671.7,4671.4,4671.6,4671.5,4671.6,4672.8,100.0,100.0,100.0,100.0,100.0,100.0,100.0,100.0,100.0,100.0,100.0,100.0,100.0,100.0,100.0,123.2,123.2,123.2,123.2,123.2,123.2,123.2,123.2,123.2,123.2,123.2,123.2,123.2,123.2,47.1,47.0,47.2,47.0,47.0,47.2,47.0,0.0,100.0,100.0,100.0,100.0,100.0,100.0,100.0,0.0,0.0,0.0,0.0,0.0,0.0,0.0,0.0,0.0,0.0,0.0,0.0,0.0,0.0,2395.7,24.00,40,39,39,77,116,708,1,85.8,85.0,84.9,81.6,76.3,82.0,84.5,84.4,78.7,83.3,64.5,64.5,69.2,62.3,44.0,43.0,45.0,1.066,1.015,1.100,41.663,7.841,41.668,50.500,5.412,65.360,7.008,6.660,7.152,7.147,7.224,6.884,6.983,44.449,7.959,58.360,63.882,1996.4,2395.7,4696.9,4696.9,4721.1,72.6,55.6,33.7,72.6,100.0,いいえ,いいえ,いいえ,8.353,2.556,6.0,38.0,85.8,40.0,85.0,1.088,12.197,3.456,3.328,5.040,1.072,1.040,3.456,3.328,1.808,1.024,1.120,1.040,1.792,1.104,0.784,1.824,0.248,2020,いいえ,56.5,41.8,1.095,1.110,1.800,1.800,1.005,5.040,0.750,いいえ,いいえ,いいえ,41.0,1.095,1.110,1.800,1.800,1.005,5.040,0.875,いいえ,いいえ,いいえ,37,37,いいえ,はい,15388,14038,128,128,34,100.0,いいえ,いいえ,3868,2528,9990,38,38,46,100.0,100.0,いいえ,いいえ,7031,7744,0.0,0.0,0.0,0.000,0.004,1385,1005,0.0,0.0,0.0,0.000,0.000,181182,133153,0.0,0.7,0.7,0.043,3.520,66267,77397,64.4,0.720,46.000,600.0,2400.0,1200.0,100.0,0.0,0.0,0.0,0.0,0.0,0.0,0.0,0.0,125,2,16.0,86,いいえ,いいえ,いいえ,39.6,44.0,49.2,84.0,0.865,12.309,12.318,12.265,12.334,12.317,0,0,10.654,4.565,2.084,0.222,7.788,2.195,0.111,7.912,8.079,8.127,220.000,220.000,210.0,50.6,1185.0,210.0,1290.0,210.0,50.5,1412.7,0.0,5.0,0.0,0.0,10.1,0.9,1.5,0.0,2.3,0.0,0,0,はい,いいえ,いいえ,いいえ,いいえ,はい,いいえ,4.5,5.1,0,0,0,0,0,0,0,0,0,0,0,0,0,0,0,0,0,0,0,0,0,0,0,0,0,0,0,0,0,0,11041,1241,964,112,2.5,10.6,72.5,1.0,0.9,0.9,0.9,10.6,60.1,1.0,0.9,0.9,0.9,94.10,963.12,13.79,13.45,1104.49,1104.49,2.55,19.05,94.10,0.00,111.37,0,0,0.0,0.0,44254,38778,12.7,301.0,0,
19.7.2026,0:41:44.668,21065,12846,62.1,17279,14584,54.2,1.0,2048,20,1.058,1.060,1.060,1.060,1.050,1.050,1.070,4695.7,4691.5,4716.5,4716.5,4666.6,4691.5,4691.5,99.8,4689.8,4704.5,4687.5,4688.7,4688.5,4688.1,4688.5,4688.8,4688.7,4688.8,4688.7,4688.5,4688.4,4689.8,100.0,100.0,100.0,100.0,100.0,100.0,100.0,100.0,100.0,100.0,100.0,100.0,100.0,100.0,100.0,123.6,123.6,123.6,123.6,123.6,123.6,123.6,123.6,123.6,123.6,123.6,123.6,123.6,123.6,47.0,47.0,47.2,47.2,46.8,47.0,47.0,0.0,100.0,100.0,100.0,100.0,100.0,100.0,100.0,0.0,0.0,0.0,0.0,0.0,0.0,0.0,0.0,0.0,0.0,0.0,0.0,0.0,0.0,2395.7,24.00,40,39,39,77,116,708,1,85.9,85.0,84.0,81.7,77.0,82.4,84.6,84.4,78.6,83.4,64.6,64.6,69.5,62.3,44.0,43.0,45.0,1.077,1.015,1.100,41.378,7.754,41.381,51.000,5.419,65.434,6.900,6.559,6.969,7.031,7.078,6.811,6.952,44.571,7.870,58.401,63.992,1996.4,2395.7,4714.6,4714.6,4738.2,72.7,55.2,34.0,72.7,100.0,いいえ,いいえ,いいえ,9.613,2.572,6.0,38.0,85.9,40.0,85.0,1.088,12.197,3.456,3.328,5.040,1.072,1.040,3.456,3.328,1.808,1.024,1.120,1.040,1.808,1.104,0.784,1.824,0.248,2033,いいえ,56.5,41.8,1.095,1.110,1.800,1.800,1.005,5.040,1.000,いいえ,いいえ,いいえ,41.2,1.110,1.110,1.800,1.800,1.005,5.040,0.875,いいえ,いいえ,いいえ,37,37,いいえ,はい,15388,14038,128,128,34,100.0,いいえ,いいえ,3868,2528,9990,39,39,47,100.0,100.0,いいえ,いいえ,7031,7744,0.0,0.1,0.1,0.000,0.008,1385,1005,0.0,0.0,0.0,0.000,0.000,181182,133153,0.0,0.4,0.4,0.000,1.867,66267,77400,64.5,0.720,45.000,600.0,2400.0,1200.0,100.0,0.0,0.0,0.0,0.0,0.0,0.0,0.0,0.0,125,2,16.0,86,いいえ,いいえ,いいえ,39.6,44.0,49.4,84.0,0.865,12.309,12.319,12.266,12.334,12.317,0,0,10.653,4.677,2.396,0.271,7.826,2.529,0.135,7.973,8.124,8.159,220.000,220.000,210.0,50.6,1185.0,210.0,1290.0,210.1,50.5,1413.5,4.0,7.0,4.0,0.0,10.1,1.1,1.7,0.0,2.7,0.0,0,0,はい,いいえ,いいえ,いいえ,いいえ,はい,いいえ,4.7,4.9,0,0,0,0,0,0,0,0,0,0,0,0,0,0,0,0,0,0,0,0,0,0,0,0,0,0,0,0,0,0,11041,1241,964,112,2.5,4.2,80.6,0.7,0.7,0.6,0.6,4.2,60.1,0.7,0.7,0.7,0.7,235.50,1448.79,12.40,12.13,1539.05,1539.05,3.36,162.84,235.50,0.00,380.51,0,0,0.0,0.0,44254,38779,12.5,255.4,0,
19.7.2026,0:41:46.669,21060,12850,62.1,17277,14586,54.2,1.0,2048,20,1.067,1.060,1.070,1.060,1.090,1.075,1.050,4687.4,4691.5,4716.5,4691.5,4716.5,4691.5,4616.7,99.8,4685.4,4699.8,4684.2,4684.3,4684.3,4683.5,4684.1,4684.2,4684.4,4684.3,4684.2,4683.9,4684.0,4685.4,100.0,100.0,100.0,100.0,100.0,100.0,100.0,100.0,100.0,100.0,100.0,100.0,100.0,100.0,100.0,123.5,123.5,123.5,123.5,123.5,123.5,123.5,123.5,123.5,123.5,123.5,123.5,123.5,123.5,47.0,47.0,47.2,47.0,47.2,47.0,46.2,0.0,100.0,100.0,100.0,100.0,100.0,100.0,100.0,0.0,0.0,0.0,0.0,0.0,0.0,0.0,0.0,0.0,0.0,0.0,0.0,0.0,0.0,2395.7,24.00,40,39,39,77,116,708,1,85.9,85.0,85.9,81.6,76.7,82.4,84.6,84.3,78.5,83.2,64.5,64.5,69.5,62.3,44.0,43.0,45.0,1.074,1.015,1.100,41.418,7.685,41.415,52.000,5.429,65.275,6.858,6.479,6.907,7.027,7.058,6.779,6.894,44.499,7.800,58.270,63.838,1996.4,2395.7,4710.2,4710.2,4734.0,72.5,55.2,34.7,72.5,100.0,いいえ,いいえ,いいえ,9.361,2.486,6.0,38.0,85.9,40.0,85.0,1.096,12.197,3.456,3.328,5.040,1.072,1.040,3.440,3.328,1.808,1.024,1.120,1.040,1.792,1.104,0.784,1.824,0.248,2033,いいえ,56.5,42.0,1.095,1.110,1.800,1.800,1.005,5.040,0.875,いいえ,いいえ,いいえ,41.2,1.095,1.110,1.800,1.800,1.005,5.040,0.625,いいえ,いいえ,いいえ,37,37,いいえ,はい,15388,14038,128,128,34,100.0,いいえ,いいえ,3868,2528,9990,39,39,47,100.0,100.0,いいえ,いいえ,7031,7744,0.0,0.0,0.0,0.000,0.006,1385,1005,0.0,0.0,0.0,0.000,0.000,181182,133153,0.0,0.0,0.0,0.000,0.048,66267,77400,64.5,0.720,40.000,600.0,2400.0,1200.0,100.0,0.0,0.0,0.0,0.0,0.0,0.0,0.0,0.0,125,2,16.0,86,いいえ,いいえ,いいえ,39.6,44.0,49.4,84.0,0.865,12.310,12.320,12.267,12.335,12.320,0,0,10.693,4.715,2.484,0.271,7.826,2.615,0.136,7.966,8.107,8.319,220.000,220.000,210.0,50.6,1185.0,210.0,1290.0,210.1,50.5,1413.4,3.0,6.0,2.0,0.0,10.1,1.0,1.4,0.0,2.6,0.0,0,0,はい,いいえ,いいえ,いいえ,いいえ,はい,いいえ,4.8,5.0,0,0,0,0,0,0,0,0,0,0,0,0,0,0,0,0,0,0,0,0,0,0,0,0,0,0,0,0,0,0,11041,1241,964,112,2.5,1.0,1.0,1.0,1.0,1.0,1.0,1.0,1.0,1.0,1.0,1.0,1.0,1001.14,1001.14,1001.14,1001.14,1001.14,1001.14,14.65,553.50,1001.14,0.00,566.64,0,0,0.0,0.0,44254,38779,8.9,266.0,0,
19.7.2026,0:41:48.674,21064,12847,62.1,17280,14583,54.2,1.0,2048,20,1.076,1.060,1.075,1.075,1.070,1.100,1.075,4737.3,4766.4,4716.5,4716.5,4741.4,4741.4,4741.4,99.8,4685.2,4699.5,4683.9,4683.6,4683.5,4683.4,4683.8,4683.9,4684.1,4684.1,4684.3,4684.3,4684.1,4685.2,100.0,100.0,100.0,100.0,100.0,100.0,100.0,100.0,100.0,100.0,100.0,100.0,100.0,100.0,100.0,123.5,123.5,123.5,123.5,123.5,123.5,123.5,123.5,123.5,123.5,123.5,123.5,123.5,123.5,47.5,47.8,47.2,47.2,47.5,47.5,47.5,0.0,100.0,100.0,100.0,100.0,100.0,100.0,100.0,0.0,0.0,0.0,0.0,0.0,0.0,0.0,0.0,0.0,0.0,0.0,0.0,0.0,0.0,2395.7,24.00,40,39,39,77,116,708,1,85.9,85.0,85.9,81.8,77.1,82.6,84.5,84.4,78.8,83.5,64.6,64.6,69.0,62.4,44.0,43.0,45.0,1.074,1.015,1.100,41.460,7.804,41.463,52.000,5.399,65.408,6.904,6.575,6.975,6.971,7.058,6.833,7.012,44.541,7.921,58.401,63.966,1996.4,2395.7,4709.3,4709.3,4733.1,72.7,55.3,34.7,72.7,100.0,いいえ,いいえ,いいえ,9.266,2.472,6.0,38.0,85.9,40.0,85.0,1.104,12.197,3.456,3.328,5.040,1.064,1.040,3.440,3.328,1.808,1.024,1.120,1.040,1.792,1.104,0.784,1.824,0.248,2008,いいえ,56.5,42.0,1.095,1.110,1.800,1.800,1.005,5.040,0.750,いいえ,いいえ,いいえ,41.2,1.095,1.110,1.815,1.800,1.005,5.040,0.625,いいえ,いいえ,いいえ,37,37,いいえ,はい,15388,14038,128,128,34,100.0,いいえ,いいえ,3868,2528,9990,39,39,47,100.0,100.0,いいえ,いいえ,7031,7744,0.0,0.0,0.0,0.000,0.002,1385,1005,0.0,0.0,0.0,0.000,0.000,181182,133153,0.0,0.0,0.0,0.000,0.061,66267,77401,64.6,0.720,49.000,600.0,2400.0,1200.0,100.0,0.0,0.0,0.0,0.0,0.0,0.0,0.0,0.0,125,2,16.0,86,いいえ,いいえ,いいえ,39.7,44.0,49.3,84.0,0.865,12.314,12.323,12.271,12.339,12.322,0,0,10.841,4.895,3.159,0.320,7.866,3.319,0.160,8.037,8.056,8.240,220.000,220.000,210.0,50.6,1185.0,210.0,1290.0,210.0,50.8,1414.2,9.0,7.0,3.0,0.0,10.1,1.5,2.5,0.0,3.5,0.0,0,0,はい,いいえ,いいえ,いいえ,いいえ,はい,いいえ,5.1,5.6,0,0,0,0,0,0,0,0,0,0,0,0,0,0,0,0,0,0,0,0,0,0,0,0,0,0,0,0,0,0,11041,1241,964,112,2.5,1.0,1.0,1.0,1.0,1.0,1.0,1.0,1.0,1.0,1.0,1.0,1.0,1001.14,1001.14,1001.14,1001.14,1001.14,1001.14,14.65,553.50,1001.14,0.00,566.64,0,0,0.0,0.0,44254,38780,8.9,274.3,0,
19.7.2026,0:41:50.679,21057,12854,62.0,17276,14587,54.2,1.0,2048,20,1.082,1.035,1.110,1.090,1.090,1.090,1.075,4724.8,4666.6,4741.4,4741.4,4766.4,4716.5,4716.5,99.8,4668.8,4683.1,4667.5,4667.6,4667.0,4666.3,4667.5,4667.9,4667.7,4667.7,4667.8,4667.6,4667.6,4668.8,100.0,100.0,100.0,100.0,100.0,100.0,100.0,100.0,100.0,100.0,100.0,100.0,100.0,100.0,100.0,123.1,123.1,123.1,123.1,123.1,123.0,123.1,123.1,123.1,123.1,123.1,123.1,123.1,123.1,47.3,46.8,47.5,47.5,47.8,47.2,47.2,0.0,100.0,100.0,100.0,100.0,100.0,100.0,100.0,0.0,0.0,0.0,0.0,0.0,0.0,0.0,0.0,0.0,0.0,0.0,0.0,0.0,0.0,2395.7,24.00,40,39,39,77,116,708,1,85.9,85.0,85.2,81.7,77.0,82.4,84.4,84.4,78.8,83.3,64.5,64.5,69.0,62.7,44.0,43.0,45.0,1.065,1.015,1.100,41.375,7.853,41.372,51.500,5.405,64.947,6.849,6.493,6.921,6.927,7.043,6.818,6.893,44.073,7.971,57.990,63.503,1996.4,2395.7,4693.8,4693.8,4716.5,72.2,55.2,34.3,72.2,100.0,いいえ,いいえ,いいえ,8.457,2.512,6.0,38.0,85.9,40.0,85.0,1.064,12.197,3.456,3.328,5.040,1.072,1.040,3.440,3.328,1.808,1.024,1.120,1.040,1.792,1.104,0.784,1.824,0.248,2027,いいえ,56.5,42.0,1.095,1.110,1.800,1.800,1.005,5.040,0.875,いいえ,いいえ,いいえ,41.2,1.095,1.110,1.800,1.815,1.005,5.040,1.125,いいえ,いいえ,いいえ,37,37,いいえ,はい,15388,14038,128,128,34,100.0,いいえ,いいえ,3868,2528,9990,39,39,47,100.0,100.0,いいえ,いいえ,7031,7744,0.0,0.1,0.1,0.000,0.014,1385,1005,0.0,0.0,0.0,0.000,0.000,181182,133153,0.0,0.0,0.0,0.032,0.002,66267,77401,64.6,0.720,38.000,600.0,2400.0,1200.0,100.0,0.0,0.0,0.0,0.0,0.0,0.0,0.0,0.0,125,2,16.0,86,いいえ,いいえ,いいえ,39.6,44.0,49.3,84.0,0.865,12.313,12.322,12.269,12.338,12.321,0,0,10.855,4.948,3.160,0.320,7.877,3.331,0.160,8.057,8.492,8.189,220.000,220.000,210.0,50.6,1185.0,210.0,1290.0,210.0,50.5,1413.3,14.0,10.0,10.0,0.0,10.1,2.0,3.3,0.0,4.6,0.0,0,0,はい,いいえ,いいえ,いいえ,いいえ,はい,いいえ,5.1,5.7,0,0,0,0,0,0,0,0,0,0,0,0,0,0,0,0,0,0,0,0,0,0,0,0,0,0,0,0,0,0,11041,1241,964,112,2.5,0.6,0.6,0.6,0.6,0.6,0.6,0.6,0.6,0.6,0.6,0.6,0.6,1633.04,1633.04,1633.04,1633.04,1633.04,1633.04,33.30,600.94,1633.04,0.00,1266.34,0,0,0.0,0.0,44254,38781,12.1,563.5,0,
19.7.2026,0:41:52.680,21114,12797,62.2,17304,14559,54.3,1.0,2048,20,1.095,1.065,1.110,1.095,1.105,1.105,1.090,4733.1,4641.6,4741.4,4716.5,4791.4,4766.4,4741.4,99.8,4677.7,4698.8,4671.6,4676.6,4680.7,4664.7,4673.9,4676.6,4681.2,4680.6,4680.9,4669.6,4677.3,4677.7,100.0,100.0,100.0,100.0,100.0,100.0,100.0,100.0,100.0,100.0,100.0,100.0,100.0,100.0,100.0,123.5,123.5,123.5,123.5,123.5,123.5,123.5,123.5,123.5,123.5,123.5,123.5,123.5,123.5,47.4,46.5,47.5,47.2,48.0,47.8,47.5,0.0,100.0,100.0,100.0,100.0,100.0,100.0,100.0,0.0,0.0,0.0,0.0,0.0,0.0,0.0,0.0,0.0,0.0,0.0,0.0,0.0,0.0,2395.7,24.00,40,39,39,77,116,708,1,85.9,85.0,84.4,81.5,76.6,82.3,84.3,84.3,78.5,82.7,64.6,64.6,69.8,62.4,44.0,43.0,45.0,1.074,1.015,1.100,40.867,7.873,40.872,49.000,5.414,64.908,6.943,6.627,6.945,7.072,7.088,6.966,6.959,43.925,7.991,57.870,63.475,1996.4,2395.7,4710.5,4710.5,4732.0,72.1,54.5,32.7,72.1,100.0,いいえ,いいえ,いいえ,9.746,2.542,6.0,38.0,85.9,40.0,85.0,1.064,12.197,3.456,3.328,5.040,1.072,1.040,3.456,3.328,1.808,1.024,1.120,1.040,1.792,1.104,0.784,1.824,0.248,2036,いいえ,56.5,42.0,1.095,1.110,1.800,1.800,1.005,5.040,0.875,いいえ,いいえ,いいえ,41.2,1.095,1.110,1.800,1.800,1.005,5.040,0.875,いいえ,いいえ,いいえ,37,37,いいえ,はい,15388,14038,128,128,34,100.0,いいえ,いいえ,3868,2528,9990,39,39,46,100.0,100.0,いいえ,いいえ,7031,7744,26.9,0.1,27.0,3.649,0.008,1392,1005,0.0,0.0,0.0,0.000,0.000,181182,133153,0.0,0.4,0.4,0.034,1.073,66267,77403,64.6,0.720,36.000,600.0,2400.0,1200.0,100.0,0.0,0.0,0.0,0.0,0.0,0.0,0.0,0.0,125,2,16.0,86,いいえ,いいえ,いいえ,39.6,44.0,49.3,84.0,0.865,12.314,12.324,12.271,12.339,12.322,0,0,11.535,5.006,3.263,0.370,7.878,3.442,0.185,8.067,8.661,8.185,220.000,220.000,210.0,50.6,1185.0,210.0,1290.0,210.0,50.5,1413.6,15.0,10.0,10.0,0.0,10.1,3.6,5.0,0.0,9.5,0.0,0,0,はい,いいえ,いいえ,いいえ,いいえ,はい,いいえ,5.2,5.4,0,0,0,0,0,0,0,0,0,0,0,0,0,0,0,0,0,0,0,0,0,0,0,0,0,0,0,0,0,0,11041,1241,964,112,2.5,3.7,5.2,2.7,2.7,2.7,2.7,3.7,5.0,2.7,2.7,2.7,2.7,272.12,372.61,192.49,191.44,375.11,375.11,1.48,4.79,271.92,0.20,114.17,0,0,0.0,0.0,44256,38782,1239.8,767.2,0,
19.7.2026,0:41:54.671,21102,12808,62.2,17309,14553,54.3,1.0,2048,20,1.013,1.010,1.010,1.010,1.010,1.020,1.020,4591.7,4591.7,4591.7,4591.7,4591.7,4591.7,4591.7,99.8,4681.4,4697.6,4680.9,4680.9,4681.1,4679.0,4680.1,4680.5,4680.5,4680.5,4679.9,4678.3,4678.0,4681.4,100.0,99.9,100.0,100.0,100.0,100.0,100.0,100.0,100.0,100.0,100.0,100.0,100.0,100.0,100.0,123.4,123.4,123.4,123.4,123.4,123.4,123.4,123.4,123.4,123.4,123.4,123.4,123.4,123.4,46.0,46.0,46.0,46.0,46.0,46.0,46.0,0.0,100.0,100.0,100.0,100.0,100.0,100.0,100.0,0.0,0.0,0.0,0.0,0.0,0.0,0.0,0.0,0.0,0.0,0.0,0.0,0.0,0.0,2395.7,24.00,40,39,39,77,116,708,1,85.9,85.0,85.8,81.8,77.3,82.8,84.6,84.1,78.9,83.0,64.7,64.7,69.2,62.4,44.0,43.0,45.0,1.073,1.015,1.100,41.283,7.838,41.278,52.500,5.425,65.255,6.888,6.638,7.058,6.985,6.966,6.827,6.855,44.332,7.955,58.255,63.792,1996.4,2395.7,4708.9,4708.9,4731.7,72.5,55.0,35.0,72.5,100.0,いいえ,いいえ,いいえ,8.587,2.698,6.0,38.0,85.8,40.0,85.0,1.072,12.197,3.456,3.328,5.040,1.072,1.040,3.440,3.328,1.808,1.024,1.120,1.040,1.808,1.104,0.784,1.824,0.248,2023,いいえ,56.5,42.0,1.095,1.110,1.800,1.800,1.005,5.040,0.875,いいえ,いいえ,いいえ,41.2,1.095,1.110,1.800,1.800,1.005,5.040,0.875,いいえ,いいえ,いいえ,37,37,いいえ,はい,15388,14038,128,128,34,100.0,いいえ,いいえ,3868,2528,9990,39,39,47,100.0,100.0,いいえ,いいえ,7031,7744,0.0,0.1,0.1,0.000,0.012,1392,1005,0.0,0.0,0.0,0.000,0.000,181182,133153,0.0,0.0,0.0,0.000,0.034,66267,77403,64.6,0.720,41.000,600.0,2400.0,1200.0,100.0,0.0,0.0,0.0,0.0,0.0,0.0,0.0,0.0,125,2,16.0,86,いいえ,いいえ,いいえ,39.6,44.0,49.4,84.0,0.865,12.307,12.318,12.262,12.333,12.316,0,0,11.513,4.883,3.095,0.320,7.872,3.256,0.160,8.043,8.068,8.252,220.000,220.000,210.0,50.6,1185.0,210.0,1290.0,210.0,50.5,1413.4,16.0,10.0,9.0,0.0,10.1,3.8,5.4,0.0,9.7,0.0,0,0,はい,いいえ,いいえ,いいえ,いいえ,はい,いいえ,5.1,5.8,0,0,0,0,0,0,0,0,0,0,0,0,0,0,0,0,0,0,0,0,0,0,0,0,0,0,0,0,0,0,11041,1241,964,115,2.5,3.7,45.9,1.9,1.9,1.9,1.9,3.7,46.2,1.9,1.9,1.9,1.9,269.70,527.86,21.81,17.46,533.35,533.35,0.96,0.00,269.49,0.21,283.34,0,0,0.0,0.0,44257,38784,581.1,797.8,0,
19.7.2026,0:41:56.681,21096,12815,62.2,17317,14546,54.3,1.0,2048,20,1.053,1.090,1.060,1.050,1.050,1.035,1.035,4691.5,4716.5,4691.5,4666.6,4691.5,4691.5,4691.5,99.8,4654.3,4668.6,4652.9,4653.2,4653.3,4652.2,4653.1,4653.5,4653.6,4653.3,4653.6,4652.2,4652.5,4654.3,100.0,100.0,100.0,100.0,100.0,100.0,100.0,100.0,100.0,100.0,100.0,100.0,100.0,100.0,100.0,122.7,122.7,122.7,122.7,122.7,122.7,122.7,122.7,122.7,122.7,122.7,122.7,122.7,122.7,47.0,47.2,47.0,46.8,47.0,47.0,47.0,0.0,100.0,100.0,100.0,100.0,100.0,100.0,100.0,0.0,0.0,0.0,0.0,0.0,0.0,0.0,0.0,0.0,0.0,0.0,0.0,0.0,0.0,2395.7,24.00,40,39,39,77,116,708,1,85.9,85.0,86.8,81.9,77.2,82.6,84.6,84.5,79.0,83.3,64.4,64.4,69.2,62.4,44.0,43.0,45.0,1.056,1.015,1.100,41.366,7.844,41.368,50.000,5.424,64.527,6.883,6.526,6.918,6.985,7.103,6.860,6.907,43.717,7.961,57.646,63.120,1996.4,2395.7,4678.4,4678.4,4701.0,71.7,55.2,33.3,71.7,100.0,いいえ,いいえ,いいえ,7.695,2.537,6.0,38.0,85.9,40.0,85.0,1.088,12.197,3.456,3.328,5.040,1.064,1.040,3.440,3.328,1.808,1.024,1.120,1.040,1.792,1.104,0.784,1.824,0.248,2014,いいえ,56.5,42.0,1.110,1.110,1.800,1.800,1.005,5.040,1.000,いいえ,いいえ,いいえ,41.2,1.095,1.110,1.800,1.800,1.005,5.040,1.000,いいえ,いいえ,いいえ,37,37,いいえ,はい,15388,14038,128,128,34,100.0,いいえ,いいえ,3868,2528,9990,39,39,47,100.0,100.0,いいえ,いいえ,7031,7744,0.7,0.0,0.7,0.007,0.000,1392,1005,0.0,0.0,0.0,0.000,0.000,181182,133153,0.1,0.3,0.3,0.041,0.615,66267,77404,64.5,0.720,40.000,600.0,2400.0,1200.0,100.0,0.0,0.0,0.0,0.0,0.0,0.0,0.0,0.0,125,2,16.0,86,いいえ,いいえ,いいえ,39.7,46.0,49.3,84.0,0.865,12.309,12.319,12.266,12.333,12.318,0,0,11.542,5.121,3.698,0.468,7.899,3.934,0.234,8.146,8.090,8.499,220.000,220.000,210.0,50.6,1185.0,210.0,1290.0,210.1,50.5,1414.4,18.0,12.0,13.0,0.0,10.1,3.7,4.8,0.0,9.8,0.0,0,0,はい,いいえ,いいえ,いいえ,いいえ,はい,いいえ,5.4,5.7,0,0,0,0,0,0,0,0,0,0,0,0,0,0,0,0,0,0,0,0,0,0,0,0,0,0,0,0,0,0,11041,1241,964,115,2.5,3.8,9.9,2.0,2.0,2.0,2.0,3.8,9.8,2.0,2.0,2.0,2.0,261.09,494.77,100.48,98.96,501.12,501.12,0.74,0.01,260.92,0.16,256.41,0,0,0.0,0.0,44259,38786,1021.4,984.3,0,
19.7.2026,0:41:58.682,21081,12830,62.1,17309,14553,54.3,1.0,2048,20,1.102,1.090,1.115,1.105,1.105,1.105,1.090,4758.1,4741.4,4791.4,4766.4,4766.4,4741.4,4741.4,99.8,4684.5,4699.3,4683.1,4683.2,4683.3,4681.9,4683.0,4683.4,4683.8,4683.7,4684.1,4682.7,4682.4,4684.5,100.0,100.0,100.0,100.0,100.0,100.0,100.0,100.0,100.0,100.0,100.0,100.0,100.0,100.0,100.0,123.5,123.5,123.5,123.5,123.5,123.5,123.5,123.5,123.5,123.5,123.5,123.5,123.5,123.5,47.7,47.5,48.0,47.8,47.8,47.5,47.5,0.0,100.0,100.0,100.0,100.0,100.0,100.0,100.0,0.0,0.0,0.0,0.0,0.0,0.0,0.0,0.0,0.0,0.0,0.0,0.0,0.0,0.0,2395.7,24.00,40,39,39,77,116,708,1,85.9,85.0,84.0,81.8,77.1,82.6,84.4,84.5,79.0,83.2,64.7,64.7,69.5,62.5,44.0,43.0,45.0,1.075,1.015,1.100,41.251,7.790,41.250,49.500,5.471,65.395,6.930,6.570,7.006,7.001,7.172,6.898,6.934,44.365,7.906,58.290,63.971,1996.4,2395.7,4710.2,4710.2,4734.9,72.7,55.0,33.0,72.7,100.0,いいえ,いいえ,いいえ,10.774,3.437,6.0,38.0,85.9,40.0,85.0,1.104,12.197,3.456,3.328,5.040,1.072,1.040,3.456,3.328,1.808,1.024,1.120,1.040,1.808,1.104,0.784,1.824,0.248,2017,いいえ,56.5,42.0,1.110,1.110,1.800,1.800,1.005,5.040,1.000,いいえ,いいえ,いいえ,41.2,1.110,1.110,1.800,1.800,1.005,5.040,1.125,いいえ,いいえ,いいえ,37,37,いいえ,はい,15388,14038,128,128,34,100.0,いいえ,いいえ,3868,2528,9990,39,39,47,100.0,100.0,いいえ,いいえ,7031,7744,0.0,0.1,0.1,0.000,0.016,1392,1005,0.0,0.0,0.0,0.000,0.000,181182,133153,0.0,0.1,0.1,0.000,0.167,66267,77404,64.6,0.720,40.000,600.0,2400.0,1200.0,100.0,0.0,0.0,0.0,0.0,0.0,0.0,0.0,0.0,125,2,16.0,86,いいえ,いいえ,いいえ,39.6,44.0,49.4,84.0,0.865,12.308,12.317,12.265,12.333,12.316,0,0,10.501,4.622,2.271,0.246,7.800,2.393,0.123,7.930,8.076,8.134,220.000,220.000,210.0,50.6,1185.0,210.0,1290.0,210.0,50.5,1414.0,2.0,6.0,2.0,0.0,10.1,2.0,2.9,0.0,5.2,0.0,0,0,はい,いいえ,いいえ,いいえ,いいえ,はい,いいえ,4.7,5.2,0,0,0,0,0,0,0,0,0,0,0,0,0,0,0,0,0,0,0,0,0,0,0,0,0,0,0,0,0,0,11041,1241,964,115,2.5,4.3,4.3,4.3,4.3,4.3,4.3,4.3,4.3,4.3,4.3,4.3,4.3,233.22,233.22,233.22,233.22,233.22,233.22,0.85,0.00,233.01,0.21,16.50,0,0,0.0,0.0,44262,38788,1612.8,929.4,0,
19.7.2026,0:42:0.669,21072,12839,62.1,17296,14567,54.2,1.0,2048,20,1.073,1.090,1.060,1.060,1.090,1.090,1.045,4716.5,4766.4,4691.5,4666.6,4741.4,4741.4,4691.5,99.8,4692.1,4706.7,4690.0,4691.2,4691.2,4690.3,4690.9,4691.1,4691.1,4691.1,4690.7,4690.1,4691.0,4692.1,100.0,100.0,100.0,100.0,100.0,100.0,100.0,100.0,100.0,100.0,100.0,100.0,100.0,100.0,100.0,123.7,123.7,123.7,123.7,123.7,123.7,123.7,123.7,123.7,123.7,123.7,123.7,123.7,123.7,47.2,47.8,47.0,46.8,47.5,47.5,47.0,0.0,100.0,100.0,100.0,100.0,100.0,100.0,100.0,0.0,0.0,0.0,0.0,0.0,0.0,0.0,0.0,0.0,0.0,0.0,0.0,0.0,0.0,2395.7,24.00,40,39,39,77,116,708,1,85.9,85.0,84.9,81.7,76.9,82.4,84.5,84.4,78.7,83.5,64.8,64.8,70.0,62.4,44.0,43.0,45.0,1.078,1.015,1.100,41.008,7.866,41.014,51.000,5.456,65.366,6.827,6.462,6.880,6.941,7.018,6.740,6.923,44.240,7.984,58.224,63.900,1996.4,2395.7,4717.2,4717.2,4740.5,72.6,54.7,34.0,72.6,100.0,いいえ,いいえ,いいえ,10.813,3.001,6.0,38.0,85.9,40.0,85.0,1.112,12.197,3.456,3.328,5.040,1.072,1.040,3.456,3.328,1.808,1.024,1.120,1.040,1.792,1.104,0.784,1.824,0.256,2017,いいえ,56.5,42.0,1.110,1.110,1.815,1.800,1.005,5.040,0.500,いいえ,いいえ,いいえ,41.2,1.110,1.110,1.815,1.800,1.005,5.040,0.875,いいえ,いいえ,いいえ,37,37,いいえ,はい,15388,14038,128,128,34,100.0,いいえ,いいえ,3868,2528,9990,39,39,47,100.0,100.0,いいえ,いいえ,7031,7744,0.0,0.1,0.1,0.000,0.006,1392,1005,0.0,0.0,0.0,0.000,0.000,181182,133153,0.0,0.3,0.3,0.000,4.700,66267,77413,64.6,0.720,46.000,600.0,2400.0,1200.0,100.0,0.0,0.0,0.0,0.0,0.0,0.0,0.0,0.0,125,2,16.0,86,いいえ,いいえ,いいえ,39.6,44.0,49.4,84.0,0.865,12.301,12.312,12.256,12.327,12.311,0,0,10.407,4.818,2.253,0.246,7.783,2.379,0.123,7.909,9.709,8.143,220.000,220.000,210.0,50.6,1185.0,210.0,1290.0,210.0,50.5,1413.9,2.0,5.0,1.0,0.0,10.1,0.8,1.2,0.0,2.0,0.0,0,0,はい,いいえ,いいえ,いいえ,いいえ,はい,いいえ,4.7,5.3,0,0,0,0,0,0,0,0,0,0,0,0,0,0,0,0,0,0,0,0,0,0,0,0,0,0,0,0,0,0,11041,1241,964,114,2.5,1.1,1.1,1.1,1.1,1.1,1.1,0.0,0.0,0.0,0.0,0.0,0.0,943.86,943.86,943.86,943.86,943.86,943.86,5.45,138.27,943.74,0.12,0.00,0,0,0.0,0.0,44265,38788,1473.1,217.1,0,
19.7.2026,0:42:2.672,21110,12801,62.2,17317,14545,54.3,1.0,2048,20,1.100,1.090,1.090,1.105,1.105,1.105,1.105,4758.1,4741.4,4741.4,4766.4,4766.4,4766.4,4766.4,99.8,4684.8,4705.8,4683.1,4684.9,4688.5,4673.6,4678.3,4684.0,4687.5,4685.6,4689.1,4675.4,4681.7,4684.8,100.0,100.0,100.0,100.0,100.0,100.0,100.0,100.0,100.0,100.0,100.0,100.0,100.0,100.0,100.0,123.7,123.7,123.7,123.6,123.7,123.7,123.7,123.7,123.7,123.6,123.7,123.7,123.7,123.7,47.7,47.5,47.5,47.8,47.8,47.8,47.8,0.0,100.0,100.0,100.0,100.0,100.0,100.0,100.0,0.0,0.0,0.0,0.0,0.0,0.0,0.0,0.0,0.0,0.0,0.0,0.0,0.0,0.0,2395.7,24.00,40,39,39,77,116,708,1,85.9,85.0,86.4,81.7,76.9,82.3,84.5,84.3,78.8,83.5,64.8,64.8,69.2,62.5,44.0,43.0,45.0,1.078,1.015,1.100,40.900,7.806,40.899,53.500,5.469,65.136,6.910,6.568,6.872,7.099,7.033,6.815,7.070,44.118,7.923,58.057,63.696,1996.4,2395.7,4716.4,4716.4,4739.7,72.4,54.5,35.7,72.4,100.0,いいえ,いいえ,いいえ,10.378,2.971,6.0,38.0,85.9,40.0,85.0,1.080,12.197,3.456,3.328,5.040,1.072,1.040,3.440,3.328,1.808,1.024,1.120,1.040,1.792,1.104,0.776,1.824,0.248,2017,いいえ,56.5,42.0,1.110,1.110,1.815,1.800,1.005,5.040,1.000,いいえ,いいえ,いいえ,41.2,1.110,1.110,1.815,1.800,1.005,5.040,1.125,いいえ,いいえ,いいえ,37,37,いいえ,はい,15388,14038,128,128,34,100.0,いいえ,いいえ,3868,2528,9990,38,38,47,100.0,100.0,いいえ,いいえ,7031,7744,0.0,0.8,0.8,0.000,0.004,1392,1005,0.0,0.0,0.0,0.000,0.000,181182,133153,0.0,0.0,0.0,0.000,0.000,66267,77413,64.7,0.720,41.000,600.0,2400.0,1200.0,100.0,0.0,0.0,0.0,0.0,0.0,0.0,0.0,0.0,125,2,16.0,86,いいえ,いいえ,いいえ,39.6,44.0,49.3,84.0,0.865,12.308,12.316,12.265,12.335,12.317,0,0,10.397,4.565,2.097,0.222,7.800,2.208,0.111,7.914,8.027,8.145,220.000,220.000,210.0,50.6,1185.0,210.0,1290.0,210.0,50.5,1414.2,2.0,6.0,2.0,0.0,10.1,0.9,1.6,0.0,2.0,0.0,0,0,はい,いいえ,いいえ,いいえ,いいえ,はい,いいえ,4.5,5.3,0,0,0,0,0,0,0,0,0,0,0,0,0,0,0,0,0,0,0,0,0,0,0,0,0,0,0,0,0,0,11041,1241,964,114,2.5,3.0,14.7,1.7,1.6,1.6,1.6,0.0,0.0,0.0,0.0,0.0,0.0,335.90,603.78,68.02,63.10,609.25,609.25,4.40,68.29,335.81,0.09,0.00,0,0,0.0,0.0,44268,38789,1421.3,329.9,0,
19.7.2026,0:42:4.677,21078,12833,62.1,17316,14547,54.3,1.0,2048,20,1.076,1.050,1.075,1.060,1.075,1.105,1.090,4716.5,4641.6,4691.5,4691.5,4766.4,4766.4,4741.4,99.8,4665.3,4680.6,4662.7,4663.9,4663.5,4663.7,4664.2,4664.3,4664.2,4664.3,4664.4,4664.1,4664.1,4665.3,100.0,100.0,99.9,100.0,100.0,100.0,100.0,100.0,100.0,100.0,100.0,100.0,100.0,100.0,100.0,123.0,123.0,122.9,123.0,123.0,123.0,123.0,123.0,123.0,123.0,123.0,123.0,123.0,123.0,47.2,46.5,47.0,47.0,47.8,47.8,47.5,0.0,100.0,100.0,100.0,100.0,100.0,100.0,100.0,0.0,0.0,0.0,0.0,0.0,0.0,0.0,0.0,0.0,0.0,0.0,0.0,0.0,0.0,2395.7,24.00,40,39,39,77,116,708,1,85.9,85.0,85.2,81.7,76.9,82.5,84.6,84.4,78.7,83.3,64.6,64.6,68.8,62.4,44.0,43.0,45.0,1.063,1.015,1.100,41.159,7.961,41.155,51.000,5.443,64.908,6.809,6.433,6.875,6.946,7.006,6.741,6.851,43.796,8.080,57.864,63.461,1996.4,2395.7,4691.5,4691.5,4714.5,72.1,54.9,34.0,72.1,100.0,いいえ,いいえ,いいえ,9.452,3.138,6.0,38.0,85.9,40.0,85.0,1.136,12.197,3.456,3.328,5.040,1.072,1.040,3.440,3.328,1.808,1.024,1.120,1.040,1.792,1.104,0.784,1.824,0.248,2023,いいえ,56.5,42.0,1.110,1.110,1.815,1.800,0.990,5.040,0.875,いいえ,いいえ,いいえ,41.2,1.110,1.110,1.815,1.800,1.005,5.040,1.375,いいえ,いいえ,いいえ,37,37,いいえ,はい,15388,14038,128,128,34,100.0,いいえ,いいえ,3868,2528,9990,39,39,47,100.0,100.0,いいえ,いいえ,7031,7744,0.0,0.1,0.1,0.000,0.008,1392,1005,0.0,0.0,0.0,0.000,0.000,181182,133153,0.0,0.0,0.0,0.000,0.063,66267,77413,64.6,0.720,45.000,600.0,2400.0,1200.0,100.0,0.0,0.0,0.0,0.0,0.0,0.0,0.0,0.0,125,2,16.0,86,いいえ,いいえ,いいえ,39.6,44.0,49.4,84.0,0.865,12.309,12.316,12.266,12.335,12.318,0,0,10.440,4.597,2.210,0.222,7.801,2.319,0.111,7.923,8.035,8.154,220.000,220.000,210.0,50.6,1185.0,210.0,1290.0,210.1,50.5,1413.0,4.0,7.0,3.0,0.0,10.1,0.7,0.8,0.0,1.9,0.0,0,0,はい,いいえ,いいえ,いいえ,いいえ,はい,いいえ,4.6,4.9,0,0,0,0,0,0,0,0,0,0,0,0,0,0,0,0,0,0,0,0,0,0,0,0,0,0,0,0,0,0,11041,1241,964,114,2.5,1.0,2.8,0.6,0.6,0.6,0.6,1.0,2.8,0.6,0.6,0.6,0.6,1016.28,1669.47,363.08,351.09,1682.80,1682.80,11.33,666.40,1016.28,0.00,1349.63,0,0,0.0,0.0,44269,38789,562.6,155.5,0,
19.7.2026,0:42:6.667,21083,12828,62.1,17321,14542,54.3,1.0,2048,20,1.048,1.060,1.050,1.050,1.035,1.035,1.060,4674.9,4691.5,4666.6,4666.6,4641.6,4666.6,4716.5,99.8,4669.6,4684.2,4668.0,4668.2,4668.7,4667.9,4668.5,4668.6,4668.5,4668.4,4668.1,4668.1,4668.1,4669.6,100.0,100.0,100.0,100.0,100.0,100.0,100.0,100.0,100.0,100.0,100.0,100.0,100.0,100.0,100.0,123.1,123.1,123.1,123.1,123.1,123.1,123.1,123.1,123.1,123.1,123.1,123.1,123.1,123.1,46.8,47.0,46.8,46.8,46.5,46.8,47.2,0.0,100.0,100.0,100.0,100.0,100.0,100.0,100.0,0.0,0.0,0.0,0.0,0.0,0.0,0.0,0.0,0.0,0.0,0.0,0.0,0.0,0.0,2395.7,24.00,40,39,39,77,116,708,1,85.8,85.0,84.9,82.0,77.4,82.8,84.3,84.2,79.4,83.9,64.7,64.7,69.2,62.4,44.0,43.0,45.0,1.066,1.015,1.100,41.244,8.017,41.243,49.500,5.436,65.070,6.849,6.529,6.942,6.840,6.921,6.875,6.989,43.980,8.137,58.097,63.647,1996.4,2395.7,4694.4,4694.4,4717.6,72.3,55.0,33.0,72.3,100.0,いいえ,いいえ,いいえ,8.870,2.760,6.0,38.0,85.8,40.0,85.0,1.112,12.197,3.456,3.328,5.040,1.072,1.040,3.440,3.328,1.808,1.024,1.120,1.032,1.792,1.104,0.784,1.824,0.248,2011,いいえ,56.5,42.0,1.110,1.110,1.815,1.800,0.990,5.040,0.750,いいえ,いいえ,いいえ,41.2,1.110,1.110,1.815,1.800,0.990,5.040,0.875,いいえ,いいえ,いいえ,37,37,いいえ,はい,15388,14038,128,128,34,100.0,いいえ,いいえ,3868,2528,9990,39,39,47,100.0,100.0,いいえ,いいえ,7031,7744,0.0,0.0,0.0,0.000,0.006,1392,1005,0.0,0.0,0.0,0.000,0.000,181182,133153,0.0,0.0,0.0,0.000,0.004,66267,77413,64.6,0.720,38.000,600.0,2400.0,1200.0,100.0,0.0,0.0,0.0,0.0,0.0,0.0,0.0,0.0,125,2,16.0,86,いいえ,いいえ,いいえ,39.6,44.0,49.4,84.0,0.865,12.312,12.319,12.270,12.337,12.321,0,0,10.439,4.641,2.345,0.246,7.816,2.467,0.123,7.951,8.035,8.141,220.000,220.000,210.0,50.6,1185.0,210.0,1290.0,210.1,50.5,1413.3,1.0,5.0,0.0,0.0,10.1,0.8,1.0,0.0,2.0,0.0,0,0,はい,いいえ,いいえ,いいえ,いいえ,はい,いいえ,4.7,5.4,0,0,0,0,0,0,0,0,0,0,0,0,0,0,0,0,0,0,0,0,0,0,0,0,0,0,0,0,0,0,11041,1241,964,114,2.5,1.3,1.3,1.3,1.3,1.3,1.3,1.2,1.2,1.2,1.2,1.2,1.2,788.20,788.20,788.20,788.20,788.20,788.20,3.93,785.90,787.81,0.39,209.66,0,0,0.0,0.0,44272,38790,1273.8,218.5,0,
19.7.2026,0:42:8.680,21078,12833,62.1,17326,14537,54.3,1.0,2048,20,1.057,1.075,1.060,1.060,1.050,1.090,1.010,4683.2,4716.5,4691.5,4666.6,4666.6,4741.4,4616.7,99.8,4678.0,4692.5,4677.0,4676.9,4676.8,4676.0,4676.4,4676.9,4676.4,4676.6,4677.0,4676.6,4676.4,4678.0,100.0,100.0,100.0,100.0,100.0,100.0,100.0,100.0,100.0,100.0,100.0,100.0,100.0,100.0,100.0,123.3,123.3,123.3,123.3,123.3,123.3,123.3,123.3,123.3,123.3,123.3,123.3,123.3,123.3,46.9,47.2,47.0,46.8,46.8,47.5,46.2,0.0,100.0,100.0,100.0,100.0,100.0,100.0,100.0,0.0,0.0,0.0,0.0,0.0,0.0,0.0,0.0,0.0,0.0,0.0,0.0,0.0,0.0,2395.7,24.00,40,39,39,77,116,708,1,85.9,85.0,83.9,81.8,76.9,82.7,84.7,84.3,78.9,83.6,64.7,64.7,69.8,62.4,44.0,43.0,45.0,1.071,1.015,1.100,41.327,8.131,41.328,49.500,5.430,65.594,6.865,6.448,6.955,6.992,7.025,6.829,6.945,44.275,8.253,58.501,64.151,1996.4,2395.7,4703.3,4703.3,4727.8,72.9,55.1,33.0,72.9,100.0,いいえ,いいえ,いいえ,10.298,3.455,6.0,38.0,85.9,40.0,85.0,1.064,12.197,3.456,3.328,5.040,1.072,1.040,3.456,3.328,1.808,1.024,1.120,1.040,1.792,1.104,0.776,1.824,0.256,2011,いいえ,56.5,42.0,1.110,1.110,1.815,1.800,0.990,5.040,0.750,いいえ,いいえ,いいえ,41.5,1.110,1.110,1.815,1.800,0.990,5.040,0.875,いいえ,いいえ,いいえ,37,37,いいえ,はい,15388,14038,128,128,34,100.0,いいえ,いいえ,3868,2528,9990,39,39,47,100.0,100.0,いいえ,いいえ,7031,7744,0.0,0.2,0.2,0.000,0.022,1392,1005,0.0,0.0,0.0,0.000,0.000,181182,133153,0.0,0.5,0.5,0.000,3.129,66267,77419,64.7,0.720,38.000,600.0,2400.0,1200.0,100.0,0.0,0.0,0.0,0.0,0.0,0.0,0.0,0.0,125,2,16.0,86,いいえ,いいえ,いいえ,39.6,44.0,49.4,84.0,0.865,12.311,12.318,12.270,12.335,12.320,0,0,10.534,4.553,2.076,0.222,7.779,2.183,0.111,7.896,8.027,8.132,220.000,220.000,210.0,50.6,1185.0,210.0,1290.0,210.1,50.5,1413.2,1.0,5.0,0.0,0.0,10.1,0.6,0.7,0.0,1.8,0.0,0,0,はい,いいえ,いいえ,いいえ,いいえ,はい,いいえ,4.5,4.9,0,0,0,0,0,0,0,0,0,0,0,0,0,0,0,0,0,0,0,0,0,0,0,0,0,0,0,0,0,0,11041,1241,964,114,2.5,1.0,1.0,1.0,1.0,1.0,1.0,1.0,1.0,1.0,1.0,1.0,1.0,986.73,986.73,986.73,986.73,986.73,986.73,7.95,976.51,986.73,0.00,966.28,0,0,0.0,0.0,44274,38790,1179.4,205.2,0,
19.7.2026,0:42:10.679,21080,12831,62.1,17320,14543,54.3,1.0,2048,20,1.081,1.110,1.075,1.090,1.045,1.060,1.105,4753.9,4766.4,4741.4,4766.4,4691.5,4766.4,4791.4,99.8,4673.0,4687.2,4671.5,4671.6,4671.6,4671.0,4671.4,4671.9,4671.9,4671.8,4672.0,4671.7,4671.9,4673.0,100.0,100.0,100.0,100.0,100.0,100.0,100.0,100.0,100.0,100.0,100.0,100.0,100.0,100.0,100.0,123.2,123.2,123.2,123.2,123.2,123.2,123.2,123.2,123.2,123.2,123.2,123.2,123.2,123.2,47.6,47.8,47.5,47.8,47.0,47.8,48.0,0.0,100.0,100.0,100.0,100.0,100.0,100.0,100.0,0.0,0.0,0.0,0.0,0.0,0.0,0.0,0.0,0.0,0.0,0.0,0.0,0.0,0.0,2395.7,24.00,40,39,39,77,116,708,1,85.9,85.0,85.4,81.8,77.1,82.6,84.5,84.4,78.7,83.3,64.7,64.7,70.0,62.5,44.0,43.0,45.0,1.067,1.015,1.100,41.106,8.094,41.107,52.500,5.447,65.112,6.790,6.488,6.869,6.893,6.970,6.703,6.817,43.870,8.215,58.077,63.659,1996.4,2395.7,4697.9,4697.9,4721.1,72.3,54.8,35.0,72.3,100.0,いいえ,いいえ,いいえ,9.451,2.715,6.0,38.0,85.9,40.0,85.0,1.080,12.197,3.456,3.328,5.040,1.072,1.040,3.440,3.328,1.808,1.024,1.120,1.040,1.792,1.104,0.776,1.824,0.248,2017,いいえ,56.5,42.0,1.110,1.110,1.815,1.800,0.990,5.040,1.125,いいえ,いいえ,いいえ,41.5,1.110,1.110,1.815,1.800,0.990,5.040,0.875,いいえ,いいえ,いいえ,37,37,いいえ,はい,15388,14038,128,128,34,100.0,いいえ,いいえ,3868,2528,9990,39,39,47,100.0,100.0,いいえ,いいえ,7031,7744,0.0,0.1,0.1,0.000,0.008,1392,1005,0.0,0.0,0.0,0.000,0.000,181182,133153,0.0,0.0,0.0,0.000,1.216,66267,77422,64.7,0.720,39.000,600.0,2400.0,1200.0,100.0,0.0,0.0,0.0,0.0,0.0,0.0,0.0,0.0,125,2,16.0,86,いいえ,いいえ,いいえ,39.6,44.0,49.3,84.0,0.865,12.310,12.318,12.269,12.335,12.319,0,0,10.431,4.735,2.633,0.296,7.852,2.775,0.148,8.014,8.024,8.136,220.000,220.000,210.0,50.6,1185.0,210.0,1290.0,209.9,50.5,1413.7,2.0,6.0,1.0,0.0,10.1,0.7,0.8,0.0,1.9,0.0,0,0,はい,いいえ,いいえ,いいえ,いいえ,はい,いいえ,4.8,5.4,0,0,0,0,0,0,0,0,0,0,0,0,0,0,0,0,0,0,0,0,0,0,0,0,0,0,0,0,0,0,11041,1241,964,114,2.5,1.5,2.8,1.0,1.0,1.0,1.0,1.5,2.8,1.0,1.0,1.0,1.0,674.87,993.43,356.31,350.46,999.93,999.93,9.24,665.47,674.87,0.00,483.32,0,0,0.0,0.0,44277,38790,1527.3,196.8,0,
19.7.2026,0:42:12.668,21104,12807,62.2,17333,14530,54.3,1.0,2048,20,1.038,1.010,1.050,1.050,1.050,1.035,1.035,4633.3,4566.8,4666.6,4641.6,4641.6,4641.6,4641.6,99.8,4680.3,4695.2,4679.3,4679.2,4679.1,4678.3,4678.9,4678.9,4679.2,4678.9,4678.8,4678.6,4678.7,4680.3,100.0,100.0,100.0,100.0,100.0,100.0,100.0,100.0,100.0,100.0,100.0,100.0,100.0,100.0,100.0,123.4,123.4,123.4,123.4,123.4,123.4,123.4,123.4,123.4,123.4,123.4,123.4,123.4,123.4,46.4,45.8,46.8,46.5,46.5,46.5,46.5,0.0,100.0,100.0,100.0,100.0,100.0,100.0,100.0,0.0,0.0,0.0,0.0,0.0,0.0,0.0,0.0,0.0,0.0,0.0,0.0,0.0,0.0,2395.7,24.00,40,39,39,77,116,708,1,85.9,85.0,84.9,81.6,76.5,82.0,84.5,84.4,79.0,83.3,64.8,64.8,69.2,62.4,44.0,43.0,45.0,1.072,1.015,1.100,41.014,8.122,41.013,50.000,5.454,65.281,6.859,6.544,6.998,6.923,7.016,6.812,6.862,43.995,8.244,58.239,63.828,1996.4,2395.7,4706.1,4706.1,4729.9,72.5,54.7,33.3,72.5,100.0,いいえ,いいえ,いいえ,9.567,2.605,6.0,38.0,85.9,40.0,85.0,1.064,12.197,3.456,3.328,5.040,1.072,1.040,3.440,3.328,1.808,1.024,1.120,1.040,1.792,1.104,0.776,1.824,0.256,2023,いいえ,56.5,42.2,1.110,1.110,1.815,1.800,0.990,5.040,1.000,いいえ,いいえ,いいえ,41.5,1.110,1.110,1.815,1.800,0.990,5.040,0.750,いいえ,いいえ,いいえ,37,37,いいえ,はい,15388,14038,128,128,34,100.0,いいえ,いいえ,3868,2528,9990,39,39,47,100.0,100.0,いいえ,いいえ,7031,7744,0.0,0.0,0.0,0.000,0.004,1392,1005,0.0,0.0,0.0,0.000,0.000,181182,133153,0.0,0.7,0.7,0.000,5.154,66267,77432,64.7,0.720,44.000,600.0,2400.0,1200.0,100.0,0.0,0.0,0.0,0.0,0.0,0.0,0.0,0.0,125,2,16.0,86,いいえ,いいえ,いいえ,39.6,44.0,49.3,84.0,0.865,12.309,12.317,12.268,12.334,12.318,0,0,10.403,4.706,2.585,0.271,7.814,2.713,0.136,7.952,8.032,8.142,220.000,220.000,210.0,50.6,1185.0,210.0,1290.0,210.1,50.5,1413.3,3.0,6.0,2.0,0.0,10.1,0.7,1.0,0.0,1.7,0.0,0,0,はい,いいえ,いいえ,いいえ,いいえ,はい,いいえ,4.8,5.0,0,0,0,0,0,0,0,0,0,0,0,0,0,0,0,0,0,0,0,0,0,0,0,0,0,0,0,0,0,0,11041,1241,964,113,2.5,1.1,1.1,1.1,1.1,1.1,1.1,0.0,0.0,0.0,0.0,0.0,0.0,930.63,930.63,930.63,930.63,930.63,930.63,5.26,75.26,930.53,0.09,0.00,0,0,0.0,0.0,44280,38791,1756.1,205.8,0,
19.7.2026,0:42:14.678,21089,12822,62.1,17333,14530,54.3,1.0,2048,20,1.073,1.060,1.105,1.075,1.060,1.050,1.090,4712.3,4691.5,4766.4,4691.5,4716.5,4691.5,4716.5,99.8,4674.6,4688.8,4672.7,4673.4,4672.6,4672.8,4673.3,4673.6,4673.7,4673.8,4673.3,4673.7,4673.8,4674.6,100.0,100.0,100.0,100.0,100.0,100.0,100.0,100.0,100.0,100.0,100.0,100.0,100.0,100.0,100.0,123.2,123.2,123.2,123.2,123.2,123.2,123.2,123.2,123.2,123.2,123.2,123.2,123.2,123.2,47.2,47.0,47.8,47.0,47.2,47.0,47.2,0.0,100.0,100.0,100.0,100.0,100.0,100.0,100.0,0.0,0.0,0.0,0.0,0.0,0.0,0.0,0.0,0.0,0.0,0.0,0.0,0.0,0.0,2395.7,24.00,40,39,39,77,116,708,1,85.9,85.0,86.4,81.8,77.2,82.6,84.6,84.4,78.7,83.4,64.6,64.6,70.0,62.8,44.0,43.0,45.0,1.068,1.015,1.100,41.299,7.865,41.296,50.000,5.457,65.094,6.815,6.513,6.871,6.924,7.002,6.719,6.857,44.111,7.982,58.097,63.675,1996.4,2395.7,4699.3,4699.3,4722.6,72.4,55.1,33.3,72.4,100.0,いいえ,いいえ,いいえ,9.418,2.803,6.0,38.0,85.9,40.0,85.0,1.032,12.197,3.456,3.328,5.040,1.072,1.040,3.440,3.328,1.808,1.024,1.120,1.040,1.808,1.104,0.776,1.824,0.248,2011,いいえ,56.5,42.2,1.110,1.110,1.815,1.800,0.990,5.040,0.625,いいえ,いいえ,いいえ,41.5,1.110,1.110,1.815,1.800,0.990,5.040,1.125,いいえ,いいえ,いいえ,37,37,いいえ,はい,15388,14038,128,128,34,100.0,いいえ,いいえ,3868,2528,9990,39,39,47,100.0,100.0,いいえ,いいえ,7031,7744,0.0,0.0,0.0,0.000,0.002,1392,1005,0.0,0.0,0.0,0.000,0.000,181182,133153,0.0,1.0,1.0,0.000,5.399,66267,77442,64.7,0.720,42.000,600.0,2400.0,1200.0,100.0,0.0,0.0,0.0,0.0,0.0,0.0,0.0,0.0,125,2,16.0,86,いいえ,いいえ,いいえ,39.6,44.0,49.4,84.0,0.865,12.307,12.316,12.265,12.333,12.316,0,0,10.486,4.708,2.515,0.271,7.837,2.652,0.135,7.981,8.035,8.241,220.000,220.000,210.0,50.6,1185.0,210.0,1290.0,210.0,50.5,1412.2,4.0,7.0,3.0,0.0,10.1,0.8,1.1,0.0,2.1,0.0,0,0,はい,いいえ,いいえ,いいえ,いいえ,はい,いいえ,4.8,5.1,0,0,0,0,0,0,0,0,0,0,0,0,0,0,0,0,0,0,0,0,0,0,0,0,0,0,0,0,0,0,11041,1241,964,113,2.5,1.1,1.1,1.1,1.1,1.1,1.1,0.0,0.0,0.0,0.0,0.0,0.0,930.63,930.63,930.63,930.63,930.63,930.63,5.26,75.26,930.53,0.09,0.00,0,0,0.0,0.0,44281,38791,290.5,132.8,0,
19.7.2026,0:42:16.672,21070,12841,62.1,17333,14529,54.3,1.0,2048,20,1.066,1.060,1.040,1.035,1.035,1.090,1.135,4699.9,4691.5,4641.6,4641.6,4641.6,4766.4,4816.3,99.8,4645.3,4660.2,4644.0,4643.5,4643.7,4643.4,4644.1,4644.3,4644.0,4644.2,4643.6,4644.1,4644.3,4645.3,100.0,100.0,100.0,100.0,100.0,100.0,100.0,100.0,100.0,100.0,100.0,100.0,100.0,100.0,100.0,122.5,122.4,122.4,122.4,122.4,122.5,122.5,122.5,122.5,122.5,122.4,122.5,122.5,122.5,47.1,47.0,46.5,46.5,46.5,47.8,48.2,0.0,100.0,100.0,100.0,100.0,100.0,100.0,100.0,0.0,0.0,0.0,0.0,0.0,0.0,0.0,0.0,0.0,0.0,0.0,0.0,0.0,0.0,2395.7,24.00,40,39,39,77,116,708,1,85.8,85.0,84.4,81.9,77.1,82.7,84.7,84.4,78.8,83.6,64.4,64.4,70.0,62.5,44.0,43.0,45.0,1.051,1.015,1.100,41.412,7.740,41.413,49.500,5.450,64.282,6.796,6.464,6.875,6.912,6.951,6.711,6.864,43.540,7.856,57.392,62.845,1996.4,2395.7,4670.0,4670.0,4691.8,71.4,55.2,33.0,71.4,100.0,いいえ,いいえ,いいえ,7.141,2.502,6.0,38.0,85.8,40.0,85.0,1.088,12.197,3.456,3.328,5.040,1.072,1.040,3.440,3.328,1.808,1.024,1.120,1.040,1.792,1.104,0.776,1.824,0.248,2011,いいえ,56.5,42.2,1.110,1.110,1.815,1.800,0.975,5.040,0.750,いいえ,いいえ,いいえ,41.5,1.110,1.110,1.815,1.800,1.005,5.040,1.125,いいえ,いいえ,いいえ,37,37,いいえ,はい,15388,14038,128,128,34,100.0,いいえ,いいえ,3868,2528,9990,39,39,47,100.0,100.0,いいえ,いいえ,7031,7744,0.0,0.1,0.1,0.000,0.010,1392,1005,0.0,0.0,0.0,0.000,0.000,181182,133153,0.0,0.0,0.0,0.000,0.069,66267,77442,64.7,0.720,42.000,600.0,2400.0,1200.0,100.0,0.0,0.0,0.0,0.0,0.0,0.0,0.0,0.0,125,2,16.0,86,いいえ,いいえ,いいえ,39.6,46.0,49.3,84.0,0.865,12.311,12.319,12.269,12.336,12.320,0,0,10.374,4.654,2.361,0.246,7.840,2.480,0.123,7.971,8.035,8.172,220.000,220.000,210.0,50.6,1185.0,210.0,1290.0,210.0,50.5,1413.9,2.0,5.0,1.0,0.0,10.1,0.8,1.1,0.0,1.9,0.0,0,0,はい,いいえ,いいえ,いいえ,いいえ,はい,いいえ,4.7,5.0,0,0,0,0,0,0,0,0,0,0,0,0,0,0,0,0,0,0,0,0,0,0,0,0,0,0,0,0,0,0,11041,1241,964,113,2.5,3.3,17.3,1.1,1.1,1.1,1.1,1.7,7.9,0.9,0.9,0.9,0.9,304.91,912.72,57.69,57.57,935.87,935.87,3.14,43.18,304.80,0.11,221.38,0,0,0.0,0.0,44281,38792,7.8,348.8,0,
19.7.2026,0:42:18.676,21083,12828,62.1,17338,14525,54.4,1.0,2048,20,1.044,1.035,1.045,1.050,1.045,1.045,1.045,4645.8,4641.6,4641.6,4641.6,4641.6,4666.6,4641.6,99.8,4645.4,4661.2,4644.8,4645.1,4644.0,4644.4,4645.4,4644.9,4645.0,4640.2,4640.8,4644.7,4644.4,4645.4,100.0,99.9,100.0,100.0,100.0,100.0,100.0,100.0,100.0,99.9,99.9,100.0,100.0,100.0,100.0,122.4,122.4,122.5,122.5,122.4,122.5,122.5,122.5,122.5,122.3,122.4,122.5,122.5,122.4,46.5,46.5,46.5,46.5,46.5,46.8,46.5,0.0,100.0,100.0,100.0,100.0,100.0,100.0,100.0,0.0,0.0,0.0,0.0,0.0,0.0,0.0,0.0,0.0,0.0,0.0,0.0,0.0,0.0,2395.7,24.00,40,39,39,77,116,708,1,85.8,85.0,84.9,81.8,77.1,82.4,84.6,84.3,78.8,83.6,64.5,64.5,69.0,62.5,44.0,43.0,45.1,1.053,1.015,1.100,41.261,7.865,41.262,50.500,5.433,64.342,6.774,6.444,6.825,6.885,6.944,6.694,6.854,43.450,7.983,57.409,62.916,1996.4,2395.7,4671.7,4671.7,4694.5,71.5,55.0,33.7,71.5,100.0,いいえ,いいえ,いいえ,7.964,2.852,6.0,38.0,85.8,40.0,85.0,1.080,12.197,3.456,3.328,5.040,1.072,1.040,3.440,3.328,1.808,1.024,1.120,1.040,1.792,1.104,0.776,1.824,0.256,2023,いいえ,56.5,42.2,1.110,1.110,1.815,1.800,0.975,4.970,1.125,いいえ,いいえ,いいえ,41.5,1.110,1.110,1.815,1.800,0.975,5.040,0.625,いいえ,いいえ,いいえ,37,37,いいえ,はい,15388,14038,128,128,34,100.0,いいえ,いいえ,3868,2528,9990,39,39,47,100.0,100.0,いいえ,いいえ,7031,7744,0.0,0.0,0.0,0.000,0.000,1392,1005,0.0,0.0,0.0,0.000,0.000,181182,133153,0.0,0.2,0.2,0.000,3.889,66267,77449,64.7,0.720,39.000,600.0,2400.0,1200.0,100.0,0.0,0.0,0.0,0.0,0.0,0.0,0.0,0.0,125,2,16.0,86,いいえ,いいえ,いいえ,39.7,44.0,49.4,84.0,0.865,12.309,12.317,12.267,12.335,12.319,0,0,10.521,4.722,2.559,0.271,7.839,2.701,0.136,7.992,8.106,8.174,220.000,220.000,210.0,50.6,1185.0,210.0,1290.0,210.0,50.5,1414.0,1.0,5.0,0.0,0.0,10.1,1.0,1.2,0.0,2.7,0.0,0,0,はい,いいえ,いいえ,いいえ,いいえ,はい,いいえ,4.8,5.7,0,0,0,0,0,0,0,0,0,0,0,0,0,0,0,0,0,0,0,0,0,0,0,0,0,0,0,0,0,0,11041,1241,964,112,2.5,1.5,3.1,1.0,1.0,1.0,1.0,1.5,3.1,1.0,1.0,1.0,1.0,658.09,993.28,322.90,316.75,1000.12,1000.12,15.98,642.14,658.09,0.00,516.83,0,0,0.0,0.0,44282,38792,673.5,234.3,0,
19.7.2026,0:42:20.676,21072,12839,62.1,17331,14532,54.3,1.0,2048,20,1.077,1.075,1.085,1.050,1.090,1.075,1.090,4720.7,4741.4,4716.5,4666.6,4716.5,4741.4,4741.4,99.8,4663.0,4677.4,4661.9,4662.0,4662.0,4661.4,4662.0,4662.1,4662.3,4662.4,4658.1,4662.4,4662.4,4663.0,100.0,100.0,100.0,100.0,100.0,100.0,100.0,100.0,100.0,100.0,99.9,100.0,100.0,100.0,100.0,122.9,122.9,122.9,122.9,122.9,122.9,122.9,122.9,122.9,122.9,122.8,122.9,122.9,122.9,47.3,47.5,47.2,46.8,47.2,47.5,47.5,0.0,100.0,100.0,100.0,100.0,100.0,100.0,100.0,0.0,0.0,0.0,0.0,0.0,0.0,0.0,0.0,0.0,0.0,0.0,0.0,0.0,0.0,2395.7,24.00,40,39,39,77,116,708,1,85.8,85.0,85.4,81.8,76.8,82.5,84.6,84.4,78.9,83.6,64.5,64.5,69.5,62.8,44.0,43.0,45.2,1.061,1.015,1.100,41.415,7.887,41.415,49.000,5.457,64.950,6.807,6.411,6.827,6.907,6.973,6.800,6.920,43.959,8.005,57.966,63.531,1996.4,2395.7,4687.3,4687.3,4710.5,72.2,55.2,32.7,72.2,100.0,いいえ,いいえ,いいえ,9.065,2.922,6.0,38.0,85.8,40.0,85.0,1.080,12.197,3.456,3.328,5.040,1.072,1.040,3.440,3.328,1.808,1.024,1.120,1.040,1.792,1.104,0.776,1.824,0.248,2030,いいえ,56.5,42.2,1.095,1.110,1.815,1.800,0.975,4.970,1.125,いいえ,いいえ,いいえ,41.5,1.110,1.110,1.815,1.800,0.975,4.970,0.750,いいえ,いいえ,いいえ,37,37,いいえ,はい,15388,14038,128,128,34,100.0,いいえ,いいえ,3868,2528,9990,39,39,47,100.0,100.0,いいえ,いいえ,7031,7744,0.0,0.1,0.1,0.000,0.012,1392,1005,0.0,0.0,0.0,0.000,0.000,181182,133153,0.0,0.0,0.0,0.000,0.075,66267,77450,64.8,0.720,45.000,600.0,2400.0,1200.0,100.0,0.0,0.0,0.0,0.0,0.0,0.0,0.0,0.0,125,2,16.0,86,いいえ,いいえ,いいえ,39.6,44.0,49.4,84.0,0.865,12.310,12.318,12.268,12.336,12.319,0,0,10.511,4.630,2.261,0.246,7.839,2.381,0.123,7.978,8.032,8.176,220.000,220.000,210.0,50.6,1185.0,210.0,1290.0,210.0,50.5,1413.6,1.0,5.0,0.0,0.0,10.1,0.9,1.4,0.0,2.1,0.0,0,0,はい,いいえ,いいえ,いいえ,いいえ,はい,いいえ,4.6,4.9,0,0,0,0,0,0,0,0,0,0,0,0,0,0,0,0,0,0,0,0,0,0,0,0,0,0,0,0,0,0,11041,1241,964,112,2.5,0.5,0.5,0.5,0.5,0.5,0.5,0.5,0.5,0.5,0.5,0.5,0.5,2016.47,2016.47,2016.47,2016.47,2016.47,2016.47,10.76,348.27,2016.47,0.00,1999.40,0,0,0.0,0.0,44283,38793,142.6,235.7,0,
19.7.2026,0:42:22.682,21071,12840,62.1,17341,14522,54.4,1.0,2048,20,1.044,1.000,1.025,1.035,1.025,1.090,1.090,4666.6,4641.6,4591.7,4691.5,4616.7,4741.4,4716.5,99.8,4662.6,4677.3,4661.8,4661.7,4661.6,4660.9,4661.4,4661.4,4661.4,4661.5,4661.6,4659.2,4661.5,4662.6,100.0,100.0,100.0,100.0,100.0,100.0,100.0,100.0,100.0,100.0,100.0,99.9,100.0,100.0,100.0,122.9,122.9,122.9,122.9,122.9,122.9,122.9,122.9,122.9,122.9,122.9,122.9,122.9,122.9,46.8,46.5,46.0,47.0,46.2,47.5,47.2,0.0,100.0,100.0,100.0,100.0,100.0,100.0,100.0,0.0,0.0,0.0,0.0,0.0,0.0,0.0,0.0,0.0,0.0,0.0,0.0,0.0,0.0,2395.7,24.00,40,39,39,77,116,708,1,85.8,85.0,84.4,81.9,77.2,83.0,84.6,84.4,78.6,83.4,64.6,64.6,70.2,62.8,44.0,43.0,45.4,1.061,1.015,1.100,41.346,7.902,41.347,48.500,5.448,64.888,6.769,6.466,6.903,6.843,6.931,6.668,6.803,43.873,8.020,57.886,63.448,1996.4,2395.7,4687.4,4687.4,4709.7,72.1,55.1,32.3,72.1,100.0,いいえ,いいえ,いいえ,9.043,2.653,6.0,38.0,85.8,40.0,85.0,1.088,12.197,3.456,3.328,5.040,1.072,1.040,3.440,3.328,1.808,1.024,1.120,1.040,1.792,1.104,0.776,1.824,0.248,2036,いいえ,56.5,42.2,1.095,1.110,1.815,1.800,0.975,4.970,0.625,いいえ,いいえ,いいえ,41.5,1.095,1.110,1.815,1.800,0.975,4.970,0.625,いいえ,いいえ,いいえ,37,37,いいえ,はい,15388,14038,128,128,34,100.0,いいえ,いいえ,3868,2528,9990,39,39,47,100.0,100.0,いいえ,いいえ,7031,7744,0.0,0.0,0.0,0.000,0.002,1392,1005,0.0,0.0,0.0,0.000,0.000,181182,133153,0.0,0.1,0.1,0.000,0.137,66267,77450,64.8,0.720,41.000,600.0,2400.0,1200.0,100.0,0.0,0.0,0.0,0.0,0.0,0.0,0.0,0.0,125,2,16.0,86,いいえ,いいえ,いいえ,39.7,44.0,49.3,84.0,0.865,12.312,12.321,12.270,12.336,12.320,0,0,10.493,4.741,2.636,0.296,7.841,2.788,0.148,8.002,8.043,8.171,220.000,220.000,210.0,50.6,1185.0,210.0,1290.0,209.9,50.5,1413.5,4.0,7.0,3.0,0.0,10.1,0.5,0.7,0.0,1.4,0.0,0,0,はい,いいえ,いいえ,いいえ,いいえ,はい,いいえ,4.8,5.4,0,0,0,0,0,0,0,0,0,0,0,0,0,0,0,0,0,0,0,0,0,0,0,0,0,0,0,0,0,0,11041,1241,964,112,2.5,4.1,17.6,1.4,1.4,1.4,1.4,0.0,0.0,0.0,0.0,0.0,0.0,242.75,713.49,56.76,56.61,731.84,731.84,1.23,16.54,242.65,0.10,0.00,0,0,0.0,0.0,44283,38793,6.6,168.5,0,
19.7.2026,0:42:24.679,21066,12845,62.1,17342,14521,54.4,1.0,2048,20,1.094,1.105,1.090,1.075,1.105,1.090,1.100,4737.3,4741.4,4741.4,4716.5,4741.4,4741.4,4741.4,99.8,4658.5,4672.3,4656.5,4657.1,4657.1,4657.0,4657.5,4657.8,4657.9,4657.3,4657.6,4657.2,4657.2,4658.5,100.0,100.0,100.0,100.0,100.0,100.0,100.0,100.0,100.0,100.0,100.0,100.0,100.0,100.0,100.0,122.8,122.7,122.8,122.8,122.8,122.8,122.8,122.8,122.8,122.8,122.8,122.8,122.8,122.8,47.5,47.5,47.5,47.2,47.5,47.5,47.5,0.0,100.0,100.0,100.0,100.0,100.0,100.0,100.0,0.0,0.0,0.0,0.0,0.0,0.0,0.0,0.0,0.0,0.0,0.0,0.0,0.0,0.0,2395.7,24.00,40,39,39,77,116,708,1,85.8,85.0,84.9,81.8,77.1,82.8,84.7,84.3,78.7,83.5,64.6,64.6,69.8,62.8,44.0,43.0,45.5,1.058,1.015,1.100,41.455,7.977,41.457,50.500,5.442,64.913,6.769,6.435,6.846,6.900,6.901,6.694,6.837,43.873,8.097,57.955,63.488,1996.4,2395.7,4682.1,4682.1,4704.8,72.1,55.3,33.7,72.1,100.0,いいえ,いいえ,いいえ,8.554,2.622,6.0,38.0,85.8,40.0,85.0,1.096,12.197,3.456,3.328,5.040,1.072,1.040,3.440,3.328,1.808,1.024,1.120,1.040,1.792,1.104,0.776,1.824,0.256,2014,いいえ,56.5,42.2,1.095,1.110,1.815,1.800,0.975,4.970,0.625,いいえ,いいえ,いいえ,41.5,1.095,1.110,1.815,1.800,0.975,4.970,1.000,いいえ,いいえ,いいえ,37,37,いいえ,はい,15388,14039,128,128,34,100.0,いいえ,いいえ,3868,2528,9990,39,39,47,100.0,100.0,いいえ,いいえ,7031,7744,0.0,0.0,0.0,0.000,0.004,1392,1005,0.0,0.0,0.0,0.000,0.000,181182,133153,0.0,0.0,0.0,0.000,0.069,66267,77450,64.8,0.720,41.000,600.0,2400.0,1200.0,100.0,0.0,0.0,0.0,0.0,0.0,0.0,0.0,0.0,125,2,16.0,86,いいえ,いいえ,いいえ,39.7,44.0,49.4,84.0,0.865,12.311,12.321,12.268,12.335,12.319,0,0,10.122,4.646,2.322,0.246,7.827,2.442,0.123,7.956,8.102,8.147,220.000,220.000,210.0,50.6,1185.0,210.0,1290.0,210.0,50.5,1413.2,2.0,6.0,1.0,0.0,10.1,0.6,0.8,0.0,1.7,0.0,0,0,はい,いいえ,いいえ,いいえ,いいえ,はい,いいえ,4.7,5.2,0,0,0,0,0,0,0,0,0,0,0,0,0,0,0,0,0,0,0,0,0,0,0,0,0,0,0,0,0,0,11041,1241,964,112,2.5,2.0,15.1,1.1,1.1,1.1,1.1,1.0,1.0,1.0,1.0,1.0,1.0,488.20,910.24,66.16,58.41,918.85,918.85,1.56,32.16,488.10,0.10,2.45,0,0,0.0,0.0,44283,38793,6.0,121.6,0,
19.7.2026,0:42:26.679,21066,12845,62.1,17343,14520,54.4,1.0,2048,20,1.034,1.050,1.010,1.025,1.035,1.035,1.050,4645.8,4666.6,4641.6,4641.6,4641.6,4641.6,4641.6,99.8,4652.8,4668.1,4651.8,4652.0,4651.6,4651.1,4651.5,4651.5,4651.4,4651.5,4651.4,4650.8,4651.2,4652.8,100.0,100.0,100.0,100.0,100.0,100.0,100.0,100.0,100.0,100.0,100.0,100.0,100.0,100.0,100.0,122.7,122.7,122.7,122.7,122.7,122.7,122.7,122.7,122.7,122.7,122.7,122.7,122.7,122.7,46.5,46.8,46.5,46.5,46.5,46.5,46.5,0.0,100.0,100.0,100.0,100.0,100.0,100.0,100.0,0.0,0.0,0.0,0.0,0.0,0.0,0.0,0.0,0.0,0.0,0.0,0.0,0.0,0.0,2395.7,24.00,40,39,39,77,116,708,1,85.8,85.0,84.9,81.9,77.0,82.8,84.7,84.4,78.9,83.7,64.6,64.6,70.8,63.0,44.0,43.0,45.6,1.056,1.015,1.100,41.405,7.835,41.402,50.500,5.457,64.646,6.765,6.396,6.835,6.872,6.905,6.735,6.849,43.720,7.953,57.675,63.196,1996.4,2395.7,4677.7,4677.7,4699.9,71.8,55.2,33.7,71.8,100.0,いいえ,いいえ,いいえ,8.390,2.592,6.0,38.0,85.8,40.0,85.0,1.104,12.197,3.456,3.328,5.040,1.072,1.040,3.440,3.328,1.808,1.024,1.120,1.040,1.792,1.104,0.776,1.824,0.248,2008,いいえ,56.5,42.2,1.095,1.110,1.815,1.800,0.975,4.970,0.750,いいえ,いいえ,いいえ,41.5,1.095,1.110,1.815,1.815,0.975,4.970,0.375,いいえ,いいえ,いいえ,37,37,いいえ,はい,15388,14039,128,128,34,100.0,いいえ,いいえ,3868,2528,9990,39,39,47,100.0,100.0,いいえ,いいえ,7031,7744,0.0,0.1,0.1,0.000,0.008,1392,1005,0.0,0.0,0.0,0.000,0.000,181182,133153,0.0,0.0,0.0,0.000,0.041,66267,77450,64.7,0.720,43.000,600.0,2400.0,1200.0,100.0,0.0,0.0,0.0,0.0,0.0,0.0,0.0,0.0,125,2,16.0,86,いいえ,いいえ,いいえ,39.6,44.0,49.4,84.0,0.865,12.316,12.325,12.276,12.341,12.324,0,0,10.167,4.554,2.025,0.222,7.820,2.135,0.111,7.937,8.048,8.135,220.000,220.000,210.0,50.6,1185.0,210.0,1290.0,209.9,50.5,1413.8,1.0,5.0,0.0,0.0,10.1,0.5,0.8,0.0,1.3,0.0,0,0,はい,いいえ,いいえ,いいえ,いいえ,はい,いいえ,4.5,4.9,0,0,0,0,0,0,0,0,0,0,0,0,0,0,0,0,0,0,0,0,0,0,0,0,0,0,0,0,0,0,11041,1241,964,111,2.5,7.2,17.7,1.9,1.8,1.8,1.8,1.0,1.0,1.0,1.0,1.0,1.0,138.55,523.61,56.59,56.56,549.42,549.42,1.87,15.56,138.45,0.10,591.14,0,0,0.0,0.0,44283,38794,5.7,202.7,0,
19.7.2026,0:42:28.670,21065,12846,62.1,17341,14522,54.4,1.0,2048,20,1.029,1.050,1.025,1.025,1.025,1.025,1.025,4633.3,4666.6,4641.6,4616.7,4616.7,4616.7,4641.6,99.8,4642.3,4656.8,4639.8,4641.5,4641.0,4640.7,4641.2,4641.3,4640.6,4641.2,4641.2,4640.7,4641.1,4642.3,100.0,100.0,100.0,100.0,100.0,100.0,100.0,100.0,100.0,100.0,100.0,100.0,100.0,100.0,100.0,122.4,122.4,122.3,122.4,122.4,122.4,122.4,122.4,122.4,122.4,122.4,122.4,122.4,122.4,46.4,46.8,46.5,46.2,46.2,46.2,46.5,0.0,100.0,100.0,100.0,100.0,100.0,100.0,100.0,0.0,0.0,0.0,0.0,0.0,0.0,0.0,0.0,0.0,0.0,0.0,0.0,0.0,0.0,2395.7,24.00,40,39,39,77,116,708,1,85.8,85.0,85.2,81.8,77.0,82.7,84.7,84.4,78.7,83.4,64.4,64.4,69.2,62.2,44.0,43.0,45.8,1.049,1.015,1.100,41.455,7.860,41.453,52.500,5.432,64.351,6.748,6.381,6.819,6.889,6.921,6.695,6.779,43.521,7.978,57.474,62.937,1996.4,2395.7,4666.6,4666.6,4688.7,71.5,55.3,35.0,71.5,100.0,いいえ,いいえ,いいえ,7.480,2.405,6.0,38.0,85.6,40.0,85.0,1.088,12.197,3.456,3.328,5.040,1.072,1.032,3.440,3.328,1.808,1.024,1.120,1.040,1.792,1.104,0.776,1.824,0.248,2011,いいえ,56.5,42.2,1.095,1.110,1.815,1.800,0.990,4.970,1.500,いいえ,いいえ,いいえ,41.5,1.095,1.110,1.815,1.800,1.005,4.970,1.000,いいえ,いいえ,いいえ,37,37,いいえ,はい,15388,14039,128,128,34,100.0,いいえ,いいえ,3868,2528,9990,39,39,47,100.0,100.0,いいえ,いいえ,7031,7744,0.0,0.0,0.0,0.000,0.000,1392,1005,0.0,0.0,0.0,0.000,0.000,181182,133153,0.0,0.0,0.0,0.000,0.000,66267,77450,64.7,0.720,34.000,600.0,2400.0,1200.0,100.0,0.0,0.0,0.0,0.0,0.0,0.0,0.0,0.0,125,2,16.0,86,いいえ,いいえ,いいえ,39.7,44.0,49.5,84.0,0.865,12.315,12.323,12.274,12.339,12.323,0,0,10.305,4.681,2.415,0.271,7.843,2.554,0.136,7.983,8.113,8.137,220.000,220.000,210.0,50.6,1185.0,210.0,1290.0,210.0,50.5,1413.3,2.0,6.0,1.0,0.0,10.1,0.7,0.8,0.0,1.9,0.0,0,0,はい,いいえ,いいえ,いいえ,いいえ,はい,いいえ,4.7,5.2,0,0,0,0,0,0,0,0,0,0,0,0,0,0,0,0,0,0,0,0,0,0,0,0,0,0,0,0,0,0,11041,1241,964,111,2.5,7.2,17.7,1.9,1.8,1.8,1.8,1.0,1.0,1.0,1.0,1.0,1.0,138.55,523.61,56.59,56.56,549.42,549.42,1.87,15.56,138.45,0.10,591.14,0,0,0.0,0.0,44283,38794,6.5,210.0,0,
19.7.2026,0:42:30.682,21061,12850,62.1,17341,14522,54.4,1.0,2048,20,1.075,1.080,1.075,1.070,1.075,1.075,1.075,4691.5,4616.7,4716.5,4716.5,4716.5,4716.5,4666.6,99.8,4646.5,4660.1,4644.3,4645.1,4644.9,4644.4,4644.5,4645.2,4645.5,4645.9,4646.0,4645.8,4645.9,4646.5,100.0,100.0,100.0,100.0,100.0,100.0,100.0,100.0,100.0,100.0,100.0,100.0,100.0,100.0,100.0,122.5,122.5,122.5,122.5,122.5,122.5,122.4,122.5,122.5,122.5,122.5,122.5,122.5,122.5,47.0,46.2,47.2,47.2,47.2,47.2,46.8,0.0,100.0,100.0,100.0,100.0,100.0,100.0,100.0,0.0,0.0,0.0,0.0,0.0,0.0,0.0,0.0,0.0,0.0,0.0,0.0,0.0,0.0,2395.7,24.00,40,39,39,77,116,708,1,85.8,85.0,85.4,81.8,77.0,82.6,84.5,84.3,78.9,83.7,64.4,64.4,69.5,62.8,44.0,43.0,45.9,1.051,1.015,1.100,41.520,7.873,41.518,51.000,5.411,64.509,6.766,6.415,6.822,6.841,6.889,6.735,6.897,43.669,7.991,57.613,63.105,1996.4,2395.7,4669.9,4669.9,4693.0,71.7,55.4,34.0,71.7,100.0,いいえ,いいえ,いいえ,8.022,2.565,6.0,38.0,85.8,40.0,85.0,1.104,12.197,3.456,3.328,5.040,1.072,1.032,3.456,3.328,1.808,1.024,1.120,1.040,1.792,1.096,0.776,1.824,0.248,2030,いいえ,56.5,42.2,1.095,1.110,1.815,1.800,0.990,5.040,0.500,いいえ,いいえ,いいえ,41.5,1.095,1.110,1.815,1.800,0.990,4.970,1.125,いいえ,いいえ,いいえ,37,37,いいえ,はい,15388,14039,128,128,34,100.0,いいえ,いいえ,3868,2528,9990,39,39,47,100.0,100.0,いいえ,いいえ,7031,7744,0.0,0.1,0.1,0.000,0.010,1392,1005,0.0,0.0,0.0,0.000,0.000,181182,133153,0.0,0.0,0.0,0.000,0.095,66267,77450,64.7,0.720,41.000,600.0,2400.0,1200.0,100.0,0.0,0.0,0.0,0.0,0.0,0.0,0.0,0.0,125,2,16.0,86,いいえ,いいえ,いいえ,39.7,44.0,49.4,84.0,0.865,12.313,12.323,12.270,12.338,12.321,0,0,10.074,4.557,2.068,0.222,7.791,2.171,0.111,7.908,8.049,8.136,220.000,220.000,210.0,50.6,1185.0,210.0,1290.0,210.0,50.5,1413.9,3.0,6.0,2.0,0.0,10.1,0.7,0.8,0.0,2.0,0.0,0,0,はい,いいえ,いいえ,いいえ,いいえ,はい,いいえ,4.5,4.9,0,0,0,0,0,0,0,0,0,0,0,0,0,0,0,0,0,0,0,0,0,0,0,0,0,0,0,0,0,0,11041,1241,964,111,2.5,1.1,13.6,0.6,0.6,0.6,0.6,0.6,0.6,0.6,0.6,0.6,0.6,894.28,1714.83,73.73,58.66,1731.58,1731.58,3.26,39.26,894.17,0.11,970.55,0,0,0.0,0.0,44283,38794,7.2,216.3,0,
19.7.2026,0:42:32.671,21061,12850,62.1,17336,14527,54.4,1.0,2048,20,1.043,1.050,1.035,1.035,1.035,1.045,1.060,4662.4,4641.6,4641.6,4641.6,4641.6,4691.5,4716.5,99.8,4644.5,4659.7,4642.8,4643.6,4642.8,4643.2,4643.2,4642.7,4642.7,4643.4,4643.4,4643.2,4643.4,4644.5,100.0,100.0,100.0,100.0,100.0,100.0,100.0,100.0,100.0,100.0,100.0,100.0,100.0,100.0,100.0,122.4,122.4,122.4,122.4,122.4,122.4,122.4,122.4,122.4,122.4,122.5,122.4,122.4,122.4,46.7,46.5,46.5,46.5,46.5,47.0,47.2,0.0,100.0,100.0,100.0,100.0,100.0,100.0,100.0,0.0,0.0,0.0,0.0,0.0,0.0,0.0,0.0,0.0,0.0,0.0,0.0,0.0,0.0,2395.7,24.00,40,39,39,77,116,708,1,85.6,85.0,84.5,81.9,77.0,82.8,84.8,84.3,78.7,83.6,64.5,64.5,69.0,62.4,44.0,43.0,45.9,1.051,1.015,1.100,41.506,7.864,41.509,48.000,5.444,64.576,6.756,6.397,6.851,6.887,6.902,6.665,6.834,43.648,7.982,57.618,63.123,1996.4,2395.7,4669.7,4669.7,4692.6,71.7,55.3,32.0,71.7,100.0,いいえ,いいえ,いいえ,7.967,2.531,6.0,38.0,85.8,40.0,85.0,1.136,12.197,3.456,3.328,5.040,1.072,1.032,3.456,3.328,1.808,1.024,1.120,1.040,1.808,1.104,0.776,1.824,0.248,2033,いいえ,56.5,42.2,1.095,1.110,1.815,1.800,0.990,5.040,1.625,いいえ,いいえ,いいえ,41.5,1.095,1.110,1.815,1.800,0.990,5.040,0.750,いいえ,いいえ,いいえ,37,37,いいえ,はい,15388,14039,128,128,34,100.0,いいえ,いいえ,3868,2528,9990,39,39,47,100.0,100.0,いいえ,いいえ,7031,7744,0.0,0.0,0.0,0.000,0.004,1392,1005,0.0,0.0,0.0,0.000,0.000,181182,133153,0.0,0.0,0.0,0.000,0.000,66267,77450,64.7,0.720,45.000,600.0,2400.0,1200.0,100.0,0.0,0.0,0.0,0.0,0.0,0.0,0.0,0.0,125,2,16.0,86,いいえ,いいえ,いいえ,39.7,44.0,49.5,84.0,0.865,12.315,12.324,12.273,12.340,12.323,0,0,10.433,4.751,2.666,0.296,7.855,2.813,0.148,8.010,8.084,8.134,220.000,220.000,210.0,50.6,1185.0,210.0,1290.0,210.0,50.5,1413.9,3.0,6.0,1.0,0.0,10.1,0.8,1.3,0.0,2.0,0.0,0,0,はい,いいえ,いいえ,いいえ,いいえ,はい,いいえ,4.9,5.5,0,0,0,0,0,0,0,0,0,0,0,0,0,0,0,0,0,0,0,0,0,0,0,0,0,0,0,0,0,0,11041,1241,964,112,2.5,1.1,13.6,0.6,0.6,0.6,0.6,0.6,0.6,0.6,0.6,0.6,0.6,894.28,1714.83,73.73,58.66,1731.58,1731.58,3.26,39.26,894.17,0.11,970.55,0,0,0.0,0.0,44283,38795,6.3,155.2,0,
19.7.2026,0:42:34.676,21063,12848,62.1,17347,14516,54.4,1.0,2048,20,1.055,1.075,1.060,1.060,1.060,1.050,1.025,4687.4,4716.5,4691.5,4691.5,4691.5,4691.5,4641.6,99.8,4661.3,4675.6,4659.8,4659.3,4660.2,4660.0,4660.6,4660.7,4660.7,4660.4,4660.0,4659.1,4658.8,4661.3,100.0,99.9,100.0,100.0,100.0,100.0,100.0,100.0,100.0,100.0,100.0,100.0,100.0,100.0,100.0,122.9,122.8,122.9,122.8,122.9,122.9,122.9,122.9,122.9,122.9,122.9,122.8,122.8,122.9,47.0,47.2,47.0,47.0,47.0,47.0,46.5,0.0,100.0,100.0,100.0,100.0,100.0,100.0,100.0,0.0,0.0,0.0,0.0,0.0,0.0,0.0,0.0,0.0,0.0,0.0,0.0,0.0,0.0,2395.7,24.00,40,39,39,77,116,708,1,85.8,85.0,84.0,81.7,77.0,82.5,84.6,84.3,78.7,83.3,64.6,64.6,69.8,62.6,44.0,43.0,45.9,1.061,1.015,1.100,41.093,8.027,41.093,57.000,5.427,64.733,6.773,6.452,6.836,6.899,6.924,6.730,6.795,43.618,8.148,57.735,63.328,1996.4,2395.7,4687.0,4687.0,4710.0,72.0,54.8,38.0,72.0,100.0,いいえ,いいえ,いいえ,9.231,3.447,6.0,38.0,85.8,40.0,85.0,1.088,12.197,3.456,3.328,5.040,1.072,1.032,3.456,3.328,1.808,1.024,1.120,1.040,1.792,1.104,0.776,1.824,0.256,2027,いいえ,56.5,42.2,1.095,1.110,1.815,1.800,0.990,5.040,1.000,いいえ,いいえ,いいえ,41.5,1.095,1.110,1.815,1.800,0.990,5.040,1.000,いいえ,いいえ,いいえ,37,37,いいえ,はい,15388,14039,128,128,34,100.0,いいえ,いいえ,3868,2528,9990,39,39,47,100.0,100.0,いいえ,いいえ,7031,7744,0.0,6.0,6.0,0.000,0.002,1392,1005,0.0,0.0,0.0,0.000,0.000,181182,133153,0.0,0.0,0.0,0.000,0.008,66267,77450,64.7,0.720,44.000,600.0,2400.0,1200.0,100.0,0.0,0.0,0.0,0.0,0.0,0.0,0.0,0.0,125,2,16.0,86,いいえ,いいえ,いいえ,39.7,44.0,49.4,84.0,0.865,12.312,12.322,12.268,12.338,12.321,0,0,10.426,4.670,2.354,0.246,7.840,2.480,0.123,7.979,8.197,8.138,220.000,220.000,210.0,50.6,1185.0,210.0,1290.0,210.0,50.5,1413.9,2.0,6.0,1.0,0.0,10.1,0.8,1.0,0.0,2.0,0.0,0,0,はい,いいえ,いいえ,いいえ,いいえ,はい,いいえ,4.7,5.3,0,0,0,0,0,0,0,0,0,0,0,0,0,0,0,0,0,0,0,0,0,0,0,0,0,0,0,0,0,0,11041,1241,964,112,2.5,3.2,152.5,1.6,1.6,1.6,1.6,3.2,44.1,1.6,1.6,1.6,1.6,309.43,612.31,6.56,0.99,618.49,618.49,4.22,305.35,309.43,0.00,425.97,0,0,0.0,0.0,44283,38795,6.9,205.6,0,
19.7.2026,0:42:36.674,21063,12848,62.1,17350,14513,54.4,1.0,2048,20,1.027,1.090,1.010,1.010,1.010,1.010,1.035,4637.5,4741.4,4591.7,4591.7,4591.7,4641.6,4666.6,99.8,4667.5,4682.1,4666.4,4666.4,4665.9,4665.8,4666.3,4666.4,4666.5,4666.2,4666.1,4666.1,4666.1,4667.5,100.0,100.0,100.0,100.0,100.0,100.0,100.0,100.0,100.0,100.0,100.0,100.0,100.0,100.0,100.0,123.0,123.0,123.0,123.0,123.0,123.0,123.0,123.0,123.0,123.0,123.0,123.0,123.0,123.0,46.5,47.5,46.0,46.0,46.0,46.5,46.8,0.0,100.0,100.0,100.0,100.0,100.0,100.0,100.0,0.0,0.0,0.0,0.0,0.0,0.0,0.0,0.0,0.0,0.0,0.0,0.0,0.0,0.0,2395.7,24.00,40,39,39,77,116,708,1,85.8,85.0,85.9,81.9,77.2,82.7,84.7,84.4,78.7,83.5,64.7,64.7,69.0,62.8,44.0,43.0,46.0,1.064,1.015,1.100,41.116,8.124,41.115,50.000,5.475,65.096,6.785,6.478,6.859,6.902,6.937,6.711,6.823,43.767,8.246,58.036,63.669,1996.4,2395.7,4692.6,4692.6,4715.8,72.4,54.8,33.3,72.4,100.0,いいえ,いいえ,いいえ,10.167,3.129,6.0,38.0,85.8,40.0,85.0,1.096,12.197,3.456,3.328,5.040,1.072,1.032,3.440,3.328,1.808,1.024,1.120,1.040,1.792,1.104,0.776,1.824,0.248,2023,いいえ,56.5,42.2,1.095,1.110,1.815,1.800,0.990,5.040,1.000,いいえ,いいえ,いいえ,41.5,1.095,1.110,1.815,1.800,0.990,5.040,1.125,いいえ,いいえ,いいえ,37,37,いいえ,はい,15388,14039,128,128,34,100.0,いいえ,いいえ,3868,2528,9990,39,39,47,100.0,100.0,いいえ,いいえ,7031,7744,0.0,2.7,2.7,0.000,0.006,1392,1005,0.0,0.0,0.0,0.000,0.000,181182,133153,0.0,0.0,0.0,0.000,0.028,66267,77450,64.8,0.720,44.000,600.0,2400.0,1200.0,100.0,0.0,0.0,0.0,0.0,0.0,0.0,0.0,0.0,125,2,16.0,86,いいえ,いいえ,いいえ,39.7,46.0,49.4,84.0,0.865,12.313,12.323,12.271,12.338,12.321,0,0,10.537,4.614,2.207,0.222,7.829,2.320,0.111,7.951,8.138,8.135,220.000,220.000,210.0,50.6,1185.0,210.0,1290.0,210.0,50.5,1413.6,1.0,5.0,0.0,0.0,10.1,0.6,0.7,0.0,1.6,0.0,0,0,はい,いいえ,いいえ,いいえ,いいえ,はい,いいえ,4.6,6.2,0,0,0,0,0,0,0,0,0,0,0,0,0,0,0,0,0,0,0,0,0,0,0,0,0,0,0,0,0,0,11041,1241,964,112,2.5,0.7,0.7,0.7,0.7,0.7,0.7,0.7,0.7,0.7,0.7,0.7,0.7,1349.88,1349.88,1349.88,1349.88,1349.88,1349.88,8.64,349.45,1349.88,0.00,666.86,0,0,0.0,0.0,44283,38796,6.3,261.8,0,
19.7.2026,0:42:38.682,21067,12844,62.1,17352,14511,54.4,1.0,2048,20,1.048,1.025,1.050,1.050,1.060,1.045,1.060,4679.1,4641.6,4666.6,4691.5,4716.5,4691.5,4666.6,99.8,4669.4,4683.6,4667.9,4667.6,4667.6,4667.5,4668.0,4668.2,4668.3,4668.5,4668.5,4668.3,4668.4,4669.4,100.0,100.0,100.0,100.0,100.0,100.0,100.0,100.0,100.0,100.0,100.0,100.0,100.0,100.0,100.0,123.1,123.1,123.1,123.1,123.1,123.1,123.1,123.1,123.1,123.1,123.1,123.1,123.1,123.1,46.9,46.5,46.8,47.0,47.2,47.0,46.8,0.0,100.0,100.0,100.0,100.0,100.0,100.0,100.0,0.0,0.0,0.0,0.0,0.0,0.0,0.0,0.0,0.0,0.0,0.0,0.0,0.0,0.0,2395.7,24.00,40,39,39,77,116,708,1,85.9,85.0,84.4,81.9,77.2,82.7,84.7,84.4,78.7,83.5,64.8,64.8,70.0,62.4,44.0,43.0,46.0,1.065,1.015,1.100,40.967,8.043,40.970,49.000,5.480,64.954,6.780,6.463,6.858,6.891,6.933,6.713,6.820,43.647,8.163,57.838,63.486,1996.4,2395.7,4694.1,4694.1,4717.8,72.1,54.6,32.7,72.1,100.0,いいえ,いいえ,いいえ,10.272,3.132,6.0,38.0,85.9,40.0,85.0,1.104,12.197,3.456,3.328,5.040,1.072,1.032,3.440,3.328,1.808,1.024,1.120,1.040,1.808,1.104,0.776,1.824,0.248,2020,いいえ,56.5,42.2,1.095,1.110,1.815,1.800,0.990,5.040,1.000,いいえ,いいえ,いいえ,41.5,1.095,1.110,1.815,1.815,0.990,5.040,1.000,いいえ,いいえ,いいえ,37,37,いいえ,はい,15388,14039,128,128,34,100.0,いいえ,いいえ,3868,2528,9990,39,39,47,100.0,100.0,いいえ,いいえ,7031,7744,0.0,0.0,0.0,0.000,0.004,1392,1005,0.0,0.0,0.0,0.000,0.000,181182,133153,0.0,0.0,0.0,0.000,0.040,66267,77450,64.8,0.720,44.000,600.0,2400.0,1200.0,100.0,0.0,0.0,0.0,0.0,0.0,0.0,0.0,0.0,125,2,16.0,86,いいえ,いいえ,いいえ,39.7,44.0,49.4,84.0,0.865,12.314,12.324,12.273,12.339,12.322,0,0,10.370,4.725,2.496,0.271,7.854,2.628,0.136,7.998,8.128,8.287,220.000,220.000,210.0,50.6,1185.0,210.0,1290.0,210.0,50.5,1414.2,3.0,6.0,3.0,0.0,10.1,0.7,0.8,0.0,2.0,0.0,0,0,はい,いいえ,いいえ,いいえ,いいえ,はい,いいえ,4.8,5.7,0,0,0,0,0,0,0,0,0,0,0,0,0,0,0,0,0,0,0,0,0,0,0,0,0,0,0,0,0,0,11041,1241,964,112,2.5,3.2,15.8,1.4,1.3,1.3,1.3,0.0,0.0,0.0,0.0,0.0,0.0,308.49,730.71,63.33,62.29,743.18,743.18,1.43,40.60,308.39,0.10,0.00,0,0,0.0,0.0,44283,38796,6.1,145.5,0,
19.7.2026,0:42:40.674,21069,12842,62.1,17355,14508,54.4,1.0,2048,20,1.035,1.025,1.035,1.015,1.025,1.005,1.105,4633.3,4641.6,4616.7,4616.7,4591.7,4591.7,4741.4,99.8,4662.3,4677.2,4661.3,4661.5,4661.5,4660.8,4661.4,4660.9,4661.0,4659.7,4661.1,4660.8,4660.8,4662.3,100.0,100.0,100.0,100.0,100.0,100.0,100.0,100.0,100.0,100.0,100.0,100.0,100.0,100.0,100.0,122.9,122.9,122.9,122.9,122.9,122.9,122.9,122.9,122.9,122.9,122.9,122.9,122.9,122.9,46.4,46.5,46.2,46.2,46.0,46.0,47.5,0.0,100.0,100.0,100.0,100.0,100.0,100.0,100.0,0.0,0.0,0.0,0.0,0.0,0.0,0.0,0.0,0.0,0.0,0.0,0.0,0.0,0.0,2395.7,24.00,40,39,39,77,116,708,1,85.8,85.0,84.4,81.9,77.3,82.8,84.6,84.3,79.0,83.7,64.8,64.8,70.0,62.6,44.0,43.0,46.0,1.062,1.015,1.100,41.137,8.050,41.138,49.500,5.446,64.884,6.809,6.497,6.898,6.869,6.909,6.783,6.900,43.691,8.171,57.852,63.442,1996.4,2395.7,4687.7,4687.7,4711.1,72.1,54.9,33.0,72.1,100.0,いいえ,いいえ,いいえ,9.362,2.981,6.0,38.0,85.8,40.0,85.0,1.072,12.197,3.456,3.328,5.040,1.072,1.032,3.440,3.328,1.808,1.024,1.120,1.040,1.792,1.104,0.776,1.824,0.248,2036,いいえ,56.5,42.2,1.095,1.110,1.815,1.800,1.005,5.040,0.875,いいえ,いいえ,いいえ,41.5,1.095,1.110,1.815,1.800,1.005,5.040,0.875,いいえ,いいえ,いいえ,37,37,いいえ,はい,15388,14039,128,128,34,100.0,いいえ,いいえ,3868,2528,9990,39,39,47,100.0,100.0,いいえ,いいえ,7031,7744,0.0,0.0,0.0,0.000,0.004,1392,1005,0.0,0.0,0.0,0.000,0.000,181182,133153,0.0,0.0,0.0,0.000,0.040,66267,77451,64.8,0.720,35.000,600.0,2400.0,1200.0,100.0,0.0,0.0,0.0,0.0,0.0,0.0,0.0,0.0,125,2,16.0,86,いいえ,いいえ,いいえ,39.7,44.0,49.5,84.0,0.865,12.313,12.322,12.271,12.338,12.321,0,0,10.319,4.739,2.299,0.246,7.817,2.431,0.136,7.955,8.797,8.235,220.000,220.000,210.0,50.6,1185.0,210.0,1290.0,210.0,50.5,1413.0,2.0,6.0,1.0,0.0,10.1,0.7,0.9,0.0,1.7,0.0,0,0,はい,いいえ,いいえ,いいえ,いいえ,はい,いいえ,4.8,4.9,0,0,0,0,0,0,0,0,0,0,0,0,0,0,0,0,0,0,0,0,0,0,0,0,0,0,0,0,0,0,11041,1241,964,112,2.5,4.1,17.3,1.7,1.7,1.7,1.7,2.7,9.5,1.6,1.6,1.6,1.6,244.08,574.74,57.71,57.11,584.62,584.62,3.20,46.97,243.98,0.10,227.04,0,0,0.0,0.0,44283,38796,6.8,219.8,0,
19.7.2026,0:42:42.680,21092,12819,62.1,17353,14510,54.4,1.0,2048,20,1.054,1.040,1.075,1.075,1.035,1.050,1.050,4654.1,4641.6,4691.5,4691.5,4616.7,4641.6,4641.6,99.8,4664.0,4678.3,4662.5,4662.6,4662.5,4662.1,4662.7,4662.0,4663.2,4662.8,4662.8,4663.0,4663.1,4664.0,100.0,100.0,100.0,100.0,100.0,100.0,100.0,100.0,100.0,100.0,100.0,100.0,100.0,100.0,100.0,122.9,122.9,122.9,122.9,122.9,122.9,122.9,122.9,122.9,122.9,122.9,122.9,122.9,122.9,46.6,46.5,47.0,47.0,46.2,46.5,46.5,0.0,100.0,100.0,100.0,100.0,100.0,100.0,100.0,0.0,0.0,0.0,0.0,0.0,0.0,0.0,0.0,0.0,0.0,0.0,0.0,0.0,0.0,2395.7,24.00,40,39,39,77,116,708,1,85.8,85.0,85.4,81.5,76.2,82.0,84.4,84.3,78.5,83.5,64.8,64.8,69.5,62.6,44.0,43.0,46.0,1.062,1.015,1.100,40.368,8.135,40.361,49.000,5.440,64.127,6.771,6.385,6.845,6.832,6.941,6.656,6.969,42.877,8.257,57.119,62.730,1996.4,2395.7,4689.2,4689.2,4711.9,71.3,53.8,32.7,71.3,100.0,いいえ,いいえ,いいえ,10.069,2.862,6.0,38.0,85.8,40.0,85.0,1.080,12.197,3.456,3.328,5.040,1.072,1.032,3.440,3.328,1.808,1.024,1.120,1.040,1.792,1.104,0.776,1.824,0.248,2023,いいえ,56.5,42.2,1.095,1.110,1.815,1.800,1.005,5.040,1.125,いいえ,いいえ,いいえ,41.8,1.095,1.110,1.815,1.800,1.005,5.040,0.750,いいえ,いいえ,いいえ,37,37,いいえ,はい,15388,14039,128,128,34,100.0,いいえ,いいえ,3868,2528,9990,39,39,47,100.0,100.0,いいえ,いいえ,7031,7744,0.0,17.7,17.7,0.000,0.014,1392,1005,0.0,0.0,0.0,0.000,0.000,181182,133153,0.0,1.3,1.3,0.002,10.016,66267,77470,64.8,0.720,41.000,600.0,2400.0,1200.0,100.0,0.0,0.0,0.0,0.0,0.0,0.0,0.0,0.0,125,2,16.0,86,いいえ,いいえ,いいえ,39.7,44.0,49.4,84.0,0.865,12.314,12.323,12.272,12.338,12.322,0,0,10.395,4.740,2.596,0.271,7.854,2.739,0.136,7.999,8.074,8.250,220.000,220.000,210.0,50.6,1185.0,210.0,1290.0,210.0,50.5,1413.5,4.0,7.0,4.0,0.0,10.1,0.8,1.2,0.0,1.9,0.0,0,0,はい,いいえ,いいえ,いいえ,いいえ,はい,いいえ,4.7,5.1,0,0,0,0,0,0,0,0,0,0,0,0,0,0,0,0,0,0,0,0,0,0,0,0,0,0,0,0,0,0,11041,1241,964,111,2.5,3.1,15.6,1.3,1.3,1.3,1.3,0.0,0.0,0.0,0.0,0.0,0.0,322.16,770.50,64.12,63.10,783.78,783.78,2.17,31.93,322.07,0.09,0.00,0,0,0.0,0.0,44283,38797,6.3,161.2,0,
19.7.2026,0:42:44.671,21071,12840,62.1,17344,14519,54.4,1.0,2048,20,1.044,1.025,1.010,1.050,1.035,1.075,1.070,4658.3,4616.7,4616.7,4641.6,4666.6,4716.5,4691.5,99.8,4650.1,4664.6,4649.1,4648.8,4648.9,4648.2,4648.4,4648.7,4648.7,4648.9,4649.0,4648.9,4648.9,4650.1,100.0,100.0,100.0,100.0,100.0,100.0,100.0,100.0,100.0,100.0,100.0,100.0,100.0,100.0,100.0,122.6,122.6,122.6,122.6,122.6,122.6,122.6,122.6,122.6,122.6,122.6,122.6,122.6,122.6,46.7,46.2,46.2,46.5,46.8,47.2,47.0,0.0,100.0,100.0,100.0,100.0,100.0,100.0,100.0,0.0,0.0,0.0,0.0,0.0,0.0,0.0,0.0,0.0,0.0,0.0,0.0,0.0,0.0,2395.7,24.00,40,39,39,77,116,708,1,85.8,85.0,84.4,81.8,77.1,82.7,84.7,84.3,78.8,83.3,64.7,64.7,68.8,62.5,44.0,43.0,46.0,1.054,1.015,1.100,40.952,8.042,40.957,48.000,5.437,64.361,6.719,6.379,6.818,6.853,6.890,6.657,6.716,43.181,8.163,57.324,62.907,1996.4,2395.7,4675.4,4675.4,4697.5,71.5,54.6,32.0,71.5,100.0,いいえ,いいえ,いいえ,9.125,2.941,6.0,38.0,85.8,40.0,85.0,1.072,12.197,3.456,3.328,5.040,1.072,1.032,3.440,3.328,1.808,1.024,1.120,1.040,1.792,1.104,0.776,1.824,0.248,2023,いいえ,56.5,42.2,1.095,1.110,1.815,1.800,1.005,5.040,1.125,いいえ,いいえ,いいえ,41.8,1.110,1.110,1.815,1.800,1.005,5.040,0.750,いいえ,いいえ,いいえ,37,37,いいえ,はい,15388,14039,128,128,34,100.0,いいえ,いいえ,3868,2528,9990,39,39,47,100.0,100.0,いいえ,いいえ,7031,7744,0.0,0.0,0.0,0.000,0.006,1392,1005,0.0,0.0,0.0,0.000,0.000,181182,133153,0.1,0.1,0.1,0.058,0.196,66267,77470,64.8,0.720,44.000,600.0,2400.0,1200.0,100.0,0.0,0.0,0.0,0.0,0.0,0.0,0.0,0.0,125,2,16.0,86,いいえ,いいえ,いいえ,39.7,44.0,49.4,84.0,0.865,12.313,12.323,12.271,12.337,12.321,0,0,10.386,4.619,2.246,0.246,7.816,2.369,0.123,7.941,8.053,8.159,220.000,220.000,210.0,50.6,1185.0,210.0,1290.0,210.0,50.5,1413.3,3.0,6.0,2.0,0.0,10.1,0.7,1.0,0.0,1.6,0.0,0,0,はい,いいえ,いいえ,いいえ,いいえ,はい,いいえ,4.6,5.1,0,0,0,0,0,0,0,0,0,0,0,0,0,0,0,0,0,0,0,0,0,0,0,0,0,0,0,0,0,0,11041,1241,964,111,2.5,1.6,17.1,0.6,0.6,0.6,0.6,0.0,0.0,0.0,0.0,0.0,0.0,615.17,1691.75,58.54,58.48,1725.01,1725.01,1.40,21.34,615.06,0.11,0.00,0,0,0.0,0.0,44283,38797,6.4,151.8,0,
19.7.2026,0:42:46.668,21067,12844,62.1,17343,14520,54.4,1.0,2048,20,1.056,1.035,1.060,1.070,1.060,1.050,1.060,4695.7,4716.5,4641.6,4741.4,4691.5,4691.5,4691.5,99.8,4661.1,4675.0,4659.5,4659.7,4659.8,4659.2,4659.8,4660.0,4660.1,4660.0,4659.9,4659.9,4659.9,4661.1,100.0,100.0,100.0,100.0,100.0,100.0,100.0,100.0,100.0,100.0,100.0,100.0,100.0,100.0,100.0,122.9,122.9,122.9,122.9,122.9,122.9,122.9,122.9,122.9,122.9,122.9,122.9,122.9,122.9,47.0,47.2,46.5,47.5,47.0,47.0,47.0,0.0,100.0,100.0,100.0,100.0,100.0,100.0,100.0,0.0,0.0,0.0,0.0,0.0,0.0,0.0,0.0,0.0,0.0,0.0,0.0,0.0,0.0,2395.7,24.00,40,39,39,77,116,708,1,85.9,85.0,85.9,81.8,77.0,82.6,84.6,84.4,78.9,83.5,64.7,64.7,70.2,62.8,44.0,43.0,46.0,1.060,1.015,1.100,41.003,7.977,41.001,53.500,5.464,64.624,6.765,6.374,6.806,6.858,6.961,6.749,6.840,43.488,8.097,57.595,63.232,1996.4,2395.7,4685.6,4685.6,4708.4,71.9,54.7,35.7,71.9,100.0,いいえ,いいえ,いいえ,10.213,3.340,6.0,38.0,85.8,40.0,85.0,1.080,12.197,3.456,3.328,5.040,1.072,1.032,3.440,3.328,1.808,1.024,1.120,1.040,1.792,1.104,0.776,1.824,0.248,2011,いいえ,56.5,42.2,1.095,1.110,1.815,1.800,1.005,5.040,0.625,いいえ,いいえ,いいえ,41.8,1.095,1.110,1.815,1.800,1.005,5.040,0.875,いいえ,いいえ,いいえ,37,37,いいえ,はい,15388,14039,128,128,34,100.0,いいえ,いいえ,3868,2528,9990,39,39,47,100.0,100.0,いいえ,いいえ,7031,7744,0.0,0.0,0.0,0.000,0.002,1392,1005,0.0,0.0,0.0,0.000,0.000,181182,133153,0.0,0.1,0.1,0.000,0.397,66267,77471,64.8,0.720,38.000,600.0,2400.0,1200.0,100.0,0.0,0.0,0.0,0.0,0.0,0.0,0.0,0.0,125,2,16.0,86,いいえ,いいえ,いいえ,39.7,44.0,49.4,84.0,0.865,12.311,12.319,12.270,12.336,12.320,0,0,10.247,4.620,2.158,0.246,7.816,2.282,0.123,7.947,8.057,8.329,220.000,220.000,210.0,50.6,1185.0,210.0,1290.0,210.0,50.5,1413.7,3.0,6.0,1.0,0.0,10.1,0.7,1.1,0.0,1.8,0.0,0,0,はい,いいえ,いいえ,いいえ,いいえ,はい,いいえ,4.6,5.5,0,0,0,0,0,0,0,0,0,0,0,0,0,0,0,0,0,0,0,0,0,0,0,0,0,0,0,0,0,0,11041,1241,964,112,2.5,1.5,2.8,1.0,1.0,1.0,1.0,1.5,2.8,1.0,1.0,1.0,1.0,674.80,993.97,355.63,349.77,1000.48,1000.48,7.45,375.75,674.80,0.00,500.23,0,0,0.0,0.0,44283,38797,7.0,202.8,0,
19.7.2026,0:42:48.675,21061,12850,62.1,17345,14518,54.4,1.0,2048,20,1.062,1.060,1.075,1.050,1.075,1.050,1.060,4683.2,4716.5,4641.6,4666.6,4691.5,4666.6,4716.5,99.8,4654.9,4669.1,4653.6,4653.7,4653.7,4653.1,4653.5,4653.7,4653.7,4653.8,4653.8,4653.6,4653.7,4654.9,100.0,100.0,100.0,100.0,100.0,100.0,100.0,100.0,100.0,100.0,100.0,100.0,100.0,100.0,100.0,122.7,122.7,122.7,122.7,122.7,122.7,122.7,122.7,122.7,122.7,122.7,122.7,122.7,122.7,46.9,47.2,46.5,46.8,47.0,46.8,47.2,0.0,100.0,100.0,100.0,100.0,100.0,100.0,100.0,0.0,0.0,0.0,0.0,0.0,0.0,0.0,0.0,0.0,0.0,0.0,0.0,0.0,0.0,2395.7,24.00,40,39,39,77,116,708,1,85.8,85.0,84.4,81.9,77.2,82.6,84.7,84.3,78.8,83.7,64.6,64.6,69.2,62.8,44.0,43.0,46.0,1.056,1.015,1.100,41.259,7.941,41.260,50.000,5.436,64.667,6.766,6.461,6.805,6.867,6.883,6.731,6.850,43.606,8.060,57.646,63.224,1996.4,2395.7,4679.1,4679.1,4701.9,71.8,55.0,33.3,71.8,100.0,いいえ,いいえ,いいえ,9.048,3.310,6.0,38.0,85.8,40.0,85.0,1.096,12.197,3.456,3.328,5.040,1.072,1.032,3.440,3.328,1.808,1.024,1.120,1.040,1.792,1.104,0.776,1.824,0.248,2033,いいえ,56.5,42.5,1.095,1.110,1.800,1.800,1.005,5.040,0.625,いいえ,いいえ,いいえ,41.8,1.095,1.110,1.815,1.800,1.005,5.040,0.875,いいえ,いいえ,いいえ,37,37,いいえ,はい,15388,14039,128,128,34,100.0,いいえ,いいえ,3868,2528,9990,39,39,47,100.0,100.0,いいえ,いいえ,7031,7744,0.0,0.1,0.1,0.000,0.014,1392,1005,0.0,0.0,0.0,0.000,0.000,181182,133153,0.0,0.0,0.1,0.018,0.038,66267,77471,64.8,0.720,42.000,600.0,2400.0,1200.0,100.0,0.0,0.0,0.0,0.0,0.0,0.0,0.0,0.0,125,2,16.0,86,いいえ,いいえ,いいえ,39.7,44.0,49.4,84.0,0.865,12.307,12.315,12.264,12.332,12.316,0,0,10.341,4.657,2.388,0.271,7.812,2.516,0.135,7.952,8.038,8.140,220.000,220.000,210.0,50.6,1185.0,210.0,1290.0,210.0,50.5,1413.7,2.0,6.0,2.0,0.0,10.1,0.8,1.2,0.0,2.2,0.0,0,0,はい,いいえ,いいえ,いいえ,いいえ,はい,いいえ,4.7,5.0,0,0,0,0,0,0,0,0,0,0,0,0,0,0,0,0,0,0,0,0,0,0,0,0,0,0,0,0,0,0,11041,1241,964,112,2.5,5.0,17.7,2.1,2.1,2.1,2.1,1.7,1.7,1.7,1.7,1.7,1.7,200.24,473.72,56.65,56.55,482.12,482.12,2.79,25.40,200.14,0.10,58.25,0,0,0.0,0.0,44283,38798,6.6,285.8,0,
19.7.2026,0:42:50.666,21071,12840,62.1,17345,14518,54.4,1.0,2048,20,1.046,1.035,1.025,1.035,1.045,1.075,1.060,4670.7,4641.6,4641.6,4666.6,4666.6,4716.5,4691.5,99.8,4656.7,4671.2,4655.6,4655.5,4655.5,4654.8,4655.4,4655.3,4655.3,4655.5,4655.5,4655.4,4655.4,4656.7,100.0,100.0,100.0,100.0,100.0,100.0,100.0,100.0,100.0,100.0,100.0,100.0,100.0,100.0,100.0,122.8,122.8,122.8,122.8,122.8,122.8,122.8,122.8,122.8,122.8,122.8,122.8,122.8,122.8,46.8,46.5,46.5,46.8,46.8,47.2,47.0,0.0,100.0,100.0,100.0,100.0,100.0,100.0,100.0,0.0,0.0,0.0,0.0,0.0,0.0,0.0,0.0,0.0,0.0,0.0,0.0,0.0,0.0,2395.7,24.00,40,39,39,77,116,708,1,85.8,85.0,84.0,81.8,77.0,82.7,84.6,84.3,78.6,83.3,64.6,64.6,69.0,62.8,44.0,43.0,46.0,1.057,1.015,1.100,41.083,8.065,41.083,49.000,5.433,64.632,6.751,6.414,6.853,6.885,6.939,6.646,6.768,43.457,8.186,57.619,63.212,1996.4,2395.7,4681.3,4681.3,4704.6,71.8,54.8,32.7,71.8,100.0,いいえ,いいえ,いいえ,9.368,3.018,6.0,38.0,85.8,40.0,85.0,1.088,12.197,3.456,3.328,5.040,1.072,1.032,3.456,3.328,1.808,1.024,1.120,1.040,1.792,1.104,0.776,1.824,0.248,2011,いいえ,56.5,42.5,1.095,1.110,1.800,1.800,1.005,5.040,2.375,いいえ,いいえ,いいえ,41.8,1.095,1.110,1.800,1.815,1.005,5.040,1.250,いいえ,いいえ,いいえ,37,37,いいえ,はい,15388,14039,128,128,34,100.0,いいえ,いいえ,3868,2528,9990,39,39,47,100.0,100.0,いいえ,いいえ,7031,7744,0.0,0.0,0.0,0.000,0.000,1392,1005,0.0,0.0,0.0,0.000,0.000,181182,133153,0.0,0.0,0.0,0.000,0.010,66267,77471,64.8,0.720,34.000,600.0,2400.0,1200.0,100.0,0.0,0.0,0.0,0.0,0.0,0.0,0.0,0.0,125,2,16.0,86,いいえ,いいえ,いいえ,39.7,44.0,49.4,84.0,0.865,12.307,12.315,12.264,12.333,12.317,0,0,10.316,4.679,2.375,0.246,7.824,2.504,0.123,7.963,8.140,8.253,220.000,220.000,210.0,50.6,1185.0,210.0,1290.0,210.0,50.5,1412.9,3.0,6.0,2.0,0.0,10.1,0.7,0.8,0.0,1.9,0.0,0,0,はい,いいえ,いいえ,いいえ,いいえ,はい,いいえ,4.7,5.3,0,0,0,0,0,0,0,0,0,0,0,0,0,0,0,0,0,0,0,0,0,0,0,0,0,0,0,0,0,0,11041,1241,964,112,2.5,2.8,16.1,1.2,1.2,1.2,1.2,1.3,2.0,1.0,1.0,1.0,1.0,362.11,845.94,62.07,62.04,857.71,857.71,4.88,76.07,362.00,0.10,229.30,0,0,0.0,0.0,44283,38798,11.8,203.0,0,
19.7.2026,0:42:52.675,21063,12848,62.1,17351,14512,54.4,1.0,2048,20,1.069,1.050,1.090,1.035,1.090,1.090,1.060,4712.3,4691.5,4691.5,4691.5,4741.4,4741.4,4716.5,99.8,4648.4,4662.5,4647.1,4647.2,4647.2,4646.4,4646.8,4647.1,4647.3,4647.4,4647.5,4647.3,4647.4,4648.4,100.0,100.0,100.0,100.0,100.0,100.0,100.0,100.0,100.0,100.0,100.0,100.0,100.0,100.0,100.0,122.5,122.5,122.5,122.5,122.5,122.5,122.5,122.5,122.5,122.5,122.5,122.5,122.5,122.5,47.2,47.0,47.0,47.0,47.5,47.5,47.2,0.0,100.0,100.0,100.0,100.0,100.0,100.0,100.0,0.0,0.0,0.0,0.0,0.0,0.0,0.0,0.0,0.0,0.0,0.0,0.0,0.0,0.0,2395.7,24.00,40,39,39,77,116,708,1,85.8,85.0,84.9,81.8,77.1,82.5,84.6,84.4,78.6,83.3,64.6,64.6,69.8,62.9,44.0,43.0,46.0,1.053,1.015,1.100,41.156,7.949,41.160,48.500,5.434,64.364,6.720,6.403,6.773,6.832,6.912,6.650,6.750,43.348,8.068,57.393,62.925,1996.4,2395.7,4672.7,4672.7,4695.4,71.5,54.9,32.3,71.5,100.0,いいえ,いいえ,いいえ,8.416,2.881,6.0,38.0,85.8,40.0,85.0,1.072,12.197,3.456,3.328,5.040,1.072,1.032,3.456,3.328,1.808,1.024,1.120,1.040,1.792,1.104,0.776,1.824,0.256,2011,いいえ,56.5,42.5,1.095,1.110,1.800,1.800,1.005,5.040,0.875,いいえ,いいえ,いいえ,41.8,1.095,1.110,1.800,1.800,1.005,5.040,1.000,いいえ,いいえ,いいえ,37,37,いいえ,はい,15388,14039,128,128,34,100.0,いいえ,いいえ,3868,2528,9990,39,39,47,100.0,100.0,いいえ,いいえ,7031,7744,0.0,0.0,0.0,0.000,0.006,1392,1005,0.0,0.0,0.0,0.000,0.000,181182,133153,0.3,0.0,0.4,0.369,0.010,66268,77471,64.9,0.720,40.000,600.0,2400.0,1200.0,100.0,0.0,0.0,0.0,0.0,0.0,0.0,0.0,0.0,125,2,16.0,86,いいえ,いいえ,いいえ,39.7,44.0,49.4,84.0,0.865,12.309,12.317,12.266,12.335,12.319,0,0,10.203,4.833,2.353,0.222,7.813,2.467,0.111,7.934,9.526,8.241,220.000,220.000,210.0,50.6,1185.0,210.0,1290.0,210.1,50.5,1414.1,1.0,6.0,1.0,0.0,10.1,1.1,1.8,0.0,2.5,0.0,0,0,はい,いいえ,いいえ,いいえ,いいえ,はい,いいえ,4.7,5.4,0,0,0,0,0,0,0,0,0,0,0,0,0,0,0,0,0,0,0,0,0,0,0,0,0,0,0,0,0,0,11041,1241,964,112,2.5,2.0,10.9,1.1,1.1,1.1,1.1,2.0,10.9,1.1,1.1,1.1,1.1,505.78,919.88,91.68,84.08,928.33,928.33,3.33,63.60,505.78,0.00,880.58,0,0,0.0,0.0,44283,38799,7.4,250.7,0,
19.7.2026,0:42:54.666,21061,12850,62.1,17344,14519,54.4,1.0,2048,20,1.068,1.070,1.060,1.050,1.075,1.090,1.065,4704.0,4716.5,4691.5,4691.5,4716.5,4716.5,4691.5,99.8,4656.8,4671.0,4655.5,4655.4,4655.6,4655.1,4655.6,4655.7,4655.7,4655.4,4655.7,4655.5,4655.4,4656.8,100.0,100.0,100.0,100.0,100.0,100.0,100.0,100.0,100.0,100.0,100.0,100.0,100.0,100.0,100.0,122.7,122.7,122.7,122.7,122.7,122.7,122.7,122.7,122.7,122.7,122.7,122.7,122.7,122.7,47.1,47.2,47.0,47.0,47.2,47.2,47.0,0.0,100.0,100.0,100.0,100.0,100.0,100.0,100.0,0.0,0.0,0.0,0.0,0.0,0.0,0.0,0.0,0.0,0.0,0.0,0.0,0.0,0.0,2395.7,24.00,40,39,39,77,116,708,1,85.8,85.0,86.4,81.9,77.1,82.7,84.7,84.5,78.9,83.5,64.7,64.7,70.0,62.7,44.0,43.0,46.0,1.058,1.015,1.100,41.232,7.948,41.225,50.500,5.427,64.664,6.783,6.422,6.858,6.905,6.959,6.735,6.817,43.638,8.067,57.674,63.268,1996.4,2395.7,4681.3,4681.3,4704.5,71.9,55.0,33.7,71.9,100.0,いいえ,いいえ,いいえ,9.297,3.485,6.0,38.0,85.8,40.0,85.0,1.048,12.197,3.456,3.328,5.040,1.072,1.032,3.440,3.328,1.808,1.024,1.120,1.040,1.792,1.104,0.776,1.824,0.256,2020,いいえ,56.5,42.5,1.095,1.110,1.800,1.800,1.005,5.040,1.250,いいえ,いいえ,いいえ,41.8,1.095,1.110,1.800,1.800,1.005,4.970,1.500,いいえ,いいえ,いいえ,37,37,いいえ,はい,15388,14039,128,128,34,100.0,いいえ,いいえ,3868,2528,9990,39,39,47,100.0,100.0,いいえ,いいえ,7031,7744,0.0,0.1,0.1,0.000,0.008,1392,1005,0.0,0.0,0.0,0.000,0.000,181182,133153,0.0,0.1,0.1,0.000,0.018,66268,77471,64.8,0.720,41.000,600.0,2400.0,1200.0,100.0,0.0,0.0,0.0,0.0,0.0,0.0,0.0,0.0,125,2,16.0,86,いいえ,いいえ,いいえ,39.7,44.0,49.4,84.0,0.865,12.311,12.319,12.267,12.337,12.320,0,0,10.280,4.560,2.057,0.222,7.814,2.171,0.111,7.931,8.035,8.138,220.000,220.000,210.0,50.6,1185.0,210.0,1290.0,210.0,50.5,1414.3,1.0,6.0,1.0,0.0,10.1,0.7,1.0,0.0,1.8,0.0,0,0,はい,いいえ,いいえ,いいえ,いいえ,はい,いいえ,4.5,5.0,0,0,0,0,0,0,0,0,0,0,0,0,0,0,0,0,0,0,0,0,0,0,0,0,0,0,0,0,0,0,11041,1241,964,112,2.5,8.0,17.5,2.6,2.5,2.5,2.5,4.0,11.9,1.8,1.8,1.8,1.8,125.05,386.70,57.09,57.07,402.56,402.56,3.79,46.33,124.95,0.10,87.13,0,0,0.0,0.0,44283,38799,6.9,207.5,0,
19.7.2026,0:42:56.679,21061,12850,62.1,17353,14510,54.4,1.0,2048,20,1.113,1.075,1.140,1.180,1.105,1.090,1.090,4758.1,4716.5,4766.4,4816.3,4741.4,4766.4,4741.4,99.8,4658.4,4672.2,4656.8,4657.0,4657.4,4656.8,4657.2,4657.0,4657.2,4657.2,4657.2,4657.6,4657.7,4658.4,100.0,100.0,100.0,100.0,100.0,100.0,100.0,100.0,100.0,100.0,100.0,100.0,100.0,100.0,100.0,122.8,122.8,122.8,122.8,122.8,122.8,122.8,122.8,122.8,122.8,122.8,122.8,122.8,122.8,47.7,47.2,47.8,48.2,47.5,47.8,47.5,0.0,100.0,100.0,100.0,100.0,100.0,100.0,100.0,0.0,0.0,0.0,0.0,0.0,0.0,0.0,0.0,0.0,0.0,0.0,0.0,0.0,0.0,2395.7,24.00,40,39,39,77,116,708,1,85.8,85.0,86.9,81.7,76.9,82.4,84.7,84.4,78.7,83.4,64.7,64.7,69.8,62.8,44.0,43.0,46.0,1.058,1.015,1.100,41.257,7.922,41.268,53.000,5.440,64.752,6.712,6.339,6.754,6.853,6.897,6.663,6.767,43.672,8.041,57.697,63.289,1996.4,2395.7,4682.7,4682.7,4704.9,71.9,55.0,35.3,71.9,100.0,いいえ,いいえ,いいえ,9.276,2.915,6.0,38.0,85.8,40.0,85.0,1.056,12.197,3.456,3.328,5.040,1.072,1.032,3.440,3.328,1.808,1.024,1.120,1.040,1.808,1.104,0.776,1.824,0.248,2027,いいえ,56.5,42.5,1.095,1.110,1.800,1.800,1.005,5.040,0.500,いいえ,いいえ,いいえ,41.8,1.110,1.110,1.800,1.800,1.005,5.040,1.125,いいえ,いいえ,いいえ,37,37,いいえ,はい,15388,14039,128,128,34,100.0,いいえ,いいえ,3868,2528,9990,39,39,47,100.0,100.0,いいえ,いいえ,7031,7744,0.0,0.0,0.0,0.000,0.006,1392,1005,0.0,0.0,0.0,0.000,0.000,181182,133153,0.0,0.0,0.0,0.000,0.016,66268,77471,64.8,0.720,45.000,600.0,2400.0,1200.0,100.0,0.0,0.0,0.0,0.0,0.0,0.0,0.0,0.0,125,2,16.0,86,いいえ,いいえ,いいえ,39.7,44.0,49.5,84.0,0.865,12.309,12.317,12.266,12.334,12.318,0,0,10.069,4.683,2.506,0.271,7.801,2.640,0.136,7.948,8.032,8.135,220.000,220.000,210.0,50.6,1185.0,210.0,1290.0,209.9,50.5,1414.1,1.0,5.0,0.0,0.0,10.1,0.6,0.8,0.0,1.8,0.0,0,0,はい,いいえ,いいえ,いいえ,いいえ,はい,いいえ,4.8,4.9,0,0,0,0,0,0,0,0,0,0,0,0,0,0,0,0,0,0,0,0,0,0,0,0,0,0,0,0,0,0,11041,1241,964,112,2.5,2.1,10.8,1.1,1.1,1.1,1.1,1.2,1.2,1.2,1.2,1.2,1.2,481.90,870.84,92.96,85.81,878.78,878.78,7.76,117.88,481.80,0.10,747.48,0,0,0.0,0.0,44283,38800,8.5,238.9,0,
19.7.2026,0:42:58.672,21063,12848,62.1,17355,14507,54.4,1.0,2048,20,1.033,1.050,1.025,1.040,1.050,1.010,1.025,4645.8,4691.5,4666.6,4666.6,4641.6,4591.7,4616.7,99.8,4662.1,4678.3,4662.5,4660.9,4660.4,4660.1,4660.7,4661.2,4660.8,4660.7,4660.4,4659.7,4659.8,4662.1,100.0,100.0,100.0,100.0,100.0,100.0,100.0,100.0,100.0,100.0,100.0,100.0,100.0,100.0,100.0,122.9,122.9,122.9,122.9,122.9,122.9,122.9,122.9,122.9,122.9,122.9,122.9,122.9,122.9,46.5,47.0,46.8,46.8,46.5,46.0,46.2,0.0,100.0,100.0,100.0,100.0,100.0,100.0,100.0,0.0,0.0,0.0,0.0,0.0,0.0,0.0,0.0,0.0,0.0,0.0,0.0,0.0,0.0,2395.7,24.00,40,39,39,77,116,708,1,85.9,85.0,85.4,81.9,77.2,82.7,84.5,84.3,78.8,83.6,64.7,64.7,69.2,62.6,44.0,43.0,46.0,1.062,1.015,1.100,41.180,7.875,41.176,56.000,5.415,64.677,6.761,6.456,6.840,6.827,6.879,6.716,6.847,43.747,7.993,57.697,63.268,1996.4,2395.7,4689.2,4689.2,4711.7,71.9,54.9,37.3,71.9,100.0,いいえ,いいえ,いいえ,9.194,2.863,6.0,38.0,85.9,40.0,85.0,1.080,12.197,3.456,3.328,5.040,1.072,1.032,3.440,3.328,1.808,1.024,1.120,1.040,1.808,1.104,0.776,1.824,0.256,2011,いいえ,56.5,42.5,1.095,1.110,1.800,1.800,1.005,5.040,0.750,いいえ,いいえ,いいえ,41.8,1.095,1.110,1.800,1.800,1.005,5.040,1.375,いいえ,いいえ,いいえ,37,37,いいえ,はい,15388,14039,128,128,34,100.0,いいえ,いいえ,3868,2528,9990,39,39,47,100.0,100.0,いいえ,いいえ,7031,7744,0.0,0.1,0.1,0.000,0.012,1392,1005,0.0,0.0,0.0,0.000,0.000,181182,133153,0.0,0.0,0.0,0.000,0.085,66268,77471,64.9,0.720,44.000,600.0,2400.0,1200.0,100.0,0.0,0.0,0.0,0.0,0.0,0.0,0.0,0.0,125,2,16.0,86,いいえ,いいえ,いいえ,39.7,44.0,49.4,84.0,0.865,12.312,12.320,12.271,12.336,12.320,0,0,10.268,4.627,2.239,0.271,7.841,2.369,0.123,7.979,8.039,8.156,220.000,220.000,210.0,50.6,1185.0,210.0,1290.0,210.0,50.5,1414.0,3.0,6.0,2.0,0.0,10.1,0.7,0.9,0.0,2.0,0.0,0,0,はい,いいえ,いいえ,いいえ,いいえ,はい,いいえ,4.6,5.5,0,0,0,0,0,0,0,0,0,0,0,0,0,0,0,0,0,0,0,0,0,0,0,0,0,0,0,0,0,0,11041,1241,964,112,2.5,2.9,17.6,1.1,1.1,1.1,1.1,1.0,1.0,1.0,1.0,1.0,1.0,347.81,907.50,56.74,56.64,924.76,924.76,2.23,45.63,347.72,0.09,225.37,0,0,0.0,0.0,44283,38800,6.6,272.4,0,
19.7.2026,0:43:0.680,21061,12850,62.1,17349,14513,54.4,1.0,2048,20,1.041,1.050,1.090,1.040,1.000,1.040,1.025,4645.8,4691.5,4741.4,4566.8,4641.6,4616.7,4616.7,99.8,4657.0,4670.9,4655.5,4655.7,4655.7,4655.1,4655.5,4655.5,4655.9,4656.2,4656.2,4656.0,4656.1,4657.0,100.0,100.0,100.0,100.0,100.0,100.0,100.0,100.0,100.0,100.0,100.0,100.0,100.0,100.0,100.0,122.7,122.7,122.7,122.7,122.7,122.7,122.7,122.7,122.7,122.7,122.7,122.7,122.7,122.7,46.5,47.0,47.5,45.8,46.5,46.2,46.2,0.0,100.0,100.0,100.0,100.0,100.0,100.0,100.0,0.0,0.0,0.0,0.0,0.0,0.0,0.0,0.0,0.0,0.0,0.0,0.0,0.0,0.0,2395.7,24.00,40,39,39,77,116,708,1,85.8,85.0,87.4,81.9,77.2,82.7,84.7,84.4,78.9,83.5,64.8,64.8,69.8,62.7,44.1,43.0,46.0,1.058,1.015,1.100,41.231,8.070,41.228,48.000,5.431,64.811,6.759,6.409,6.831,6.872,6.931,6.698,6.812,43.636,8.191,57.801,63.360,1996.4,2395.7,4681.4,4681.4,4704.6,72.0,55.0,32.0,72.0,100.0,いいえ,いいえ,いいえ,8.976,3.034,6.0,38.0,85.8,40.0,85.0,1.056,12.197,3.456,3.328,5.040,1.072,1.032,3.440,3.328,1.808,1.024,1.120,1.040,1.792,1.104,0.776,1.824,0.248,2014,いいえ,56.5,42.5,1.095,1.110,1.815,1.800,1.005,5.040,0.500,いいえ,いいえ,いいえ,41.8,1.095,1.110,1.800,1.800,1.005,5.040,0.500,いいえ,いいえ,いいえ,37,37,いいえ,はい,15388,14039,128,128,34,100.0,いいえ,いいえ,3868,2528,9990,39,39,48,100.0,100.0,いいえ,いいえ,7031,7744,0.0,0.0,0.0,0.000,0.006,1392,1005,0.0,0.0,0.0,0.000,0.000,181182,133153,0.0,0.1,0.1,0.000,0.020,66268,77471,64.9,0.720,39.000,600.0,2400.0,1200.0,100.0,0.0,0.0,0.0,0.0,0.0,0.0,0.0,0.0,125,2,16.0,86,いいえ,いいえ,いいえ,39.7,44.0,49.4,84.0,0.865,12.310,12.318,12.268,12.336,12.319,0,0,10.197,4.624,2.252,0.246,7.839,2.369,0.123,7.966,8.042,8.152,220.000,220.000,210.0,50.6,1185.0,210.0,1290.0,210.0,50.5,1413.4,4.0,7.0,3.0,0.0,10.1,0.7,0.8,0.0,2.1,0.0,0,0,はい,いいえ,いいえ,いいえ,いいえ,はい,いいえ,4.6,5.4,0,0,0,0,0,0,0,0,0,0,0,0,0,0,0,0,0,0,0,0,0,0,0,0,0,0,0,0,0,0,11041,1241,964,112,2.5,3.4,16.2,1.9,1.9,1.9,1.9,0.0,0.0,0.0,0.0,0.0,0.0,298.17,534.48,61.86,57.52,539.31,539.31,3.02,39.75,298.07,0.10,0.00,0,0,0.0,0.0,44283,38801,6.6,218.1,0,
19.7.2026,0:43:2.670,21062,12849,62.1,17355,14508,54.4,1.0,2048,20,1.067,1.090,1.075,1.075,1.065,1.045,1.050,4695.7,4741.4,4716.5,4716.5,4666.6,4666.6,4666.6,99.8,4648.1,4662.3,4646.8,4646.7,4646.7,4646.1,4646.7,4647.0,4647.0,4646.9,4647.0,4646.9,4646.9,4648.1,100.0,100.0,100.0,100.0,100.0,100.0,100.0,100.0,100.0,100.0,100.0,100.0,100.0,100.0,100.0,122.5,122.5,122.5,122.5,122.5,122.5,122.5,122.5,122.5,122.5,122.5,122.5,122.5,122.5,47.0,47.5,47.2,47.2,46.8,46.8,46.8,0.0,100.0,100.0,100.0,100.0,100.0,100.0,100.0,0.0,0.0,0.0,0.0,0.0,0.0,0.0,0.0,0.0,0.0,0.0,0.0,0.0,0.0,2395.7,24.00,40,39,39,77,116,708,1,85.8,85.0,84.8,81.9,77.3,82.6,84.5,84.2,79.0,83.7,64.7,64.7,69.2,62.6,44.2,43.0,46.0,1.053,1.015,1.100,41.323,7.969,41.321,48.000,5.411,64.479,6.749,6.449,6.794,6.852,6.845,6.719,6.835,43.527,8.089,57.567,63.076,1996.4,2395.7,4672.2,4672.2,4695.4,71.7,55.1,32.0,71.7,100.0,いいえ,いいえ,いいえ,8.174,2.546,6.0,38.0,85.8,40.0,85.0,1.144,12.197,3.456,3.328,5.040,1.072,1.032,3.440,3.328,1.808,1.024,1.120,1.040,1.792,1.104,0.776,1.824,0.256,2017,いいえ,56.5,42.5,1.095,1.110,1.815,1.800,1.005,5.040,0.625,いいえ,いいえ,いいえ,41.8,1.095,1.110,1.815,1.800,1.005,5.040,0.750,いいえ,いいえ,いいえ,37,37,いいえ,はい,15388,14039,128,128,34,100.0,いいえ,いいえ,3868,2528,9990,39,39,47,100.0,100.0,いいえ,いいえ,7031,7744,0.0,0.0,0.0,0.000,0.000,1392,1005,0.0,0.0,0.0,0.000,0.000,181182,133153,0.0,0.0,0.0,0.000,0.042,66268,77471,64.8,0.720,41.000,600.0,2400.0,1200.0,100.0,0.0,0.0,0.0,0.0,0.0,0.0,0.0,0.0,125,2,16.0,86,いいえ,いいえ,いいえ,39.7,44.0,49.4,84.0,0.865,12.312,12.320,12.270,12.337,12.320,0,0,10.436,4.787,2.827,0.296,7.853,2.973,0.148,8.010,8.039,8.152,220.000,220.000,210.0,50.6,1185.0,210.0,1290.0,210.1,50.5,1412.9,2.0,5.0,1.0,0.0,10.1,0.7,1.0,0.0,2.0,0.0,0,0,はい,いいえ,いいえ,いいえ,いいえ,はい,いいえ,4.8,4.9,0,0,0,0,0,0,0,0,0,0,0,0,0,0,0,0,0,0,0,0,0,0,0,0,0,0,0,0,0,0,11041,1241,964,112,2.5,1.0,1.0,1.0,1.0,1.0,1.0,1.0,1.0,1.0,1.0,1.0,1.0,1009.82,1009.82,1009.82,1009.82,1009.82,1009.82,5.32,78.44,1009.73,0.09,960.72,0,0,0.0,0.0,44283,38801,7.0,202.9,0,
19.7.2026,0:43:4.668,21062,12849,62.1,17365,14498,54.4,1.0,2048,20,1.055,1.050,1.075,1.060,1.060,1.060,1.025,4662.4,4666.6,4691.5,4691.5,4691.5,4616.7,4616.7,99.8,4665.3,4679.7,4663.9,4664.1,4664.1,4663.4,4664.0,4664.1,4664.2,4664.0,4664.0,4663.8,4663.8,4665.3,100.0,100.0,100.0,100.0,100.0,100.0,100.0,100.0,100.0,100.0,100.0,100.0,100.0,100.0,100.0,123.0,123.0,123.0,123.0,123.0,123.0,123.0,123.0,123.0,123.0,123.0,123.0,123.0,123.0,46.7,46.8,47.0,47.0,47.0,46.2,46.2,0.0,100.0,100.0,100.0,100.0,100.0,100.0,100.0,0.0,0.0,0.0,0.0,0.0,0.0,0.0,0.0,0.0,0.0,0.0,0.0,0.0,0.0,2395.7,24.00,40,39,39,77,116,708,1,85.8,85.0,85.8,81.8,77.1,82.6,84.6,84.2,78.5,83.5,64.7,64.7,70.0,62.8,44.2,43.0,46.0,1.063,1.015,1.100,41.146,8.000,41.153,50.000,5.437,64.860,6.749,6.441,6.843,6.871,6.856,6.641,6.844,43.737,8.120,57.839,63.421,1996.4,2395.7,4690.3,4690.3,4712.9,72.1,54.9,33.3,72.1,100.0,いいえ,いいえ,いいえ,9.208,2.782,6.0,38.0,85.8,40.0,85.0,1.072,12.197,3.456,3.328,5.040,1.072,1.032,3.456,3.328,1.808,1.024,1.120,1.040,1.792,1.104,0.776,1.824,0.248,2023,いいえ,57.4,42.5,1.095,1.110,1.815,1.800,1.005,5.040,0.875,いいえ,いいえ,いいえ,41.8,1.095,1.110,1.815,1.800,1.005,5.040,1.375,いいえ,いいえ,いいえ,37,37,いいえ,はい,15388,14039,128,128,34,100.0,いいえ,いいえ,3868,2528,9990,39,39,47,100.0,100.0,いいえ,いいえ,7031,7744,0.0,18.1,18.1,0.000,0.012,1392,1005,0.0,0.0,0.0,0.000,0.000,181182,133153,0.1,0.0,0.1,0.110,0.028,66268,77471,64.9,0.720,44.000,600.0,2400.0,1200.0,100.0,0.0,0.0,0.0,0.0,0.0,0.0,0.0,0.0,125,2,16.0,86,いいえ,いいえ,いいえ,39.7,44.0,49.4,84.0,0.865,12.313,12.321,12.270,12.338,12.321,0,0,10.310,4.666,2.418,0.246,7.841,2.542,0.123,7.967,8.036,8.153,220.000,220.000,210.0,50.6,1185.0,210.0,1290.0,210.0,50.5,1413.6,3.0,6.0,2.0,0.0,10.1,0.6,1.0,0.0,1.5,0.0,0,0,はい,いいえ,いいえ,いいえ,いいえ,はい,いいえ,4.9,5.0,0,0,0,0,0,0,0,0,0,0,0,0,0,0,0,0,0,0,0,0,0,0,0,0,0,0,0,0,0,0,11041,1241,964,112,2.5,14.0,17.5,8.6,8.4,8.4,8.4,2.3,11.1,1.3,1.3,1.3,1.3,71.60,116.45,57.06,57.05,118.69,118.69,1.74,12.67,71.50,0.10,46.33,0,0,0.0,0.0,44283,38801,6.4,171.2,0,
19.7.2026,0:43:6.679,21060,12851,62.1,17364,14499,54.4,1.0,2048,20,1.057,1.075,1.050,1.050,1.060,1.060,1.050,4683.2,4716.5,4666.6,4666.6,4716.5,4666.6,4666.6,99.8,4674.4,4688.8,4673.2,4673.1,4673.1,4672.5,4672.9,4673.0,4673.0,4673.0,4673.3,4673.1,4673.3,4674.4,100.0,100.0,100.0,100.0,100.0,100.0,100.0,100.0,100.0,100.0,100.0,100.0,100.0,100.0,100.0,123.2,123.2,123.2,123.2,123.2,123.2,123.2,123.2,123.2,123.2,123.2,123.2,123.2,123.2,46.9,47.2,46.8,46.8,47.2,46.8,46.8,0.0,100.0,100.0,100.0,100.0,100.0,100.0,100.0,0.0,0.0,0.0,0.0,0.0,0.0,0.0,0.0,0.0,0.0,0.0,0.0,0.0,0.0,2395.7,24.00,40,39,39,77,116,708,1,85.8,85.0,84.8,81.9,77.3,82.7,84.7,84.3,78.8,83.5,64.9,64.9,70.0,62.9,44.3,43.0,46.0,1.068,1.015,1.100,41.183,7.999,41.177,50.500,5.454,65.204,6.789,6.494,6.870,6.917,6.915,6.707,6.834,44.016,8.119,58.134,63.751,1996.4,2395.7,4699.0,4699.0,4723.6,72.4,54.9,33.7,72.4,100.0,いいえ,いいえ,いいえ,10.008,3.024,6.0,38.0,85.9,40.0,85.0,1.120,12.197,3.456,3.328,5.040,1.072,1.032,3.440,3.328,1.808,1.024,1.120,1.040,1.792,1.104,0.776,1.824,0.256,2023,いいえ,56.5,42.5,1.095,1.110,1.815,1.800,1.005,5.040,0.500,いいえ,いいえ,いいえ,41.8,1.095,1.110,1.815,1.800,1.005,5.040,0.750,いいえ,いいえ,いいえ,37,37,いいえ,はい,15388,14039,128,128,34,100.0,いいえ,いいえ,3868,2528,9990,39,39,47,100.0,100.0,いいえ,いいえ,7031,7744,0.0,0.0,0.0,0.000,0.000,1392,1005,0.0,0.0,0.0,0.000,0.000,181182,133153,0.0,0.0,0.0,0.008,0.091,66268,77471,64.9,0.720,45.000,600.0,2400.0,1200.0,100.0,0.0,0.0,0.0,0.0,0.0,0.0,0.0,0.0,125,2,16.0,86,いいえ,いいえ,いいえ,39.7,44.0,49.4,84.0,0.865,12.308,12.315,12.266,12.333,12.317,0,0,10.230,4.626,2.305,0.246,7.789,2.430,0.123,7.922,8.042,8.152,220.000,220.000,210.0,50.6,1185.0,210.0,1290.0,210.0,50.5,1413.4,3.0,6.0,2.0,0.0,10.1,0.8,1.0,0.0,2.0,0.0,0,0,はい,いいえ,いいえ,いいえ,いいえ,はい,いいえ,4.6,5.4,0,0,0,0,0,0,0,0,0,0,0,0,0,0,0,0,0,0,0,0,0,0,0,0,0,0,0,0,0,0,11041,1241,964,112,2.5,1.1,1.1,1.1,1.1,1.1,1.1,1.1,1.1,1.1,1.1,1.1,1.1,907.44,907.44,907.44,907.44,907.44,907.44,17.29,149.70,907.35,0.08,841.87,0,0,0.0,0.0,44283,38802,6.8,195.2,0,
19.7.2026,0:43:8.675,21073,12838,62.1,17371,14492,54.5,1.0,2048,20,1.102,1.090,1.120,1.120,1.090,1.100,1.090,4766.4,4766.4,4816.3,4816.3,4741.4,4741.4,4716.5,99.8,4683.7,4698.5,4682.9,4682.0,4682.1,4681.4,4682.1,4682.3,4682.4,4683.1,4683.2,4682.1,4682.2,4683.7,100.0,100.0,100.0,100.0,100.0,100.0,100.0,100.0,100.0,100.0,100.0,100.0,100.0,100.0,100.0,123.4,123.5,123.5,123.4,123.4,123.4,123.4,123.4,123.4,123.5,123.5,123.4,123.4,123.4,47.8,47.8,48.2,48.2,47.5,47.5,47.2,0.0,100.0,100.0,100.0,100.0,100.0,100.0,100.0,0.0,0.0,0.0,0.0,0.0,0.0,0.0,0.0,0.0,0.0,0.0,0.0,0.0,0.0,2395.7,24.00,40,39,39,77,116,708,1,85.9,85.0,84.4,81.9,77.4,82.8,84.6,84.3,78.8,83.5,65.0,65.0,69.5,62.9,44.3,43.0,46.0,1.074,1.015,1.100,40.969,7.929,40.971,50.000,5.444,65.146,6.787,6.494,6.893,6.866,6.930,6.711,6.830,44.034,8.048,58.070,63.691,1996.4,2395.7,4709.0,4709.0,4733.3,72.4,54.6,33.3,72.4,100.0,いいえ,いいえ,いいえ,10.058,2.815,6.0,38.0,85.9,40.0,85.0,1.080,12.197,3.456,3.328,5.040,1.072,1.032,3.440,3.328,1.808,1.024,1.120,1.040,1.792,1.104,0.776,1.824,0.248,2011,いいえ,56.5,42.5,1.110,1.110,1.815,1.800,1.005,5.040,0.750,いいえ,いいえ,いいえ,41.8,1.110,1.110,1.815,1.800,1.005,5.040,0.750,いいえ,いいえ,いいえ,37,37,いいえ,はい,15388,14039,128,128,34,100.0,いいえ,いいえ,3868,2528,9990,39,39,47,100.0,100.0,いいえ,いいえ,7031,7744,0.0,0.0,0.0,0.000,0.002,1392,1005,0.0,0.0,0.0,0.000,0.000,181182,133153,0.0,0.0,0.0,0.000,0.000,66268,77471,64.9,0.720,43.000,600.0,2400.0,1200.0,100.0,0.0,0.0,0.0,0.0,0.0,0.0,0.0,0.0,125,2,16.0,86,いいえ,いいえ,いいえ,39.7,44.0,49.6,84.0,0.865,12.311,12.320,12.269,12.337,12.320,0,0,10.228,4.600,2.145,0.246,7.840,2.270,0.123,7.962,8.039,8.179,220.000,220.000,210.0,50.6,1185.0,210.0,1290.0,210.0,50.5,1413.3,2.0,6.0,1.0,0.0,10.1,0.7,0.9,0.0,1.7,0.0,0,0,はい,いいえ,いいえ,いいえ,いいえ,はい,いいえ,4.6,5.2,0,0,0,0,0,0,0,0,0,0,0,0,0,0,0,0,0,0,0,0,0,0,0,0,0,0,0,0,0,0,11041,1241,964,112,2.5,1.5,2.5,1.0,1.0,1.0,1.0,1.5,2.8,1.0,1.0,1.0,1.0,683.41,974.53,392.28,386.94,980.48,980.48,6.41,75.67,683.30,0.11,747.83,0,0,0.0,0.0,44283,38802,6.0,170.1,0,
19.7.2026,0:43:10.670,21067,12844,62.1,17376,14487,54.5,1.0,2048,20,1.077,1.060,1.090,1.090,1.080,1.070,1.070,4729.0,4691.5,4741.4,4741.4,4716.5,4741.4,4741.4,99.8,4685.8,4700.2,4684.7,4684.6,4684.7,4684.1,4684.6,4684.6,4684.6,4684.6,4684.5,4684.3,4684.4,4685.8,100.0,100.0,100.0,100.0,100.0,100.0,100.0,100.0,100.0,100.0,100.0,100.0,100.0,100.0,100.0,123.5,123.5,123.5,123.5,123.5,123.5,123.5,123.5,123.5,123.5,123.5,123.5,123.5,123.5,47.4,47.0,47.5,47.5,47.2,47.5,47.5,0.0,100.0,100.0,100.0,100.0,100.0,100.0,100.0,0.0,0.0,0.0,0.0,0.0,0.0,0.0,0.0,0.0,0.0,0.0,0.0,0.0,0.0,2395.7,24.00,40,39,39,77,116,708,1,85.9,85.0,85.4,81.9,77.2,82.7,84.6,84.3,78.8,83.5,65.0,65.0,69.5,62.8,44.4,43.1,46.0,1.075,1.015,1.100,41.255,7.991,41.251,50.500,5.407,65.520,6.862,6.537,6.995,6.975,6.992,6.762,6.909,44.380,8.111,58.438,64.086,1996.4,2395.7,4710.3,4710.3,4735.5,72.8,55.0,33.7,72.8,100.0,いいえ,いいえ,いいえ,10.436,3.214,6.0,38.0,85.9,40.0,85.0,1.112,12.197,3.456,3.328,5.040,1.072,1.032,3.456,3.328,1.808,1.024,1.120,1.040,1.792,1.104,0.776,1.824,0.248,2008,いいえ,57.4,42.5,1.110,1.110,1.815,1.800,1.005,5.040,1.000,いいえ,いいえ,いいえ,42.0,1.110,1.110,1.815,1.800,1.005,5.040,0.625,いいえ,いいえ,いいえ,37,37,いいえ,はい,15388,14039,128,128,34,100.0,いいえ,いいえ,3868,2528,9990,39,39,48,100.0,100.0,いいえ,いいえ,7031,7744,0.0,0.1,0.1,0.000,0.008,1392,1005,0.0,0.0,0.0,0.000,0.000,181182,133153,0.0,0.2,0.2,0.108,1.036,66269,77473,64.9,0.720,42.000,600.0,2400.0,1200.0,100.0,0.0,0.0,0.0,0.0,0.0,0.0,0.0,0.0,125,2,16.0,86,いいえ,いいえ,いいえ,39.7,44.0,49.5,84.0,0.865,12.309,12.318,12.266,12.333,12.317,0,0,10.384,4.534,1.943,0.222,7.777,2.060,0.111,7.901,8.079,8.179,220.000,220.000,210.0,50.6,1185.0,210.0,1290.0,209.9,50.5,1413.6,1.0,5.0,0.0,0.0,10.1,0.6,0.9,0.0,1.6,0.0,0,0,はい,いいえ,いいえ,いいえ,いいえ,はい,いいえ,4.5,5.3,0,0,0,0,0,0,0,0,0,0,0,0,0,0,0,0,0,0,0,0,0,0,0,0,0,0,0,0,0,0,11041,1241,964,112,2.5,2.1,15.6,0.8,0.8,0.8,0.8,0.7,0.7,0.7,0.7,0.7,0.7,466.17,1194.44,63.97,62.95,1216.38,1216.38,2.53,21.43,466.07,0.11,150.45,0,0,0.0,0.0,44283,38803,20.5,272.0,0,
19.7.2026,0:43:12.678,21077,12834,62.1,17381,14482,54.5,1.0,2048,20,1.071,1.075,1.110,1.075,1.075,1.050,1.040,4691.5,4691.5,4716.5,4716.5,4716.5,4641.6,4666.6,99.8,4696.2,4710.7,4694.9,4695.0,4695.0,4694.4,4695.0,4695.1,4695.1,4695.0,4694.9,4694.8,4694.8,4696.2,100.0,100.0,100.0,100.0,100.0,100.0,100.0,100.0,100.0,100.0,100.0,100.0,100.0,100.0,100.0,123.8,123.8,123.8,123.8,123.8,123.8,123.8,123.8,123.8,123.8,123.8,123.8,123.8,123.8,47.0,47.0,47.2,47.2,47.2,46.5,46.8,0.0,100.0,100.0,100.0,100.0,100.0,100.0,100.0,0.0,0.0,0.0,0.0,0.0,0.0,0.0,0.0,0.0,0.0,0.0,0.0,0.0,0.0,2395.7,24.00,40,39,39,77,116,708,1,85.9,85.0,85.9,81.9,77.1,82.6,84.5,84.4,79.0,83.7,65.1,65.1,69.0,62.9,44.4,43.3,46.0,1.082,1.015,1.100,41.249,8.003,41.255,49.500,5.414,65.802,6.896,6.650,7.122,6.905,6.959,6.794,6.944,44.641,8.123,58.720,64.368,1996.4,2395.7,4721.2,4721.2,4746.7,73.1,55.0,33.0,73.1,100.0,いいえ,いいえ,いいえ,10.584,2.659,6.0,38.0,85.9,40.0,85.0,1.072,12.197,3.456,3.328,5.040,1.072,1.032,3.456,3.328,1.808,1.024,1.120,1.040,1.808,1.104,0.776,1.824,0.248,2008,いいえ,57.4,42.5,1.110,1.110,1.815,1.800,1.005,5.040,0.750,いいえ,いいえ,いいえ,42.0,1.110,1.110,1.815,1.800,1.005,5.040,0.875,いいえ,いいえ,いいえ,37,37,いいえ,はい,15388,14039,128,128,34,100.0,いいえ,いいえ,3868,2528,9990,39,39,47,100.0,100.0,いいえ,いいえ,7031,7744,0.0,0.0,0.0,0.000,0.000,1392,1005,0.0,0.0,0.0,0.000,0.000,181182,133153,0.0,0.2,0.2,0.028,2.286,66269,77478,65.0,0.720,41.000,600.0,2400.0,1200.0,100.0,0.0,0.0,0.0,0.0,0.0,0.0,0.0,0.0,125,2,16.0,86,いいえ,いいえ,いいえ,39.7,44.0,49.4,84.0,0.865,12.306,12.316,12.262,12.331,12.314,0,0,10.274,4.638,2.297,0.246,7.811,2.417,0.123,7.936,8.079,8.198,220.000,220.000,210.0,50.6,1185.0,210.0,1290.0,210.0,50.5,1413.9,3.0,6.0,1.0,0.0,10.1,0.7,0.9,0.0,1.8,0.0,0,0,はい,いいえ,いいえ,いいえ,いいえ,はい,いいえ,4.7,4.9,0,0,0,0,0,0,0,0,0,0,0,0,0,0,0,0,0,0,0,0,0,0,0,0,0,0,0,0,0,0,11041,1241,964,112,2.5,2.1,15.6,0.8,0.8,0.8,0.8,0.7,0.7,0.7,0.7,0.7,0.7,466.17,1194.44,63.97,62.95,1216.38,1216.38,2.53,21.43,466.07,0.11,150.45,0,0,0.0,0.0,44283,38803,6.2,199.4,0,
19.7.2026,0:43:14.668,21072,12838,62.1,17379,14484,54.5,1.0,2048,20,1.057,1.110,1.010,1.040,1.020,1.090,1.075,4674.9,4741.4,4566.8,4666.6,4616.7,4741.4,4716.5,99.8,4678.4,4693.0,4677.3,4677.2,4677.2,4676.4,4676.8,4676.9,4676.9,4677.1,4677.3,4677.2,4677.1,4678.4,100.0,100.0,100.0,100.0,100.0,100.0,100.0,100.0,100.0,100.0,100.0,100.0,100.0,100.0,100.0,123.3,123.3,123.3,123.3,123.3,123.3,123.3,123.3,123.3,123.3,123.3,123.3,123.3,123.3,46.8,47.5,45.8,46.8,46.2,47.5,47.2,0.0,100.0,100.0,100.0,100.0,100.0,100.0,100.0,0.0,0.0,0.0,0.0,0.0,0.0,0.0,0.0,0.0,0.0,0.0,0.0,0.0,0.0,2395.7,24.00,40,39,39,77,116,708,1,85.9,85.0,84.9,81.8,77.3,82.7,84.5,84.1,79.0,83.5,64.9,64.9,69.8,63.0,44.4,43.4,46.0,1.071,1.015,1.100,41.263,7.966,41.259,48.500,5.434,65.303,6.781,6.500,6.880,6.876,6.838,6.760,6.832,44.209,8.085,58.272,63.856,1996.4,2395.7,4703.6,4703.6,4727.0,72.6,55.0,32.3,72.6,100.0,いいえ,いいえ,いいえ,9.626,2.606,6.0,38.0,86.0,40.0,86.0,1.096,12.197,3.456,3.328,5.040,1.072,1.032,3.456,3.328,1.808,1.024,1.120,1.040,1.808,1.104,0.776,1.824,0.248,2033,いいえ,57.4,42.5,1.110,1.110,1.815,1.800,1.005,5.040,1.000,いいえ,いいえ,いいえ,42.0,1.110,1.110,1.815,1.800,1.005,5.040,1.375,いいえ,いいえ,いいえ,37,37,いいえ,はい,15388,14039,128,128,34,100.0,いいえ,いいえ,3868,2528,9990,39,39,47,100.0,100.0,いいえ,いいえ,7031,7744,0.0,0.1,0.1,0.000,0.014,1392,1005,0.0,0.0,0.0,0.000,0.000,181182,133153,0.0,0.7,0.8,0.004,2.157,66269,77482,65.0,0.720,44.000,600.0,2400.0,1200.0,100.0,0.0,0.0,0.0,0.0,0.0,0.0,0.0,0.0,125,2,16.0,86,いいえ,いいえ,いいえ,39.8,44.0,49.4,84.0,0.865,12.305,12.315,12.262,12.330,12.314,0,0,10.089,4.604,2.139,0.246,7.786,2.256,0.123,7.921,8.074,8.284,220.000,220.000,210.0,50.6,1185.0,210.0,1290.0,210.0,50.5,1413.7,2.0,6.0,1.0,0.0,10.1,0.6,0.8,0.0,1.5,0.0,0,0,はい,いいえ,いいえ,いいえ,いいえ,はい,いいえ,4.6,5.1,0,0,0,0,0,0,0,0,0,0,0,0,0,0,0,0,0,0,0,0,0,0,0,0,0,0,0,0,0,0,11041,1241,964,112,2.5,0.6,10.5,0.3,0.3,0.3,0.3,0.3,0.3,0.3,0.3,0.3,0.3,1655.76,3216.64,94.89,66.22,3248.49,3248.49,2.63,105.95,1655.67,0.09,110.99,0,0,0.0,0.0,44283,38803,9.8,182.3,0,
19.7.2026,0:43:16.670,21068,12843,62.1,17385,14478,54.5,1.0,2048,20,1.089,1.065,1.105,1.120,1.085,1.065,1.095,4741.4,4716.5,4766.4,4816.3,4766.4,4666.6,4716.5,99.8,4680.4,4694.4,4678.8,4678.8,4678.9,4678.4,4679.1,4679.4,4679.6,4679.5,4679.5,4679.3,4679.4,4680.4,100.0,100.0,100.0,100.0,100.0,100.0,100.0,100.0,100.0,100.0,100.0,100.0,100.0,100.0,100.0,123.4,123.4,123.4,123.4,123.4,123.4,123.4,123.4,123.4,123.4,123.4,123.4,123.4,123.4,47.5,47.2,47.8,48.2,47.8,46.8,47.2,0.0,100.0,100.0,100.0,100.0,100.0,100.0,100.0,0.0,0.0,0.0,0.0,0.0,0.0,0.0,0.0,0.0,0.0,0.0,0.0,0.0,0.0,2395.7,24.00,40,39,39,77,116,708,1,85.9,85.0,84.0,81.8,77.0,82.5,84.6,84.3,78.8,83.6,65.0,65.0,69.5,62.9,44.5,43.6,46.0,1.072,1.015,1.100,41.154,7.993,41.164,49.500,5.448,65.373,6.752,6.393,6.775,6.875,6.892,6.730,6.846,44.128,8.113,58.233,63.847,1996.4,2395.7,4705.0,4705.0,4729.5,72.6,54.9,33.0,72.6,100.0,いいえ,いいえ,いいえ,9.757,2.704,6.0,38.0,85.9,40.0,85.0,1.088,12.197,3.456,3.328,5.040,1.072,1.032,3.456,3.328,1.808,1.024,1.120,1.040,1.808,1.104,0.776,1.824,0.248,2036,いいえ,56.5,42.8,1.110,1.110,1.815,1.800,0.990,5.040,1.375,いいえ,いいえ,いいえ,42.0,1.110,1.110,1.815,1.800,1.005,5.040,0.875,いいえ,いいえ,いいえ,37,37,いいえ,はい,15388,14039,128,128,34,100.0,いいえ,いいえ,3868,2528,9990,39,39,47,100.0,100.0,いいえ,いいえ,7031,7744,0.0,0.0,0.0,0.000,0.000,1392,1005,0.0,0.0,0.0,0.000,0.000,181182,133153,0.0,0.0,0.0,0.000,0.000,66269,77482,65.0,0.720,41.000,600.0,2400.0,1200.0,100.0,0.0,0.0,0.0,0.0,0.0,0.0,0.0,0.0,125,2,16.0,86,いいえ,いいえ,いいえ,39.7,44.0,49.4,84.0,0.865,12.305,12.315,12.261,12.331,12.314,0,0,10.278,4.589,2.117,0.246,7.810,2.232,0.123,7.939,8.061,8.183,220.000,220.000,210.0,50.6,1185.0,210.0,1290.0,210.0,50.5,1413.7,2.0,6.0,1.0,0.0,10.1,0.8,1.4,0.0,1.8,0.0,0,0,はい,いいえ,いいえ,いいえ,いいえ,はい,いいえ,4.6,5.3,0,0,0,0,0,0,0,0,0,0,0,0,0,0,0,0,0,0,0,0,0,0,0,0,0,0,0,0,0,0,11041,1241,964,112,2.5,1.0,1.0,1.0,1.0,1.0,1.0,1.0,1.0,1.0,1.0,1.0,1.0,1000.80,1000.80,1000.80,1000.80,1000.80,1000.80,19.65,981.10,1000.80,0.00,350.46,0,0,0.0,0.0,44283,38804,6.5,180.1,0,
19.7.2026,0:43:18.679,21072,12839,62.1,17390,14473,54.5,1.0,2048,20,1.063,1.050,1.050,1.050,1.050,1.090,1.090,4687.4,4641.6,4666.6,4666.6,4666.6,4741.4,4741.4,99.8,4674.0,4688.6,4673.0,4673.0,4672.9,4672.3,4672.6,4672.6,4672.6,4672.7,4672.7,4672.5,4672.5,4674.0,100.0,100.0,100.0,100.0,100.0,100.0,100.0,100.0,100.0,100.0,100.0,100.0,100.0,100.0,100.0,123.2,123.2,123.2,123.2,123.2,123.2,123.2,123.2,123.2,123.2,123.2,123.2,123.2,123.2,47.0,46.5,46.8,46.8,46.8,47.5,47.5,0.0,100.0,100.0,100.0,100.0,100.0,100.0,100.0,0.0,0.0,0.0,0.0,0.0,0.0,0.0,0.0,0.0,0.0,0.0,0.0,0.0,0.0,2395.7,24.00,40,39,39,77,116,708,1,85.9,85.0,83.4,81.8,77.1,82.5,84.6,84.3,78.7,83.5,64.9,64.9,69.8,62.9,44.5,43.6,46.0,1.068,1.015,1.100,41.110,8.004,41.099,49.500,5.445,64.985,6.755,6.423,6.821,6.863,6.925,6.671,6.827,43.910,8.124,58.023,63.613,1996.4,2395.7,4698.7,4698.7,4721.9,72.3,54.8,33.0,72.3,100.0,いいえ,いいえ,いいえ,9.573,2.941,6.0,38.0,85.9,40.0,85.0,1.112,12.197,3.456,3.328,5.040,1.072,1.032,3.440,3.328,1.808,1.024,1.120,1.040,1.792,1.104,0.776,1.824,0.256,2036,いいえ,57.4,42.8,1.110,1.110,1.815,1.800,0.990,5.040,1.000,いいえ,いいえ,いいえ,42.0,1.110,1.110,1.815,1.800,0.990,5.040,0.625,いいえ,いいえ,いいえ,37,37,いいえ,はい,15388,14039,128,128,34,100.0,いいえ,いいえ,3868,2528,9990,39,39,47,100.0,100.0,いいえ,いいえ,7031,7744,0.0,0.1,0.1,0.000,0.006,1392,1005,0.0,0.0,0.0,0.000,0.000,181182,133153,0.0,0.1,0.1,0.000,0.061,66269,77482,65.0,0.720,46.000,600.0,2400.0,1200.0,100.0,0.0,0.0,0.0,0.0,0.0,0.0,0.0,0.0,125,2,16.0,86,いいえ,いいえ,いいえ,39.8,44.0,49.5,84.0,0.865,12.304,12.314,12.261,12.329,12.313,0,0,10.164,4.646,2.352,0.246,7.798,2.478,0.123,7.933,8.049,8.185,220.000,220.000,210.0,50.6,1185.0,210.0,1290.0,210.0,50.5,1413.9,4.0,6.0,2.0,0.0,10.1,0.7,0.9,0.0,2.0,0.0,0,0,はい,いいえ,いいえ,いいえ,いいえ,はい,いいえ,4.7,4.9,0,0,0,0,0,0,0,0,0,0,0,0,0,0,0,0,0,0,0,0,0,0,0,0,0,0,0,0,0,0,11041,1241,964,112,2.5,1.0,1.0,1.0,1.0,1.0,1.0,0.0,0.0,0.0,0.0,0.0,0.0,981.78,981.78,981.78,981.78,981.78,981.78,3.37,61.11,981.68,0.10,0.00,0,0,0.0,0.0,44283,38804,7.3,232.8,0,
19.7.2026,0:43:20.668,21063,12848,62.1,17393,14470,54.5,1.0,2048,20,1.058,1.090,1.035,1.075,1.050,1.075,1.025,4699.9,4741.4,4691.5,4691.5,4641.6,4716.5,4716.5,99.8,4682.1,4696.5,4680.9,4680.8,4681.1,4680.4,4681.0,4681.1,4681.1,4680.7,4680.7,4680.4,4680.5,4682.1,100.0,100.0,100.0,100.0,100.0,100.0,100.0,100.0,100.0,100.0,100.0,100.0,100.0,100.0,100.0,123.4,123.4,123.4,123.4,123.4,123.4,123.4,123.4,123.4,123.4,123.4,123.4,123.4,123.4,47.1,47.5,47.0,47.0,46.5,47.2,47.2,0.0,100.0,100.0,100.0,100.0,100.0,100.0,100.0,0.0,0.0,0.0,0.0,0.0,0.0,0.0,0.0,0.0,0.0,0.0,0.0,0.0,0.0,2395.7,24.00,40,39,39,77,116,708,1,85.9,85.0,84.0,81.9,77.1,82.8,84.6,84.4,78.8,83.5,65.0,65.0,69.2,62.9,44.5,43.7,46.0,1.072,1.015,1.100,41.223,7.913,41.225,51.500,5.425,65.239,6.793,6.439,6.903,6.873,6.946,6.736,6.861,44.235,8.032,58.235,63.820,1996.4,2395.7,4706.5,4706.5,4730.0,72.5,55.0,34.3,72.5,100.0,いいえ,いいえ,いいえ,9.584,2.599,6.0,38.0,85.9,40.0,85.0,1.056,12.197,3.456,3.328,5.040,1.072,1.032,3.440,3.328,1.808,1.024,1.120,1.040,1.808,1.104,0.776,1.824,0.248,2027,いいえ,57.4,42.8,1.110,1.110,1.815,1.800,0.990,5.040,0.750,いいえ,いいえ,いいえ,42.0,1.110,1.110,1.815,1.800,0.990,5.040,0.875,いいえ,いいえ,いいえ,37,37,いいえ,はい,15388,14039,128,128,34,100.0,いいえ,いいえ,3868,2528,9990,39,39,47,100.0,100.0,いいえ,いいえ,7031,7744,0.0,0.1,0.1,0.000,0.006,1392,1005,0.0,0.0,0.0,0.000,0.000,181182,133153,0.0,0.1,0.1,0.000,0.111,66269,77482,65.0,0.720,41.000,600.0,2400.0,1200.0,100.0,0.0,0.0,0.0,0.0,0.0,0.0,0.0,0.0,125,2,16.0,86,いいえ,いいえ,いいえ,39.8,44.0,49.5,84.0,0.865,12.306,12.316,12.262,12.331,12.315,0,0,10.125,4.581,2.128,0.222,7.786,2.232,0.111,7.897,8.083,8.188,220.000,220.000,210.0,50.6,1185.0,210.0,1290.0,210.1,50.5,1413.7,1.0,5.0,0.0,0.0,10.1,0.6,0.8,0.0,1.7,0.0,0,0,はい,いいえ,いいえ,いいえ,いいえ,はい,いいえ,4.6,5.2,0,0,0,0,0,0,0,0,0,0,0,0,0,0,0,0,0,0,0,0,0,0,0,0,0,0,0,0,0,0,11041,1241,964,112,2.5,13.3,17.6,8.4,8.3,8.3,8.3,0.5,0.5,0.5,0.5,0.5,0.5,75.47,118.50,56.71,56.55,120.23,120.23,1.33,0.01,75.37,0.10,58.37,0,0,0.0,0.0,44283,38805,6.7,194.2,0,
19.7.2026,0:43:22.669,21063,12848,62.1,17392,14471,54.5,1.0,2048,20,1.075,1.015,1.105,1.115,1.115,1.065,1.035,4704.0,4541.8,4791.4,4791.4,4791.4,4691.5,4616.7,99.8,4684.4,4698.5,4683.1,4683.2,4683.0,4682.4,4682.9,4683.1,4683.3,4683.4,4683.4,4683.3,4683.3,4684.4,100.0,100.0,100.0,100.0,100.0,100.0,100.0,100.0,100.0,100.0,100.0,100.0,100.0,100.0,100.0,123.5,123.5,123.5,123.5,123.5,123.5,123.5,123.5,123.5,123.5,123.5,123.5,123.5,123.5,47.1,45.5,48.0,48.0,48.0,47.0,46.2,0.0,100.0,100.0,100.0,100.0,100.0,100.0,100.0,0.0,0.0,0.0,0.0,0.0,0.0,0.0,0.0,0.0,0.0,0.0,0.0,0.0,0.0,2395.7,24.00,40,39,39,77,116,708,1,85.9,85.0,82.0,81.8,77.0,82.6,84.6,84.3,78.7,83.4,64.9,64.9,70.2,63.1,44.6,43.8,46.0,1.074,1.015,1.100,40.930,7.996,40.930,50.500,5.419,65.149,6.781,6.439,6.865,6.891,6.946,6.702,6.841,43.971,8.116,58.048,63.672,1996.4,2395.7,4708.7,4708.7,4732.8,72.4,54.6,33.7,72.4,100.0,いいえ,いいえ,いいえ,10.213,2.705,6.0,38.0,85.9,40.0,85.0,1.096,12.197,3.456,3.328,5.040,1.072,1.032,3.440,3.328,1.808,1.024,1.120,1.040,1.792,1.104,0.776,1.824,0.256,2020,いいえ,57.4,42.8,1.110,1.110,1.815,1.800,0.990,5.040,0.500,いいえ,いいえ,いいえ,42.0,1.110,1.110,1.815,1.800,0.990,5.040,1.500,いいえ,いいえ,いいえ,37,37,いいえ,はい,15388,14039,128,128,34,100.0,いいえ,いいえ,3868,2528,9990,39,39,47,100.0,100.0,いいえ,いいえ,7031,7744,0.0,8.4,8.4,0.000,0.004,1392,1005,0.0,0.0,0.0,0.000,0.000,181182,133153,0.0,0.0,0.0,0.000,0.000,66269,77482,65.0,0.720,37.000,600.0,2400.0,1200.0,100.0,0.0,0.0,0.0,0.0,0.0,0.0,0.0,0.0,125,2,16.0,86,いいえ,いいえ,いいえ,39.8,44.0,49.5,84.0,0.865,12.305,12.314,12.261,12.330,12.314,0,0,10.126,4.510,1.909,0.197,7.749,2.010,0.099,7.865,8.077,8.176,220.000,220.000,210.0,50.6,1185.0,210.0,1290.0,210.0,50.5,1413.4,1.0,6.0,0.0,0.0,10.1,0.6,0.8,0.0,1.6,0.0,0,0,はい,いいえ,いいえ,いいえ,いいえ,はい,いいえ,4.4,5.4,0,0,0,0,0,0,0,0,0,0,0,0,0,0,0,0,0,0,0,0,0,0,0,0,0,0,0,0,0,0,11041,1241,964,112,2.5,0.6,0.6,0.6,0.6,0.6,0.6,0.6,0.6,0.6,0.6,0.6,0.6,1649.91,1649.91,1649.91,1649.91,1649.91,1649.91,15.85,980.29,1649.91,0.00,1316.71,0,0,0.0,0.0,44283,38805,6.9,262.8,0,
19.7.2026,0:43:24.677,21066,12845,62.1,17402,14461,54.6,1.0,2048,20,1.059,1.125,1.035,1.090,1.060,1.000,1.045,4704.0,4766.4,4666.6,4716.5,4691.5,4641.6,4741.4,99.8,4658.9,4673.9,4658.2,4657.6,4657.6,4657.0,4657.4,4658.1,4657.9,4657.6,4657.7,4657.0,4657.2,4658.9,100.0,100.0,100.0,100.0,100.0,100.0,100.0,100.0,100.0,100.0,100.0,100.0,100.0,100.0,100.0,122.8,122.8,122.8,122.8,122.8,122.8,122.8,122.8,122.8,122.8,122.8,122.8,122.8,122.8,47.1,47.8,46.8,47.2,47.0,46.5,47.5,0.0,100.0,100.0,100.0,100.0,100.0,100.0,100.0,0.0,0.0,0.0,0.0,0.0,0.0,0.0,0.0,0.0,0.0,0.0,0.0,0.0,0.0,2395.7,24.00,40,39,39,77,116,708,1,85.9,85.0,85.8,81.6,76.9,82.4,84.7,84.2,78.5,83.1,64.7,64.7,69.0,62.8,44.6,43.9,46.0,1.059,1.015,1.100,40.760,8.030,40.761,49.000,5.406,64.217,6.689,6.340,6.752,6.869,6.882,6.610,6.680,43.208,8.150,57.304,62.826,1996.4,2395.7,4684.1,4684.1,4706.7,71.4,54.3,32.7,71.4,100.0,いいえ,いいえ,いいえ,8.334,2.524,6.0,38.0,85.9,40.0,85.0,1.040,12.197,3.456,3.328,5.040,1.072,1.032,3.440,3.328,1.808,1.024,1.120,1.040,1.792,1.104,0.776,1.824,0.256,2036,いいえ,57.4,42.8,1.110,1.110,1.800,1.800,0.990,5.040,0.250,いいえ,いいえ,いいえ,42.0,1.110,1.110,1.815,1.800,0.990,5.040,0.625,いいえ,いいえ,いいえ,37,37,いいえ,はい,15388,14039,128,128,34,100.0,いいえ,いいえ,3868,2528,9990,39,39,47,100.0,100.0,いいえ,いいえ,7031,7744,0.0,2.0,2.0,0.000,0.006,1392,1005,0.0,0.0,0.0,0.000,0.000,181182,133153,0.0,0.1,0.1,0.000,0.018,66269,77482,65.0,0.720,38.000,600.0,2400.0,1200.0,100.0,0.0,0.0,0.0,0.0,0.0,0.0,0.0,0.0,125,2,16.0,86,いいえ,いいえ,いいえ,39.8,44.0,49.5,84.0,0.865,12.303,12.313,12.259,12.328,12.312,0,0,10.260,4.598,2.163,0.246,7.784,2.281,0.123,7.915,8.094,8.180,220.000,220.000,210.0,50.6,1185.0,210.0,1290.0,210.0,50.5,1413.0,5.0,7.0,3.0,0.0,10.1,0.8,1.3,0.0,1.9,0.0,0,0,はい,いいえ,いいえ,いいえ,いいえ,はい,いいえ,4.6,5.6,0,0,0,0,0,0,0,0,0,0,0,0,0,0,0,0,0,0,0,0,0,0,0,0,0,0,0,0,0,0,11041,1241,964,112,2.5,1.2,58.1,0.6,0.6,0.6,0.6,1.2,30.0,0.6,0.6,0.6,0.6,842.63,1668.04,17.22,2.06,1684.88,1684.88,1.13,28.08,842.63,0.00,1517.48,0,0,0.0,0.0,44283,38806,6.2,209.9,0,
19.7.2026,0:43:26.675,21066,12845,62.1,17406,14457,54.6,1.0,2048,20,1.075,1.090,1.075,1.075,1.075,1.075,1.060,4712.3,4741.4,4716.5,4691.5,4716.5,4691.5,4716.5,99.8,4647.5,4661.6,4646.2,4646.2,4646.2,4645.5,4646.0,4646.2,4646.3,4646.4,4646.6,4646.4,4646.5,4647.5,100.0,100.0,100.0,100.0,100.0,100.0,100.0,100.0,100.0,100.0,100.0,100.0,100.0,100.0,100.0,122.5,122.5,122.5,122.5,122.5,122.5,122.5,122.5,122.5,122.5,122.5,122.5,122.5,122.5,47.2,47.5,47.2,47.0,47.2,47.0,47.2,0.0,100.0,100.0,100.0,100.0,100.0,100.0,100.0,0.0,0.0,0.0,0.0,0.0,0.0,0.0,0.0,0.0,0.0,0.0,0.0,0.0,0.0,2395.7,24.00,40,39,39,77,116,708,1,85.8,85.0,86.4,81.9,77.3,82.8,84.4,84.2,79.2,83.8,64.7,64.7,69.2,63.0,44.7,43.9,46.0,1.053,1.015,1.100,41.321,7.919,41.315,48.500,5.405,64.368,6.744,6.435,6.833,6.769,6.791,6.768,6.867,43.525,8.038,57.509,62.945,1996.4,2395.7,4671.7,4671.7,4694.8,71.5,55.1,32.3,71.5,100.0,いいえ,いいえ,いいえ,7.138,2.412,6.0,38.0,85.8,40.0,85.0,1.104,12.197,3.456,3.328,5.040,1.072,1.032,3.440,3.328,1.808,1.024,1.120,1.040,1.792,1.104,0.776,1.824,0.256,2027,いいえ,57.4,42.8,1.110,1.110,1.800,1.800,0.990,5.040,0.750,いいえ,いいえ,いいえ,42.0,1.110,1.110,1.800,1.800,0.990,5.040,0.750,いいえ,いいえ,いいえ,37,37,いいえ,はい,15388,14039,128,128,34,100.0,いいえ,いいえ,3868,2528,9990,39,39,47,100.0,100.0,いいえ,いいえ,7031,7744,0.0,0.0,0.0,0.000,0.004,1392,1005,0.0,0.0,0.0,0.000,0.000,181182,133153,0.0,0.0,0.0,0.000,0.002,66269,77482,64.9,0.720,42.000,600.0,2400.0,1200.0,100.0,0.0,0.0,0.0,0.0,0.0,0.0,0.0,0.0,125,2,16.0,86,いいえ,いいえ,いいえ,39.8,44.0,49.5,84.0,0.865,12.310,12.320,12.267,12.335,12.319,0,0,10.123,4.782,2.657,0.296,7.863,2.800,0.148,8.010,8.201,8.282,220.000,220.000,210.0,50.6,1185.0,210.0,1290.0,210.0,50.5,1414.1,2.0,6.0,1.0,0.0,10.1,0.7,1.0,0.0,1.7,0.0,0,0,はい,いいえ,いいえ,いいえ,いいえ,はい,いいえ,4.8,5.1,0,0,0,0,0,0,0,0,0,0,0,0,0,0,0,0,0,0,0,0,0,0,0,0,0,0,0,0,0,0,11041,1241,964,112,2.5,6.9,17.5,2.6,2.5,2.5,2.5,1.7,1.7,1.7,1.7,1.7,1.7,145.25,388.67,57.21,57.06,398.75,398.75,1.92,19.68,145.16,0.09,2.97,0,0,0.0,0.0,44283,38806,6.3,169.7,0,
19.7.2026,0:43:28.678,21071,12840,62.1,17402,14461,54.6,1.0,2048,20,1.082,1.015,1.105,1.105,1.090,1.090,1.090,4708.2,4516.9,4766.4,4766.4,4741.4,4741.4,4716.5,99.8,4668.9,4682.9,4667.4,4667.4,4667.5,4666.8,4667.3,4667.6,4667.7,4668.0,4668.0,4667.9,4667.9,4668.9,100.0,100.0,100.0,100.0,100.0,100.0,100.0,100.0,100.0,100.0,100.0,100.0,100.0,100.0,100.0,123.1,123.1,123.1,123.1,123.1,123.1,123.1,123.1,123.1,123.1,123.1,123.1,123.1,123.1,47.2,45.2,47.8,47.8,47.5,47.5,47.2,0.0,100.0,100.0,100.0,100.0,100.0,100.0,100.0,0.0,0.0,0.0,0.0,0.0,0.0,0.0,0.0,0.0,0.0,0.0,0.0,0.0,0.0,2395.7,24.00,40,39,39,77,116,708,1,85.8,85.0,84.4,81.9,77.2,82.8,84.6,84.3,78.9,83.6,64.9,64.9,69.5,62.9,44.7,43.9,46.0,1.065,1.015,1.100,41.317,8.063,41.323,48.500,5.417,65.219,6.785,6.460,6.872,6.864,6.890,6.755,6.869,44.030,8.184,58.172,63.759,1996.4,2395.7,4693.0,4693.0,4717.4,72.5,55.1,32.3,72.5,100.0,いいえ,いいえ,いいえ,9.299,2.879,6.0,38.0,85.8,40.0,85.0,1.096,12.197,3.440,3.328,5.040,1.064,1.032,3.440,3.328,1.808,1.024,1.120,1.032,1.792,1.104,0.776,1.824,0.256,2023,いいえ,57.4,42.5,1.110,1.110,1.800,1.800,1.005,5.040,0.750,いいえ,いいえ,いいえ,42.0,1.110,1.110,1.800,1.800,1.005,5.040,0.875,いいえ,いいえ,いいえ,37,37,いいえ,はい,15388,14039,128,128,34,100.0,いいえ,いいえ,3868,2528,9990,39,39,48,100.0,100.0,いいえ,いいえ,7031,7744,0.0,0.0,0.0,0.000,0.006,1392,1005,0.0,0.0,0.0,0.000,0.000,181182,133153,0.0,0.0,0.0,0.000,0.046,66269,77482,65.0,0.720,37.000,600.0,2400.0,1200.0,100.0,0.0,0.0,0.0,0.0,0.0,0.0,0.0,0.0,125,2,16.0,86,いいえ,いいえ,いいえ,39.8,44.0,49.5,84.0,0.865,12.307,12.316,12.263,12.331,12.316,0,0,10.162,4.667,2.284,0.271,7.812,2.417,0.135,7.950,8.264,8.202,220.000,220.000,210.0,50.6,1185.0,210.0,1290.0,210.0,50.5,1412.8,1.0,6.0,0.0,0.0,10.1,0.6,0.7,0.0,1.7,0.0,0,0,はい,いいえ,いいえ,いいえ,いいえ,はい,いいえ,4.7,5.2,0,0,0,0,0,0,0,0,0,0,0,0,0,0,0,0,0,0,0,0,0,0,0,0,0,0,0,0,0,0,11041,1241,964,112,2.5,4.5,16.9,1.7,1.7,1.7,1.7,2.2,4.2,1.5,1.5,1.5,1.5,220.97,574.98,59.28,57.25,589.50,589.50,4.96,61.93,220.87,0.10,169.35,0,0,0.0,0.0,44283,38806,6.7,188.5,0,
19.7.2026,0:43:30.670,21065,12846,62.1,17398,14465,54.6,1.0,2048,20,1.078,1.050,1.060,1.090,1.105,1.060,1.105,4745.6,4716.5,4741.4,4766.4,4766.4,4716.5,4766.4,99.8,4680.2,4694.7,4678.4,4679.0,4679.0,4678.4,4678.8,4679.0,4678.9,4678.9,4679.0,4678.8,4679.0,4680.2,100.0,100.0,100.0,100.0,100.0,100.0,100.0,100.0,100.0,100.0,100.0,100.0,100.0,100.0,100.0,123.4,123.4,123.4,123.4,123.4,123.4,123.4,123.4,123.4,123.4,123.4,123.4,123.4,123.4,47.5,47.2,47.5,47.8,47.8,47.2,47.8,0.0,100.0,100.0,100.0,100.0,100.0,100.0,100.0,0.0,0.0,0.0,0.0,0.0,0.0,0.0,0.0,0.0,0.0,0.0,0.0,0.0,0.0,2395.7,24.00,40,39,39,77,116,708,1,85.9,85.0,84.9,81.7,77.0,82.4,84.5,84.4,78.6,83.4,64.9,64.9,69.8,62.7,44.7,43.9,46.0,1.071,1.015,1.100,40.918,8.157,40.913,50.500,5.418,65.146,6.722,6.378,6.763,6.827,6.941,6.639,6.783,43.853,8.279,58.091,63.694,1996.4,2395.7,4704.5,4704.5,4728.8,72.4,54.6,33.7,72.4,100.0,いいえ,いいえ,いいえ,9.843,2.705,6.0,38.0,85.9,40.0,85.0,1.040,12.197,3.456,3.328,5.040,1.072,1.032,3.440,3.328,1.808,1.024,1.120,1.040,1.792,1.104,0.776,1.824,0.256,2033,いいえ,57.4,42.5,1.110,1.110,1.800,1.800,1.005,5.040,0.875,いいえ,いいえ,いいえ,42.0,1.110,1.110,1.800,1.800,1.005,5.040,0.625,いいえ,いいえ,いいえ,37,37,いいえ,はい,15388,14039,128,128,34,100.0,いいえ,いいえ,3868,2528,9990,39,39,47,100.0,100.0,いいえ,いいえ,7031,7744,0.0,0.1,0.1,0.000,0.008,1392,1005,0.0,0.0,0.0,0.000,0.000,181182,133153,0.0,0.0,0.0,0.000,0.061,66269,77483,65.0,0.720,39.000,600.0,2400.0,1200.0,100.0,0.0,0.0,0.0,0.0,0.0,0.0,0.0,0.0,125,2,16.0,86,いいえ,いいえ,いいえ,39.8,44.0,49.5,84.0,0.865,12.311,12.320,12.268,12.336,12.319,0,0,10.317,4.595,2.074,0.246,7.827,2.196,0.123,7.955,8.079,8.261,220.000,220.000,210.0,50.6,1185.0,210.0,1290.0,210.1,50.5,1413.0,3.0,6.0,1.0,0.0,10.1,0.7,0.9,0.0,2.0,0.0,0,0,はい,いいえ,いいえ,いいえ,いいえ,はい,いいえ,4.8,5.0,0,0,0,0,0,0,0,0,0,0,0,0,0,0,0,0,0,0,0,0,0,0,0,0,0,0,0,0,0,0,11041,1241,964,112,2.5,2.0,96.1,1.0,1.0,1.0,1.0,2.0,37.7,1.0,1.0,1.0,1.0,503.39,996.37,10.40,1.35,1006.43,1006.43,5.77,497.52,503.39,0.00,670.08,0,0,0.0,0.0,44283,38807,6.2,154.0,0,
19.7.2026,0:43:32.673,21067,12844,62.1,17406,14457,54.6,1.0,2048,20,1.051,1.065,1.060,1.045,1.035,1.050,1.050,4666.6,4691.5,4666.6,4666.6,4666.6,4641.6,4666.6,99.8,4653.6,4668.3,4652.6,4652.3,4652.7,4651.9,4652.6,4652.6,4652.6,4652.4,4652.2,4651.3,4652.0,4653.6,100.0,100.0,100.0,100.0,100.0,100.0,100.0,100.0,100.0,100.0,100.0,100.0,100.0,100.0,100.0,122.7,122.7,122.7,122.7,122.7,122.7,122.7,122.7,122.7,122.7,122.7,122.7,122.7,122.7,46.8,47.0,46.8,46.8,46.8,46.5,46.8,0.0,100.0,100.0,100.0,100.0,100.0,100.0,100.0,0.0,0.0,0.0,0.0,0.0,0.0,0.0,0.0,0.0,0.0,0.0,0.0,0.0,0.0,2395.7,24.00,40,39,39,77,116,708,1,85.8,85.0,84.4,81.9,77.1,82.9,84.5,84.3,79.0,83.5,64.8,64.8,69.2,62.8,44.8,43.9,46.0,1.057,1.015,1.100,41.015,7.949,41.017,51.000,5.409,64.271,6.714,6.346,6.852,6.761,6.866,6.704,6.758,43.370,8.068,57.387,62.861,1996.4,2395.7,4678.7,4678.7,4701.1,71.4,54.7,34.0,71.4,100.0,いいえ,いいえ,いいえ,7.684,2.225,6.0,38.0,85.8,40.0,85.0,1.096,12.197,3.456,3.328,5.040,1.072,1.032,3.440,3.328,1.808,1.024,1.120,1.040,1.792,1.104,0.776,1.824,0.256,2027,いいえ,57.4,42.5,1.095,1.110,1.800,1.800,1.005,5.040,1.000,いいえ,いいえ,いいえ,42.0,1.095,1.110,1.800,1.800,1.005,5.040,0.500,いいえ,いいえ,いいえ,37,37,いいえ,はい,15388,14039,128,128,34,100.0,いいえ,いいえ,3868,2528,9990,39,39,48,100.0,100.0,いいえ,いいえ,7031,7744,0.0,0.1,0.1,0.000,0.008,1392,1005,0.0,0.0,0.0,0.000,0.000,181182,133153,0.0,0.4,0.4,0.000,0.139,66269,77483,64.9,0.720,39.000,600.0,2400.0,1200.0,100.0,0.0,0.0,0.0,0.0,0.0,0.0,0.0,0.0,125,2,16.0,86,いいえ,いいえ,いいえ,39.8,44.0,49.6,84.0,0.865,12.310,12.320,12.268,12.335,12.318,0,0,10.353,4.683,2.369,0.271,7.827,2.504,0.135,7.967,8.198,8.194,220.000,220.000,210.0,50.6,1185.0,210.0,1290.0,209.9,50.5,1413.7,1.0,6.0,0.0,0.0,10.1,0.7,0.9,0.0,2.1,0.0,0,0,はい,いいえ,いいえ,いいえ,いいえ,はい,いいえ,4.7,5.4,0,0,0,0,0,0,0,0,0,0,0,0,0,0,0,0,0,0,0,0,0,0,0,0,0,0,0,0,0,0,11041,1241,964,112,2.5,1.2,15.6,0.4,0.4,0.4,0.4,0.9,25.4,0.3,0.3,0.3,0.3,840.93,2756.66,64.23,62.69,2831.08,2831.08,7.19,60.39,840.83,0.10,231.66,0,0,0.0,0.0,44283,38807,7.3,256.4,0,
19.7.2026,0:43:34.667,21076,12835,62.1,17417,14446,54.6,1.0,2048,20,1.031,1.010,1.010,1.045,1.045,1.035,1.040,4633.3,4566.8,4616.7,4691.5,4641.6,4641.6,4641.6,99.8,4649.8,4664.3,4648.7,4648.8,4648.7,4648.0,4648.5,4648.7,4648.6,4648.7,4648.6,4648.3,4648.4,4649.8,100.0,100.0,100.0,100.0,100.0,100.0,100.0,100.0,100.0,100.0,100.0,100.0,100.0,100.0,100.0,122.6,122.5,122.6,122.6,122.6,122.6,122.6,122.6,122.6,122.6,122.6,122.6,122.6,122.6,46.4,45.8,46.2,47.0,46.5,46.5,46.5,0.0,100.0,100.0,100.0,100.0,100.0,100.0,100.0,0.0,0.0,0.0,0.0,0.0,0.0,0.0,0.0,0.0,0.0,0.0,0.0,0.0,0.0,2395.7,24.00,40,39,39,77,116,708,1,85.8,85.0,85.4,81.8,77.3,82.8,84.4,84.1,78.8,83.4,64.7,64.7,69.5,62.5,44.8,43.9,46.0,1.054,1.015,1.100,41.072,7.986,41.070,58.000,5.427,64.315,6.730,6.431,6.857,6.746,6.807,6.710,6.830,43.319,8.105,57.394,62.875,1996.4,2395.7,4674.5,4674.5,4696.3,71.4,54.8,38.7,71.4,100.0,いいえ,いいえ,いいえ,7.687,2.543,6.0,38.0,85.8,40.0,85.0,1.104,12.197,3.456,3.328,5.040,1.072,1.032,3.440,3.328,1.808,1.024,1.120,1.040,1.792,1.104,0.776,1.824,0.256,2020,いいえ,57.4,42.5,1.095,1.110,1.800,1.800,1.005,5.040,0.625,いいえ,いいえ,いいえ,42.0,1.095,1.110,1.800,1.800,1.005,5.040,1.250,いいえ,いいえ,いいえ,37,37,いいえ,はい,15388,14039,128,128,34,100.0,いいえ,いいえ,3868,2528,9990,39,39,47,100.0,100.0,いいえ,いいえ,7031,7744,0.0,0.0,0.0,0.000,0.004,1392,1005,0.0,0.0,0.0,0.000,0.000,181182,133153,0.0,0.0,0.0,0.000,0.038,66269,77483,64.9,0.720,39.000,600.0,2400.0,1200.0,100.0,0.0,0.0,0.0,0.0,0.0,0.0,0.0,0.0,125,2,16.0,86,いいえ,いいえ,いいえ,39.8,44.0,49.6,84.0,0.865,12.313,12.321,12.271,12.338,12.322,0,0,10.448,4.562,2.016,0.222,7.816,2.134,0.111,7.938,8.110,8.149,220.000,220.000,210.0,50.6,1185.0,210.0,1290.0,209.9,50.5,1413.3,4.0,6.0,2.0,0.0,10.1,0.7,0.9,0.0,2.0,0.0,0,0,はい,いいえ,いいえ,いいえ,いいえ,はい,いいえ,4.5,4.9,0,0,0,0,0,0,0,0,0,0,0,0,0,0,0,0,0,0,0,0,0,0,0,0,0,0,0,0,0,0,11041,1241,964,112,2.5,2.2,140.2,1.0,1.0,1.0,1.0,2.2,42.8,1.0,1.0,1.0,1.0,450.52,987.27,7.14,0.82,1000.25,1000.25,5.23,328.41,450.52,0.00,472.71,0,0,0.0,0.0,44283,38808,6.4,274.1,0,
19.7.2026,0:43:36.673,21069,12842,62.1,17419,14444,54.6,1.0,2048,20,1.053,1.075,1.060,1.050,1.050,1.040,1.045,4683.2,4716.5,4691.5,4666.6,4666.6,4691.5,4666.6,99.8,4638.8,4653.0,4637.3,4637.7,4637.4,4637.1,4637.5,4637.6,4637.7,4637.8,4637.9,4637.1,4637.8,4638.8,100.0,100.0,100.0,100.0,100.0,100.0,100.0,100.0,100.0,100.0,100.0,100.0,100.0,100.0,100.0,122.3,122.3,122.3,122.3,122.3,122.3,122.3,122.3,122.3,122.3,122.3,122.3,122.3,122.3,46.9,47.2,47.0,46.8,46.8,47.0,46.8,0.0,100.0,100.0,100.0,100.0,100.0,100.0,100.0,0.0,0.0,0.0,0.0,0.0,0.0,0.0,0.0,0.0,0.0,0.0,0.0,0.0,0.0,2395.7,24.00,40,39,39,77,116,708,1,85.8,85.0,84.0,81.9,77.1,82.7,84.7,84.4,78.9,83.7,64.7,64.7,69.5,62.7,44.8,44.0,46.0,1.047,1.015,1.100,41.943,8.044,41.942,49.500,5.405,64.854,6.830,6.473,6.910,6.931,6.947,6.804,6.915,43.942,8.165,58.053,63.461,1996.4,2395.7,4662.2,4662.2,4684.9,72.1,55.9,33.0,72.1,100.0,いいえ,いいえ,いいえ,6.640,2.326,6.0,38.0,85.8,40.0,85.0,1.096,12.197,3.456,3.328,5.040,1.072,1.032,3.440,3.328,1.808,1.024,1.120,1.040,1.792,1.104,0.776,1.824,0.256,2017,いいえ,57.4,42.5,1.095,1.110,1.800,1.800,1.005,5.040,1.000,いいえ,いいえ,いいえ,42.0,1.095,1.110,1.815,1.800,1.005,5.040,0.875,いいえ,いいえ,いいえ,37,37,いいえ,はい,15388,14039,128,128,34,100.0,いいえ,いいえ,3868,2528,9990,39,39,47,100.0,100.0,いいえ,いいえ,7031,7744,0.0,0.0,0.0,0.000,0.008,1392,1005,0.0,0.0,0.0,0.000,0.000,181182,133153,0.0,0.1,0.1,0.000,0.057,66269,77483,64.9,0.720,45.000,600.0,2400.0,1200.0,100.0,0.0,0.0,0.0,0.0,0.0,0.0,0.0,0.0,125,2,16.0,86,いいえ,いいえ,いいえ,39.8,44.0,49.6,84.0,0.865,12.305,12.314,12.262,12.330,12.314,0,0,10.079,4.620,2.261,0.246,7.786,2.392,0.123,7.917,8.080,8.152,220.000,220.000,210.0,50.6,1185.0,210.0,1290.0,210.0,50.5,1413.7,1.0,5.0,0.0,0.0,10.1,0.4,0.5,0.0,1.2,0.0,0,0,はい,いいえ,いいえ,いいえ,いいえ,はい,いいえ,4.6,5.1,0,0,0,0,0,0,0,0,0,0,0,0,0,0,0,0,0,0,0,0,0,0,0,0,0,0,0,0,0,0,11041,1241,964,112,2.5,16.0,16.0,16.0,16.0,16.0,16.0,30.0,30.0,30.0,30.0,30.0,30.0,62.52,62.52,62.52,62.52,62.52,62.52,0.57,0.01,62.43,0.10,85.79,0,0,0.0,0.0,44283,38808,6.7,207.9,0,
19.7.2026,0:43:38.671,21077,12834,62.1,17417,14446,54.6,1.0,2048,20,1.083,1.105,1.090,1.025,1.135,1.010,1.135,4758.1,4766.4,4766.4,4716.5,4816.3,4641.6,4841.3,99.8,4685.8,4699.9,4684.4,4684.3,4684.0,4683.7,4684.4,4684.7,4684.9,4684.9,4685.0,4684.7,4685.0,4685.8,100.0,100.0,100.0,100.0,100.0,100.0,100.0,100.0,100.0,100.0,100.0,100.0,100.0,100.0,100.0,123.5,123.5,123.5,123.5,123.5,123.5,123.5,123.5,123.5,123.5,123.5,123.5,123.5,123.5,47.7,47.8,47.8,47.2,48.2,46.5,48.5,0.0,100.0,100.0,100.0,100.0,100.0,100.0,100.0,0.0,0.0,0.0,0.0,0.0,0.0,0.0,0.0,0.0,0.0,0.0,0.0,0.0,0.0,2395.7,24.00,40,39,39,77,116,708,1,85.9,85.0,84.9,81.7,77.1,82.5,84.5,84.3,78.7,83.5,64.9,64.9,69.8,62.9,44.8,44.0,46.0,1.074,1.015,1.100,41.022,8.125,41.023,50.000,5.419,65.379,6.764,6.438,6.825,6.865,6.909,6.696,6.853,44.100,8.246,58.307,63.936,1996.4,2395.7,4710.0,4710.0,4734.2,72.7,54.7,33.3,72.7,100.0,いいえ,いいえ,いいえ,10.270,2.785,6.0,38.0,85.9,40.0,85.0,1.128,12.197,3.456,3.328,5.040,1.072,1.032,3.440,3.328,1.808,1.024,1.120,1.040,1.792,1.104,0.776,1.824,0.256,2023,いいえ,57.4,42.5,1.095,1.110,1.800,1.800,1.005,5.040,0.625,いいえ,いいえ,いいえ,42.0,1.095,1.110,1.800,1.815,1.005,5.040,0.875,いいえ,いいえ,いいえ,37,37,いいえ,はい,15388,14039,128,128,34,100.0,いいえ,いいえ,3868,2528,9990,39,39,47,100.0,100.0,いいえ,いいえ,7031,7744,0.0,0.0,0.0,0.000,0.000,1392,1005,0.0,0.0,0.0,0.000,0.000,181182,133153,0.0,0.0,0.0,0.000,0.022,66269,77483,64.9,0.720,43.000,600.0,2400.0,1200.0,100.0,0.0,0.0,0.0,0.0,0.0,0.0,0.0,0.0,125,2,16.0,86,いいえ,いいえ,いいえ,39.8,44.0,49.4,84.0,0.865,12.305,12.312,12.262,12.330,12.314,0,0,10.225,4.632,2.294,0.246,7.811,2.417,0.123,7.937,8.071,8.154,220.000,220.000,210.0,50.6,1185.0,210.0,1290.0,209.9,50.5,1414.2,1.0,5.0,0.0,0.0,10.1,0.5,0.7,0.0,1.2,0.0,0,0,はい,いいえ,いいえ,いいえ,いいえ,はい,いいえ,4.7,5.1,0,0,0,0,0,0,0,0,0,0,0,0,0,0,0,0,0,0,0,0,0,0,0,0,0,0,0,0,0,0,11041,1241,964,112,2.5,11.0,16.0,8.4,8.4,8.4,8.4,1.0,1.0,1.0,1.0,1.0,1.0,90.59,118.62,62.56,62.05,119.20,119.20,0.59,0.01,90.49,0.11,47.52,0,0,0.0,0.0,44283,38808,5.6,108.5,0,
19.7.2026,0:43:40.683,21080,12831,62.1,17419,14444,54.6,1.0,2048,20,1.077,1.060,1.080,1.080,1.080,1.080,1.080,4712.3,4691.5,4716.5,4716.5,4716.5,4716.5,4716.5,99.8,4685.5,4700.2,4684.5,4684.6,4684.3,4683.8,4684.3,4684.0,4684.0,4684.1,4684.5,4684.2,4684.0,4685.5,100.0,100.0,100.0,100.0,100.0,100.0,100.0,100.0,100.0,100.0,100.0,100.0,100.0,100.0,100.0,123.5,123.5,123.5,123.5,123.5,123.5,123.5,123.5,123.5,123.5,123.5,123.5,123.5,123.5,47.2,47.0,47.2,47.2,47.2,47.2,47.2,0.0,100.0,100.0,100.0,100.0,100.0,100.0,100.0,0.0,0.0,0.0,0.0,0.0,0.0,0.0,0.0,0.0,0.0,0.0,0.0,0.0,0.0,2395.7,24.00,40,39,39,77,116,708,1,85.9,85.0,84.4,81.7,76.9,82.6,84.3,84.0,78.8,83.6,65.1,65.1,70.0,63.0,44.9,44.0,46.0,1.075,1.015,1.100,40.576,8.098,40.575,49.000,5.423,64.901,6.742,6.422,6.884,6.777,6.798,6.705,6.865,43.629,8.220,57.814,63.452,1996.4,2395.7,4710.5,4710.5,4733.8,72.1,54.1,32.7,72.1,100.0,いいえ,いいえ,いいえ,10.470,2.589,6.0,38.0,85.9,40.0,85.0,1.096,12.197,3.456,3.328,5.040,1.072,1.024,3.440,3.328,1.808,1.024,1.120,1.040,1.792,1.104,0.776,1.824,0.256,2023,いいえ,57.4,42.8,1.095,1.110,1.800,1.800,1.005,5.040,0.750,いいえ,いいえ,いいえ,42.0,1.095,1.110,1.800,1.800,1.005,5.040,0.875,いいえ,いいえ,いいえ,37,37,いいえ,はい,15388,14039,128,128,34,100.0,いいえ,いいえ,3868,2528,9990,39,39,48,100.0,100.0,いいえ,いいえ,7031,7744,0.0,0.1,0.1,0.000,0.014,1392,1006,0.0,0.0,0.0,0.000,0.000,181182,133153,0.0,0.3,0.3,0.000,1.168,66269,77485,64.9,0.720,40.000,600.0,2400.0,1200.0,100.0,0.0,0.0,0.0,0.0,0.0,0.0,0.0,0.0,125,2,16.0,86,いいえ,いいえ,いいえ,39.8,44.0,49.5,84.0,0.865,12.314,12.321,12.272,12.340,12.322,0,0,10.095,4.653,2.354,0.246,7.829,2.480,0.123,7.965,8.066,8.164,220.000,220.000,210.0,50.6,1185.0,210.0,1290.0,210.0,50.5,1413.6,4.0,6.0,3.0,0.0,10.1,0.7,0.8,0.0,1.9,0.0,0,0,はい,いいえ,いいえ,いいえ,いいえ,はい,いいえ,4.7,4.9,0,0,0,0,0,0,0,0,0,0,0,0,0,0,0,0,0,0,0,0,0,0,0,0,0,0,0,0,0,0,11041,1241,964,112,2.5,1.0,1.0,1.0,1.0,1.0,1.0,1.0,1.0,1.0,1.0,1.0,1.0,999.80,999.80,999.80,999.80,999.80,999.80,7.30,202.02,999.80,0.00,333.17,0,0,0.0,0.0,44283,38809,6.7,183.4,0,
19.7.2026,0:43:42.690,21079,12832,62.1,17421,14442,54.6,1.0,2048,20,1.089,1.105,1.105,1.075,1.050,1.095,1.105,4729.0,4741.4,4766.4,4691.5,4666.6,4716.5,4791.4,99.8,4661.9,4676.0,4660.5,4660.5,4660.5,4659.9,4660.5,4660.4,4660.5,4660.8,4661.0,4660.8,4660.9,4661.9,100.0,100.0,100.0,100.0,100.0,100.0,100.0,100.0,100.0,100.0,100.0,100.0,100.0,100.0,100.0,122.9,122.9,122.9,122.9,122.9,122.9,122.9,122.9,122.9,122.9,122.9,122.9,122.9,122.9,47.4,47.5,47.8,47.0,46.8,47.2,48.0,0.0,100.0,100.0,100.0,100.0,100.0,100.0,100.0,0.0,0.0,0.0,0.0,0.0,0.0,0.0,0.0,0.0,0.0,0.0,0.0,0.0,0.0,2395.7,24.00,40,39,39,77,116,708,1,85.9,85.0,85.2,81.5,76.4,82.2,84.6,84.3,78.4,83.0,64.8,64.8,70.0,63.0,44.8,44.0,46.0,1.061,1.015,1.100,40.642,8.048,40.646,53.500,5.422,64.186,6.696,6.383,6.868,6.844,6.865,6.552,6.663,43.128,8.168,57.260,62.770,1996.4,2395.7,4686.2,4686.2,4708.7,71.3,54.2,35.7,71.3,100.0,いいえ,いいえ,いいえ,8.421,2.260,6.0,38.0,85.9,40.0,85.0,1.056,12.197,3.456,3.328,5.040,1.072,1.024,3.440,3.328,1.808,1.024,1.120,1.040,1.792,1.104,0.776,1.824,0.256,2027,いいえ,57.4,42.8,1.095,1.110,1.800,1.800,1.005,5.040,1.000,いいえ,いいえ,いいえ,42.0,1.095,1.110,1.800,1.800,1.005,5.040,1.375,いいえ,いいえ,いいえ,37,37,いいえ,はい,15388,14039,128,128,34,100.0,いいえ,いいえ,3868,2528,9990,39,39,48,100.0,100.0,いいえ,いいえ,7031,7744,0.0,0.0,0.0,0.000,0.000,1392,1006,0.0,0.0,0.0,0.000,0.000,181182,133153,0.0,0.2,0.3,0.006,2.290,66269,77490,65.0,0.720,44.000,600.0,2400.0,1200.0,100.0,0.0,0.0,0.0,0.0,0.0,0.0,0.0,0.0,125,2,16.0,86,いいえ,いいえ,いいえ,39.8,44.0,49.5,84.0,0.865,12.315,12.323,12.274,12.340,12.324,0,0,10.360,4.603,2.137,0.246,7.843,2.258,0.123,7.970,8.076,8.170,220.000,220.000,210.0,50.6,1185.0,210.0,1290.0,210.0,50.5,1413.4,3.0,6.0,2.0,0.0,10.1,0.8,1.2,0.0,2.1,0.0,0,0,はい,いいえ,いいえ,いいえ,いいえ,はい,いいえ,4.6,5.3,0,0,0,0,0,0,0,0,0,0,0,0,0,0,0,0,0,0,0,0,0,0,0,0,0,0,0,0,0,0,11041,1241,964,111,2.5,1.0,1.0,1.0,1.0,1.0,1.0,1.0,1.0,1.0,1.0,1.0,1.0,999.80,999.80,999.80,999.80,999.80,999.80,7.30,202.02,999.80,0.00,333.17,0,0,0.0,0.0,44283,38809,6.6,195.4,0,
19.7.2026,0:43:44.698,21081,12829,62.1,17425,14438,54.6,1.0,2048,20,1.017,1.010,1.020,1.025,1.010,1.025,1.010,4600.0,4591.7,4616.7,4616.7,4566.8,4591.7,4616.7,99.8,4652.7,4669.6,4649.9,4651.5,4651.6,4652.6,4653.5,4652.0,4652.5,4650.2,4650.0,4647.5,4651.1,4652.7,100.0,99.9,99.9,100.0,100.0,100.0,100.0,100.0,100.0,100.0,100.0,99.9,100.0,100.0,100.0,122.7,122.7,122.6,122.7,122.7,122.7,122.7,122.7,122.7,122.6,122.7,122.6,122.7,122.7,46.1,46.0,46.2,46.2,45.8,46.0,46.2,0.0,100.0,100.0,100.0,100.0,100.0,100.0,100.0,0.0,0.0,0.0,0.0,0.0,0.0,0.0,0.0,0.0,0.0,0.0,0.0,0.0,0.0,2395.7,24.00,40,39,39,77,116,708,1,85.9,85.0,84.8,81.7,76.8,82.2,84.5,84.0,78.9,83.7,64.7,64.7,69.2,62.7,44.8,44.0,46.0,1.058,1.015,1.100,40.656,7.932,40.656,51.000,5.412,63.944,6.671,6.291,6.667,6.781,6.756,6.685,6.843,43.028,8.051,57.032,62.509,1996.4,2395.7,4679.6,4679.6,4702.0,71.0,54.2,34.0,71.0,100.0,いいえ,いいえ,いいえ,7.683,2.115,6.0,38.0,85.9,40.0,85.0,1.024,12.197,3.456,3.328,5.040,1.072,1.024,3.456,3.328,1.808,1.024,1.120,1.040,1.808,1.104,0.776,1.824,0.256,2023,いいえ,57.4,42.8,1.110,1.110,1.800,1.800,1.005,5.040,0.625,いいえ,いいえ,いいえ,42.0,1.110,1.110,1.800,1.800,1.005,5.040,0.750,いいえ,いいえ,いいえ,37,37,いいえ,はい,15388,14039,128,128,34,100.0,いいえ,いいえ,3868,2528,9990,39,39,48,100.0,100.0,いいえ,いいえ,7031,7744,0.0,0.0,0.0,0.000,0.006,1392,1006,0.0,0.0,0.0,0.000,0.000,181182,133153,0.0,0.6,0.6,0.000,2.093,66269,77494,65.0,0.720,44.000,600.0,2400.0,1200.0,100.0,0.0,0.0,0.0,0.0,0.0,0.0,0.0,0.0,125,2,16.0,86,いいえ,いいえ,いいえ,39.8,44.0,49.6,84.0,0.865,12.313,12.321,12.272,12.338,12.322,0,0,10.195,4.723,2.030,0.172,7.768,2.110,0.086,7.854,9.610,8.156,220.000,220.000,210.0,50.6,1185.0,210.0,1290.0,210.0,50.5,1413.3,4.0,6.0,2.0,0.0,10.1,0.6,0.9,0.0,1.6,0.0,0,0,はい,いいえ,いいえ,いいえ,いいえ,はい,いいえ,4.5,4.9,0,0,0,0,0,0,0,0,0,0,0,0,0,0,0,0,0,0,0,0,0,0,0,0,0,0,0,0,0,0,11041,1241,964,112,2.5,1.5,2.8,1.0,1.0,1.0,1.0,1.5,2.8,1.0,1.0,1.0,1.0,666.39,976.38,356.40,350.71,982.71,982.71,12.36,528.74,666.39,0.00,474.46,0,0,0.0,0.0,44283,38809,6.9,197.3,0,
19.7.2026,0:43:46.713,21078,12833,62.1,17426,14437,54.6,1.0,2048,20,1.050,1.075,1.075,1.000,1.075,1.035,1.040,4637.5,4691.5,4616.7,4616.7,4691.5,4616.7,4591.7,99.8,4641.4,4656.4,4636.6,4640.3,4641.1,4639.1,4640.9,4640.7,4641.7,4641.8,4638.9,4637.4,4641.4,4641.4,100.0,100.0,99.9,100.0,100.0,100.0,100.0,100.0,100.0,100.0,99.9,99.9,100.0,100.0,100.0,122.3,122.3,122.3,122.3,122.4,122.3,122.4,122.3,122.4,122.4,122.3,122.2,122.3,122.3,46.5,47.0,46.2,46.2,47.0,46.2,46.0,0.0,100.0,100.0,100.0,100.0,100.0,100.0,100.0,0.0,0.0,0.0,0.0,0.0,0.0,0.0,0.0,0.0,0.0,0.0,0.0,0.0,0.0,2395.7,24.00,40,39,39,77,116,708,1,85.8,85.0,85.9,81.8,77.3,82.7,84.7,84.2,78.5,83.3,64.6,64.6,70.5,63.0,44.8,44.0,46.0,1.050,1.015,1.100,41.184,7.936,41.186,48.500,5.444,64.158,6.724,6.448,6.821,6.869,6.863,6.612,6.732,43.243,8.056,57.287,62.760,1996.4,2395.7,4666.7,4666.7,4689.5,71.3,54.9,32.3,71.3,100.0,いいえ,いいえ,いいえ,7.593,2.646,6.0,38.0,85.8,40.0,85.0,1.064,12.197,3.456,3.328,5.040,1.072,1.024,3.440,3.328,1.808,1.024,1.120,1.040,1.792,1.104,0.776,1.824,0.256,2017,いいえ,57.4,42.8,1.110,1.110,1.800,1.800,1.005,5.040,1.250,いいえ,いいえ,いいえ,42.0,1.110,1.110,1.800,1.800,1.005,5.040,0.875,いいえ,いいえ,いいえ,37,37,いいえ,はい,15388,14039,128,128,34,100.0,いいえ,いいえ,3868,2528,9990,39,39,48,100.0,100.0,いいえ,いいえ,7031,7744,0.0,0.0,0.0,0.000,0.004,1392,1006,0.0,0.0,0.0,0.000,0.000,181182,133153,0.0,0.0,0.0,0.000,0.059,66269,77494,65.0,0.720,40.000,600.0,2400.0,1200.0,100.0,0.0,0.0,0.0,0.0,0.0,0.0,0.0,0.0,125,2,16.0,86,いいえ,いいえ,いいえ,39.8,44.0,49.5,84.0,0.865,12.314,12.322,12.273,12.339,12.323,0,0,10.297,4.719,2.568,0.271,7.867,2.702,0.136,8.012,8.038,8.160,220.000,220.000,210.0,50.6,1185.0,210.0,1290.0,210.1,50.5,1413.7,1.0,5.0,0.0,0.0,10.1,0.5,0.7,0.0,1.5,0.0,0,0,はい,いいえ,いいえ,いいえ,いいえ,はい,いいえ,4.8,5.4,0,0,0,0,0,0,0,0,0,0,0,0,0,0,0,0,0,0,0,0,0,0,0,0,0,0,0,0,0,0,11041,1241,964,112,2.5,1.5,2.8,1.0,1.0,1.0,1.0,1.5,2.8,1.0,1.0,1.0,1.0,666.39,976.38,356.40,350.71,982.71,982.71,12.36,528.74,666.39,0.00,474.46,0,0,0.0,0.0,44283,38810,5.5,207.9,0,
19.7.2026,0:43:48.720,21079,12832,62.1,17426,14437,54.6,1.0,2048,20,1.071,1.045,1.075,1.065,1.075,1.075,1.090,4724.8,4691.5,4741.4,4741.4,4716.5,4716.5,4741.4,99.8,4670.4,4684.4,4668.9,4668.9,4669.0,4668.4,4669.0,4669.1,4669.1,4669.3,4669.4,4669.3,4669.4,4670.4,100.0,100.0,100.0,100.0,100.0,100.0,100.0,100.0,100.0,100.0,100.0,100.0,100.0,100.0,100.0,123.1,123.1,123.1,123.1,123.1,123.1,123.1,123.1,123.1,123.1,123.1,123.1,123.1,123.1,47.3,47.0,47.5,47.5,47.2,47.2,47.5,0.0,100.0,100.0,100.0,100.0,100.0,100.0,100.0,0.0,0.0,0.0,0.0,0.0,0.0,0.0,0.0,0.0,0.0,0.0,0.0,0.0,0.0,2395.7,24.00,40,39,39,77,116,708,1,85.9,85.0,84.0,81.7,77.1,82.5,84.5,84.3,78.5,83.4,64.8,64.8,69.5,62.7,44.8,44.0,46.0,1.066,1.015,1.100,40.901,8.092,40.899,48.500,5.442,64.938,6.765,6.455,6.851,6.870,6.945,6.656,6.813,43.609,8.214,57.809,63.476,1996.4,2395.7,4695.1,4695.1,4719.2,72.1,54.5,32.3,72.1,100.0,いいえ,いいえ,いいえ,10.612,3.381,6.0,38.0,85.9,40.0,85.0,1.088,12.197,3.456,3.328,5.040,1.072,1.024,3.440,3.328,1.808,1.024,1.120,1.040,1.792,1.104,0.776,1.824,0.256,2030,いいえ,57.4,42.8,1.110,1.110,1.815,1.800,1.005,5.040,0.875,いいえ,いいえ,いいえ,42.0,1.110,1.110,1.815,1.800,1.005,5.040,1.000,いいえ,いいえ,いいえ,37,37,いいえ,はい,15388,14039,128,128,34,100.0,いいえ,いいえ,3868,2528,9990,39,39,47,100.0,100.0,いいえ,いいえ,7031,7744,0.0,0.0,0.0,0.000,0.000,1392,1006,0.0,0.0,0.0,0.000,0.000,181182,133153,0.0,0.1,0.1,0.000,0.055,66269,77494,65.0,0.720,36.000,600.0,2400.0,1200.0,100.0,0.0,0.0,0.0,0.0,0.0,0.0,0.0,0.0,125,2,16.0,86,いいえ,いいえ,いいえ,39.8,44.0,49.6,84.0,0.865,12.309,12.318,12.267,12.335,12.318,0,0,10.384,4.689,2.430,0.271,7.826,2.566,0.136,7.967,8.046,8.271,220.000,220.000,210.0,50.6,1185.0,210.0,1290.0,209.9,50.5,1413.5,2.0,6.0,2.0,0.0,10.1,0.8,1.0,0.0,2.1,0.0,0,0,はい,いいえ,いいえ,いいえ,いいえ,はい,いいえ,4.9,5.5,0,0,0,0,0,0,0,0,0,0,0,0,0,0,0,0,0,0,0,0,0,0,0,0,0,0,0,0,0,0,11041,1241,964,112,2.5,0.6,0.6,0.6,0.6,0.6,0.6,0.6,0.6,0.6,0.6,0.6,0.6,1656.19,1656.19,1656.19,1656.19,1656.19,1656.19,0.67,0.01,1656.10,0.09,267.32,0,0,0.0,0.0,44283,38810,6.5,220.8,0,
19.7.2026,0:43:50.713,21072,12839,62.1,17420,14442,54.6,1.0,2048,20,1.033,1.065,1.025,1.025,1.015,1.025,1.045,4629.2,4691.5,4616.7,4616.7,4591.7,4616.7,4641.6,99.8,4688.9,4703.9,4687.9,4688.0,4688.1,4687.4,4687.8,4687.7,4687.6,4687.3,4686.9,4686.7,4686.9,4688.9,100.0,100.0,100.0,100.0,100.0,100.0,100.0,100.0,100.0,100.0,100.0,100.0,100.0,100.0,100.0,123.6,123.6,123.6,123.6,123.6,123.6,123.6,123.6,123.6,123.6,123.6,123.6,123.6,123.6,46.4,47.0,46.2,46.2,46.0,46.2,46.5,0.0,100.0,100.0,100.0,100.0,100.0,100.0,100.0,0.0,0.0,0.0,0.0,0.0,0.0,0.0,0.0,0.0,0.0,0.0,0.0,0.0,0.0,2395.7,24.00,40,39,39,77,116,708,1,86.0,85.0,84.9,81.8,77.4,82.6,84.4,84.2,78.7,83.4,65.0,65.0,70.5,63.0,44.9,44.0,46.0,1.077,1.015,1.100,40.770,8.181,40.769,50.000,5.440,65.325,6.754,6.497,6.825,6.812,6.887,6.687,6.818,43.934,8.303,58.221,63.888,1996.4,2395.7,4714.4,4714.4,4738.1,72.6,54.4,33.3,72.6,100.0,いいえ,いいえ,いいえ,10.807,2.852,6.0,38.0,85.9,40.0,85.0,1.112,12.197,3.456,3.328,5.040,1.072,1.024,3.456,3.328,1.808,1.024,1.120,1.040,1.792,1.104,0.776,1.824,0.248,2027,いいえ,57.4,42.8,1.110,1.110,1.815,1.800,1.005,5.040,0.875,いいえ,いいえ,いいえ,42.0,1.110,1.110,1.815,1.800,1.005,5.040,1.375,いいえ,いいえ,いいえ,37,37,いいえ,はい,15388,14039,128,128,34,100.0,いいえ,いいえ,3868,2528,9990,39,39,47,100.0,100.0,いいえ,いいえ,7031,7744,0.0,0.2,0.2,0.000,0.016,1392,1006,0.0,0.0,0.0,0.000,0.000,181182,133153,0.0,0.0,0.0,0.000,0.000,66269,77494,65.0,0.720,38.000,600.0,2400.0,1200.0,100.0,0.0,0.0,0.0,0.0,0.0,0.0,0.0,0.0,125,2,16.0,86,いいえ,いいえ,いいえ,39.8,44.0,49.5,84.0,0.865,12.305,12.313,12.261,12.331,12.314,0,0,10.225,4.605,2.210,0.246,7.798,2.330,0.123,7.926,8.043,8.163,220.000,220.000,210.0,50.6,1185.0,210.0,1290.0,210.0,50.5,1413.7,1.0,6.0,1.0,0.0,10.1,0.6,0.8,0.0,1.6,0.0,0,0,はい,いいえ,いいえ,いいえ,いいえ,はい,いいえ,4.7,5.0,0,0,0,0,0,0,0,0,0,0,0,0,0,0,0,0,0,0,0,0,0,0,0,0,0,0,0,0,0,0,11041,1241,964,112,2.5,0.6,0.6,0.6,0.6,0.6,0.6,0.6,0.6,0.6,0.6,0.6,0.6,1656.19,1656.19,1656.19,1656.19,1656.19,1656.19,0.67,0.01,1656.10,0.09,267.32,0,0,0.0,0.0,44283,38811,6.4,195.0,0,
19.7.2026,0:43:52.727,21070,12841,62.1,17424,14439,54.6,1.0,2048,20,1.048,1.050,1.035,1.035,1.045,1.050,1.075,4662.4,4666.6,4616.7,4641.6,4666.6,4666.6,4716.5,99.8,4667.3,4681.5,4665.8,4666.0,4665.4,4665.3,4665.8,4666.2,4666.3,4666.3,4666.7,4666.6,4665.5,4667.3,100.0,100.0,100.0,100.0,100.0,100.0,100.0,100.0,100.0,100.0,100.0,100.0,100.0,100.0,100.0,123.0,123.0,123.0,123.0,123.0,123.0,123.0,123.0,123.0,123.0,123.0,123.0,123.0,123.0,46.7,46.8,46.2,46.5,46.8,46.8,47.2,0.0,100.0,100.0,100.0,100.0,100.0,100.0,100.0,0.0,0.0,0.0,0.0,0.0,0.0,0.0,0.0,0.0,0.0,0.0,0.0,0.0,0.0,2395.7,24.00,40,39,39,77,116,708,1,85.9,85.0,84.0,81.9,77.3,82.7,84.6,84.3,79.0,83.7,65.0,65.0,69.5,62.8,44.9,44.0,46.0,1.064,1.015,1.100,41.025,8.027,41.024,51.000,5.447,64.785,6.737,6.419,6.796,6.817,6.858,6.713,6.822,43.675,8.148,57.814,63.357,1996.4,2395.7,4691.4,4691.4,4714.8,72.0,54.7,34.0,72.0,100.0,いいえ,いいえ,いいえ,8.874,2.478,6.0,38.0,85.9,40.0,85.0,1.096,12.197,3.456,3.328,5.040,1.072,1.024,3.440,3.328,1.808,1.024,1.120,1.032,1.792,1.104,0.776,1.824,0.248,2023,いいえ,57.4,42.8,1.110,1.110,1.815,1.800,0.990,5.040,0.625,いいえ,いいえ,いいえ,42.0,1.110,1.110,1.815,1.800,1.005,5.040,0.625,いいえ,いいえ,いいえ,37,37,いいえ,はい,15388,14039,128,128,34,100.0,いいえ,いいえ,3868,2528,9990,40,40,47,100.0,100.0,いいえ,いいえ,7031,7744,0.0,0.0,0.0,0.000,0.000,1392,1006,0.0,0.0,0.0,0.000,0.000,181182,133153,0.0,0.0,0.0,0.000,0.000,66269,77494,65.0,0.720,38.000,600.0,2400.0,1200.0,100.0,0.0,0.0,0.0,0.0,0.0,0.0,0.0,0.0,125,2,16.0,86,いいえ,いいえ,いいえ,39.8,44.0,49.6,84.0,0.865,12.310,12.317,12.269,12.334,12.318,0,0,10.401,4.733,2.615,0.271,7.815,2.751,0.136,7.961,8.046,8.266,220.000,220.000,210.0,50.6,1185.0,210.0,1290.0,210.0,50.5,1412.3,4.0,6.0,2.0,0.0,10.1,0.7,0.9,0.0,1.8,0.0,0,0,はい,いいえ,いいえ,いいえ,いいえ,はい,いいえ,5.0,5.1,0,0,0,0,0,0,0,0,0,0,0,0,0,0,0,0,0,0,0,0,0,0,0,0,0,0,0,0,0,0,11041,1241,964,111,2.5,8.4,8.4,8.4,8.4,8.4,8.4,0.0,0.0,0.0,0.0,0.0,0.0,119.55,119.55,119.55,119.55,119.55,119.55,0.59,0.01,119.44,0.11,0.00,0,0,0.0,0.0,44283,38811,6.7,177.9,0,
19.7.2026,0:43:54.728,21072,12839,62.1,17429,14434,54.7,1.0,2048,20,1.048,1.050,1.065,1.080,1.040,1.025,1.025,4658.3,4691.5,4716.5,4691.5,4591.7,4616.7,4641.6,99.8,4659.5,4674.1,4657.7,4658.4,4658.7,4658.0,4658.6,4658.7,4658.7,4657.6,4658.7,4657.3,4657.5,4659.5,100.0,100.0,100.0,100.0,100.0,100.0,100.0,100.0,100.0,100.0,100.0,100.0,100.0,100.0,100.0,122.8,122.8,122.8,122.8,122.8,122.8,122.8,122.8,122.8,122.8,122.8,122.8,122.8,122.8,46.7,47.0,47.2,47.0,46.0,46.2,46.5,0.0,100.0,100.0,100.0,100.0,100.0,100.0,100.0,0.0,0.0,0.0,0.0,0.0,0.0,0.0,0.0,0.0,0.0,0.0,0.0,0.0,0.0,2395.7,24.00,40,39,39,77,116,708,1,85.9,85.0,83.9,81.8,77.2,82.8,84.6,84.2,78.8,83.3,64.8,64.8,70.0,63.1,44.9,44.0,46.0,1.060,1.015,1.100,40.792,8.013,40.795,50.000,5.448,64.307,6.723,6.419,6.843,6.836,6.845,6.665,6.729,43.240,8.134,57.367,62.878,1996.4,2395.7,4684.5,4684.5,4706.9,71.5,54.4,33.3,71.5,100.0,いいえ,いいえ,いいえ,8.236,2.622,6.0,38.0,85.9,40.0,85.0,1.072,12.197,3.456,3.328,5.040,1.072,1.024,3.456,3.328,1.808,1.024,1.120,1.040,1.792,1.104,0.776,1.824,0.256,2023,いいえ,57.4,42.8,1.110,1.110,1.815,1.800,0.990,5.040,1.375,いいえ,いいえ,いいえ,42.0,1.110,1.110,1.815,1.800,0.990,5.040,0.750,いいえ,いいえ,いいえ,37,37,いいえ,はい,15388,14039,128,128,34,100.0,いいえ,いいえ,3868,2528,9990,39,39,47,100.0,100.0,いいえ,いいえ,7031,7744,0.0,0.0,0.0,0.000,0.006,1392,1006,0.0,0.0,0.0,0.000,0.000,181182,133153,0.0,0.0,0.0,0.000,0.002,66269,77494,64.9,0.720,39.000,600.0,2400.0,1200.0,100.0,0.0,0.0,0.0,0.0,0.0,0.0,0.0,0.0,125,2,16.0,86,いいえ,いいえ,いいえ,39.8,44.0,49.6,84.0,0.865,12.314,12.323,12.272,12.338,12.322,0,0,10.229,4.638,2.218,0.296,7.854,2.369,0.148,8.011,8.043,8.165,220.000,220.000,210.0,50.6,1185.0,210.0,1290.0,210.0,50.5,1413.4,1.0,6.0,0.0,0.0,10.1,0.8,1.0,0.0,2.0,0.0,0,0,はい,いいえ,いいえ,いいえ,いいえ,はい,いいえ,4.7,5.3,0,0,0,0,0,0,0,0,0,0,0,0,0,0,0,0,0,0,0,0,0,0,0,0,0,0,0,0,0,0,11041,1241,964,112,2.5,2.8,500.5,1.0,1.0,1.0,1.0,2.8,56.6,1.0,1.0,1.0,1.0,363.24,990.47,2.00,0.58,1009.02,1009.02,4.15,120.37,363.24,0.00,520.68,0,0,0.0,0.0,44283,38811,7.0,224.7,0,
19.7.2026,0:43:56.721,21069,12841,62.1,17426,14437,54.6,1.0,2048,20,1.022,1.025,1.010,1.025,1.010,1.000,1.060,4641.6,4641.6,4591.7,4641.6,4591.7,4691.5,4691.5,99.8,4659.8,4674.6,4659.0,4658.8,4658.7,4658.0,4658.6,4658.6,4658.7,4658.5,4658.6,4656.7,4658.6,4659.8,100.0,100.0,100.0,100.0,100.0,100.0,100.0,100.0,100.0,100.0,100.0,100.0,100.0,100.0,100.0,122.8,122.8,122.8,122.8,122.8,122.8,122.8,122.8,122.8,122.8,122.8,122.8,122.8,122.8,46.5,46.5,46.0,46.5,46.0,47.0,47.0,0.0,100.0,100.0,100.0,100.0,100.0,100.0,100.0,0.0,0.0,0.0,0.0,0.0,0.0,0.0,0.0,0.0,0.0,0.0,0.0,0.0,0.0,2395.7,24.00,40,39,39,77,116,708,1,85.9,85.0,84.0,81.9,77.2,82.7,84.6,84.4,78.9,83.6,64.9,64.9,69.0,62.8,44.9,44.0,46.0,1.060,1.015,1.100,40.827,8.285,40.826,49.000,5.461,64.842,6.798,6.470,6.848,6.889,6.975,6.750,6.856,43.315,8.409,57.731,63.401,1996.4,2395.7,4685.2,4685.2,4708.8,72.0,54.4,32.7,72.0,100.0,いいえ,いいえ,いいえ,10.331,3.787,6.0,38.0,85.9,40.0,85.0,1.088,12.197,3.456,3.328,5.040,1.072,1.024,3.456,3.328,1.808,1.024,1.120,1.040,1.792,1.104,0.776,1.824,0.256,2017,いいえ,57.4,42.8,1.095,1.110,1.815,1.800,0.990,5.040,0.750,いいえ,いいえ,いいえ,42.0,1.110,1.110,1.815,1.800,0.990,5.040,1.125,いいえ,いいえ,いいえ,37,37,いいえ,はい,15388,14039,128,128,34,100.0,いいえ,いいえ,3868,2528,9990,39,39,47,100.0,100.0,いいえ,いいえ,7031,7744,0.0,0.1,0.1,0.000,0.006,1392,1006,0.0,0.0,0.0,0.000,0.000,181182,133153,0.0,0.0,0.0,0.000,0.000,66269,77494,65.0,0.720,39.000,600.0,2400.0,1200.0,100.0,0.0,0.0,0.0,0.0,0.0,0.0,0.0,0.0,125,2,16.0,86,いいえ,いいえ,いいえ,39.8,44.0,49.6,84.0,0.865,12.311,12.321,12.269,12.335,12.319,0,0,10.417,4.599,2.127,0.246,7.840,2.257,0.123,7.971,8.046,8.180,220.000,220.000,210.0,50.6,1185.0,210.0,1290.0,210.0,50.5,1414.0,1.0,6.0,0.0,0.0,10.1,0.7,0.8,0.0,1.8,0.0,0,0,はい,いいえ,いいえ,いいえ,いいえ,はい,いいえ,4.6,5.0,0,0,0,0,0,0,0,0,0,0,0,0,0,0,0,0,0,0,0,0,0,0,0,0,0,0,0,0,0,0,11041,1241,964,112,2.5,2.1,13.1,1.2,1.2,1.2,1.2,1.1,1.1,1.1,1.1,1.1,1.1,468.68,861.26,76.11,68.90,869.27,869.27,1.85,32.50,468.58,0.10,21.90,0,0,0.0,0.0,44283,38812,6.4,168.5,0,
19.7.2026,0:43:58.730,21074,12837,62.1,17423,14440,54.6,1.0,2048,20,1.058,1.055,1.065,1.030,1.090,1.070,1.035,4679.1,4691.5,4616.7,4716.5,4741.4,4691.5,4616.7,99.8,4684.0,4697.8,4681.5,4682.8,4682.0,4682.2,4682.7,4683.1,4683.2,4683.7,4683.4,4682.8,4683.2,4684.0,100.0,100.0,100.0,100.0,100.0,100.0,100.0,100.0,100.0,100.0,100.0,100.0,100.0,100.0,100.0,123.4,123.5,123.4,123.5,123.4,123.5,123.5,123.5,123.5,123.5,123.5,123.4,123.5,123.4,46.9,47.0,46.2,47.2,47.5,47.0,46.2,0.0,100.0,100.0,100.0,100.0,100.0,100.0,100.0,0.0,0.0,0.0,0.0,0.0,0.0,0.0,0.0,0.0,0.0,0.0,0.0,0.0,0.0,2395.7,24.00,40,39,39,77,116,708,1,85.9,85.0,86.4,81.7,76.9,82.5,84.4,84.2,78.7,83.3,65.0,65.0,70.0,62.8,44.9,44.0,46.0,1.073,1.015,1.100,40.546,8.123,40.547,50.500,5.461,64.810,6.711,6.337,6.803,6.795,6.887,6.658,6.785,43.538,8.245,57.790,63.406,1996.4,2395.7,4707.6,4707.6,4731.3,72.1,54.1,33.7,72.1,100.0,いいえ,いいえ,いいえ,10.228,2.563,6.0,38.0,86.9,40.0,86.0,1.048,12.197,3.456,3.328,5.040,1.072,1.024,3.440,3.328,1.808,1.024,1.120,1.040,1.792,1.104,0.776,1.824,0.256,2036,いいえ,57.4,42.8,1.095,1.110,1.815,1.800,0.990,5.040,0.625,いいえ,いいえ,いいえ,42.0,1.095,1.110,1.815,1.800,0.990,5.040,0.750,いいえ,いいえ,いいえ,37,37,いいえ,はい,15388,14039,128,128,34,100.0,いいえ,いいえ,3868,2528,9990,40,40,47,100.0,100.0,いいえ,いいえ,7031,7744,0.0,0.0,0.0,0.000,0.006,1392,1006,0.0,0.0,0.0,0.000,0.000,181182,133153,0.0,0.0,0.0,0.000,0.006,66269,77494,65.0,0.720,37.000,600.0,2400.0,1200.0,100.0,0.0,0.0,0.0,0.0,0.0,0.0,0.0,0.0,125,2,16.0,86,いいえ,いいえ,いいえ,39.8,44.0,49.5,84.0,0.865,12.310,12.320,12.268,12.334,12.318,0,0,10.133,4.677,2.380,0.271,7.840,2.516,0.135,7.978,8.046,8.251,220.000,220.000,210.0,50.6,1185.0,210.0,1290.0,210.1,50.5,1412.9,3.0,6.0,2.0,0.0,10.1,0.7,0.9,0.0,1.8,0.0,0,0,はい,いいえ,いいえ,いいえ,いいえ,はい,いいえ,4.7,5.5,0,0,0,0,0,0,0,0,0,0,0,0,0,0,0,0,0,0,0,0,0,0,0,0,0,0,0,0,0,0,11041,1241,964,112,2.5,11.0,15.8,8.4,8.4,8.4,8.4,1.0,1.0,1.0,1.0,1.0,1.0,90.91,118.67,63.15,62.64,119.24,119.24,0.58,0.01,90.81,0.10,69.47,0,0,0.0,0.0,44283,38812,5.9,225.5,0,
19.7.2026,0:44:0.755,21071,12840,62.1,17428,14435,54.6,1.0,2048,20,1.043,1.035,1.050,1.025,1.050,1.050,1.050,4670.7,4666.6,4616.7,4616.7,4691.5,4716.5,4716.5,99.8,4684.5,4699.4,4683.0,4683.5,4683.3,4682.8,4683.3,4683.3,4683.2,4683.0,4683.2,4683.1,4683.0,4684.5,100.0,100.0,100.0,100.0,100.0,100.0,100.0,100.0,100.0,100.0,100.0,100.0,100.0,100.0,100.0,123.5,123.5,123.5,123.5,123.5,123.5,123.5,123.5,123.5,123.5,123.5,123.5,123.5,123.5,46.8,46.8,46.2,46.2,47.0,47.2,47.2,0.0,100.0,100.0,100.0,100.0,100.0,100.0,100.0,0.0,0.0,0.0,0.0,0.0,0.0,0.0,0.0,0.0,0.0,0.0,0.0,0.0,0.0,2395.7,24.00,40,39,39,77,116,708,1,86.0,85.0,86.4,81.7,77.1,82.6,84.6,84.2,78.5,83.2,65.1,65.1,69.8,62.9,44.9,44.0,46.0,1.074,1.015,1.100,40.495,8.115,40.493,50.500,5.449,64.848,6.720,6.389,6.838,6.862,6.855,6.629,6.747,43.528,8.237,57.759,63.403,1996.4,2395.7,4709.8,4709.8,4733.2,72.0,54.0,33.7,72.0,100.0,いいえ,いいえ,いいえ,10.498,2.688,6.0,38.0,86.9,40.0,86.0,1.080,12.197,3.456,3.328,5.040,1.072,1.024,3.440,3.328,1.808,1.024,1.120,1.040,1.792,1.104,0.776,1.824,0.256,2027,いいえ,57.4,42.8,1.095,1.110,1.800,1.800,0.990,5.040,1.125,いいえ,いいえ,いいえ,42.0,1.095,1.110,1.815,1.800,0.990,5.040,1.500,いいえ,いいえ,いいえ,37,37,いいえ,はい,15388,14039,128,128,34,100.0,いいえ,いいえ,3868,2528,9990,40,40,47,100.0,100.0,いいえ,いいえ,7031,7744,0.0,0.0,0.0,0.000,0.004,1392,1006,0.0,0.0,0.0,0.000,0.000,181182,133153,0.0,0.0,0.0,0.000,0.000,66269,77494,65.0,0.720,46.000,600.0,2400.0,1200.0,100.0,0.0,0.0,0.0,0.0,0.0,0.0,0.0,0.0,125,2,16.0,86,いいえ,いいえ,いいえ,39.8,44.0,49.6,84.0,0.865,12.315,12.324,12.274,12.339,12.323,0,0,10.326,4.580,2.074,0.246,7.830,2.196,0.123,7.968,8.046,8.159,220.000,220.000,210.0,50.6,1185.0,210.0,1290.0,210.1,50.5,1413.6,2.0,6.0,1.0,0.0,10.1,0.7,1.0,0.0,1.8,0.0,0,0,はい,いいえ,いいえ,いいえ,いいえ,はい,いいえ,4.6,4.9,0,0,0,0,0,0,0,0,0,0,0,0,0,0,0,0,0,0,0,0,0,0,0,0,0,0,0,0,0,0,11041,1241,964,112,2.5,11.0,15.8,8.4,8.4,8.4,8.4,1.0,1.0,1.0,1.0,1.0,1.0,90.91,118.67,63.15,62.64,119.24,119.24,0.58,0.01,90.81,0.10,69.47,0,0,0.0,0.0,44283,38813,7.0,247.9,0,
19.7.2026,0:44:2.753,21077,12834,62.1,17429,14434,54.7,1.0,2048,20,1.041,1.050,1.035,1.035,1.045,1.035,1.045,4670.7,4666.6,4641.6,4666.6,4691.5,4691.5,4666.6,99.8,4673.1,4688.6,4672.5,4671.5,4672.2,4671.9,4672.5,4671.6,4672.1,4670.0,4672.0,4671.2,4671.7,4673.1,100.0,99.9,100.0,100.0,100.0,100.0,100.0,100.0,100.0,99.9,100.0,100.0,100.0,100.0,100.0,123.2,123.2,123.2,123.2,123.2,123.2,123.2,123.2,123.2,123.1,123.2,123.2,123.2,123.2,46.8,46.8,46.5,46.8,47.0,47.0,46.8,0.0,100.0,100.0,100.0,100.0,100.0,100.0,100.0,0.0,0.0,0.0,0.0,0.0,0.0,0.0,0.0,0.0,0.0,0.0,0.0,0.0,0.0,2395.7,24.00,40,39,39,77,116,708,1,86.0,85.0,85.2,81.8,77.4,82.5,84.4,84.4,78.9,83.5,65.0,65.0,69.2,63.1,44.9,44.0,46.0,1.068,1.015,1.100,40.616,8.095,40.613,52.000,5.444,64.591,6.725,6.452,6.755,6.774,6.913,6.658,6.796,43.401,8.217,57.606,63.175,1996.4,2395.7,4699.3,4699.3,4721.6,71.8,54.2,34.7,71.8,100.0,いいえ,いいえ,いいえ,9.373,2.594,6.0,38.0,85.9,40.0,85.0,1.064,12.197,3.456,3.328,5.040,1.072,1.024,3.456,3.328,1.808,1.024,1.120,1.040,1.808,1.104,0.776,1.824,0.256,2030,いいえ,57.4,42.8,1.095,1.110,1.800,1.815,0.990,5.040,0.750,いいえ,いいえ,いいえ,42.0,1.095,1.110,1.800,1.800,0.990,5.040,0.750,いいえ,いいえ,いいえ,37,37,いいえ,はい,15388,14039,128,128,34,100.0,いいえ,いいえ,3868,2528,9990,40,40,48,100.0,100.0,いいえ,いいえ,7031,7744,0.0,0.0,0.0,0.000,0.006,1392,1006,0.0,0.0,0.0,0.000,0.000,181182,133153,0.0,0.1,0.1,0.000,0.148,66269,77494,65.0,0.720,44.000,600.0,2400.0,1200.0,100.0,0.0,0.0,0.0,0.0,0.0,0.0,0.0,0.0,125,2,16.0,86,いいえ,いいえ,いいえ,39.8,44.0,49.6,84.0,0.865,12.315,12.324,12.274,12.338,12.323,0,0,10.329,4.729,2.588,0.271,7.843,2.727,0.136,7.997,8.114,8.158,220.000,220.000,210.0,50.6,1185.0,210.0,1290.0,210.1,50.5,1414.4,4.0,6.0,2.0,0.0,10.1,0.8,1.2,0.0,1.9,0.0,0,0,はい,いいえ,いいえ,いいえ,いいえ,はい,いいえ,4.8,5.4,0,0,0,0,0,0,0,0,0,0,0,0,0,0,0,0,0,0,0,0,0,0,0,0,0,0,0,0,0,0,11041,1241,964,112,2.5,6.1,16.9,2.2,2.2,2.2,2.2,3.9,11.8,2.3,2.3,2.3,2.3,165.18,446.80,59.00,58.02,460.42,460.42,3.67,45.97,165.08,0.10,212.42,0,0,0.0,0.0,44284,38813,141.8,212.6,0,
19.7.2026,0:44:4.745,21069,12842,62.1,17427,14436,54.6,1.0,2048,20,1.081,1.090,1.090,1.105,1.105,1.060,1.035,4741.4,4741.4,4766.4,4766.4,4766.4,4766.4,4641.6,99.8,4674.3,4688.2,4672.6,4672.3,4673.0,4671.6,4673.1,4673.2,4673.5,4673.9,4673.6,4673.6,4673.5,4674.3,100.0,100.0,100.0,100.0,100.0,100.0,100.0,100.0,100.0,100.0,100.0,100.0,100.0,100.0,100.0,123.2,123.2,123.2,123.2,123.2,123.2,123.2,123.2,123.2,123.2,123.2,123.2,123.2,123.2,47.5,47.5,47.8,47.8,47.8,47.8,46.5,0.0,100.0,100.0,100.0,100.0,100.0,100.0,100.0,0.0,0.0,0.0,0.0,0.0,0.0,0.0,0.0,0.0,0.0,0.0,0.0,0.0,0.0,2395.7,24.00,40,39,39,77,116,708,1,86.0,85.0,83.5,81.8,77.3,82.5,84.5,84.3,78.9,83.5,64.9,64.9,70.8,63.1,45.0,44.0,46.0,1.068,1.015,1.100,40.644,8.125,40.645,50.000,5.495,64.743,6.746,6.450,6.770,6.806,6.919,6.712,6.822,43.419,8.246,57.709,63.327,1996.4,2395.7,4698.7,4698.7,4721.4,72.0,54.2,33.3,72.0,100.0,いいえ,いいえ,いいえ,9.888,3.149,6.0,38.0,85.9,40.0,85.0,1.080,12.197,3.456,3.328,5.040,1.072,1.024,3.440,3.328,1.808,1.024,1.120,1.040,1.792,1.104,0.776,1.824,0.256,2014,いいえ,57.4,42.8,1.095,1.110,1.800,1.815,0.990,5.040,0.875,いいえ,いいえ,いいえ,42.0,1.095,1.110,1.800,1.815,1.005,5.040,1.125,いいえ,いいえ,いいえ,37,37,いいえ,はい,15388,14039,128,128,34,100.0,いいえ,いいえ,3868,2528,9990,40,40,48,100.0,100.0,いいえ,いいえ,7031,7744,0.0,0.0,0.0,0.000,0.000,1392,1006,0.0,0.0,0.0,0.000,0.000,181182,133153,0.0,0.0,0.0,0.000,0.137,66269,77495,65.0,0.720,44.000,600.0,2400.0,1200.0,100.0,0.0,0.0,0.0,0.0,0.0,0.0,0.0,0.0,125,2,16.0,86,いいえ,いいえ,いいえ,39.8,44.0,49.6,84.0,0.865,12.305,12.315,12.261,12.330,12.314,0,0,10.406,4.590,2.162,0.222,7.786,2.281,0.111,7.908,8.079,8.170,220.000,220.000,210.0,50.6,1185.0,210.0,1290.0,210.0,50.5,1413.6,1.0,5.0,0.0,0.0,10.1,0.8,1.1,0.0,2.0,0.0,0,0,はい,いいえ,いいえ,いいえ,いいえ,はい,いいえ,4.6,5.2,0,0,0,0,0,0,0,0,0,0,0,0,0,0,0,0,0,0,0,0,0,0,0,0,0,0,0,0,0,0,11041,1241,964,112,2.5,16.1,16.1,16.1,16.1,16.1,16.1,0.9,0.9,0.9,0.9,0.9,0.9,62.17,62.17,62.17,62.17,62.17,62.17,0.74,0.01,62.04,0.13,8.88,0,0,0.0,0.0,44284,38813,6.1,170.1,0,
19.7.2026,0:44:6.759,21068,12843,62.1,17428,14435,54.6,1.0,2048,20,1.086,1.060,1.105,1.065,1.120,1.090,1.075,4733.1,4716.5,4766.4,4691.5,4791.4,4741.4,4691.5,99.8,4680.9,4695.7,4678.5,4679.5,4680.0,4679.1,4679.4,4679.7,4679.9,4679.8,4679.8,4679.0,4679.8,4680.9,100.0,100.0,100.0,100.0,100.0,100.0,100.0,100.0,100.0,100.0,100.0,100.0,100.0,100.0,100.0,123.4,123.3,123.4,123.4,123.4,123.4,123.4,123.4,123.4,123.4,123.4,123.4,123.4,123.4,47.4,47.2,47.8,47.0,48.0,47.5,47.0,0.0,100.0,100.0,100.0,100.0,100.0,100.0,100.0,0.0,0.0,0.0,0.0,0.0,0.0,0.0,0.0,0.0,0.0,0.0,0.0,0.0,0.0,2395.7,24.00,40,39,39,77,116,708,1,85.9,85.0,84.4,81.9,77.4,82.6,84.4,84.2,79.1,83.7,65.0,65.0,69.5,62.8,45.0,44.0,46.0,1.073,1.015,1.100,40.845,8.090,40.848,50.000,5.454,65.135,6.781,6.487,6.845,6.803,6.851,6.787,6.911,43.824,8.211,58.035,63.675,1996.4,2395.7,4706.4,4706.4,4730.0,72.4,54.5,33.3,72.4,100.0,いいえ,いいえ,いいえ,10.215,3.064,6.0,38.0,85.0,40.0,85.0,1.096,12.197,3.456,3.328,5.040,1.072,1.024,3.456,3.328,1.808,1.024,1.120,1.040,1.792,1.104,0.776,1.824,0.256,2023,いいえ,57.4,42.8,1.095,1.110,1.800,1.815,0.990,5.040,0.875,いいえ,いいえ,いいえ,42.2,1.095,1.110,1.800,1.815,0.990,5.040,1.125,いいえ,いいえ,いいえ,37,37,いいえ,はい,15388,14039,128,128,34,100.0,いいえ,いいえ,3868,2528,9990,40,40,48,100.0,100.0,いいえ,いいえ,7031,7744,0.0,3.6,3.6,0.000,0.008,1392,1006,0.0,0.0,0.0,0.000,0.000,181182,133153,0.0,0.1,0.1,0.000,0.141,66269,77495,65.0,0.720,36.000,600.0,2400.0,1200.0,100.0,0.0,0.0,0.0,0.0,0.0,0.0,0.0,0.0,125,2,16.0,86,いいえ,いいえ,いいえ,39.8,44.0,49.6,84.0,0.865,12.308,12.318,12.265,12.332,12.316,0,0,10.222,4.692,2.411,0.271,7.813,2.553,0.135,7.964,8.118,8.267,220.000,220.000,210.0,50.6,1185.0,210.0,1290.0,209.7,50.5,1413.4,4.0,6.0,2.0,0.0,10.1,0.6,0.8,0.0,1.8,0.0,0,0,はい,いいえ,いいえ,いいえ,いいえ,はい,いいえ,4.7,5.3,0,0,0,0,0,0,0,0,0,0,0,0,0,0,0,0,0,0,0,0,0,0,0,0,0,0,0,0,0,0,11041,1241,964,112,2.5,1.8,1.8,1.8,1.8,1.8,1.8,1.8,1.8,1.8,1.8,1.8,1.8,566.90,566.90,566.90,566.90,566.90,566.90,10.05,558.01,566.90,0.00,117.59,0,0,0.0,0.0,44284,38814,6.6,185.1,0,
19.7.2026,0:44:8.748,21069,12842,62.1,17424,14439,54.6,1.0,2048,20,1.076,1.035,1.090,1.090,1.075,1.090,1.075,4708.2,4616.7,4741.4,4741.4,4741.4,4741.4,4666.6,99.8,4688.2,4702.7,4687.0,4687.0,4687.1,4686.6,4687.0,4687.0,4687.1,4687.0,4686.8,4686.7,4686.8,4688.2,100.0,100.0,100.0,100.0,100.0,100.0,100.0,100.0,100.0,100.0,100.0,100.0,100.0,100.0,100.0,123.6,123.6,123.6,123.6,123.6,123.6,123.6,123.6,123.6,123.6,123.6,123.6,123.6,123.6,47.2,46.2,47.5,47.5,47.5,47.5,46.8,0.0,100.0,100.0,100.0,100.0,100.0,100.0,100.0,0.0,0.0,0.0,0.0,0.0,0.0,0.0,0.0,0.0,0.0,0.0,0.0,0.0,0.0,2395.7,24.00,40,39,39,77,116,708,1,85.9,85.0,85.2,81.9,77.4,82.7,84.6,84.2,79.1,83.4,65.1,65.1,70.2,62.9,44.9,44.0,46.0,1.077,1.015,1.100,40.763,8.094,40.766,51.000,5.487,65.329,6.772,6.467,6.855,6.874,6.879,6.750,6.810,43.912,8.215,58.163,63.857,1996.4,2395.7,4713.2,4713.2,4736.5,72.6,54.4,34.0,72.6,100.0,いいえ,いいえ,いいえ,11.080,3.188,6.0,38.0,86.0,40.0,86.0,1.104,12.197,3.440,3.328,5.040,1.072,1.024,3.440,3.328,1.808,1.024,1.120,1.032,1.792,1.104,0.776,1.824,0.256,2017,いいえ,57.4,42.8,1.110,1.110,1.800,1.815,0.990,5.040,1.375,いいえ,いいえ,いいえ,42.2,1.110,1.110,1.800,1.815,0.990,5.040,0.750,いいえ,いいえ,いいえ,37,37,いいえ,はい,15388,14039,128,128,34,100.0,いいえ,いいえ,3868,2528,9990,40,40,48,100.0,100.0,いいえ,いいえ,7031,7744,0.0,0.1,0.1,0.000,0.010,1392,1006,0.0,0.0,0.0,0.000,0.000,181182,133153,0.0,0.0,0.0,0.000,0.006,66269,77495,65.0,0.720,40.000,600.0,2400.0,1200.0,100.0,0.0,0.0,0.0,0.0,0.0,0.0,0.0,0.0,125,2,16.0,86,いいえ,いいえ,いいえ,39.8,44.0,49.6,84.0,0.865,12.308,12.318,12.265,12.333,12.316,0,0,10.273,4.748,2.610,0.296,7.850,2.750,0.148,8.000,8.049,8.280,220.000,220.000,210.0,50.6,1185.0,210.0,1290.0,209.9,50.5,1413.8,4.0,7.0,3.0,0.0,10.1,0.7,0.8,0.0,1.9,0.0,0,0,はい,いいえ,いいえ,いいえ,いいえ,はい,いいえ,4.8,5.0,0,0,0,0,0,0,0,0,0,0,0,0,0,0,0,0,0,0,0,0,0,0,0,0,0,0,0,0,0,0,11041,1241,964,112,2.5,8.1,17.5,4.6,4.6,4.6,4.6,5.2,7.4,3.8,3.8,3.7,3.7,122.97,216.38,57.22,56.81,217.34,217.34,4.43,53.48,122.87,0.10,61.70,0,0,0.0,0.0,44284,38814,7.0,337.6,0,
19.7.2026,0:44:10.755,21075,12836,62.1,17431,14432,54.7,1.0,2048,20,1.082,1.000,1.105,1.105,1.105,1.090,1.090,4724.8,4566.8,4766.4,4766.4,4766.4,4741.4,4741.4,99.8,4692.4,4706.8,4690.6,4691.3,4691.3,4691.2,4691.6,4690.9,4691.0,4690.5,4690.5,4691.6,4691.6,4692.4,100.0,100.0,100.0,100.0,100.0,100.0,100.0,100.0,100.0,100.0,100.0,100.0,100.0,100.0,100.0,123.7,123.7,123.7,123.7,123.7,123.7,123.7,123.7,123.7,123.7,123.7,123.7,123.7,123.7,47.3,45.8,47.8,47.8,47.8,47.5,47.5,0.0,100.0,100.0,100.0,100.0,100.0,100.0,100.0,0.0,0.0,0.0,0.0,0.0,0.0,0.0,0.0,0.0,0.0,0.0,0.0,0.0,0.0,2395.7,24.00,40,39,39,77,116,708,1,86.0,85.0,85.2,81.8,77.1,82.5,84.4,84.4,78.8,83.4,65.2,65.2,70.8,63.1,44.9,44.0,46.0,1.079,1.015,1.100,40.694,8.210,40.692,53.000,5.478,65.353,6.772,6.470,6.888,6.829,6.932,6.679,6.831,43.912,8.333,58.271,63.925,1996.4,2395.7,4717.5,4717.5,4741.1,72.6,54.3,35.3,72.6,100.0,いいえ,いいえ,いいえ,10.824,2.709,6.0,38.0,86.0,40.0,86.0,1.056,12.197,3.440,3.312,5.040,1.064,1.024,3.440,3.328,1.808,1.024,1.120,1.040,1.792,1.104,0.776,1.824,0.256,2033,いいえ,57.4,42.8,1.110,1.110,1.800,1.815,0.990,5.040,0.875,いいえ,いいえ,いいえ,42.2,1.110,1.110,1.800,1.815,0.990,5.040,0.875,いいえ,いいえ,いいえ,37,37,いいえ,はい,15388,14039,128,128,34,100.0,いいえ,いいえ,3868,2528,9990,40,40,48,100.0,100.0,いいえ,いいえ,7031,7744,0.0,0.0,0.0,0.000,0.000,1392,1006,0.0,0.0,0.0,0.000,0.000,181182,133153,0.0,0.2,0.2,0.000,1.039,66269,77497,65.1,0.720,39.000,600.0,2400.0,1200.0,100.0,0.0,0.0,0.0,0.0,0.0,0.0,0.0,0.0,125,2,16.0,86,いいえ,いいえ,いいえ,39.8,44.0,49.6,84.0,0.865,12.309,12.318,12.266,12.333,12.317,0,0,10.439,4.718,2.592,0.271,7.826,2.726,0.135,7.966,8.064,8.164,220.000,220.000,210.0,50.6,1185.0,210.0,1290.0,210.0,50.5,1413.2,2.0,6.0,1.0,0.0,10.1,0.6,0.7,0.0,1.6,0.0,0,0,はい,いいえ,いいえ,いいえ,いいえ,はい,いいえ,4.8,5.4,0,0,0,0,0,0,0,0,0,0,0,0,0,0,0,0,0,0,0,0,0,0,0,0,0,0,0,0,0,0,11041,1241,964,112,2.5,1.0,1.0,1.0,1.0,1.0,1.0,1.0,1.0,1.0,1.0,1.0,1.0,999.92,999.92,999.92,999.92,999.92,999.92,9.66,990.07,999.92,0.00,433.65,0,0,0.0,0.0,44284,38815,6.1,151.9,0,
19.7.2026,0:44:12.746,21074,12837,62.1,17428,14435,54.6,1.0,2048,20,1.076,1.035,1.090,1.105,1.090,1.075,1.060,4729.0,4716.5,4766.4,4766.4,4741.4,4716.5,4666.6,99.8,4697.4,4711.9,4696.0,4696.1,4696.1,4695.5,4696.0,4696.1,4696.2,4696.3,4696.3,4696.1,4696.1,4697.4,100.0,100.0,100.0,100.0,100.0,100.0,100.0,100.0,100.0,100.0,100.0,100.0,100.0,100.0,100.0,123.8,123.8,123.8,123.8,123.8,123.8,123.8,123.8,123.8,123.8,123.8,123.8,123.8,123.8,47.4,47.2,47.8,47.8,47.5,47.2,46.8,0.0,100.0,100.0,100.0,100.0,100.0,100.0,100.0,0.0,0.0,0.0,0.0,0.0,0.0,0.0,0.0,0.0,0.0,0.0,0.0,0.0,0.0,2395.7,24.00,40,39,39,77,116,708,1,86.0,85.0,84.8,81.7,76.9,82.4,84.5,84.3,78.8,83.5,65.2,65.2,70.0,62.9,45.0,44.0,46.0,1.082,1.015,1.100,40.670,8.153,40.670,50.000,5.503,65.452,6.786,6.520,6.968,6.840,6.880,6.684,6.825,44.021,8.275,58.349,64.004,1996.4,2395.7,4722.5,4722.5,4746.4,72.7,54.2,33.3,72.7,100.0,いいえ,いいえ,いいえ,10.791,2.572,6.0,38.0,86.0,40.0,86.0,1.056,12.144,3.440,3.328,5.040,1.064,1.024,3.440,3.328,1.808,1.024,1.120,1.040,1.792,1.104,0.776,1.824,0.256,2023,いいえ,57.4,42.8,1.110,1.110,1.815,1.815,0.990,5.040,1.000,いいえ,いいえ,いいえ,42.2,1.110,1.110,1.800,1.815,0.990,5.040,0.625,いいえ,いいえ,いいえ,37,37,いいえ,はい,15388,14039,128,128,34,100.0,いいえ,いいえ,3868,2528,9990,40,40,48,100.0,100.0,いいえ,いいえ,7031,7744,0.0,0.1,0.1,0.000,0.012,1392,1006,0.0,0.0,0.0,0.000,0.000,181182,133153,0.0,0.3,0.3,0.000,2.538,66269,77502,65.1,0.720,44.000,600.0,2400.0,1200.0,100.0,0.0,0.0,0.0,0.0,0.0,0.0,0.0,0.0,125,2,16.0,86,いいえ,いいえ,いいえ,39.8,44.0,49.5,84.0,0.865,12.308,12.316,12.267,12.333,12.318,0,0,10.283,4.596,2.088,0.246,7.814,2.208,0.123,7.945,8.154,8.192,220.000,220.000,210.0,50.6,1185.0,210.0,1290.0,210.0,50.5,1412.8,3.0,6.0,2.0,0.0,10.1,0.7,0.8,0.0,1.8,0.0,0,0,はい,いいえ,いいえ,いいえ,いいえ,はい,いいえ,4.6,5.0,0,0,0,0,0,0,0,0,0,0,0,0,0,0,0,0,0,0,0,0,0,0,0,0,0,0,0,0,0,0,11041,1241,964,111,2.5,1.7,14.7,0.9,0.9,0.9,0.9,0.9,0.9,0.9,0.9,0.9,0.9,590.20,1112.60,67.80,58.20,1123.26,1123.26,6.56,72.45,590.10,0.10,944.06,0,0,0.0,0.0,44284,38815,6.5,197.5,0,
19.7.2026,0:44:14.757,21066,12845,62.1,17426,14437,54.6,1.0,2048,20,1.067,1.090,1.050,1.105,1.055,1.060,1.045,4679.1,4741.4,4691.5,4741.4,4591.7,4666.6,4641.6,99.8,4677.4,4692.3,4676.3,4676.1,4676.2,4675.9,4676.2,4676.4,4676.4,4675.9,4676.1,4674.7,4675.8,4677.4,100.0,100.0,100.0,100.0,100.0,100.0,100.0,100.0,100.0,100.0,100.0,100.0,100.0,100.0,100.0,123.3,123.3,123.3,123.3,123.3,123.3,123.3,123.3,123.3,123.3,123.3,123.3,123.3,123.3,46.9,47.5,47.0,47.5,46.0,46.8,46.5,0.0,100.0,100.0,100.0,100.0,100.0,100.0,100.0,0.0,0.0,0.0,0.0,0.0,0.0,0.0,0.0,0.0,0.0,0.0,0.0,0.0,0.0,2395.7,24.00,40,39,39,77,116,708,1,86.0,85.0,85.4,81.9,77.4,82.6,84.5,84.3,78.8,83.5,65.0,65.0,69.8,62.8,45.0,44.0,46.0,1.070,1.015,1.100,40.854,8.082,40.851,53.500,5.480,65.010,6.756,6.474,6.816,6.824,6.900,6.702,6.821,43.739,8.204,57.971,63.590,1996.4,2395.7,4702.8,4702.8,4726.1,72.3,54.5,35.7,72.3,100.0,いいえ,いいえ,いいえ,9.970,3.104,6.0,38.0,86.0,40.0,86.0,1.088,12.197,3.440,3.328,5.040,1.072,1.024,3.440,3.328,1.808,1.024,1.120,1.040,1.792,1.104,0.776,1.824,0.256,2036,いいえ,57.4,42.8,1.110,1.110,1.815,1.800,0.990,5.040,1.250,いいえ,いいえ,いいえ,42.2,1.110,1.110,1.815,1.800,0.990,5.040,1.250,いいえ,いいえ,いいえ,37,37,いいえ,はい,15388,14039,128,128,34,100.0,いいえ,いいえ,3868,2528,9990,40,40,47,100.0,100.0,いいえ,いいえ,7031,7744,0.0,0.0,0.0,0.000,0.000,1392,1006,0.0,0.0,0.0,0.000,0.000,181182,133153,0.0,0.3,0.3,0.000,1.694,66269,77505,65.0,0.720,34.000,600.0,2400.0,1200.0,100.0,0.0,0.0,0.0,0.0,0.0,0.0,0.0,0.0,125,2,16.0,86,いいえ,いいえ,いいえ,39.8,44.0,49.6,84.0,0.865,12.312,12.320,12.271,12.337,12.321,0,0,10.443,4.770,2.697,0.296,7.878,2.838,0.148,8.028,8.077,8.202,220.000,220.000,210.0,50.6,1185.0,210.0,1290.0,210.0,50.5,1412.9,1.0,6.0,0.0,0.0,10.1,0.7,0.9,0.0,1.7,0.0,0,0,はい,いいえ,いいえ,いいえ,いいえ,はい,いいえ,4.9,5.5,0,0,0,0,0,0,0,0,0,0,0,0,0,0,0,0,0,0,0,0,0,0,0,0,0,0,0,0,0,0,11041,1241,964,112,2.5,3.0,757.4,1.1,1.1,1.1,1.1,3.1,58.7,1.1,1.1,1.1,1.1,331.87,930.04,1.32,0.48,948.05,948.05,6.91,324.91,331.87,0.00,626.05,0,0,0.0,0.0,44284,38815,7.5,215.2,0,
19.7.2026,0:44:16.746,21067,12844,62.1,17421,14442,54.6,1.0,2048,20,1.088,1.105,1.090,1.105,1.100,1.065,1.065,4737.3,4766.4,4741.4,4766.4,4766.4,4691.5,4691.5,99.8,4683.7,4698.1,4682.5,4682.3,4682.5,4681.9,4682.4,4682.3,4682.7,4682.5,4682.6,4682.5,4682.5,4683.7,100.0,100.0,100.0,100.0,100.0,100.0,100.0,100.0,100.0,100.0,100.0,100.0,100.0,100.0,100.0,123.5,123.5,123.5,123.5,123.5,123.5,123.5,123.4,123.5,123.5,123.5,123.5,123.5,123.5,47.5,47.8,47.5,47.8,47.8,47.0,47.0,0.0,100.0,100.0,100.0,100.0,100.0,100.0,100.0,0.0,0.0,0.0,0.0,0.0,0.0,0.0,0.0,0.0,0.0,0.0,0.0,0.0,0.0,2395.7,24.00,40,39,39,77,116,708,1,86.0,85.0,84.0,81.8,77.1,82.6,84.5,84.3,78.8,83.7,65.0,65.0,70.2,63.0,45.0,44.0,46.0,1.074,1.015,1.100,40.700,8.143,40.699,48.000,5.509,65.149,6.745,6.400,6.800,6.810,6.869,6.720,6.870,43.719,8.265,58.044,63.717,1996.4,2395.7,4708.5,4708.5,4732.2,72.4,54.3,32.0,72.4,100.0,いいえ,いいえ,いいえ,10.808,3.236,6.0,38.0,86.0,40.0,86.0,1.064,12.144,3.440,3.328,5.040,1.072,1.024,3.440,3.328,1.808,1.024,1.120,1.040,1.792,1.104,0.776,1.824,0.248,2036,いいえ,57.4,42.8,1.110,1.110,1.815,1.800,1.005,5.040,0.625,いいえ,いいえ,いいえ,42.2,1.110,1.110,1.815,1.800,1.005,5.040,0.750,いいえ,いいえ,いいえ,37,37,いいえ,はい,15388,14039,128,128,34,100.0,いいえ,いいえ,3868,2528,9990,40,40,48,100.0,100.0,いいえ,いいえ,7031,7744,0.0,14.7,14.7,0.000,0.012,1392,1006,0.0,0.0,0.0,0.000,0.000,181182,133153,0.0,0.1,0.1,0.000,0.132,66269,77505,65.1,0.720,42.000,600.0,2400.0,1200.0,100.0,0.0,0.0,0.0,0.0,0.0,0.0,0.0,0.0,125,2,16.0,86,いいえ,いいえ,いいえ,39.8,44.0,49.6,84.0,0.865,12.308,12.316,12.265,12.333,12.317,0,0,10.234,4.724,2.481,0.271,7.825,2.615,0.135,7.961,8.191,8.313,220.000,220.000,210.0,50.6,1185.0,210.0,1290.0,210.0,50.5,1413.2,2.0,6.0,1.0,0.0,10.1,0.6,0.8,0.0,1.5,0.0,0,0,はい,いいえ,いいえ,いいえ,いいえ,はい,いいえ,4.7,5.0,0,0,0,0,0,0,0,0,0,0,0,0,0,0,0,0,0,0,0,0,0,0,0,0,0,0,0,0,0,0,11041,1241,964,112,2.5,1.2,60.9,0.6,0.6,0.6,0.6,1.2,30.7,0.6,0.6,0.6,0.6,802.18,1587.92,16.43,2.00,1603.96,1603.96,6.38,492.48,802.18,0.00,1392.32,0,0,0.0,0.0,44284,38816,6.1,148.9,0,
19.7.2026,0:44:18.753,21069,12842,62.1,17426,14436,54.6,1.0,2048,20,1.093,1.105,1.050,1.105,1.120,1.090,1.090,4749.8,4741.4,4741.4,4766.4,4766.4,4741.4,4741.4,99.8,4688.3,4702.7,4686.7,4687.1,4686.5,4686.3,4687.0,4687.1,4687.0,4687.4,4687.6,4687.3,4686.9,4688.3,100.0,100.0,100.0,100.0,100.0,100.0,100.0,100.0,100.0,100.0,100.0,100.0,100.0,100.0,100.0,123.6,123.6,123.6,123.6,123.6,123.6,123.6,123.6,123.6,123.6,123.6,123.6,123.6,123.6,47.6,47.5,47.5,47.8,47.8,47.5,47.5,0.0,100.0,100.0,100.0,100.0,100.0,100.0,100.0,0.0,0.0,0.0,0.0,0.0,0.0,0.0,0.0,0.0,0.0,0.0,0.0,0.0,0.0,2395.7,24.00,40,39,39,77,116,708,1,86.0,85.0,85.9,81.9,77.5,82.5,84.5,84.2,79.0,83.6,65.0,65.0,70.8,62.9,45.0,44.0,46.0,1.076,1.015,1.100,40.806,8.179,40.802,50.500,5.492,65.370,6.757,6.514,6.791,6.802,6.868,6.728,6.836,43.947,8.302,58.290,63.925,1996.4,2395.7,4713.0,4713.0,4736.8,72.6,54.4,33.7,72.6,100.0,いいえ,いいえ,いいえ,10.375,2.804,6.0,38.0,86.0,40.0,86.0,1.112,12.197,3.440,3.328,5.040,1.072,1.024,3.440,3.328,1.808,1.024,1.120,1.032,1.792,1.104,0.776,1.824,0.256,2017,いいえ,57.4,42.8,1.110,1.110,1.815,1.800,1.005,5.040,0.750,いいえ,いいえ,いいえ,42.2,1.110,1.110,1.815,1.800,1.005,5.040,0.750,いいえ,いいえ,いいえ,37,37,いいえ,はい,15388,14039,128,128,34,100.0,いいえ,いいえ,3868,2528,9990,40,40,48,100.0,100.0,いいえ,いいえ,7031,7744,0.0,0.0,0.0,0.000,0.000,1392,1006,0.0,0.0,0.0,0.000,0.000,181182,133153,0.0,0.2,0.2,0.000,0.212,66269,77506,65.1,0.720,40.000,600.0,2400.0,1200.0,100.0,0.0,0.0,0.0,0.0,0.0,0.0,0.0,0.0,125,2,16.0,86,いいえ,いいえ,いいえ,39.8,44.0,49.6,84.0,0.865,12.312,12.319,12.270,12.337,12.321,0,0,10.325,4.616,2.208,0.222,7.779,2.319,0.111,7.902,8.170,8.219,220.000,220.000,210.0,50.6,1185.0,210.0,1290.0,210.0,50.5,1413.6,3.0,6.0,2.0,0.0,10.1,0.7,1.0,0.0,1.9,0.0,0,0,はい,いいえ,いいえ,いいえ,いいえ,はい,いいえ,4.6,5.1,0,0,0,0,0,0,0,0,0,0,0,0,0,0,0,0,0,0,0,0,0,0,0,0,0,0,0,0,0,0,11041,1241,964,112,2.5,0.6,0.6,0.6,0.6,0.6,0.6,0.6,0.6,0.6,0.6,0.6,0.6,1583.22,1583.22,1583.22,1583.22,1583.22,1583.22,14.39,1001.49,1583.22,0.00,1154.21,0,0,0.0,0.0,44284,38816,6.5,168.8,0,
19.7.2026,0:44:20.750,21057,12854,62.0,17422,14441,54.6,1.0,2048,20,1.068,1.090,1.075,1.075,1.070,1.070,1.030,4716.5,4766.4,4716.5,4716.5,4741.4,4716.5,4641.6,99.8,4691.3,4705.7,4690.1,4690.2,4690.1,4689.4,4689.9,4690.0,4690.1,4690.2,4690.1,4689.8,4689.9,4691.3,100.0,100.0,100.0,100.0,100.0,100.0,100.0,100.0,100.0,100.0,100.0,100.0,100.0,100.0,100.0,123.7,123.7,123.7,123.7,123.7,123.7,123.7,123.7,123.7,123.7,123.7,123.7,123.7,123.7,47.2,47.8,47.2,47.2,47.5,47.2,46.5,0.0,100.0,100.0,100.0,100.0,100.0,100.0,100.0,0.0,0.0,0.0,0.0,0.0,0.0,0.0,0.0,0.0,0.0,0.0,0.0,0.0,0.0,2395.7,24.00,40,39,39,77,116,708,1,86.0,85.0,86.9,81.7,77.0,82.6,84.5,84.2,78.7,83.1,65.1,65.1,70.8,63.3,45.0,44.0,46.0,1.077,1.015,1.100,40.587,8.186,40.589,51.000,5.462,65.178,6.705,6.383,6.808,6.805,6.858,6.648,6.726,43.760,8.309,58.077,63.740,1996.4,2395.7,4715.8,4715.8,4739.5,72.4,54.1,34.0,72.4,100.0,いいえ,いいえ,いいえ,10.794,2.809,6.0,38.0,86.0,40.0,86.0,1.072,12.197,3.440,3.328,5.040,1.072,1.024,3.440,3.328,1.808,1.024,1.120,1.040,1.792,1.104,0.776,1.824,0.256,2014,いいえ,57.4,42.8,1.110,1.110,1.815,1.800,1.005,5.040,0.875,いいえ,いいえ,いいえ,42.2,1.095,1.110,1.815,1.800,1.005,5.040,0.875,いいえ,いいえ,いいえ,37,37,いいえ,はい,15388,14039,128,128,34,100.0,いいえ,いいえ,3868,2528,9990,40,40,48,100.0,100.0,いいえ,いいえ,7031,7744,0.0,0.0,0.0,0.000,0.006,1392,1006,0.0,0.0,0.0,0.000,0.000,181182,133153,0.0,0.0,0.0,0.000,0.026,66269,77506,65.1,0.720,46.000,600.0,2400.0,1200.0,100.0,0.0,0.0,0.0,0.0,0.0,0.0,0.0,0.0,125,2,16.0,86,いいえ,いいえ,いいえ,39.8,44.0,49.6,84.0,0.865,12.318,12.325,12.278,12.343,12.327,0,0,10.395,4.761,2.587,0.271,7.870,2.728,0.136,8.017,8.146,8.330,220.000,220.000,210.0,50.6,1185.0,210.0,1290.0,210.0,50.5,1413.7,3.0,6.0,1.0,0.0,10.1,0.7,0.9,0.0,1.8,0.0,0,0,はい,いいえ,いいえ,いいえ,いいえ,はい,いいえ,4.8,4.9,0,0,0,0,0,0,0,0,0,0,0,0,0,0,0,0,0,0,0,0,0,0,0,0,0,0,0,0,0,0,11041,1241,964,111,2.5,11.7,11.7,11.7,11.7,11.7,11.7,8.6,8.6,8.6,8.6,8.6,8.6,85.51,85.51,85.51,85.51,85.51,85.51,4.88,75.96,85.42,0.09,54.04,0,0,0.0,0.0,44284,38817,7.0,220.9,0,
19.7.2026,0:44:22.747,21065,12846,62.1,17426,14437,54.6,1.0,2048,20,1.072,1.060,1.060,1.090,1.060,1.085,1.075,4724.8,4691.5,4716.5,4741.4,4741.4,4741.4,4716.5,99.8,4668.2,4683.2,4665.7,4666.3,4667.6,4665.9,4667.5,4667.5,4667.0,4667.2,4666.6,4667.1,4666.6,4668.2,100.0,100.0,99.9,100.0,100.0,100.0,100.0,100.0,100.0,100.0,100.0,100.0,100.0,100.0,100.0,123.1,123.0,123.0,123.0,123.1,123.0,123.1,123.1,123.1,123.1,123.1,123.1,123.1,123.1,47.3,47.0,47.2,47.5,47.5,47.5,47.2,0.0,100.0,100.0,100.0,100.0,100.0,100.0,100.0,0.0,0.0,0.0,0.0,0.0,0.0,0.0,0.0,0.0,0.0,0.0,0.0,0.0,0.0,2395.7,24.00,40,39,39,77,116,708,1,86.0,85.0,85.4,81.8,77.3,82.7,84.5,84.3,78.8,83.4,65.0,65.0,69.2,63.0,45.0,44.0,46.0,1.065,1.015,1.100,40.793,8.052,40.794,50.000,5.469,64.729,6.723,6.414,6.847,6.801,6.876,6.638,6.763,43.475,8.172,57.663,63.291,1996.4,2395.7,4694.1,4694.1,4717.4,71.9,54.4,33.3,71.9,100.0,いいえ,いいえ,いいえ,9.938,3.214,6.0,38.0,86.9,40.0,86.0,1.088,12.197,3.456,3.328,5.040,1.072,1.024,3.440,3.328,1.808,1.024,1.120,1.032,1.792,1.104,0.776,1.824,0.256,2030,いいえ,57.4,42.8,1.110,1.110,1.815,1.800,1.005,5.040,1.125,いいえ,いいえ,いいえ,42.2,1.110,1.110,1.815,1.800,1.005,5.040,1.125,いいえ,いいえ,いいえ,37,37,いいえ,はい,15388,14039,128,128,34,100.0,いいえ,いいえ,3868,2528,9990,40,40,48,100.0,100.0,いいえ,いいえ,7031,7744,0.0,0.0,0.0,0.000,0.006,1392,1006,0.0,0.0,0.0,0.000,0.000,181182,133153,0.0,0.0,0.0,0.000,0.032,66269,77506,65.1,0.720,43.000,600.0,2400.0,1200.0,100.0,0.0,0.0,0.0,0.0,0.0,0.0,0.0,0.0,125,2,16.0,86,いいえ,いいえ,いいえ,39.9,44.0,49.6,84.0,0.865,12.319,12.326,12.279,12.343,12.328,0,0,10.393,4.684,2.384,0.271,7.846,2.518,0.136,7.989,8.123,8.208,220.000,220.000,210.0,50.6,1185.0,210.0,1290.0,210.1,50.5,1413.4,3.0,6.0,1.0,0.0,10.1,0.6,0.8,0.0,1.8,0.0,0,0,はい,いいえ,いいえ,いいえ,いいえ,はい,いいえ,4.7,5.2,0,0,0,0,0,0,0,0,0,0,0,0,0,0,0,0,0,0,0,0,0,0,0,0,0,0,0,0,0,0,11041,1241,964,112,2.5,43.7,1217.8,22.2,22.0,22.0,22.0,30.0,58.8,20.1,20.0,20.0,20.0,22.88,44.95,0.82,0.42,45.40,45.40,1.33,21.63,22.88,0.00,749.97,0,0,0.0,0.0,44284,38817,6.5,285.0,0,
19.7.2026,0:44:24.751,21063,12848,62.1,17425,14438,54.6,1.0,2048,20,1.059,1.060,1.060,1.050,1.035,1.075,1.075,4687.4,4691.5,4691.5,4666.6,4666.6,4716.5,4691.5,99.8,4677.9,4692.5,4676.7,4676.9,4676.8,4676.2,4676.6,4676.8,4676.7,4675.3,4677.0,4676.9,4676.9,4677.9,100.0,100.0,100.0,100.0,100.0,100.0,100.0,100.0,100.0,100.0,100.0,100.0,100.0,100.0,100.0,123.3,123.3,123.3,123.3,123.3,123.3,123.3,123.3,123.3,123.3,123.3,123.3,123.3,123.3,47.0,47.0,47.0,46.8,46.8,47.2,47.0,0.0,100.0,100.0,100.0,100.0,100.0,100.0,100.0,0.0,0.0,0.0,0.0,0.0,0.0,0.0,0.0,0.0,0.0,0.0,0.0,0.0,0.0,2395.7,24.00,40,39,39,77,116,708,1,86.0,85.0,84.9,81.9,77.2,82.8,84.5,84.3,78.9,83.5,65.0,65.0,69.8,63.0,45.0,44.0,46.0,1.070,1.015,1.100,40.704,8.088,40.706,50.000,5.432,64.904,6.744,6.412,6.863,6.810,6.895,6.693,6.789,43.586,8.209,57.770,63.443,1996.4,2395.7,4702.5,4702.5,4726.9,72.1,54.3,33.3,72.1,100.0,いいえ,いいえ,いいえ,10.637,3.307,6.0,38.0,85.9,40.0,85.0,1.088,12.197,3.456,3.328,5.040,1.064,1.024,3.440,3.328,1.808,1.024,1.120,1.040,1.792,1.104,0.768,1.824,0.248,2030,いいえ,57.4,42.8,1.110,1.110,1.815,1.800,1.005,5.040,0.750,いいえ,いいえ,いいえ,42.2,1.110,1.110,1.815,1.800,1.005,5.040,1.125,いいえ,いいえ,いいえ,37,37,いいえ,はい,15388,14039,128,128,34,100.0,いいえ,いいえ,3868,2528,9990,40,40,48,100.0,100.0,いいえ,いいえ,7031,7744,0.0,0.1,0.1,0.000,0.008,1392,1006,0.0,0.0,0.0,0.000,0.000,181182,133153,0.0,0.0,0.0,0.000,0.000,66269,77506,65.2,0.720,44.000,600.0,2400.0,1200.0,100.0,0.0,0.0,0.0,0.0,0.0,0.0,0.0,0.0,125,2,16.0,86,いいえ,いいえ,いいえ,39.8,44.0,49.6,84.0,0.865,12.314,12.322,12.273,12.339,12.323,0,0,10.510,4.662,2.272,0.271,7.867,2.406,0.136,8.007,8.142,8.198,220.000,220.000,210.0,50.6,1185.0,210.0,1290.0,210.1,50.5,1413.0,2.0,6.0,1.0,0.0,10.1,0.7,0.8,0.0,2.1,0.0,0,0,はい,いいえ,いいえ,いいえ,いいえ,はい,いいえ,4.7,5.0,0,0,0,0,0,0,0,0,0,0,0,0,0,0,0,0,0,0,0,0,0,0,0,0,0,0,0,0,0,0,11041,1241,964,112,2.5,17.7,17.7,17.7,17.7,17.7,17.7,2.9,2.9,2.9,2.9,2.9,2.9,56.59,56.59,56.59,56.59,56.59,56.59,0.65,0.01,56.48,0.11,19.33,0,0,0.0,0.0,44284,38818,6.8,250.4,0,
19.7.2026,0:44:26.758,21063,12848,62.1,17423,14440,54.6,1.0,2048,20,1.046,1.045,1.035,1.025,1.050,1.060,1.060,4662.4,4666.6,4591.7,4666.6,4666.6,4691.5,4691.5,99.8,4676.7,4691.6,4676.0,4676.0,4675.9,4674.7,4675.3,4675.4,4675.4,4675.3,4674.3,4674.9,4675.0,4676.7,100.0,100.0,100.0,100.0,100.0,100.0,100.0,100.0,100.0,100.0,100.0,100.0,100.0,100.0,100.0,123.3,123.3,123.3,123.3,123.3,123.3,123.3,123.3,123.3,123.3,123.3,123.3,123.3,123.3,46.7,46.8,46.0,46.8,46.8,47.0,47.0,0.0,100.0,100.0,100.0,100.0,100.0,100.0,100.0,0.0,0.0,0.0,0.0,0.0,0.0,0.0,0.0,0.0,0.0,0.0,0.0,0.0,0.0,2395.7,24.00,40,39,39,77,116,708,1,85.9,85.0,85.5,81.8,77.2,82.6,84.4,83.9,78.9,83.6,65.0,65.0,69.5,62.8,45.0,44.0,46.0,1.070,1.015,1.100,40.550,7.972,40.547,50.000,5.442,64.506,6.707,6.399,6.823,6.749,6.749,6.691,6.831,43.396,8.091,57.474,63.092,1996.4,2395.7,4702.0,4702.0,4724.7,71.7,54.1,33.3,71.7,100.0,いいえ,いいえ,いいえ,10.054,2.903,6.0,38.0,85.9,40.0,85.0,1.072,12.197,3.456,3.328,5.040,1.072,1.024,3.440,3.328,1.808,1.024,1.120,1.040,1.792,1.104,0.768,1.824,0.256,2011,いいえ,57.4,42.8,1.110,1.110,1.815,1.815,1.005,5.040,0.875,いいえ,いいえ,いいえ,42.2,1.110,1.110,1.815,1.800,1.005,5.040,1.000,いいえ,いいえ,いいえ,37,37,いいえ,はい,15388,14039,128,128,34,100.0,いいえ,いいえ,3868,2528,9990,40,40,48,100.0,100.0,いいえ,いいえ,7031,7744,0.0,0.0,0.0,0.000,0.000,1392,1006,0.0,0.0,0.0,0.000,0.000,181182,133153,0.0,0.0,0.0,0.000,0.000,66269,77506,65.1,0.720,37.000,600.0,2400.0,1200.0,100.0,0.0,0.0,0.0,0.0,0.0,0.0,0.0,0.0,125,2,16.0,86,いいえ,いいえ,いいえ,39.9,44.0,49.5,84.0,0.865,12.320,12.327,12.279,12.344,12.329,0,0,10.608,4.718,2.467,0.271,7.895,2.605,0.136,8.047,8.114,8.210,220.000,220.000,210.0,50.6,1185.0,210.0,1290.0,210.0,50.5,1414.3,1.0,6.0,0.0,0.0,10.1,0.7,0.9,0.0,1.7,0.0,0,0,はい,いいえ,いいえ,いいえ,いいえ,はい,いいえ,4.8,5.5,0,0,0,0,0,0,0,0,0,0,0,0,0,0,0,0,0,0,0,0,0,0,0,0,0,0,0,0,0,0,11041,1241,964,112,2.5,0.5,0.5,0.5,0.5,0.5,0.5,0.5,0.5,0.5,0.5,0.5,0.5,1983.36,1983.36,1983.36,1983.36,1983.36,1983.36,12.35,854.54,1983.36,0.00,960.98,0,0,0.0,0.0,44284,38818,6.6,188.8,0,
19.7.2026,0:44:28.749,21063,12848,62.1,17423,14440,54.6,1.0,2048,20,1.068,1.060,1.075,1.075,1.075,1.050,1.075,4699.9,4691.5,4716.5,4666.6,4716.5,4666.6,4741.4,99.8,4685.7,4699.8,4683.7,4684.5,4684.5,4683.9,4684.3,4684.5,4684.7,4684.3,4684.9,4684.8,4684.8,4685.7,100.0,100.0,100.0,100.0,100.0,100.0,100.0,100.0,100.0,100.0,100.0,100.0,100.0,100.0,100.0,123.5,123.5,123.5,123.5,123.5,123.5,123.5,123.5,123.5,123.5,123.5,123.5,123.5,123.5,47.1,47.0,47.2,46.8,47.2,46.8,47.5,0.0,100.0,100.0,100.0,100.0,100.0,100.0,100.0,0.0,0.0,0.0,0.0,0.0,0.0,0.0,0.0,0.0,0.0,0.0,0.0,0.0,0.0,2395.7,24.00,40,39,39,77,116,708,1,86.0,85.0,84.9,81.8,77.2,82.7,84.4,84.2,78.8,83.7,65.1,65.1,70.2,63.0,45.0,44.0,46.0,1.074,1.015,1.100,40.532,8.011,40.538,49.000,5.455,64.809,6.719,6.424,6.807,6.758,6.832,6.642,6.848,43.569,8.131,57.701,63.370,1996.4,2395.7,4710.4,4710.4,4733.7,72.0,54.1,32.7,72.0,100.0,いいえ,いいえ,いいえ,10.694,3.030,6.0,38.0,86.0,40.0,86.0,1.080,12.197,3.440,3.328,5.040,1.072,1.024,3.440,3.328,1.808,1.024,1.120,1.040,1.792,1.104,0.776,1.824,0.256,2014,いいえ,57.4,42.8,1.110,1.110,1.815,1.815,1.005,5.040,1.125,いいえ,いいえ,いいえ,42.2,1.110,1.110,1.815,1.815,1.005,5.040,0.875,いいえ,いいえ,いいえ,37,37,いいえ,はい,15388,14039,128,128,34,100.0,いいえ,いいえ,3868,2528,9990,40,40,48,100.0,100.0,いいえ,いいえ,7031,7744,0.0,0.1,0.1,0.000,0.014,1392,1006,0.0,0.0,0.0,0.000,0.000,181182,133153,0.0,0.0,0.0,0.000,0.008,66269,77506,65.1,0.720,39.000,600.0,2400.0,1200.0,100.0,0.0,0.0,0.0,0.0,0.0,0.0,0.0,0.0,125,2,16.0,86,いいえ,いいえ,いいえ,39.9,44.0,49.6,84.0,0.865,12.318,12.325,12.278,12.343,12.327,0,0,10.760,4.751,2.529,0.296,7.907,2.678,0.148,8.053,8.214,8.181,220.000,220.000,210.0,50.6,1185.0,210.0,1290.0,209.9,50.5,1413.6,3.0,6.0,1.0,0.0,10.1,0.6,0.8,0.0,1.6,0.0,0,0,はい,いいえ,いいえ,いいえ,いいえ,はい,いいえ,4.8,5.5,0,0,0,0,0,0,0,0,0,0,0,0,0,0,0,0,0,0,0,0,0,0,0,0,0,0,0,0,0,0,11041,1241,964,111,2.5,0.6,0.6,0.6,0.6,0.6,0.6,0.6,0.6,0.6,0.6,0.6,0.6,1616.67,1616.67,1616.67,1616.67,1616.67,1616.67,2.61,614.11,1616.67,0.00,1216.59,0,0,0.0,0.0,44284,38818,6.2,180.5,0,
19.7.2026,0:44:30.757,21060,12851,62.1,17423,14440,54.6,1.0,2048,20,1.043,1.045,1.050,1.050,1.045,1.035,1.035,4658.3,4641.6,4666.6,4666.6,4666.6,4641.6,4666.6,99.8,4681.7,4696.5,4680.9,4680.6,4680.7,4680.0,4680.6,4680.6,4680.4,4680.5,4680.6,4678.1,4680.4,4681.7,100.0,100.0,100.0,100.0,100.0,100.0,100.0,100.0,100.0,100.0,100.0,100.0,100.0,100.0,100.0,123.4,123.4,123.4,123.4,123.4,123.4,123.4,123.4,123.4,123.4,123.4,123.4,123.4,123.4,46.7,46.5,46.8,46.8,46.8,46.5,46.8,0.0,100.0,100.0,100.0,100.0,100.0,100.0,100.0,0.0,0.0,0.0,0.0,0.0,0.0,0.0,0.0,0.0,0.0,0.0,0.0,0.0,0.0,2395.7,24.00,40,39,39,77,116,708,1,86.0,85.0,84.0,81.8,77.3,82.7,84.6,84.2,78.7,83.5,65.1,65.1,69.5,62.8,45.0,44.0,46.0,1.072,1.015,1.100,40.602,7.887,40.597,48.500,5.435,64.614,6.707,6.415,6.810,6.789,6.811,6.623,6.794,43.552,8.005,57.536,63.176,1996.4,2395.7,4706.9,4706.9,4729.9,71.8,54.1,32.3,71.8,100.0,いいえ,いいえ,いいえ,10.416,2.956,6.0,38.0,86.0,40.0,86.0,1.048,12.197,3.456,3.328,5.040,1.064,1.024,3.440,3.328,1.808,1.024,1.120,1.040,1.792,1.104,0.768,1.824,0.248,2033,いいえ,57.4,42.8,1.110,1.110,1.815,1.815,1.005,5.040,0.750,いいえ,いいえ,いいえ,42.2,1.110,1.110,1.815,1.815,1.005,4.970,0.875,いいえ,いいえ,いいえ,37,37,いいえ,はい,15388,14039,128,128,34,100.0,いいえ,いいえ,3868,2528,9990,40,40,48,100.0,100.0,いいえ,いいえ,7031,7744,0.0,0.0,0.0,0.000,0.000,1392,1006,0.0,0.0,0.0,0.000,0.000,181182,133153,0.0,0.0,0.0,0.000,0.000,66269,77506,65.1,0.720,37.000,600.0,2400.0,1200.0,100.0,0.0,0.0,0.0,0.0,0.0,0.0,0.0,0.0,125,2,16.0,86,いいえ,いいえ,いいえ,39.9,44.0,49.7,84.0,0.865,12.311,12.319,12.269,12.336,12.319,0,0,10.459,4.726,2.600,0.271,7.840,2.739,0.136,7.994,8.066,8.165,220.000,220.000,210.0,50.6,1185.0,210.0,1290.0,210.0,50.5,1413.9,4.0,6.0,2.0,0.0,10.1,0.6,0.7,0.0,1.7,0.0,0,0,はい,いいえ,いいえ,いいえ,いいえ,はい,いいえ,4.8,5.2,0,0,0,0,0,0,0,0,0,0,0,0,0,0,0,0,0,0,0,0,0,0,0,0,0,0,0,0,0,0,11041,1241,964,111,2.5,0.6,0.6,0.6,0.6,0.6,0.6,0.6,0.6,0.6,0.6,0.6,0.6,1616.67,1616.67,1616.67,1616.67,1616.67,1616.67,2.61,614.11,1616.67,0.00,1216.59,0,0,0.0,0.0,44284,38819,6.0,153.5,0,
19.7.2026,0:44:32.749,21062,12848,62.1,17424,14439,54.6,1.0,2048,20,1.082,1.090,1.075,1.075,1.075,1.100,1.075,4729.0,4741.4,4716.5,4716.5,4716.5,4791.4,4691.5,99.8,4678.0,4692.4,4676.9,4676.7,4676.4,4675.9,4676.9,4676.9,4676.4,4676.8,4677.1,4676.5,4677.0,4678.0,100.0,100.0,100.0,100.0,100.0,100.0,100.0,100.0,100.0,100.0,100.0,100.0,100.0,100.0,100.0,123.3,123.3,123.3,123.3,123.3,123.3,123.3,123.3,123.3,123.3,123.3,123.3,123.3,123.3,47.4,47.5,47.2,47.2,47.2,48.0,47.0,0.0,100.0,100.0,100.0,100.0,100.0,100.0,100.0,0.0,0.0,0.0,0.0,0.0,0.0,0.0,0.0,0.0,0.0,0.0,0.0,0.0,0.0,2395.7,24.00,40,39,39,77,116,708,1,86.0,85.0,86.2,81.7,77.0,82.8,84.4,84.1,78.5,83.3,65.0,65.0,70.2,62.8,45.0,44.0,46.0,1.070,1.015,1.100,40.528,7.930,40.528,50.500,5.443,64.474,6.676,6.371,6.827,6.766,6.798,6.584,6.713,43.399,8.049,57.434,63.075,1996.4,2395.7,4703.1,4703.1,4727.2,71.7,54.0,33.7,71.7,100.0,いいえ,いいえ,いいえ,10.285,3.219,6.0,38.0,86.0,40.0,86.0,1.024,12.197,3.456,3.328,5.040,1.072,1.024,3.440,3.328,1.808,1.024,1.120,1.040,1.792,1.104,0.776,1.824,0.256,2033,いいえ,57.4,42.8,1.110,1.110,1.815,1.815,1.005,5.040,0.875,いいえ,いいえ,いいえ,42.2,1.110,1.110,1.815,1.815,1.005,5.040,1.000,いいえ,いいえ,いいえ,37,37,いいえ,はい,15388,14039,128,128,34,100.0,いいえ,いいえ,3868,2528,9990,40,40,48,100.0,100.0,いいえ,いいえ,7031,7744,0.0,0.1,0.1,0.000,0.010,1392,1006,0.0,0.0,0.0,0.000,0.000,181182,133153,0.0,0.0,0.0,0.000,0.030,66269,77506,65.1,0.720,41.000,600.0,2400.0,1200.0,100.0,0.0,0.0,0.0,0.0,0.0,0.0,0.0,0.0,125,2,16.0,86,いいえ,いいえ,いいえ,39.9,44.0,49.6,84.0,0.865,12.316,12.324,12.275,12.341,12.325,0,0,10.536,4.703,2.492,0.271,7.856,2.629,0.136,8.007,8.067,8.166,220.000,220.000,210.0,50.6,1185.0,210.0,1290.0,210.0,50.5,1412.8,4.0,6.0,3.0,0.0,10.1,0.7,0.8,0.0,1.9,0.0,0,0,はい,いいえ,いいえ,いいえ,いいえ,はい,いいえ,4.8,5.5,0,0,0,0,0,0,0,0,0,0,0,0,0,0,0,0,0,0,0,0,0,0,0,0,0,0,0,0,0,0,11041,1241,964,112,2.5,1.4,68.5,0.7,0.7,0.7,0.7,1.4,32.7,0.7,0.7,0.7,0.7,700.22,1385.85,14.60,2.00,1399.84,1399.84,5.45,202.21,700.22,0.00,1074.89,0,0,0.0,0.0,44284,38819,6.4,324.8,0,
19.7.2026,0:44:34.756,21059,12852,62.1,17419,14444,54.6,1.0,2048,20,1.086,1.110,1.075,1.075,1.090,1.090,1.075,4733.1,4766.4,4716.5,4716.5,4741.4,4741.4,4716.5,99.8,4676.7,4691.0,4675.4,4675.1,4674.9,4674.7,4675.2,4675.4,4675.5,4675.5,4675.8,4675.7,4675.7,4676.7,100.0,100.0,100.0,100.0,100.0,100.0,100.0,100.0,100.0,100.0,100.0,100.0,100.0,100.0,100.0,123.3,123.3,123.3,123.3,123.3,123.3,123.3,123.3,123.3,123.3,123.3,123.3,123.3,123.3,47.4,47.8,47.2,47.2,47.5,47.5,47.2,0.0,100.0,100.0,100.0,100.0,100.0,100.0,100.0,0.0,0.0,0.0,0.0,0.0,0.0,0.0,0.0,0.0,0.0,0.0,0.0,0.0,0.0,2395.7,24.00,40,39,39,77,116,708,1,86.0,85.0,85.4,81.6,77.0,82.4,84.7,84.2,78.3,83.1,64.9,64.9,69.2,62.9,45.0,44.0,46.0,1.069,1.015,1.100,40.394,8.033,40.393,49.500,5.448,64.416,6.685,6.381,6.727,6.888,6.883,6.534,6.698,43.221,8.153,57.368,63.021,1996.4,2395.7,4701.5,4701.5,4724.8,71.6,53.9,33.0,71.6,100.0,いいえ,いいえ,いいえ,10.445,3.218,6.0,38.0,86.0,40.0,86.0,1.104,12.197,3.440,3.328,5.040,1.072,1.024,3.440,3.328,1.808,1.024,1.120,1.040,1.792,1.104,0.768,1.824,0.256,2036,いいえ,57.4,42.8,1.110,1.110,1.815,1.815,1.005,5.040,0.875,いいえ,いいえ,いいえ,42.2,1.110,1.110,1.815,1.815,1.005,5.040,1.375,いいえ,いいえ,いいえ,37,37,いいえ,はい,15388,14039,128,128,34,100.0,いいえ,いいえ,3868,2528,9990,40,40,48,100.0,100.0,いいえ,いいえ,7031,7744,0.0,0.0,0.0,0.000,0.000,1392,1006,0.0,0.0,0.0,0.000,0.000,181182,133153,0.0,0.0,0.0,0.000,0.020,66269,77506,65.1,0.720,46.000,600.0,2400.0,1200.0,100.0,0.0,0.0,0.0,0.0,0.0,0.0,0.0,0.0,125,2,16.0,86,いいえ,いいえ,いいえ,39.9,44.0,49.7,84.0,0.865,12.312,12.320,12.272,12.336,12.321,0,0,10.425,4.780,2.767,0.296,7.866,2.911,0.148,8.016,8.071,8.163,220.000,220.000,210.0,50.6,1185.0,210.0,1290.0,209.9,50.5,1413.2,2.0,6.0,1.0,0.0,10.1,0.6,0.8,0.0,1.6,0.0,0,0,はい,いいえ,いいえ,いいえ,いいえ,はい,いいえ,4.9,5.4,0,0,0,0,0,0,0,0,0,0,0,0,0,0,0,0,0,0,0,0,0,0,0,0,0,0,0,0,0,0,11041,1241,964,112,2.5,1.4,2.4,1.0,1.0,1.0,1.0,1.4,2.4,1.0,1.0,1.0,1.0,708.15,993.96,422.34,417.09,999.79,999.79,4.88,303.39,708.15,0.00,516.41,0,0,0.0,0.0,44284,38820,6.4,168.5,0,
19.7.2026,0:44:36.748,21063,12848,62.1,17420,14443,54.6,1.0,2048,20,1.086,1.105,1.115,1.105,1.040,1.060,1.090,4729.0,4741.4,4766.4,4766.4,4691.5,4691.5,4716.5,99.8,4689.4,4703.8,4688.3,4688.3,4688.1,4687.5,4688.2,4688.2,4688.2,4688.0,4688.0,4687.8,4687.9,4689.4,100.0,100.0,100.0,100.0,100.0,100.0,100.0,100.0,100.0,100.0,100.0,100.0,100.0,100.0,100.0,123.6,123.6,123.6,123.6,123.6,123.6,123.6,123.6,123.6,123.6,123.6,123.6,123.6,123.6,47.4,47.5,47.8,47.8,47.0,47.0,47.2,0.0,100.0,100.0,100.0,100.0,100.0,100.0,100.0,0.0,0.0,0.0,0.0,0.0,0.0,0.0,0.0,0.0,0.0,0.0,0.0,0.0,0.0,2395.7,24.00,40,39,39,77,116,708,1,86.0,85.0,85.4,81.7,76.9,82.5,84.6,84.2,78.6,83.3,65.0,65.0,69.5,62.9,45.0,44.0,46.0,1.076,1.015,1.100,40.423,7.972,40.429,48.500,5.457,64.768,6.689,6.326,6.739,6.837,6.851,6.626,6.757,43.516,8.091,57.610,63.285,1996.4,2395.7,4714.1,4714.1,4737.3,71.9,53.9,32.3,71.9,100.0,いいえ,いいえ,いいえ,10.822,2.966,6.0,38.0,86.0,40.0,86.0,1.144,12.197,3.456,3.328,5.040,1.072,1.024,3.440,3.328,1.808,1.024,1.120,1.040,1.792,1.096,0.768,1.824,0.256,2033,いいえ,57.4,42.8,1.110,1.110,1.815,1.815,1.005,5.040,0.750,いいえ,いいえ,いいえ,42.2,1.110,1.110,1.815,1.815,1.005,5.040,0.875,いいえ,いいえ,いいえ,37,37,いいえ,はい,15388,14039,128,128,34,100.0,いいえ,いいえ,3868,2528,9990,40,40,48,100.0,100.0,いいえ,いいえ,7031,7744,0.0,0.0,0.0,0.000,0.006,1392,1006,0.0,0.0,0.0,0.000,0.000,181182,133153,0.0,0.1,0.1,0.000,0.012,66269,77506,65.1,0.720,39.000,600.0,2400.0,1200.0,100.0,0.0,0.0,0.0,0.0,0.0,0.0,0.0,0.0,125,2,16.0,86,いいえ,いいえ,いいえ,39.9,44.0,49.7,84.0,0.865,12.317,12.323,12.277,12.342,12.325,0,0,10.614,5.020,2.821,0.296,7.869,2.974,0.148,8.030,9.745,8.276,220.000,220.000,210.0,50.6,1185.0,210.0,1290.0,209.9,50.5,1413.4,4.0,6.0,2.0,0.0,10.1,0.9,1.3,0.0,2.4,0.0,0,0,はい,いいえ,いいえ,いいえ,いいえ,はい,いいえ,4.9,5.0,0,0,0,0,0,0,0,0,0,0,0,0,0,0,0,0,0,0,0,0,0,0,0,0,0,0,0,0,0,0,11041,1241,964,112,2.5,1.5,15.2,0.6,0.6,0.6,0.6,1.0,3.4,0.6,0.6,0.6,0.6,666.45,1653.96,65.84,62.36,1682.51,1682.51,7.31,83.70,666.35,0.10,404.12,0,0,0.0,0.0,44284,38820,7.0,239.1,0,
19.7.2026,0:44:38.757,21061,12850,62.1,17413,14450,54.6,1.0,2048,20,1.050,1.075,1.035,1.010,1.040,1.050,1.090,4679.1,4716.5,4591.7,4591.7,4666.6,4741.4,4766.4,99.8,4675.0,4690.4,4674.5,4674.4,4673.4,4673.3,4673.7,4674.0,4673.9,4674.6,4672.5,4672.3,4673.5,4675.0,100.0,99.9,100.0,100.0,100.0,100.0,100.0,100.0,100.0,100.0,100.0,100.0,100.0,100.0,100.0,123.2,123.1,123.3,123.3,123.2,123.2,123.2,123.2,123.2,123.3,123.2,123.2,123.2,123.2,46.9,47.2,46.0,46.0,46.8,47.5,47.8,0.0,100.0,100.0,100.0,100.0,100.0,100.0,100.0,0.0,0.0,0.0,0.0,0.0,0.0,0.0,0.0,0.0,0.0,0.0,0.0,0.0,0.0,2395.7,24.00,40,39,39,77,116,708,1,86.0,85.0,84.9,81.8,77.2,82.7,84.5,84.3,78.8,83.3,64.9,64.9,70.0,63.0,45.0,44.0,46.0,1.069,1.015,1.100,40.753,7.946,40.749,52.500,5.452,64.654,6.730,6.422,6.844,6.799,6.903,6.662,6.750,43.579,8.065,57.641,63.240,1996.4,2395.7,4701.2,4701.2,4724.2,71.9,54.3,35.0,71.9,100.0,いいえ,いいえ,いいえ,9.536,3.221,6.0,38.0,85.9,40.0,85.0,1.072,12.144,3.456,3.328,5.040,1.072,1.024,3.440,3.328,1.808,1.024,1.120,1.040,1.792,1.104,0.768,1.824,0.256,2014,いいえ,57.4,42.8,1.110,1.110,1.815,1.800,1.005,5.040,0.875,いいえ,いいえ,いいえ,42.2,1.110,1.110,1.815,1.800,1.005,5.040,0.875,いいえ,いいえ,いいえ,37,37,いいえ,はい,15388,14039,128,128,34,100.0,いいえ,いいえ,3868,2528,9990,40,40,48,100.0,100.0,いいえ,いいえ,7031,7744,0.0,0.1,0.1,0.000,0.008,1392,1006,0.0,0.0,0.0,0.000,0.000,181182,133153,0.2,0.3,0.6,0.432,1.208,66270,77508,65.1,0.720,39.000,600.0,2400.0,1200.0,100.0,0.0,0.0,0.0,0.0,0.0,0.0,0.0,0.0,125,2,16.0,86,いいえ,いいえ,いいえ,39.9,46.0,49.6,84.0,0.865,12.321,12.328,12.282,12.346,12.329,0,0,10.662,4.683,2.400,0.271,7.873,2.543,0.136,8.025,8.054,8.164,220.000,220.000,210.0,50.6,1185.0,210.0,1290.0,209.9,50.5,1413.5,1.0,6.0,0.0,0.0,10.1,0.7,0.9,0.0,2.1,0.0,0,0,はい,いいえ,いいえ,いいえ,いいえ,はい,いいえ,4.7,5.1,0,0,0,0,0,0,0,0,0,0,0,0,0,0,0,0,0,0,0,0,0,0,0,0,0,0,0,0,0,0,11041,1241,964,112,2.5,1.5,11.8,0.6,0.5,0.5,0.5,1.4,8.6,0.6,0.5,0.5,0.5,673.97,1805.31,84.91,84.69,1840.17,1840.17,8.18,96.61,673.87,0.10,1144.78,0,0,0.0,0.0,44284,38821,7.7,315.4,0,
19.7.2026,0:44:40.750,21047,12864,62.0,17414,14449,54.6,1.0,2048,20,1.038,1.035,1.025,1.035,1.025,1.050,1.060,4662.4,4666.6,4641.6,4641.6,4616.7,4691.5,4716.5,99.8,4660.4,4674.8,4659.2,4659.2,4659.2,4658.6,4659.0,4658.9,4659.1,4659.2,4659.2,4659.0,4659.1,4660.4,100.0,100.0,100.0,100.0,100.0,100.0,100.0,100.0,100.0,100.0,100.0,100.0,100.0,100.0,100.0,122.8,122.8,122.8,122.8,122.8,122.8,122.8,122.8,122.8,122.8,122.8,122.8,122.8,122.8,46.7,46.8,46.5,46.5,46.2,47.0,47.2,0.0,100.0,100.0,100.0,100.0,100.0,100.0,100.0,0.0,0.0,0.0,0.0,0.0,0.0,0.0,0.0,0.0,0.0,0.0,0.0,0.0,0.0,2395.7,24.00,40,39,39,77,116,708,1,85.9,85.0,84.4,81.8,77.0,82.5,84.5,84.4,78.9,83.6,65.0,65.0,69.8,62.8,45.0,44.0,46.0,1.060,1.015,1.100,41.112,8.049,41.112,52.500,5.459,64.823,6.762,6.443,6.875,6.797,6.919,6.705,6.833,43.609,8.169,57.784,63.382,1996.4,2395.7,4685.2,4685.2,4708.6,72.0,54.8,35.0,72.0,100.0,いいえ,いいえ,いいえ,9.393,3.229,6.0,38.0,85.9,40.0,85.0,1.112,12.197,3.440,3.312,5.040,1.072,1.024,3.440,3.328,1.808,1.024,1.120,1.032,1.792,1.104,0.768,1.824,0.256,2036,いいえ,57.4,43.0,1.110,1.110,1.815,1.800,1.005,5.040,0.875,いいえ,いいえ,いいえ,42.5,1.110,1.110,1.815,1.800,1.005,5.040,0.875,いいえ,いいえ,いいえ,37,37,いいえ,はい,15388,14039,128,128,34,100.0,いいえ,いいえ,3868,2528,9990,40,40,48,100.0,100.0,いいえ,いいえ,7031,7744,0.0,0.0,0.0,0.000,0.000,1392,1006,0.0,0.0,0.0,0.000,0.000,181182,133153,0.0,0.2,0.2,0.000,1.266,66270,77511,65.1,0.720,41.000,600.0,2400.0,1200.0,100.0,0.0,0.0,0.0,0.0,0.0,0.0,0.0,0.0,125,2,16.0,86,いいえ,いいえ,いいえ,39.9,44.0,49.6,84.0,0.865,12.312,12.320,12.271,12.335,12.320,0,0,10.755,4.669,2.402,0.271,7.829,2.529,0.136,7.968,8.051,8.167,220.000,220.000,210.0,50.6,1185.0,210.0,1290.0,210.0,50.5,1413.5,2.0,6.0,1.0,0.0,10.1,0.7,0.9,0.0,1.9,0.0,0,0,はい,いいえ,いいえ,いいえ,いいえ,はい,いいえ,4.7,5.0,0,0,0,0,0,0,0,0,0,0,0,0,0,0,0,0,0,0,0,0,0,0,0,0,0,0,0,0,0,0,11041,1241,964,107,2.5,1.5,11.8,0.6,0.5,0.5,0.5,1.4,8.6,0.6,0.5,0.5,0.5,673.97,1805.31,84.91,84.69,1840.17,1840.17,8.18,96.61,673.87,0.10,1144.78,0,0,0.0,0.0,44284,38821,6.6,193.2,0,
19.7.2026,0:44:42.745,21041,12869,62.0,17414,14448,54.6,1.0,2048,20,1.071,1.035,1.090,1.075,1.075,1.075,1.075,4720.7,4716.5,4716.5,4716.5,4716.5,4741.4,4716.5,99.8,4678.5,4692.6,4677.0,4677.2,4677.2,4676.4,4677.2,4677.3,4677.4,4677.4,4677.5,4677.4,4677.4,4678.5,100.0,100.0,100.0,100.0,100.0,100.0,100.0,100.0,100.0,100.0,100.0,100.0,100.0,100.0,100.0,123.3,123.3,123.3,123.3,123.3,123.3,123.3,123.3,123.3,123.3,123.3,123.3,123.3,123.3,47.3,47.2,47.2,47.2,47.2,47.5,47.2,0.0,100.0,100.0,100.0,100.0,100.0,100.0,100.0,0.0,0.0,0.0,0.0,0.0,0.0,0.0,0.0,0.0,0.0,0.0,0.0,0.0,0.0,2395.7,24.00,40,39,39,77,116,708,1,85.9,85.0,85.4,81.7,76.6,82.5,84.6,84.4,78.4,83.5,65.0,65.0,69.5,63.0,45.0,44.0,46.0,1.070,1.015,1.100,40.858,7.960,40.856,49.000,5.471,64.893,6.756,6.448,6.927,6.826,6.917,6.617,6.800,43.727,8.080,57.825,63.436,1996.4,2395.7,4702.5,4702.5,4726.2,72.1,54.5,32.7,72.1,100.0,いいえ,いいえ,いいえ,9.965,2.936,6.0,38.0,85.9,40.0,85.0,1.104,12.197,3.456,3.328,5.040,1.072,1.024,3.440,3.328,1.808,1.024,1.120,1.040,1.792,1.104,0.768,1.824,0.256,2008,いいえ,57.4,42.8,1.110,1.110,1.815,1.800,1.005,5.040,0.750,いいえ,いいえ,いいえ,42.5,1.110,1.110,1.815,1.800,1.005,4.970,0.625,いいえ,いいえ,いいえ,37,37,いいえ,はい,15388,14039,128,128,34,100.0,いいえ,いいえ,3868,2528,9990,40,40,48,100.0,100.0,いいえ,いいえ,7031,7744,0.0,0.2,0.2,0.000,0.018,1392,1006,0.0,0.0,0.0,0.000,0.000,181182,133153,0.0,0.4,0.4,0.002,3.940,66270,77518,65.1,0.720,39.000,600.0,2400.0,1200.0,100.0,0.0,0.0,0.0,0.0,0.0,0.0,0.0,0.0,125,2,16.0,86,いいえ,いいえ,いいえ,39.9,44.0,49.7,84.0,0.865,12.316,12.326,12.275,12.340,12.324,0,0,10.420,4.777,2.823,0.247,7.856,2.949,0.123,7.989,8.057,8.168,220.000,220.000,210.0,50.6,1185.0,210.0,1290.0,210.0,50.5,1414.9,6.0,6.0,3.0,0.0,10.1,0.8,0.9,0.0,2.1,0.0,0,0,はい,いいえ,いいえ,いいえ,いいえ,はい,いいえ,4.9,5.1,0,0,0,0,0,0,0,0,0,0,0,0,0,0,0,0,0,0,0,0,0,0,0,0,0,0,0,0,0,0,11041,1241,964,107,2.5,1.5,11.8,0.6,0.5,0.5,0.5,1.4,8.6,0.6,0.5,0.5,0.5,673.97,1805.31,84.91,84.69,1840.17,1840.17,8.18,96.61,673.87,0.10,1144.78,0,0,0.0,0.0,44284,38821,6.7,200.3,0,
19.7.2026,0:44:44.757,21039,12872,62.0,17424,14439,54.6,1.0,2048,20,1.098,1.060,1.105,1.105,1.105,1.105,1.105,4749.8,4691.5,4766.4,4766.4,4766.4,4766.4,4741.4,99.8,4667.0,4681.5,4665.8,4665.5,4665.5,4665.1,4665.6,4665.8,4665.8,4666.0,4666.0,4665.7,4665.9,4667.0,100.0,100.0,100.0,100.0,100.0,100.0,100.0,100.0,100.0,100.0,100.0,100.0,100.0,100.0,100.0,123.0,123.0,123.0,123.0,123.0,123.0,123.0,123.0,123.0,123.0,123.0,123.0,123.0,123.0,47.6,47.0,47.8,47.8,47.8,47.8,47.5,0.0,100.0,100.0,100.0,100.0,100.0,100.0,100.0,0.0,0.0,0.0,0.0,0.0,0.0,0.0,0.0,0.0,0.0,0.0,0.0,0.0,0.0,2395.7,24.00,40,39,39,77,116,708,1,85.9,85.0,85.9,81.7,76.8,82.4,84.6,84.3,78.7,83.4,64.9,64.9,70.0,63.0,45.0,44.0,46.0,1.064,1.015,1.100,40.701,7.946,40.705,51.500,5.459,64.405,6.692,6.305,6.731,6.843,6.878,6.647,6.751,43.323,8.066,57.394,63.001,1996.4,2395.7,4692.1,4692.1,4715.9,71.6,54.3,34.3,71.6,100.0,いいえ,いいえ,いいえ,9.554,3.071,6.0,38.0,85.9,40.0,85.0,1.080,12.197,3.456,3.328,5.040,1.072,1.024,3.440,3.328,1.808,1.024,1.120,1.040,1.792,1.104,0.768,1.824,0.248,2033,いいえ,57.4,42.8,1.095,1.110,1.815,1.800,1.005,5.040,0.750,いいえ,いいえ,いいえ,42.5,1.110,1.110,1.815,1.800,1.005,5.040,0.875,いいえ,いいえ,いいえ,37,37,いいえ,はい,15388,14039,128,128,34,100.0,いいえ,いいえ,3868,2528,9990,40,40,48,100.0,100.0,いいえ,いいえ,7031,7744,0.0,0.0,0.0,0.000,0.000,1392,1006,0.0,0.0,0.0,0.000,0.000,181182,133153,0.0,0.1,0.1,0.000,0.338,66270,77519,65.1,0.720,37.000,600.0,2400.0,1200.0,100.0,0.0,0.0,0.0,0.0,0.0,0.0,0.0,0.0,125,2,16.0,86,いいえ,いいえ,いいえ,39.9,44.0,49.7,84.0,0.865,12.312,12.321,12.270,12.337,12.321,0,0,10.220,4.598,2.187,0.222,7.816,2.295,0.111,7.937,8.048,8.170,220.000,220.000,210.0,50.6,1185.0,210.0,1290.0,210.0,50.5,1414.1,2.0,6.0,1.0,0.0,10.1,0.6,0.7,0.0,1.6,0.0,0,0,はい,いいえ,いいえ,いいえ,いいえ,はい,いいえ,4.6,5.5,0,0,0,0,0,0,0,0,0,0,0,0,0,0,0,0,0,0,0,0,0,0,0,0,0,0,0,0,0,0,11041,1241,964,107,2.5,1.5,11.8,0.6,0.5,0.5,0.5,1.4,8.6,0.6,0.5,0.5,0.5,673.97,1805.31,84.91,84.69,1840.17,1840.17,8.18,96.61,673.87,0.10,1144.78,0,0,0.0,0.0,44284,38822,6.9,345.7,0,
19.7.2026,0:44:46.747,21034,12876,62.0,17421,14442,54.6,1.0,2048,20,1.055,1.050,1.060,1.060,1.075,1.035,1.050,4687.4,4691.5,4716.5,4691.5,4716.5,4666.6,4641.6,99.8,4655.1,4669.4,4653.9,4653.8,4653.9,4653.3,4653.8,4654.0,4653.8,4653.8,4653.8,4653.6,4653.6,4655.1,100.0,100.0,100.0,100.0,100.0,100.0,100.0,100.0,100.0,100.0,100.0,100.0,100.0,100.0,100.0,122.7,122.7,122.7,122.7,122.7,122.7,122.7,122.7,122.7,122.7,122.7,122.7,122.7,122.7,47.0,47.0,47.2,47.0,47.2,46.8,46.5,0.0,100.0,100.0,100.0,100.0,100.0,100.0,100.0,0.0,0.0,0.0,0.0,0.0,0.0,0.0,0.0,0.0,0.0,0.0,0.0,0.0,0.0,2395.7,24.00,40,39,39,77,116,708,1,85.9,85.0,85.4,81.7,77.0,82.7,84.7,84.2,78.4,83.3,64.9,64.9,70.2,63.0,45.0,44.0,46.0,1.056,1.015,1.100,40.830,7.976,40.824,51.000,5.463,64.250,6.698,6.377,6.811,6.846,6.858,6.562,6.736,43.142,8.095,57.247,62.831,1996.4,2395.7,4679.7,4679.7,4702.4,71.4,54.4,34.0,71.4,100.0,いいえ,いいえ,いいえ,9.211,3.348,6.0,38.0,85.9,40.0,85.0,1.088,12.197,3.440,3.328,5.040,1.072,1.024,3.440,3.328,1.808,1.024,1.120,1.032,1.792,1.104,0.768,1.824,0.256,2011,いいえ,57.4,42.8,1.095,1.110,1.815,1.800,1.005,5.040,1.375,いいえ,いいえ,いいえ,42.5,1.095,1.110,1.815,1.800,1.005,5.040,1.000,いいえ,いいえ,いいえ,37,37,いいえ,はい,15388,14039,128,128,34,100.0,いいえ,いいえ,3868,2528,9990,40,40,48,100.0,100.0,いいえ,いいえ,7031,7744,0.0,0.0,0.0,0.000,0.006,1392,1006,0.0,0.0,0.0,0.000,0.000,181182,133153,0.0,0.0,0.0,0.000,0.024,66270,77519,65.1,0.720,37.000,600.0,2400.0,1200.0,100.0,0.0,0.0,0.0,0.0,0.0,0.0,0.0,0.0,125,2,16.0,86,いいえ,いいえ,いいえ,39.9,44.0,49.7,84.0,0.865,12.311,12.320,12.269,12.336,12.320,0,0,10.184,4.836,2.653,0.296,7.840,2.800,0.148,7.989,8.065,8.896,220.000,220.000,210.0,50.6,1185.0,210.0,1290.0,210.2,50.5,1414.1,10.0,7.0,5.0,0.0,10.1,0.9,1.4,0.0,2.2,0.0,0,0,はい,いいえ,いいえ,いいえ,いいえ,はい,いいえ,4.8,5.8,0,0,0,0,0,0,0,0,0,0,0,0,0,0,0,0,0,0,0,0,0,0,0,0,0,0,0,0,0,0,11040,1242,965,108,2.5,2.6,2.6,2.6,2.6,2.6,2.6,2.6,2.6,2.6,2.6,2.6,2.6,383.08,383.08,383.08,383.08,383.08,383.08,9.82,372.95,383.08,0.00,1209.80,0,0,0.0,0.0,44284,38823,7.4,190.5,0,
19.7.2026,0:44:48.756,21042,12869,62.0,17428,14435,54.6,1.0,2048,20,1.080,1.075,1.090,1.075,1.060,1.105,1.075,4724.8,4691.5,4716.5,4741.4,4741.4,4766.4,4691.5,99.8,4675.8,4690.1,4674.1,4674.4,4674.5,4673.8,4674.4,4674.4,4674.8,4674.9,4674.9,4674.7,4674.8,4675.8,100.0,100.0,100.0,100.0,100.0,100.0,100.0,100.0,100.0,100.0,100.0,100.0,100.0,100.0,100.0,123.2,123.2,123.2,123.3,123.3,123.3,123.2,123.2,123.2,123.3,123.3,123.3,123.3,123.2,47.3,47.0,47.2,47.5,47.5,47.8,47.0,0.0,100.0,100.0,100.0,100.0,100.0,100.0,100.0,0.0,0.0,0.0,0.0,0.0,0.0,0.0,0.0,0.0,0.0,0.0,0.0,0.0,0.0,2395.7,24.00,40,39,39,77,116,708,1,85.9,85.0,84.9,81.7,76.8,82.5,84.6,84.6,78.5,83.2,65.0,65.0,70.5,63.1,45.0,44.0,46.0,1.068,1.015,1.100,40.557,8.177,40.561,53.500,5.466,64.699,6.690,6.291,6.771,6.826,6.988,6.570,6.694,43.347,8.300,57.659,63.282,1996.4,2395.7,4700.5,4700.5,4723.5,71.9,54.1,35.7,71.9,100.0,いいえ,いいえ,いいえ,10.003,2.900,6.0,38.0,85.9,40.0,85.0,1.064,12.197,3.456,3.328,5.040,1.072,1.024,3.440,3.328,1.808,1.024,1.120,1.040,1.792,1.104,0.768,1.824,0.256,2023,いいえ,57.4,43.0,1.095,1.110,1.815,1.800,1.005,5.040,1.000,いいえ,いいえ,いいえ,42.5,1.095,1.110,1.815,1.800,1.005,5.040,0.875,いいえ,いいえ,いいえ,37,37,いいえ,はい,15388,14039,128,128,34,100.0,いいえ,いいえ,3868,2528,9990,40,40,48,100.0,100.0,いいえ,いいえ,7031,7744,0.0,0.0,0.0,0.000,0.006,1392,1006,0.0,0.0,0.0,0.000,0.000,181182,133153,0.0,0.1,0.1,0.000,0.094,66270,77519,65.1,0.720,32.000,600.0,2400.0,1200.0,100.0,0.0,0.0,0.0,0.0,0.0,0.0,0.0,0.0,125,2,16.0,86,いいえ,いいえ,いいえ,39.9,44.0,49.6,84.0,0.865,12.315,12.325,12.274,12.339,12.323,0,0,10.390,4.758,2.633,0.271,7.831,2.776,0.136,7.985,8.054,8.380,220.000,220.000,210.0,50.6,1185.0,210.0,1290.0,210.0,50.5,1414.1,2.0,6.0,2.0,0.0,10.1,1.1,1.7,0.0,2.7,0.0,0,0,はい,いいえ,いいえ,いいえ,いいえ,はい,いいえ,4.8,4.9,0,0,0,0,0,0,0,0,0,0,0,0,0,0,0,0,0,0,0,0,0,0,0,0,0,0,0,0,0,0,11040,1242,965,108,2.5,49.5,62.3,16.8,15.2,15.0,15.0,49.6,60.1,16.5,15.1,15.0,15.0,20.21,59.56,16.06,16.05,66.59,66.59,2.25,16.93,20.21,0.00,5.95,0,0,0.0,0.0,44284,38823,15.7,462.8,0,
19.7.2026,0:44:50.749,21046,12865,62.0,17427,14435,54.6,1.0,2048,20,1.072,1.050,1.090,1.090,1.060,1.075,1.065,4704.0,4716.5,4741.4,4741.4,4691.5,4641.6,4691.5,99.8,4671.1,4685.5,4669.6,4669.8,4669.9,4669.2,4669.9,4670.0,4669.8,4669.7,4670.1,4669.9,4670.0,4671.1,100.0,100.0,100.0,100.0,100.0,100.0,100.0,100.0,100.0,100.0,100.0,100.0,100.0,100.0,100.0,123.1,123.1,123.1,123.1,123.1,123.1,123.1,123.1,123.1,123.1,123.1,123.1,123.1,123.1,47.1,47.2,47.5,47.5,47.0,46.5,47.0,0.0,100.0,100.0,100.0,100.0,100.0,100.0,100.0,0.0,0.0,0.0,0.0,0.0,0.0,0.0,0.0,0.0,0.0,0.0,0.0,0.0,0.0,2395.7,24.00,40,39,39,77,116,708,1,85.9,85.0,84.4,81.8,77.1,82.5,84.6,84.3,78.9,83.6,65.0,65.0,69.8,62.8,45.0,44.0,46.0,1.066,1.015,1.100,40.791,8.002,40.789,48.500,5.466,64.636,6.719,6.364,6.766,6.803,6.863,6.699,6.819,43.495,8.122,57.630,63.219,1996.4,2395.7,4695.1,4695.1,4718.6,71.8,54.4,32.3,71.8,100.0,いいえ,いいえ,いいえ,9.510,2.929,6.0,38.0,85.9,40.0,85.0,1.088,12.197,3.456,3.328,5.040,1.072,1.024,3.440,3.328,1.808,1.024,1.120,1.040,1.792,1.104,0.768,1.824,0.256,2036,いいえ,57.4,43.0,1.095,1.110,1.815,1.800,1.005,5.040,1.375,いいえ,いいえ,いいえ,42.5,1.095,1.110,1.815,1.800,1.005,5.040,0.750,いいえ,いいえ,いいえ,37,37,いいえ,はい,15388,14039,128,128,34,100.0,いいえ,いいえ,3868,2528,9990,40,40,48,100.0,100.0,いいえ,いいえ,7031,7744,0.0,0.0,0.0,0.000,0.008,1392,1006,0.0,0.0,0.0,0.000,0.000,181182,133153,0.0,0.0,0.0,0.000,0.022,66270,77519,65.1,0.720,42.000,600.0,2400.0,1200.0,100.0,0.0,0.0,0.0,0.0,0.0,0.0,0.0,0.0,125,2,16.0,86,いいえ,いいえ,いいえ,39.9,44.0,49.5,84.0,0.865,12.314,12.323,12.272,12.338,12.322,0,0,10.300,4.601,2.152,0.246,7.829,2.270,0.123,7.958,8.051,8.175,220.000,220.000,210.0,50.6,1185.0,210.0,1290.0,210.1,50.5,1413.1,1.0,6.0,0.0,0.0,10.1,1.1,1.8,0.0,2.8,0.0,0,0,はい,いいえ,いいえ,いいえ,いいえ,はい,いいえ,4.6,5.7,0,0,0,0,0,0,0,0,0,0,0,0,0,0,0,0,0,0,0,0,0,0,0,0,0,0,0,0,0,0,11040,1242,965,109,2.5,20.3,62.2,1.9,1.6,1.5,1.5,20.3,60.1,1.9,1.6,1.5,1.5,49.19,536.63,16.09,16.02,655.73,655.73,1.97,12.82,49.19,0.00,43.54,0,0,0.0,0.0,44284,38824,9.0,421.8,0,
19.7.2026,0:44:52.756,21040,12871,62.0,17425,14438,54.6,1.0,2048,20,1.038,1.045,1.035,1.035,1.060,1.010,1.040,4662.4,4691.5,4666.6,4666.6,4691.5,4641.6,4616.7,99.8,4651.5,4666.1,4650.5,4650.0,4650.5,4649.9,4650.3,4650.5,4650.5,4650.3,4650.0,4649.9,4649.7,4651.5,100.0,100.0,100.0,100.0,100.0,100.0,100.0,100.0,100.0,100.0,100.0,100.0,100.0,100.0,100.0,122.6,122.6,122.6,122.6,122.6,122.6,122.6,122.6,122.6,122.6,122.6,122.6,122.6,122.6,46.7,47.0,46.8,46.8,47.0,46.5,46.2,0.0,100.0,100.0,100.0,100.0,100.0,100.0,100.0,0.0,0.0,0.0,0.0,0.0,0.0,0.0,0.0,0.0,0.0,0.0,0.0,0.0,0.0,2395.7,24.00,40,39,39,77,116,708,1,85.8,85.0,85.9,81.9,77.4,82.7,84.6,84.5,78.8,83.5,65.0,65.0,70.5,63.1,45.0,44.0,46.0,1.054,1.015,1.100,41.001,7.938,41.003,50.500,5.472,64.331,6.720,6.429,6.807,6.804,6.894,6.629,6.757,43.254,8.057,57.329,62.896,1996.4,2395.7,4676.3,4676.3,4698.8,71.5,54.7,33.7,71.5,100.0,いいえ,いいえ,いいえ,8.870,3.097,6.0,38.0,85.8,40.0,85.0,1.064,12.197,3.456,3.328,5.040,1.072,1.024,3.440,3.328,1.808,1.024,1.120,1.032,1.792,1.104,0.768,1.824,0.256,2011,いいえ,57.4,43.0,1.095,1.110,1.815,1.800,1.005,5.040,0.875,いいえ,いいえ,いいえ,42.5,1.095,1.110,1.815,1.800,1.005,5.040,0.625,いいえ,いいえ,いいえ,37,37,いいえ,はい,15388,14039,128,128,34,100.0,いいえ,いいえ,3868,2528,9990,40,40,48,100.0,100.0,いいえ,いいえ,7031,7744,0.0,0.0,0.0,0.000,0.000,1392,1006,0.0,0.0,0.0,0.000,0.000,181182,133153,0.0,0.2,0.2,0.000,0.079,66270,77519,65.2,0.720,37.000,600.0,2400.0,1200.0,100.0,0.0,0.0,0.0,0.0,0.0,0.0,0.0,0.0,125,2,16.0,86,いいえ,いいえ,いいえ,39.9,46.0,49.6,84.0,0.865,12.310,12.320,12.269,12.334,12.319,0,0,10.204,4.712,2.353,0.296,7.791,2.504,0.148,7.942,8.270,8.392,220.000,220.000,210.0,50.6,1185.0,210.0,1290.0,210.0,50.5,1413.4,5.0,8.0,3.0,0.0,10.1,0.8,1.1,0.0,2.1,0.0,0,0,はい,いいえ,いいえ,いいえ,いいえ,はい,いいえ,4.7,5.5,0,0,0,0,0,0,0,0,0,0,0,0,0,0,0,0,0,0,0,0,0,0,0,0,0,0,0,0,0,0,11040,1242,965,111,2.5,2.6,2.6,2.6,2.6,2.6,2.6,2.7,2.7,2.7,2.7,2.7,2.7,385.83,385.83,385.83,385.83,385.83,385.83,10.27,89.44,385.73,0.11,304.77,0,0,0.0,0.0,44284,38824,6.5,114.1,0,
19.7.2026,0:44:54.750,21038,12872,62.0,17438,14425,54.7,1.0,2048,20,1.052,1.075,1.055,1.060,1.025,1.060,1.035,4670.7,4716.5,4691.5,4691.5,4566.8,4641.6,4716.5,99.8,4631.9,4646.6,4631.1,4630.6,4630.5,4629.9,4630.6,4630.6,4630.5,4630.9,4630.8,4630.7,4630.7,4631.9,100.0,100.0,100.0,100.0,100.0,100.0,100.0,100.0,100.0,100.0,100.0,100.0,100.0,100.0,100.0,122.1,122.1,122.1,122.1,122.1,122.1,122.1,122.1,122.1,122.1,122.1,122.1,122.1,122.1,46.8,47.2,47.0,47.0,45.8,46.5,47.2,0.0,100.0,100.0,100.0,100.0,100.0,100.0,100.0,0.0,0.0,0.0,0.0,0.0,0.0,0.0,0.0,0.0,0.0,0.0,0.0,0.0,0.0,2395.7,24.00,40,39,39,77,116,708,1,85.8,85.0,85.9,81.9,77.2,82.7,84.7,84.2,79.0,83.6,64.8,64.8,70.2,63.2,45.0,44.0,46.0,1.045,1.015,1.100,41.079,7.941,41.075,52.000,5.451,63.859,6.701,6.354,6.784,6.804,6.808,6.690,6.765,42.936,8.060,56.992,62.448,1996.4,2395.7,4656.8,4656.8,4679.0,71.0,54.8,34.7,71.0,100.0,いいえ,いいえ,いいえ,7.153,2.731,6.0,38.0,85.8,40.0,85.0,1.072,12.197,3.456,3.328,5.040,1.072,1.024,3.440,3.328,1.808,1.024,1.120,1.040,1.792,1.096,0.768,1.824,0.248,2011,いいえ,57.4,43.0,1.095,1.110,1.815,1.800,1.005,5.040,1.000,いいえ,いいえ,いいえ,42.5,1.095,1.110,1.815,1.800,1.005,5.040,1.000,いいえ,いいえ,いいえ,37,37,いいえ,はい,15388,14039,128,128,34,100.0,いいえ,いいえ,3868,2528,9990,40,40,48,100.0,100.0,いいえ,いいえ,7031,7744,0.0,0.1,0.1,0.000,0.014,1392,1006,0.0,0.0,0.0,0.000,0.000,181182,133153,0.0,0.1,0.1,0.000,0.079,66270,77519,65.1,0.720,41.000,600.0,2400.0,1200.0,100.0,0.0,0.0,0.0,0.0,0.0,0.0,0.0,0.0,125,2,16.0,86,いいえ,いいえ,いいえ,39.9,44.0,49.7,84.0,0.865,12.313,12.323,12.271,12.338,12.321,0,0,10.350,4.630,2.203,0.271,7.841,2.332,0.136,7.982,8.093,8.187,220.000,220.000,210.0,50.6,1185.0,210.0,1290.0,210.0,50.5,1413.4,1.0,6.0,0.0,0.0,10.1,0.6,0.8,0.0,1.7,0.0,0,0,はい,いいえ,いいえ,いいえ,いいえ,はい,いいえ,4.6,5.2,0,0,0,0,0,0,0,0,0,0,0,0,0,0,0,0,0,0,0,0,0,0,0,0,0,0,0,0,0,0,11040,1242,965,111,2.5,2.7,2.7,2.7,2.7,2.7,2.7,2.7,2.7,2.7,2.7,2.7,2.7,365.30,365.30,365.30,365.30,365.30,365.30,2.79,80.46,365.30,0.00,315.49,0,0,0.0,0.0,44284,38825,6.8,249.9,0,
19.7.2026,0:44:56.746,21039,12872,62.0,17434,14429,54.7,1.0,2048,20,1.082,1.070,1.090,1.090,1.090,1.075,1.075,4733.1,4716.5,4741.4,4741.4,4741.4,4741.4,4716.5,99.8,4668.6,4682.6,4667.1,4667.2,4667.2,4666.4,4667.1,4667.5,4667.6,4667.7,4667.8,4667.7,4667.8,4668.6,100.0,100.0,100.0,100.0,100.0,100.0,100.0,100.0,100.0,100.0,100.0,100.0,100.0,100.0,100.0,123.1,123.1,123.1,123.1,123.1,123.1,123.1,123.1,123.1,123.1,123.1,123.1,123.1,123.1,47.4,47.2,47.5,47.5,47.5,47.5,47.2,0.0,100.0,100.0,100.0,100.0,100.0,100.0,100.0,0.0,0.0,0.0,0.0,0.0,0.0,0.0,0.0,0.0,0.0,0.0,0.0,0.0,0.0,2395.7,24.00,40,39,39,77,116,708,1,85.8,85.0,84.4,81.8,77.1,82.7,84.6,84.3,78.8,83.4,65.0,65.0,69.8,63.0,45.0,44.0,46.0,1.064,1.015,1.100,40.859,7.877,40.862,48.000,5.450,64.523,6.735,6.363,6.835,6.875,6.908,6.656,6.776,43.514,7.995,57.504,63.096,1996.4,2395.7,4692.5,4692.5,4716.8,71.7,54.5,32.0,71.7,100.0,いいえ,いいえ,いいえ,9.476,2.951,6.0,38.0,85.8,40.0,85.0,1.088,12.197,3.456,3.328,5.040,1.072,1.024,3.440,3.328,1.808,1.024,1.120,1.040,1.792,1.104,0.768,1.824,0.256,2033,いいえ,57.4,43.0,1.110,1.110,1.815,1.800,1.005,5.040,1.375,いいえ,いいえ,いいえ,42.5,1.095,1.110,1.815,1.800,1.005,5.040,0.750,いいえ,いいえ,いいえ,37,37,いいえ,はい,15388,14039,128,128,34,100.0,いいえ,いいえ,3868,2528,9990,40,40,48,100.0,100.0,いいえ,いいえ,7031,7744,0.0,0.0,0.0,0.000,0.000,1392,1006,0.0,0.0,0.0,0.000,0.000,181182,133153,0.0,0.0,0.0,0.000,0.018,66270,77519,65.2,0.720,45.000,600.0,2400.0,1200.0,100.0,0.0,0.0,0.0,0.0,0.0,0.0,0.0,0.0,125,2,16.0,86,いいえ,いいえ,いいえ,39.9,44.0,49.7,84.0,0.865,12.314,12.324,12.272,12.339,12.322,0,0,10.309,4.626,2.282,0.222,7.817,2.394,0.111,7.944,8.073,8.165,220.000,220.000,210.0,50.6,1185.0,210.0,1290.0,210.0,50.5,1413.6,2.0,6.0,1.0,0.0,10.1,0.7,1.2,0.0,1.7,0.0,0,0,はい,いいえ,いいえ,いいえ,いいえ,はい,いいえ,4.6,5.4,0,0,0,0,0,0,0,0,0,0,0,0,0,0,0,0,0,0,0,0,0,0,0,0,0,0,0,0,0,0,11040,1242,965,111,2.5,0.7,0.7,0.7,0.7,0.7,0.7,0.7,0.7,0.7,0.7,0.7,0.7,1383.10,1383.10,1383.10,1383.10,1383.10,1383.10,10.64,377.89,1383.10,0.00,749.55,0,0,0.0,0.0,44284,38825,10.2,234.6,0,
19.7.2026,0:44:58.751,21039,12871,62.0,17439,14424,54.7,1.0,2048,20,1.041,1.060,1.010,1.010,1.010,1.065,1.090,4695.7,4691.5,4691.5,4691.5,4691.5,4691.5,4716.5,99.8,4677.5,4692.1,4676.5,4676.3,4676.2,4675.6,4676.0,4676.1,4676.1,4676.1,4676.2,4676.1,4676.1,4677.5,100.0,100.0,100.0,100.0,100.0,100.0,100.0,100.0,100.0,100.0,100.0,100.0,100.0,100.0,100.0,123.3,123.3,123.3,123.3,123.3,123.3,123.3,123.3,123.3,123.3,123.3,123.3,123.3,123.3,47.0,47.0,47.0,47.0,47.0,47.0,47.2,0.0,100.0,100.0,100.0,100.0,100.0,100.0,100.0,0.0,0.0,0.0,0.0,0.0,0.0,0.0,0.0,0.0,0.0,0.0,0.0,0.0,0.0,2395.7,24.00,40,39,39,77,116,708,1,85.8,85.0,84.8,81.9,77.3,82.7,84.7,84.2,78.7,83.5,65.1,65.1,69.8,63.0,45.0,44.0,46.0,1.070,1.015,1.100,40.762,7.788,40.762,51.000,5.433,64.545,6.715,6.400,6.798,6.875,6.828,6.604,6.782,43.624,7.905,57.505,63.109,1996.4,2395.7,4702.3,4702.3,4725.8,71.7,54.3,34.0,71.7,100.0,いいえ,いいえ,いいえ,9.750,2.668,6.0,38.0,85.8,40.0,85.0,1.112,12.197,3.456,3.328,5.040,1.064,1.024,3.440,3.328,1.808,1.024,1.120,1.040,1.792,1.104,0.768,1.824,0.256,2014,いいえ,57.4,43.0,1.110,1.110,1.815,1.800,1.005,5.040,0.625,いいえ,いいえ,いいえ,42.5,1.110,1.110,1.815,1.800,1.005,5.040,0.875,いいえ,いいえ,いいえ,37,37,いいえ,はい,15388,14039,128,128,34,100.0,いいえ,いいえ,3868,2528,9990,40,40,48,100.0,100.0,いいえ,いいえ,7031,7744,0.1,0.2,0.3,0.002,0.016,1392,1006,0.0,0.0,0.0,0.000,0.000,181182,133153,0.0,0.1,0.1,0.000,0.108,66270,77520,65.2,0.720,41.000,600.0,2400.0,1200.0,100.0,0.0,0.0,0.0,0.0,0.0,0.0,0.0,0.0,125,2,16.0,86,いいえ,いいえ,いいえ,39.9,44.0,49.8,84.0,0.865,12.317,12.326,12.276,12.340,12.325,0,0,10.303,4.677,2.416,0.247,7.857,2.542,0.123,7.992,8.056,8.182,220.000,220.000,210.0,50.6,1185.0,210.0,1290.0,210.0,50.5,1414.0,1.0,6.0,0.0,0.0,10.1,0.7,1.2,0.0,1.7,0.0,0,0,はい,いいえ,いいえ,いいえ,いいえ,はい,いいえ,5.1,5.4,0,0,0,0,0,0,0,0,0,0,0,0,0,0,0,0,0,0,0,0,0,0,0,0,0,0,0,0,0,0,11040,1242,965,110,2.5,0.5,0.5,0.5,0.5,0.5,0.5,0.5,0.5,0.5,0.5,0.5,0.5,1966.30,1966.30,1966.30,1966.30,1966.30,1966.30,10.09,337.14,1966.30,0.00,1949.40,0,0,0.0,0.0,44284,38826,5.9,137.6,0,
19.7.2026,0:45:0.761,21042,12869,62.0,17444,14419,54.7,1.0,2048,20,1.037,1.025,1.040,1.040,1.040,1.040,1.040,4620.8,4641.6,4641.6,4591.7,4616.7,4616.7,4616.7,99.8,4656.6,4671.3,4655.3,4655.8,4655.4,4654.6,4655.6,4655.7,4655.6,4655.6,4655.0,4654.8,4655.1,4656.6,100.0,100.0,100.0,100.0,100.0,100.0,100.0,100.0,100.0,100.0,100.0,100.0,100.0,100.0,100.0,122.8,122.7,122.7,122.8,122.7,122.7,122.8,122.8,122.8,122.8,122.7,122.8,122.8,122.8,46.3,46.5,46.5,46.0,46.2,46.2,46.2,0.0,100.0,100.0,100.0,100.0,100.0,100.0,100.0,0.0,0.0,0.0,0.0,0.0,0.0,0.0,0.0,0.0,0.0,0.0,0.0,0.0,0.0,2395.7,24.00,40,39,39,77,116,708,1,85.8,85.0,84.0,81.8,77.3,82.7,84.5,84.2,78.8,83.3,65.0,65.0,69.8,62.9,45.0,44.0,46.0,1.058,1.015,1.100,40.737,7.645,40.734,49.500,5.438,63.793,6.680,6.355,6.807,6.762,6.833,6.615,6.710,43.119,7.759,56.860,62.372,1996.4,2395.7,4681.6,4681.6,4704.1,70.9,54.3,33.0,70.9,100.0,いいえ,いいえ,いいえ,8.340,2.489,6.0,38.0,85.8,40.0,85.0,1.080,12.197,3.456,3.328,5.040,1.072,1.024,3.440,3.328,1.808,1.024,1.120,1.040,1.792,1.104,0.768,1.824,0.256,2023,いいえ,57.4,43.0,1.110,1.110,1.800,1.800,1.005,5.040,0.625,いいえ,いいえ,いいえ,42.5,1.110,1.110,1.815,1.800,1.005,5.040,0.750,いいえ,いいえ,いいえ,37,37,いいえ,はい,15388,14039,128,128,34,100.0,いいえ,いいえ,3868,2528,9990,40,40,48,100.0,100.0,いいえ,いいえ,7031,7744,0.0,0.0,0.0,0.000,0.000,1392,1006,0.0,0.0,0.0,0.000,0.000,181182,133153,0.0,0.0,0.0,0.000,0.000,66270,77520,65.2,0.720,42.000,600.0,2400.0,1200.0,100.0,0.0,0.0,0.0,0.0,0.0,0.0,0.0,0.0,125,2,16.0,86,いいえ,いいえ,いいえ,39.9,44.0,49.7,84.0,0.865,12.316,12.326,12.274,12.340,12.324,0,0,10.428,4.636,2.215,0.247,7.856,2.345,0.123,7.993,8.135,8.172,220.000,220.000,210.0,50.6,1185.0,210.0,1290.0,210.0,50.5,1413.2,1.0,6.0,0.0,0.0,10.1,0.7,1.2,0.0,1.7,0.0,0,0,はい,いいえ,いいえ,いいえ,いいえ,はい,いいえ,4.8,5.1,0,0,0,0,0,0,0,0,0,0,0,0,0,0,0,0,0,0,0,0,0,0,0,0,0,0,0,0,0,0,11040,1242,965,110,2.5,3.9,11.3,2.5,2.5,2.5,2.5,2.9,3.7,2.4,2.4,2.4,2.4,255.89,396.04,88.53,84.93,398.31,398.31,7.16,81.14,255.78,0.10,497.89,0,0,0.0,0.0,44284,38826,8.2,228.2,0,
19.7.2026,0:45:2.756,21048,12863,62.0,17449,14414,54.7,1.0,2048,20,1.083,1.075,1.090,1.090,1.090,1.075,1.075,4737.3,4766.4,4741.4,4741.4,4741.4,4716.5,4716.5,99.8,4657.9,4671.7,4656.3,4656.5,4656.5,4655.9,4656.6,4656.7,4656.9,4657.1,4657.2,4657.0,4657.1,4657.9,100.0,100.0,100.0,100.0,100.0,100.0,100.0,100.0,100.0,100.0,100.0,100.0,100.0,100.0,100.0,122.8,122.8,122.8,122.8,122.8,122.8,122.8,122.8,122.8,122.8,122.8,122.8,122.8,122.8,47.5,47.8,47.5,47.5,47.5,47.2,47.2,0.0,100.0,100.0,100.0,100.0,100.0,100.0,100.0,0.0,0.0,0.0,0.0,0.0,0.0,0.0,0.0,0.0,0.0,0.0,0.0,0.0,0.0,2395.7,24.00,40,39,39,77,116,708,1,85.8,85.0,85.9,82.0,77.6,82.6,84.6,84.3,79.1,83.6,65.1,65.1,69.5,63.0,45.0,44.0,46.0,1.058,1.015,1.100,40.948,7.906,40.954,49.000,5.457,64.367,6.741,6.439,6.799,6.860,6.882,6.669,6.798,43.356,8.025,57.383,62.961,1996.4,2395.7,4682.0,4682.0,4705.0,71.5,54.6,32.7,71.5,100.0,いいえ,いいえ,いいえ,9.053,3.140,6.0,38.0,85.8,40.0,85.0,1.096,12.197,3.456,3.328,5.040,1.072,1.024,3.440,3.328,1.808,1.024,1.120,1.040,1.792,1.104,0.768,1.824,0.256,2030,いいえ,57.4,43.0,1.110,1.110,1.800,1.800,1.005,5.040,1.500,いいえ,いいえ,いいえ,42.5,1.110,1.110,1.800,1.800,1.005,5.040,0.625,いいえ,いいえ,いいえ,37,37,いいえ,はい,15388,14039,128,128,34,100.0,いいえ,いいえ,3868,2528,9990,40,40,48,100.0,100.0,いいえ,いいえ,7031,7744,0.0,0.0,0.0,0.000,0.006,1392,1006,0.0,0.0,0.0,0.000,0.000,181182,133153,0.0,0.1,0.1,0.000,0.010,66270,77520,65.2,0.720,38.000,600.0,2400.0,1200.0,100.0,0.0,0.0,0.0,0.0,0.0,0.0,0.0,0.0,125,2,16.0,86,いいえ,いいえ,いいえ,39.9,44.0,49.7,84.0,0.865,12.308,12.316,12.266,12.334,12.318,0,0,10.421,4.750,2.535,0.296,7.838,2.689,0.148,8.003,8.179,8.313,220.000,220.000,210.0,50.6,1185.0,210.0,1290.0,210.0,50.5,1413.3,2.0,6.0,1.0,0.0,10.1,0.7,1.0,0.0,1.8,0.0,0,0,はい,いいえ,いいえ,いいえ,いいえ,はい,いいえ,4.8,5.2,0,0,0,0,0,0,0,0,0,0,0,0,0,0,0,0,0,0,0,0,0,0,0,0,0,0,0,0,0,0,11040,1242,965,110,2.5,3.3,15.8,2.1,2.1,2.1,2.1,2.9,2.9,2.9,2.9,2.9,2.9,302.51,483.41,63.19,57.65,485.83,485.83,7.05,82.61,302.42,0.09,230.98,0,0,0.0,0.0,44284,38826,8.3,165.9,0,
19.7.2026,0:45:4.752,21042,12869,62.0,17447,14416,54.7,1.0,2048,20,1.051,1.075,1.035,1.050,1.050,1.070,1.025,4658.3,4716.5,4666.6,4616.7,4616.7,4691.5,4641.6,99.8,4667.3,4682.0,4666.3,4666.3,4666.3,4665.6,4665.9,4666.0,4666.0,4665.9,4665.9,4665.6,4665.6,4667.3,100.0,100.0,100.0,100.0,100.0,100.0,100.0,100.0,100.0,100.0,100.0,100.0,100.0,100.0,100.0,123.0,123.0,123.0,123.0,123.0,123.0,123.0,123.0,123.0,123.0,123.0,123.0,123.0,123.0,46.7,47.2,46.8,46.2,46.2,47.0,46.5,0.0,100.0,100.0,100.0,100.0,100.0,100.0,100.0,0.0,0.0,0.0,0.0,0.0,0.0,0.0,0.0,0.0,0.0,0.0,0.0,0.0,0.0,2395.7,24.00,40,39,39,77,116,708,1,85.8,85.0,85.4,81.8,77.3,82.5,84.6,84.3,78.8,83.3,65.1,65.1,70.5,63.1,45.0,44.0,46.0,1.064,1.015,1.100,40.673,7.996,40.667,49.000,5.469,64.505,6.722,6.398,6.751,6.880,6.924,6.641,6.738,43.306,8.116,57.438,63.084,1996.4,2395.7,4692.3,4692.3,4715.7,71.7,54.2,32.7,71.7,100.0,いいえ,いいえ,いいえ,10.319,3.369,6.0,38.0,85.8,40.0,85.0,1.096,12.197,3.456,3.328,5.040,1.072,1.024,3.440,3.328,1.808,1.024,1.120,1.040,1.792,1.104,0.768,1.824,0.256,2036,いいえ,57.4,43.0,1.110,1.110,1.800,1.800,0.990,5.040,1.125,いいえ,いいえ,いいえ,42.5,1.110,1.110,1.800,1.800,1.005,5.040,0.875,いいえ,いいえ,いいえ,37,37,いいえ,はい,15388,14039,128,128,34,100.0,いいえ,いいえ,3868,2528,9990,40,40,48,100.0,100.0,いいえ,いいえ,7031,7744,0.0,0.0,0.0,0.000,0.004,1392,1006,0.0,0.0,0.0,0.000,0.000,181182,133153,0.0,0.0,0.0,0.000,0.032,66270,77520,65.3,0.720,48.000,600.0,2400.0,1200.0,100.0,0.0,0.0,0.0,0.0,0.0,0.0,0.0,0.0,125,2,16.0,86,いいえ,いいえ,いいえ,39.9,44.0,49.6,84.0,0.865,12.310,12.317,12.268,12.336,12.319,0,0,10.235,4.743,2.534,0.271,7.839,2.677,0.136,7.988,8.148,8.354,220.000,220.000,210.0,50.6,1185.0,210.0,1290.0,210.1,50.5,1413.9,1.0,6.0,0.0,0.0,10.1,0.6,0.8,0.0,1.5,0.0,0,0,はい,いいえ,いいえ,いいえ,いいえ,はい,いいえ,4.8,4.9,0,0,0,0,0,0,0,0,0,0,0,0,0,0,0,0,0,0,0,0,0,0,0,0,0,0,0,0,0,0,11040,1242,965,110,2.5,2.7,2.7,2.7,2.7,2.7,2.7,2.7,2.7,2.7,2.7,2.7,2.7,367.03,367.03,367.03,367.03,367.03,367.03,6.09,112.36,367.03,0.00,633.29,0,0,0.0,0.0,44284,38827,6.4,267.2,0,
19.7.2026,0:45:6.760,21041,12870,62.0,17445,14418,54.7,1.0,2048,20,1.083,1.050,1.090,1.090,1.090,1.090,1.090,4712.3,4616.7,4716.5,4716.5,4741.4,4716.5,4766.4,99.8,4685.1,4699.5,4684.1,4683.2,4683.6,4683.1,4683.6,4683.8,4684.0,4684.1,4684.1,4684.1,4684.2,4685.1,100.0,100.0,100.0,100.0,100.0,100.0,100.0,100.0,100.0,100.0,100.0,100.0,100.0,100.0,100.0,123.5,123.5,123.5,123.5,123.5,123.5,123.5,123.5,123.5,123.5,123.5,123.5,123.5,123.5,47.2,46.2,47.2,47.2,47.5,47.2,47.8,0.0,100.0,100.0,100.0,100.0,100.0,100.0,100.0,0.0,0.0,0.0,0.0,0.0,0.0,0.0,0.0,0.0,0.0,0.0,0.0,0.0,0.0,2395.7,24.00,40,39,39,77,116,708,1,85.9,85.0,85.4,81.8,77.0,82.4,84.6,84.4,78.8,83.6,65.1,65.1,70.5,63.3,45.0,44.0,46.0,1.074,1.015,1.100,40.585,8.013,40.585,50.000,5.467,64.820,6.720,6.357,6.726,6.851,6.887,6.665,6.831,43.604,8.133,57.751,63.375,1996.4,2395.7,4708.9,4708.9,4732.6,72.0,54.1,33.3,72.0,100.0,いいえ,いいえ,いいえ,10.281,2.682,6.0,38.0,85.9,40.0,85.0,1.064,12.197,3.440,3.328,5.040,1.072,1.024,3.440,3.328,1.808,1.024,1.120,1.040,1.792,1.104,0.768,1.824,0.256,2011,いいえ,57.4,43.0,1.110,1.110,1.800,1.800,0.990,5.040,1.625,いいえ,いいえ,いいえ,42.5,1.110,1.110,1.800,1.800,0.990,4.970,1.000,いいえ,いいえ,いいえ,37,37,いいえ,はい,15388,14039,128,128,34,100.0,いいえ,いいえ,3868,2528,9990,40,40,48,100.0,100.0,いいえ,いいえ,7031,7744,0.0,0.0,0.0,0.000,0.006,1392,1006,0.0,0.0,0.0,0.000,0.000,181182,133153,0.0,0.0,0.0,0.000,0.000,66270,77520,65.3,0.720,41.000,600.0,2400.0,1200.0,100.0,0.0,0.0,0.0,0.0,0.0,0.0,0.0,0.0,125,2,16.0,86,いいえ,いいえ,いいえ,39.9,44.0,49.7,84.0,0.865,12.314,12.322,12.274,12.339,12.323,0,0,10.179,4.722,2.447,0.271,7.855,2.591,0.136,8.003,8.104,8.365,220.000,220.000,210.0,50.6,1185.0,210.0,1290.0,210.1,50.5,1413.8,2.0,6.0,1.0,0.0,10.1,0.5,0.7,0.0,1.4,0.0,0,0,はい,いいえ,いいえ,いいえ,いいえ,はい,いいえ,4.8,5.3,0,0,0,0,0,0,0,0,0,0,0,0,0,0,0,0,0,0,0,0,0,0,0,0,0,0,0,0,0,0,11040,1242,965,110,2.5,2.7,2.7,2.7,2.7,2.7,2.7,2.7,2.7,2.7,2.7,2.7,2.7,366.88,366.88,366.88,366.88,366.88,366.88,10.37,356.57,366.88,0.00,633.44,0,0,0.0,0.0,44284,38827,6.2,201.1,0,
19.7.2026,0:45:8.755,21042,12869,62.0,17442,14421,54.7,1.0,2048,20,1.043,1.025,1.050,1.035,1.050,1.035,1.060,4645.8,4616.7,4641.6,4666.6,4641.6,4641.6,4666.6,99.8,4675.9,4691.7,4675.7,4674.5,4674.6,4675.4,4675.9,4674.8,4674.4,4674.2,4674.1,4672.8,4672.7,4675.9,100.0,100.0,100.0,100.0,100.0,100.0,100.0,100.0,100.0,100.0,100.0,100.0,100.0,100.0,100.0,123.3,123.3,123.3,123.3,123.3,123.3,123.3,123.3,123.3,123.3,123.3,123.2,123.2,123.3,46.5,46.2,46.5,46.8,46.5,46.5,46.8,0.0,100.0,100.0,100.0,100.0,100.0,100.0,100.0,0.0,0.0,0.0,0.0,0.0,0.0,0.0,0.0,0.0,0.0,0.0,0.0,0.0,0.0,2395.7,24.00,40,39,39,77,116,708,1,85.9,85.0,84.0,81.8,77.2,82.2,84.5,84.4,78.9,83.5,65.2,65.2,69.5,63.1,45.0,44.0,46.0,1.071,1.015,1.100,40.633,7.984,40.633,49.500,5.510,64.737,6.690,6.342,6.671,6.802,6.914,6.637,6.775,43.519,8.104,57.684,63.303,1996.4,2395.7,4702.5,4702.5,4725.5,71.9,54.2,33.0,71.9,100.0,いいえ,いいえ,いいえ,10.025,2.582,6.0,38.0,85.9,40.0,85.0,1.064,12.197,3.456,3.328,5.040,1.072,1.024,3.440,3.328,1.808,1.024,1.120,1.040,1.792,1.104,0.768,1.824,0.256,2020,いいえ,57.4,43.0,1.095,1.110,1.800,1.800,0.990,5.040,1.125,いいえ,いいえ,いいえ,42.5,1.110,1.110,1.800,1.800,0.990,5.040,0.750,いいえ,いいえ,いいえ,37,37,いいえ,はい,15388,14039,128,128,34,100.0,いいえ,いいえ,3868,2528,9990,40,40,48,100.0,100.0,いいえ,いいえ,7031,7744,0.0,0.1,0.1,0.000,0.008,1392,1006,0.0,0.0,0.0,0.000,0.000,181182,133153,0.0,0.0,0.0,0.000,0.073,66270,77520,65.3,0.720,46.000,600.0,2400.0,1200.0,100.0,0.0,0.0,0.0,0.0,0.0,0.0,0.0,0.0,125,2,16.0,86,いいえ,いいえ,いいえ,39.9,46.0,49.7,84.0,0.865,12.314,12.321,12.273,12.339,12.323,0,0,10.552,4.849,2.730,0.296,7.867,2.887,0.148,8.032,8.238,8.592,220.000,220.000,210.0,50.6,1185.0,210.0,1290.0,210.3,50.5,1413.6,4.0,7.0,3.0,0.0,10.1,0.8,1.3,0.0,2.1,0.0,0,0,はい,いいえ,いいえ,いいえ,いいえ,はい,いいえ,4.9,4.9,0,0,0,0,0,0,0,0,0,0,0,0,0,0,0,0,0,0,0,0,0,0,0,0,0,0,0,0,0,0,11040,1242,965,110,2.5,4.5,15.6,2.8,2.8,2.8,2.8,3.3,5.9,2.6,2.6,2.6,2.6,220.03,362.73,64.07,62.50,363.63,363.63,5.35,65.24,219.93,0.10,221.75,0,0,0.0,0.0,44284,38828,6.3,204.1,0,
19.7.2026,0:45:10.750,21054,12857,62.0,17447,14416,54.7,1.0,2048,20,1.076,1.105,1.075,1.075,1.075,1.050,1.075,4704.0,4691.5,4691.5,4691.5,4716.5,4691.5,4741.4,99.8,4674.2,4688.5,4671.5,4672.7,4673.3,4672.7,4672.5,4672.9,4673.6,4673.2,4673.3,4672.9,4672.8,4674.2,100.0,100.0,100.0,100.0,100.0,100.0,100.0,100.0,100.0,100.0,100.0,100.0,100.0,100.0,100.0,123.2,123.2,123.2,123.2,123.2,123.2,123.2,123.2,123.2,123.2,123.2,123.2,123.2,123.2,47.1,47.0,47.0,47.0,47.2,47.0,47.5,0.0,100.0,100.0,100.0,100.0,100.0,100.0,100.0,0.0,0.0,0.0,0.0,0.0,0.0,0.0,0.0,0.0,0.0,0.0,0.0,0.0,0.0,2395.7,24.00,40,39,39,77,116,708,1,85.9,85.0,84.4,81.7,76.9,82.3,84.6,84.3,78.8,83.2,65.1,65.1,70.5,63.1,45.0,44.0,46.0,1.068,1.015,1.100,40.499,8.079,40.505,51.000,5.479,64.588,6.722,6.400,6.821,6.850,6.903,6.644,6.713,43.260,8.200,57.487,63.126,1996.4,2395.7,4698.8,4698.8,4721.9,71.7,54.0,34.0,71.7,100.0,いいえ,いいえ,いいえ,10.205,3.074,6.0,38.0,85.9,40.0,85.0,1.096,12.197,3.456,3.328,5.040,1.072,1.024,3.440,3.328,1.808,1.024,1.120,1.040,1.792,1.104,0.768,1.824,0.256,2033,いいえ,57.4,43.0,1.095,1.110,1.800,1.800,0.990,5.040,1.125,いいえ,いいえ,いいえ,42.5,1.095,1.110,1.800,1.800,0.990,5.040,1.375,いいえ,いいえ,いいえ,37,37,いいえ,はい,15388,14039,128,128,34,100.0,いいえ,いいえ,3868,2528,9990,40,40,48,100.0,100.0,いいえ,いいえ,7031,7744,0.0,0.0,0.0,0.000,0.004,1392,1006,0.0,0.0,0.0,0.000,0.000,181182,133153,0.0,0.1,0.1,0.000,1.299,66270,77522,65.3,0.720,45.000,600.0,2400.0,1200.0,100.0,0.0,0.0,0.0,0.0,0.0,0.0,0.0,0.0,125,2,16.0,86,いいえ,いいえ,いいえ,39.9,44.0,49.7,84.0,0.865,12.309,12.316,12.266,12.334,12.318,0,0,10.338,4.753,2.733,0.246,7.826,2.861,0.123,7.964,8.108,8.164,220.000,220.000,210.0,50.6,1185.0,210.0,1290.0,210.0,50.5,1413.2,1.0,6.0,0.0,0.0,10.1,0.8,1.2,0.0,2.0,0.0,0,0,はい,いいえ,いいえ,いいえ,いいえ,はい,いいえ,4.9,5.4,0,0,0,0,0,0,0,0,0,0,0,0,0,0,0,0,0,0,0,0,0,0,0,0,0,0,0,0,0,0,11040,1242,965,110,2.5,5.6,17.6,2.7,2.7,2.7,2.7,2.9,3.2,2.7,2.7,2.7,2.7,177.62,366.84,56.80,56.58,369.02,369.02,4.32,49.11,177.53,0.10,124.31,0,0,0.0,0.0,44284,38828,6.5,197.3,0,
19.7.2026,0:45:12.745,21053,12858,62.0,17449,14414,54.7,1.0,2048,20,1.030,1.050,1.060,1.000,1.010,1.025,1.035,4633.3,4666.6,4666.6,4566.8,4616.7,4641.6,4641.6,99.8,4685.4,4700.4,4684.6,4684.4,4684.3,4683.8,4684.1,4683.9,4684.0,4683.8,4684.0,4683.6,4683.8,4685.4,100.0,100.0,100.0,100.0,100.0,100.0,100.0,100.0,100.0,100.0,100.0,100.0,100.0,100.0,100.0,123.5,123.5,123.5,123.5,123.5,123.5,123.5,123.5,123.5,123.5,123.5,123.5,123.5,123.5,46.4,46.8,46.8,45.8,46.2,46.5,46.5,0.0,100.0,100.0,100.0,100.0,100.0,100.0,100.0,0.0,0.0,0.0,0.0,0.0,0.0,0.0,0.0,0.0,0.0,0.0,0.0,0.0,0.0,2395.7,24.00,40,39,39,77,116,708,1,85.9,85.0,85.8,81.7,77.0,82.2,84.6,84.3,78.9,83.4,65.3,65.3,69.8,62.9,45.0,44.0,46.0,1.075,1.015,1.100,40.437,8.020,40.435,53.000,5.463,64.728,6.776,6.477,6.883,6.880,6.920,6.686,6.811,43.496,8.140,57.645,63.325,1996.4,2395.7,4710.9,4710.9,4734.7,72.0,53.9,35.3,72.0,100.0,いいえ,いいえ,いいえ,11.005,3.066,6.0,38.0,85.9,40.0,85.0,1.064,12.197,3.456,3.328,5.040,1.072,1.024,3.440,3.328,1.808,1.024,1.120,1.040,1.792,1.104,0.768,1.824,0.256,2008,いいえ,57.4,43.0,1.095,1.110,1.800,1.800,0.990,5.040,0.875,いいえ,いいえ,いいえ,42.5,1.095,1.110,1.815,1.800,0.990,5.040,0.875,いいえ,いいえ,いいえ,37,37,いいえ,はい,15388,14039,128,128,34,100.0,いいえ,いいえ,3868,2528,9990,40,40,48,100.0,100.0,いいえ,いいえ,7031,7744,0.0,0.0,0.0,0.000,0.002,1392,1006,0.0,0.0,0.0,0.000,0.000,181182,133153,0.0,0.8,0.8,0.000,3.354,66270,77529,65.3,0.720,38.000,600.0,2400.0,1200.0,100.0,0.0,0.0,0.0,0.0,0.0,0.0,0.0,0.0,125,2,16.0,86,いいえ,いいえ,いいえ,39.9,44.0,49.6,84.0,0.865,12.310,12.317,12.268,12.335,12.319,0,0,10.417,4.769,2.529,0.296,7.851,2.677,0.148,7.999,8.259,8.394,220.000,220.000,210.0,50.6,1185.0,210.0,1290.0,210.0,50.5,1413.6,1.0,6.0,0.0,0.0,10.1,0.6,0.7,0.0,1.6,0.0,0,0,はい,いいえ,いいえ,いいえ,いいえ,はい,いいえ,4.8,4.9,0,0,0,0,0,0,0,0,0,0,0,0,0,0,0,0,0,0,0,0,0,0,0,0,0,0,0,0,0,0,11040,1242,965,110,2.5,1.5,1.5,1.5,1.5,1.5,1.5,0.0,0.0,0.0,0.0,0.0,0.0,678.74,678.74,678.74,678.74,678.74,678.74,5.87,78.18,678.63,0.10,0.00,0,0,0.0,0.0,44284,38829,6.8,205.2,0,
19.7.2026,0:45:14.760,21044,12867,62.0,17448,14415,54.7,1.0,2048,20,1.079,1.090,1.090,1.090,1.105,1.050,1.050,4720.7,4716.5,4741.4,4766.4,4766.4,4666.6,4666.6,99.8,4692.2,4706.1,4690.2,4689.8,4690.9,4690.4,4691.0,4691.7,4691.8,4691.2,4691.5,4690.4,4691.9,4692.2,100.0,100.0,100.0,100.0,100.0,100.0,100.0,100.0,100.0,100.0,100.0,100.0,100.0,100.0,100.0,123.7,123.7,123.7,123.6,123.7,123.7,123.7,123.7,123.7,123.7,123.7,123.6,123.7,123.7,47.3,47.2,47.5,47.8,47.8,46.8,46.8,0.0,100.0,100.0,100.0,100.0,100.0,100.0,100.0,0.0,0.0,0.0,0.0,0.0,0.0,0.0,0.0,0.0,0.0,0.0,0.0,0.0,0.0,2395.7,24.00,40,39,39,77,116,708,1,86.0,85.0,84.4,81.9,77.3,82.6,84.6,84.4,78.9,83.4,65.3,65.3,68.8,62.9,45.0,44.0,46.0,1.079,1.015,1.100,40.586,7.969,40.585,49.500,5.453,64.934,6.738,6.392,6.783,6.847,6.927,6.683,6.794,43.794,8.089,57.881,63.516,1996.4,2395.7,4716.1,4716.1,4740.2,72.2,54.1,33.0,72.2,100.0,いいえ,いいえ,いいえ,10.533,2.632,6.0,38.0,86.0,40.0,86.0,1.064,12.197,3.456,3.328,5.040,1.072,1.024,3.440,3.328,1.808,1.024,1.120,1.032,1.792,1.104,0.768,1.824,0.256,2011,いいえ,57.4,43.0,1.095,1.110,1.815,1.800,0.990,5.040,0.625,いいえ,いいえ,いいえ,42.5,1.095,1.110,1.815,1.800,0.990,5.040,1.250,いいえ,いいえ,いいえ,37,37,いいえ,はい,15388,14039,128,128,34,100.0,いいえ,いいえ,3868,2528,9990,40,40,48,100.0,100.0,いいえ,いいえ,7031,7744,0.0,19.3,19.3,0.000,0.012,1392,1006,0.0,0.0,0.0,0.000,0.000,181182,133153,0.0,0.2,0.2,0.000,0.754,66270,77530,65.3,0.720,39.000,600.0,2400.0,1200.0,100.0,0.0,0.0,0.0,0.0,0.0,0.0,0.0,0.0,125,2,16.0,86,いいえ,いいえ,いいえ,39.9,46.0,49.7,84.0,0.865,12.316,12.324,12.274,12.340,12.325,0,0,10.263,4.866,2.939,0.320,7.892,3.097,0.160,8.056,8.111,8.349,220.000,220.000,210.0,50.6,1185.0,210.0,1290.0,210.1,50.5,1414.0,4.0,7.0,2.0,0.0,10.1,0.7,0.9,0.0,1.9,0.0,0,0,はい,いいえ,いいえ,いいえ,いいえ,はい,いいえ,5.0,4.9,0,0,0,0,0,0,0,0,0,0,0,0,0,0,0,0,0,0,0,0,0,0,0,0,0,0,0,0,0,0,11040,1242,965,110,2.5,2.7,2.7,2.7,2.7,2.7,2.7,2.9,2.9,2.9,2.9,2.9,2.9,370.21,370.21,370.21,370.21,370.21,370.21,10.55,90.78,370.11,0.10,287.52,0,0,0.0,0.0,44284,38829,6.9,215.6,0,
19.7.2026,0:45:16.762,21057,12853,62.0,17449,14414,54.7,1.0,2048,20,1.070,1.090,1.090,1.090,1.050,1.050,1.050,4704.0,4716.5,4741.4,4716.5,4691.5,4691.5,4666.6,99.8,4676.8,4691.7,4676.1,4675.5,4675.6,4674.2,4675.7,4675.4,4675.7,4675.7,4675.5,4675.1,4675.5,4676.8,100.0,99.9,100.0,100.0,100.0,100.0,100.0,100.0,100.0,100.0,100.0,100.0,100.0,100.0,100.0,123.3,123.2,123.3,123.3,123.3,123.3,123.3,123.3,123.3,123.3,123.3,123.3,123.3,123.3,47.1,47.2,47.5,47.2,47.0,47.0,46.8,0.0,100.0,100.0,100.0,100.0,100.0,100.0,100.0,0.0,0.0,0.0,0.0,0.0,0.0,0.0,0.0,0.0,0.0,0.0,0.0,0.0,0.0,2395.7,24.00,40,39,39,77,116,708,1,85.9,85.0,84.8,81.7,77.4,82.4,84.6,84.1,78.8,83.1,65.2,65.2,69.5,63.0,45.0,44.0,46.0,1.070,1.015,1.100,40.562,7.872,40.558,49.500,5.472,64.461,6.699,6.440,6.746,6.842,6.830,6.627,6.710,43.412,7.990,57.421,63.055,1996.4,2395.7,4702.2,4702.2,4725.1,71.7,54.1,33.0,71.7,100.0,いいえ,いいえ,いいえ,10.276,3.025,6.0,38.0,85.9,40.0,85.0,1.104,12.197,3.456,3.328,5.040,1.072,1.024,3.440,3.328,1.808,1.024,1.120,1.040,1.792,1.104,0.768,1.824,0.256,2011,いいえ,57.4,43.0,1.095,1.110,1.815,1.800,0.990,5.040,1.000,いいえ,いいえ,いいえ,42.5,1.095,1.110,1.815,1.800,1.005,5.040,0.750,いいえ,いいえ,いいえ,37,37,いいえ,はい,15388,14039,128,128,34,100.0,いいえ,いいえ,3868,2528,9990,40,40,48,100.0,100.0,いいえ,いいえ,7031,7744,0.0,0.0,0.0,0.000,0.002,1392,1006,0.0,0.0,0.0,0.000,0.000,181182,133153,0.0,0.0,0.0,0.000,0.028,66270,77530,65.3,0.720,47.000,600.0,2400.0,1200.0,100.0,0.0,0.0,0.0,0.0,0.0,0.0,0.0,0.0,125,2,16.0,86,いいえ,いいえ,いいえ,39.9,44.0,49.7,84.0,0.865,12.315,12.322,12.274,12.340,12.323,0,0,10.356,4.792,2.739,0.296,7.892,2.875,0.148,8.043,8.074,8.267,220.000,220.000,210.0,50.6,1185.0,210.0,1290.0,210.0,50.5,1412.8,3.0,6.0,1.0,0.0,10.1,0.8,1.0,0.0,2.2,0.0,0,0,はい,いいえ,いいえ,いいえ,いいえ,はい,いいえ,5.0,5.0,0,0,0,0,0,0,0,0,0,0,0,0,0,0,0,0,0,0,0,0,0,0,0,0,0,0,0,0,0,0,11040,1242,965,110,2.5,4.3,15.2,2.5,2.5,2.5,2.5,3.6,5.9,2.6,2.6,2.6,2.6,231.23,400.06,65.61,62.86,403.32,403.32,4.16,72.19,231.13,0.10,258.90,0,0,0.0,0.0,44284,38830,6.4,317.6,0,
19.7.2026,0:45:18.767,21045,12866,62.0,17446,14416,54.7,1.0,2048,20,1.093,1.100,1.090,1.090,1.050,1.090,1.135,4762.2,4766.4,4741.4,4766.4,4716.5,4716.5,4866.2,99.8,4682.8,4697.1,4680.8,4681.3,4681.5,4680.8,4681.5,4681.5,4681.7,4681.8,4681.8,4681.6,4681.8,4682.8,100.0,100.0,100.0,100.0,100.0,100.0,100.0,100.0,100.0,100.0,100.0,100.0,100.0,100.0,100.0,123.4,123.4,123.4,123.4,123.4,123.4,123.4,123.4,123.4,123.4,123.4,123.4,123.4,123.4,47.7,47.8,47.5,47.8,47.2,47.2,48.8,0.0,100.0,100.0,100.0,100.0,100.0,100.0,100.0,0.0,0.0,0.0,0.0,0.0,0.0,0.0,0.0,0.0,0.0,0.0,0.0,0.0,0.0,2395.7,24.00,40,39,39,77,116,708,1,86.0,85.0,83.0,81.9,77.6,82.4,84.5,84.2,79.0,83.5,65.2,65.2,70.5,63.1,45.0,44.0,46.0,1.074,1.015,1.100,40.718,7.908,40.718,49.500,5.463,64.883,6.739,6.492,6.753,6.837,6.869,6.682,6.802,43.731,8.027,57.767,63.432,1996.4,2395.7,4707.8,4707.8,4731.9,72.1,54.3,33.0,72.1,100.0,いいえ,いいえ,いいえ,10.749,3.071,6.0,39.0,86.0,40.0,86.0,1.120,12.197,3.456,3.328,5.040,1.072,1.024,3.440,3.328,1.808,1.024,1.120,1.040,1.792,1.104,0.768,1.824,0.256,2036,いいえ,57.4,43.0,1.095,1.110,1.815,1.800,1.005,5.040,0.875,いいえ,いいえ,いいえ,42.5,1.095,1.110,1.815,1.800,1.005,5.040,1.000,いいえ,いいえ,いいえ,37,37,いいえ,はい,15388,14039,128,128,34,100.0,いいえ,いいえ,3868,2528,9990,40,40,48,100.0,100.0,いいえ,いいえ,7031,7744,0.0,0.0,0.0,0.000,0.004,1392,1006,0.0,0.0,0.0,0.000,0.000,181182,133153,0.0,0.0,0.0,0.000,0.008,66270,77530,65.2,0.720,40.000,600.0,2400.0,1200.0,100.0,0.0,0.0,0.0,0.0,0.0,0.0,0.0,0.0,125,2,16.0,86,いいえ,いいえ,いいえ,39.9,44.0,49.6,84.0,0.865,12.310,12.318,12.268,12.334,12.319,0,0,10.409,4.792,2.812,0.296,7.851,2.960,0.148,8.006,8.098,8.163,220.000,220.000,210.0,50.6,1185.0,210.0,1290.0,209.9,50.5,1413.9,3.0,7.0,3.0,0.0,10.1,0.7,1.1,0.0,1.6,0.0,0,0,はい,いいえ,いいえ,いいえ,いいえ,はい,いいえ,4.7,5.6,0,0,0,0,0,0,0,0,0,0,0,0,0,0,0,0,0,0,0,0,0,0,0,0,0,0,0,0,0,0,11040,1242,965,110,2.5,3.3,8.1,2.3,2.3,2.3,2.3,2.4,2.4,2.4,2.4,2.4,2.4,307.02,436.33,123.40,118.96,437.79,437.79,6.84,78.13,306.92,0.11,325.62,0,0,0.0,0.0,44284,38830,7.0,264.0,0,
19.7.2026,0:45:20.774,21037,12874,62.0,17399,14464,54.6,1.0,2048,20,1.064,1.025,1.075,1.075,1.075,1.060,1.075,4679.1,4616.7,4716.5,4716.5,4716.5,4616.7,4691.5,99.8,4692.9,4707.4,4691.8,4691.8,4691.8,4691.0,4691.6,4691.8,4691.7,4691.3,4691.8,4691.6,4691.7,4692.9,100.0,100.0,100.0,100.0,100.0,100.0,100.0,100.0,100.0,100.0,100.0,100.0,100.0,100.0,100.0,123.7,123.7,123.7,123.7,123.7,123.7,123.7,123.7,123.7,123.7,123.7,123.7,123.7,123.7,46.9,46.2,47.2,47.2,47.2,46.2,47.0,0.0,100.0,100.0,100.0,100.0,100.0,100.0,100.0,0.0,0.0,0.0,0.0,0.0,0.0,0.0,0.0,0.0,0.0,0.0,0.0,0.0,0.0,2395.7,24.00,40,39,39,77,116,708,1,86.0,85.0,86.9,81.7,77.2,82.4,84.5,84.3,78.7,83.3,65.2,65.2,70.2,63.1,45.0,44.0,46.1,1.079,1.015,1.100,40.410,7.794,40.411,50.000,5.465,64.666,6.678,6.318,6.720,6.794,6.887,6.606,6.743,43.639,7.911,57.561,63.236,1996.4,2395.7,4718.4,4718.4,4741.8,71.9,53.9,33.3,71.9,100.0,いいえ,いいえ,いいえ,11.057,2.690,6.0,38.0,86.0,40.0,86.0,1.120,12.197,3.456,3.328,5.040,1.072,1.024,3.456,3.328,1.808,1.024,1.120,1.040,1.792,1.104,0.768,1.824,0.256,2027,いいえ,57.4,43.0,1.095,1.110,1.815,1.800,1.005,5.040,0.875,いいえ,いいえ,いいえ,42.5,1.110,1.110,1.815,1.800,1.005,5.040,1.000,いいえ,いいえ,いいえ,37,37,いいえ,はい,15388,14039,128,128,34,100.0,いいえ,いいえ,3868,2528,9990,40,40,48,100.0,100.0,いいえ,いいえ,7031,7744,0.0,0.1,0.1,0.000,0.010,1392,1006,0.0,0.0,0.0,0.000,0.000,181182,133153,0.0,0.0,0.0,0.000,0.134,66270,77530,65.2,0.720,34.000,600.0,2400.0,1200.0,100.0,0.0,0.0,0.0,0.0,0.0,0.0,0.0,0.0,125,2,16.0,86,いいえ,いいえ,いいえ,39.9,44.0,49.7,84.0,0.865,12.314,12.322,12.273,12.339,12.323,0,0,10.150,4.704,2.493,0.296,7.830,2.641,0.148,7.979,8.080,8.167,220.000,220.000,210.0,50.6,1185.0,210.0,1290.0,210.0,50.5,1413.2,4.0,7.0,2.0,0.0,10.1,0.7,0.9,0.0,1.8,0.0,0,0,はい,いいえ,いいえ,いいえ,いいえ,はい,いいえ,4.6,5.3,0,0,0,0,0,0,0,0,0,0,0,0,0,0,0,0,0,0,0,0,0,0,0,0,0,0,0,0,0,0,11040,1242,965,110,2.5,2.5,2.5,2.5,2.5,2.5,2.5,2.5,2.5,2.5,2.5,2.5,2.5,400.49,400.49,400.49,400.49,400.49,400.49,0.11,0.00,400.49,0.00,601.86,0,0,0.0,0.0,44284,38831,140.4,231.0,0,
19.7.2026,0:45:22.767,21027,12884,62.0,17398,14465,54.6,1.0,2048,20,1.058,1.105,1.035,1.020,1.060,1.035,1.090,4679.1,4766.4,4616.7,4591.7,4716.5,4641.6,4741.4,99.8,4696.3,4711.3,4695.4,4695.3,4694.4,4694.1,4694.5,4694.4,4694.7,4695.2,4695.3,4695.2,4695.3,4696.3,100.0,100.0,100.0,100.0,100.0,100.0,100.0,100.0,100.0,100.0,100.0,100.0,100.0,100.0,100.0,123.8,123.8,123.8,123.8,123.8,123.8,123.8,123.8,123.8,123.8,123.8,123.8,123.8,123.8,46.9,47.8,46.2,46.0,47.2,46.5,47.5,0.0,100.0,100.0,100.0,100.0,100.0,100.0,100.0,0.0,0.0,0.0,0.0,0.0,0.0,0.0,0.0,0.0,0.0,0.0,0.0,0.0,0.0,2395.7,24.00,40,39,39,77,116,708,1,86.0,85.0,86.4,81.8,77.3,82.6,84.6,84.3,78.7,83.6,65.2,65.2,70.2,63.3,45.0,44.0,46.0,1.081,1.015,1.100,40.558,7.871,40.556,53.500,5.464,64.952,6.728,6.442,6.778,6.819,6.866,6.627,6.837,43.859,7.989,57.859,63.527,1996.4,2395.7,4721.0,4721.0,4744.6,72.2,54.1,35.7,72.2,100.0,いいえ,いいえ,いいえ,11.009,2.770,6.0,38.0,86.0,40.0,86.0,1.080,12.197,3.440,3.328,5.040,1.072,1.024,3.440,3.328,1.808,1.024,1.120,1.040,1.792,1.104,0.768,1.824,0.256,2023,いいえ,57.4,43.0,1.095,1.110,1.815,1.800,1.005,5.040,1.250,いいえ,いいえ,いいえ,42.5,1.095,1.110,1.815,1.800,1.005,5.040,1.125,いいえ,いいえ,いいえ,37,37,いいえ,はい,15388,14039,128,128,34,100.0,いいえ,いいえ,3868,2528,9990,40,40,48,100.0,100.0,いいえ,いいえ,7031,7744,0.0,0.0,0.0,0.000,0.000,1392,1006,0.0,0.0,0.0,0.000,0.000,181182,133153,0.0,0.0,0.0,0.000,0.010,66270,77531,65.2,0.720,38.000,600.0,2400.0,1200.0,100.0,0.0,0.0,0.0,0.0,0.0,0.0,0.0,0.0,125,2,16.0,86,いいえ,いいえ,いいえ,39.9,44.0,49.7,84.0,0.865,12.316,12.325,12.274,12.340,12.323,0,0,10.339,4.605,2.183,0.222,7.819,2.295,0.111,7.941,8.101,8.165,220.000,220.000,210.0,50.6,1185.0,210.0,1290.0,209.9,50.5,1413.3,4.0,7.0,2.0,0.0,10.1,0.7,1.1,0.0,1.9,0.0,0,0,はい,いいえ,いいえ,いいえ,いいえ,はい,いいえ,4.6,5.9,0,0,0,0,0,0,0,0,0,0,0,0,0,0,0,0,0,0,0,0,0,0,0,0,0,0,0,0,0,0,11040,1242,965,109,2.5,0.7,0.7,0.7,0.7,0.7,0.7,0.7,0.7,0.7,0.7,0.7,0.7,1383.41,1383.41,1383.41,1383.41,1383.41,1383.41,6.89,109.20,1383.41,0.00,783.65,0,0,0.0,0.0,44284,38831,6.2,160.2,0,
19.7.2026,0:45:24.775,21026,12885,62.0,17396,14466,54.5,1.0,2048,20,1.021,1.045,1.035,1.000,1.010,1.025,1.010,4595.9,4616.7,4516.9,4591.7,4616.7,4591.7,4641.6,99.8,4673.7,4688.6,4673.0,4671.8,4672.4,4671.2,4672.8,4671.8,4672.5,4672.9,4671.8,4672.8,4672.9,4673.7,100.0,99.9,100.0,100.0,100.0,100.0,100.0,100.0,100.0,100.0,100.0,100.0,100.0,100.0,100.0,123.2,123.2,123.2,123.2,123.2,123.2,123.2,123.2,123.2,123.2,123.2,123.2,123.2,123.2,46.0,46.2,45.2,46.0,46.2,46.0,46.5,0.0,100.0,100.0,100.0,100.0,100.0,100.0,100.0,0.0,0.0,0.0,0.0,0.0,0.0,0.0,0.0,0.0,0.0,0.0,0.0,0.0,0.0,2395.7,24.00,40,39,39,77,116,708,1,86.0,85.0,84.4,81.9,77.7,82.8,84.5,84.1,79.1,83.4,65.3,65.3,71.0,63.1,45.0,44.0,46.1,1.068,1.015,1.100,40.723,7.954,40.724,50.500,5.458,64.660,6.732,6.467,6.867,6.784,6.808,6.696,6.769,43.513,8.073,57.590,63.219,1996.4,2395.7,4699.4,4699.4,4721.4,71.8,54.3,33.7,71.8,100.0,いいえ,いいえ,いいえ,10.030,3.115,6.0,38.0,85.9,40.0,85.0,1.104,12.197,3.456,3.328,5.040,1.072,1.024,3.440,3.328,1.808,1.024,1.120,1.040,1.792,1.104,0.768,1.824,0.256,2027,いいえ,57.4,43.0,1.095,1.110,1.815,1.800,1.005,5.040,1.125,いいえ,いいえ,いいえ,42.5,1.095,1.110,1.815,1.800,1.005,5.040,0.750,いいえ,いいえ,いいえ,37,37,いいえ,はい,15388,14039,128,128,34,100.0,いいえ,いいえ,3868,2528,9990,40,40,48,100.0,100.0,いいえ,いいえ,7031,7744,0.0,0.1,0.1,0.000,0.008,1392,1006,0.0,0.0,0.0,0.000,0.000,181182,133153,0.0,0.1,0.1,0.000,0.178,66270,77531,65.3,0.720,41.000,600.0,2400.0,1200.0,100.0,0.0,0.0,0.0,0.0,0.0,0.0,0.0,0.0,125,2,16.0,86,いいえ,いいえ,いいえ,39.9,44.0,49.7,84.0,0.865,12.311,12.321,12.268,12.335,12.319,0,0,10.240,4.616,2.246,0.222,7.827,2.356,0.111,7.952,8.054,8.164,220.000,220.000,210.0,50.6,1185.0,210.0,1290.0,210.0,50.5,1413.2,2.0,6.0,1.0,0.0,10.1,0.6,0.7,0.0,1.6,0.0,0,0,はい,いいえ,いいえ,いいえ,いいえ,はい,いいえ,4.6,5.0,0,0,0,0,0,0,0,0,0,0,0,0,0,0,0,0,0,0,0,0,0,0,0,0,0,0,0,0,0,0,11040,1242,965,109,2.5,5.1,17.6,2.4,2.4,2.4,2.4,2.6,2.6,2.6,2.6,2.6,2.6,195.07,408.47,56.74,56.54,409.45,409.45,3.00,31.10,194.97,0.10,412.87,0,0,0.0,0.0,44284,38831,6.5,190.6,0,
19.7.2026,0:45:26.766,21026,12885,62.0,17394,14468,54.5,1.0,2048,20,1.080,1.120,1.075,1.075,1.075,1.060,1.075,4729.0,4791.4,4716.5,4716.5,4716.5,4716.5,4716.5,99.8,4684.9,4698.9,4683.3,4683.4,4683.6,4683.0,4683.6,4683.8,4683.8,4683.8,4683.9,4683.8,4683.8,4684.9,100.0,100.0,100.0,100.0,100.0,100.0,100.0,100.0,100.0,100.0,100.0,100.0,100.0,100.0,100.0,123.5,123.5,123.5,123.5,123.5,123.5,123.5,123.5,123.5,123.5,123.5,123.5,123.5,123.5,47.4,48.0,47.2,47.2,47.2,47.2,47.2,0.0,100.0,100.0,100.0,100.0,100.0,100.0,100.0,0.0,0.0,0.0,0.0,0.0,0.0,0.0,0.0,0.0,0.0,0.0,0.0,0.0,0.0,2395.7,24.00,40,39,39,77,116,708,1,86.0,85.0,85.2,81.9,77.5,82.8,84.5,84.2,78.8,83.5,65.3,65.3,70.0,63.5,45.0,44.0,46.1,1.074,1.015,1.100,40.468,7.970,40.472,50.500,5.435,64.669,6.709,6.436,6.840,6.777,6.814,6.621,6.766,43.490,8.089,57.558,63.241,1996.4,2395.7,4709.1,4709.1,4732.9,71.9,54.0,33.7,71.9,100.0,いいえ,いいえ,いいえ,10.905,3.167,6.0,38.0,86.0,40.0,86.0,1.064,12.197,3.440,3.328,5.040,1.072,1.024,3.440,3.328,1.808,1.024,1.120,1.040,1.792,1.096,0.768,1.824,0.256,2014,いいえ,57.4,43.0,1.095,1.110,1.815,1.800,1.005,5.040,0.625,いいえ,いいえ,いいえ,42.5,1.095,1.110,1.815,1.815,1.005,5.040,0.875,いいえ,いいえ,いいえ,37,37,いいえ,はい,15388,14039,128,128,34,100.0,いいえ,いいえ,3868,2528,9990,40,40,48,100.0,100.0,いいえ,いいえ,7031,7744,0.0,0.0,0.0,0.000,0.002,1392,1006,0.0,0.0,0.0,0.000,0.000,181182,133153,0.0,0.0,0.0,0.000,0.000,66270,77531,65.2,0.720,37.000,600.0,2400.0,1200.0,100.0,0.0,0.0,0.0,0.0,0.0,0.0,0.0,0.0,125,2,16.0,86,いいえ,いいえ,いいえ,39.9,44.0,49.6,84.0,0.865,12.315,12.325,12.274,12.339,12.324,0,0,10.392,4.591,2.136,0.222,7.831,2.246,0.111,7.951,8.069,8.164,220.000,220.000,210.0,50.6,1185.0,210.0,1290.0,210.0,50.5,1413.6,6.0,7.0,3.0,0.0,10.1,0.8,1.0,0.0,2.3,0.0,0,0,はい,いいえ,いいえ,いいえ,いいえ,はい,いいえ,4.6,5.4,0,0,0,0,0,0,0,0,0,0,0,0,0,0,0,0,0,0,0,0,0,0,0,0,0,0,0,0,0,0,11040,1242,965,109,2.5,0.7,0.7,0.7,0.7,0.7,0.7,0.7,0.7,0.7,0.7,0.7,0.7,1383.54,1383.54,1383.54,1383.54,1383.54,1383.54,3.49,63.45,1383.54,0.00,399.95,0,0,0.0,0.0,44284,38832,6.9,311.4,0,
19.7.2026,0:45:28.762,21024,12887,61.9,17394,14469,54.5,1.0,2048,20,1.083,1.060,1.105,1.090,1.075,1.075,1.090,4737.3,4741.4,4741.4,4716.5,4741.4,4741.4,4741.4,99.8,4687.2,4701.5,4686.0,4685.9,4685.9,4685.2,4685.9,4686.0,4686.0,4685.8,4686.2,4685.8,4686.1,4687.2,100.0,100.0,100.0,100.0,100.0,100.0,100.0,100.0,100.0,100.0,100.0,100.0,100.0,100.0,100.0,123.5,123.5,123.6,123.5,123.5,123.5,123.6,123.6,123.6,123.5,123.6,123.5,123.6,123.5,47.5,47.5,47.5,47.2,47.5,47.5,47.5,0.0,100.0,100.0,100.0,100.0,100.0,100.0,100.0,0.0,0.0,0.0,0.0,0.0,0.0,0.0,0.0,0.0,0.0,0.0,0.0,0.0,0.0,2395.7,24.00,40,39,39,77,116,708,1,86.0,85.0,85.2,81.7,77.2,82.6,84.6,84.2,78.4,83.3,65.3,65.3,69.8,63.3,45.0,44.0,46.1,1.075,1.015,1.100,40.380,8.036,40.380,52.500,5.447,64.702,6.658,6.351,6.770,6.804,6.810,6.509,6.705,43.447,8.157,57.595,63.250,1996.4,2395.7,4712.0,4712.0,4735.3,71.9,53.8,35.0,71.9,100.0,いいえ,いいえ,いいえ,10.790,2.781,6.0,38.0,86.0,40.0,86.0,1.064,12.197,3.456,3.328,5.040,1.072,1.024,3.440,3.328,1.808,1.024,1.120,1.040,1.792,1.104,0.768,1.824,0.256,2017,いいえ,57.4,43.0,1.095,1.110,1.815,1.800,1.005,5.040,1.250,いいえ,いいえ,いいえ,42.5,1.095,1.110,1.815,1.800,1.005,5.040,0.750,いいえ,いいえ,いいえ,37,37,いいえ,はい,15388,14039,128,128,34,100.0,いいえ,いいえ,3868,2528,9990,40,40,48,100.0,100.0,いいえ,いいえ,7031,7744,0.0,0.0,0.0,0.000,0.000,1392,1006,0.0,0.0,0.0,0.000,0.000,181182,133153,0.0,0.0,0.0,0.000,0.010,66270,77531,65.3,0.720,45.000,600.0,2400.0,1200.0,100.0,0.0,0.0,0.0,0.0,0.0,0.0,0.0,0.0,125,2,16.0,86,いいえ,いいえ,いいえ,39.9,44.0,49.7,84.0,0.865,12.314,12.323,12.272,12.338,12.322,0,0,10.322,4.970,2.634,0.271,7.866,2.764,0.136,8.003,9.768,8.318,220.000,220.000,210.0,50.6,1185.0,210.0,1290.0,210.0,50.5,1413.6,4.0,7.0,2.0,0.0,10.1,0.6,0.8,0.0,1.8,0.0,0,0,はい,いいえ,いいえ,いいえ,いいえ,はい,いいえ,4.8,5.1,0,0,0,0,0,0,0,0,0,0,0,0,0,0,0,0,0,0,0,0,0,0,0,0,0,0,0,0,0,0,11040,1242,965,109,2.5,0.7,0.7,0.7,0.7,0.7,0.7,0.7,0.7,0.7,0.7,0.7,0.7,1383.54,1383.54,1383.54,1383.54,1383.54,1383.54,3.49,63.45,1383.54,0.00,399.95,0,0,0.0,0.0,44284,38832,6.9,254.0,0,
19.7.2026,0:45:30.774,21029,12882,62.0,17394,14469,54.5,1.0,2048,20,1.064,1.075,1.090,1.075,1.050,1.035,1.060,4691.5,4716.5,4741.4,4691.5,4666.6,4641.6,4691.5,99.8,4688.8,4703.5,4687.4,4686.1,4687.6,4687.2,4687.7,4687.8,4687.8,4687.8,4687.6,4687.5,4687.4,4688.8,100.0,99.9,100.0,100.0,100.0,100.0,100.0,100.0,100.0,100.0,100.0,100.0,100.0,100.0,100.0,123.6,123.5,123.6,123.6,123.6,123.6,123.6,123.6,123.6,123.6,123.6,123.6,123.6,123.6,47.0,47.2,47.5,47.0,46.8,46.5,47.0,0.0,100.0,100.0,100.0,100.0,100.0,100.0,100.0,0.0,0.0,0.0,0.0,0.0,0.0,0.0,0.0,0.0,0.0,0.0,0.0,0.0,0.0,2395.7,24.00,40,39,39,77,116,708,1,86.0,85.0,84.9,81.8,77.3,82.7,84.7,84.2,78.7,83.3,65.3,65.3,70.8,63.3,45.0,44.0,46.1,1.077,1.015,1.100,40.520,7.952,40.521,53.000,5.466,64.802,6.685,6.395,6.763,6.847,6.824,6.582,6.699,43.648,8.072,57.733,63.389,1996.4,2395.7,4713.4,4713.4,4736.3,72.0,54.0,35.3,72.0,100.0,いいえ,いいえ,いいえ,10.624,2.806,6.0,39.0,86.0,40.0,86.0,1.072,12.197,3.456,3.328,5.040,1.072,1.024,3.440,3.328,1.808,1.024,1.120,1.040,1.792,1.104,0.768,1.824,0.256,2023,いいえ,57.4,43.0,1.095,1.110,1.815,1.800,1.005,5.040,1.125,いいえ,いいえ,いいえ,42.5,1.095,1.110,1.815,1.800,1.005,5.040,0.625,いいえ,いいえ,いいえ,37,37,いいえ,はい,15388,14039,128,128,34,100.0,いいえ,いいえ,3868,2528,9990,40,40,48,100.0,100.0,いいえ,いいえ,7031,7744,0.0,0.2,0.2,0.000,0.016,1392,1006,0.0,0.0,0.0,0.000,0.000,181182,133153,0.0,0.0,0.0,0.000,0.002,66270,77531,65.3,0.720,40.000,600.0,2400.0,1200.0,100.0,0.0,0.0,0.0,0.0,0.0,0.0,0.0,0.0,125,2,16.0,86,いいえ,いいえ,いいえ,39.9,44.0,49.7,84.0,0.865,12.315,12.325,12.273,12.340,12.324,0,0,10.349,4.565,2.054,0.222,7.818,2.159,0.111,7.936,8.060,8.162,220.000,220.000,210.0,50.6,1185.0,210.0,1290.0,210.0,50.5,1412.9,3.0,7.0,1.0,0.0,10.1,0.8,1.1,0.0,2.0,0.0,0,0,はい,いいえ,いいえ,いいえ,いいえ,はい,いいえ,4.5,5.3,0,0,0,0,0,0,0,0,0,0,0,0,0,0,0,0,0,0,0,0,0,0,0,0,0,0,0,0,0,0,11040,1242,965,108,2.5,0.7,0.7,0.7,0.7,0.7,0.7,0.7,0.7,0.7,0.7,0.7,0.7,1383.54,1383.54,1383.54,1383.54,1383.54,1383.54,3.49,63.45,1383.54,0.00,399.95,0,0,0.0,0.0,44285,38833,6.6,231.6,0,
19.7.2026,0:45:32.767,21026,12885,62.0,17394,14469,54.5,1.0,2048,20,1.077,1.075,1.100,1.090,1.060,1.085,1.050,4699.9,4741.4,4766.4,4741.4,4616.7,4766.4,4566.8,99.8,4683.6,4697.9,4681.9,4682.4,4682.3,4681.9,4682.4,4682.6,4682.7,4682.6,4681.2,4682.3,4682.6,4683.6,100.0,100.0,100.0,100.0,100.0,100.0,100.0,100.0,100.0,100.0,100.0,100.0,100.0,100.0,100.0,123.4,123.5,123.4,123.5,123.5,123.5,123.5,123.5,123.5,123.5,123.4,123.4,123.5,123.5,47.1,47.5,47.8,47.5,46.2,47.8,45.8,0.0,100.0,100.0,100.0,100.0,100.0,100.0,100.0,0.0,0.0,0.0,0.0,0.0,0.0,0.0,0.0,0.0,0.0,0.0,0.0,0.0,0.0,2395.7,24.00,40,39,39,77,116,708,1,86.0,85.0,86.9,81.8,77.2,82.8,84.3,84.0,78.9,83.6,65.2,65.2,70.0,63.2,45.0,44.0,46.3,1.073,1.015,1.100,40.317,8.032,40.312,49.000,5.464,64.548,6.697,6.367,6.830,6.727,6.758,6.660,6.838,43.309,8.153,57.472,63.113,1996.4,2395.7,4708.5,4708.5,4731.2,71.7,53.7,32.7,71.7,100.0,いいえ,いいえ,いいえ,10.506,2.971,6.0,38.0,86.0,40.0,86.0,1.112,12.197,3.440,3.328,5.040,1.072,1.024,3.440,3.328,1.808,1.024,1.120,1.032,1.792,1.104,0.768,1.824,0.256,2023,いいえ,57.4,43.0,1.095,1.110,1.815,1.800,1.005,5.040,0.750,いいえ,いいえ,いいえ,42.5,1.110,1.110,1.815,1.800,1.005,5.040,0.875,いいえ,いいえ,いいえ,37,37,いいえ,はい,15388,14039,128,128,34,100.0,いいえ,いいえ,3868,2528,9990,40,40,48,100.0,100.0,いいえ,いいえ,7031,7744,0.0,0.0,0.0,0.000,0.000,1392,1006,0.0,0.0,0.0,0.000,0.000,181182,133153,0.0,0.0,0.0,0.000,0.008,66270,77531,65.3,0.720,46.000,600.0,2400.0,1200.0,100.0,0.0,0.0,0.0,0.0,0.0,0.0,0.0,0.0,125,2,16.0,86,いいえ,いいえ,いいえ,39.9,44.0,49.7,84.0,0.865,12.316,12.325,12.273,12.340,12.324,0,0,10.401,4.810,2.832,0.320,7.892,2.999,0.160,8.058,8.054,8.163,220.000,220.000,210.0,50.6,1185.0,210.0,1290.0,210.0,50.5,1413.2,7.0,7.0,4.0,0.0,10.1,0.5,0.6,0.0,1.5,0.0,0,0,はい,いいえ,いいえ,いいえ,いいえ,はい,いいえ,5.0,5.1,0,0,0,0,0,0,0,0,0,0,0,0,0,0,0,0,0,0,0,0,0,0,0,0,0,0,0,0,0,0,11040,1242,965,107,2.5,3.3,15.0,1.8,1.8,1.8,1.8,0.0,0.0,0.0,0.0,0.0,0.0,307.15,547.48,66.83,62.42,552.38,552.38,6.00,94.60,307.06,0.10,0.00,0,0,0.0,0.0,44285,38833,6.3,173.0,0,
19.7.2026,0:45:34.763,21028,12883,62.0,17391,14472,54.5,1.0,2048,20,1.102,1.105,1.090,1.090,1.105,1.105,1.120,4762.2,4741.4,4741.4,4766.4,4766.4,4791.4,4766.4,99.8,4693.7,4708.3,4692.7,4691.3,4692.8,4692.0,4692.6,4692.4,4693.1,4693.2,4690.1,4692.9,4693.3,4693.7,100.0,100.0,100.0,100.0,100.0,100.0,100.0,100.0,100.0,100.0,100.0,100.0,100.0,100.0,100.0,123.7,123.7,123.7,123.7,123.7,123.7,123.7,123.7,123.7,123.7,123.7,123.7,123.7,123.7,47.7,47.5,47.5,47.8,47.8,48.0,47.8,0.0,100.0,100.0,100.0,100.0,100.0,100.0,100.0,0.0,0.0,0.0,0.0,0.0,0.0,0.0,0.0,0.0,0.0,0.0,0.0,0.0,0.0,2395.7,24.00,40,39,39,77,116,708,1,86.0,85.0,85.9,81.8,77.4,82.7,84.5,84.2,78.8,83.4,65.3,65.3,70.2,63.0,45.0,44.0,46.4,1.079,1.015,1.100,40.344,8.060,40.349,51.500,5.458,64.855,6.692,6.415,6.799,6.765,6.808,6.623,6.740,43.578,8.181,57.763,63.438,1996.4,2395.7,4718.8,4718.8,4742.4,72.1,53.8,34.3,72.1,100.0,いいえ,いいえ,いいえ,10.922,2.808,6.0,39.0,86.0,40.0,86.0,1.096,12.197,3.440,3.328,5.040,1.064,1.024,3.440,3.328,1.808,1.024,1.120,1.040,1.792,1.104,0.768,1.824,0.256,2011,いいえ,57.4,43.0,1.110,1.110,1.815,1.800,1.005,5.040,0.750,いいえ,いいえ,いいえ,42.5,1.110,1.110,1.815,1.800,1.005,5.040,1.500,いいえ,いいえ,いいえ,37,37,いいえ,はい,15388,14039,128,128,34,100.0,いいえ,いいえ,3868,2528,9990,40,40,48,100.0,100.0,いいえ,いいえ,7031,7744,0.0,0.1,0.1,0.000,0.006,1392,1006,0.0,0.0,0.0,0.000,0.000,181182,133153,0.0,0.0,0.0,0.000,0.030,66270,77531,65.3,0.720,46.000,600.0,2400.0,1200.0,100.0,0.0,0.0,0.0,0.0,0.0,0.0,0.0,0.0,125,2,16.0,86,いいえ,いいえ,いいえ,39.9,44.0,49.7,84.0,0.865,12.316,12.321,12.268,12.334,12.318,0,0,10.776,4.810,2.211,0.246,7.815,2.331,0.123,7.943,8.054,8.163,220.000,220.000,210.0,50.6,1185.0,210.0,1290.0,210.0,50.5,1413.2,7.0,7.0,4.0,0.0,10.1,0.5,0.6,0.0,1.5,0.0,0,0,はい,いいえ,いいえ,いいえ,いいえ,はい,いいえ,5.0,5.1,0,0,0,0,0,0,0,0,0,0,0,0,0,0,0,0,0,0,0,0,0,0,0,0,0,0,0,0,0,0,11040,1242,965,107,2.5,1.7,17.5,0.5,0.5,0.5,0.5,0.0,0.0,0.0,0.0,0.0,0.0,584.20,2039.21,57.17,57.02,2098.60,2098.60,1.21,16.22,584.09,0.11,0.00,0,0,0.0,0.0,44285,38834,6.7,201.7,0,
19.7.2026,0:45:36.763,21027,12883,62.0,17393,14470,54.5,1.0,2048,20,1.073,1.090,1.035,1.075,1.075,1.075,1.090,4729.0,4716.5,4716.5,4741.4,4716.5,4741.4,4741.4,99.8,4664.2,4680.3,4661.7,4663.8,4664.0,4663.5,4663.8,4662.8,4661.2,4662.0,4661.9,4662.5,4662.6,4664.2,100.0,100.0,99.9,100.0,100.0,100.0,100.0,100.0,100.0,100.0,99.9,100.0,100.0,100.0,100.0,123.0,122.9,122.9,123.0,123.0,123.0,123.0,123.0,122.9,123.0,122.9,123.0,123.0,123.0,47.4,47.2,47.2,47.5,47.2,47.5,47.5,0.0,100.0,100.0,100.0,100.0,100.0,100.0,100.0,0.0,0.0,0.0,0.0,0.0,0.0,0.0,0.0,0.0,0.0,0.0,0.0,0.0,0.0,2395.7,24.00,40,39,39,77,116,708,1,86.0,85.0,86.4,81.9,77.4,83.0,84.4,84.1,78.9,83.6,65.1,65.1,69.5,62.9,45.0,44.0,46.4,1.063,1.015,1.100,40.763,7.973,40.759,50.500,5.461,64.522,6.724,6.443,6.887,6.745,6.797,6.675,6.795,43.361,8.092,57.460,63.082,1996.4,2395.7,4691.1,4691.1,4713.7,71.7,54.3,33.7,71.7,100.0,いいえ,いいえ,いいえ,9.855,3.344,6.0,39.0,86.0,40.0,86.0,1.096,12.197,3.440,3.328,5.040,1.064,1.024,3.440,3.328,1.808,1.024,1.120,1.040,1.792,1.104,0.768,1.824,0.256,2011,いいえ,57.4,43.0,1.110,1.110,1.815,1.800,1.005,5.040,0.875,いいえ,いいえ,いいえ,42.8,1.110,1.110,1.815,1.800,1.005,5.040,0.625,いいえ,いいえ,いいえ,37,37,いいえ,はい,15388,14039,128,128,34,100.0,いいえ,いいえ,3868,2528,9990,40,40,48,100.0,100.0,いいえ,いいえ,7031,7744,0.0,0.1,0.1,0.000,0.006,1392,1006,0.0,0.0,0.0,0.000,0.000,181182,133153,0.0,0.0,0.0,0.000,0.032,66270,77531,65.3,0.720,40.000,600.0,2400.0,1200.0,100.0,0.0,0.0,0.0,0.0,0.0,0.0,0.0,0.0,125,2,16.0,86,いいえ,いいえ,いいえ,39.9,44.0,49.7,84.0,0.865,12.310,12.321,12.268,12.334,12.318,0,0,10.776,4.611,2.211,0.246,7.815,2.331,0.123,7.943,8.054,8.163,220.000,220.000,210.0,50.6,1185.0,210.0,1290.0,210.0,50.5,1413.8,4.0,7.0,2.0,0.0,10.1,0.8,1.0,0.0,2.2,0.0,0,0,はい,いいえ,いいえ,いいえ,いいえ,はい,いいえ,4.9,5.0,0,0,0,0,0,0,0,0,0,0,0,0,0,0,0,0,0,0,0,0,0,0,0,0,0,0,0,0,0,0,11040,1242,965,108,2.5,1.1,1.1,1.1,1.1,1.1,1.1,1.2,1.2,1.2,1.2,1.2,1.2,885.47,885.47,885.47,885.47,885.47,885.47,13.04,122.74,885.37,0.10,353.53,0,0,0.0,0.0,44285,38834,7.2,375.3,0,
19.7.2026,0:45:38.769,21027,12884,62.0,17393,14470,54.5,1.0,2048,20,1.038,1.035,1.045,1.025,1.050,1.035,1.035,4637.5,4591.7,4641.6,4616.7,4666.6,4641.6,4666.6,99.8,4680.7,4695.2,4679.5,4679.9,4679.5,4679.2,4679.6,4679.6,4679.5,4679.3,4679.2,4679.1,4679.0,4680.7,100.0,100.0,100.0,100.0,100.0,100.0,100.0,100.0,100.0,100.0,100.0,100.0,100.0,100.0,100.0,123.4,123.4,123.4,123.4,123.4,123.4,123.4,123.4,123.4,123.4,123.4,123.4,123.4,123.4,46.5,46.0,46.5,46.2,46.8,46.5,46.8,0.0,100.0,100.0,100.0,100.0,100.0,100.0,100.0,0.0,0.0,0.0,0.0,0.0,0.0,0.0,0.0,0.0,0.0,0.0,0.0,0.0,0.0,2395.7,24.00,40,39,39,77,116,708,1,85.9,85.0,85.4,81.9,77.4,82.9,84.5,84.3,78.6,83.4,65.2,65.2,69.5,63.1,45.0,44.0,46.5,1.071,1.015,1.100,40.472,8.041,40.473,50.000,5.467,64.665,6.691,6.433,6.855,6.746,6.832,6.558,6.724,43.379,8.161,57.553,63.216,1996.4,2395.7,4705.4,4705.4,4728.3,71.8,54.0,33.3,71.8,100.0,いいえ,いいえ,いいえ,10.609,3.024,6.0,38.0,85.9,40.0,85.0,1.096,12.197,3.440,3.328,5.040,1.072,1.016,3.440,3.328,1.808,1.024,1.120,1.040,1.792,1.104,0.768,1.824,0.256,2011,いいえ,57.4,43.0,1.110,1.110,1.815,1.800,1.005,5.040,0.875,いいえ,いいえ,いいえ,42.8,1.110,1.110,1.815,1.815,1.005,5.040,1.625,いいえ,いいえ,いいえ,37,37,いいえ,はい,15388,14039,128,128,34,100.0,いいえ,いいえ,3868,2528,9990,40,40,48,100.0,100.0,いいえ,いいえ,7031,7744,0.0,5.1,5.1,0.000,0.006,1392,1006,0.0,0.0,0.0,0.000,0.000,181182,133153,0.0,0.0,0.0,0.000,0.000,66270,77531,65.2,0.720,45.000,600.0,2400.0,1200.0,100.0,0.0,0.0,0.0,0.0,0.0,0.0,0.0,0.0,125,2,16.0,86,いいえ,いいえ,いいえ,39.9,44.0,49.7,84.0,0.865,12.317,12.324,12.276,12.341,12.325,0,0,10.341,4.569,2.126,0.173,7.820,2.209,0.086,7.912,8.054,8.168,220.000,220.000,210.0,50.6,1185.0,210.0,1290.0,210.0,50.5,1413.3,4.0,6.0,2.0,0.0,10.1,0.6,0.7,0.0,1.6,0.0,0,0,はい,いいえ,いいえ,いいえ,いいえ,はい,いいえ,4.6,5.0,0,0,0,0,0,0,0,0,0,0,0,0,0,0,0,0,0,0,0,0,0,0,0,0,0,0,0,0,0,0,11040,1242,965,108,2.5,1.1,1.1,1.1,1.1,1.1,1.1,1.2,1.2,1.2,1.2,1.2,1.2,885.47,885.47,885.47,885.47,885.47,885.47,13.04,122.74,885.37,0.10,353.53,0,0,0.0,0.0,44285,38835,6.3,173.9,0,
19.7.2026,0:45:40.771,21044,12867,62.0,17391,14472,54.5,1.0,2048,20,1.120,1.060,1.135,1.135,1.105,1.145,1.140,4774.7,4691.5,4791.4,4791.4,4791.4,4816.3,4766.4,99.8,4685.5,4699.3,4683.9,4684.2,4684.2,4683.1,4684.1,4683.9,4684.4,4684.0,4685.3,4684.8,4685.3,4685.5,100.0,100.0,100.0,100.0,100.0,100.0,100.0,100.0,100.0,100.0,100.0,100.0,100.0,100.0,100.0,123.5,123.5,123.5,123.5,123.5,123.5,123.5,123.5,123.5,123.5,123.5,123.5,123.5,123.5,47.8,47.0,48.0,48.0,48.0,48.2,47.8,0.0,100.0,100.0,100.0,100.0,100.0,100.0,100.0,0.0,0.0,0.0,0.0,0.0,0.0,0.0,0.0,0.0,0.0,0.0,0.0,0.0,0.0,2395.7,24.00,40,39,39,77,116,708,1,85.9,85.0,84.9,81.8,77.3,82.4,84.5,84.3,78.6,83.5,65.2,65.2,69.2,63.0,45.0,44.0,46.4,1.074,1.015,1.100,40.362,8.048,40.368,52.500,5.489,64.597,6.712,6.507,6.853,6.756,6.842,6.551,6.761,43.351,8.168,57.558,63.193,1996.4,2395.7,4709.5,4709.5,4732.5,71.8,53.8,35.0,71.8,100.0,いいえ,いいえ,いいえ,10.335,2.768,6.0,39.0,86.0,40.0,86.0,1.104,12.197,3.440,3.328,5.040,1.072,1.024,3.440,3.328,1.808,1.024,1.120,1.040,1.792,1.104,0.768,1.824,0.256,2033,いいえ,57.4,43.0,1.110,1.110,1.815,1.800,1.005,5.040,1.125,いいえ,いいえ,いいえ,42.8,1.110,1.110,1.815,1.800,1.005,5.040,0.875,いいえ,いいえ,いいえ,37,37,いいえ,はい,15388,14039,128,128,34,100.0,いいえ,いいえ,3868,2528,9990,40,40,48,100.0,100.0,いいえ,いいえ,7031,7744,0.0,0.0,0.0,0.000,0.004,1392,1006,0.0,0.0,0.0,0.000,0.000,181182,133153,0.0,0.4,0.4,0.000,1.959,66270,77535,65.2,0.720,43.000,600.0,2400.0,1200.0,100.0,0.0,0.0,0.0,0.0,0.0,0.0,0.0,0.0,125,2,16.0,86,いいえ,いいえ,いいえ,39.9,44.0,49.7,84.0,0.865,12.314,12.322,12.273,12.340,12.323,0,0,10.380,4.843,2.969,0.320,7.879,3.134,0.160,8.048,8.057,8.173,220.000,220.000,210.0,50.6,1185.0,210.0,1290.0,210.0,50.5,1413.7,3.0,6.0,1.0,0.0,10.1,0.6,0.8,0.0,1.7,0.0,0,0,はい,いいえ,いいえ,いいえ,いいえ,はい,いいえ,5.0,6.2,0,0,0,0,0,0,0,0,0,0,0,0,0,0,0,0,0,0,0,0,0,0,0,0,0,0,0,0,0,0,11040,1242,965,108,2.5,5.0,216.0,2.5,2.5,2.5,2.5,4.8,48.8,2.5,2.5,2.5,2.5,200.26,395.89,4.63,1.04,399.88,399.88,6.57,193.72,200.26,0.00,808.16,0,0,0.0,0.0,44285,38835,6.3,173.9,0,
19.7.2026,0:45:42.770,21030,12881,62.0,17393,14470,54.5,1.0,2048,20,1.064,1.025,1.075,1.075,1.060,1.090,1.060,4683.2,4616.7,4691.5,4716.5,4691.5,4691.5,4691.5,99.8,4696.4,4711.5,4695.7,4695.6,4695.5,4694.9,4695.4,4694.9,4694.8,4694.7,4694.4,4694.5,4694.5,4696.4,100.0,100.0,100.0,100.0,100.0,100.0,100.0,100.0,100.0,100.0,100.0,100.0,100.0,100.0,100.0,123.8,123.8,123.8,123.8,123.8,123.8,123.8,123.8,123.8,123.8,123.8,123.8,123.8,123.8,46.9,46.2,47.0,47.2,47.0,47.0,47.0,0.0,100.0,100.0,100.0,100.0,100.0,100.0,100.0,0.0,0.0,0.0,0.0,0.0,0.0,0.0,0.0,0.0,0.0,0.0,0.0,0.0,0.0,2395.7,24.00,40,39,39,77,116,708,1,86.0,85.0,84.8,81.8,77.1,82.7,84.5,84.3,78.8,83.6,65.4,65.4,70.2,63.1,45.0,44.0,46.5,1.082,1.015,1.100,40.336,8.073,40.329,49.500,5.462,64.996,6.747,6.487,6.939,6.783,6.845,6.635,6.795,43.653,8.194,57.855,63.549,1996.4,2395.7,4721.8,4721.8,4745.9,72.2,53.8,33.0,72.2,100.0,いいえ,いいえ,いいえ,11.402,2.957,6.0,39.0,86.0,40.0,86.0,1.096,12.197,3.456,3.328,5.040,1.064,1.024,3.440,3.328,1.808,1.024,1.120,1.040,1.792,1.104,0.768,1.824,0.256,2036,いいえ,57.4,43.0,1.110,1.110,1.815,1.800,0.975,5.040,0.875,いいえ,いいえ,いいえ,42.8,1.110,1.110,1.815,1.800,0.975,5.040,0.875,いいえ,いいえ,いいえ,37,37,いいえ,はい,15388,14039,128,128,34,100.0,いいえ,いいえ,3868,2528,9990,40,40,48,100.0,100.0,いいえ,いいえ,7031,7744,0.0,0.0,0.0,0.000,0.006,1392,1006,0.0,0.0,0.0,0.000,0.000,181182,133153,0.0,0.3,0.3,0.000,2.273,66270,77539,65.2,0.720,42.000,600.0,2400.0,1200.0,100.0,0.0,0.0,0.0,0.0,0.0,0.0,0.0,0.0,125,2,16.0,86,いいえ,いいえ,いいえ,39.9,44.0,49.8,84.0,0.865,12.315,12.323,12.274,12.341,12.324,0,0,10.581,4.765,2.663,0.296,7.892,2.814,0.148,8.051,8.060,8.196,220.000,220.000,210.0,50.6,1185.0,210.0,1290.0,210.1,50.5,1412.9,3.0,6.0,1.0,0.0,10.1,0.7,1.1,0.0,1.9,0.0,0,0,はい,いいえ,いいえ,いいえ,いいえ,はい,いいえ,4.9,4.9,0,0,0,0,0,0,0,0,0,0,0,0,0,0,0,0,0,0,0,0,0,0,0,0,0,0,0,0,0,0,11040,1242,965,108,2.5,2.6,14.5,1.5,1.4,1.4,1.4,1.7,2.6,1.3,1.3,1.3,1.3,380.28,685.61,68.98,63.15,691.71,691.71,4.98,65.61,380.18,0.10,305.19,0,0,0.0,0.0,44285,38835,6.7,225.3,0,
19.7.2026,0:45:44.774,21030,12880,62.0,17393,14470,54.5,1.0,2048,20,1.051,1.025,1.090,1.075,1.035,1.045,1.035,4679.1,4666.6,4716.5,4716.5,4666.6,4666.6,4641.6,99.8,4675.5,4690.4,4674.7,4675.0,4674.5,4674.0,4674.7,4674.5,4674.6,4674.5,4674.2,4671.1,4673.9,4675.5,100.0,100.0,100.0,100.0,100.0,100.0,100.0,100.0,100.0,100.0,100.0,99.9,100.0,100.0,100.0,123.2,123.2,123.3,123.3,123.3,123.3,123.3,123.3,123.3,123.3,123.3,123.2,123.2,123.2,46.9,46.8,47.2,47.2,46.8,46.8,46.5,0.0,100.0,100.0,100.0,100.0,100.0,100.0,100.0,0.0,0.0,0.0,0.0,0.0,0.0,0.0,0.0,0.0,0.0,0.0,0.0,0.0,0.0,2395.7,24.00,40,39,39,77,116,708,1,85.9,85.0,84.4,81.8,77.3,82.8,84.6,84.2,78.5,83.5,65.2,65.2,70.0,63.1,45.0,44.0,46.4,1.069,1.015,1.100,40.418,8.081,40.416,51.000,5.479,64.499,6.676,6.371,6.807,6.813,6.783,6.521,6.762,43.218,8.202,57.448,63.079,1996.4,2395.7,4701.2,4701.2,4724.2,71.7,53.9,34.0,71.7,100.0,いいえ,いいえ,いいえ,10.215,3.004,6.0,39.0,86.0,40.0,86.0,1.096,12.197,3.456,3.328,5.040,1.072,1.024,3.440,3.328,1.808,1.024,1.120,1.040,1.792,1.104,0.768,1.824,0.256,2023,いいえ,57.4,43.0,1.110,1.110,1.815,1.800,0.975,5.040,0.625,いいえ,いいえ,いいえ,42.8,1.110,1.110,1.815,1.800,0.975,5.040,1.000,いいえ,いいえ,いいえ,37,37,いいえ,はい,15388,14039,128,128,34,100.0,いいえ,いいえ,3868,2528,9990,40,40,48,100.0,100.0,いいえ,いいえ,7031,7744,0.0,2.3,2.3,0.000,0.004,1392,1006,0.0,0.0,0.0,0.000,0.000,181182,133153,0.0,0.1,0.1,0.000,1.056,66270,77541,65.3,0.720,40.000,600.0,2400.0,1200.0,100.0,0.0,0.0,0.0,0.0,0.0,0.0,0.0,0.0,125,2,16.0,86,いいえ,いいえ,いいえ,39.9,46.0,49.6,84.0,0.865,12.317,12.324,12.276,12.342,12.326,0,0,10.580,4.797,2.750,0.296,7.857,2.900,0.148,8.011,8.056,8.357,220.000,220.000,210.0,50.6,1185.0,210.0,1290.0,210.0,50.5,1413.8,4.0,7.0,2.0,0.0,10.1,0.7,1.1,0.0,1.8,0.0,0,0,はい,いいえ,いいえ,いいえ,いいえ,はい,いいえ,4.9,5.4,0,0,0,0,0,0,0,0,0,0,0,0,0,0,0,0,0,0,0,0,0,0,0,0,0,0,0,0,0,0,11040,1242,965,107,2.5,2.6,14.5,1.5,1.4,1.4,1.4,1.7,2.6,1.3,1.3,1.3,1.3,380.28,685.61,68.98,63.15,691.71,691.71,4.98,65.61,380.18,0.10,305.19,0,0,0.0,0.0,44285,38836,6.5,211.7,0,
19.7.2026,0:45:46.763,21043,12868,62.0,17395,14468,54.5,1.0,2048,20,1.080,1.075,1.135,1.010,1.120,1.070,1.070,4716.5,4716.5,4791.4,4591.7,4766.4,4716.5,4716.5,99.8,4687.4,4701.9,4686.5,4686.1,4685.5,4685.8,4686.3,4686.3,4686.4,4685.5,4686.3,4685.7,4686.6,4687.4,100.0,100.0,100.0,100.0,100.0,100.0,100.0,100.0,100.0,100.0,100.0,100.0,100.0,100.0,100.0,123.5,123.5,123.6,123.6,123.5,123.6,123.6,123.6,123.6,123.5,123.5,123.5,123.6,123.5,47.2,47.2,48.0,46.0,47.8,47.2,47.2,0.0,100.0,100.0,100.0,100.0,100.0,100.0,100.0,0.0,0.0,0.0,0.0,0.0,0.0,0.0,0.0,0.0,0.0,0.0,0.0,0.0,0.0,2395.7,24.00,40,39,39,77,116,708,1,86.0,85.0,84.8,81.8,77.3,82.6,84.5,84.3,78.9,83.2,65.3,65.3,70.0,63.3,45.0,44.0,46.6,1.076,1.015,1.100,40.165,8.096,40.182,59.000,5.465,64.564,6.679,6.387,6.765,6.780,6.847,6.613,6.683,43.231,8.217,57.460,63.115,1996.4,2395.7,4712.2,4712.2,4735.7,71.7,53.6,39.3,71.7,100.0,いいえ,いいえ,いいえ,10.361,2.943,6.0,38.0,86.0,40.0,86.0,1.088,12.197,3.456,3.328,5.040,1.072,1.016,3.440,3.328,1.808,1.024,1.120,1.040,1.792,1.104,0.768,1.824,0.256,2020,いいえ,57.4,43.0,1.095,1.110,1.815,1.800,0.975,5.040,1.250,いいえ,いいえ,いいえ,42.8,1.110,1.110,1.815,1.800,0.975,5.040,0.875,いいえ,いいえ,いいえ,37,37,いいえ,はい,15388,14039,128,128,34,100.0,いいえ,いいえ,3868,2528,9990,40,40,48,100.0,100.0,いいえ,いいえ,7031,7744,0.0,0.1,0.1,0.000,0.012,1392,1006,0.0,0.0,0.0,0.000,0.000,181182,133153,0.0,0.0,0.0,0.000,0.048,66270,77541,65.3,0.720,42.000,600.0,2400.0,1200.0,100.0,0.0,0.0,0.0,0.0,0.0,0.0,0.0,0.0,125,2,16.0,86,いいえ,いいえ,いいえ,39.9,44.0,49.8,84.0,0.865,12.315,12.322,12.274,12.339,12.324,0,0,10.670,4.842,2.865,0.320,7.867,3.023,0.160,8.036,8.102,8.360,220.000,220.000,210.0,50.6,1185.0,210.0,1290.0,209.9,50.5,1413.8,2.0,6.0,1.0,0.0,10.1,0.7,0.9,0.0,1.7,0.0,0,0,はい,いいえ,いいえ,いいえ,いいえ,はい,いいえ,5.0,5.3,0,0,0,0,0,0,0,0,0,0,0,0,0,0,0,0,0,0,0,0,0,0,0,0,0,0,0,0,0,0,11040,1242,965,107,2.5,1.2,20.2,0.5,0.5,0.5,0.5,1.2,22.2,0.5,0.5,0.5,0.5,868.21,1923.19,49.43,39.01,1949.84,1949.84,5.50,251.08,868.21,0.00,672.25,0,0,0.0,0.0,44285,38836,6.9,222.8,0,
19.7.2026,0:45:48.772,21038,12873,62.0,17394,14469,54.5,1.0,2048,20,1.073,1.060,1.075,1.105,1.100,1.010,1.090,4724.8,4691.5,4766.4,4791.4,4741.4,4616.7,4741.4,99.8,4670.4,4685.5,4669.5,4669.6,4669.3,4667.9,4669.2,4668.7,4669.2,4668.9,4669.1,4668.9,4668.9,4670.4,100.0,100.0,100.0,100.0,100.0,100.0,100.0,100.0,100.0,100.0,100.0,100.0,100.0,100.0,100.0,123.1,123.1,123.1,123.1,123.1,123.1,123.1,123.1,123.1,123.1,123.1,123.1,123.1,123.1,47.3,47.0,47.8,48.0,47.5,46.2,47.5,0.0,100.0,100.0,100.0,100.0,100.0,100.0,100.0,0.0,0.0,0.0,0.0,0.0,0.0,0.0,0.0,0.0,0.0,0.0,0.0,0.0,0.0,2395.7,24.00,40,39,39,77,116,708,1,86.0,85.0,84.4,81.8,77.2,82.6,84.6,84.3,78.8,83.2,65.2,65.2,70.0,63.1,45.0,44.0,46.6,1.066,1.015,1.100,40.313,8.024,40.303,49.500,5.443,64.154,6.660,6.330,6.728,6.792,6.855,6.596,6.662,42.994,8.144,57.126,62.752,1996.4,2395.7,4695.8,4695.8,4718.5,71.3,53.7,33.0,71.3,100.0,いいえ,いいえ,いいえ,10.021,3.307,6.0,39.0,86.0,40.0,86.0,1.056,12.197,3.456,3.328,5.040,1.064,1.016,3.440,3.328,1.808,1.024,1.120,1.040,1.792,1.104,0.768,1.824,0.256,2030,いいえ,57.4,43.0,1.095,1.110,1.815,1.800,0.975,5.040,1.000,いいえ,いいえ,いいえ,42.8,1.095,1.110,1.815,1.800,0.975,5.040,1.000,いいえ,いいえ,いいえ,37,37,いいえ,はい,15388,14039,128,128,34,100.0,いいえ,いいえ,3868,2528,9990,40,40,48,100.0,100.0,いいえ,いいえ,7031,7744,0.0,0.0,0.0,0.000,0.004,1392,1006,0.0,0.0,0.0,0.000,0.000,181182,133153,0.0,0.0,0.0,0.000,0.002,66270,77541,65.3,0.720,42.000,600.0,2400.0,1200.0,100.0,0.0,0.0,0.0,0.0,0.0,0.0,0.0,0.0,125,2,16.0,86,いいえ,いいえ,いいえ,39.9,44.0,49.8,84.0,0.865,12.315,12.322,12.273,12.339,12.324,0,0,10.563,4.548,1.987,0.222,7.806,2.098,0.111,7.923,8.070,8.172,220.000,220.000,210.0,50.6,1185.0,210.0,1290.0,210.0,50.5,1413.3,4.0,6.0,1.0,0.0,10.1,0.7,1.1,0.0,1.7,0.0,0,0,はい,いいえ,いいえ,いいえ,いいえ,はい,いいえ,4.5,5.3,0,0,0,0,0,0,0,0,0,0,0,0,0,0,0,0,0,0,0,0,0,0,0,0,0,0,0,0,0,0,11040,1242,965,108,2.5,2.9,14.9,1.2,1.2,1.2,1.2,1.8,3.3,1.2,1.2,1.2,1.2,344.35,826.28,67.24,62.65,844.46,844.46,4.92,63.31,344.25,0.10,776.51,0,0,0.0,0.0,44285,38837,6.1,255.0,0,
19.7.2026,0:45:50.768,21029,12881,62.0,17393,14470,54.5,1.0,2048,20,1.079,1.060,1.105,1.105,1.090,1.025,1.090,4720.7,4766.4,4741.4,4766.4,4666.6,4616.7,4766.4,99.8,4669.7,4684.4,4667.7,4668.8,4669.0,4668.2,4668.1,4668.9,4668.9,4669.1,4668.7,4667.8,4666.8,4669.7,100.0,100.0,100.0,100.0,100.0,100.0,100.0,100.0,100.0,100.0,100.0,100.0,100.0,100.0,100.0,123.1,123.1,123.1,123.1,123.1,123.1,123.1,123.1,123.1,123.1,123.1,123.1,123.0,123.1,47.3,47.8,47.5,47.8,46.8,46.2,47.8,0.0,100.0,100.0,100.0,100.0,100.0,100.0,100.0,0.0,0.0,0.0,0.0,0.0,0.0,0.0,0.0,0.0,0.0,0.0,0.0,0.0,0.0,2395.7,24.00,40,39,39,77,116,708,1,85.9,85.0,85.2,81.7,77.2,82.5,84.5,84.1,78.7,83.5,65.2,65.2,69.0,63.0,45.0,44.0,46.7,1.065,1.015,1.100,40.212,7.897,40.211,51.000,5.450,63.898,6.628,6.304,6.675,6.732,6.750,6.564,6.743,42.856,8.016,56.866,62.479,1996.4,2395.7,4695.1,4695.1,4717.3,71.0,53.6,34.0,71.0,100.0,いいえ,いいえ,いいえ,9.945,2.879,6.0,39.0,86.0,40.0,86.0,1.096,12.197,3.440,3.328,5.040,1.072,1.016,3.440,3.328,1.808,1.024,1.120,1.040,1.792,1.104,0.768,1.824,0.248,2020,いいえ,57.4,43.0,1.095,1.110,1.800,1.800,0.975,5.040,1.000,いいえ,いいえ,いいえ,42.8,1.095,1.110,1.815,1.800,0.975,5.040,0.750,いいえ,いいえ,いいえ,37,37,いいえ,はい,15388,14039,128,128,34,100.0,いいえ,いいえ,3868,2528,9990,40,40,48,100.0,100.0,いいえ,いいえ,7031,7744,0.0,1.2,1.2,0.000,0.008,1392,1006,0.0,0.0,0.0,0.000,0.000,181182,133153,0.0,0.0,0.0,0.000,0.016,66270,77541,65.2,0.720,42.000,600.0,2400.0,1200.0,100.0,0.0,0.0,0.0,0.0,0.0,0.0,0.0,0.0,125,2,16.0,86,いいえ,いいえ,いいえ,39.9,44.0,49.8,84.0,0.865,12.321,12.327,12.280,12.346,12.329,0,0,10.530,4.782,2.674,0.296,7.859,2.815,0.148,8.018,8.054,8.395,220.000,220.000,210.0,50.6,1185.0,210.0,1290.0,210.0,50.5,1413.2,2.0,6.0,1.0,0.0,10.1,0.8,1.1,0.0,2.0,0.0,0,0,はい,いいえ,いいえ,いいえ,いいえ,はい,いいえ,4.9,5.3,0,0,0,0,0,0,0,0,0,0,0,0,0,0,0,0,0,0,0,0,0,0,0,0,0,0,0,0,0,0,11040,1242,965,108,2.5,2.7,2.7,2.7,2.7,2.7,2.7,2.7,2.7,2.7,2.7,2.7,2.7,369.33,369.33,369.33,369.33,369.33,369.33,0.58,0.00,369.33,0.00,1280.83,0,0,0.0,0.0,44285,38837,6.3,242.8,0,
19.7.2026,0:45:52.761,21032,12879,62.0,17402,14461,54.6,1.0,2048,20,1.077,1.090,1.075,1.090,1.025,1.090,1.090,4720.7,4741.4,4716.5,4741.4,4616.7,4766.4,4741.4,99.8,4669.7,4684.2,4668.6,4668.6,4668.6,4667.8,4668.3,4668.3,4668.3,4668.2,4668.5,4668.4,4668.4,4669.7,100.0,100.0,100.0,100.0,100.0,100.0,100.0,100.0,100.0,100.0,100.0,100.0,100.0,100.0,100.0,123.1,123.1,123.1,123.1,123.1,123.1,123.1,123.1,123.1,123.1,123.1,123.1,123.1,123.1,47.3,47.5,47.2,47.5,46.2,47.8,47.5,0.0,100.0,100.0,100.0,100.0,100.0,100.0,100.0,0.0,0.0,0.0,0.0,0.0,0.0,0.0,0.0,0.0,0.0,0.0,0.0,0.0,0.0,2395.7,24.00,40,39,39,77,116,708,1,85.9,85.0,84.9,81.8,77.1,82.3,84.5,84.2,79.0,83.6,65.1,65.1,70.2,63.1,45.0,44.0,46.6,1.066,1.015,1.100,40.327,7.965,40.327,49.500,5.443,64.061,6.659,6.319,6.654,6.775,6.793,6.655,6.761,43.010,8.084,57.081,62.685,1996.4,2395.7,4694.8,4694.8,4717.5,71.2,53.8,33.0,71.2,100.0,いいえ,いいえ,いいえ,9.694,2.953,6.0,39.0,86.9,40.0,86.0,1.120,12.197,3.440,3.328,5.040,1.072,1.016,3.440,3.328,1.808,1.024,1.120,1.040,1.792,1.104,0.768,1.824,0.256,2033,いいえ,57.4,43.2,1.095,1.110,1.800,1.800,0.975,5.040,0.875,いいえ,いいえ,いいえ,42.8,1.095,1.110,1.800,1.815,0.975,5.040,1.000,いいえ,いいえ,いいえ,37,37,いいえ,はい,15388,14039,128,128,34,100.0,いいえ,いいえ,3868,2528,9990,40,40,48,100.0,100.0,いいえ,いいえ,7031,7744,0.0,0.0,0.0,0.000,0.004,1392,1006,0.0,0.0,0.0,0.000,0.000,181182,133153,0.0,0.0,0.0,0.000,0.000,66270,77541,65.3,0.720,41.000,600.0,2400.0,1200.0,100.0,0.0,0.0,0.0,0.0,0.0,0.0,0.0,0.0,125,2,16.0,86,いいえ,いいえ,いいえ,39.9,46.0,49.7,84.0,0.865,12.318,12.326,12.276,12.343,12.327,0,0,10.429,4.744,2.649,0.271,7.869,2.789,0.136,8.009,8.066,8.161,220.000,220.000,210.0,50.6,1185.0,210.0,1290.0,210.0,50.5,1413.2,4.0,6.0,2.0,0.0,10.1,0.6,0.8,0.0,1.7,0.0,0,0,はい,いいえ,いいえ,いいえ,いいえ,はい,いいえ,4.8,6.2,0,0,0,0,0,0,0,0,0,0,0,0,0,0,0,0,0,0,0,0,0,0,0,0,0,0,0,0,0,0,11040,1242,965,108,2.5,5.3,15.7,2.7,2.7,2.7,2.7,3.5,5.4,2.6,2.6,2.6,2.6,189.38,369.70,63.87,62.64,374.58,374.58,4.92,67.25,189.28,0.10,322.07,0,0,0.0,0.0,44285,38838,7.0,194.4,0,
19.7.2026,0:45:54.769,21029,12882,62.0,17398,14465,54.6,1.0,2048,20,1.066,1.060,1.080,1.060,1.080,1.075,1.040,4687.4,4666.6,4691.5,4716.5,4716.5,4691.5,4641.6,99.8,4662.0,4676.2,4660.6,4660.7,4660.7,4659.9,4660.5,4660.6,4660.8,4661.0,4661.0,4660.9,4660.8,4662.0,100.0,100.0,100.0,100.0,100.0,100.0,100.0,100.0,100.0,100.0,100.0,100.0,100.0,100.0,100.0,122.9,122.9,122.9,122.9,122.9,122.9,122.9,122.9,122.9,122.9,122.9,122.9,122.9,122.9,47.0,46.8,47.0,47.2,47.2,47.0,46.5,0.0,100.0,100.0,100.0,100.0,100.0,100.0,100.0,0.0,0.0,0.0,0.0,0.0,0.0,0.0,0.0,0.0,0.0,0.0,0.0,0.0,0.0,2395.7,24.00,40,39,39,77,116,708,1,85.9,85.0,84.9,81.7,76.9,82.4,84.6,84.3,78.7,83.4,65.1,65.1,70.2,62.9,45.0,44.0,46.8,1.060,1.015,1.100,40.483,7.895,40.483,50.500,5.446,64.070,6.635,6.232,6.674,6.784,6.830,6.579,6.710,42.955,8.013,56.960,62.610,1996.4,2395.7,4686.6,4686.6,4709.2,71.1,54.0,33.7,71.1,100.0,いいえ,いいえ,いいえ,10.194,3.366,6.0,39.0,85.9,40.0,85.0,1.064,12.197,3.456,3.328,5.040,1.064,1.016,3.440,3.328,1.808,1.024,1.120,1.040,1.792,1.104,0.768,1.824,0.256,2036,いいえ,57.4,43.2,1.095,1.110,1.800,1.800,1.005,5.040,0.750,いいえ,いいえ,いいえ,42.8,1.095,1.110,1.800,1.800,1.005,5.040,0.875,いいえ,いいえ,いいえ,37,37,いいえ,はい,15388,14039,128,128,34,100.0,いいえ,いいえ,3868,2528,9990,40,40,48,100.0,100.0,いいえ,いいえ,7031,7744,0.0,0.0,0.0,0.000,0.002,1392,1006,0.0,0.0,0.0,0.000,0.000,181182,133153,0.0,0.0,0.0,0.000,0.002,66270,77541,65.3,0.720,37.000,600.0,2400.0,1200.0,100.0,0.0,0.0,0.0,0.0,0.0,0.0,0.0,0.0,125,2,16.0,86,いいえ,いいえ,いいえ,40.0,44.0,49.6,84.0,0.865,12.317,12.325,12.276,12.342,12.326,0,0,10.494,4.565,2.027,0.222,7.820,2.135,0.111,7.935,8.095,8.172,220.000,220.000,210.0,50.6,1185.0,210.0,1290.0,210.1,50.5,1413.5,5.0,7.0,3.0,0.0,10.1,0.8,1.2,0.0,2.1,0.0,0,0,はい,いいえ,いいえ,いいえ,いいえ,はい,いいえ,4.5,6.1,0,0,0,0,0,0,0,0,0,0,0,0,0,0,0,0,0,0,0,0,0,0,0,0,0,0,0,0,0,0,11040,1242,965,108,2.5,0.7,0.7,0.7,0.7,0.7,0.7,0.7,0.7,0.7,0.7,0.7,0.7,1345.81,1345.81,1345.81,1345.81,1345.81,1345.81,5.15,93.96,1345.81,0.00,1332.98,0,0,0.0,0.0,44285,38838,6.8,241.7,0,
19.7.2026,0:45:56.773,21032,12879,62.0,17404,14458,54.6,1.0,2048,20,1.071,1.075,1.075,1.075,1.060,1.070,1.070,4712.3,4691.5,4716.5,4716.5,4716.5,4716.5,4716.5,99.8,4668.3,4683.1,4666.8,4667.6,4667.6,4666.3,4667.5,4667.5,4667.3,4666.6,4667.1,4665.4,4666.8,4668.3,100.0,100.0,100.0,100.0,100.0,100.0,100.0,100.0,100.0,100.0,100.0,100.0,100.0,100.0,100.0,123.1,123.0,123.0,123.1,123.1,123.1,123.1,123.1,123.1,123.0,123.1,123.0,123.0,123.1,47.2,47.0,47.2,47.2,47.2,47.2,47.2,0.0,100.0,100.0,100.0,100.0,100.0,100.0,100.0,0.0,0.0,0.0,0.0,0.0,0.0,0.0,0.0,0.0,0.0,0.0,0.0,0.0,0.0,2395.7,24.00,40,39,39,77,116,708,1,85.9,85.0,85.9,81.9,77.4,82.8,84.6,84.2,78.9,83.4,65.3,65.3,70.0,63.3,45.0,44.0,46.8,1.065,1.015,1.100,40.500,8.073,40.498,49.500,5.403,64.289,6.669,6.354,6.778,6.786,6.802,6.586,6.709,43.134,8.194,57.272,62.880,1996.4,2395.7,4693.5,4693.5,4716.3,71.5,54.0,33.0,71.5,100.0,いいえ,いいえ,いいえ,9.738,3.123,6.0,39.0,85.9,40.0,85.0,1.096,12.197,3.440,3.328,5.040,1.072,1.016,3.440,3.328,1.808,1.024,1.120,1.040,1.792,1.104,0.768,1.824,0.256,2011,いいえ,57.4,43.2,1.095,1.110,1.800,1.800,1.005,5.040,0.750,いいえ,いいえ,いいえ,42.8,1.095,1.110,1.800,1.800,1.005,5.040,1.000,いいえ,いいえ,いいえ,37,37,いいえ,はい,15388,14039,128,128,34,100.0,いいえ,いいえ,3868,2528,9990,40,40,48,100.0,100.0,いいえ,いいえ,7031,7744,0.0,0.1,0.1,0.000,0.010,1392,1006,0.0,0.0,0.0,0.000,0.000,181182,133153,0.0,0.0,0.0,0.000,0.030,66270,77541,65.2,0.720,41.000,600.0,2400.0,1200.0,100.0,0.0,0.0,0.0,0.0,0.0,0.0,0.0,0.0,125,2,16.0,86,いいえ,いいえ,いいえ,39.9,44.0,49.8,84.0,0.865,12.319,12.326,12.277,12.344,12.327,0,0,10.569,4.628,2.251,0.222,7.833,2.358,0.111,7.950,8.127,8.170,220.000,220.000,210.0,50.6,1185.0,210.0,1290.0,209.9,50.5,1413.0,4.0,6.0,2.0,0.0,10.1,0.8,1.0,0.0,2.2,0.0,0,0,はい,いいえ,いいえ,いいえ,いいえ,はい,いいえ,4.6,6.0,0,0,0,0,0,0,0,0,0,0,0,0,0,0,0,0,0,0,0,0,0,0,0,0,0,0,0,0,0,0,11040,1242,965,108,2.5,5.6,233.9,2.9,2.9,2.9,2.9,5.6,50.8,2.9,2.9,2.9,2.9,177.75,346.34,4.27,0.99,349.68,349.68,5.90,171.54,177.75,0.00,383.00,0,0,0.0,0.0,44285,38839,7.5,271.6,0,
19.7.2026,0:45:58.766,21030,12881,62.0,17406,14457,54.6,1.0,2048,20,1.063,1.045,1.075,1.060,1.075,1.060,1.060,4691.5,4666.6,4691.5,4691.5,4716.5,4691.5,4691.5,99.8,4669.2,4683.5,4668.0,4668.0,4667.9,4667.3,4667.8,4667.8,4667.9,4668.1,4668.1,4667.7,4667.8,4669.2,100.0,100.0,100.0,100.0,100.0,100.0,100.0,100.0,100.0,100.0,100.0,100.0,100.0,100.0,100.0,123.1,123.1,123.1,123.1,123.1,123.1,123.1,123.1,123.1,123.1,123.1,123.1,123.1,123.1,47.0,46.8,47.0,47.0,47.2,47.0,47.0,0.0,100.0,100.0,100.0,100.0,100.0,100.0,100.0,0.0,0.0,0.0,0.0,0.0,0.0,0.0,0.0,0.0,0.0,0.0,0.0,0.0,0.0,2395.7,24.00,40,39,39,77,116,708,1,85.9,85.0,85.4,81.9,77.2,82.9,84.7,84.3,78.9,83.5,65.2,65.2,70.0,63.1,45.0,44.0,46.8,1.065,1.015,1.100,40.608,8.078,40.606,50.500,5.390,64.437,6.681,6.336,6.782,6.802,6.807,6.609,6.748,43.255,8.200,57.384,63.009,1996.4,2395.7,4693.6,4693.6,4716.9,71.6,54.1,33.7,71.6,100.0,いいえ,いいえ,いいえ,10.072,3.032,6.0,39.0,85.9,40.0,85.0,1.072,12.197,3.440,3.328,5.040,1.072,1.016,3.440,3.328,1.808,1.024,1.120,1.040,1.792,1.104,0.768,1.824,0.256,2036,いいえ,57.4,43.2,1.110,1.110,1.800,1.800,1.005,5.040,0.625,いいえ,いいえ,いいえ,42.8,1.110,1.110,1.800,1.800,1.005,5.040,1.000,いいえ,いいえ,いいえ,37,37,いいえ,はい,15388,14039,128,128,34,100.0,いいえ,いいえ,3868,2528,9990,40,40,48,100.0,100.0,いいえ,いいえ,7031,7744,0.0,0.0,0.0,0.000,0.000,1392,1006,0.0,0.0,0.0,0.000,0.000,181182,133153,0.0,0.0,0.0,0.000,0.028,66270,77541,65.3,0.720,44.000,600.0,2400.0,1200.0,100.0,0.0,0.0,0.0,0.0,0.0,0.0,0.0,0.0,125,2,16.0,86,いいえ,いいえ,いいえ,40.0,44.0,49.8,84.0,0.865,12.310,12.318,12.268,12.334,12.319,0,0,10.385,4.710,2.428,0.271,7.815,2.566,0.136,7.956,8.126,8.379,220.000,220.000,210.0,50.6,1185.0,210.0,1290.0,210.0,50.5,1413.1,6.0,7.0,4.0,0.0,10.1,1.0,1.3,0.0,2.7,0.0,0,0,はい,いいえ,いいえ,いいえ,いいえ,はい,いいえ,4.7,5.8,0,0,0,0,0,0,0,0,0,0,0,0,0,0,0,0,0,0,0,0,0,0,0,0,0,0,0,0,0,0,11040,1242,965,108,2.5,1.7,1.7,1.7,1.7,1.7,1.7,1.7,1.7,1.7,1.7,1.7,1.7,589.89,589.89,589.89,589.89,589.89,589.89,17.00,154.69,589.78,0.11,521.32,0,0,0.0,0.0,44285,38839,7.2,371.6,0,
19.7.2026,0:46:0.773,21030,12881,62.0,17407,14456,54.6,1.0,2048,20,1.056,1.060,1.060,1.040,1.060,1.055,1.060,4670.7,4641.6,4691.5,4691.5,4666.6,4691.5,4641.6,99.8,4665.6,4680.1,4664.5,4664.5,4664.5,4663.8,4664.3,4664.4,4664.4,4664.4,4664.3,4664.1,4664.1,4665.6,100.0,100.0,100.0,100.0,100.0,100.0,100.0,100.0,100.0,100.0,100.0,100.0,100.0,100.0,100.0,123.0,123.0,123.0,123.0,123.0,123.0,123.0,123.0,123.0,123.0,123.0,123.0,123.0,123.0,46.8,46.5,47.0,47.0,46.8,47.0,46.5,0.0,100.0,100.0,100.0,100.0,100.0,100.0,100.0,0.0,0.0,0.0,0.0,0.0,0.0,0.0,0.0,0.0,0.0,0.0,0.0,0.0,0.0,2395.7,24.00,40,39,39,77,116,708,1,85.9,85.0,85.4,81.8,77.1,82.6,84.5,84.4,78.8,83.5,65.2,65.2,69.2,62.9,45.0,44.0,46.9,1.063,1.015,1.100,40.490,8.002,40.489,47.500,5.405,64.153,6.663,6.322,6.709,6.750,6.868,6.610,6.722,43.062,8.122,57.129,62.747,1996.4,2395.7,4690.4,4690.4,4713.8,71.3,54.0,31.7,71.3,100.0,いいえ,いいえ,いいえ,9.925,3.038,6.0,39.0,85.9,40.0,85.0,1.088,12.197,3.456,3.328,5.040,1.072,1.016,3.440,3.328,1.808,1.024,1.120,1.032,1.792,1.104,0.768,1.824,0.248,2030,いいえ,57.4,43.0,1.110,1.110,1.800,1.800,1.005,5.040,0.875,いいえ,いいえ,いいえ,42.8,1.110,1.110,1.800,1.800,1.005,5.040,0.625,いいえ,いいえ,いいえ,37,37,いいえ,はい,15388,14039,128,128,34,100.0,いいえ,いいえ,3868,2528,9990,40,40,48,100.0,100.0,いいえ,いいえ,7031,7744,0.0,0.0,0.0,0.000,0.004,1392,1006,0.0,0.0,0.0,0.000,0.000,181182,133153,0.0,0.0,0.0,0.000,0.000,66270,77541,65.3,0.720,45.000,600.0,2400.0,1200.0,100.0,0.0,0.0,0.0,0.0,0.0,0.0,0.0,0.0,125,2,16.0,86,いいえ,いいえ,いいえ,40.0,44.0,49.7,84.0,0.865,12.317,12.324,12.277,12.342,12.326,0,0,10.600,4.803,2.752,0.296,7.845,2.900,0.148,8.011,8.088,8.383,220.000,220.000,210.0,50.6,1185.0,210.0,1290.0,210.0,50.5,1412.9,2.0,6.0,1.0,0.0,10.1,0.7,0.9,0.0,1.9,0.0,0,0,はい,いいえ,いいえ,いいえ,いいえ,はい,いいえ,4.9,5.6,0,0,0,0,0,0,0,0,0,0,0,0,0,0,0,0,0,0,0,0,0,0,0,0,0,0,0,0,0,0,11040,1242,965,108,2.5,6.0,254.0,3.0,3.0,3.0,3.0,5.7,50.4,3.0,3.0,3.0,3.0,166.86,329.79,3.94,0.94,333.11,333.11,5.12,161.48,166.86,0.00,493.84,0,0,0.0,0.0,44285,38840,6.1,190.8,0,
19.7.2026,0:46:2.763,21030,12881,62.0,17410,14452,54.6,1.0,2048,20,1.007,1.010,1.000,1.000,1.010,1.010,1.010,4587.6,4591.7,4566.8,4566.8,4591.7,4591.7,4616.7,99.8,4657.7,4672.6,4656.6,4656.6,4656.4,4655.6,4656.8,4656.8,4656.7,4656.5,4656.2,4655.9,4655.8,4657.7,100.0,100.0,100.0,100.0,100.0,100.0,100.0,100.0,100.0,100.0,100.0,100.0,100.0,100.0,100.0,122.8,122.8,122.8,122.8,122.8,122.8,122.8,122.8,122.8,122.8,122.8,122.8,122.8,122.8,46.0,46.0,45.8,45.8,46.0,46.0,46.2,0.0,100.0,100.0,100.0,100.0,100.0,100.0,100.0,0.0,0.0,0.0,0.0,0.0,0.0,0.0,0.0,0.0,0.0,0.0,0.0,0.0,0.0,2395.7,24.00,40,39,39,77,116,708,1,85.9,85.0,84.9,81.9,77.3,82.6,84.7,84.4,78.9,83.5,65.2,65.2,69.5,62.8,45.0,44.0,46.9,1.059,1.015,1.100,40.563,7.920,40.565,48.000,5.398,63.980,6.677,6.323,6.734,6.804,6.843,6.606,6.755,42.959,8.039,56.936,62.532,1996.4,2395.7,4682.9,4682.9,4705.9,71.1,54.1,32.0,71.1,100.0,いいえ,いいえ,いいえ,9.290,3.104,6.0,39.0,85.9,40.0,85.0,1.080,12.197,3.456,3.328,5.040,1.064,1.016,3.440,3.328,1.808,1.024,1.120,1.040,1.792,1.104,0.768,1.824,0.256,2030,いいえ,57.4,43.0,1.110,1.110,1.800,1.800,1.005,5.040,0.625,いいえ,いいえ,いいえ,42.8,1.110,1.110,1.815,1.800,1.005,5.040,0.875,いいえ,いいえ,いいえ,37,37,いいえ,はい,15388,14039,128,128,34,100.0,いいえ,いいえ,3868,2528,9990,40,40,48,100.0,100.0,いいえ,いいえ,7031,7744,0.0,0.1,0.1,0.000,0.008,1392,1006,0.0,0.0,0.0,0.000,0.000,181182,133153,0.0,0.0,0.0,0.000,0.028,66270,77541,65.2,0.720,45.000,600.0,2400.0,1200.0,100.0,0.0,0.0,0.0,0.0,0.0,0.0,0.0,0.0,125,2,16.0,86,いいえ,いいえ,いいえ,40.0,44.0,49.7,84.0,0.865,12.319,12.326,12.279,12.344,12.328,0,0,10.309,4.692,2.369,0.247,7.858,2.493,0.123,7.997,8.289,8.159,220.000,220.000,210.0,50.6,1185.0,210.0,1290.0,210.0,50.5,1412.9,2.0,6.0,1.0,0.0,10.1,0.5,0.7,0.0,1.3,0.0,0,0,はい,いいえ,いいえ,いいえ,いいえ,はい,いいえ,4.7,5.8,0,0,0,0,0,0,0,0,0,0,0,0,0,0,0,0,0,0,0,0,0,0,0,0,0,0,0,0,0,0,11040,1242,965,108,2.5,4.6,11.5,2.9,2.9,2.9,2.9,3.0,3.0,3.0,3.0,3.0,3.0,215.65,344.11,87.19,84.83,346.73,346.73,7.66,75.74,215.54,0.11,270.83,0,0,0.0,0.0,44285,38840,6.2,188.6,0,
19.7.2026,0:46:4.771,21028,12883,62.0,17411,14452,54.6,1.0,2048,20,1.067,1.060,1.075,1.070,1.075,1.060,1.060,4699.9,4666.6,4716.5,4691.5,4716.5,4716.5,4691.5,99.8,4657.4,4671.0,4655.6,4655.7,4655.3,4655.1,4655.8,4656.1,4656.3,4656.5,4657.1,4657.0,4657.1,4657.4,100.0,100.0,100.0,100.0,100.0,100.0,100.0,100.0,100.0,100.0,100.0,100.0,100.0,100.0,100.0,122.7,122.8,122.7,122.7,122.7,122.7,122.8,122.8,122.8,122.8,122.8,122.8,122.8,122.7,47.1,46.8,47.2,47.0,47.2,47.2,47.0,0.0,100.0,100.0,100.0,100.0,100.0,100.0,100.0,0.0,0.0,0.0,0.0,0.0,0.0,0.0,0.0,0.0,0.0,0.0,0.0,0.0,0.0,2395.7,24.00,40,39,39,77,116,708,1,85.8,85.0,84.9,81.9,77.2,82.7,84.7,84.3,79.1,83.6,65.2,65.2,69.8,62.9,45.0,44.0,46.9,1.058,1.015,1.100,40.655,7.935,40.663,50.500,5.422,64.063,6.708,6.336,6.809,6.829,6.842,6.680,6.754,43.048,8.054,57.067,62.660,1996.4,2395.7,4681.6,4681.6,4705.5,71.2,54.2,33.7,71.2,100.0,いいえ,いいえ,いいえ,9.295,3.312,6.0,39.0,85.9,40.0,85.0,1.088,12.197,3.456,3.328,5.040,1.072,1.016,3.440,3.328,1.808,1.024,1.120,1.040,1.792,1.104,0.768,1.824,0.256,2023,いいえ,57.4,43.0,1.110,1.110,1.800,1.800,1.005,5.040,0.875,いいえ,いいえ,いいえ,42.8,1.110,1.110,1.800,1.800,1.005,5.040,1.375,いいえ,いいえ,いいえ,37,37,いいえ,はい,15388,14039,128,128,34,100.0,いいえ,いいえ,3868,2528,9990,40,40,48,100.0,100.0,いいえ,いいえ,7031,7744,0.0,0.1,0.1,0.000,0.008,1392,1006,0.0,0.0,0.0,0.000,0.000,181182,133153,0.0,0.0,0.0,0.000,0.002,66270,77541,65.2,0.720,39.000,600.0,2400.0,1200.0,100.0,0.0,0.0,0.0,0.0,0.0,0.0,0.0,0.0,125,2,16.0,86,いいえ,いいえ,いいえ,39.9,44.0,49.7,84.0,0.865,12.319,12.326,12.279,12.343,12.327,0,0,10.505,4.581,2.171,0.197,7.772,2.271,0.099,7.879,8.108,8.154,220.000,220.000,210.0,50.6,1185.0,210.0,1290.0,210.0,50.5,1414.5,5.0,7.0,2.0,0.0,10.1,0.9,1.2,0.0,2.2,0.0,0,0,はい,いいえ,いいえ,いいえ,いいえ,はい,いいえ,5.2,5.6,0,0,0,0,0,0,0,0,0,0,0,0,0,0,0,0,0,0,0,0,0,0,0,0,0,0,0,0,0,0,11040,1242,965,108,2.5,7.6,15.9,3.4,3.4,3.4,3.4,5.6,12.0,2.9,2.9,2.9,2.9,132.16,290.68,62.95,62.12,297.32,297.32,5.75,64.28,132.07,0.10,39.49,0,0,0.0,0.0,44285,38841,6.9,251.0,0,
19.7.2026,0:46:6.765,21035,12876,62.0,17411,14452,54.6,1.0,2048,20,1.075,1.075,1.075,1.075,1.075,1.075,1.075,4699.9,4641.6,4716.5,4716.5,4691.5,4716.5,4716.5,99.8,4670.6,4684.9,4668.7,4669.1,4669.3,4668.7,4669.3,4669.3,4669.4,4669.6,4669.8,4669.6,4669.6,4670.6,100.0,100.0,100.0,100.0,100.0,100.0,100.0,100.0,100.0,100.0,100.0,100.0,100.0,100.0,100.0,123.1,123.1,123.1,123.1,123.1,123.1,123.1,123.1,123.1,123.1,123.1,123.1,123.1,123.1,47.1,46.5,47.2,47.2,47.0,47.2,47.2,0.0,100.0,100.0,100.0,100.0,100.0,100.0,100.0,0.0,0.0,0.0,0.0,0.0,0.0,0.0,0.0,0.0,0.0,0.0,0.0,0.0,0.0,2395.7,24.00,40,39,39,77,116,708,1,85.9,85.0,84.9,81.8,77.2,82.5,84.6,84.3,78.8,83.4,65.2,65.2,69.5,63.2,45.0,44.0,46.9,1.065,1.015,1.100,40.470,7.939,40.463,49.500,5.433,64.204,6.698,6.379,6.748,6.817,6.849,6.619,6.775,43.136,8.058,57.170,62.778,1996.4,2395.7,4695.4,4695.4,4718.7,71.3,54.0,33.0,71.3,100.0,いいえ,いいえ,いいえ,9.761,3.235,6.0,39.0,85.8,40.0,85.0,1.032,12.197,3.456,3.328,5.040,1.072,1.016,3.440,3.328,1.808,1.024,1.120,1.040,1.792,1.104,0.768,1.824,0.256,2023,いいえ,57.4,43.0,1.110,1.110,1.800,1.800,0.990,5.040,0.875,いいえ,いいえ,いいえ,42.8,1.110,1.110,1.800,1.800,1.005,5.040,1.125,いいえ,いいえ,いいえ,37,37,いいえ,はい,15388,14039,128,128,34,100.0,いいえ,いいえ,3868,2528,9990,40,40,48,100.0,100.0,いいえ,いいえ,7031,7744,0.0,0.1,0.1,0.000,0.008,1392,1006,0.0,0.0,0.0,0.000,0.000,181182,133153,0.0,0.0,0.0,0.000,0.016,66270,77541,65.2,0.720,41.000,600.0,2400.0,1200.0,100.0,0.0,0.0,0.0,0.0,0.0,0.0,0.0,0.0,125,2,16.0,86,いいえ,いいえ,いいえ,40.0,46.0,49.8,84.0,0.865,12.324,12.331,12.284,12.348,12.332,0,0,10.466,4.597,2.103,0.222,7.850,2.210,0.111,7.970,8.149,8.159,220.000,220.000,210.0,50.6,1185.0,210.0,1290.0,209.9,50.5,1413.4,5.0,7.0,3.0,0.0,10.1,0.7,0.9,0.0,2.0,0.0,0,0,はい,いいえ,いいえ,いいえ,いいえ,はい,いいえ,5.0,4.9,0,0,0,0,0,0,0,0,0,0,0,0,0,0,0,0,0,0,0,0,0,0,0,0,0,0,0,0,0,0,11040,1242,965,108,2.5,3.2,3.8,2.8,2.8,2.8,2.8,3.1,3.3,2.9,2.9,2.9,2.9,312.36,360.96,263.75,262.86,361.95,361.95,10.28,88.38,312.25,0.10,177.71,0,0,0.0,0.0,44285,38841,6.9,215.3,0,
19.7.2026,0:46:8.774,21027,12884,62.0,17407,14456,54.6,1.0,2048,20,1.063,1.035,1.075,1.090,1.060,1.075,1.045,4708.2,4666.6,4741.4,4716.5,4716.5,4716.5,4691.5,99.8,4666.2,4680.7,4665.1,4665.1,4665.1,4664.4,4665.0,4665.0,4665.1,4665.0,4664.8,4664.4,4664.6,4666.2,100.0,100.0,100.0,100.0,100.0,100.0,100.0,100.0,100.0,100.0,100.0,100.0,100.0,100.0,100.0,123.0,123.0,123.0,123.0,123.0,123.0,123.0,123.0,123.0,123.0,123.0,123.0,123.0,123.0,47.2,46.8,47.5,47.2,47.2,47.2,47.0,0.0,100.0,100.0,100.0,100.0,100.0,100.0,100.0,0.0,0.0,0.0,0.0,0.0,0.0,0.0,0.0,0.0,0.0,0.0,0.0,0.0,0.0,2395.7,24.00,40,39,39,77,116,708,1,85.8,85.0,84.0,81.9,77.3,82.6,84.5,84.4,79.1,83.5,65.3,65.3,70.0,63.0,45.0,44.0,46.9,1.063,1.015,1.100,40.691,7.929,40.693,50.000,5.456,64.361,6.680,6.326,6.709,6.776,6.859,6.659,6.753,43.277,8.048,57.327,62.942,1996.4,2395.7,4690.4,4690.4,4713.7,71.5,54.3,33.3,71.5,100.0,いいえ,いいえ,いいえ,9.914,2.766,6.0,39.0,85.8,40.0,85.0,1.104,12.197,3.456,3.328,5.040,1.072,1.016,3.440,3.328,1.808,1.024,1.120,1.040,1.792,1.104,0.768,1.824,0.256,2033,いいえ,57.4,43.0,1.110,1.110,1.800,1.800,0.990,5.040,0.750,いいえ,いいえ,いいえ,42.8,1.110,1.110,1.800,1.800,0.990,5.040,0.875,いいえ,いいえ,いいえ,37,37,いいえ,はい,15388,14039,128,128,34,100.0,いいえ,いいえ,3868,2528,9990,40,40,48,100.0,100.0,いいえ,いいえ,7031,7744,0.0,0.0,0.0,0.000,0.000,1392,1006,0.0,0.0,0.0,0.000,0.000,181182,133153,0.0,0.0,0.0,0.000,0.000,66270,77541,65.2,0.720,44.000,600.0,2400.0,1200.0,100.0,0.0,0.0,0.0,0.0,0.0,0.0,0.0,0.0,125,2,16.0,86,いいえ,いいえ,いいえ,40.0,46.0,49.7,84.0,0.865,12.320,12.329,12.279,12.345,12.328,0,0,10.366,4.906,2.986,0.370,7.883,3.173,0.185,8.076,8.109,8.465,220.000,220.000,210.0,50.6,1185.0,210.0,1290.0,209.9,50.5,1413.2,4.0,7.0,3.0,0.0,10.1,0.7,0.9,0.0,2.0,0.0,0,0,はい,いいえ,いいえ,いいえ,いいえ,はい,いいえ,5.0,5.4,0,0,0,0,0,0,0,0,0,0,0,0,0,0,0,0,0,0,0,0,0,0,0,0,0,0,0,0,0,0,11040,1242,965,108,2.5,5.7,244.3,2.9,2.9,2.9,2.9,5.5,50.0,2.9,2.9,2.9,2.9,175.13,346.17,4.09,0.95,349.67,349.67,4.41,170.75,175.13,0.00,816.33,0,0,0.0,0.0,44285,38842,7.0,355.5,0,
19.7.2026,0:46:10.763,21043,12868,62.0,17404,14459,54.6,1.0,2048,20,1.092,1.075,1.090,1.075,1.105,1.090,1.115,4737.3,4741.4,4716.5,4666.6,4766.4,4741.4,4791.4,99.8,4672.3,4686.8,4671.2,4671.0,4671.1,4670.4,4670.8,4670.8,4670.6,4671.0,4671.4,4671.4,4671.5,4672.3,100.0,100.0,100.0,100.0,100.0,100.0,100.0,100.0,100.0,100.0,100.0,100.0,100.0,100.0,100.0,123.2,123.2,123.2,123.2,123.2,123.2,123.2,123.2,123.2,123.2,123.2,123.2,123.2,123.2,47.5,47.5,47.2,46.8,47.8,47.5,48.0,0.0,100.0,100.0,100.0,100.0,100.0,100.0,100.0,0.0,0.0,0.0,0.0,0.0,0.0,0.0,0.0,0.0,0.0,0.0,0.0,0.0,0.0,2395.7,24.00,40,39,39,77,116,708,1,85.8,85.0,83.9,81.7,77.1,82.4,84.4,84.2,78.7,83.5,65.2,65.2,69.2,62.8,45.0,44.0,47.0,1.066,1.015,1.100,40.356,7.870,40.354,49.000,5.473,64.062,6.740,6.597,6.930,6.765,6.823,6.588,6.737,43.040,7.988,57.048,62.663,1996.4,2395.7,4696.7,4696.7,4719.5,71.2,53.8,32.7,71.2,100.0,いいえ,いいえ,いいえ,10.151,2.677,6.0,39.0,85.8,40.0,85.0,1.072,12.197,3.456,3.328,5.040,1.064,1.016,3.440,3.328,1.808,1.024,1.120,1.040,1.792,1.096,0.768,1.824,0.256,2036,いいえ,57.4,43.0,1.095,1.110,1.800,1.800,0.990,5.040,1.375,いいえ,いいえ,いいえ,42.8,1.110,1.110,1.800,1.800,0.990,5.040,1.000,いいえ,いいえ,いいえ,37,37,いいえ,はい,15388,14039,128,128,34,100.0,いいえ,いいえ,3868,2528,9990,40,40,48,100.0,100.0,いいえ,いいえ,7031,7744,0.0,0.0,0.0,0.000,0.006,1392,1006,0.0,0.0,0.0,0.000,0.000,181182,133153,0.1,0.8,0.9,0.014,7.486,66270,77556,65.2,0.720,35.000,600.0,2400.0,1200.0,100.0,0.0,0.0,0.0,0.0,0.0,0.0,0.0,0.0,125,2,16.0,86,いいえ,いいえ,いいえ,40.0,44.0,49.7,84.0,0.865,12.319,12.328,12.278,12.343,12.327,0,0,10.712,4.915,3.077,0.345,7.919,3.246,0.173,8.102,8.112,8.345,220.000,220.000,210.0,50.6,1185.0,210.0,1290.0,209.9,50.5,1413.2,6.0,8.0,5.0,0.0,10.1,0.7,0.9,0.0,2.0,0.0,0,0,はい,いいえ,いいえ,いいえ,いいえ,はい,いいえ,5.1,4.9,0,0,0,0,0,0,0,0,0,0,0,0,0,0,0,0,0,0,0,0,0,0,0,0,0,0,0,0,0,0,11040,1242,965,108,2.5,5.1,15.8,2.5,2.5,2.5,2.5,3.3,25.9,1.8,1.8,1.8,1.8,194.61,397.84,63.28,62.27,403.55,403.55,3.17,30.91,194.51,0.10,158.79,0,0,0.0,0.0,44285,38842,6.6,186.7,0,
19.7.2026,0:46:12.771,21016,12895,61.9,17408,14455,54.6,1.0,2048,20,1.057,1.060,1.075,1.050,1.050,1.060,1.050,4683.2,4691.5,4691.5,4666.6,4666.6,4691.5,4691.5,99.8,4662.1,4676.8,4661.0,4661.2,4661.0,4660.6,4660.7,4661.1,4660.9,4660.2,4660.9,4660.7,4660.7,4662.1,100.0,100.0,100.0,100.0,100.0,100.0,100.0,100.0,100.0,100.0,100.0,100.0,100.0,100.0,100.0,122.9,122.9,122.9,122.9,122.9,122.9,122.9,122.9,122.9,122.9,122.9,122.9,122.9,122.9,46.9,47.0,47.0,46.8,46.8,47.0,47.0,0.0,100.0,100.0,100.0,100.0,100.0,100.0,100.0,0.0,0.0,0.0,0.0,0.0,0.0,0.0,0.0,0.0,0.0,0.0,0.0,0.0,0.0,2395.7,24.00,40,39,39,77,116,708,1,85.8,85.0,84.9,81.8,77.0,82.4,84.6,84.3,78.9,83.5,65.2,65.2,70.0,63.5,45.0,44.0,47.0,1.061,1.015,1.100,40.622,7.980,40.619,52.000,5.439,64.244,6.732,6.413,6.814,6.859,6.870,6.648,6.790,43.121,8.100,57.204,62.825,1996.4,2395.7,4687.0,4687.0,4709.9,71.4,54.2,34.7,71.4,100.0,いいえ,いいえ,いいえ,10.016,2.942,6.0,39.0,85.8,40.0,85.0,1.104,12.144,3.440,3.328,5.040,1.072,1.016,3.440,3.328,1.808,1.024,1.120,1.040,1.792,1.104,0.768,1.824,0.256,2027,いいえ,57.4,43.0,1.095,1.110,1.800,1.800,0.990,5.040,1.125,いいえ,いいえ,いいえ,42.8,1.095,1.110,1.800,1.800,0.990,5.040,1.625,いいえ,いいえ,いいえ,37,37,いいえ,はい,15388,14039,128,128,34,100.0,いいえ,いいえ,3868,2528,9990,40,40,48,100.0,100.0,いいえ,いいえ,7031,7744,0.0,0.0,0.0,0.000,0.006,1392,1006,0.0,0.0,0.0,0.000,0.000,181182,133153,0.1,0.3,0.4,0.030,2.432,66270,77560,65.2,0.720,38.000,600.0,2400.0,1200.0,100.0,0.0,0.0,0.0,0.0,0.0,0.0,0.0,0.0,125,2,16.0,86,いいえ,いいえ,いいえ,39.9,44.0,49.7,84.0,0.865,12.314,12.324,12.272,12.338,12.322,0,0,10.607,4.923,3.079,0.345,7.879,3.257,0.173,8.056,8.227,8.370,220.000,220.000,210.0,50.6,1185.0,210.0,1290.0,210.1,50.5,1413.7,6.0,8.0,5.0,0.0,10.1,0.8,1.3,0.0,1.8,0.0,0,0,はい,いいえ,いいえ,いいえ,いいえ,はい,いいえ,5.1,5.0,0,0,0,0,0,0,0,0,0,0,0,0,0,0,0,0,0,0,0,0,0,0,0,0,0,0,0,0,0,0,11040,1242,965,108,2.5,5.1,15.8,2.5,2.5,2.5,2.5,3.3,25.9,1.8,1.8,1.8,1.8,194.61,397.84,63.28,62.27,403.55,403.55,3.17,30.91,194.51,0.10,158.79,0,0,0.0,0.0,44285,38843,7.3,248.9,0,
19.7.2026,0:46:14.776,21023,12888,61.9,17407,14456,54.6,1.0,2048,20,1.070,1.075,1.075,1.060,1.060,1.075,1.075,4699.9,4716.5,4691.5,4691.5,4691.5,4716.5,4691.5,99.8,4641.5,4655.8,4640.2,4640.2,4640.1,4639.4,4640.1,4640.2,4640.2,4640.4,4640.4,4640.3,4640.2,4641.5,100.0,100.0,100.0,100.0,100.0,100.0,100.0,100.0,100.0,100.0,100.0,100.0,100.0,100.0,100.0,122.3,122.3,122.3,122.3,122.3,122.3,122.3,122.3,122.3,122.3,122.3,122.3,122.3,122.3,47.1,47.2,47.0,47.0,47.0,47.2,47.0,0.0,100.0,100.0,100.0,100.0,100.0,100.0,100.0,0.0,0.0,0.0,0.0,0.0,0.0,0.0,0.0,0.0,0.0,0.0,0.0,0.0,0.0,2395.7,24.00,40,39,39,77,116,708,1,85.8,85.0,84.4,81.9,77.4,82.9,84.6,84.4,79.0,83.3,65.1,65.1,69.8,63.1,45.0,44.0,47.0,1.049,1.015,1.100,40.853,7.853,40.854,48.500,5.440,63.775,6.697,6.356,6.832,6.779,6.856,6.642,6.716,42.891,7.971,56.845,62.380,1996.4,2395.7,4666.0,4666.0,4687.7,70.9,54.5,32.3,70.9,100.0,いいえ,いいえ,いいえ,8.415,2.937,6.0,39.0,85.8,40.0,85.0,1.080,12.144,3.440,3.328,5.040,1.064,1.016,3.440,3.328,1.808,1.024,1.120,1.032,1.792,1.104,0.768,1.824,0.256,2039,いいえ,57.4,43.0,1.095,1.110,1.815,1.800,0.990,5.040,0.500,いいえ,いいえ,いいえ,42.8,1.095,1.110,1.815,1.800,0.990,5.040,0.625,いいえ,いいえ,いいえ,37,37,いいえ,はい,15388,14039,128,128,34,100.0,いいえ,いいえ,3868,2528,9990,40,40,48,100.0,100.0,いいえ,いいえ,7031,7744,0.0,0.0,0.0,0.000,0.008,1392,1006,0.0,0.0,0.0,0.000,0.000,181182,133153,0.0,0.2,0.2,0.000,0.702,66270,77562,65.2,0.720,39.000,600.0,2400.0,1200.0,100.0,0.0,0.0,0.0,0.0,0.0,0.0,0.0,0.0,125,2,16.0,86,いいえ,いいえ,いいえ,39.9,44.0,49.8,84.0,0.865,12.312,12.322,12.270,12.336,12.320,0,0,10.507,4.749,2.621,0.296,7.840,2.763,0.148,7.989,8.100,8.236,220.000,220.000,210.0,50.6,1185.0,210.0,1290.0,210.0,50.5,1413.2,7.0,7.0,4.0,0.0,10.1,0.8,1.3,0.0,2.1,0.0,0,0,はい,いいえ,いいえ,いいえ,いいえ,はい,いいえ,4.8,5.2,0,0,0,0,0,0,0,0,0,0,0,0,0,0,0,0,0,0,0,0,0,0,0,0,0,0,0,0,0,0,11040,1242,965,108,2.5,3.8,5.1,3.0,3.0,3.0,3.0,3.9,5.4,3.0,3.0,3.0,3.0,264.41,331.81,197.00,195.76,333.19,333.19,4.22,135.32,264.41,0.00,749.95,0,0,0.0,0.0,44285,38843,12.7,393.8,0,
19.7.2026,0:46:16.766,21021,12890,61.9,17322,14540,54.3,1.1,2048,22,1.065,1.060,1.100,1.100,1.045,1.050,1.035,4691.5,4691.5,4766.4,4716.5,4691.5,4641.6,4641.6,99.8,4669.6,4696.4,4649.9,4679.1,4678.8,4660.1,4678.2,4650.9,4680.2,4646.4,4671.5,4663.3,4680.2,4669.6,99.7,100.0,99.3,100.0,99.9,99.5,99.9,99.3,100.0,99.3,99.8,99.6,100.0,100.0,99.7,123.1,123.4,122.6,123.4,123.4,122.9,123.4,122.6,123.4,122.5,123.2,123.0,123.4,123.1,47.0,47.0,47.8,47.2,47.0,46.5,46.5,0.0,100.0,100.0,100.0,100.0,100.0,99.9,100.0,0.0,0.0,0.0,0.0,0.0,0.1,0.0,0.0,0.0,0.0,0.0,0.0,0.0,0.0,2395.7,24.00,40,39,39,77,116,708,1,85.9,85.0,84.9,82.1,77.9,82.8,84.7,84.5,78.9,83.7,65.3,65.3,70.5,63.3,45.0,44.0,47.0,1.073,1.015,1.100,40.565,7.935,40.564,52.500,5.406,64.576,6.812,6.581,6.882,6.895,6.945,6.689,6.882,43.546,8.054,57.546,63.112,1996.4,2395.7,4707.1,4707.1,4731.0,71.7,54.1,35.0,71.7,100.0,いいえ,いいえ,いいえ,9.140,2.954,6.0,39.0,85.8,40.0,85.0,1.096,12.197,3.440,3.312,5.040,1.064,1.016,3.440,3.328,1.808,1.024,1.120,1.040,1.792,1.104,0.768,1.824,0.256,2033,いいえ,57.4,43.0,1.095,1.110,1.815,1.800,0.990,5.040,1.125,いいえ,いいえ,いいえ,42.8,1.095,1.110,1.815,1.815,0.990,5.040,1.000,いいえ,いいえ,いいえ,37,37,いいえ,はい,15388,14039,128,128,34,100.0,いいえ,いいえ,3868,2528,9990,40,40,48,100.0,100.0,いいえ,いいえ,7031,7744,0.0,0.0,0.0,0.000,0.000,1392,1006,0.0,0.0,0.0,0.000,0.000,181182,133153,0.0,0.1,0.1,0.000,0.614,66270,77563,65.2,0.720,41.000,600.0,2400.0,1200.0,100.0,0.0,0.0,0.0,0.0,0.0,0.0,0.0,0.0,125,2,16.0,86,いいえ,いいえ,いいえ,40.0,44.0,49.9,84.0,0.865,12.309,12.319,12.265,12.333,12.318,0,0,11.158,4.940,3.247,0.345,7.862,3.416,0.172,8.041,8.060,8.373,220.000,220.000,210.0,50.6,1185.0,210.0,1290.0,210.0,50.5,1413.4,6.0,8.0,5.0,0.0,10.1,1.4,2.1,0.0,3.6,0.0,0,0,はい,いいえ,いいえ,いいえ,いいえ,はい,いいえ,5.1,5.0,0,0,0,0,0,0,0,0,0,0,0,0,0,0,0,0,0,0,0,0,0,0,0,0,0,0,0,0,0,0,11040,1242,965,109,2.5,3.8,5.1,3.0,3.0,3.0,3.0,3.9,5.4,3.0,3.0,3.0,3.0,264.41,331.81,197.00,195.76,333.19,333.19,4.22,135.32,264.41,0.00,749.95,0,0,0.0,0.0,44285,38844,9.3,485.9,0,
19.7.2026,0:46:18.787,17802,16109,52.4,14275,17588,44.8,1.2,2048,26,1.049,1.050,1.035,1.050,1.060,1.050,1.050,4649.9,4641.6,4666.6,4641.6,4666.6,4641.6,4641.6,99.8,4186.6,4240.8,4177.9,4176.1,4337.6,4230.0,4213.3,4159.0,4153.4,4134.7,4138.3,4142.5,4135.6,4186.6,89.5,89.8,89.5,89.3,92.6,90.5,90.1,89.1,88.9,88.6,88.7,88.8,88.6,92.6,89.5,110.2,110.5,110.1,110.0,114.4,111.5,111.0,109.6,109.4,109.0,109.1,109.2,109.0,110.2,46.6,46.5,46.8,46.5,46.8,46.5,46.5,0.0,90.6,90.8,93.4,92.2,89.5,88.8,89.0,5.5,4.3,6.6,7.8,7.2,3.3,3.9,3.9,4.9,0.0,0.0,3.3,7.9,7.1,2395.7,24.00,40,39,39,77,116,708,1,85.5,83.7,84.9,80.3,76.5,81.5,83.0,82.3,77.1,81.4,65.0,65.0,69.5,62.7,45.0,44.0,47.0,1.082,1.015,1.100,37.730,7.793,37.731,59.500,5.407,61.097,6.324,6.132,6.598,6.553,6.375,6.061,6.227,40.507,7.909,54.364,59.759,1996.4,2395.7,4728.5,4728.5,4762.4,67.9,50.3,39.7,67.9,98.5,いいえ,いいえ,いいえ,5.544,3.192,5.4,39.0,85.9,40.0,85.0,1.072,12.144,3.456,3.328,5.040,1.064,1.016,3.440,3.328,1.808,1.024,1.120,1.032,1.792,1.104,0.768,1.824,0.256,2033,いいえ,57.4,43.0,1.095,1.110,1.815,1.800,1.005,5.040,1.250,いいえ,いいえ,いいえ,42.8,1.095,1.110,1.815,1.800,1.005,5.040,1.125,いいえ,いいえ,いいえ,37,37,いいえ,はい,15388,14039,128,128,34,100.0,いいえ,いいえ,3868,2528,9990,40,40,48,100.0,100.0,いいえ,いいえ,7031,7744,0.0,24.8,24.8,0.000,0.012,1392,1006,0.0,0.0,0.0,0.000,0.000,181182,133153,0.0,2.2,2.2,0.000,2.193,66270,77567,65.2,0.720,52.000,600.0,2400.0,1200.0,100.0,0.0,0.0,0.0,0.0,0.0,0.0,0.0,0.0,125,2,16.0,86,いいえ,いいえ,いいえ,40.0,44.0,49.9,84.0,0.865,12.312,12.321,12.269,12.336,12.320,0,0,10.676,4.996,3.022,0.320,7.852,3.183,0.160,8.020,9.063,8.351,220.000,220.000,210.0,50.6,1185.0,210.0,1290.0,210.1,50.5,1414.1,9.0,8.0,5.0,0.0,10.1,1.2,1.9,0.0,2.7,0.0,0,0,はい,いいえ,いいえ,いいえ,いいえ,はい,いいえ,5.0,5.2,0,0,0,0,0,0,0,0,0,0,0,0,0,0,0,0,0,0,0,0,0,0,0,0,0,0,0,0,0,0,11040,1242,964,109,2.5,1.4,1.4,1.4,1.4,1.4,1.4,1.4,1.4,1.4,1.4,1.4,1.4,707.37,707.37,707.37,707.37,707.37,707.37,1.34,25.20,707.37,0.00,616.21,0,0,0.0,0.0,44285,38845,8.2,363.6,0,
19.7.2026,0:46:20.788,18269,15642,53.8,14722,17141,46.2,1.2,2048,26,1.113,1.120,1.075,1.110,1.075,1.150,1.150,4803.8,4816.3,4716.5,4716.5,4691.5,4941.1,4941.1,99.8,3878.3,3900.8,3773.5,4058.4,3968.8,4063.9,4125.8,3831.8,3821.6,3715.3,3710.6,3821.3,3748.2,3878.3,82.8,81.8,80.8,86.5,84.6,86.5,87.6,82.1,81.8,79.8,79.7,82.1,80.4,87.6,82.8,102.0,100.6,99.4,106.9,104.5,107.1,108.7,100.8,100.6,97.9,97.8,100.7,98.8,102.0,48.1,48.2,47.2,47.2,47.0,49.5,49.5,0.0,86.2,83.5,91.1,94.5,84.5,80.7,83.2,12.3,16.5,8.9,5.5,15.5,13.2,13.9,1.5,0.0,0.0,0.0,0.0,6.2,2.9,2395.7,24.00,40,39,39,77,116,708,1,85.6,84.0,84.4,79.3,74.6,81.0,83.0,81.4,75.7,80.2,64.6,64.6,69.2,62.8,45.0,44.0,47.0,1.103,1.015,1.100,36.329,7.790,36.336,65.000,5.412,60.164,6.301,5.795,6.719,7.011,6.370,5.817,6.094,39.613,7.907,53.472,58.881,1996.4,2395.7,4767.3,4767.3,4788.2,66.9,48.4,43.3,66.9,98.8,いいえ,いいえ,いいえ,6.203,3.014,5.2,39.0,85.5,40.0,85.0,1.064,12.197,3.440,3.328,5.040,1.072,1.016,3.440,3.328,1.808,1.024,1.120,1.040,1.792,1.104,0.768,1.824,0.256,2023,いいえ,57.4,43.0,1.095,1.110,1.815,1.800,1.005,5.040,0.500,いいえ,いいえ,いいえ,42.8,1.095,1.110,1.815,1.800,1.005,5.040,0.250,いいえ,いいえ,いいえ,37,37,いいえ,はい,15388,14039,128,128,34,100.0,いいえ,いいえ,3868,2528,9990,40,40,48,100.0,100.0,いいえ,いいえ,7031,7744,0.0,0.1,0.1,0.000,0.006,1392,1006,0.0,0.0,0.0,0.000,0.000,181182,133153,0.0,0.1,0.1,0.000,0.349,66270,77568,65.1,0.720,42.000,600.0,2400.0,1200.0,100.0,0.0,0.0,0.0,0.0,0.0,0.0,0.0,0.0,125,2,16.0,86,いいえ,いいえ,いいえ,40.0,46.0,49.7,84.0,0.865,12.312,12.322,12.269,12.336,12.321,0,0,10.748,4.749,2.550,0.296,7.852,2.689,0.148,8.005,8.098,8.354,220.000,220.000,210.0,50.6,1185.0,210.0,1290.0,210.1,50.5,1413.7,5.0,7.0,4.0,0.0,10.1,1.1,1.6,0.0,3.0,0.0,0,0,はい,いいえ,いいえ,いいえ,いいえ,はい,いいえ,4.8,5.5,0,0,0,0,0,0,0,0,0,0,0,0,0,0,0,0,0,0,0,0,0,0,0,0,0,0,0,0,0,0,11040,1242,964,109,2.5,17.1,59.5,6.1,6.0,6.0,6.0,17.1,60.0,6.1,6.0,6.0,6.0,58.42,162.78,16.79,16.78,166.80,166.80,5.00,36.33,58.42,0.00,335.23,0,0,0.0,0.0,44285,38846,13.0,644.5,0,
19.7.2026,0:46:22.788,18674,15237,55.0,14584,17279,45.7,1.2,2048,26,1.093,1.215,1.090,1.060,1.070,1.060,1.060,4758.1,4841.3,4716.5,4716.5,4691.5,4791.4,4791.4,99.8,2934.0,3103.3,2829.5,3026.9,3958.1,3046.4,3211.1,2885.0,2756.1,2494.9,2543.9,2627.0,2726.3,2934.0,61.1,52.8,59.3,63.7,83.1,64.4,67.7,61.3,58.7,53.7,54.7,56.2,58.1,83.1,61.1,76.2,66.4,74.4,79.6,104.4,80.4,84.8,76.2,72.9,66.1,67.4,69.5,72.2,76.2,47.7,48.5,47.2,47.2,47.0,48.0,48.0,0.0,70.3,65.6,91.4,77.4,67.4,57.5,62.7,23.7,34.3,8.6,22.6,32.6,18.8,25.5,5.9,0.1,0.0,0.0,0.0,23.7,11.8,2395.7,24.00,40,39,39,77,116,708,1,85.9,83.0,84.4,75.1,70.8,80.1,78.7,76.3,70.1,74.7,64.0,64.0,69.5,62.6,45.0,44.0,46.8,1.161,1.015,1.100,31.151,7.811,31.142,68.500,5.437,56.423,5.468,5.022,7.016,6.120,5.446,4.308,4.897,35.768,7.928,49.676,55.169,1996.4,2395.7,4872.5,4872.5,4894.0,62.7,41.5,45.7,62.7,97.7,いいえ,いいえ,いいえ,6.626,4.840,4.2,39.0,85.4,40.0,85.0,1.168,12.197,3.456,3.328,5.040,1.072,1.016,3.440,3.328,1.808,1.024,1.120,1.040,1.792,1.104,0.768,1.824,0.256,2020,いいえ,57.4,43.0,1.095,1.110,1.815,1.800,1.005,5.040,0.750,いいえ,いいえ,いいえ,42.8,1.095,1.110,1.815,1.800,1.005,5.040,1.375,いいえ,いいえ,いいえ,37,37,いいえ,はい,15388,14039,128,128,34,100.0,いいえ,いいえ,3868,2528,9990,40,40,48,100.0,100.0,いいえ,いいえ,7031,7744,0.0,0.0,0.0,0.000,0.004,1392,1006,0.0,0.0,0.0,0.000,0.000,181182,133153,0.0,0.0,0.0,0.000,0.100,66270,77568,64.9,0.720,26.000,600.0,2400.0,1200.0,100.0,0.0,0.0,0.0,0.0,0.0,0.0,0.0,0.0,125,2,16.0,86,いいえ,いいえ,いいえ,40.0,44.0,49.8,84.0,0.865,12.308,12.318,12.265,12.333,12.317,0,0,11.496,5.010,2.944,0.320,7.813,3.108,0.160,7.975,9.503,8.253,220.000,220.000,210.0,50.6,1185.0,210.0,1290.0,209.9,50.9,1413.4,14.0,9.0,8.0,0.0,10.1,3.7,5.6,0.0,9.2,0.0,0,0,はい,いいえ,いいえ,いいえ,いいえ,はい,いいえ,5.0,5.5,0,0,0,0,0,0,0,0,0,0,0,0,0,0,0,0,0,0,0,0,0,0,0,0,0,0,0,0,0,0,11040,1242,964,112,2.5,4.3,7.4,3.0,3.0,3.0,3.0,4.3,7.4,3.0,3.0,3.0,3.0,233.49,332.07,134.90,133.09,334.08,334.08,15.26,151.62,233.49,0.00,300.08,0,0,0.0,0.0,44285,38847,15.6,544.6,0,
19.7.2026,0:46:24.778,21082,12829,62.1,16965,14898,53.2,1.2,2048,26,1.083,1.075,1.090,1.090,1.090,1.075,1.075,4699.9,4716.5,4741.4,4641.6,4716.5,4691.5,4691.5,99.8,4003.6,4115.1,3980.7,3972.3,4465.6,4061.1,4049.4,3911.7,3912.1,3897.5,3848.2,3897.7,3931.2,4003.6,85.2,73.8,84.5,85.5,95.6,87.5,87.5,85.1,85.1,84.4,83.3,84.6,85.3,95.6,85.2,104.1,91.8,104.9,104.6,117.8,107.1,106.7,103.1,103.1,102.7,101.4,102.7,103.6,104.1,47.1,47.2,47.5,46.5,47.2,47.0,47.0,0.0,89.2,87.4,97.3,91.6,87.1,84.9,86.8,8.1,9.7,2.7,8.4,12.9,7.3,7.7,2.7,2.9,0.0,0.0,0.0,7.9,5.4,2395.7,24.00,40,39,39,77,116,708,1,85.8,82.8,84.9,77.5,74.0,79.4,80.3,78.9,74.1,78.1,64.3,64.3,69.2,62.6,45.0,44.0,46.9,1.156,1.015,1.100,34.477,7.536,34.477,65.000,5.430,59.557,6.068,5.989,6.594,6.333,5.924,5.688,5.880,39.319,7.649,52.941,58.220,1996.4,2395.7,4861.1,4861.1,4881.2,66.2,46.0,43.3,66.2,97.4,いいえ,いいえ,いいえ,3.282,3.945,5.4,39.0,86.4,40.0,86.0,1.192,12.197,3.456,3.328,5.040,1.072,1.016,3.440,3.328,1.808,1.024,1.120,1.040,1.792,1.104,0.768,1.824,0.256,2027,いいえ,57.4,43.0,1.095,1.110,1.815,1.800,1.005,5.040,0.625,いいえ,いいえ,いいえ,42.5,1.095,1.110,1.815,1.800,1.005,5.040,0.625,いいえ,いいえ,いいえ,37,37,いいえ,はい,15388,14039,128,128,34,100.0,いいえ,いいえ,3868,2528,9990,40,40,48,100.0,100.0,いいえ,いいえ,7031,7744,0.0,0.1,0.1,0.000,0.006,1392,1006,0.0,0.0,0.0,0.000,0.000,181182,133153,0.0,0.1,0.1,0.024,0.489,66270,77569,64.8,0.720,31.000,600.0,2400.0,1200.0,100.0,0.0,0.0,0.0,0.0,0.0,0.0,0.0,0.0,125,2,16.0,86,いいえ,いいえ,いいえ,40.0,44.0,49.8,84.0,0.865,12.309,12.320,12.266,12.334,12.318,0,0,11.385,5.070,3.232,0.419,7.789,3.441,0.209,8.008,8.069,9.390,220.000,220.000,210.0,50.6,1185.0,210.0,1290.0,210.0,50.5,1413.5,17.0,10.0,6.0,0.0,10.1,3.3,5.3,0.0,8.1,0.0,0,0,はい,いいえ,いいえ,いいえ,いいえ,はい,いいえ,5.1,5.4,0,0,0,0,0,0,0,0,0,0,0,0,0,0,0,0,0,0,0,0,0,0,0,0,0,0,0,0,0,0,11039,1243,965,112,2.5,4.0,341.4,1.2,1.2,1.2,1.2,3.9,55.0,1.2,1.2,1.2,1.2,250.36,842.95,2.93,1.15,866.95,866.95,5.23,44.57,250.36,0.00,379.51,0,0,0.0,0.0,44285,38848,26.6,528.4,0,
19.7.2026,0:46:26.782,21079,12832,62.1,16967,14895,53.2,1.2,2048,26,1.054,1.025,1.060,1.060,1.060,1.060,1.060,4691.5,4641.6,4716.5,4716.5,4691.5,4691.5,4691.5,99.8,4667.6,4682.3,4666.5,4666.3,4666.2,4665.6,4666.5,4666.0,4666.7,4666.3,4666.6,4665.9,4666.0,4667.6,100.0,100.0,100.0,100.0,100.0,100.0,100.0,100.0,100.0,100.0,100.0,100.0,100.0,100.0,100.0,123.0,123.0,123.0,123.0,123.0,123.0,123.0,123.0,123.0,123.0,123.0,123.0,123.0,123.0,47.0,46.5,47.2,47.2,47.0,47.0,47.0,0.0,100.0,100.0,100.0,100.0,100.0,100.0,100.0,0.0,0.0,0.0,0.0,0.0,0.0,0.0,0.0,0.0,0.0,0.0,0.0,0.0,0.0,2395.7,24.00,40,39,39,77,116,708,1,85.8,85.0,84.4,81.9,77.1,82.6,84.8,84.5,79.1,83.3,64.8,64.8,70.5,62.7,45.0,44.0,47.0,1.064,1.015,1.100,41.289,7.894,41.296,49.000,5.474,65.058,6.925,6.561,7.025,7.043,7.104,6.907,6.907,43.964,8.012,57.998,63.569,1996.4,2395.7,4691.9,4691.9,4715.9,72.2,55.1,32.7,72.2,100.0,いいえ,いいえ,いいえ,8.683,3.258,6.0,39.0,85.8,40.0,85.0,1.088,12.197,3.456,3.328,5.040,1.072,1.016,3.440,3.328,1.808,1.024,1.120,1.040,1.792,1.104,0.768,1.824,0.256,2023,いいえ,57.4,43.0,1.095,1.110,1.815,1.800,1.005,5.040,0.875,いいえ,いいえ,いいえ,42.5,1.095,1.110,1.815,1.800,1.005,5.040,1.000,いいえ,いいえ,いいえ,37,37,いいえ,はい,15388,14039,128,128,34,100.0,いいえ,いいえ,3868,2528,9990,40,40,48,100.0,100.0,いいえ,いいえ,7031,7744,0.0,0.0,0.0,0.000,0.004,1392,1006,0.0,0.0,0.0,0.000,0.000,181182,133153,0.0,0.0,0.1,0.022,0.139,66270,77569,64.7,0.720,41.000,600.0,2400.0,1200.0,100.0,0.0,0.0,0.0,0.0,0.0,0.0,0.0,0.0,125,2,16.0,86,いいえ,いいえ,いいえ,40.0,44.0,49.7,84.0,0.865,12.308,12.318,12.266,12.332,12.316,0,0,11.075,4.944,3.273,0.394,7.850,3.465,0.197,8.052,8.066,8.254,220.000,220.000,210.0,50.6,1185.0,210.0,1290.0,210.0,50.5,1414.3,15.0,10.0,9.0,0.0,10.1,3.1,4.4,0.0,8.1,0.0,0,0,はい,いいえ,いいえ,いいえ,いいえ,はい,いいえ,5.1,5.3,0,0,0,0,0,0,0,0,0,0,0,0,0,0,0,0,0,0,0,0,0,0,0,0,0,0,0,0,0,0,11039,1243,965,112,2.5,5.1,10.5,3.4,3.4,3.4,3.4,5.1,11.5,3.6,3.5,3.5,3.5,197.93,292.79,95.32,92.41,295.52,295.52,0.81,0.00,197.75,0.18,112.49,0,0,0.0,0.0,44285,38849,26.6,519.7,0,
19.7.2026,0:46:28.788,21079,12832,62.1,16990,14873,53.3,1.2,2048,26,1.078,1.050,1.090,1.075,1.090,1.090,1.075,4720.7,4666.6,4716.5,4741.4,4741.4,4741.4,4716.5,99.8,4655.8,4670.0,4654.5,4654.6,4654.8,4653.7,4654.5,4654.7,4654.9,4654.8,4655.0,4653.9,4654.1,4655.8,100.0,100.0,100.0,100.0,100.0,100.0,100.0,100.0,100.0,100.0,100.0,100.0,100.0,100.0,100.0,122.7,122.7,122.7,122.7,122.7,122.7,122.7,122.7,122.7,122.7,122.7,122.7,122.7,122.7,47.3,46.8,47.2,47.5,47.5,47.5,47.2,0.0,100.0,100.0,100.0,100.0,100.0,100.0,100.0,0.0,0.0,0.0,0.0,0.0,0.0,0.0,0.0,0.0,0.0,0.0,0.0,0.0,0.0,2395.7,24.00,40,39,39,77,116,708,1,85.8,85.0,84.9,81.9,77.2,82.8,84.6,84.5,79.2,83.4,64.9,64.9,70.0,63.1,45.0,44.0,47.0,1.057,1.015,1.100,41.295,7.944,41.288,48.000,5.457,64.600,6.846,6.477,6.931,6.898,7.006,6.884,6.880,43.677,8.063,57.743,63.210,1996.4,2395.7,4679.5,4679.5,4702.5,71.8,55.1,32.0,71.8,100.0,いいえ,いいえ,いいえ,7.860,2.205,6.0,39.0,85.8,40.0,85.0,1.096,12.197,3.456,3.328,5.040,1.072,1.016,3.440,3.328,1.808,1.024,1.120,1.032,1.808,1.104,0.768,1.824,0.256,2033,いいえ,57.4,43.0,1.095,1.110,1.815,1.800,1.005,5.040,0.875,いいえ,いいえ,いいえ,42.5,1.095,1.110,1.815,1.800,1.005,5.040,0.875,いいえ,いいえ,いいえ,37,37,いいえ,はい,15388,14039,128,128,34,100.0,いいえ,いいえ,3868,2528,9990,40,40,48,100.0,100.0,いいえ,いいえ,7031,7744,0.0,0.1,0.1,0.000,0.024,1392,1006,0.0,0.0,0.0,0.000,0.000,181182,133153,0.0,0.2,0.2,0.000,0.744,66270,77571,64.8,0.720,49.000,600.0,2400.0,1200.0,100.0,0.0,0.0,0.0,0.0,0.0,0.0,0.0,0.0,125,2,16.0,86,いいえ,いいえ,いいえ,40.0,46.0,49.8,84.0,0.865,12.307,12.318,12.264,12.331,12.316,0,0,11.487,4.881,3.090,0.320,7.825,3.255,0.160,8.001,8.066,8.333,220.000,220.000,210.0,50.6,1185.0,210.0,1290.0,210.1,50.5,1413.7,15.0,10.0,9.0,0.0,10.1,3.6,5.3,0.0,9.0,0.0,0,0,はい,いいえ,いいえ,いいえ,いいえ,はい,いいえ,5.0,5.7,0,0,0,0,0,0,0,0,0,0,0,0,0,0,0,0,0,0,0,0,0,0,0,0,0,0,0,0,0,0,11040,1242,965,112,2.5,5.7,223.9,2.9,2.9,2.9,2.9,5.5,50.0,2.9,2.9,2.9,2.9,175.06,345.66,4.47,1.33,349.15,349.15,1.68,15.43,175.06,0.00,199.35,0,0,0.0,0.0,44285,38850,18.1,496.3,0,
19.7.2026,0:46:30.778,21083,12828,62.1,17004,14859,53.3,1.2,2048,26,1.052,1.060,1.050,1.050,1.045,1.045,1.060,4674.9,4691.5,4666.6,4666.6,4666.6,4666.6,4691.5,99.8,4682.8,4697.9,4681.2,4682.1,4681.9,4680.8,4681.3,4682.1,4682.1,4681.7,4681.8,4679.7,4680.6,4682.8,100.0,100.0,100.0,100.0,100.0,100.0,100.0,100.0,100.0,100.0,100.0,100.0,100.0,100.0,100.0,123.5,123.5,123.4,123.5,123.5,123.5,123.4,123.5,123.5,123.5,123.5,123.4,123.5,123.5,46.8,47.0,46.8,46.8,46.8,46.8,47.0,0.0,100.0,100.0,100.0,100.0,100.0,100.0,100.0,0.0,0.0,0.0,0.0,0.0,0.0,0.0,0.0,0.0,0.0,0.0,0.0,0.0,0.0,2395.7,24.00,40,39,39,77,116,708,1,85.9,85.0,85.4,81.8,77.2,82.7,84.6,84.4,78.9,83.2,65.2,65.2,69.8,62.7,45.0,44.0,47.0,1.073,1.015,1.100,40.727,8.108,40.728,50.000,5.463,65.047,6.777,6.434,6.882,6.899,6.949,6.712,6.788,43.732,8.230,57.971,63.614,1996.4,2395.7,4708.1,4708.1,4731.5,72.3,54.3,33.3,72.3,100.0,いいえ,いいえ,いいえ,10.550,2.575,6.0,39.0,85.9,40.0,85.0,1.080,12.197,3.456,3.328,5.040,1.064,1.016,3.440,3.328,1.808,1.024,1.120,1.040,1.792,1.104,0.768,1.824,0.256,2011,いいえ,57.4,43.0,1.095,1.110,1.815,1.800,1.005,5.040,0.875,いいえ,いいえ,いいえ,42.5,1.095,1.110,1.815,1.800,1.005,5.040,0.750,いいえ,いいえ,いいえ,37,37,いいえ,はい,15388,14039,128,128,34,100.0,いいえ,いいえ,3868,2528,9990,40,40,48,100.0,100.0,いいえ,いいえ,7031,7744,0.0,0.0,0.0,0.000,0.004,1392,1006,0.0,0.0,0.0,0.000,0.000,181182,133153,0.0,0.1,0.1,0.000,0.227,66270,77571,64.9,0.720,45.000,600.0,2400.0,1200.0,100.0,0.0,0.0,0.0,0.0,0.0,0.0,0.0,0.0,125,2,16.0,86,いいえ,いいえ,いいえ,40.0,44.0,49.7,84.0,0.865,12.313,12.323,12.270,12.337,12.321,0,0,11.115,4.805,2.805,0.296,7.853,2.949,0.148,8.003,8.066,8.319,220.000,220.000,210.0,50.6,1185.0,210.0,1290.0,210.1,50.5,1413.2,7.0,7.0,5.0,0.0,10.1,2.9,4.1,0.0,7.4,0.0,0,0,はい,いいえ,いいえ,いいえ,いいえ,はい,いいえ,4.9,5.0,0,0,0,0,0,0,0,0,0,0,0,0,0,0,0,0,0,0,0,0,0,0,0,0,0,0,0,0,0,0,11040,1242,965,112,2.5,5.7,223.9,2.9,2.9,2.9,2.9,5.5,50.0,2.9,2.9,2.9,2.9,175.06,345.66,4.47,1.33,349.15,349.15,1.68,15.43,175.06,0.00,199.35,0,0,0.0,0.0,44285,38851,23.6,359.1,0,
19.7.2026,0:46:32.782,21077,12834,62.1,17008,14855,53.3,1.2,2048,26,1.044,1.050,1.045,1.050,1.050,1.035,1.035,4666.6,4691.5,4666.6,4666.6,4666.6,4641.6,4666.6,99.8,4657.0,4671.9,4655.2,4655.3,4656.3,4654.7,4656.2,4656.3,4656.1,4656.0,4656.1,4653.9,4655.5,4657.0,100.0,100.0,100.0,100.0,100.0,100.0,100.0,100.0,100.0,100.0,100.0,100.0,100.0,100.0,100.0,122.8,122.8,122.7,122.7,122.8,122.7,122.8,122.8,122.8,122.8,122.8,122.7,122.8,122.8,46.8,47.0,46.8,46.8,46.8,46.5,46.8,0.0,100.0,100.0,100.0,100.0,100.0,100.0,100.0,0.0,0.0,0.0,0.0,0.0,0.0,0.0,0.0,0.0,0.0,0.0,0.0,0.0,0.0,2395.7,24.00,40,39,39,77,116,708,1,85.8,85.0,84.4,81.9,77.1,82.8,84.6,84.4,79.0,83.2,65.0,65.0,69.5,63.1,45.0,44.0,47.0,1.058,1.015,1.100,41.272,7.978,41.273,51.000,5.470,64.776,6.805,6.439,6.937,6.873,6.978,6.814,6.791,43.690,8.098,57.805,63.323,1996.4,2395.7,4681.4,4681.4,4704.3,72.0,55.0,34.0,72.0,100.0,いいえ,いいえ,いいえ,8.535,2.314,6.0,39.0,85.9,40.0,85.0,1.080,12.197,3.440,3.328,5.040,1.072,1.016,3.440,3.328,1.808,1.024,1.120,1.040,1.792,1.104,0.768,1.824,0.256,2023,いいえ,57.4,43.0,1.095,1.110,1.815,1.800,1.005,5.040,0.750,いいえ,いいえ,いいえ,42.8,1.095,1.110,1.815,1.800,1.005,5.040,0.875,いいえ,いいえ,いいえ,37,37,いいえ,はい,15388,14039,128,128,34,100.0,いいえ,いいえ,3868,2528,9990,40,40,48,100.0,100.0,いいえ,いいえ,7031,7744,0.0,0.0,0.0,0.000,0.002,1392,1006,0.0,0.0,0.0,0.000,0.000,181182,133153,0.1,1.0,1.1,0.008,0.539,66270,77572,65.0,0.720,41.000,600.0,2400.0,1200.0,100.0,0.0,0.0,0.0,0.0,0.0,0.0,0.0,0.0,125,2,16.0,86,いいえ,いいえ,いいえ,40.0,46.0,49.8,84.0,0.865,12.307,12.317,12.265,12.331,12.315,0,0,10.932,4.839,2.889,0.320,7.825,3.046,0.160,7.990,8.069,8.411,220.000,220.000,210.0,50.6,1185.0,210.0,1290.0,210.0,50.5,1414.1,14.0,9.0,9.0,0.0,10.1,2.7,3.8,0.0,6.9,0.0,0,0,はい,いいえ,いいえ,いいえ,いいえ,はい,いいえ,5.2,5.5,0,0,0,0,0,0,0,0,0,0,0,0,0,0,0,0,0,0,0,0,0,0,0,0,0,0,0,0,0,0,11040,1242,965,112,2.5,4.0,9.4,2.3,2.3,2.3,2.3,4.0,8.4,2.3,2.3,2.3,2.3,250.03,427.97,105.94,102.86,433.56,433.56,1.06,0.01,249.86,0.18,95.25,0,0,0.0,0.0,44285,38852,19.3,496.4,0,
19.7.2026,0:46:34.803,21071,12840,62.1,17006,14857,53.3,1.2,2048,26,1.067,1.115,1.020,1.070,1.070,1.060,1.065,4708.2,4766.4,4616.7,4766.4,4716.5,4716.5,4666.6,99.8,4658.4,4673.5,4656.9,4656.7,4657.2,4655.9,4657.2,4657.2,4657.8,4657.9,4658.1,4656.8,4655.9,4658.4,100.0,100.0,100.0,100.0,100.0,100.0,100.0,100.0,100.0,100.0,100.0,100.0,100.0,100.0,100.0,122.8,122.8,122.8,122.8,122.8,122.8,122.8,122.8,122.8,122.8,122.8,122.8,122.8,122.8,47.2,47.8,46.2,47.8,47.2,47.2,46.8,0.0,100.0,100.0,100.0,100.0,100.0,100.0,100.0,0.0,0.0,0.0,0.0,0.0,0.0,0.0,0.0,0.0,0.0,0.0,0.0,0.0,0.0,2395.7,24.00,40,39,39,77,116,708,1,85.8,85.0,86.4,81.8,77.0,82.6,84.5,84.4,78.9,83.3,65.0,65.0,70.0,62.9,45.0,44.0,47.0,1.058,1.015,1.100,41.171,7.921,41.170,48.000,5.448,64.549,6.784,6.430,6.874,6.870,6.984,6.738,6.806,43.596,8.040,57.629,63.160,1996.4,2395.7,4683.0,4683.0,4705.0,71.8,54.9,32.0,71.8,100.0,いいえ,いいえ,いいえ,8.783,2.334,6.0,39.0,85.8,40.0,85.0,1.096,12.197,3.440,3.328,5.040,1.072,1.016,3.440,3.328,1.808,1.024,1.120,1.040,1.792,1.104,0.768,1.824,0.248,2033,いいえ,57.4,43.0,1.110,1.110,1.815,1.800,1.005,5.040,1.000,いいえ,いいえ,いいえ,42.5,1.110,1.110,1.815,1.800,1.005,5.040,0.750,いいえ,いいえ,いいえ,37,37,いいえ,はい,15388,14039,128,128,34,100.0,いいえ,いいえ,3868,2528,9990,40,40,48,100.0,100.0,いいえ,いいえ,7031,7744,0.0,0.1,0.1,0.000,0.018,1392,1006,0.0,0.0,0.0,0.000,0.000,181182,133153,0.0,0.1,0.1,0.000,0.362,66270,77573,65.0,0.720,46.000,600.0,2400.0,1200.0,100.0,0.0,0.0,0.0,0.0,0.0,0.0,0.0,0.0,125,2,16.0,86,いいえ,いいえ,いいえ,40.0,44.0,49.8,84.0,0.865,12.310,12.320,12.268,12.335,12.318,0,0,11.075,4.992,3.278,0.370,7.876,3.466,0.185,8.070,8.069,8.620,220.000,220.000,210.0,50.6,1185.0,210.0,1290.0,210.0,50.5,1414.0,13.0,10.0,9.0,0.0,10.1,3.6,5.5,0.0,8.8,0.0,0,0,はい,いいえ,いいえ,いいえ,いいえ,はい,いいえ,5.3,5.5,0,0,0,0,0,0,0,0,0,0,0,0,0,0,0,0,0,0,0,0,0,0,0,0,0,0,0,0,0,0,11040,1242,965,111,2.5,3.5,3.5,3.5,3.5,3.5,3.5,3.5,3.5,3.5,3.5,3.5,3.5,283.28,283.28,283.28,283.28,283.28,283.28,2.14,0.00,283.16,0.12,131.92,0,0,0.0,0.0,44285,38853,31.0,418.9,0,
19.7.2026,0:46:36.796,21070,12841,62.1,16998,14865,53.3,1.2,2048,26,1.087,1.120,1.080,1.100,1.070,1.075,1.075,4716.5,4766.4,4641.6,4741.4,4691.5,4716.5,4741.4,99.8,4671.0,4685.4,4669.7,4670.1,4669.9,4669.4,4669.9,4669.9,4669.7,4669.7,4669.7,4669.5,4669.7,4671.0,100.0,100.0,100.0,100.0,100.0,100.0,100.0,100.0,100.0,100.0,100.0,100.0,100.0,100.0,100.0,123.1,123.1,123.1,123.1,123.1,123.1,123.1,123.1,123.1,123.1,123.1,123.1,123.1,123.1,47.2,47.8,46.5,47.5,47.0,47.2,47.5,0.0,100.0,100.0,100.0,100.0,100.0,100.0,100.0,0.0,0.0,0.0,0.0,0.0,0.0,0.0,0.0,0.0,0.0,0.0,0.0,0.0,0.0,2395.7,24.00,40,39,39,77,116,708,1,85.9,85.0,85.4,81.9,77.4,82.6,84.5,84.2,79.0,83.5,65.2,65.2,70.2,63.1,45.0,44.0,47.0,1.066,1.015,1.100,40.992,7.981,41.004,49.500,5.445,64.854,6.761,6.454,6.856,6.815,6.852,6.724,6.864,43.731,8.101,57.822,63.420,1996.4,2395.7,4695.8,4695.8,4719.5,72.1,54.7,33.0,72.1,100.0,いいえ,いいえ,いいえ,9.696,2.478,6.0,39.0,85.8,40.0,85.0,1.088,12.197,3.440,3.328,5.040,1.072,1.016,3.440,3.328,1.808,1.024,1.120,1.040,1.792,1.104,0.768,1.824,0.256,2020,いいえ,57.4,43.0,1.110,1.110,1.815,1.800,1.005,5.040,1.000,いいえ,いいえ,いいえ,42.5,1.110,1.110,1.815,1.800,1.005,5.040,0.875,いいえ,いいえ,いいえ,37,37,いいえ,はい,15388,14039,128,128,34,100.0,いいえ,いいえ,3868,2528,9990,40,40,48,100.0,100.0,いいえ,いいえ,7031,7744,0.0,0.3,0.3,0.000,0.022,1392,1007,0.0,0.0,0.0,0.000,0.000,181182,133153,0.0,0.1,0.1,0.000,0.151,66270,77573,65.0,0.720,35.000,600.0,2400.0,1200.0,100.0,0.0,0.0,0.0,0.0,0.0,0.0,0.0,0.0,125,2,16.0,86,いいえ,いいえ,いいえ,40.0,44.0,49.8,84.0,0.865,12.308,12.318,12.265,12.333,12.317,0,0,10.115,4.674,2.326,0.271,7.776,2.467,0.135,7.925,8.069,8.424,220.000,220.000,210.0,50.6,1185.0,210.0,1290.0,210.0,50.5,1413.2,3.0,6.0,1.0,0.0,10.1,1.3,1.9,0.0,3.5,0.0,0,0,はい,いいえ,いいえ,いいえ,いいえ,はい,いいえ,4.9,5.0,0,0,0,0,0,0,0,0,0,0,0,0,0,0,0,0,0,0,0,0,0,0,0,0,0,0,0,0,0,0,11040,1242,965,110,2.5,5.0,16.1,2.6,2.6,2.6,2.6,3.9,25.1,2.6,2.6,2.6,2.6,200.87,388.57,62.07,62.05,391.03,391.03,3.03,53.03,200.77,0.10,301.18,0,0,0.0,0.0,44285,38853,6.3,94.6,0,
19.7.2026,0:46:38.793,21058,12853,62.0,16999,14864,53.3,1.2,2048,26,1.023,1.010,1.020,1.035,1.025,1.025,1.025,4633.3,4616.7,4641.6,4616.7,4641.6,4641.6,4641.6,99.8,4663.5,4678.5,4662.0,4661.7,4662.7,4662.0,4662.4,4662.6,4662.7,4662.3,4662.6,4661.5,4661.6,4663.5,100.0,100.0,100.0,100.0,100.0,100.0,100.0,100.0,100.0,100.0,100.0,100.0,100.0,100.0,100.0,122.9,122.9,122.9,122.9,122.9,122.9,122.9,122.9,122.9,122.9,122.9,122.9,122.9,122.9,46.4,46.2,46.5,46.2,46.5,46.5,46.5,0.0,100.0,100.0,100.0,100.0,100.0,100.0,100.0,0.0,0.0,0.0,0.0,0.0,0.0,0.0,0.0,0.0,0.0,0.0,0.0,0.0,0.0,2395.7,24.00,40,39,39,77,116,708,1,85.9,85.0,84.4,82.1,77.6,82.8,84.6,84.3,79.3,83.9,65.2,65.2,70.0,62.8,45.0,44.0,47.0,1.062,1.015,1.100,41.264,7.860,41.251,49.500,5.417,64.795,6.809,6.528,6.879,6.835,6.860,6.821,6.931,43.859,7.978,57.795,63.337,1996.4,2395.7,4688.4,4688.4,4712.0,72.0,55.0,33.0,72.0,100.0,いいえ,いいえ,いいえ,8.909,2.502,6.0,39.0,85.9,40.0,85.0,1.112,12.197,3.440,3.328,5.040,1.072,1.016,3.440,3.328,1.808,1.024,1.120,1.040,1.792,1.104,0.768,1.824,0.256,2020,いいえ,57.4,43.0,1.110,1.110,1.815,1.800,1.005,5.040,0.875,いいえ,いいえ,いいえ,42.5,1.110,1.110,1.815,1.800,1.005,5.040,0.875,いいえ,いいえ,いいえ,37,37,いいえ,はい,15388,14039,128,128,34,100.0,いいえ,いいえ,3868,2528,9990,40,40,48,100.0,100.0,いいえ,いいえ,7031,7744,0.0,0.1,0.1,0.000,0.012,1392,1007,0.0,0.0,0.0,0.000,0.000,181182,133153,0.0,0.0,0.0,0.000,0.205,66270,77574,65.0,0.720,43.000,600.0,2400.0,1200.0,100.0,0.0,0.0,0.0,0.0,0.0,0.0,0.0,0.0,125,2,16.0,86,いいえ,いいえ,いいえ,40.0,44.0,49.8,84.0,0.865,12.310,12.318,12.268,12.336,12.320,0,0,10.176,4.716,2.458,0.296,7.790,2.603,0.148,7.945,8.100,8.391,220.000,220.000,210.0,50.6,1185.0,210.0,1290.0,210.1,50.5,1414.4,4.0,6.0,2.0,0.0,10.1,0.7,1.0,0.0,1.9,0.0,0,0,はい,いいえ,いいえ,いいえ,いいえ,はい,いいえ,4.7,5.3,0,0,0,0,0,0,0,0,0,0,0,0,0,0,0,0,0,0,0,0,0,0,0,0,0,0,0,0,0,0,11040,1242,965,109,2.5,2.2,14.3,1.2,1.2,1.2,1.2,0.0,0.0,0.0,0.0,0.0,0.0,447.89,825.99,69.78,62.84,833.71,833.71,2.14,60.92,447.79,0.10,0.00,0,0,0.0,0.0,44285,38853,6.4,85.2,0,
19.7.2026,0:46:40.803,21070,12841,62.1,16998,14864,53.3,1.2,2048,26,1.063,1.050,1.060,1.060,1.050,1.060,1.100,4674.9,4666.6,4666.6,4666.6,4666.6,4691.5,4691.5,99.8,4669.3,4683.3,4667.2,4668.1,4668.1,4667.6,4668.2,4668.3,4668.3,4668.2,4668.2,4668.1,4668.1,4669.3,100.0,100.0,100.0,100.0,100.0,100.0,100.0,100.0,100.0,100.0,100.0,100.0,100.0,100.0,100.0,123.1,123.1,123.1,123.1,123.1,123.1,123.1,123.1,123.1,123.1,123.1,123.1,123.1,123.1,46.8,46.8,46.8,46.8,46.8,47.0,47.0,0.0,100.0,100.0,100.0,100.0,100.0,100.0,100.0,0.0,0.0,0.0,0.0,0.0,0.0,0.0,0.0,0.0,0.0,0.0,0.0,0.0,0.0,2395.7,24.00,40,39,39,77,116,708,1,85.9,85.0,84.9,81.9,77.1,82.4,84.6,84.3,79.2,83.6,65.2,65.2,70.5,63.1,45.0,44.0,47.0,1.065,1.015,1.100,41.094,7.977,41.097,50.500,5.431,64.888,6.786,6.491,6.896,6.854,6.880,6.751,6.844,43.807,8.097,57.878,63.464,1996.4,2395.7,4694.0,4694.0,4718.0,72.1,54.8,33.7,72.1,100.0,いいえ,いいえ,いいえ,9.644,2.498,6.0,39.0,85.9,40.0,85.0,1.088,12.197,3.440,3.328,5.040,1.072,1.016,3.440,3.328,1.808,1.024,1.120,1.032,1.792,1.104,0.768,1.824,0.256,2027,いいえ,57.4,43.0,1.110,1.110,1.815,1.815,1.005,5.040,0.750,いいえ,いいえ,いいえ,42.5,1.110,1.110,1.815,1.815,1.005,5.040,0.750,いいえ,いいえ,いいえ,37,37,いいえ,はい,15388,14039,128,128,34,100.0,いいえ,いいえ,3868,2528,9990,40,40,48,100.0,100.0,いいえ,いいえ,7031,7744,0.0,0.0,0.0,0.000,0.002,1392,1007,0.0,0.0,0.0,0.000,0.000,181182,133153,0.1,0.2,0.3,0.026,1.711,66270,77577,65.1,0.720,38.000,600.0,2400.0,1200.0,100.0,0.0,0.0,0.0,0.0,0.0,0.0,0.0,0.0,125,2,16.0,86,いいえ,いいえ,いいえ,40.0,44.0,49.8,84.0,0.865,12.307,12.315,12.265,12.332,12.316,0,0,9.971,4.763,2.639,0.296,7.764,2.787,0.148,7.924,8.092,8.457,220.000,220.000,210.0,50.6,1185.0,210.0,1290.0,210.0,50.5,1412.9,6.0,7.0,4.0,0.0,10.1,0.5,0.7,0.0,1.4,0.0,0,0,はい,いいえ,いいえ,いいえ,いいえ,はい,いいえ,4.8,4.9,0,0,0,0,0,0,0,0,0,0,0,0,0,0,0,0,0,0,0,0,0,0,0,0,0,0,0,0,0,0,11040,1242,965,109,2.5,4.0,15.1,2.3,2.3,2.3,2.3,30.0,30.0,30.0,30.0,30.0,30.0,249.84,433.25,66.44,63.07,436.99,436.99,3.00,38.92,249.75,0.09,397.13,0,0,0.0,0.0,44285,38853,6.1,71.9,0,
19.7.2026,0:46:42.811,21062,12849,62.1,16997,14866,53.3,1.2,2048,26,1.059,1.070,1.090,1.060,1.060,1.035,1.040,4683.2,4716.5,4716.5,4691.5,4691.5,4666.6,4616.7,99.8,4664.3,4678.9,4663.2,4663.2,4662.5,4662.7,4663.3,4663.3,4663.2,4663.1,4663.1,4662.8,4662.8,4664.3,100.0,100.0,100.0,100.0,100.0,100.0,100.0,100.0,100.0,100.0,100.0,100.0,100.0,100.0,100.0,123.0,123.0,123.0,123.0,122.9,123.0,123.0,123.0,123.0,123.0,123.0,123.0,123.0,123.0,46.9,47.2,47.2,47.0,47.0,46.8,46.2,0.0,100.0,100.0,100.0,100.0,100.0,100.0,100.0,0.0,0.0,0.0,0.0,0.0,0.0,0.0,0.0,0.0,0.0,0.0,0.0,0.0,0.0,2395.7,24.00,40,39,39,77,116,708,1,85.9,85.0,85.4,81.8,76.9,82.4,84.6,84.3,79.0,83.7,65.2,65.2,70.2,63.1,45.0,44.0,47.0,1.062,1.015,1.100,41.123,7.993,41.124,49.500,5.466,64.811,6.770,6.416,6.870,6.882,6.892,6.710,6.849,43.703,8.113,57.828,63.383,1996.4,2395.7,4689.1,4689.1,4712.2,72.0,54.8,33.0,72.0,100.0,いいえ,いいえ,いいえ,9.009,2.646,6.0,39.0,85.8,40.0,85.0,1.072,12.197,3.456,3.328,5.040,1.064,1.016,3.440,3.328,1.808,1.024,1.120,1.040,1.792,1.104,0.768,1.824,0.256,2014,いいえ,57.4,43.0,1.110,1.110,1.815,1.815,1.005,5.040,1.000,いいえ,いいえ,いいえ,42.5,1.110,1.110,1.815,1.815,1.005,5.040,0.750,いいえ,いいえ,いいえ,37,37,いいえ,はい,15388,14039,128,128,34,100.0,いいえ,いいえ,3868,2528,9990,40,40,48,100.0,100.0,いいえ,いいえ,7032,7744,0.0,0.0,0.0,0.000,0.004,1392,1007,0.0,0.0,0.0,0.000,0.000,181182,133153,0.0,0.7,0.7,0.000,3.425,66270,77583,65.1,0.720,28.000,600.0,2400.0,1200.0,100.0,0.0,0.0,0.0,0.0,0.0,0.0,0.0,0.0,125,2,16.0,86,いいえ,いいえ,いいえ,40.0,44.0,49.9,84.0,0.865,12.312,12.319,12.270,12.337,12.321,0,0,10.177,4.755,2.668,0.296,7.816,2.825,0.148,7.977,8.090,8.223,220.000,220.000,210.0,50.6,1185.0,210.0,1290.0,210.0,50.5,1413.6,3.0,6.0,1.0,0.0,10.1,0.6,0.9,0.0,1.6,0.0,0,0,はい,いいえ,いいえ,いいえ,いいえ,はい,いいえ,4.8,5.5,0,0,0,0,0,0,0,0,0,0,0,0,0,0,0,0,0,0,0,0,0,0,0,0,0,0,0,0,0,0,11040,1242,965,109,2.5,2.2,14.1,1.2,1.2,1.2,1.2,1.0,1.0,1.0,1.0,1.0,1.0,456.85,842.89,70.81,63.72,850.76,850.76,9.48,126.71,456.75,0.10,582.14,0,0,0.0,0.0,44285,38854,9.3,129.8,0,
19.7.2026,0:46:44.811,20992,12919,61.9,16934,14929,53.1,1.2,2048,26,1.064,1.075,1.060,1.025,1.060,1.090,1.075,4695.7,4716.5,4591.7,4691.5,4691.5,4741.4,4741.4,99.8,4660.2,4675.8,4659.3,4660.2,4657.8,4659.3,4659.6,4659.6,4660.3,4657.7,4659.6,4655.9,4656.9,4660.2,100.0,100.0,100.0,100.0,99.9,100.0,100.0,100.0,100.0,99.9,100.0,99.9,99.9,100.0,100.0,122.8,122.8,122.9,122.9,122.8,122.9,122.9,122.9,122.9,122.8,122.9,122.8,122.8,122.8,47.0,47.2,46.0,47.0,47.0,47.5,47.5,0.0,100.0,100.0,100.0,100.0,100.0,100.0,100.0,0.0,0.0,0.0,0.0,0.0,0.0,0.0,0.0,0.0,0.0,0.0,0.0,0.0,0.0,2395.7,24.00,40,39,39,77,116,708,1,85.9,85.0,86.8,81.8,77.2,82.6,84.6,84.4,78.7,83.3,65.1,65.1,70.0,63.0,45.0,44.0,47.0,1.060,1.015,1.100,41.052,8.008,41.051,48.000,5.453,64.661,6.725,6.423,6.809,6.844,6.931,6.624,6.717,43.564,8.129,57.690,63.234,1996.4,2395.7,4686.5,4686.5,4709.7,71.9,54.7,32.0,71.9,100.0,いいえ,いいえ,いいえ,8.541,3.096,6.0,39.0,85.8,40.0,85.0,1.080,12.197,3.440,3.328,5.040,1.072,1.016,3.440,3.328,1.808,1.024,1.120,1.032,1.792,1.104,0.768,1.824,0.256,2014,いいえ,57.4,43.0,1.110,1.110,1.815,1.815,1.005,5.040,1.000,いいえ,いいえ,いいえ,42.8,1.110,1.110,1.815,1.815,1.005,5.040,1.250,いいえ,いいえ,いいえ,37,37,いいえ,はい,15388,14039,128,128,34,100.0,いいえ,いいえ,3868,2528,9990,40,40,48,100.0,100.0,いいえ,いいえ,7032,7744,0.0,19.1,19.1,0.000,0.008,1392,1007,0.0,0.0,0.0,0.000,0.000,181182,133153,0.0,0.1,0.1,0.000,0.314,66270,77584,65.1,0.720,42.000,600.0,2400.0,1200.0,100.0,0.0,0.0,0.0,0.0,0.0,0.0,0.0,0.0,125,2,16.0,86,いいえ,いいえ,いいえ,40.0,44.0,49.8,84.0,0.865,12.313,12.320,12.272,12.339,12.322,0,0,10.493,4.689,2.445,0.296,7.780,2.591,0.148,7.929,8.117,8.207,220.000,220.000,210.0,50.6,1185.0,210.0,1290.0,210.1,50.5,1412.9,3.0,6.0,1.0,0.0,10.1,1.2,1.7,0.0,3.0,0.0,0,0,はい,いいえ,いいえ,いいえ,いいえ,はい,いいえ,4.7,5.2,0,0,0,0,0,0,0,0,0,0,0,0,0,0,0,0,0,0,0,0,0,0,0,0,0,0,0,0,0,0,11040,1242,965,109,2.5,2.0,2.0,2.0,2.0,2.0,2.0,0.0,0.0,0.0,0.0,0.0,0.0,489.14,489.14,489.14,489.14,489.14,489.14,11.34,208.92,489.04,0.10,0.00,0,0,0.0,0.0,44285,38854,8.6,159.9,0,
19.7.2026,0:46:46.822,20989,12922,61.8,16933,14930,53.1,1.2,2048,26,1.089,1.070,1.060,1.105,1.105,1.075,1.120,4749.8,4716.5,4716.5,4766.4,4766.4,4791.4,4741.4,99.8,4631.4,4645.5,4630.0,4629.5,4629.9,4629.8,4630.3,4630.4,4630.7,4630.4,4630.4,4629.4,4630.1,4631.4,100.0,100.0,100.0,100.0,100.0,100.0,100.0,100.0,100.0,100.0,100.0,100.0,100.0,100.0,100.0,122.1,122.1,122.1,122.1,122.1,122.1,122.1,122.1,122.1,122.1,122.1,122.1,122.1,122.1,47.6,47.2,47.2,47.8,47.8,48.0,47.5,0.0,100.0,100.0,100.0,100.0,100.0,100.0,100.0,0.0,0.0,0.0,0.0,0.0,0.0,0.0,0.0,0.0,0.0,0.0,0.0,0.0,0.0,2395.7,24.00,40,39,39,77,116,708,1,85.8,85.0,86.9,82.0,77.2,82.7,84.8,84.4,79.1,83.7,65.0,65.0,69.8,63.0,45.0,44.0,47.0,1.044,1.015,1.100,41.612,7.903,41.616,49.500,5.448,64.308,6.801,6.447,6.865,6.929,6.949,6.774,6.840,43.441,8.021,57.455,62.865,1996.4,2395.7,4654.6,4654.6,4677.7,71.4,55.5,33.0,71.4,100.0,いいえ,いいえ,いいえ,6.434,2.280,6.0,39.0,85.9,40.0,85.0,1.064,12.197,3.456,3.328,5.040,1.064,1.016,3.440,3.328,1.808,1.024,1.120,1.040,1.792,1.104,0.768,1.824,0.256,2011,いいえ,57.4,43.0,1.095,1.110,1.815,1.815,1.005,5.040,0.875,いいえ,いいえ,いいえ,42.8,1.110,1.110,1.815,1.815,1.005,5.040,0.500,いいえ,いいえ,いいえ,37,37,いいえ,はい,15388,14039,128,128,34,100.0,いいえ,いいえ,3868,2528,9990,40,40,48,100.0,100.0,いいえ,いいえ,7032,7744,0.0,0.0,0.0,0.000,0.000,1392,1007,0.0,0.0,0.0,0.000,0.000,181182,133153,0.0,0.1,0.1,0.000,0.099,66270,77584,65.0,0.720,39.000,600.0,2400.0,1200.0,100.0,0.0,0.0,0.0,0.0,0.0,0.0,0.0,0.0,125,2,16.0,86,いいえ,いいえ,いいえ,40.0,44.0,49.8,84.0,0.865,12.312,12.320,12.272,12.337,12.321,0,0,10.067,4.676,2.376,0.271,7.805,2.517,0.136,7.958,8.096,8.246,220.000,220.000,210.0,50.6,1185.0,210.0,1290.0,210.0,50.5,1413.5,5.0,7.0,3.0,0.0,10.1,0.7,1.1,0.0,1.8,0.0,0,0,はい,いいえ,いいえ,いいえ,いいえ,はい,いいえ,4.7,4.9,0,0,0,0,0,0,0,0,0,0,0,0,0,0,0,0,0,0,0,0,0,0,0,0,0,0,0,0,0,0,11040,1242,965,110,2.5,2.0,2.0,2.0,2.0,2.0,2.0,0.0,0.0,0.0,0.0,0.0,0.0,489.14,489.14,489.14,489.14,489.14,489.14,11.34,208.92,489.04,0.10,0.00,0,0,0.0,0.0,44285,38854,6.0,195.4,0,
19.7.2026,0:46:48.816,20987,12924,61.8,16936,14927,53.1,1.2,2048,26,1.108,1.060,1.105,1.180,1.175,1.060,1.070,4803.8,4766.4,4841.3,4891.2,4891.2,4716.5,4716.5,99.8,4655.0,4669.0,4653.6,4653.6,4653.6,4653.2,4653.7,4653.4,4654.0,4654.0,4654.1,4653.2,4654.1,4655.0,100.0,100.0,100.0,100.0,100.0,100.0,100.0,100.0,100.0,100.0,100.0,100.0,100.0,100.0,100.0,122.7,122.7,122.7,122.7,122.7,122.7,122.7,122.7,122.7,122.7,122.7,122.7,122.7,122.7,48.1,47.8,48.5,49.0,49.0,47.2,47.2,0.0,100.0,100.0,100.0,100.0,100.0,100.0,100.0,0.0,0.0,0.0,0.0,0.0,0.0,0.0,0.0,0.0,0.0,0.0,0.0,0.0,0.0,2395.7,24.00,40,39,39,77,116,708,1,85.8,85.0,85.9,81.8,77.2,82.6,84.5,84.2,78.9,83.7,65.0,65.0,70.2,63.2,45.0,44.0,47.0,1.057,1.015,1.100,41.387,7.846,41.389,52.500,5.465,64.664,6.775,6.417,6.861,6.818,6.862,6.753,6.938,43.770,7.964,57.745,63.254,1996.4,2395.7,4679.2,4679.2,4702.1,71.9,55.2,35.0,71.9,100.0,いいえ,いいえ,いいえ,8.331,2.260,6.0,39.0,85.8,40.0,85.0,1.048,12.197,3.456,3.328,5.040,1.072,1.016,3.440,3.328,1.808,1.024,1.120,1.040,1.792,1.104,0.768,1.824,0.256,2033,いいえ,57.4,43.0,1.095,1.110,1.815,1.815,1.005,5.040,0.750,いいえ,いいえ,いいえ,42.5,1.095,1.110,1.815,1.815,1.005,5.040,1.000,いいえ,いいえ,いいえ,37,37,いいえ,はい,15388,14039,128,128,34,100.0,いいえ,いいえ,3868,2528,9990,40,40,48,100.0,100.0,いいえ,いいえ,7032,7744,0.0,0.0,0.0,0.000,0.006,1392,1007,0.0,0.0,0.0,0.000,0.000,181182,133153,0.0,0.0,0.0,0.000,0.002,66270,77584,65.1,0.720,41.000,600.0,2400.0,1200.0,100.0,0.0,0.0,0.0,0.0,0.0,0.0,0.0,0.0,125,2,16.0,86,いいえ,いいえ,いいえ,40.0,46.0,49.7,84.0,0.865,12.313,12.321,12.272,12.338,12.322,0,0,9.983,4.845,2.906,0.345,7.866,3.085,0.173,8.047,8.123,8.214,220.000,220.000,210.0,50.6,1185.0,210.0,1290.0,210.0,50.5,1413.7,3.0,6.0,2.0,0.0,10.1,0.5,0.7,0.0,1.4,0.0,0,0,はい,いいえ,いいえ,いいえ,いいえ,はい,いいえ,5.0,5.1,0,0,0,0,0,0,0,0,0,0,0,0,0,0,0,0,0,0,0,0,0,0,0,0,0,0,0,0,0,0,11040,1242,965,110,2.5,3.5,8.1,2.2,2.2,2.2,2.2,0.0,0.0,0.0,0.0,0.0,0.0,285.00,447.09,122.90,119.92,450.40,450.40,2.96,39.40,284.90,0.09,0.00,0,0,0.0,0.0,44285,38855,6.1,97.6,0,
19.7.2026,0:46:50.818,20985,12926,61.8,16935,14928,53.1,1.2,2048,26,1.045,1.120,1.035,1.035,1.035,1.010,1.035,4670.7,4791.4,4641.6,4666.6,4666.6,4616.7,4641.6,99.8,4678.5,4693.7,4677.7,4677.8,4677.9,4677.1,4677.4,4677.2,4677.3,4677.0,4676.2,4676.6,4676.7,4678.5,100.0,100.0,100.0,100.0,100.0,100.0,100.0,100.0,100.0,100.0,100.0,100.0,100.0,100.0,100.0,123.3,123.3,123.3,123.3,123.3,123.3,123.3,123.3,123.3,123.3,123.3,123.3,123.3,123.3,46.8,48.0,46.5,46.8,46.8,46.2,46.5,0.0,100.0,100.0,100.0,100.0,100.0,100.0,100.0,0.0,0.0,0.0,0.0,0.0,0.0,0.0,0.0,0.0,0.0,0.0,0.0,0.0,0.0,2395.7,24.00,40,39,39,77,116,708,1,85.9,85.0,84.9,81.8,77.1,82.5,84.6,84.2,78.8,83.5,65.2,65.2,70.2,63.3,45.0,44.0,47.0,1.071,1.015,1.100,40.754,7.955,40.753,51.500,5.454,64.785,6.710,6.387,6.751,6.829,6.860,6.647,6.785,43.664,8.075,57.738,63.360,1996.4,2395.7,4703.7,4703.7,4727.1,72.0,54.3,34.3,72.0,100.0,いいえ,いいえ,いいえ,10.342,2.514,6.0,39.0,85.8,40.0,85.0,1.072,12.197,3.440,3.328,5.040,1.072,1.016,3.440,3.328,1.808,1.024,1.120,1.040,1.792,1.104,0.768,1.824,0.256,2036,いいえ,57.4,43.0,1.095,1.110,1.815,1.815,1.005,5.040,0.875,いいえ,いいえ,いいえ,42.5,1.095,1.110,1.800,1.815,1.005,5.040,0.750,いいえ,いいえ,いいえ,37,37,いいえ,はい,15388,14039,128,128,34,100.0,いいえ,いいえ,3868,2528,9990,40,40,48,100.0,100.0,いいえ,いいえ,7032,7744,0.0,0.1,0.1,0.000,0.012,1392,1007,0.0,0.0,0.0,0.000,0.000,181182,133153,0.0,0.0,0.0,0.000,0.032,66270,77584,65.1,0.720,43.000,600.0,2400.0,1200.0,100.0,0.0,0.0,0.0,0.0,0.0,0.0,0.0,0.0,125,2,16.0,86,いいえ,いいえ,いいえ,40.0,46.0,49.8,84.0,0.865,12.305,12.314,12.261,12.331,12.315,0,0,10.029,4.703,2.512,0.296,7.798,2.651,0.148,7.947,8.062,8.207,220.000,220.000,210.0,50.6,1185.0,210.0,1290.0,209.9,50.5,1413.5,2.0,6.0,2.0,0.0,10.1,0.5,0.5,0.0,1.3,0.0,0,0,はい,いいえ,いいえ,いいえ,いいえ,はい,いいえ,4.8,4.9,0,0,0,0,0,0,0,0,0,0,0,0,0,0,0,0,0,0,0,0,0,0,0,0,0,0,0,0,0,0,11040,1242,965,110,2.5,3.5,8.1,2.2,2.2,2.2,2.2,0.0,0.0,0.0,0.0,0.0,0.0,285.00,447.09,122.90,119.92,450.40,450.40,2.96,39.40,284.90,0.09,0.00,0,0,0.0,0.0,44285,38855,6.3,97.9,0,
19.7.2026,0:46:52.810,20991,12920,61.9,16934,14929,53.1,1.2,2048,26,1.051,1.040,1.060,1.075,1.060,1.035,1.035,4683.2,4641.6,4716.5,4716.5,4691.5,4666.6,4666.6,99.8,4639.8,4653.9,4638.3,4638.5,4638.2,4637.3,4639.1,4639.2,4639.0,4639.1,4638.4,4638.2,4638.9,4639.8,100.0,100.0,100.0,100.0,100.0,100.0,100.0,100.0,100.0,100.0,100.0,100.0,100.0,100.0,100.0,122.3,122.3,122.3,122.3,122.3,122.3,122.3,122.3,122.3,122.3,122.3,122.3,122.3,122.3,46.9,46.5,47.2,47.2,47.0,46.8,46.8,0.0,100.0,100.0,100.0,100.0,100.0,100.0,100.0,0.0,0.0,0.0,0.0,0.0,0.0,0.0,0.0,0.0,0.0,0.0,0.0,0.0,0.0,2395.7,24.00,40,39,39,77,116,708,1,85.8,85.0,85.4,81.8,77.1,82.6,84.7,84.3,78.6,83.6,65.0,65.0,69.0,63.1,45.0,44.0,47.0,1.048,1.015,1.100,41.347,7.901,41.340,48.500,5.441,64.255,6.762,6.403,6.859,6.903,6.912,6.642,6.852,43.353,8.020,57.358,62.805,1996.4,2395.7,4664.0,4664.0,4687.1,71.4,55.1,32.3,71.4,100.0,いいえ,いいえ,いいえ,7.394,2.012,6.0,39.0,85.9,40.0,85.0,1.072,12.197,3.440,3.328,5.040,1.072,1.016,3.440,3.328,1.808,1.024,1.120,1.032,1.792,1.104,0.768,1.824,0.256,2011,いいえ,57.4,43.0,1.095,1.110,1.815,1.800,1.005,5.040,1.000,いいえ,いいえ,いいえ,42.5,1.095,1.110,1.815,1.800,1.005,5.040,0.625,いいえ,いいえ,いいえ,37,37,いいえ,はい,15388,14039,128,128,34,100.0,いいえ,いいえ,3868,2528,9990,40,40,48,100.0,100.0,いいえ,いいえ,7032,7744,0.0,0.1,0.1,0.000,0.008,1392,1007,0.0,0.0,0.0,0.000,0.000,181182,133153,0.0,0.0,0.0,0.000,0.016,66270,77584,65.2,0.720,42.000,600.0,2400.0,1200.0,100.0,0.0,0.0,0.0,0.0,0.0,0.0,0.0,0.0,125,2,16.0,86,いいえ,いいえ,いいえ,40.0,44.0,49.7,84.0,0.865,12.309,12.317,12.267,12.334,12.318,0,0,9.888,4.732,2.590,0.296,7.814,2.738,0.148,7.977,8.088,8.206,220.000,220.000,210.0,50.6,1185.0,210.0,1290.0,210.0,50.5,1413.6,3.0,6.0,2.0,0.0,10.1,0.6,0.8,0.0,1.5,0.0,0,0,はい,いいえ,いいえ,いいえ,いいえ,はい,いいえ,4.7,5.1,0,0,0,0,0,0,0,0,0,0,0,0,0,0,0,0,0,0,0,0,0,0,0,0,0,0,0,0,0,0,11040,1242,965,109,2.5,3.5,8.1,2.2,2.2,2.2,2.2,0.0,0.0,0.0,0.0,0.0,0.0,285.00,447.09,122.90,119.92,450.40,450.40,2.96,39.40,284.90,0.09,0.00,0,0,0.0,0.0,44285,38855,6.2,72.6,0,
19.7.2026,0:46:54.839,20982,12929,61.8,16932,14931,53.1,1.2,2048,26,1.033,1.035,1.035,1.035,1.025,1.035,1.035,4637.5,4641.6,4641.6,4666.6,4566.8,4666.6,4641.6,99.8,4645.2,4659.9,4644.3,4644.3,4644.3,4643.1,4644.2,4643.5,4643.5,4644.0,4643.9,4643.2,4643.8,4645.2,100.0,100.0,100.0,100.0,100.0,100.0,100.0,100.0,100.0,100.0,100.0,100.0,100.0,100.0,100.0,122.4,122.5,122.5,122.5,122.5,122.4,122.5,122.4,122.4,122.5,122.5,122.4,122.5,122.4,46.5,46.5,46.5,46.8,45.8,46.8,46.5,0.0,100.0,100.0,100.0,100.0,100.0,100.0,100.0,0.0,0.0,0.0,0.0,0.0,0.0,0.0,0.0,0.0,0.0,0.0,0.0,0.0,0.0,2395.7,24.00,40,39,39,77,116,708,1,85.8,85.0,84.9,81.5,76.6,82.3,84.7,84.4,78.2,83.0,65.0,65.0,70.2,63.1,45.0,44.0,47.0,1.051,1.015,1.100,40.772,7.983,40.773,47.500,5.434,63.861,6.682,6.258,6.728,6.962,7.039,6.482,6.625,42.872,8.103,56.952,62.448,1996.4,2395.7,4669.5,4669.5,4692.1,71.0,54.4,31.7,71.0,100.0,いいえ,いいえ,いいえ,8.120,2.182,6.0,39.0,85.8,40.0,85.0,1.064,12.197,3.440,3.328,5.040,1.064,1.016,3.440,3.328,1.808,1.024,1.120,1.032,1.792,1.104,0.768,1.824,0.256,2011,いいえ,57.4,43.0,1.095,1.110,1.815,1.800,1.005,5.040,0.625,いいえ,いいえ,いいえ,42.5,1.095,1.110,1.815,1.800,1.005,5.040,0.875,いいえ,いいえ,いいえ,37,37,いいえ,はい,15388,14039,128,128,34,100.0,いいえ,いいえ,3868,2528,9990,40,40,48,100.0,100.0,いいえ,いいえ,7032,7744,0.0,0.0,0.0,0.000,0.004,1392,1007,0.0,0.0,0.0,0.000,0.000,181182,133153,0.0,0.0,0.0,0.000,0.000,66270,77584,65.2,0.720,39.000,600.0,2400.0,1200.0,100.0,0.0,0.0,0.0,0.0,0.0,0.0,0.0,0.0,125,2,16.0,86,いいえ,いいえ,いいえ,40.0,44.0,49.8,84.0,0.865,12.314,12.321,12.274,12.339,12.323,0,0,9.799,4.765,2.611,0.320,7.818,2.764,0.160,7.987,8.230,8.232,220.000,220.000,210.0,50.6,1185.0,210.0,1290.0,210.0,50.5,1413.0,6.0,7.0,4.0,0.0,10.1,0.5,0.7,0.0,1.3,0.0,0,0,はい,いいえ,いいえ,いいえ,いいえ,はい,いいえ,4.6,4.9,0,0,0,0,0,0,0,0,0,0,0,0,0,0,0,0,0,0,0,0,0,0,0,0,0,0,0,0,0,0,11040,1242,965,109,2.5,3.5,8.1,2.2,2.2,2.2,2.2,0.0,0.0,0.0,0.0,0.0,0.0,285.00,447.09,122.90,119.92,450.40,450.40,2.96,39.40,284.90,0.09,0.00,0,0,0.0,0.0,44285,38855,9.4,130.0,0,
19.7.2026,0:46:56.850,20988,12923,61.8,16936,14927,53.1,1.2,2048,26,1.047,1.075,1.045,1.045,1.035,1.020,1.060,4658.3,4691.5,4666.6,4666.6,4616.7,4616.7,4691.5,99.8,4648.4,4662.8,4646.5,4647.2,4645.9,4646.8,4647.4,4647.6,4647.6,4647.3,4647.3,4647.1,4647.0,4648.4,100.0,100.0,100.0,100.0,100.0,100.0,100.0,100.0,100.0,100.0,100.0,100.0,100.0,100.0,100.0,122.5,122.5,122.5,122.5,122.5,122.5,122.5,122.5,122.5,122.5,122.5,122.5,122.5,122.5,46.7,47.0,46.8,46.8,46.2,46.2,47.0,0.0,100.0,100.0,100.0,100.0,100.0,100.0,100.0,0.0,0.0,0.0,0.0,0.0,0.0,0.0,0.0,0.0,0.0,0.0,0.0,0.0,0.0,2395.7,24.00,40,39,39,77,116,708,1,85.8,85.0,83.5,81.8,76.9,82.5,84.7,84.3,78.8,83.3,65.0,65.0,70.0,63.2,45.0,44.0,47.0,1.053,1.015,1.100,41.006,7.808,41.011,50.500,5.412,64.008,6.718,6.297,6.790,6.886,6.873,6.705,6.759,43.221,7.925,57.099,62.591,1996.4,2395.7,4673.0,4673.0,4695.8,71.1,54.7,33.7,71.1,100.0,いいえ,いいえ,いいえ,8.018,2.256,6.0,39.0,85.8,40.0,85.0,1.096,12.197,3.440,3.328,5.040,1.072,1.016,3.440,3.328,1.808,1.024,1.120,1.040,1.792,1.104,0.768,1.824,0.256,2033,いいえ,57.4,43.0,1.095,1.110,1.815,1.800,1.005,5.040,0.875,いいえ,いいえ,いいえ,42.5,1.095,1.110,1.815,1.800,1.005,5.040,0.750,いいえ,いいえ,いいえ,37,37,いいえ,はい,15388,14039,128,128,34,100.0,いいえ,いいえ,3868,2528,9990,40,40,48,100.0,100.0,いいえ,いいえ,7032,7744,0.0,0.1,0.1,0.000,0.008,1392,1007,0.0,0.0,0.0,0.000,0.000,181182,133153,0.0,0.0,0.0,0.000,0.077,66270,77584,65.2,0.720,38.000,600.0,2400.0,1200.0,100.0,0.0,0.0,0.0,0.0,0.0,0.0,0.0,0.0,125,2,16.0,86,いいえ,いいえ,いいえ,40.0,44.0,49.7,84.0,0.865,12.310,12.319,12.267,12.334,12.318,0,0,9.793,4.626,2.237,0.271,7.802,2.368,0.135,7.940,8.084,8.171,220.000,220.000,210.0,50.6,1185.0,210.0,1290.0,210.0,50.5,1413.3,6.0,7.0,3.0,0.0,10.1,0.4,0.5,0.0,1.0,0.0,0,0,はい,いいえ,いいえ,いいえ,いいえ,はい,いいえ,4.6,4.9,0,0,0,0,0,0,0,0,0,0,0,0,0,0,0,0,0,0,0,0,0,0,0,0,0,0,0,0,0,0,11040,1242,965,109,2.5,12.0,17.7,8.0,8.0,8.0,8.0,5.7,26.1,4.0,4.0,4.0,4.0,83.21,124.30,56.51,56.50,124.61,124.61,1.74,26.08,83.11,0.10,44.55,0,0,0.0,0.0,44285,38855,6.6,93.2,0,
19.7.2026,0:46:58.845,20982,12929,61.8,16933,14930,53.1,1.2,2048,26,1.064,1.035,1.090,1.060,1.080,1.060,1.060,4704.0,4666.6,4716.5,4716.5,4716.5,4691.5,4716.5,99.8,4674.4,4688.6,4672.2,4673.3,4672.9,4672.0,4673.2,4673.4,4673.6,4673.5,4673.1,4673.2,4674.0,4674.4,100.0,100.0,100.0,100.0,100.0,100.0,100.0,100.0,100.0,100.0,100.0,100.0,100.0,100.0,100.0,123.2,123.2,123.2,123.2,123.2,123.2,123.2,123.2,123.2,123.2,123.2,123.2,123.2,123.2,47.1,46.8,47.2,47.2,47.2,47.0,47.2,0.0,100.0,100.0,100.0,100.0,100.0,100.0,100.0,0.0,0.0,0.0,0.0,0.0,0.0,0.0,0.0,0.0,0.0,0.0,0.0,0.0,0.0,2395.7,24.00,40,39,39,77,116,708,1,85.9,85.0,84.8,81.8,77.2,82.6,84.5,84.2,79.0,83.6,65.2,65.2,70.5,63.3,45.0,44.0,47.0,1.068,1.015,1.100,40.601,8.008,40.596,52.500,5.433,64.520,6.715,6.361,6.773,6.822,6.818,6.691,6.827,43.393,8.129,57.498,63.117,1996.4,2395.7,4699.2,4699.2,4722.3,71.7,54.1,35.0,71.7,100.0,いいえ,いいえ,いいえ,10.285,2.559,6.0,39.0,85.9,40.0,85.0,1.088,12.197,3.456,3.328,5.040,1.072,1.016,3.440,3.328,1.808,1.024,1.120,1.040,1.792,1.104,0.768,1.824,0.256,2030,いいえ,57.4,43.0,1.110,1.110,1.815,1.800,1.005,5.040,0.500,いいえ,いいえ,いいえ,42.5,1.110,1.110,1.815,1.800,1.005,5.040,0.875,いいえ,いいえ,いいえ,37,37,いいえ,はい,15388,14039,128,128,34,100.0,いいえ,いいえ,3868,2528,9990,40,40,48,100.0,100.0,いいえ,いいえ,7032,7744,0.0,0.0,0.0,0.000,0.004,1392,1007,0.0,0.0,0.0,0.000,0.000,181182,133153,0.0,0.0,0.0,0.000,0.010,66270,77584,65.2,0.720,36.000,600.0,2400.0,1200.0,100.0,0.0,0.0,0.0,0.0,0.0,0.0,0.0,0.0,125,2,16.0,86,いいえ,いいえ,いいえ,40.0,44.0,49.8,84.0,0.865,12.312,12.322,12.270,12.336,12.320,0,0,9.991,4.566,1.995,0.246,7.767,2.122,0.123,7.898,8.077,8.302,220.000,220.000,210.0,50.6,1185.0,210.0,1290.0,210.0,50.5,1414.1,7.0,7.0,4.0,0.0,10.1,0.6,0.8,0.0,1.6,0.0,0,0,はい,いいえ,いいえ,いいえ,いいえ,はい,いいえ,4.5,4.9,0,0,0,0,0,0,0,0,0,0,0,0,0,0,0,0,0,0,0,0,0,0,0,0,0,0,0,0,0,0,11040,1242,965,109,2.5,12.0,17.7,8.0,8.0,8.0,8.0,5.7,26.1,4.0,4.0,4.0,4.0,83.21,124.30,56.51,56.50,124.61,124.61,1.74,26.08,83.11,0.10,44.55,0,0,0.0,0.0,44285,38856,6.7,108.8,0,
19.7.2026,0:47:0.843,20984,12927,61.8,16936,14927,53.1,1.2,2048,26,1.072,1.070,1.090,1.090,1.060,1.060,1.060,4716.5,4741.4,4741.4,4741.4,4691.5,4691.5,4691.5,99.8,4663.3,4678.1,4662.1,4662.2,4661.6,4661.8,4661.7,4662.7,4662.2,4661.2,4661.7,4662.1,4662.5,4663.3,100.0,99.9,100.0,100.0,100.0,100.0,100.0,100.0,100.0,100.0,100.0,100.0,100.0,100.0,100.0,122.9,122.9,122.9,122.9,122.9,122.9,122.9,122.9,122.9,122.9,122.9,122.9,122.9,122.9,47.2,47.5,47.5,47.5,47.0,47.0,47.0,0.0,100.0,100.0,100.0,100.0,100.0,100.0,100.0,0.0,0.0,0.0,0.0,0.0,0.0,0.0,0.0,0.0,0.0,0.0,0.0,0.0,0.0,2395.7,24.00,40,39,39,77,116,708,1,85.9,85.0,86.4,81.8,77.4,82.5,84.6,84.3,78.6,83.4,65.2,65.2,70.0,63.2,45.0,44.0,47.0,1.061,1.015,1.100,40.736,7.918,40.736,49.000,5.437,64.255,6.705,6.431,6.766,6.805,6.874,6.596,6.755,43.259,8.037,57.277,62.833,1996.4,2395.7,4688.7,4688.7,4710.9,71.4,54.3,32.7,71.4,100.0,いいえ,いいえ,いいえ,9.103,2.509,6.0,39.0,85.9,40.0,85.0,1.048,12.197,3.456,3.328,5.040,1.072,1.016,3.440,3.328,1.808,1.024,1.120,1.040,1.792,1.104,0.768,1.824,0.256,2008,いいえ,57.4,43.0,1.110,1.110,1.815,1.800,1.005,5.040,1.000,いいえ,いいえ,いいえ,42.5,1.110,1.110,1.815,1.800,1.005,5.040,0.875,いいえ,いいえ,いいえ,37,37,いいえ,はい,15388,14039,128,128,34,100.0,いいえ,いいえ,3868,2528,9990,40,40,48,100.0,100.0,いいえ,いいえ,7032,7744,0.0,0.1,0.1,0.000,0.010,1392,1007,0.0,0.0,0.0,0.000,0.000,181182,133153,0.0,0.0,0.0,0.000,0.026,66270,77584,65.3,0.720,43.000,600.0,2400.0,1200.0,100.0,0.0,0.0,0.0,0.0,0.0,0.0,0.0,0.0,125,2,16.0,86,いいえ,いいえ,いいえ,40.0,44.0,49.8,84.0,0.865,12.314,12.324,12.272,12.339,12.322,0,0,9.921,4.682,2.430,0.271,7.830,2.566,0.136,7.974,8.086,8.164,220.000,220.000,210.0,50.6,1185.0,210.0,1290.0,210.1,50.5,1413.8,6.0,7.0,4.0,0.0,10.1,0.6,0.8,0.0,1.4,0.0,0,0,はい,いいえ,いいえ,いいえ,いいえ,はい,いいえ,4.7,5.1,0,0,0,0,0,0,0,0,0,0,0,0,0,0,0,0,0,0,0,0,0,0,0,0,0,0,0,0,0,0,11040,1242,965,109,2.5,12.0,17.7,8.0,8.0,8.0,8.0,5.7,26.1,4.0,4.0,4.0,4.0,83.21,124.30,56.51,56.50,124.61,124.61,1.74,26.08,83.11,0.10,44.55,0,0,0.0,0.0,44285,38856,5.7,162.3,0,
19.7.2026,0:47:2.849,20999,12912,61.9,16940,14923,53.1,1.2,2048,26,1.052,1.050,1.070,1.055,1.015,1.075,1.050,4658.3,4666.6,4666.6,4616.7,4591.7,4716.5,4691.5,99.8,4643.7,4658.7,4642.9,4642.9,4642.7,4642.3,4642.2,4642.1,4642.1,4642.5,4642.2,4642.0,4641.6,4643.7,100.0,100.0,100.0,100.0,100.0,100.0,100.0,100.0,100.0,100.0,100.0,100.0,100.0,100.0,100.0,122.4,122.4,122.4,122.4,122.4,122.4,122.4,122.4,122.4,122.4,122.4,122.4,122.4,122.4,46.7,46.8,46.8,46.2,46.0,47.2,47.0,0.0,100.0,100.0,100.0,100.0,100.0,100.0,100.0,0.0,0.0,0.0,0.0,0.0,0.0,0.0,0.0,0.0,0.0,0.0,0.0,0.0,0.0,2395.7,24.00,40,39,39,77,116,708,1,85.8,85.0,85.9,81.7,77.1,82.6,84.6,84.3,78.7,83.2,65.0,65.0,70.2,63.4,45.1,44.0,47.0,1.051,1.015,1.100,40.686,7.960,40.688,48.000,5.440,63.729,6.659,6.311,6.757,6.811,6.822,6.572,6.679,42.764,8.079,56.827,62.308,1996.4,2395.7,4668.9,4668.9,4690.3,70.8,54.3,32.0,70.8,100.0,いいえ,いいえ,いいえ,7.696,2.437,6.0,39.0,85.8,40.0,85.0,1.064,12.197,3.456,3.328,5.040,1.064,1.016,3.440,3.328,1.808,1.024,1.120,1.040,1.792,1.104,0.768,1.824,0.256,2005,いいえ,57.4,43.0,1.110,1.110,1.815,1.800,1.005,5.040,0.875,いいえ,いいえ,いいえ,42.5,1.110,1.110,1.815,1.800,1.005,5.040,0.750,いいえ,いいえ,いいえ,37,37,いいえ,はい,15388,14039,128,128,34,100.0,いいえ,いいえ,3868,2528,9990,40,40,48,100.0,100.0,いいえ,いいえ,7032,7744,0.0,0.0,0.0,0.000,0.002,1392,1007,0.0,0.0,0.0,0.000,0.000,181182,133153,0.0,0.1,0.1,0.000,0.079,66270,77585,65.2,0.720,42.000,600.0,2400.0,1200.0,100.0,0.0,0.0,0.0,0.0,0.0,0.0,0.0,0.0,125,2,16.0,86,いいえ,いいえ,いいえ,40.0,44.0,49.7,84.0,0.865,12.308,12.318,12.263,12.333,12.317,0,0,10.062,4.524,1.961,0.197,7.750,2.060,0.099,7.851,8.125,8.153,220.000,220.000,210.0,50.6,1185.0,210.0,1290.0,210.0,50.5,1413.8,6.0,7.0,5.0,0.0,10.1,0.7,1.1,0.0,1.6,0.0,0,0,はい,いいえ,いいえ,いいえ,いいえ,はい,いいえ,4.5,5.0,0,0,0,0,0,0,0,0,0,0,0,0,0,0,0,0,0,0,0,0,0,0,0,0,0,0,0,0,0,0,11040,1242,965,110,2.5,12.0,17.7,8.0,8.0,8.0,8.0,5.7,26.1,4.0,4.0,4.0,4.0,83.21,124.30,56.51,56.50,124.61,124.61,1.74,26.08,83.11,0.10,44.55,0,0,0.0,0.0,44286,38856,140.3,141.0,0,
19.7.2026,0:47:4.849,20986,12925,61.8,16948,14915,53.1,1.2,2048,26,1.052,1.075,1.035,1.060,1.060,1.045,1.035,4658.3,4716.5,4641.6,4691.5,4641.6,4641.6,4616.7,99.8,4666.1,4681.0,4663.2,4664.7,4665.2,4663.8,4664.7,4665.5,4665.6,4665.0,4665.2,4664.7,4664.4,4666.1,100.0,100.0,100.0,100.0,100.0,100.0,100.0,100.0,100.0,100.0,100.0,100.0,100.0,100.0,100.0,123.0,123.0,123.0,123.0,123.0,123.0,123.0,123.0,123.0,123.0,123.0,123.0,123.0,123.0,46.7,47.2,46.5,47.0,46.5,46.5,46.2,0.0,100.0,100.0,100.0,100.0,100.0,100.0,100.0,0.0,0.0,0.0,0.0,0.0,0.0,0.0,0.0,0.0,0.0,0.0,0.0,0.0,0.0,2395.7,24.00,40,39,39,77,116,708,1,85.9,85.0,83.5,81.9,77.4,82.9,84.7,84.3,78.9,83.4,65.2,65.2,70.5,63.4,45.0,44.0,47.0,1.063,1.015,1.100,40.486,8.079,40.490,49.000,5.451,64.339,6.735,6.415,6.894,6.835,6.868,6.647,6.753,43.057,8.201,57.253,62.918,1996.4,2395.7,4691.6,4691.6,4713.2,71.5,54.0,32.7,71.5,100.0,いいえ,いいえ,いいえ,10.375,3.545,6.0,39.0,85.9,40.0,85.0,1.080,12.197,3.440,3.312,5.040,1.072,1.016,3.440,3.328,1.808,1.024,1.120,1.040,1.792,1.096,0.768,1.824,0.256,2036,いいえ,57.4,43.0,1.110,1.110,1.815,1.800,1.005,5.040,1.250,いいえ,いいえ,いいえ,42.5,1.110,1.110,1.815,1.800,1.005,5.040,0.875,いいえ,いいえ,いいえ,37,37,いいえ,はい,15388,14039,128,128,34,100.0,いいえ,いいえ,3868,2528,9990,40,40,48,100.0,100.0,いいえ,いいえ,7032,7744,0.0,0.0,0.0,0.000,0.004,1392,1007,0.0,0.0,0.0,0.000,0.000,181182,133153,0.0,0.0,0.0,0.000,0.219,66270,77585,65.2,0.720,42.000,600.0,2400.0,1200.0,100.0,0.0,0.0,0.0,0.0,0.0,0.0,0.0,0.0,125,2,16.0,86,いいえ,いいえ,いいえ,39.9,44.0,49.8,84.0,0.865,12.307,12.318,12.263,12.333,12.316,0,0,9.871,4.563,2.020,0.197,7.738,2.121,0.099,7.849,8.105,8.379,220.000,220.000,210.0,50.6,1185.0,210.0,1290.0,210.0,50.5,1413.3,7.0,7.0,4.0,0.0,10.1,0.6,0.9,0.0,1.4,0.0,0,0,はい,いいえ,いいえ,いいえ,いいえ,はい,いいえ,4.5,5.1,0,0,0,0,0,0,0,0,0,0,0,0,0,0,0,0,0,0,0,0,0,0,0,0,0,0,0,0,0,0,11040,1242,965,110,2.5,12.0,17.7,8.0,8.0,8.0,8.0,5.7,26.1,4.0,4.0,4.0,4.0,83.21,124.30,56.51,56.50,124.61,124.61,1.74,26.08,83.11,0.10,44.55,0,0,0.0,0.0,44286,38856,6.3,100.9,0,
19.7.2026,0:47:6.843,20986,12925,61.8,16950,14913,53.1,1.2,2048,26,1.077,1.105,1.035,1.050,1.075,1.105,1.090,4729.0,4766.4,4691.5,4666.6,4741.4,4766.4,4741.4,99.8,4676.4,4690.7,4674.8,4675.0,4675.3,4673.9,4675.0,4674.8,4675.5,4675.6,4675.1,4675.4,4675.7,4676.4,100.0,100.0,100.0,100.0,100.0,100.0,100.0,100.0,100.0,100.0,100.0,100.0,100.0,100.0,100.0,123.3,123.3,123.3,123.3,123.3,123.2,123.3,123.3,123.3,123.3,123.3,123.3,123.3,123.3,47.4,47.8,47.0,46.8,47.5,47.8,47.5,0.0,100.0,100.0,100.0,100.0,100.0,100.0,100.0,0.0,0.0,0.0,0.0,0.0,0.0,0.0,0.0,0.0,0.0,0.0,0.0,0.0,0.0,2395.7,24.00,40,39,39,77,116,708,1,85.9,85.0,85.4,81.9,77.4,82.9,84.5,84.2,79.0,83.6,65.2,65.2,70.2,63.1,45.0,44.0,47.0,1.069,1.015,1.100,40.478,7.952,40.473,53.000,5.455,64.446,6.726,6.408,6.851,6.763,6.821,6.695,6.815,43.309,8.072,57.380,63.049,1996.4,2395.7,4701.3,4701.3,4724.1,71.6,54.0,35.3,71.6,100.0,いいえ,いいえ,いいえ,10.786,3.272,6.0,39.0,85.9,40.0,85.0,1.112,12.197,3.440,3.328,5.040,1.072,1.016,3.440,3.328,1.808,1.024,1.120,1.032,1.792,1.104,0.768,1.824,0.256,2036,いいえ,57.4,43.0,1.110,1.110,1.815,1.800,1.005,5.040,0.625,いいえ,いいえ,いいえ,42.5,1.110,1.110,1.815,1.800,1.005,5.040,1.125,いいえ,いいえ,いいえ,37,37,いいえ,はい,15388,14039,128,128,34,100.0,いいえ,いいえ,3868,2528,9990,40,40,48,100.0,100.0,いいえ,いいえ,7032,7744,0.0,23.2,23.2,0.000,0.010,1392,1007,0.0,0.0,0.0,0.000,0.000,181182,133153,0.0,0.4,0.4,0.000,0.106,66270,77585,65.2,0.720,44.000,600.0,2400.0,1200.0,100.0,0.0,0.0,0.0,0.0,0.0,0.0,0.0,0.0,125,2,16.0,86,いいえ,いいえ,いいえ,40.0,44.0,49.9,84.0,0.865,12.310,12.320,12.268,12.335,12.319,0,0,10.029,4.598,2.134,0.246,7.802,2.257,0.123,7.930,8.126,8.166,220.000,220.000,210.0,50.6,1185.0,210.0,1290.0,210.0,50.5,1413.0,6.0,7.0,4.0,0.0,10.1,0.6,0.8,0.0,1.7,0.0,0,0,はい,いいえ,いいえ,いいえ,いいえ,はい,いいえ,4.6,5.0,0,0,0,0,0,0,0,0,0,0,0,0,0,0,0,0,0,0,0,0,0,0,0,0,0,0,0,0,0,0,11040,1242,965,110,2.5,1.7,1.7,1.7,1.7,1.7,1.7,1.7,1.7,1.7,1.7,1.7,1.7,603.96,603.96,603.96,603.96,603.96,603.96,7.85,446.54,603.96,0.00,216.34,0,0,0.0,0.0,44286,38857,6.8,135.8,0,
19.7.2026,0:47:8.850,20989,12922,61.8,16954,14909,53.2,1.2,2048,26,1.068,1.060,1.090,1.075,1.090,1.020,1.075,4708.2,4716.5,4716.5,4741.4,4716.5,4666.6,4691.5,99.8,4675.2,4689.9,4674.5,4674.5,4673.1,4673.9,4673.3,4674.7,4674.7,4673.3,4674.1,4672.9,4673.0,4675.2,100.0,100.0,100.0,100.0,100.0,100.0,100.0,100.0,100.0,100.0,100.0,100.0,100.0,100.0,100.0,123.2,123.2,123.2,123.2,123.2,123.2,123.2,123.2,123.2,123.2,123.2,123.2,123.2,123.2,47.2,47.2,47.2,47.5,47.2,46.8,47.0,0.0,100.0,100.0,100.0,100.0,100.0,100.0,100.0,0.0,0.0,0.0,0.0,0.0,0.0,0.0,0.0,0.0,0.0,0.0,0.0,0.0,0.0,2395.7,24.00,40,39,39,77,116,708,1,85.9,85.0,84.9,81.9,77.3,82.7,84.6,84.3,78.9,83.4,65.3,65.3,69.2,63.1,45.0,44.0,47.0,1.069,1.015,1.100,40.486,7.938,40.489,49.500,5.458,64.469,6.692,6.362,6.806,6.785,6.863,6.599,6.736,43.297,8.057,57.358,63.005,1996.4,2395.7,4700.8,4700.8,4723.7,71.6,54.0,33.0,71.6,100.0,いいえ,いいえ,いいえ,10.439,3.066,6.0,39.0,85.9,40.0,85.0,1.080,12.197,3.440,3.328,5.040,1.072,1.016,3.440,3.328,1.808,1.024,1.120,1.040,1.792,1.104,0.768,1.824,0.256,2033,いいえ,57.4,43.0,1.110,1.110,1.815,1.800,1.005,5.040,0.750,いいえ,いいえ,いいえ,42.8,1.110,1.110,1.815,1.800,1.005,5.040,1.000,いいえ,いいえ,いいえ,37,37,いいえ,はい,15388,14039,128,128,34,100.0,いいえ,いいえ,3868,2528,9990,40,40,48,100.0,100.0,いいえ,いいえ,7032,7744,0.0,0.1,0.1,0.000,0.006,1392,1007,0.0,0.0,0.0,0.000,0.000,181182,133153,0.0,0.0,0.0,0.000,0.000,66270,77585,65.2,0.720,45.000,600.0,2400.0,1200.0,100.0,0.0,0.0,0.0,0.0,0.0,0.0,0.0,0.0,125,2,16.0,86,いいえ,いいえ,いいえ,40.0,44.0,49.8,84.0,0.865,12.314,12.324,12.271,12.339,12.322,0,0,10.174,4.642,2.275,0.271,7.841,2.406,0.136,7.979,8.062,8.163,220.000,220.000,210.0,50.6,1185.0,210.0,1290.0,210.0,50.5,1414.2,6.0,7.0,3.0,0.0,10.1,0.6,0.8,0.0,1.7,0.0,0,0,はい,いいえ,いいえ,いいえ,いいえ,はい,いいえ,4.7,5.0,0,0,0,0,0,0,0,0,0,0,0,0,0,0,0,0,0,0,0,0,0,0,0,0,0,0,0,0,0,0,11040,1242,965,110,2.5,1.7,1.7,1.7,1.7,1.7,1.7,1.7,1.7,1.7,1.7,1.7,1.7,603.96,603.96,603.96,603.96,603.96,603.96,7.85,446.54,603.96,0.00,216.34,0,0,0.0,0.0,44286,38857,6.2,92.9,0,
19.7.2026,0:47:10.853,20995,12916,61.9,16961,14902,53.2,1.2,2048,26,1.027,1.020,1.035,1.020,1.020,1.045,1.020,4620.8,4616.7,4616.7,4616.7,4616.7,4641.6,4616.7,99.8,4674.5,4689.3,4673.5,4673.5,4673.4,4673.0,4673.4,4673.1,4672.8,4672.8,4673.0,4672.8,4672.9,4674.5,100.0,100.0,100.0,100.0,100.0,100.0,100.0,100.0,100.0,100.0,100.0,100.0,100.0,100.0,100.0,123.2,123.2,123.2,123.2,123.2,123.2,123.2,123.2,123.2,123.2,123.2,123.2,123.2,123.2,46.3,46.2,46.2,46.2,46.2,46.5,46.2,0.0,100.0,100.0,100.0,100.0,100.0,100.0,100.0,0.0,0.0,0.0,0.0,0.0,0.0,0.0,0.0,0.0,0.0,0.0,0.0,0.0,0.0,2395.7,24.00,40,39,39,77,116,708,1,85.9,85.0,85.2,81.7,77.1,82.2,84.5,84.3,78.7,83.3,65.3,65.3,70.0,62.9,45.0,44.0,47.0,1.068,1.015,1.100,40.299,8.013,40.300,47.500,5.435,64.253,6.705,6.478,6.813,6.814,6.873,6.551,6.700,43.065,8.134,57.176,62.828,1996.4,2395.7,4699.5,4699.5,4722.3,71.4,53.7,31.7,71.4,100.0,いいえ,いいえ,いいえ,10.359,2.984,6.0,39.0,85.9,40.0,85.0,1.096,12.144,3.440,3.312,5.040,1.072,1.016,3.440,3.328,1.808,1.024,1.120,1.040,1.792,1.096,0.768,1.824,0.256,2030,いいえ,57.4,43.0,1.095,1.110,1.815,1.800,1.005,5.040,0.625,いいえ,いいえ,いいえ,42.8,1.095,1.110,1.815,1.800,1.005,5.040,1.125,いいえ,いいえ,いいえ,37,37,いいえ,はい,15388,14039,128,128,34,100.0,いいえ,いいえ,3868,2528,9990,40,40,48,100.0,100.0,いいえ,いいえ,7032,7744,0.0,0.0,0.0,0.000,0.004,1392,1007,0.0,0.0,0.0,0.000,0.000,181182,133153,0.0,0.3,0.3,0.002,1.796,66270,77589,65.2,0.720,39.000,600.0,2400.0,1200.0,100.0,0.0,0.0,0.0,0.0,0.0,0.0,0.0,0.0,125,2,16.0,86,いいえ,いいえ,いいえ,40.0,44.0,49.8,84.0,0.865,12.314,12.323,12.271,12.338,12.322,0,0,10.036,4.733,2.416,0.296,7.829,2.554,0.148,7.979,8.476,8.166,220.000,220.000,210.0,50.6,1185.0,210.0,1290.0,210.0,50.5,1413.2,6.0,7.0,4.0,0.0,10.1,0.4,0.6,0.0,1.0,0.0,0,0,はい,いいえ,いいえ,いいえ,いいえ,はい,いいえ,4.7,5.4,0,0,0,0,0,0,0,0,0,0,0,0,0,0,0,0,0,0,0,0,0,0,0,0,0,0,0,0,0,0,11040,1242,965,110,2.5,4.8,15.5,2.6,2.6,2.6,2.6,1.7,1.7,1.7,1.7,1.7,1.7,208.39,382.33,64.71,63.22,385.92,385.92,3.20,39.61,208.29,0.09,302.07,0,0,0.0,0.0,44286,38857,6.4,104.3,0,
19.7.2026,0:47:12.847,20987,12924,61.8,16966,14897,53.2,1.2,2048,26,1.055,1.025,1.075,1.050,1.060,1.060,1.060,4674.9,4616.7,4691.5,4666.6,4691.5,4666.6,4716.5,99.8,4670.1,4684.5,4668.7,4668.8,4668.8,4668.3,4668.6,4669.2,4669.0,4669.1,4669.1,4668.2,4669.1,4670.1,100.0,100.0,100.0,100.0,100.0,100.0,100.0,100.0,100.0,100.0,100.0,100.0,100.0,100.0,100.0,123.1,123.1,123.1,123.1,123.1,123.1,123.1,123.1,123.1,123.1,123.1,123.1,123.1,123.1,46.8,46.2,47.0,46.8,47.0,46.8,47.2,0.0,100.0,100.0,100.0,100.0,100.0,100.0,100.0,0.0,0.0,0.0,0.0,0.0,0.0,0.0,0.0,0.0,0.0,0.0,0.0,0.0,0.0,2395.7,24.00,40,39,39,77,116,708,1,85.9,85.0,85.4,81.8,77.2,82.5,84.6,84.3,78.7,83.3,65.2,65.2,69.8,63.3,45.0,44.0,47.0,1.065,1.015,1.100,40.548,7.968,40.544,48.000,5.446,64.320,6.712,6.423,6.834,6.820,6.869,6.591,6.733,43.225,8.088,57.303,62.913,1996.4,2395.7,4695.1,4695.1,4718.2,71.5,54.1,32.0,71.5,100.0,いいえ,いいえ,いいえ,10.023,2.906,6.0,39.0,85.9,40.0,85.0,1.104,12.197,3.456,3.328,5.040,1.072,1.016,3.440,3.328,1.808,1.024,1.120,1.040,1.792,1.104,0.768,1.824,0.256,2027,いいえ,57.4,43.0,1.095,1.110,1.815,1.800,1.005,5.040,0.750,いいえ,いいえ,いいえ,42.8,1.095,1.110,1.815,1.800,1.005,5.040,1.000,いいえ,いいえ,いいえ,37,37,いいえ,はい,15388,14039,128,128,34,100.0,いいえ,いいえ,3868,2528,9990,40,40,48,100.0,100.0,いいえ,いいえ,7032,7744,0.0,0.1,0.1,0.000,0.010,1392,1007,0.0,0.0,0.0,0.000,0.000,181182,133153,0.0,0.7,0.7,0.000,3.034,66270,77595,65.2,0.720,47.000,600.0,2400.0,1200.0,100.0,0.0,0.0,0.0,0.0,0.0,0.0,0.0,0.0,125,2,16.0,86,いいえ,いいえ,いいえ,40.0,44.0,49.7,84.0,0.865,12.316,12.326,12.275,12.341,12.324,0,0,10.259,4.621,2.234,0.247,7.795,2.357,0.123,7.924,8.127,8.159,220.000,220.000,210.0,50.6,1185.0,210.0,1290.0,210.1,50.5,1413.1,6.0,7.0,4.0,0.0,10.1,0.6,0.9,0.0,1.5,0.0,0,0,はい,いいえ,いいえ,いいえ,いいえ,はい,いいえ,4.6,4.9,0,0,0,0,0,0,0,0,0,0,0,0,0,0,0,0,0,0,0,0,0,0,0,0,0,0,0,0,0,0,11040,1242,965,109,2.5,4.8,15.5,2.6,2.6,2.6,2.6,1.7,1.7,1.7,1.7,1.7,1.7,208.39,382.33,64.71,63.22,385.92,385.92,3.20,39.61,208.29,0.09,302.07,0,0,0.0,0.0,44286,38857,6.0,194.8,0,
19.7.2026,0:47:14.842,20987,12924,61.8,16973,14890,53.2,1.2,2048,26,1.067,1.035,1.060,1.050,1.090,1.075,1.090,4691.5,4641.6,4666.6,4641.6,4741.4,4741.4,4716.5,99.8,4654.1,4668.3,4652.8,4652.5,4652.3,4652.4,4652.5,4652.8,4653.4,4652.9,4652.9,4653.2,4653.3,4654.1,100.0,100.0,100.0,100.0,100.0,100.0,100.0,100.0,100.0,100.0,100.0,100.0,100.0,100.0,100.0,122.7,122.7,122.7,122.7,122.7,122.7,122.7,122.7,122.7,122.7,122.7,122.7,122.7,122.7,47.0,46.5,46.8,46.5,47.5,47.5,47.2,0.0,100.0,100.0,100.0,100.0,100.0,100.0,100.0,0.0,0.0,0.0,0.0,0.0,0.0,0.0,0.0,0.0,0.0,0.0,0.0,0.0,0.0,2395.7,24.00,40,39,39,77,116,708,1,85.9,85.0,84.9,81.8,77.2,82.4,84.6,84.3,78.9,83.2,65.1,65.1,69.8,63.0,45.1,44.0,47.0,1.056,1.015,1.100,40.549,7.995,40.553,50.000,5.459,63.958,6.647,6.299,6.684,6.788,6.840,6.593,6.679,42.858,8.115,56.978,62.538,1996.4,2395.7,4678.7,4678.7,4700.9,71.1,54.1,33.3,71.1,100.0,いいえ,いいえ,いいえ,8.807,2.903,6.0,39.0,85.9,40.0,85.0,1.056,12.197,3.456,3.328,5.040,1.072,1.016,3.456,3.328,1.808,1.024,1.120,1.040,1.792,1.104,0.768,1.824,0.256,2036,いいえ,57.4,43.0,1.095,1.110,1.815,1.800,1.005,5.040,0.875,いいえ,いいえ,いいえ,42.8,1.095,1.110,1.815,1.800,1.005,5.040,0.750,いいえ,いいえ,いいえ,37,37,いいえ,はい,15388,14039,128,128,34,100.0,いいえ,いいえ,3868,2528,9990,40,40,48,100.0,100.0,いいえ,いいえ,7032,7744,0.0,0.0,0.0,0.000,0.002,1392,1007,0.0,0.0,0.0,0.000,0.000,181182,133153,0.0,0.1,0.1,0.000,0.345,66270,77595,65.2,0.720,33.000,600.0,2400.0,1200.0,100.0,0.0,0.0,0.0,0.0,0.0,0.0,0.0,0.0,125,2,16.0,86,いいえ,いいえ,いいえ,40.0,46.0,49.8,84.0,0.865,12.311,12.323,12.268,12.335,12.319,0,0,10.128,4.744,2.096,0.222,7.778,2.208,0.111,7.890,9.488,8.158,220.000,220.000,210.0,50.6,1185.0,210.0,1290.0,209.9,50.5,1414.4,6.0,7.0,4.0,0.0,10.1,0.7,1.1,0.0,1.8,0.0,0,0,はい,いいえ,いいえ,いいえ,いいえ,はい,いいえ,4.5,4.9,0,0,0,0,0,0,0,0,0,0,0,0,0,0,0,0,0,0,0,0,0,0,0,0,0,0,0,0,0,0,11040,1242,965,110,2.5,11.9,17.4,8.4,8.4,8.4,8.4,0.0,0.0,0.0,0.0,0.0,0.0,83.87,118.65,57.33,57.13,118.66,118.66,0.58,0.01,83.76,0.10,0.00,0,0,0.0,0.0,44286,38858,5.9,89.2,0,
19.7.2026,0:47:16.846,20987,12924,61.8,16979,14884,53.2,1.2,2048,26,1.048,1.035,1.060,1.060,1.050,1.035,1.050,4666.6,4666.6,4691.5,4666.6,4666.6,4641.6,4666.6,99.8,4667.1,4681.6,4666.0,4666.1,4666.1,4665.6,4666.1,4666.0,4665.9,4665.7,4665.6,4665.4,4665.5,4667.1,100.0,100.0,100.0,100.0,100.0,100.0,100.0,100.0,100.0,100.0,100.0,100.0,100.0,100.0,100.0,123.0,123.0,123.0,123.0,123.0,123.0,123.0,123.0,123.0,123.0,123.0,123.0,123.0,123.0,46.8,46.8,47.0,46.8,46.8,46.5,46.8,0.0,100.0,100.0,100.0,100.0,100.0,100.0,100.0,0.0,0.0,0.0,0.0,0.0,0.0,0.0,0.0,0.0,0.0,0.0,0.0,0.0,0.0,2395.7,24.00,40,39,39,77,116,708,1,85.9,85.0,84.9,81.9,77.3,82.8,84.6,84.4,78.9,83.4,65.1,65.1,70.0,63.1,45.0,44.0,47.0,1.064,1.015,1.100,40.694,7.990,40.691,49.500,5.482,64.531,6.711,6.380,6.806,6.801,6.886,6.658,6.732,43.317,8.110,57.457,63.099,1996.4,2395.7,4692.2,4692.2,4714.8,71.7,54.3,33.0,71.7,100.0,いいえ,いいえ,いいえ,10.241,3.209,6.0,39.0,85.9,40.0,85.0,1.072,12.197,3.456,3.328,5.040,1.072,1.016,3.440,3.328,1.808,1.024,1.120,1.040,1.792,1.104,0.768,1.824,0.256,2020,いいえ,57.4,43.0,1.095,1.110,1.815,1.800,1.005,5.040,0.875,いいえ,いいえ,いいえ,42.8,1.095,1.110,1.815,1.815,1.005,5.040,0.875,いいえ,いいえ,いいえ,37,37,いいえ,はい,15388,14039,128,128,34,100.0,いいえ,いいえ,3868,2528,9990,40,40,48,100.0,100.0,いいえ,いいえ,7032,7744,0.0,0.0,0.0,0.000,0.004,1392,1007,0.0,0.0,0.0,0.000,0.000,181182,133153,0.0,0.0,0.0,0.000,0.000,66270,77595,65.2,0.720,35.000,600.0,2400.0,1200.0,100.0,0.0,0.0,0.0,0.0,0.0,0.0,0.0,0.0,125,2,16.0,86,いいえ,いいえ,いいえ,40.0,44.0,49.7,84.0,0.865,12.308,12.318,12.264,12.333,12.317,0,0,9.967,4.589,2.180,0.222,7.775,2.294,0.111,7.890,8.066,8.173,220.000,220.000,210.0,50.6,1185.0,210.0,1290.0,209.9,50.5,1413.1,7.0,7.0,3.0,0.0,10.1,0.4,0.5,0.0,1.1,0.0,0,0,はい,いいえ,いいえ,いいえ,いいえ,はい,いいえ,4.8,4.9,0,0,0,0,0,0,0,0,0,0,0,0,0,0,0,0,0,0,0,0,0,0,0,0,0,0,0,0,0,0,11040,1242,965,110,2.5,11.9,17.4,8.4,8.4,8.4,8.4,0.0,0.0,0.0,0.0,0.0,0.0,83.87,118.65,57.33,57.13,118.66,118.66,0.58,0.01,83.76,0.10,0.00,0,0,0.0,0.0,44286,38858,6.1,108.6,0,
19.7.2026,0:47:18.841,20987,12924,61.8,16984,14879,53.3,1.2,2048,26,1.049,1.060,1.045,1.045,1.010,1.075,1.060,4695.7,4716.5,4741.4,4741.4,4591.7,4716.5,4666.6,99.8,4661.3,4675.8,4660.4,4660.2,4659.5,4659.7,4660.2,4660.2,4660.2,4660.0,4659.9,4659.7,4659.8,4661.3,100.0,100.0,100.0,100.0,100.0,100.0,100.0,100.0,100.0,100.0,100.0,100.0,100.0,100.0,100.0,122.9,122.9,122.9,122.9,122.9,122.9,122.9,122.9,122.9,122.9,122.9,122.9,122.9,122.9,47.0,47.2,47.5,47.5,46.0,47.2,46.8,0.0,100.0,100.0,100.0,100.0,100.0,100.0,100.0,0.0,0.0,0.0,0.0,0.0,0.0,0.0,0.0,0.0,0.0,0.0,0.0,0.0,0.0,2395.7,24.00,40,39,39,77,116,708,1,85.9,85.0,84.8,81.8,77.1,82.7,84.7,84.3,78.7,83.3,65.1,65.1,70.0,63.0,45.1,44.0,47.0,1.060,1.015,1.100,40.518,7.875,40.518,53.000,5.462,63.981,6.655,6.315,6.760,6.804,6.813,6.549,6.688,42.976,7.993,56.977,62.574,1996.4,2395.7,4686.2,4686.2,4708.7,71.1,54.0,35.3,71.1,100.0,いいえ,いいえ,いいえ,9.646,2.883,6.0,39.0,85.9,40.0,85.0,1.064,12.197,3.456,3.328,5.040,1.072,1.016,3.440,3.328,1.808,1.024,1.120,1.040,1.792,1.104,0.768,1.824,0.256,2023,いいえ,57.4,43.2,1.095,1.110,1.815,1.800,1.005,5.040,1.000,いいえ,いいえ,いいえ,42.8,1.095,1.110,1.815,1.800,0.990,5.040,1.625,いいえ,いいえ,いいえ,37,37,いいえ,はい,15388,14039,128,128,34,100.0,いいえ,いいえ,3868,2528,9990,40,40,48,100.0,100.0,いいえ,いいえ,7032,7744,0.0,0.1,0.1,0.000,0.006,1392,1007,0.0,0.0,0.0,0.000,0.000,181182,133153,0.0,0.1,0.1,0.000,0.103,66270,77595,65.3,0.720,41.000,600.0,2400.0,1200.0,100.0,0.0,0.0,0.0,0.0,0.0,0.0,0.0,0.0,125,2,16.0,86,いいえ,いいえ,いいえ,40.0,46.0,49.9,84.0,0.865,12.309,12.319,12.265,12.333,12.317,0,0,9.874,4.575,2.088,0.222,7.739,2.195,0.111,7.854,8.063,8.327,220.000,220.000,210.0,50.6,1185.0,210.0,1290.0,209.9,50.5,1409.3,6.0,7.0,4.0,0.0,10.1,0.4,0.5,0.0,1.0,0.0,0,0,はい,いいえ,いいえ,いいえ,いいえ,はい,いいえ,4.5,5.3,0,0,0,0,0,0,0,0,0,0,0,0,0,0,0,0,0,0,0,0,0,0,0,0,0,0,0,0,0,0,11040,1242,965,110,2.5,3.4,3.4,3.4,3.4,3.4,3.4,0.0,0.0,0.0,0.0,0.0,0.0,294.74,294.74,294.74,294.74,294.74,294.74,5.46,136.64,294.64,0.10,0.00,0,0,0.0,0.0,44286,38858,5.5,74.0,0,
19.7.2026,0:47:20.852,20988,12923,61.8,16989,14874,53.3,1.2,2048,26,1.062,1.035,1.075,1.090,1.070,1.050,1.050,4695.7,4641.6,4716.5,4741.4,4741.4,4666.6,4666.6,99.8,4661.7,4676.1,4659.8,4660.6,4660.6,4659.5,4660.1,4660.8,4660.2,4660.8,4661.0,4660.8,4660.4,4661.7,100.0,100.0,100.0,100.0,100.0,100.0,100.0,100.0,100.0,100.0,100.0,100.0,100.0,100.0,100.0,122.9,122.9,122.9,122.9,122.9,122.9,122.9,122.9,122.9,122.9,122.9,122.9,122.9,122.9,47.0,46.5,47.2,47.5,47.5,46.8,46.8,0.0,100.0,100.0,100.0,100.0,100.0,100.0,100.0,0.0,0.0,0.0,0.0,0.0,0.0,0.0,0.0,0.0,0.0,0.0,0.0,0.0,0.0,2395.7,24.00,40,39,39,77,116,708,1,85.9,85.0,84.4,81.8,77.3,82.8,84.6,84.3,78.7,83.5,65.1,65.1,69.8,63.2,45.1,44.0,47.0,1.060,1.015,1.100,40.628,7.912,40.633,50.000,5.439,64.130,6.656,6.323,6.753,6.774,6.817,6.555,6.713,43.102,8.031,57.116,62.695,1996.4,2395.7,4686.7,4686.7,4709.4,71.2,54.2,33.3,71.2,100.0,いいえ,いいえ,いいえ,9.306,2.689,6.0,39.0,85.9,40.0,85.0,1.088,12.197,3.440,3.312,5.040,1.072,1.016,3.440,3.328,1.808,1.024,1.120,1.032,1.792,1.104,0.768,1.824,0.256,2033,いいえ,57.4,43.2,1.095,1.110,1.815,1.800,1.005,5.040,0.750,いいえ,いいえ,いいえ,42.8,1.095,1.110,1.815,1.800,1.005,5.040,0.875,いいえ,いいえ,いいえ,37,37,いいえ,はい,15388,14039,128,128,34,100.0,いいえ,いいえ,3868,2528,9990,40,40,48,100.0,100.0,いいえ,いいえ,7032,7744,0.0,0.0,0.0,0.000,0.004,1392,1007,0.0,0.0,0.0,0.000,0.000,181182,133153,0.0,0.0,0.0,0.000,0.000,66270,77595,65.3,0.720,46.000,600.0,2400.0,1200.0,100.0,0.0,0.0,0.0,0.0,0.0,0.0,0.0,0.0,125,2,16.0,86,いいえ,いいえ,いいえ,40.0,44.0,49.8,84.0,0.865,12.305,12.313,12.261,12.330,12.314,0,0,9.927,4.567,2.101,0.222,7.774,2.219,0.111,7.892,8.056,8.164,220.000,220.000,210.0,50.6,1185.0,210.0,1290.0,209.9,50.5,1414.3,6.0,7.0,4.0,0.0,10.1,0.3,0.4,0.0,1.0,0.0,0,0,はい,いいえ,いいえ,いいえ,いいえ,はい,いいえ,4.5,5.0,0,0,0,0,0,0,0,0,0,0,0,0,0,0,0,0,0,0,0,0,0,0,0,0,0,0,0,0,0,0,11040,1242,965,110,2.5,3.4,3.4,3.4,3.4,3.4,3.4,0.0,0.0,0.0,0.0,0.0,0.0,294.74,294.74,294.74,294.74,294.74,294.74,5.46,136.64,294.64,0.10,0.00,0,0,0.0,0.0,44286,38858,5.9,80.1,0,
19.7.2026,0:47:22.854,20991,12920,61.8,17002,14861,53.3,1.2,2048,26,1.049,1.025,1.060,1.020,1.025,1.075,1.090,4658.3,4691.5,4616.7,4616.7,4591.7,4716.5,4716.5,99.8,4665.0,4679.5,4663.3,4663.9,4663.4,4662.9,4663.5,4663.6,4663.7,4663.9,4664.1,4663.9,4664.0,4665.0,100.0,100.0,100.0,100.0,100.0,100.0,100.0,100.0,100.0,100.0,100.0,100.0,100.0,100.0,100.0,123.0,123.0,123.0,123.0,123.0,123.0,123.0,123.0,123.0,123.0,123.0,123.0,123.0,123.0,46.7,47.0,46.2,46.2,46.0,47.2,47.2,0.0,100.0,100.0,100.0,100.0,100.0,100.0,100.0,0.0,0.0,0.0,0.0,0.0,0.0,0.0,0.0,0.0,0.0,0.0,0.0,0.0,0.0,2395.7,24.00,40,39,39,77,116,708,1,85.9,85.0,84.0,81.9,77.3,82.7,84.6,84.2,78.9,83.6,65.1,65.1,69.8,63.2,45.1,44.0,47.0,1.063,1.015,1.100,40.632,7.927,40.635,49.000,5.464,64.308,6.693,6.368,6.784,6.781,6.793,6.656,6.773,43.205,8.046,57.261,62.894,1996.4,2395.7,4690.4,4690.4,4713.1,71.5,54.2,32.7,71.5,100.0,いいえ,いいえ,いいえ,10.029,3.255,6.0,39.0,85.9,40.0,85.0,1.080,12.144,3.440,3.328,5.040,1.064,1.016,3.440,3.328,1.808,1.024,1.120,1.040,1.792,1.104,0.768,1.824,0.256,2011,いいえ,57.4,43.0,1.095,1.110,1.815,1.800,1.005,5.040,0.875,いいえ,いいえ,いいえ,42.8,1.110,1.110,1.815,1.800,1.005,5.040,1.500,いいえ,いいえ,いいえ,37,37,いいえ,はい,15388,14039,128,128,34,100.0,いいえ,いいえ,3868,2528,9990,40,40,48,100.0,100.0,いいえ,いいえ,7032,7744,0.0,10.7,10.7,0.000,0.008,1392,1007,0.0,0.0,0.0,0.000,0.000,181182,133153,0.0,0.0,0.0,0.000,0.068,66270,77596,65.2,0.720,37.000,600.0,2400.0,1200.0,100.0,0.0,0.0,0.0,0.0,0.0,0.0,0.0,0.0,125,2,16.0,86,いいえ,いいえ,いいえ,40.0,44.0,49.8,84.0,0.865,12.310,12.318,12.267,12.335,12.319,0,0,10.070,4.546,1.985,0.246,7.777,2.109,0.123,7.901,8.059,8.165,220.000,220.000,210.0,50.6,1185.0,210.0,1290.0,210.0,50.5,1413.6,6.0,7.0,4.0,0.0,10.1,0.5,0.7,0.0,1.4,0.0,0,0,はい,いいえ,いいえ,いいえ,いいえ,はい,いいえ,4.5,5.1,0,0,0,0,0,0,0,0,0,0,0,0,0,0,0,0,0,0,0,0,0,0,0,0,0,0,0,0,0,0,11040,1242,965,109,2.5,1.7,1.7,1.7,1.7,1.7,1.7,1.8,1.8,1.8,1.8,1.8,1.8,585.86,585.86,585.86,585.86,585.86,585.86,6.64,341.71,585.86,0.00,566.18,0,0,0.0,0.0,44286,38858,6.5,118.0,0,
19.7.2026,0:47:24.845,20987,12924,61.8,17005,14858,53.3,1.2,2048,26,1.080,1.115,1.120,1.090,1.075,1.035,1.045,4724.8,4841.3,4766.4,4716.5,4716.5,4666.6,4641.6,99.8,4656.2,4670.3,4654.5,4654.4,4654.9,4654.6,4655.2,4655.4,4655.6,4654.6,4654.9,4654.7,4654.7,4656.2,100.0,100.0,100.0,100.0,100.0,100.0,100.0,100.0,100.0,100.0,100.0,100.0,100.0,100.0,100.0,122.7,122.7,122.7,122.7,122.7,122.7,122.7,122.7,122.7,122.7,122.7,122.7,122.7,122.7,47.3,48.5,47.8,47.2,47.2,46.8,46.5,0.0,100.0,100.0,100.0,100.0,100.0,100.0,100.0,0.0,0.0,0.0,0.0,0.0,0.0,0.0,0.0,0.0,0.0,0.0,0.0,0.0,0.0,2395.7,24.00,40,39,39,77,116,708,1,85.9,85.0,86.2,81.9,77.1,82.7,84.5,84.5,78.9,83.7,65.1,65.1,70.0,63.3,45.1,44.0,47.0,1.057,1.015,1.100,40.741,7.900,40.734,50.000,5.431,64.069,6.665,6.294,6.749,6.731,6.840,6.612,6.762,43.101,8.018,57.093,62.697,1996.4,2395.7,4680.9,4680.9,4703.2,71.2,54.3,33.3,71.2,100.0,いいえ,いいえ,いいえ,9.700,3.054,6.0,39.0,85.9,40.0,85.0,1.080,12.197,3.440,3.328,5.040,1.072,1.016,3.440,3.328,1.808,1.024,1.120,1.040,1.792,1.104,0.768,1.824,0.256,2008,いいえ,57.4,43.0,1.095,1.110,1.815,1.800,1.005,5.040,1.125,いいえ,いいえ,いいえ,42.8,1.095,1.110,1.815,1.800,1.005,5.040,0.875,いいえ,いいえ,いいえ,37,37,いいえ,はい,15388,14039,128,128,34,100.0,いいえ,いいえ,3868,2528,9990,40,40,48,100.0,100.0,いいえ,いいえ,7032,7744,0.0,0.0,0.0,0.000,0.004,1392,1007,0.0,0.0,0.0,0.000,0.000,181182,133153,0.0,0.0,0.0,0.000,0.006,66270,77596,65.3,0.720,34.000,600.0,2400.0,1200.0,100.0,0.0,0.0,0.0,0.0,0.0,0.0,0.0,0.0,125,2,16.0,86,いいえ,いいえ,いいえ,40.0,44.0,49.8,84.0,0.865,12.312,12.320,12.270,12.337,12.321,0,0,10.183,4.550,1.979,0.246,7.791,2.097,0.123,7.918,8.061,8.184,220.000,220.000,210.0,50.6,1185.0,210.0,1290.0,209.9,50.5,1414.1,6.0,7.0,4.0,0.0,10.1,0.6,1.0,0.0,1.5,0.0,0,0,はい,いいえ,いいえ,いいえ,いいえ,はい,いいえ,4.5,4.9,0,0,0,0,0,0,0,0,0,0,0,0,0,0,0,0,0,0,0,0,0,0,0,0,0,0,0,0,0,0,11040,1242,965,109,2.5,1.7,1.7,1.7,1.7,1.7,1.7,1.8,1.8,1.8,1.8,1.8,1.8,585.86,585.86,585.86,585.86,585.86,585.86,6.64,341.71,585.86,0.00,566.18,0,0,0.0,0.0,44286,38858,6.1,95.0,0,
19.7.2026,0:47:26.841,20987,12924,61.8,17005,14858,53.3,1.2,2048,26,1.040,1.025,1.060,1.050,1.060,1.010,1.035,4620.8,4591.7,4691.5,4591.7,4691.5,4566.8,4591.7,99.8,4650.7,4665.6,4648.8,4649.3,4649.7,4649.3,4649.6,4649.5,4649.6,4649.5,4649.3,4649.1,4649.2,4650.7,100.0,100.0,100.0,100.0,100.0,100.0,100.0,100.0,100.0,100.0,100.0,100.0,100.0,100.0,100.0,122.6,122.6,122.6,122.6,122.6,122.6,122.6,122.6,122.6,122.6,122.6,122.6,122.6,122.6,46.3,46.0,47.0,46.0,47.0,45.8,46.0,0.0,100.0,100.0,100.0,100.0,100.0,100.0,100.0,0.0,0.0,0.0,0.0,0.0,0.0,0.0,0.0,0.0,0.0,0.0,0.0,0.0,0.0,2395.7,24.00,40,39,39,77,116,708,1,85.8,85.0,85.9,81.8,77.3,82.7,84.7,84.3,78.5,83.0,65.0,65.0,69.5,63.0,45.1,44.0,47.0,1.054,1.015,1.100,40.676,7.904,40.672,50.500,5.436,63.878,6.632,6.316,6.756,6.779,6.821,6.517,6.602,42.884,8.022,56.886,62.445,1996.4,2395.7,4675.9,4675.9,4697.0,71.0,54.2,33.7,71.0,100.0,いいえ,いいえ,いいえ,9.175,2.571,6.0,39.0,85.9,40.0,85.0,1.056,12.197,3.440,3.328,5.040,1.072,1.016,3.440,3.328,1.808,1.024,1.120,1.040,1.792,1.104,0.768,1.824,0.256,2033,いいえ,57.4,43.0,1.095,1.110,1.800,1.800,1.005,5.040,1.250,いいえ,いいえ,いいえ,42.8,1.095,1.110,1.815,1.800,1.005,5.040,1.000,いいえ,いいえ,いいえ,37,37,いいえ,はい,15388,14039,128,128,34,100.0,いいえ,いいえ,3868,2528,9990,40,40,48,100.0,100.0,いいえ,いいえ,7032,7744,0.0,0.1,0.1,0.000,0.010,1392,1007,0.0,0.0,0.0,0.000,0.000,181182,133153,0.0,0.0,0.0,0.000,0.016,66270,77596,65.3,0.720,40.000,600.0,2400.0,1200.0,100.0,0.0,0.0,0.0,0.0,0.0,0.0,0.0,0.0,125,2,16.0,86,いいえ,いいえ,いいえ,40.0,44.0,49.8,84.0,0.865,12.307,12.315,12.263,12.333,12.316,0,0,9.861,4.446,1.751,0.172,7.701,1.838,0.086,7.792,8.066,8.164,220.000,220.000,210.0,50.6,1185.0,210.0,1290.0,209.9,50.5,1413.6,6.0,7.0,4.0,0.0,10.1,0.5,0.8,0.0,1.3,0.0,0,0,はい,いいえ,いいえ,いいえ,いいえ,はい,いいえ,4.3,5.0,0,0,0,0,0,0,0,0,0,0,0,0,0,0,0,0,0,0,0,0,0,0,0,0,0,0,0,0,0,0,11040,1242,965,109,2.5,6.7,17.5,3.1,3.0,3.0,3.0,0.0,0.0,0.0,0.0,0.0,0.0,149.98,324.94,57.11,57.01,330.29,330.29,2.63,26.53,149.86,0.11,0.00,0,0,0.0,0.0,44286,38859,6.0,98.9,0,
19.7.2026,0:47:28.852,20986,12924,61.8,17013,14850,53.3,1.2,2048,26,1.039,1.035,1.035,1.035,1.050,1.045,1.035,4645.8,4641.6,4641.6,4616.7,4641.6,4666.6,4666.6,99.8,4658.7,4673.6,4656.5,4657.9,4657.8,4657.3,4657.6,4656.9,4658.0,4658.1,4658.0,4657.0,4655.8,4658.7,100.0,100.0,100.0,100.0,100.0,100.0,100.0,100.0,100.0,100.0,100.0,100.0,99.9,100.0,100.0,122.8,122.8,122.8,122.8,122.8,122.8,122.8,122.8,122.8,122.8,122.8,122.8,122.8,122.8,46.5,46.5,46.5,46.2,46.5,46.8,46.8,0.0,100.0,100.0,100.0,100.0,100.0,100.0,100.0,0.0,0.0,0.0,0.0,0.0,0.0,0.0,0.0,0.0,0.0,0.0,0.0,0.0,0.0,2395.7,24.00,40,39,39,77,116,708,1,85.8,85.0,85.4,81.8,77.3,82.6,84.6,84.3,78.8,83.3,65.0,65.0,70.0,63.3,45.1,44.0,47.0,1.059,1.015,1.100,40.738,7.950,40.743,49.500,5.434,64.238,6.670,6.352,6.760,6.795,6.818,6.599,6.695,43.157,8.070,57.204,62.790,1996.4,2395.7,4684.1,4684.1,4706.1,71.4,54.3,33.0,71.4,100.0,いいえ,いいえ,いいえ,9.318,2.768,6.0,39.0,85.8,40.0,85.0,1.064,12.197,3.440,3.328,5.040,1.072,1.016,3.440,3.328,1.808,1.024,1.120,1.040,1.792,1.104,0.768,1.824,0.256,2033,いいえ,57.4,43.0,1.095,1.110,1.800,1.800,1.005,5.040,0.875,いいえ,いいえ,いいえ,42.8,1.095,1.110,1.800,1.800,1.005,5.040,0.875,いいえ,いいえ,いいえ,37,37,いいえ,はい,15388,14039,128,128,34,100.0,いいえ,いいえ,3868,2528,9990,40,40,48,100.0,100.0,いいえ,いいえ,7032,7744,0.0,0.1,0.1,0.000,0.010,1392,1007,0.0,0.0,0.0,0.000,0.000,181182,133153,0.0,0.0,0.0,0.000,0.002,66270,77596,65.2,0.720,35.000,600.0,2400.0,1200.0,100.0,0.0,0.0,0.0,0.0,0.0,0.0,0.0,0.0,125,2,16.0,86,いいえ,いいえ,いいえ,40.0,44.0,49.9,84.0,0.865,12.315,12.323,12.273,12.340,12.323,0,0,10.024,4.683,2.447,0.246,7.842,2.579,0.136,7.985,8.056,8.173,220.000,220.000,210.0,50.6,1185.0,210.0,1290.0,210.0,50.5,1413.5,5.0,7.0,4.0,0.0,10.1,0.4,0.5,0.0,1.2,0.0,0,0,はい,いいえ,いいえ,いいえ,いいえ,はい,いいえ,4.7,5.1,0,0,0,0,0,0,0,0,0,0,0,0,0,0,0,0,0,0,0,0,0,0,0,0,0,0,0,0,0,0,11040,1242,965,109,2.5,2.3,3.8,1.7,1.7,1.7,1.7,1.6,1.6,1.6,1.6,1.6,1.6,430.95,597.32,264.57,261.51,600.72,600.72,5.66,77.91,430.84,0.10,263.42,0,0,0.0,0.0,44286,38859,6.5,205.3,0,
19.7.2026,0:47:30.846,20988,12923,61.8,17017,14846,53.4,1.2,2048,26,1.069,1.035,1.105,1.070,1.075,1.065,1.065,4691.5,4641.6,4741.4,4691.5,4691.5,4691.5,4691.5,99.8,4664.6,4678.4,4662.2,4663.1,4663.3,4662.8,4663.3,4663.6,4663.7,4663.7,4663.8,4663.6,4663.8,4664.6,100.0,100.0,100.0,100.0,100.0,100.0,100.0,100.0,100.0,100.0,100.0,100.0,100.0,100.0,100.0,122.9,122.9,122.9,122.9,122.9,122.9,122.9,122.9,122.9,122.9,122.9,122.9,122.9,122.9,47.0,46.5,47.5,47.0,47.0,47.0,47.0,0.0,100.0,100.0,100.0,100.0,100.0,100.0,100.0,0.0,0.0,0.0,0.0,0.0,0.0,0.0,0.0,0.0,0.0,0.0,0.0,0.0,0.0,2395.7,24.00,40,39,39,77,116,708,1,85.9,85.0,84.8,81.9,77.2,82.6,84.6,84.4,78.8,83.5,65.1,65.1,70.5,63.3,45.1,44.0,47.0,1.062,1.015,1.100,40.887,7.994,40.891,52.500,5.478,64.655,6.730,6.394,6.790,6.848,6.866,6.667,6.813,43.443,8.114,57.582,63.221,1996.4,2395.7,4689.0,4689.0,4712.2,71.8,54.5,35.0,71.8,100.0,いいえ,いいえ,いいえ,10.054,3.455,6.0,39.0,85.8,40.0,85.0,1.064,12.197,3.456,3.328,5.040,1.072,1.016,3.440,3.328,1.808,1.024,1.120,1.032,1.792,1.104,0.768,1.824,0.256,2008,いいえ,57.4,43.0,1.095,1.110,1.800,1.800,1.005,5.040,1.250,いいえ,いいえ,いいえ,42.8,1.095,1.110,1.800,1.800,1.005,5.040,0.875,いいえ,いいえ,いいえ,37,37,いいえ,はい,15388,14039,128,128,34,100.0,いいえ,いいえ,3868,2528,9990,40,40,48,100.0,100.0,いいえ,いいえ,7032,7744,0.0,0.0,0.0,0.000,0.002,1392,1007,0.0,0.0,0.0,0.000,0.000,181182,133153,0.0,0.0,0.0,0.000,0.008,66270,77596,65.2,0.720,39.000,600.0,2400.0,1200.0,100.0,0.0,0.0,0.0,0.0,0.0,0.0,0.0,0.0,125,2,16.0,86,いいえ,いいえ,いいえ,40.0,44.0,49.8,84.0,0.865,12.308,12.316,12.267,12.334,12.318,0,0,10.243,4.558,2.022,0.222,7.777,2.134,0.111,7.899,8.110,8.186,220.000,220.000,210.0,50.6,1185.0,210.0,1290.0,210.0,50.5,1413.6,6.0,7.0,4.0,0.0,10.1,0.6,0.9,0.0,1.7,0.0,0,0,はい,いいえ,いいえ,いいえ,いいえ,はい,いいえ,4.5,5.0,0,0,0,0,0,0,0,0,0,0,0,0,0,0,0,0,0,0,0,0,0,0,0,0,0,0,0,0,0,0,11040,1242,965,109,2.5,12.3,16.1,8.4,8.4,8.4,8.4,0.0,0.0,0.0,0.0,0.0,0.0,81.43,118.43,62.07,62.06,119.57,119.57,1.50,0.01,81.32,0.11,0.00,0,0,0.0,0.0,44286,38859,5.8,124.9,0,
19.7.2026,0:47:32.850,20987,12924,61.8,17017,14845,53.4,1.2,2048,26,1.068,1.025,1.075,1.050,1.105,1.075,1.075,4720.7,4616.7,4666.6,4716.5,4841.3,4741.4,4741.4,99.8,4673.6,4687.6,4672.0,4672.0,4672.1,4671.5,4671.9,4672.1,4672.6,4672.7,4672.8,4672.6,4672.7,4673.6,100.0,100.0,100.0,100.0,100.0,100.0,100.0,100.0,100.0,100.0,100.0,100.0,100.0,100.0,100.0,123.2,123.2,123.2,123.2,123.2,123.2,123.2,123.2,123.2,123.2,123.2,123.2,123.2,123.2,47.3,46.2,46.8,47.2,48.5,47.5,47.5,0.0,100.0,100.0,100.0,100.0,100.0,100.0,100.0,0.0,0.0,0.0,0.0,0.0,0.0,0.0,0.0,0.0,0.0,0.0,0.0,0.0,0.0,2395.7,24.00,40,39,39,77,116,708,1,85.9,85.0,85.4,81.9,77.3,82.8,84.6,84.4,78.9,83.5,65.2,65.2,69.8,63.2,45.1,44.0,47.0,1.067,1.015,1.100,40.746,8.104,40.741,49.500,5.459,64.800,6.709,6.365,6.827,6.806,6.887,6.616,6.754,43.520,8.225,57.750,63.389,1996.4,2395.7,4697.5,4697.5,4721.2,72.0,54.3,33.0,72.0,100.0,いいえ,いいえ,いいえ,10.532,2.784,6.0,39.0,85.9,40.0,85.0,1.072,12.197,3.456,3.328,5.040,1.072,1.016,3.456,3.328,1.808,1.024,1.120,1.040,1.792,1.104,0.768,1.824,0.256,2020,いいえ,57.4,43.0,1.095,1.110,1.800,1.800,1.005,5.040,1.125,いいえ,いいえ,いいえ,42.8,1.095,1.110,1.800,1.800,1.005,5.040,1.000,いいえ,いいえ,いいえ,37,37,いいえ,はい,15388,14039,128,128,34,100.0,いいえ,いいえ,3868,2528,9990,40,40,48,100.0,100.0,いいえ,いいえ,7032,7744,0.0,0.0,0.0,0.000,0.004,1392,1007,0.0,0.0,0.0,0.000,0.000,181182,133153,0.0,0.0,0.0,0.000,0.000,66270,77596,65.3,0.720,44.000,600.0,2400.0,1200.0,100.0,0.0,0.0,0.0,0.0,0.0,0.0,0.0,0.0,125,2,16.0,86,いいえ,いいえ,いいえ,40.0,44.0,49.8,84.0,0.865,12.314,12.322,12.272,12.339,12.323,0,0,10.098,4.594,2.094,0.246,7.830,2.209,0.123,7.953,8.115,8.185,220.000,220.000,210.0,50.6,1185.0,210.0,1290.0,210.0,50.5,1413.8,6.0,7.0,4.0,0.0,10.1,0.4,0.5,0.0,1.1,0.0,0,0,はい,いいえ,いいえ,いいえ,いいえ,はい,いいえ,4.6,5.0,0,0,0,0,0,0,0,0,0,0,0,0,0,0,0,0,0,0,0,0,0,0,0,0,0,0,0,0,0,0,11040,1242,965,109,2.5,11.4,17.4,7.7,7.7,7.7,7.7,1.7,1.7,1.7,1.7,1.7,1.7,87.51,129.87,57.29,57.04,130.49,130.49,1.00,9.39,87.41,0.10,1337.37,0,0,0.0,0.0,44286,38859,5.8,79.4,0,
19.7.2026,0:47:34.846,20987,12924,61.8,17018,14845,53.4,1.2,2048,26,1.038,1.050,1.075,1.060,1.015,1.020,1.010,4649.9,4691.5,4716.5,4691.5,4591.7,4616.7,4591.7,99.8,4669.6,4684.7,4668.1,4668.7,4669.3,4668.2,4669.0,4669.0,4668.5,4667.1,4667.7,4667.5,4667.5,4669.6,100.0,100.0,100.0,100.0,100.0,100.0,100.0,100.0,100.0,100.0,100.0,100.0,100.0,100.0,100.0,123.1,123.1,123.1,123.1,123.1,123.1,123.1,123.1,123.1,123.1,123.1,123.1,123.1,123.1,46.6,47.0,47.2,47.0,46.0,46.2,46.0,0.0,100.0,100.0,100.0,100.0,100.0,100.0,100.0,0.0,0.0,0.0,0.0,0.0,0.0,0.0,0.0,0.0,0.0,0.0,0.0,0.0,0.0,2395.7,24.00,40,39,39,77,116,708,1,85.9,85.0,84.9,81.9,77.5,82.7,84.7,84.3,79.1,83.4,65.3,65.3,70.0,63.1,45.1,44.0,47.0,1.066,1.015,1.100,40.768,8.103,40.764,48.000,5.438,64.729,6.707,6.407,6.781,6.820,6.830,6.647,6.757,43.467,8.225,57.673,63.314,1996.4,2395.7,4694.6,4694.6,4718.1,71.9,54.4,32.0,71.9,100.0,いいえ,いいえ,いいえ,10.470,2.803,6.0,39.0,85.9,40.0,85.0,1.072,12.197,3.440,3.328,5.040,1.072,1.016,3.440,3.328,1.808,1.024,1.120,1.040,1.792,1.104,0.768,1.824,0.256,2020,いいえ,57.4,43.2,1.095,1.110,1.800,1.800,1.005,5.040,0.625,いいえ,いいえ,いいえ,42.8,1.110,1.110,1.800,1.800,1.005,5.040,0.875,いいえ,いいえ,いいえ,37,37,いいえ,はい,15388,14039,128,128,34,100.0,いいえ,いいえ,3868,2528,9990,40,40,48,100.0,100.0,いいえ,いいえ,7032,7744,0.0,5.1,5.1,0.000,0.008,1392,1007,0.0,0.0,0.0,0.000,0.000,181182,133153,0.0,0.0,0.0,0.000,0.034,66270,77596,65.3,0.720,45.000,600.0,2400.0,1200.0,100.0,0.0,0.0,0.0,0.0,0.0,0.0,0.0,0.0,125,2,16.0,86,いいえ,いいえ,いいえ,40.0,44.0,49.9,84.0,0.865,12.315,12.322,12.274,12.340,12.323,0,0,10.024,4.584,2.096,0.246,7.794,2.209,0.123,7.920,8.105,8.182,220.000,220.000,210.0,50.6,1185.0,210.0,1290.0,209.9,50.5,1413.4,6.0,7.0,4.0,0.0,10.1,0.4,0.5,0.0,1.2,0.0,0,0,はい,いいえ,いいえ,いいえ,いいえ,はい,いいえ,4.6,5.0,0,0,0,0,0,0,0,0,0,0,0,0,0,0,0,0,0,0,0,0,0,0,0,0,0,0,0,0,0,0,11040,1242,965,109,2.5,13.3,17.8,8.5,8.4,8.4,8.4,0.0,0.0,0.0,0.0,0.0,0.0,75.31,117.84,56.30,56.13,119.53,119.53,0.59,0.01,75.21,0.10,0.00,0,0,0.0,0.0,44286,38860,6.1,116.2,0,
19.7.2026,0:47:36.854,20985,12926,61.8,17017,14846,53.4,1.2,2048,26,1.053,1.050,1.050,1.050,1.045,1.050,1.075,4674.9,4666.6,4666.6,4691.5,4666.6,4666.6,4691.5,99.8,4666.8,4681.2,4665.6,4665.3,4665.6,4665.0,4665.5,4665.7,4665.7,4665.7,4665.6,4665.6,4665.7,4666.8,100.0,100.0,100.0,100.0,100.0,100.0,100.0,100.0,100.0,100.0,100.0,100.0,100.0,100.0,100.0,123.0,123.0,123.0,123.0,123.0,123.0,123.0,123.0,123.0,123.0,123.0,123.0,123.0,123.0,46.8,46.8,46.8,47.0,46.8,46.8,47.0,0.0,100.0,100.0,100.0,100.0,100.0,100.0,100.0,0.0,0.0,0.0,0.0,0.0,0.0,0.0,0.0,0.0,0.0,0.0,0.0,0.0,0.0,2395.7,24.00,40,39,39,77,116,708,1,85.9,85.0,85.2,81.9,77.3,82.7,84.6,84.3,79.1,83.6,65.2,65.2,70.5,63.3,45.1,44.0,47.0,1.064,1.015,1.100,40.616,8.105,40.620,52.500,5.437,64.523,6.692,6.367,6.764,6.775,6.823,6.658,6.764,43.238,8.227,57.446,63.095,1996.4,2395.7,4691.4,4691.4,4715.4,71.7,54.2,35.0,71.7,100.0,いいえ,いいえ,いいえ,10.505,2.872,6.0,39.0,85.9,40.0,85.0,1.072,12.197,3.456,3.328,5.040,1.072,1.016,3.440,3.328,1.808,1.024,1.120,1.040,1.792,1.104,0.768,1.824,0.256,2033,いいえ,57.4,43.2,1.095,1.110,1.800,1.800,1.005,5.040,0.750,いいえ,いいえ,いいえ,42.8,1.095,1.110,1.800,1.800,1.005,5.040,1.750,いいえ,いいえ,いいえ,37,37,いいえ,はい,15388,14039,128,128,34,100.0,いいえ,いいえ,3868,2528,9990,40,40,48,100.0,100.0,いいえ,いいえ,7032,7744,0.0,0.0,0.0,0.000,0.004,1392,1007,0.0,0.0,0.0,0.000,0.000,181182,133153,0.0,0.0,0.0,0.000,0.022,66270,77596,65.3,0.720,42.000,600.0,2400.0,1200.0,100.0,0.0,0.0,0.0,0.0,0.0,0.0,0.0,0.0,125,2,16.0,86,いいえ,いいえ,いいえ,40.0,44.0,49.9,84.0,0.865,12.313,12.321,12.272,12.338,12.322,0,0,10.060,4.550,1.950,0.246,7.793,2.073,0.123,7.920,8.107,8.185,220.000,220.000,210.0,50.6,1185.0,210.0,1290.0,210.0,50.5,1414.1,6.0,7.0,4.0,0.0,10.1,0.5,0.8,0.0,1.3,0.0,0,0,はい,いいえ,いいえ,いいえ,いいえ,はい,いいえ,4.6,4.9,0,0,0,0,0,0,0,0,0,0,0,0,0,0,0,0,0,0,0,0,0,0,0,0,0,0,0,0,0,0,11040,1242,965,109,2.5,3.2,8.1,2.1,2.1,2.1,2.1,1.6,1.6,1.6,1.6,1.6,1.6,311.61,482.29,123.24,119.44,485.39,485.39,3.03,47.26,311.50,0.11,276.97,0,0,0.0,0.0,44286,38860,6.1,117.0,0,
19.7.2026,0:47:38.863,20984,12927,61.8,17027,14836,53.4,1.2,2048,26,1.064,1.025,1.060,1.090,1.060,1.060,1.090,4691.5,4616.7,4716.5,4716.5,4666.6,4691.5,4741.4,99.8,4654.5,4668.8,4652.4,4652.7,4653.1,4652.8,4653.3,4653.6,4653.4,4653.3,4653.7,4653.3,4653.7,4654.5,100.0,100.0,100.0,100.0,100.0,100.0,100.0,100.0,100.0,100.0,100.0,100.0,100.0,100.0,100.0,122.7,122.7,122.7,122.7,122.7,122.7,122.7,122.7,122.7,122.7,122.7,122.7,122.7,122.7,47.0,46.2,47.2,47.2,46.8,47.0,47.5,0.0,100.0,100.0,100.0,100.0,100.0,100.0,100.0,0.0,0.0,0.0,0.0,0.0,0.0,0.0,0.0,0.0,0.0,0.0,0.0,0.0,0.0,2395.7,24.00,40,39,39,77,116,708,1,85.8,85.0,84.5,81.9,77.3,82.8,84.7,84.3,79.0,83.4,65.3,65.3,69.2,63.1,45.2,44.0,47.0,1.057,1.015,1.100,40.631,8.089,40.631,48.000,5.422,64.180,6.660,6.323,6.786,6.782,6.804,6.576,6.689,42.958,8.211,57.133,62.731,1996.4,2395.7,4679.4,4679.4,4702.7,71.3,54.2,32.0,71.3,100.0,いいえ,いいえ,いいえ,9.581,2.854,6.0,39.0,85.9,40.0,85.0,1.064,12.197,3.456,3.328,5.040,1.072,1.016,3.440,3.328,1.808,1.024,1.120,1.040,1.792,1.104,0.768,1.824,0.256,2033,いいえ,57.4,43.2,1.095,1.110,1.815,1.800,1.005,5.040,1.000,いいえ,いいえ,いいえ,42.8,1.095,1.110,1.800,1.800,1.005,5.040,0.875,いいえ,いいえ,いいえ,37,37,いいえ,はい,15388,14039,128,128,34,100.0,いいえ,いいえ,3868,2528,9990,40,40,48,100.0,100.0,いいえ,いいえ,7032,7744,0.0,0.1,0.1,0.000,0.010,1392,1007,0.0,0.0,0.0,0.000,0.000,181182,133153,0.0,0.0,0.0,0.000,0.028,66270,77596,65.3,0.720,41.000,600.0,2400.0,1200.0,100.0,0.0,0.0,0.0,0.0,0.0,0.0,0.0,0.0,125,2,16.0,86,いいえ,いいえ,いいえ,40.0,44.0,49.8,84.0,0.865,12.317,12.324,12.277,12.342,12.325,0,0,10.072,4.537,1.918,0.222,7.808,2.036,0.111,7.930,8.093,8.175,220.000,220.000,210.0,50.6,1185.0,210.0,1290.0,209.9,50.5,1412.8,5.0,7.0,3.0,0.0,10.1,0.7,1.1,0.0,1.6,0.0,0,0,はい,いいえ,いいえ,いいえ,いいえ,はい,いいえ,4.8,4.9,0,0,0,0,0,0,0,0,0,0,0,0,0,0,0,0,0,0,0,0,0,0,0,0,0,0,0,0,0,0,11040,1242,965,108,2.5,3.2,8.1,2.1,2.1,2.1,2.1,1.6,1.6,1.6,1.6,1.6,1.6,311.61,482.29,123.24,119.44,485.39,485.39,3.03,47.26,311.50,0.11,276.97,0,0,0.0,0.0,44286,38860,6.8,135.1,0,
19.7.2026,0:47:40.859,20999,12912,61.9,17032,14831,53.4,1.2,2048,26,1.082,1.025,1.075,1.090,1.120,1.090,1.090,4733.1,4641.6,4741.4,4766.4,4791.4,4741.4,4716.5,99.8,4658.2,4672.5,4655.7,4657.0,4656.4,4656.7,4657.3,4657.0,4657.4,4656.9,4656.6,4657.1,4657.9,4658.2,100.0,100.0,100.0,100.0,100.0,100.0,100.0,100.0,100.0,100.0,100.0,100.0,100.0,100.0,100.0,122.8,122.8,122.8,122.8,122.8,122.8,122.8,122.8,122.8,122.8,122.8,122.8,122.8,122.8,47.4,46.5,47.5,47.8,48.0,47.5,47.2,0.0,100.0,100.0,100.0,100.0,100.0,100.0,100.0,0.0,0.0,0.0,0.0,0.0,0.0,0.0,0.0,0.0,0.0,0.0,0.0,0.0,0.0,2395.7,24.00,40,39,39,77,116,708,1,85.8,85.0,84.8,81.8,76.9,82.3,84.6,84.4,78.9,83.4,65.3,65.3,69.5,63.3,45.1,44.0,47.0,1.059,1.015,1.100,40.506,8.011,40.510,49.000,5.422,64.041,6.704,6.392,6.823,6.811,6.852,6.625,6.720,42.922,8.132,57.018,62.617,1996.4,2395.7,4683.7,4683.7,4706.9,71.2,54.0,32.7,71.2,100.0,いいえ,いいえ,いいえ,9.499,3.025,6.0,39.0,85.8,40.0,85.0,1.056,12.197,3.456,3.328,5.040,1.072,1.016,3.440,3.328,1.808,1.024,1.120,1.040,1.792,1.104,0.768,1.824,0.256,2027,いいえ,57.4,43.2,1.095,1.110,1.815,1.800,1.005,5.040,1.750,いいえ,いいえ,いいえ,42.8,1.095,1.110,1.815,1.815,1.005,5.040,1.000,いいえ,いいえ,いいえ,37,37,いいえ,はい,15388,14039,128,128,34,100.0,いいえ,いいえ,3868,2528,9990,40,40,48,100.0,100.0,いいえ,いいえ,7032,7744,0.0,0.0,0.0,0.000,0.004,1392,1007,0.0,0.0,0.0,0.000,0.000,181182,133153,0.0,0.3,0.3,0.000,1.551,66270,77599,65.3,0.720,42.000,600.0,2400.0,1200.0,100.0,0.0,0.0,0.0,0.0,0.0,0.0,0.0,0.0,125,2,16.0,86,いいえ,いいえ,いいえ,40.0,44.0,49.8,84.0,0.865,12.316,12.324,12.275,12.341,12.324,0,0,10.413,4.602,2.237,0.197,7.795,2.332,0.099,7.906,8.079,8.170,220.000,220.000,210.0,50.6,1185.0,210.0,1290.0,210.0,50.5,1414.0,1.0,4.0,0.0,0.0,10.1,0.6,0.8,0.0,1.7,0.0,0,0,はい,いいえ,いいえ,いいえ,いいえ,はい,いいえ,4.6,4.9,0,0,0,0,0,0,0,0,0,0,0,0,0,0,0,0,0,0,0,0,0,0,0,0,0,0,0,0,0,0,11040,1242,965,109,2.5,4.3,8.2,2.9,2.9,2.9,2.9,0.0,0.0,0.0,0.0,0.0,0.0,235.09,348.07,122.12,120.05,350.37,350.37,4.36,39.01,234.99,0.11,0.00,0,0,0.0,0.0,44286,38860,6.4,131.7,0,
19.7.2026,0:47:42.879,20990,12921,61.8,17041,14822,53.4,1.2,2048,26,1.066,1.090,1.060,1.060,1.060,1.065,1.060,4691.5,4741.4,4691.5,4691.5,4691.5,4666.6,4666.6,99.8,4655.1,4669.6,4654.1,4654.1,4654.1,4653.6,4654.1,4654.1,4654.0,4652.8,4653.7,4653.4,4653.3,4655.1,100.0,100.0,100.0,100.0,100.0,100.0,100.0,100.0,100.0,100.0,100.0,100.0,100.0,100.0,100.0,122.7,122.7,122.7,122.7,122.7,122.7,122.7,122.7,122.7,122.7,122.7,122.7,122.7,122.7,47.0,47.5,47.0,47.0,47.0,46.8,46.8,0.0,100.0,100.0,100.0,100.0,100.0,100.0,100.0,0.0,0.0,0.0,0.0,0.0,0.0,0.0,0.0,0.0,0.0,0.0,0.0,0.0,0.0,2395.7,24.00,40,39,39,77,116,708,1,85.8,85.0,85.9,81.8,77.0,82.5,84.7,84.4,78.8,83.3,65.2,65.2,70.2,63.4,45.2,44.0,47.0,1.057,1.015,1.100,40.597,8.049,40.589,50.000,5.426,64.012,6.668,6.354,6.784,6.795,6.864,6.554,6.658,42.911,8.170,57.050,62.638,1996.4,2395.7,4679.7,4679.7,4702.3,71.2,54.1,33.3,71.2,100.0,いいえ,いいえ,いいえ,9.508,3.062,6.0,39.0,85.8,40.0,85.0,1.104,12.197,3.456,3.328,5.040,1.072,1.016,3.440,3.328,1.808,1.024,1.120,1.032,1.792,1.104,0.768,1.824,0.256,2030,いいえ,57.4,43.2,1.095,1.110,1.815,1.800,1.005,5.040,0.625,いいえ,いいえ,いいえ,42.8,1.095,1.110,1.815,1.800,1.005,5.040,1.000,いいえ,いいえ,いいえ,37,37,いいえ,はい,15388,14039,128,128,34,100.0,いいえ,いいえ,3868,2528,9990,40,40,48,100.0,100.0,いいえ,いいえ,7032,7744,0.0,0.1,0.1,0.000,0.006,1392,1007,0.0,0.0,0.0,0.000,0.000,181182,133153,0.1,0.3,0.4,0.030,2.844,66270,77604,65.2,0.720,37.000,600.0,2400.0,1200.0,100.0,0.0,0.0,0.0,0.0,0.0,0.0,0.0,0.0,125,2,16.0,86,いいえ,いいえ,いいえ,40.0,46.0,49.8,84.0,0.865,12.309,12.318,12.265,12.333,12.318,0,0,10.262,4.464,1.792,0.172,7.703,1.875,0.086,7.799,8.090,8.194,220.000,220.000,210.0,50.6,1185.0,210.0,1290.0,210.0,50.5,1413.1,1.0,4.0,0.0,0.0,10.1,0.4,0.5,0.0,1.2,0.0,0,0,はい,いいえ,いいえ,いいえ,いいえ,はい,いいえ,4.4,5.0,0,0,0,0,0,0,0,0,0,0,0,0,0,0,0,0,0,0,0,0,0,0,0,0,0,0,0,0,0,0,11040,1242,965,109,2.5,2.9,11.0,1.6,1.6,1.6,1.6,1.6,1.6,1.6,1.6,1.6,1.6,348.56,606.33,90.79,86.06,611.59,611.59,4.25,71.13,348.45,0.11,178.70,0,0,0.0,0.0,44286,38861,5.9,196.2,0,
19.7.2026,0:47:44.869,20996,12915,61.9,17041,14822,53.4,1.2,2048,26,1.083,1.080,1.060,1.090,1.090,1.090,1.090,4733.1,4741.4,4716.5,4741.4,4741.4,4716.5,4741.4,99.8,4666.0,4680.2,4664.2,4663.9,4664.7,4664.2,4664.7,4665.0,4665.0,4665.1,4665.1,4665.1,4664.8,4666.0,100.0,100.0,100.0,100.0,100.0,100.0,100.0,100.0,100.0,100.0,100.0,100.0,100.0,100.0,100.0,123.0,123.0,123.0,123.0,123.0,123.0,123.0,123.0,123.0,123.0,123.0,123.0,123.0,123.0,47.4,47.5,47.2,47.5,47.5,47.2,47.5,0.0,100.0,100.0,100.0,100.0,100.0,100.0,100.0,0.0,0.0,0.0,0.0,0.0,0.0,0.0,0.0,0.0,0.0,0.0,0.0,0.0,0.0,2395.7,24.00,40,39,39,77,116,708,1,85.8,85.0,84.9,81.9,77.3,82.8,84.6,84.4,78.8,83.6,65.2,65.2,70.8,63.3,45.2,44.0,47.0,1.063,1.015,1.100,40.714,8.013,40.721,51.000,5.434,64.450,6.687,6.355,6.801,6.778,6.832,6.587,6.769,43.292,8.134,57.403,63.010,1996.4,2395.7,4690.2,4690.2,4713.6,71.6,54.3,34.0,71.6,100.0,いいえ,いいえ,いいえ,9.782,2.658,6.0,39.0,85.8,40.0,85.0,1.120,12.197,3.456,3.312,5.040,1.072,1.016,3.440,3.328,1.808,1.024,1.120,1.040,1.792,1.104,0.768,1.824,0.256,2027,いいえ,57.4,43.0,1.095,1.110,1.815,1.800,1.005,5.040,0.625,いいえ,いいえ,いいえ,42.8,1.095,1.110,1.815,1.800,1.005,5.040,0.875,いいえ,いいえ,いいえ,37,37,いいえ,はい,15388,14039,128,128,34,100.0,いいえ,いいえ,3868,2528,9990,40,40,48,100.0,100.0,いいえ,いいえ,7032,7744,0.0,0.1,0.1,0.000,0.010,1392,1007,0.0,0.0,0.0,0.000,0.000,181182,133153,0.0,0.2,0.2,0.000,0.870,66270,77606,65.2,0.720,40.000,600.0,2400.0,1200.0,100.0,0.0,0.0,0.0,0.0,0.0,0.0,0.0,0.0,125,2,16.0,86,いいえ,いいえ,いいえ,40.0,44.0,49.7,84.0,0.865,12.316,12.325,12.275,12.340,12.324,0,0,10.087,4.674,2.391,0.271,7.819,2.517,0.136,7.958,8.095,8.205,220.000,220.000,210.0,50.6,1185.0,210.0,1290.0,210.1,50.5,1413.1,4.0,6.0,2.0,0.0,10.1,0.7,1.1,0.0,1.7,0.0,0,0,はい,いいえ,いいえ,いいえ,いいえ,はい,いいえ,4.7,5.2,0,0,0,0,0,0,0,0,0,0,0,0,0,0,0,0,0,0,0,0,0,0,0,0,0,0,0,0,0,0,11040,1242,965,109,2.5,2.9,11.0,1.6,1.6,1.6,1.6,1.6,1.6,1.6,1.6,1.6,1.6,348.56,606.33,90.79,86.06,611.59,611.59,4.25,71.13,348.45,0.11,178.70,0,0,0.0,0.0,44286,38861,7.0,189.4,0,
19.7.2026,0:47:46.877,20992,12918,61.9,17047,14815,53.5,1.2,2048,26,1.051,1.035,1.035,1.035,1.045,1.045,1.110,4691.5,4666.6,4691.5,4691.5,4666.6,4666.6,4766.4,99.8,4664.8,4679.6,4663.2,4663.9,4663.8,4663.2,4663.6,4663.7,4663.5,4663.4,4663.5,4662.9,4663.2,4664.8,100.0,100.0,100.0,100.0,100.0,100.0,100.0,100.0,100.0,100.0,100.0,100.0,100.0,100.0,100.0,123.0,123.0,123.0,123.0,123.0,123.0,123.0,123.0,123.0,123.0,123.0,123.0,123.0,123.0,47.0,46.8,47.0,47.0,46.8,46.8,47.8,0.0,100.0,100.0,100.0,100.0,100.0,100.0,100.0,0.0,0.0,0.0,0.0,0.0,0.0,0.0,0.0,0.0,0.0,0.0,0.0,0.0,0.0,2395.7,24.00,40,39,39,77,116,708,1,85.8,85.0,84.0,81.9,77.2,82.8,84.7,84.4,78.8,83.5,65.2,65.2,70.2,63.0,45.2,44.0,47.0,1.063,1.015,1.100,40.709,7.990,40.709,48.500,5.413,64.426,6.680,6.346,6.776,6.789,6.845,6.587,6.738,43.289,8.110,57.352,62.983,1996.4,2395.7,4690.0,4690.0,4713.8,71.6,54.3,32.3,71.6,100.0,いいえ,いいえ,いいえ,10.210,2.832,6.0,39.0,85.8,40.0,85.0,1.104,12.197,3.456,3.328,5.040,1.072,1.016,3.440,3.328,1.808,1.024,1.120,1.040,1.792,1.104,0.768,1.824,0.256,2023,いいえ,57.4,43.2,1.095,1.110,1.815,1.800,1.005,5.040,1.000,いいえ,いいえ,いいえ,42.8,1.095,1.110,1.815,1.800,1.005,5.040,1.000,いいえ,いいえ,いいえ,37,37,いいえ,はい,15388,14039,128,128,34,100.0,いいえ,いいえ,3868,2528,9990,40,40,48,100.0,100.0,いいえ,いいえ,7032,7744,0.0,0.0,0.0,0.000,0.004,1392,1007,0.0,0.0,0.0,0.000,0.000,181182,133153,0.0,0.0,0.0,0.000,0.044,66270,77606,65.3,0.720,47.000,600.0,2400.0,1200.0,100.0,0.0,0.0,0.0,0.0,0.0,0.0,0.0,0.0,125,2,16.0,86,いいえ,いいえ,いいえ,40.0,46.0,49.8,84.0,0.865,12.317,12.327,12.276,12.341,12.325,0,0,10.213,4.579,2.069,0.222,7.807,2.184,0.111,7.922,8.101,8.219,220.000,220.000,210.0,50.6,1185.0,210.0,1290.0,210.0,50.5,1413.4,1.0,5.0,0.0,0.0,10.1,0.7,0.9,0.0,1.7,0.0,0,0,はい,いいえ,いいえ,いいえ,いいえ,はい,いいえ,4.5,5.1,0,0,0,0,0,0,0,0,0,0,0,0,0,0,0,0,0,0,0,0,0,0,0,0,0,0,0,0,0,0,11040,1242,965,109,2.5,2.9,11.0,1.6,1.6,1.6,1.6,1.6,1.6,1.6,1.6,1.6,1.6,348.56,606.33,90.79,86.06,611.59,611.59,4.25,71.13,348.45,0.11,178.70,0,0,0.0,0.0,44286,38861,6.6,141.6,0,
19.7.2026,0:47:48.873,20991,12920,61.9,17048,14815,53.5,1.2,2048,26,1.033,1.035,1.045,1.035,1.035,1.025,1.025,4633.3,4616.7,4641.6,4666.6,4616.7,4616.7,4641.6,99.8,4642.2,4656.9,4640.9,4641.3,4641.4,4640.8,4641.2,4640.6,4641.1,4640.9,4640.1,4640.4,4640.2,4642.2,100.0,100.0,100.0,100.0,100.0,100.0,100.0,100.0,100.0,100.0,100.0,100.0,100.0,100.0,100.0,122.4,122.4,122.4,122.4,122.4,122.4,122.4,122.4,122.4,122.4,122.4,122.4,122.4,122.4,46.4,46.2,46.5,46.8,46.2,46.2,46.5,0.0,100.0,100.0,100.0,100.0,100.0,100.0,100.0,0.0,0.0,0.0,0.0,0.0,0.0,0.0,0.0,0.0,0.0,0.0,0.0,0.0,0.0,2395.7,24.00,40,39,39,77,116,708,1,85.8,85.0,85.4,81.8,77.2,82.7,84.6,84.3,78.8,83.3,65.1,65.1,70.5,63.2,45.1,44.0,47.0,1.050,1.015,1.100,40.580,7.857,40.575,51.500,5.424,63.462,6.613,6.252,6.713,6.738,6.792,6.535,6.649,42.615,7.974,56.556,62.075,1996.4,2395.7,4667.0,4667.0,4689.1,70.5,54.1,34.3,70.5,100.0,いいえ,いいえ,いいえ,8.326,2.686,6.0,39.0,85.8,40.0,85.0,1.056,12.197,3.456,3.312,5.040,1.072,1.016,3.440,3.328,1.808,1.024,1.120,1.040,1.792,1.104,0.768,1.824,0.256,2020,いいえ,57.4,43.0,1.095,1.110,1.815,1.800,1.005,5.040,1.250,いいえ,いいえ,いいえ,42.8,1.095,1.110,1.815,1.800,1.005,5.040,0.625,いいえ,いいえ,いいえ,37,37,いいえ,はい,15388,14039,128,128,34,100.0,いいえ,いいえ,3868,2528,9990,40,40,48,100.0,100.0,いいえ,いいえ,7032,7744,0.0,0.1,0.1,0.000,0.006,1392,1007,0.0,0.0,0.0,0.000,0.000,181182,133153,0.0,0.0,0.0,0.000,0.006,66270,77606,65.3,0.720,42.000,600.0,2400.0,1200.0,100.0,0.0,0.0,0.0,0.0,0.0,0.0,0.0,0.0,125,2,16.0,86,いいえ,いいえ,いいえ,40.0,44.0,49.7,84.0,0.865,12.317,12.326,12.275,12.341,12.325,0,0,10.357,4.684,2.378,0.271,7.844,2.518,0.136,7.997,8.100,8.233,220.000,220.000,210.0,50.6,1185.0,210.0,1290.0,210.0,50.5,1414.0,4.0,6.0,2.0,0.0,10.1,0.7,0.8,0.0,1.8,0.0,0,0,はい,いいえ,いいえ,いいえ,いいえ,はい,いいえ,4.7,5.6,0,0,0,0,0,0,0,0,0,0,0,0,0,0,0,0,0,0,0,0,0,0,0,0,0,0,0,0,0,0,11040,1242,965,109,2.5,2.3,2.3,2.3,2.3,2.3,2.3,0.0,0.0,0.0,0.0,0.0,0.0,437.50,437.50,437.50,437.50,437.50,437.50,5.36,95.63,437.39,0.11,0.00,0,0,0.0,0.0,44286,38862,6.7,164.9,0,
19.7.2026,0:47:50.879,20991,12920,61.9,17050,14813,53.5,1.2,2048,26,1.069,1.060,1.075,1.060,1.090,1.070,1.060,4712.3,4691.5,4716.5,4716.5,4741.4,4691.5,4716.5,99.8,4647.3,4661.2,4644.9,4645.9,4645.9,4645.4,4645.9,4646.2,4646.4,4646.5,4646.7,4646.5,4646.6,4647.3,100.0,100.0,100.0,100.0,100.0,100.0,100.0,100.0,100.0,100.0,100.0,100.0,100.0,100.0,100.0,122.5,122.5,122.5,122.5,122.5,122.5,122.5,122.5,122.5,122.5,122.5,122.5,122.5,122.5,47.2,47.0,47.2,47.2,47.5,47.0,47.2,0.0,100.0,100.0,100.0,100.0,100.0,100.0,100.0,0.0,0.0,0.0,0.0,0.0,0.0,0.0,0.0,0.0,0.0,0.0,0.0,0.0,0.0,2395.7,24.00,40,39,39,77,116,708,1,85.8,85.0,84.9,82.0,77.4,82.6,84.7,84.4,79.1,83.6,65.1,65.1,70.5,63.1,45.2,44.0,47.0,1.053,1.015,1.100,40.790,7.981,40.793,48.000,5.406,64.049,6.693,6.355,6.731,6.801,6.863,6.653,6.753,42.976,8.100,57.022,62.621,1996.4,2395.7,4671.4,4671.4,4695.2,71.2,54.4,32.0,71.2,100.0,いいえ,いいえ,いいえ,9.285,3.512,6.0,39.0,85.8,40.0,85.0,1.104,12.197,3.440,3.328,5.040,1.072,1.016,3.440,3.328,1.808,1.024,1.120,1.040,1.792,1.104,0.768,1.824,0.256,2020,いいえ,57.4,43.0,1.095,1.110,1.815,1.800,1.005,5.040,1.000,いいえ,いいえ,いいえ,42.8,1.095,1.110,1.815,1.800,1.005,5.040,0.625,いいえ,いいえ,いいえ,37,37,いいえ,はい,15388,14039,128,128,34,100.0,いいえ,いいえ,3868,2528,9990,40,40,48,100.0,100.0,いいえ,いいえ,7032,7744,0.0,0.0,0.0,0.000,0.000,1392,1007,0.0,0.0,0.0,0.000,0.000,181182,133153,0.0,0.0,0.0,0.000,0.002,66270,77606,65.3,0.720,38.000,600.0,2400.0,1200.0,100.0,0.0,0.0,0.0,0.0,0.0,0.0,0.0,0.0,125,2,16.0,86,いいえ,いいえ,いいえ,40.0,46.0,49.8,84.0,0.865,12.314,12.323,12.271,12.338,12.322,0,0,9.975,4.636,2.242,0.271,7.817,2.369,0.136,7.955,8.080,8.215,220.000,220.000,210.0,50.6,1185.0,210.0,1290.0,210.0,50.5,1413.4,2.0,6.0,1.0,0.0,10.1,0.6,0.7,0.0,1.6,0.0,0,0,はい,いいえ,いいえ,いいえ,いいえ,はい,いいえ,4.6,4.9,0,0,0,0,0,0,0,0,0,0,0,0,0,0,0,0,0,0,0,0,0,0,0,0,0,0,0,0,0,0,11040,1242,965,109,2.5,2.3,2.3,2.3,2.3,2.3,2.3,0.0,0.0,0.0,0.0,0.0,0.0,437.50,437.50,437.50,437.50,437.50,437.50,5.36,95.63,437.39,0.11,0.00,0,0,0.0,0.0,44286,38862,6.5,138.8,0,
19.7.2026,0:47:52.871,20994,12917,61.9,17057,14806,53.5,1.2,2048,26,1.037,1.010,1.025,1.050,1.025,1.060,1.050,4649.9,4616.7,4641.6,4641.6,4641.6,4666.6,4691.5,99.8,4657.5,4672.5,4655.5,4656.8,4656.3,4656.3,4656.7,4656.7,4656.4,4654.7,4655.9,4655.7,4656.0,4657.5,100.0,100.0,100.0,100.0,100.0,100.0,100.0,100.0,100.0,100.0,100.0,100.0,100.0,100.0,100.0,122.8,122.8,122.7,122.8,122.8,122.8,122.8,122.8,122.8,122.7,122.8,122.8,122.8,122.8,46.6,46.2,46.5,46.5,46.5,46.8,47.0,0.0,100.0,100.0,100.0,100.0,100.0,100.0,100.0,0.0,0.0,0.0,0.0,0.0,0.0,0.0,0.0,0.0,0.0,0.0,0.0,0.0,0.0,2395.7,24.00,40,39,39,77,116,708,1,85.9,85.0,85.8,81.8,77.6,82.6,84.5,84.3,78.7,83.2,65.2,65.2,70.0,63.4,45.2,44.0,47.0,1.059,1.015,1.100,40.568,8.068,40.568,50.000,5.429,64.131,6.663,6.399,6.743,6.789,6.858,6.524,6.662,42.974,8.189,57.136,62.707,1996.4,2395.7,4682.4,4682.4,4705.9,71.3,54.1,33.3,71.3,100.0,いいえ,いいえ,いいえ,9.147,2.927,6.0,39.0,85.8,40.0,85.0,1.088,12.197,3.456,3.328,5.040,1.064,1.016,3.440,3.328,1.808,1.024,1.120,1.032,1.792,1.104,0.768,1.824,0.256,2030,いいえ,57.4,43.2,1.095,1.110,1.815,1.800,1.005,5.040,0.750,いいえ,いいえ,いいえ,42.8,1.095,1.110,1.815,1.800,1.005,5.040,0.750,いいえ,いいえ,いいえ,37,37,いいえ,はい,15388,14039,128,128,34,100.0,いいえ,いいえ,3868,2528,9990,40,40,48,100.0,100.0,いいえ,いいえ,7032,7744,0.0,0.0,0.0,0.000,0.004,1392,1007,0.0,0.0,0.0,0.000,0.000,181182,133153,0.0,0.1,0.1,0.000,0.053,66270,77606,65.2,0.720,42.000,600.0,2400.0,1200.0,100.0,0.0,0.0,0.0,0.0,0.0,0.0,0.0,0.0,125,2,16.0,86,いいえ,いいえ,いいえ,40.0,44.0,49.8,84.0,0.865,12.314,12.323,12.272,12.338,12.322,0,0,10.151,4.642,2.254,0.246,7.793,2.381,0.123,7.928,8.199,8.214,220.000,220.000,210.0,50.6,1185.0,210.0,1290.0,209.9,50.5,1413.1,2.0,5.0,1.0,0.0,10.1,0.6,0.7,0.0,1.7,0.0,0,0,はい,いいえ,いいえ,いいえ,いいえ,はい,いいえ,4.6,5.6,0,0,0,0,0,0,0,0,0,0,0,0,0,0,0,0,0,0,0,0,0,0,0,0,0,0,0,0,0,0,11040,1242,965,109,2.5,10.2,15.7,8.3,8.3,8.3,8.3,1.7,1.7,1.7,1.7,1.7,1.7,98.48,120.57,63.87,63.13,120.60,120.60,2.78,19.19,98.39,0.09,2338.48,0,0,0.0,0.0,44286,38862,6.6,129.9,0,
19.7.2026,0:47:54.879,20991,12920,61.9,17050,14813,53.5,1.2,2048,26,1.051,1.045,1.060,1.060,1.045,1.045,1.050,4666.6,4641.6,4691.5,4666.6,4691.5,4666.6,4641.6,99.8,4666.9,4680.9,4665.5,4665.5,4665.6,4665.0,4665.5,4665.8,4665.9,4665.8,4665.8,4665.7,4665.7,4666.9,100.0,100.0,100.0,100.0,100.0,100.0,100.0,100.0,100.0,100.0,100.0,100.0,100.0,100.0,100.0,123.0,123.0,123.0,123.0,123.0,123.0,123.0,123.0,123.0,123.0,123.0,123.0,123.0,123.0,46.8,46.5,47.0,46.8,47.0,46.8,46.5,0.0,100.0,100.0,100.0,100.0,100.0,100.0,100.0,0.0,0.0,0.0,0.0,0.0,0.0,0.0,0.0,0.0,0.0,0.0,0.0,0.0,0.0,2395.7,24.00,40,39,39,77,116,708,1,85.9,85.0,85.4,81.9,77.6,82.7,84.5,84.3,79.0,83.5,65.3,65.3,70.5,63.2,45.2,44.0,47.0,1.064,1.015,1.100,40.793,7.976,40.791,51.000,5.446,64.516,6.739,6.482,6.839,6.792,6.844,6.664,6.809,43.430,8.096,57.516,63.095,1996.4,2395.7,4691.1,4691.1,4715.5,71.7,54.4,34.0,71.7,100.0,いいえ,いいえ,いいえ,9.220,3.088,6.0,39.0,85.9,40.0,85.0,1.064,12.197,3.456,3.328,5.040,1.072,1.016,3.456,3.328,1.808,1.024,1.120,1.040,1.792,1.104,0.768,1.824,0.256,2033,いいえ,57.4,43.2,1.095,1.110,1.815,1.800,1.005,5.040,0.625,いいえ,いいえ,いいえ,42.8,1.095,1.110,1.815,1.800,1.005,5.040,0.875,いいえ,いいえ,いいえ,37,37,いいえ,はい,15388,14039,128,128,34,100.0,いいえ,いいえ,3868,2528,9990,40,40,48,100.0,100.0,いいえ,いいえ,7032,7744,0.0,0.1,0.1,0.000,0.010,1392,1007,0.0,0.0,0.0,0.000,0.000,181182,133153,0.0,0.1,0.1,0.000,0.061,66270,77606,65.2,0.720,44.000,600.0,2400.0,1200.0,100.0,0.0,0.0,0.0,0.0,0.0,0.0,0.0,0.0,125,2,16.0,86,いいえ,いいえ,いいえ,40.0,46.0,49.8,84.0,0.865,12.312,12.322,12.270,12.336,12.320,0,0,10.089,4.605,2.180,0.246,7.791,2.295,0.123,7.911,8.088,8.209,220.000,220.000,210.0,50.6,1185.0,210.0,1290.0,209.9,50.5,1412.9,2.0,6.0,1.0,0.0,10.1,0.6,0.8,0.0,1.6,0.0,0,0,はい,いいえ,いいえ,いいえ,いいえ,はい,いいえ,4.6,5.0,0,0,0,0,0,0,0,0,0,0,0,0,0,0,0,0,0,0,0,0,0,0,0,0,0,0,0,0,0,0,11040,1242,965,109,2.5,10.2,15.7,8.3,8.3,8.3,8.3,1.7,1.7,1.7,1.7,1.7,1.7,98.48,120.57,63.87,63.13,120.60,120.60,2.78,19.19,98.39,0.09,2338.48,0,0,0.0,0.0,44286,38863,7.1,228.4,0,
19.7.2026,0:47:56.871,20995,12916,61.9,17059,14804,53.5,1.2,2048,26,1.042,1.035,1.050,1.035,1.050,1.035,1.050,4662.4,4641.6,4666.6,4666.6,4666.6,4666.6,4666.6,99.8,4664.9,4679.4,4663.1,4663.5,4663.9,4663.3,4663.8,4663.9,4664.0,4663.2,4663.8,4663.4,4663.2,4664.9,100.0,100.0,100.0,100.0,100.0,100.0,100.0,100.0,100.0,100.0,100.0,100.0,100.0,100.0,100.0,123.0,123.0,122.9,123.0,123.0,123.0,123.0,123.0,123.0,123.0,123.0,123.0,123.0,123.0,46.7,46.5,46.8,46.8,46.8,46.8,46.8,0.0,100.0,100.0,100.0,100.0,100.0,100.0,100.0,0.0,0.0,0.0,0.0,0.0,0.0,0.0,0.0,0.0,0.0,0.0,0.0,0.0,0.0,2395.7,24.00,40,39,39,77,116,708,1,85.8,85.0,85.5,82.0,77.5,82.9,84.6,84.3,79.3,83.5,65.2,65.2,70.5,63.0,45.2,44.0,47.0,1.062,1.015,1.100,40.866,7.963,40.870,50.500,5.432,64.470,6.718,6.397,6.845,6.785,6.813,6.716,6.754,43.430,8.082,57.488,63.040,1996.4,2395.7,4689.1,4689.1,4712.0,71.6,54.5,33.7,71.6,100.0,いいえ,いいえ,いいえ,8.881,2.564,6.0,39.0,85.9,40.0,85.0,1.072,12.197,3.456,3.328,5.040,1.072,1.016,3.440,3.328,1.808,1.024,1.120,1.040,1.792,1.104,0.768,1.824,0.256,2014,いいえ,57.4,43.2,1.095,1.110,1.815,1.800,1.005,5.040,1.000,いいえ,いいえ,いいえ,42.8,1.095,1.110,1.815,1.800,1.005,5.040,0.875,いいえ,いいえ,いいえ,37,37,いいえ,はい,15388,14039,128,128,34,100.0,いいえ,いいえ,3868,2528,9990,40,40,48,100.0,100.0,いいえ,いいえ,7032,7744,0.0,0.0,0.0,0.000,0.002,1392,1007,0.0,0.0,0.0,0.000,0.000,181182,133153,0.0,0.0,0.0,0.000,0.002,66270,77606,65.2,0.720,36.000,600.0,2400.0,1200.0,100.0,0.0,0.0,0.0,0.0,0.0,0.0,0.0,0.0,125,2,16.0,86,いいえ,いいえ,いいえ,40.0,44.0,49.8,84.0,0.865,12.311,12.321,12.267,12.336,12.320,0,0,9.814,4.620,2.231,0.246,7.778,2.356,0.123,7.905,8.114,8.208,220.000,220.000,210.0,50.6,1185.0,210.0,1290.0,209.9,50.5,1413.3,4.0,6.0,2.0,0.0,10.1,0.5,0.7,0.0,1.4,0.0,0,0,はい,いいえ,いいえ,いいえ,いいえ,はい,いいえ,4.6,5.0,0,0,0,0,0,0,0,0,0,0,0,0,0,0,0,0,0,0,0,0,0,0,0,0,0,0,0,0,0,0,11040,1242,965,109,2.5,1.9,1.9,1.9,1.9,1.9,1.9,0.0,0.0,0.0,0.0,0.0,0.0,512.96,512.96,512.96,512.96,512.96,512.96,5.38,76.36,512.86,0.10,0.00,0,0,0.0,0.0,44286,38863,6.1,144.2,0,
19.7.2026,0:47:58.884,21003,12908,61.9,17061,14802,53.5,1.2,2048,26,1.059,1.075,1.025,1.025,1.050,1.105,1.075,4691.5,4716.5,4616.7,4616.7,4716.5,4791.4,4691.5,99.8,4648.5,4663.0,4647.5,4646.9,4646.7,4646.7,4647.4,4647.4,4647.5,4646.6,4647.4,4647.3,4647.8,4648.5,100.0,100.0,100.0,100.0,100.0,100.0,100.0,100.0,100.0,100.0,100.0,100.0,100.0,100.0,100.0,122.5,122.5,122.5,122.5,122.5,122.5,122.5,122.5,122.5,122.5,122.5,122.5,122.5,122.5,47.0,47.2,46.2,46.2,47.2,48.0,47.0,0.0,100.0,100.0,100.0,100.0,100.0,100.0,100.0,0.0,0.0,0.0,0.0,0.0,0.0,0.0,0.0,0.0,0.0,0.0,0.0,0.0,0.0,2395.7,24.00,40,39,39,77,116,708,1,85.8,85.0,85.4,81.8,77.3,82.6,84.5,84.2,78.8,83.4,65.1,65.1,69.8,63.1,45.3,44.0,47.0,1.054,1.015,1.100,40.764,8.051,40.762,50.000,5.414,63.993,6.652,6.321,6.719,6.750,6.818,6.569,6.738,42.969,8.172,57.096,62.613,1996.4,2395.7,4673.5,4673.5,4696.5,71.2,54.3,33.3,71.2,100.0,いいえ,いいえ,いいえ,8.373,2.558,6.0,39.0,85.8,40.0,85.0,1.072,12.197,3.440,3.328,5.040,1.072,1.016,3.440,3.328,1.808,1.024,1.120,1.040,1.792,1.104,0.768,1.824,0.256,2017,いいえ,57.4,43.2,1.110,1.110,1.815,1.800,1.005,5.040,0.875,いいえ,いいえ,いいえ,42.8,1.110,1.110,1.815,1.800,1.005,5.040,0.750,いいえ,いいえ,いいえ,37,37,いいえ,はい,15388,14039,128,128,34,100.0,いいえ,いいえ,3868,2528,9990,40,40,48,100.0,100.0,いいえ,いいえ,7032,7744,0.0,0.1,0.1,0.000,0.008,1392,1007,0.0,0.0,0.0,0.000,0.000,181182,133153,0.0,0.1,0.1,0.000,0.091,66270,77606,65.2,0.720,37.000,600.0,2400.0,1200.0,100.0,0.0,0.0,0.0,0.0,0.0,0.0,0.0,0.0,125,2,16.0,86,いいえ,いいえ,いいえ,40.0,46.0,49.8,84.0,0.865,12.314,12.324,12.271,12.339,12.323,0,0,9.904,4.611,2.207,0.222,7.804,2.320,0.111,7.932,8.083,8.211,220.000,220.000,210.0,50.6,1185.0,210.0,1290.0,210.0,50.5,1413.4,2.0,5.0,1.0,0.0,10.1,0.5,0.6,0.0,1.3,0.0,0,0,はい,いいえ,いいえ,いいえ,いいえ,はい,いいえ,4.6,5.1,0,0,0,0,0,0,0,0,0,0,0,0,0,0,0,0,0,0,0,0,0,0,0,0,0,0,0,0,0,0,11040,1242,965,109,2.5,2.5,14.8,1.5,1.5,1.5,1.5,1.7,1.7,1.7,1.7,1.7,1.7,404.78,652.55,67.68,59.74,655.67,655.67,4.06,50.89,404.68,0.11,415.07,0,0,0.0,0.0,44286,38863,6.0,110.6,0,
19.7.2026,0:48:0.878,20994,12917,61.9,17062,14801,53.5,1.2,2048,26,1.070,1.025,1.050,1.060,1.060,1.090,1.135,4704.0,4616.7,4691.5,4691.5,4691.5,4716.5,4816.3,99.8,4657.1,4671.4,4655.2,4656.1,4655.5,4655.5,4656.1,4655.7,4656.2,4656.1,4656.0,4655.3,4655.5,4657.1,100.0,100.0,100.0,100.0,100.0,100.0,100.0,100.0,100.0,100.0,100.0,100.0,100.0,100.0,100.0,122.8,122.7,122.7,122.8,122.7,122.8,122.8,122.7,122.8,122.8,122.8,122.7,122.7,122.8,47.1,46.2,47.0,47.0,47.0,47.2,48.2,0.0,100.0,100.0,100.0,100.0,100.0,100.0,100.0,0.0,0.0,0.0,0.0,0.0,0.0,0.0,0.0,0.0,0.0,0.0,0.0,0.0,0.0,2395.7,24.00,40,39,39,77,116,708,1,85.8,85.0,85.4,82.0,77.2,82.7,84.7,84.4,79.1,83.6,65.3,65.3,69.5,63.2,45.3,44.0,47.0,1.059,1.015,1.100,41.101,8.136,41.100,50.000,5.422,64.786,6.763,6.368,6.854,6.878,6.913,6.738,6.828,43.543,8.258,57.766,63.322,1996.4,2395.7,4681.5,4681.5,4706.3,72.0,54.8,33.3,72.0,100.0,いいえ,いいえ,いいえ,8.927,2.800,6.0,39.0,85.8,40.0,85.0,1.064,12.197,3.440,3.328,5.040,1.072,1.016,3.440,3.328,1.808,1.024,1.120,1.040,1.792,1.104,0.768,1.824,0.256,2030,いいえ,57.4,43.2,1.110,1.110,1.815,1.800,1.005,5.040,1.125,いいえ,いいえ,いいえ,42.8,1.110,1.110,1.815,1.800,1.005,5.040,0.875,いいえ,いいえ,いいえ,37,37,いいえ,はい,15388,14039,128,128,34,100.0,いいえ,いいえ,3868,2528,9990,40,40,48,100.0,100.0,いいえ,いいえ,7032,7744,0.0,0.0,0.0,0.000,0.002,1392,1007,0.0,0.0,0.0,0.000,0.000,181182,133153,0.0,0.1,0.1,0.000,0.036,66270,77606,65.2,0.720,44.000,600.0,2400.0,1200.0,100.0,0.0,0.0,0.0,0.0,0.0,0.0,0.0,0.0,125,2,16.0,86,いいえ,いいえ,いいえ,40.0,44.0,49.8,84.0,0.865,12.315,12.322,12.273,12.339,12.323,0,0,10.422,4.645,2.235,0.246,7.806,2.357,0.123,7.941,8.279,8.172,220.000,220.000,210.0,50.6,1185.0,210.0,1290.0,210.0,50.5,1413.1,3.0,6.0,2.0,0.0,10.1,0.7,1.1,0.0,1.9,0.0,0,0,はい,いいえ,いいえ,いいえ,いいえ,はい,いいえ,4.6,5.4,0,0,0,0,0,0,0,0,0,0,0,0,0,0,0,0,0,0,0,0,0,0,0,0,0,0,0,0,0,0,11040,1242,965,109,2.5,1.7,14.4,0.8,0.8,0.8,0.8,0.8,0.8,0.8,0.8,0.8,0.8,583.25,1259.11,69.48,63.21,1276.42,1276.42,4.60,50.93,583.16,0.10,1238.06,0,0,0.0,0.0,44286,38864,6.9,181.2,0,
19.7.2026,0:48:2.871,20995,12916,61.9,17067,14796,53.5,1.2,2048,26,1.033,1.025,1.035,1.035,1.035,1.035,1.035,4637.5,4641.6,4641.6,4641.6,4641.6,4616.7,4641.6,99.8,4637.7,4652.7,4636.9,4637.0,4636.2,4636.1,4636.7,4636.5,4636.9,4635.1,4635.8,4636.0,4636.0,4637.7,100.0,100.0,100.0,100.0,100.0,100.0,100.0,100.0,100.0,100.0,100.0,100.0,100.0,100.0,100.0,122.3,122.2,122.3,122.3,122.2,122.3,122.3,122.3,122.3,122.2,122.2,122.3,122.3,122.3,46.5,46.5,46.5,46.5,46.5,46.2,46.5,0.0,100.0,100.0,100.0,100.0,100.0,100.0,100.0,0.0,0.0,0.0,0.0,0.0,0.0,0.0,0.0,0.0,0.0,0.0,0.0,0.0,0.0,2395.7,24.00,40,39,39,77,116,708,1,85.8,85.0,83.0,82.0,77.7,82.6,84.7,84.4,79.1,83.6,65.2,65.2,69.8,63.0,45.4,44.0,47.0,1.048,1.015,1.100,41.431,8.077,41.429,51.000,5.459,64.489,6.787,6.556,6.839,6.905,6.911,6.701,6.809,43.455,8.198,57.658,63.093,1996.4,2395.7,4662.3,4662.3,4685.8,71.7,55.2,34.0,71.7,100.0,いいえ,いいえ,いいえ,7.032,2.268,6.0,39.0,85.8,40.0,85.0,1.088,12.144,3.440,3.328,5.040,1.072,1.016,3.440,3.328,1.808,1.024,1.120,1.040,1.792,1.104,0.768,1.824,0.256,2014,いいえ,57.4,43.2,1.110,1.110,1.800,1.800,1.005,5.040,1.000,いいえ,いいえ,いいえ,42.8,1.110,1.110,1.815,1.800,1.005,5.040,1.000,いいえ,いいえ,いいえ,37,37,いいえ,はい,15388,14039,128,128,34,100.0,いいえ,いいえ,3868,2528,9990,40,40,48,100.0,100.0,いいえ,いいえ,7032,7744,0.0,0.0,0.0,0.000,0.004,1392,1007,0.0,0.0,0.0,0.000,0.000,181182,133153,0.0,0.0,0.0,0.000,0.004,66270,77606,65.2,0.720,37.000,600.0,2400.0,1200.0,100.0,0.0,0.0,0.0,0.0,0.0,0.0,0.0,0.0,125,2,16.0,86,いいえ,いいえ,いいえ,40.0,42.0,49.8,84.0,0.865,12.307,12.315,12.265,12.333,12.316,0,0,10.219,4.721,2.442,0.271,7.800,2.578,0.135,7.950,8.078,8.517,220.000,220.000,210.0,50.6,1185.0,210.0,1290.0,210.1,50.5,1412.8,3.0,6.0,2.0,0.0,10.1,0.6,0.9,0.0,1.7,0.0,0,0,はい,いいえ,いいえ,いいえ,いいえ,はい,いいえ,4.7,5.0,0,0,0,0,0,0,0,0,0,0,0,0,0,0,0,0,0,0,0,0,0,0,0,0,0,0,0,0,0,0,11040,1242,965,109,2.5,8.5,8.7,8.4,8.4,8.4,8.4,0.0,0.0,0.0,0.0,0.0,0.0,117.53,119.53,115.53,115.49,119.57,119.57,1.75,31.78,117.43,0.10,0.00,0,0,0.0,0.0,44286,38864,5.9,111.6,0,
19.7.2026,0:48:4.880,20996,12915,61.9,17066,14797,53.5,1.2,2048,26,1.049,1.025,1.060,1.060,1.045,1.045,1.060,4679.1,4616.7,4691.5,4716.5,4641.6,4691.5,4716.5,99.8,4658.7,4672.8,4657.4,4657.4,4657.4,4656.9,4657.4,4657.5,4657.5,4657.5,4657.6,4657.4,4657.5,4658.7,100.0,100.0,100.0,100.0,100.0,100.0,100.0,100.0,100.0,100.0,100.0,100.0,100.0,100.0,100.0,122.8,122.8,122.8,122.8,122.8,122.8,122.8,122.8,122.8,122.8,122.8,122.8,122.8,122.8,46.9,46.2,47.0,47.2,46.5,47.0,47.2,0.0,100.0,100.0,100.0,100.0,100.0,100.0,100.0,0.0,0.0,0.0,0.0,0.0,0.0,0.0,0.0,0.0,0.0,0.0,0.0,0.0,0.0,2395.7,24.00,40,39,39,77,116,708,1,85.8,85.0,85.9,81.9,77.5,82.6,84.6,84.3,78.8,83.6,65.3,65.3,70.0,63.1,45.4,44.0,47.0,1.059,1.015,1.100,40.922,8.019,40.926,51.500,5.458,64.486,6.744,6.459,6.833,6.835,6.870,6.632,6.832,43.349,8.140,57.493,63.030,1996.4,2395.7,4682.4,4682.4,4706.0,71.6,54.6,34.3,71.6,100.0,いいえ,いいえ,いいえ,8.771,2.320,6.0,39.0,85.8,40.0,85.0,1.056,12.197,3.456,3.328,5.040,1.064,1.016,3.440,3.328,1.808,1.024,1.120,1.040,1.792,1.104,0.768,1.824,0.256,2023,いいえ,57.4,43.2,1.110,1.110,1.800,1.800,1.005,5.040,0.750,いいえ,いいえ,いいえ,42.8,1.110,1.110,1.800,1.800,1.005,5.040,0.750,いいえ,いいえ,いいえ,37,37,いいえ,はい,15388,14039,128,128,34,100.0,いいえ,いいえ,3868,2528,9990,40,40,48,100.0,100.0,いいえ,いいえ,7032,7744,0.0,0.1,0.1,0.000,0.008,1392,1007,0.0,0.0,0.0,0.000,0.000,181182,133153,0.0,0.0,0.0,0.000,0.042,66270,77607,65.2,0.720,44.000,600.0,2400.0,1200.0,100.0,0.0,0.0,0.0,0.0,0.0,0.0,0.0,0.0,125,2,16.0,86,いいえ,いいえ,いいえ,40.0,44.0,49.8,84.0,0.865,12.319,12.326,12.277,12.344,12.328,0,0,10.150,4.624,1.959,0.222,7.833,2.074,0.111,7.962,8.659,8.170,220.000,220.000,210.0,50.6,1185.0,210.0,1290.0,210.0,50.5,1412.4,1.0,6.0,0.0,0.0,10.1,0.4,0.7,0.0,1.1,0.0,0,0,はい,いいえ,いいえ,いいえ,いいえ,はい,いいえ,4.5,5.4,0,0,0,0,0,0,0,0,0,0,0,0,0,0,0,0,0,0,0,0,0,0,0,0,0,0,0,0,0,0,11040,1242,965,109,2.5,11.0,16.0,8.4,8.4,8.4,8.4,0.0,0.0,0.0,0.0,0.0,0.0,90.61,118.57,62.66,62.15,119.14,119.14,0.58,0.01,90.52,0.10,0.00,0,0,0.0,0.0,44286,38864,5.9,104.2,0,
19.7.2026,0:48:6.879,20997,12914,61.9,17068,14795,53.5,1.2,2048,26,1.043,1.050,1.050,1.035,1.050,1.035,1.035,4654.1,4641.6,4666.6,4641.6,4666.6,4641.6,4666.6,99.8,4649.4,4663.9,4647.9,4648.1,4648.4,4647.7,4648.2,4648.3,4648.3,4648.2,4647.9,4647.7,4647.8,4649.4,100.0,100.0,100.0,100.0,100.0,100.0,100.0,100.0,100.0,100.0,100.0,100.0,100.0,100.0,100.0,122.6,122.5,122.5,122.6,122.6,122.6,122.6,122.6,122.6,122.6,122.6,122.6,122.6,122.6,46.6,46.5,46.8,46.5,46.8,46.5,46.8,0.0,100.0,100.0,100.0,100.0,100.0,100.0,100.0,0.0,0.0,0.0,0.0,0.0,0.0,0.0,0.0,0.0,0.0,0.0,0.0,0.0,0.0,2395.7,24.00,40,39,39,77,116,708,1,85.8,85.0,84.9,81.7,77.0,82.3,84.6,84.3,78.5,83.1,65.2,65.2,69.8,63.1,45.4,44.0,47.0,1.053,1.015,1.100,40.877,7.961,40.875,50.000,5.454,64.059,6.699,6.351,6.739,6.935,6.986,6.534,6.646,43.073,8.081,57.153,62.649,1996.4,2395.7,4673.4,4673.4,4696.5,71.2,54.5,33.3,71.2,100.0,いいえ,いいえ,いいえ,8.215,2.135,6.0,39.0,85.8,40.0,85.0,1.064,12.144,3.440,3.328,5.040,1.072,1.016,3.440,3.328,1.808,1.024,1.120,1.040,1.808,1.104,0.768,1.824,0.256,2027,いいえ,57.4,43.2,1.110,1.110,1.800,1.800,1.005,5.040,0.625,いいえ,いいえ,いいえ,42.8,1.110,1.110,1.800,1.800,1.005,5.040,0.875,いいえ,いいえ,いいえ,37,37,いいえ,はい,15388,14039,128,128,34,100.0,いいえ,いいえ,3868,2528,9990,40,40,48,100.0,100.0,いいえ,いいえ,7032,7744,0.0,0.0,0.0,0.000,0.004,1392,1007,0.0,0.0,0.0,0.000,0.000,181182,133153,0.0,0.1,0.1,0.000,0.083,66270,77607,65.2,0.720,42.000,600.0,2400.0,1200.0,100.0,0.0,0.0,0.0,0.0,0.0,0.0,0.0,0.0,125,2,16.0,86,いいえ,いいえ,いいえ,40.0,44.0,49.9,84.0,0.865,12.313,12.320,12.271,12.338,12.322,0,0,10.123,4.871,2.387,0.246,7.853,2.517,0.123,7.990,9.679,8.170,220.000,220.000,210.0,50.6,1185.0,210.0,1290.0,209.9,50.5,1413.8,2.0,6.0,1.0,0.0,10.1,0.4,0.5,0.0,1.1,0.0,0,0,はい,いいえ,いいえ,いいえ,いいえ,はい,いいえ,4.7,5.1,0,0,0,0,0,0,0,0,0,0,0,0,0,0,0,0,0,0,0,0,0,0,0,0,0,0,0,0,0,0,11040,1242,965,109,2.5,11.0,15.9,8.4,8.4,8.4,8.4,0.0,0.0,0.0,0.0,0.0,0.0,90.72,118.55,62.88,62.37,119.12,119.12,2.19,0.01,90.62,0.10,0.00,0,0,0.0,0.0,44286,38864,5.8,110.2,0,
19.7.2026,0:48:8.873,20999,12912,61.9,17073,14790,53.5,1.2,2048,26,1.035,1.050,1.035,1.040,1.025,1.025,1.035,4629.2,4666.6,4641.6,4641.6,4591.7,4616.7,4616.7,99.8,4649.8,4664.3,4648.4,4648.7,4648.6,4648.3,4648.6,4648.2,4648.5,4648.5,4648.7,4648.5,4648.5,4649.8,100.0,100.0,100.0,100.0,100.0,100.0,100.0,100.0,100.0,100.0,100.0,100.0,100.0,100.0,100.0,122.6,122.6,122.6,122.6,122.6,122.6,122.6,122.6,122.6,122.6,122.6,122.6,122.6,122.6,46.4,46.8,46.5,46.5,46.0,46.2,46.2,0.0,100.0,100.0,100.0,100.0,100.0,100.0,100.0,0.0,0.0,0.0,0.0,0.0,0.0,0.0,0.0,0.0,0.0,0.0,0.0,0.0,0.0,2395.7,24.00,40,39,39,77,116,708,1,85.8,85.0,84.9,81.9,77.5,82.8,84.5,84.2,78.9,83.5,65.2,65.2,70.0,63.1,45.3,44.0,47.0,1.054,1.015,1.100,41.070,7.928,41.073,49.000,5.444,64.248,6.770,6.478,6.913,6.839,6.854,6.706,6.828,43.325,8.047,57.361,62.832,1996.4,2395.7,4673.6,4673.6,4697.0,71.4,54.8,32.7,71.4,100.0,いいえ,いいえ,いいえ,7.806,1.976,6.0,39.0,85.8,40.0,85.0,1.072,12.144,3.440,3.328,5.016,1.064,1.016,3.440,3.328,1.808,1.024,1.120,1.032,1.792,1.104,0.768,1.824,0.256,2027,いいえ,57.4,43.2,1.110,1.110,1.800,1.800,1.005,5.040,0.750,いいえ,いいえ,いいえ,42.8,1.110,1.110,1.800,1.800,1.005,5.040,0.625,いいえ,いいえ,いいえ,37,37,いいえ,はい,15388,14039,128,128,34,100.0,いいえ,いいえ,3868,2528,9990,40,40,48,100.0,100.0,いいえ,いいえ,7032,7744,0.0,0.0,0.0,0.000,0.002,1392,1007,0.0,0.0,0.0,0.000,0.000,181182,133153,0.0,0.1,0.1,0.000,0.046,66270,77607,65.2,0.720,38.000,600.0,2400.0,1200.0,100.0,0.0,0.0,0.0,0.0,0.0,0.0,0.0,0.0,125,2,16.0,86,いいえ,いいえ,いいえ,40.0,44.0,49.8,84.0,0.865,12.312,12.320,12.271,12.337,12.321,0,0,10.182,4.591,2.085,0.246,7.841,2.208,0.123,7.973,8.066,8.186,220.000,220.000,210.0,50.6,1185.0,210.0,1290.0,210.0,50.5,1412.3,4.0,6.0,2.0,0.0,10.1,0.6,0.8,0.0,1.6,0.0,0,0,はい,いいえ,いいえ,いいえ,いいえ,はい,いいえ,4.6,4.9,0,0,0,0,0,0,0,0,0,0,0,0,0,0,0,0,0,0,0,0,0,0,0,0,0,0,0,0,0,0,11040,1242,965,109,2.5,1.7,1.7,1.7,1.7,1.7,1.7,1.7,1.7,1.7,1.7,1.7,1.7,575.99,575.99,575.99,575.99,575.99,575.99,5.36,137.63,575.88,0.11,186.83,0,0,0.0,0.0,44286,38865,6.8,287.9,0,
19.7.2026,0:48:10.880,21003,12908,61.9,17074,14789,53.5,1.2,2048,26,1.081,1.080,1.075,1.075,1.075,1.090,1.090,4729.0,4716.5,4741.4,4716.5,4691.5,4766.4,4741.4,99.8,4670.0,4683.6,4668.0,4668.3,4668.3,4668.0,4668.5,4668.9,4669.1,4669.1,4669.3,4669.2,4669.3,4670.0,100.0,100.0,100.0,100.0,100.0,100.0,100.0,100.0,100.0,100.0,100.0,100.0,100.0,100.0,100.0,123.1,123.1,123.1,123.1,123.1,123.1,123.1,123.1,123.1,123.1,123.1,123.1,123.1,123.1,47.4,47.2,47.5,47.2,47.0,47.8,47.5,0.0,100.0,100.0,100.0,100.0,100.0,100.0,100.0,0.0,0.0,0.0,0.0,0.0,0.0,0.0,0.0,0.0,0.0,0.0,0.0,0.0,0.0,2395.7,24.00,40,39,39,77,116,708,1,85.9,85.0,84.0,81.8,77.0,82.3,84.4,84.3,79.1,83.6,65.5,65.5,70.5,63.2,45.5,44.0,47.0,1.066,1.015,1.100,40.757,8.043,40.759,50.500,5.454,64.628,6.768,6.449,6.860,6.869,6.895,6.697,6.839,43.478,8.164,57.641,63.205,1996.4,2395.7,4693.7,4693.7,4718.0,71.8,54.3,33.7,71.8,100.0,いいえ,いいえ,いいえ,9.459,2.170,6.0,39.0,85.8,40.0,85.0,1.072,12.197,3.440,3.328,5.040,1.072,1.016,3.440,3.328,1.808,1.024,1.120,1.032,1.792,1.104,0.768,1.824,0.256,2020,いいえ,57.4,43.2,1.110,1.110,1.800,1.800,1.005,5.040,0.750,いいえ,いいえ,いいえ,42.8,1.110,1.110,1.800,1.800,1.005,5.040,1.000,いいえ,いいえ,いいえ,37,37,いいえ,はい,15388,14039,128,128,34,100.0,いいえ,いいえ,3868,2528,9990,40,40,49,100.0,100.0,いいえ,いいえ,7032,7744,0.0,0.0,0.0,0.000,0.004,1392,1007,0.0,0.0,0.0,0.000,0.000,181182,133153,2.9,0.0,2.9,2.297,0.034,66274,77607,65.2,0.720,38.000,600.0,2400.0,1200.0,100.0,0.0,0.0,0.0,0.0,0.0,0.0,0.0,0.0,125,2,16.0,86,いいえ,いいえ,いいえ,40.0,44.0,49.9,84.0,0.865,12.317,12.324,12.276,12.342,12.325,0,0,10.546,4.695,2.417,0.271,7.856,2.555,0.136,8.001,8.069,8.256,220.000,220.000,210.0,50.6,1185.0,210.0,1290.0,210.1,50.5,1413.1,2.0,6.0,1.0,0.0,10.1,0.7,1.0,0.0,2.0,0.0,0,0,はい,いいえ,いいえ,いいえ,いいえ,はい,いいえ,4.7,4.9,0,0,0,0,0,0,0,0,0,0,0,0,0,0,0,0,0,0,0,0,0,0,0,0,0,0,0,0,0,0,11040,1242,965,109,2.5,0.6,0.6,0.6,0.6,0.6,0.6,0.0,0.0,0.0,0.0,0.0,0.0,1684.86,1684.86,1684.86,1684.86,1684.86,1684.86,6.01,78.26,1684.78,0.08,0.00,0,0,0.0,0.0,44286,38865,6.8,163.2,0,
19.7.2026,0:48:12.870,21002,12909,61.9,17070,14793,53.5,1.2,2048,26,1.044,1.080,1.045,1.025,1.015,1.050,1.050,4654.1,4716.5,4641.6,4591.7,4591.7,4691.5,4691.5,99.8,4663.6,4678.5,4662.6,4662.9,4662.6,4662.0,4662.5,4662.1,4662.2,4662.2,4661.6,4661.8,4661.8,4663.6,100.0,100.0,100.0,100.0,100.0,100.0,100.0,100.0,100.0,100.0,100.0,100.0,100.0,100.0,100.0,122.9,122.9,122.9,122.9,122.9,122.9,122.9,122.9,122.9,122.9,122.9,122.9,122.9,122.9,46.6,47.2,46.5,46.0,46.0,47.0,47.0,0.0,100.0,100.0,100.0,100.0,100.0,100.0,100.0,0.0,0.0,0.0,0.0,0.0,0.0,0.0,0.0,0.0,0.0,0.0,0.0,0.0,0.0,2395.7,24.00,40,39,39,77,116,708,1,85.9,85.0,85.2,81.7,77.2,82.4,84.5,84.3,78.4,83.5,65.4,65.4,70.2,63.1,45.4,44.0,47.0,1.062,1.015,1.100,40.986,8.028,40.980,52.000,5.447,64.627,6.750,6.350,6.796,6.866,6.931,6.744,6.816,43.539,8.149,57.679,63.219,1996.4,2395.7,4688.2,4688.2,4712.2,71.8,54.6,34.7,71.8,100.0,いいえ,いいえ,いいえ,8.940,2.330,6.0,39.0,85.8,40.0,85.0,1.144,12.197,3.440,3.328,5.040,1.072,1.016,3.440,3.328,1.808,1.024,1.120,1.032,1.792,1.104,0.768,1.824,0.256,2014,いいえ,57.4,43.2,1.110,1.110,1.800,1.800,1.005,5.040,0.875,いいえ,いいえ,いいえ,42.8,1.110,1.110,1.800,1.800,1.005,5.040,1.000,いいえ,いいえ,いいえ,37,37,いいえ,はい,15388,14039,128,128,34,100.0,いいえ,いいえ,3868,2528,9990,38,40,48,100.0,100.0,いいえ,いいえ,7032,7744,0.0,0.0,0.0,0.000,0.004,1392,1007,0.0,0.0,0.0,0.000,0.000,181182,133153,0.2,0.1,0.3,0.121,1.044,66274,77609,65.2,0.720,39.000,600.0,2400.0,1200.0,100.0,0.0,0.0,0.0,0.0,0.0,0.0,0.0,0.0,125,2,16.0,86,いいえ,いいえ,いいえ,40.0,44.0,49.9,84.0,0.865,12.313,12.320,12.271,12.338,12.322,0,0,10.240,4.596,2.136,0.246,7.817,2.258,0.123,7.941,8.069,8.181,220.000,220.000,210.0,50.6,1185.0,210.0,1290.0,210.0,50.5,1413.1,4.0,6.0,2.0,0.0,10.1,0.5,0.7,0.0,1.4,0.0,0,0,はい,いいえ,いいえ,いいえ,いいえ,はい,いいえ,4.6,5.2,0,0,0,0,0,0,0,0,0,0,0,0,0,0,0,0,0,0,0,0,0,0,0,0,0,0,0,0,0,0,11040,1242,965,108,2.5,0.6,0.6,0.6,0.6,0.6,0.6,0.0,0.0,0.0,0.0,0.0,0.0,1684.86,1684.86,1684.86,1684.86,1684.86,1684.86,6.01,78.26,1684.78,0.08,0.00,0,0,0.0,0.0,44286,38865,7.0,154.8,0,
19.7.2026,0:48:14.883,21002,12909,61.9,17075,14788,53.5,1.2,2048,26,1.066,1.010,1.090,1.075,1.075,1.060,1.085,4720.7,4641.6,4716.5,4716.5,4766.4,4716.5,4766.4,99.8,4656.9,4670.7,4654.8,4654.5,4655.5,4655.1,4655.7,4655.8,4656.4,4656.3,4656.2,4656.1,4656.2,4656.9,100.0,100.0,100.0,100.0,100.0,100.0,100.0,100.0,100.0,100.0,100.0,100.0,100.0,100.0,100.0,122.7,122.7,122.7,122.7,122.7,122.7,122.7,122.7,122.7,122.7,122.7,122.7,122.7,122.7,47.3,46.5,47.2,47.2,47.8,47.2,47.8,0.0,100.0,100.0,100.0,100.0,100.0,100.0,100.0,0.0,0.0,0.0,0.0,0.0,0.0,0.0,0.0,0.0,0.0,0.0,0.0,0.0,0.0,2395.7,24.00,40,39,39,77,116,708,1,85.8,85.0,84.0,82.0,77.7,82.7,84.6,84.3,79.1,83.6,65.4,65.4,69.0,62.9,45.4,44.0,47.0,1.058,1.015,1.100,41.163,7.959,41.164,50.500,5.402,64.500,6.762,6.482,6.861,6.814,6.909,6.675,6.829,43.575,8.078,57.595,63.075,1996.4,2395.7,4680.1,4680.1,4703.8,71.7,54.9,33.7,71.7,100.0,いいえ,いいえ,いいえ,8.024,2.013,6.0,39.0,85.9,40.0,85.0,1.064,12.197,3.440,3.328,5.040,1.072,1.016,3.440,3.328,1.808,1.024,1.120,1.040,1.792,1.104,0.768,1.824,0.256,2027,いいえ,57.4,43.2,1.110,1.110,1.800,1.800,1.005,5.040,0.625,いいえ,いいえ,いいえ,42.8,1.110,1.110,1.815,1.800,1.005,5.040,0.500,いいえ,いいえ,いいえ,37,37,いいえ,はい,15388,14039,128,128,34,100.0,いいえ,いいえ,3868,2528,9990,38,40,48,100.0,100.0,いいえ,いいえ,7032,7744,0.0,0.1,0.1,0.000,0.010,1392,1007,0.0,0.0,0.0,0.000,0.000,181182,133153,0.0,0.1,0.1,0.000,0.064,66274,77609,65.2,0.720,42.000,600.0,2400.0,1200.0,100.0,0.0,0.0,0.0,0.0,0.0,0.0,0.0,0.0,125,2,16.0,86,いいえ,いいえ,いいえ,40.0,46.0,49.9,84.0,0.865,12.314,12.322,12.273,12.339,12.323,0,0,10.325,4.634,2.265,0.246,7.830,2.394,0.123,7.970,8.063,8.181,220.000,220.000,210.0,50.6,1185.0,210.0,1290.0,210.0,50.5,1413.5,1.0,5.0,0.0,0.0,10.1,0.6,0.9,0.0,1.7,0.0,0,0,はい,いいえ,いいえ,いいえ,いいえ,はい,いいえ,4.7,4.9,0,0,0,0,0,0,0,0,0,0,0,0,0,0,0,0,0,0,0,0,0,0,0,0,0,0,0,0,0,0,11040,1242,965,108,2.5,8.4,8.4,8.4,8.4,8.4,8.4,0.0,0.0,0.0,0.0,0.0,0.0,118.65,118.65,118.65,118.65,118.65,118.65,0.57,0.01,118.56,0.09,0.00,0,0,0.0,0.0,44286,38866,6.8,147.5,0,
19.7.2026,0:48:16.880,21001,12910,61.9,17078,14785,53.5,1.2,2048,26,1.052,1.060,1.035,1.010,1.090,1.040,1.075,4683.2,4666.6,4591.7,4691.5,4741.4,4666.6,4741.4,99.8,4669.2,4684.0,4668.4,4667.8,4667.9,4667.7,4667.5,4668.1,4668.1,4667.6,4667.8,4667.9,4667.9,4669.2,100.0,100.0,100.0,100.0,100.0,100.0,100.0,100.0,100.0,100.0,100.0,100.0,100.0,100.0,100.0,123.1,123.1,123.1,123.1,123.1,123.1,123.1,123.1,123.1,123.1,123.1,123.1,123.1,123.1,46.9,46.8,46.0,47.0,47.5,46.8,47.5,0.0,100.0,100.0,100.0,100.0,100.0,100.0,100.0,0.0,0.0,0.0,0.0,0.0,0.0,0.0,0.0,0.0,0.0,0.0,0.0,0.0,0.0,2395.7,24.00,40,39,39,77,116,708,1,85.9,85.0,84.0,82.0,77.5,82.7,84.6,84.3,79.0,83.7,65.5,65.5,70.2,63.3,45.4,44.0,47.0,1.066,1.015,1.100,40.938,8.223,40.939,53.500,5.419,64.996,6.714,6.416,6.782,6.767,6.837,6.664,6.816,43.647,8.346,57.954,63.536,1996.4,2395.7,4694.1,4694.1,4717.9,72.2,54.6,35.7,72.2,100.0,いいえ,いいえ,いいえ,9.509,2.440,6.0,39.0,85.8,40.0,85.0,1.072,12.197,3.440,3.328,5.040,1.072,1.016,3.440,3.328,1.808,1.024,1.120,1.040,1.792,1.104,0.768,1.824,0.256,2008,いいえ,57.4,43.2,1.110,1.110,1.800,1.800,1.005,5.040,0.750,いいえ,いいえ,いいえ,42.8,1.110,1.110,1.800,1.800,1.005,5.040,1.500,いいえ,いいえ,いいえ,37,37,いいえ,はい,15388,14039,128,128,34,100.0,いいえ,いいえ,3868,2528,9990,38,40,48,100.0,100.0,いいえ,いいえ,7032,7744,0.0,0.0,0.0,0.000,0.004,1392,1007,0.0,0.0,0.0,0.000,0.000,181182,133153,0.0,0.0,0.0,0.000,0.020,66274,77609,65.2,0.720,36.000,600.0,2400.0,1200.0,100.0,0.0,0.0,0.0,0.0,0.0,0.0,0.0,0.0,125,2,16.0,86,いいえ,いいえ,いいえ,40.0,44.0,49.8,84.0,0.865,12.310,12.318,12.266,12.336,12.319,0,0,10.106,4.534,1.932,0.222,7.801,2.035,0.111,7.920,8.069,8.180,220.000,220.000,210.0,50.6,1185.0,210.0,1290.0,210.2,50.5,1413.7,2.0,6.0,1.0,0.0,10.1,0.5,0.7,0.0,1.3,0.0,0,0,はい,いいえ,いいえ,いいえ,いいえ,はい,いいえ,4.5,5.0,0,0,0,0,0,0,0,0,0,0,0,0,0,0,0,0,0,0,0,0,0,0,0,0,0,0,0,0,0,0,11040,1242,965,108,2.5,11.0,15.8,8.4,8.4,8.4,8.4,0.0,0.0,0.0,0.0,0.0,0.0,91.18,119.11,63.26,62.74,119.68,119.68,0.57,0.01,91.08,0.10,0.00,0,0,0.0,0.0,44286,38866,5.7,91.7,0,
19.7.2026,0:48:18.880,21002,12909,61.9,17083,14780,53.6,1.2,2048,26,1.048,1.075,1.020,1.025,1.075,1.035,1.060,4654.1,4716.5,4641.6,4666.6,4691.5,4591.7,4616.7,99.8,4666.6,4681.6,4665.0,4664.9,4664.6,4665.2,4665.4,4665.7,4665.8,4665.3,4664.9,4665.4,4665.0,4666.6,100.0,100.0,100.0,100.0,100.0,100.0,100.0,100.0,100.0,100.0,100.0,100.0,100.0,100.0,100.0,123.0,123.0,123.0,123.0,123.0,123.0,123.0,123.0,123.0,123.0,123.0,123.0,123.0,123.0,46.6,47.2,46.5,46.8,47.0,46.0,46.2,0.0,100.0,100.0,100.0,100.0,100.0,100.0,100.0,0.0,0.0,0.0,0.0,0.0,0.0,0.0,0.0,0.0,0.0,0.0,0.0,0.0,0.0,2395.7,24.00,40,39,39,77,116,708,1,85.9,85.0,84.8,81.9,77.2,82.5,84.6,84.3,78.9,83.5,65.3,65.3,69.8,63.0,45.4,44.0,47.0,1.064,1.015,1.100,40.715,8.159,40.716,49.500,5.437,64.602,6.697,6.366,6.745,6.832,6.842,6.637,6.762,43.354,8.281,57.617,63.191,1996.4,2395.7,4692.0,4692.0,4715.4,71.8,54.3,33.0,71.8,100.0,いいえ,いいえ,いいえ,9.430,2.466,6.0,39.0,85.9,40.0,85.0,1.104,12.197,3.440,3.328,5.040,1.072,1.016,3.440,3.328,1.808,1.024,1.120,1.040,1.792,1.104,0.768,1.824,0.256,2020,いいえ,57.4,43.2,1.110,1.110,1.800,1.800,1.005,5.040,0.625,いいえ,いいえ,いいえ,42.8,1.110,1.110,1.800,1.800,1.005,5.040,1.375,いいえ,いいえ,いいえ,37,37,いいえ,はい,15388,14039,128,128,34,100.0,いいえ,いいえ,3868,2528,9990,38,40,48,100.0,100.0,いいえ,いいえ,7032,7744,0.0,0.0,0.0,0.000,0.004,1392,1007,0.0,0.0,0.0,0.000,0.000,181182,133153,0.0,0.0,0.0,0.000,0.000,66274,77609,65.2,0.720,38.000,600.0,2400.0,1200.0,100.0,0.0,0.0,0.0,0.0,0.0,0.0,0.0,0.0,125,2,16.0,86,いいえ,いいえ,いいえ,40.0,44.0,49.8,84.0,0.865,12.305,12.314,12.262,12.331,12.315,0,0,10.131,4.580,2.147,0.222,7.774,2.257,0.111,7.892,8.063,8.176,220.000,220.000,210.0,50.6,1185.0,210.0,1290.0,209.9,50.5,1414.1,4.0,6.0,2.0,0.0,10.1,0.5,0.7,0.0,1.4,0.0,0,0,はい,いいえ,いいえ,いいえ,いいえ,はい,いいえ,4.9,5.1,0,0,0,0,0,0,0,0,0,0,0,0,0,0,0,0,0,0,0,0,0,0,0,0,0,0,0,0,0,0,11040,1242,965,108,2.5,11.0,15.8,8.4,8.4,8.4,8.4,0.0,0.0,0.0,0.0,0.0,0.0,91.18,119.11,63.26,62.74,119.68,119.68,0.57,0.01,91.08,0.10,0.00,0,0,0.0,0.0,44286,38866,6.8,168.8,0,
19.7.2026,0:48:20.876,21011,12900,61.9,17086,14777,53.6,1.2,2048,26,1.072,1.090,1.075,1.075,1.060,1.070,1.060,4674.9,4666.6,4691.5,4691.5,4691.5,4691.5,4616.7,99.8,4642.6,4656.8,4641.3,4641.0,4641.0,4640.5,4641.4,4641.7,4641.6,4641.6,4641.8,4641.5,4641.5,4642.6,100.0,100.0,100.0,100.0,100.0,100.0,100.0,100.0,100.0,100.0,100.0,100.0,100.0,100.0,100.0,122.4,122.4,122.4,122.4,122.4,122.4,122.4,122.4,122.4,122.4,122.4,122.4,122.4,122.4,46.8,46.8,47.0,47.0,47.0,47.0,46.2,0.0,100.0,100.0,100.0,100.0,100.0,100.0,100.0,0.0,0.0,0.0,0.0,0.0,0.0,0.0,0.0,0.0,0.0,0.0,0.0,0.0,0.0,2395.7,24.00,40,39,39,77,116,708,1,85.8,85.0,83.9,81.8,77.3,82.5,84.6,84.1,78.8,83.4,65.1,65.1,69.8,63.0,45.4,44.0,47.0,1.049,1.015,1.100,40.453,8.109,40.451,48.000,5.412,63.552,6.615,6.303,6.663,6.752,6.740,6.552,6.683,42.481,8.231,56.666,62.148,1996.4,2395.7,4666.4,4666.4,4688.2,70.6,53.9,32.0,70.6,100.0,いいえ,いいえ,いいえ,7.861,2.416,6.0,39.0,85.8,40.0,85.0,1.072,12.197,3.456,3.328,5.040,1.072,1.016,3.440,3.328,1.808,1.024,1.120,1.040,1.792,1.104,0.768,1.824,0.256,2036,いいえ,57.4,43.0,1.110,1.110,1.800,1.800,1.005,5.040,0.750,いいえ,いいえ,いいえ,42.8,1.110,1.110,1.800,1.800,1.005,5.040,0.750,いいえ,いいえ,いいえ,37,37,いいえ,はい,15388,14039,128,128,34,100.0,いいえ,いいえ,3868,2528,9990,38,40,48,100.0,100.0,いいえ,いいえ,7032,7744,0.0,0.1,0.1,0.000,0.008,1392,1007,0.0,0.0,0.0,0.000,0.000,181182,133153,0.0,0.2,0.2,0.008,0.663,66274,77610,65.2,0.720,42.000,600.0,2400.0,1200.0,100.0,0.0,0.0,0.0,0.0,0.0,0.0,0.0,0.0,125,2,16.0,86,いいえ,いいえ,いいえ,40.0,44.0,49.8,84.0,0.865,12.314,12.322,12.273,12.339,12.323,0,0,10.268,4.566,2.100,0.197,7.793,2.196,0.099,7.906,8.063,8.175,220.000,220.000,210.0,50.6,1185.0,210.0,1290.0,210.1,50.5,1413.6,2.0,5.0,1.0,0.0,10.1,0.7,1.0,0.0,1.7,0.0,0,0,はい,いいえ,いいえ,いいえ,いいえ,はい,いいえ,4.7,5.3,0,0,0,0,0,0,0,0,0,0,0,0,0,0,0,0,0,0,0,0,0,0,0,0,0,0,0,0,0,0,11040,1242,965,109,2.5,3.0,15.7,1.8,1.8,1.8,1.8,1.7,1.7,1.7,1.7,1.7,1.7,332.34,546.57,63.57,57.57,549.75,549.75,4.21,51.30,332.24,0.10,318.60,0,0,0.0,0.0,44286,38867,139.9,261.7,0,
19.7.2026,0:48:22.874,21004,12907,61.9,17089,14774,53.6,1.2,2048,26,1.049,1.045,1.060,1.045,1.045,1.060,1.040,4683.2,4691.5,4691.5,4666.6,4691.5,4691.5,4666.6,99.8,4631.5,4646.4,4630.2,4629.5,4630.9,4628.9,4630.8,4630.7,4630.8,4630.5,4630.1,4630.0,4629.6,4631.5,100.0,100.0,100.0,100.0,100.0,100.0,100.0,100.0,100.0,100.0,100.0,100.0,100.0,100.0,100.0,122.1,122.1,122.1,122.1,122.1,122.1,122.1,122.1,122.1,122.1,122.1,122.1,122.1,122.1,46.9,47.0,47.0,46.8,47.0,47.0,46.8,0.0,100.0,100.0,100.0,100.0,100.0,100.0,100.0,0.0,0.0,0.0,0.0,0.0,0.0,0.0,0.0,0.0,0.0,0.0,0.0,0.0,0.0,2395.7,24.00,40,39,39,77,116,708,1,85.8,85.0,84.9,81.9,77.6,82.5,84.7,84.3,78.9,83.5,65.1,65.1,70.2,63.2,45.4,44.0,47.0,1.044,1.015,1.100,40.977,7.912,40.981,50.000,5.436,63.677,6.703,6.413,6.714,6.869,6.858,6.617,6.748,42.806,8.030,56.816,62.250,1996.4,2395.7,4656.1,4656.1,4678.3,70.7,54.6,33.3,70.7,100.0,いいえ,いいえ,いいえ,6.813,2.374,6.0,39.0,85.8,40.0,85.0,1.048,12.197,3.456,3.328,5.040,1.072,1.016,3.440,3.328,1.808,1.024,1.120,1.040,1.792,1.104,0.768,1.824,0.256,2011,いいえ,57.4,43.2,1.110,1.110,1.800,1.800,1.005,5.040,1.250,いいえ,いいえ,いいえ,42.8,1.110,1.110,1.800,1.800,1.005,5.040,0.500,いいえ,いいえ,いいえ,37,37,いいえ,はい,15388,14039,128,128,34,100.0,いいえ,いいえ,3868,2528,9990,38,40,48,100.0,100.0,いいえ,いいえ,7032,7744,0.0,0.0,0.0,0.000,0.004,1392,1007,0.0,0.0,0.0,0.000,0.000,181182,133153,0.0,0.0,0.0,0.000,0.018,66274,77610,65.2,0.720,45.000,600.0,2400.0,1200.0,100.0,0.0,0.0,0.0,0.0,0.0,0.0,0.0,0.0,125,2,16.0,86,いいえ,いいえ,いいえ,40.0,44.0,49.8,84.0,0.865,12.309,12.318,12.267,12.334,12.319,0,0,10.226,4.508,1.867,0.197,7.765,1.961,0.099,7.872,8.127,8.173,220.000,220.000,210.0,50.6,1185.0,210.0,1290.0,210.0,50.5,1413.0,2.0,5.0,1.0,0.0,10.1,0.6,0.8,0.0,1.5,0.0,0,0,はい,いいえ,いいえ,いいえ,いいえ,はい,いいえ,4.6,4.9,0,0,0,0,0,0,0,0,0,0,0,0,0,0,0,0,0,0,0,0,0,0,0,0,0,0,0,0,0,0,11040,1242,965,109,2.5,3.0,15.7,1.8,1.8,1.8,1.8,1.7,1.7,1.7,1.7,1.7,1.7,332.34,546.57,63.57,57.57,549.75,549.75,4.21,51.30,332.24,0.10,318.60,0,0,0.0,0.0,44286,38867,6.0,101.3,0,
19.7.2026,0:48:24.881,21003,12908,61.9,17094,14769,53.6,1.2,2048,26,1.037,1.075,1.045,1.025,1.025,1.025,1.025,4645.8,4741.4,4666.6,4616.7,4616.7,4616.7,4616.7,99.8,4652.0,4666.7,4651.1,4651.2,4651.1,4649.6,4651.1,4651.1,4651.0,4649.6,4650.9,4650.0,4650.8,4652.0,100.0,100.0,100.0,100.0,100.0,100.0,100.0,100.0,100.0,100.0,100.0,100.0,100.0,100.0,100.0,122.6,122.6,122.6,122.6,122.6,122.6,122.6,122.6,122.6,122.6,122.6,122.6,122.6,122.6,46.5,47.5,46.8,46.2,46.2,46.2,46.2,0.0,100.0,100.0,100.0,100.0,100.0,100.0,100.0,0.0,0.0,0.0,0.0,0.0,0.0,0.0,0.0,0.0,0.0,0.0,0.0,0.0,0.0,2395.7,24.00,40,39,39,77,116,708,1,85.8,85.0,84.0,81.9,77.4,82.5,84.6,84.4,78.8,83.6,65.2,65.2,69.8,63.2,45.4,44.0,47.0,1.055,1.015,1.100,41.012,8.119,41.016,48.000,5.391,64.431,6.701,6.391,6.724,6.832,6.872,6.595,6.789,43.305,8.241,57.476,63.012,1996.4,2395.7,4676.6,4676.6,4700.3,71.6,54.7,32.0,71.6,100.0,いいえ,いいえ,いいえ,8.606,2.704,6.0,39.0,85.8,40.0,85.0,1.064,12.197,3.456,3.328,5.040,1.064,1.016,3.440,3.328,1.808,1.024,1.120,1.040,1.792,1.104,0.768,1.824,0.256,2020,いいえ,57.4,43.2,1.110,1.110,1.800,1.800,1.005,5.040,0.625,いいえ,いいえ,いいえ,42.8,1.110,1.110,1.800,1.800,1.005,5.040,0.500,いいえ,いいえ,いいえ,37,37,いいえ,はい,15388,14039,128,128,34,100.0,いいえ,いいえ,3868,2528,9990,38,40,48,100.0,100.0,いいえ,いいえ,7032,7744,0.0,0.1,0.1,0.000,0.006,1392,1007,0.0,0.0,0.0,0.000,0.000,181182,133153,0.0,0.1,0.1,0.000,0.107,66274,77611,65.3,0.720,43.000,600.0,2400.0,1200.0,100.0,0.0,0.0,0.0,0.0,0.0,0.0,0.0,0.0,125,2,16.0,86,いいえ,いいえ,いいえ,40.0,44.0,49.8,84.0,0.865,12.310,12.319,12.269,12.335,12.319,0,0,10.099,4.625,2.211,0.246,7.803,2.331,0.123,7.941,8.147,8.196,220.000,220.000,210.0,50.6,1185.0,210.0,1290.0,210.0,50.5,1412.7,1.0,5.0,0.0,0.0,10.1,0.4,0.5,0.0,1.0,0.0,0,0,はい,いいえ,いいえ,いいえ,いいえ,はい,いいえ,4.6,4.9,0,0,0,0,0,0,0,0,0,0,0,0,0,0,0,0,0,0,0,0,0,0,0,0,0,0,0,0,0,0,11040,1242,965,109,2.5,8.4,8.4,8.4,8.4,8.4,8.4,0.0,0.0,0.0,0.0,0.0,0.0,119.29,119.29,119.29,119.29,119.29,119.29,0.58,0.01,119.19,0.10,0.00,0,0,0.0,0.0,44286,38867,5.6,92.0,0,
19.7.2026,0:48:26.880,21003,12908,61.9,17093,14770,53.6,1.2,2048,26,1.060,1.080,1.025,1.095,1.090,1.035,1.035,4704.0,4741.4,4666.6,4791.4,4741.4,4666.6,4616.7,99.8,4673.6,4688.1,4671.5,4671.8,4671.4,4672.0,4672.4,4672.9,4672.9,4672.8,4672.7,4672.5,4672.6,4673.6,100.0,100.0,100.0,100.0,100.0,100.0,100.0,100.0,100.0,100.0,100.0,100.0,100.0,100.0,100.0,123.2,123.2,123.2,123.2,123.2,123.2,123.2,123.2,123.2,123.2,123.2,123.2,123.2,123.2,47.1,47.5,46.8,48.0,47.5,46.8,46.2,0.0,100.0,100.0,100.0,100.0,100.0,100.0,100.0,0.0,0.0,0.0,0.0,0.0,0.0,0.0,0.0,0.0,0.0,0.0,0.0,0.0,0.0,2395.7,24.00,40,39,39,77,116,708,1,85.9,85.0,84.4,82.0,77.6,82.7,84.6,84.3,79.1,83.5,65.4,65.4,70.2,63.4,45.4,44.0,47.0,1.069,1.015,1.100,40.828,8.148,40.820,51.000,5.391,64.890,6.704,6.418,6.767,6.807,6.820,6.649,6.760,43.656,8.270,57.856,63.466,1996.4,2395.7,4698.7,4698.7,4723.0,72.1,54.4,34.0,72.1,100.0,いいえ,いいえ,いいえ,10.053,2.650,6.0,39.0,85.9,40.0,85.0,1.080,12.197,3.456,3.328,5.040,1.072,1.016,3.440,3.328,1.808,1.024,1.120,1.032,1.792,1.104,0.768,1.824,0.256,2036,いいえ,57.4,43.2,1.110,1.110,1.815,1.800,1.005,5.040,0.750,いいえ,いいえ,いいえ,42.8,1.110,1.110,1.815,1.800,1.005,5.040,0.625,いいえ,いいえ,いいえ,37,37,いいえ,はい,15388,14039,128,128,34,100.0,いいえ,いいえ,3868,2528,9990,38,40,48,100.0,100.0,いいえ,いいえ,7032,7744,0.0,0.0,0.0,0.000,0.004,1392,1007,0.0,0.0,0.0,0.000,0.000,181182,133153,0.0,0.0,0.0,0.000,0.000,66274,77611,65.3,0.720,38.000,600.0,2400.0,1200.0,100.0,0.0,0.0,0.0,0.0,0.0,0.0,0.0,0.0,125,2,16.0,86,いいえ,いいえ,いいえ,40.0,44.0,49.9,84.0,0.865,12.312,12.321,12.271,12.337,12.320,0,0,10.167,4.654,2.331,0.246,7.792,2.455,0.123,7.924,8.090,8.270,220.000,220.000,210.0,50.6,1185.0,210.0,1290.0,210.0,50.5,1413.2,4.0,6.0,2.0,0.0,10.1,0.6,0.8,0.0,1.4,0.0,0,0,はい,いいえ,いいえ,いいえ,いいえ,はい,いいえ,4.7,5.0,0,0,0,0,0,0,0,0,0,0,0,0,0,0,0,0,0,0,0,0,0,0,0,0,0,0,0,0,0,0,11040,1242,965,109,2.5,11.1,11.1,11.1,11.1,11.1,11.1,0.0,0.0,0.0,0.0,0.0,0.0,90.10,90.10,90.10,90.10,90.10,90.10,4.87,80.43,89.98,0.12,0.00,0,0,0.0,0.0,44286,38867,6.1,118.4,0,
19.7.2026,0:48:28.877,21013,12898,61.9,17093,14769,53.6,1.2,2048,26,1.074,1.040,1.105,1.110,1.025,1.075,1.090,4704.0,4616.7,4766.4,4766.4,4591.7,4741.4,4741.4,99.8,4659.2,4672.9,4657.6,4657.6,4658.3,4657.7,4658.2,4658.0,4657.9,4658.0,4658.3,4658.2,4658.3,4659.2,100.0,100.0,100.0,100.0,100.0,100.0,100.0,100.0,100.0,100.0,100.0,100.0,100.0,100.0,100.0,122.8,122.8,122.8,122.8,122.8,122.8,122.8,122.8,122.8,122.8,122.8,122.8,122.8,122.8,47.1,46.2,47.8,47.8,46.0,47.5,47.5,0.0,100.0,100.0,100.0,100.0,100.0,100.0,100.0,0.0,0.0,0.0,0.0,0.0,0.0,0.0,0.0,0.0,0.0,0.0,0.0,0.0,0.0,2395.7,24.00,40,39,39,77,116,708,1,85.9,85.0,86.4,82.0,77.5,82.5,84.6,84.3,79.2,83.6,65.3,65.3,70.0,63.2,45.4,44.0,47.0,1.060,1.015,1.100,41.038,8.013,41.044,49.000,5.411,64.567,6.732,6.392,6.750,6.840,6.875,6.725,6.809,43.507,8.133,57.592,63.115,1996.4,2395.7,4682.6,4682.6,4707.2,71.7,54.7,32.7,71.7,100.0,いいえ,いいえ,いいえ,8.506,2.359,6.0,39.0,85.9,40.0,85.0,1.056,12.197,3.440,3.328,5.040,1.072,1.016,3.440,3.328,1.808,1.024,1.120,1.040,1.792,1.104,0.768,1.824,0.256,2039,いいえ,57.4,43.2,1.110,1.110,1.815,1.800,1.005,5.040,0.750,いいえ,いいえ,いいえ,42.8,1.110,1.110,1.815,1.800,1.005,5.040,0.875,いいえ,いいえ,いいえ,37,37,いいえ,はい,15388,14039,128,128,34,100.0,いいえ,いいえ,3868,2528,9990,38,40,48,100.0,100.0,いいえ,いいえ,7032,7744,0.0,0.0,0.0,0.000,0.006,1392,1007,0.0,0.0,0.0,0.000,0.000,181182,133153,0.0,0.0,0.0,0.000,0.018,66274,77611,65.4,0.720,39.000,600.0,2400.0,1200.0,100.0,0.0,0.0,0.0,0.0,0.0,0.0,0.0,0.0,125,2,16.0,86,いいえ,いいえ,いいえ,40.0,44.0,49.8,84.0,0.865,12.313,12.323,12.271,12.338,12.322,0,0,9.990,4.582,2.070,0.222,7.829,2.184,0.111,7.955,8.105,8.181,220.000,220.000,210.0,50.6,1185.0,210.0,1290.0,210.0,50.5,1413.1,1.0,6.0,0.0,0.0,10.1,0.4,0.7,0.0,1.1,0.0,0,0,はい,いいえ,いいえ,いいえ,いいえ,はい,いいえ,4.6,5.0,0,0,0,0,0,0,0,0,0,0,0,0,0,0,0,0,0,0,0,0,0,0,0,0,0,0,0,0,0,0,11040,1242,965,109,2.5,8.4,8.4,8.4,8.4,8.4,8.4,0.0,0.0,0.0,0.0,0.0,0.0,119.03,119.03,119.03,119.03,119.03,119.03,0.57,0.01,118.94,0.10,0.00,0,0,0.0,0.0,44286,38868,6.1,146.7,0,
19.7.2026,0:48:30.873,21004,12907,61.9,17095,14768,53.6,1.2,2048,26,1.028,1.050,1.025,1.020,1.035,1.035,1.000,4620.8,4641.6,4616.7,4591.7,4641.6,4616.7,4616.7,99.8,4653.5,4669.1,4652.9,4652.8,4652.6,4651.8,4652.3,4652.2,4651.9,4652.2,4651.6,4651.5,4650.8,4653.5,100.0,100.0,100.0,100.0,100.0,100.0,100.0,100.0,100.0,100.0,100.0,100.0,100.0,100.0,100.0,122.7,122.7,122.7,122.7,122.7,122.7,122.7,122.7,122.7,122.7,122.7,122.7,122.7,122.7,46.3,46.5,46.2,46.0,46.5,46.2,46.2,0.0,100.0,100.0,100.0,100.0,100.0,100.0,100.0,0.0,0.0,0.0,0.0,0.0,0.0,0.0,0.0,0.0,0.0,0.0,0.0,0.0,0.0,2395.7,24.00,40,39,39,77,116,708,1,85.9,85.0,85.4,82.0,77.4,82.8,84.6,84.2,79.1,83.5,65.4,65.4,71.0,63.4,45.4,44.0,47.0,1.058,1.015,1.100,40.731,7.918,40.727,50.500,5.388,64.022,6.667,6.328,6.780,6.781,6.778,6.604,6.731,43.103,8.037,57.067,62.619,1996.4,2395.7,4679.4,4679.4,4703.0,71.2,54.3,33.7,71.2,100.0,いいえ,いいえ,いいえ,8.933,2.541,6.0,39.0,85.9,40.0,85.0,1.104,12.197,3.440,3.312,5.040,1.072,1.016,3.440,3.328,1.808,1.024,1.120,1.040,1.792,1.104,0.768,1.824,0.256,2023,いいえ,57.4,43.2,1.110,1.110,1.815,1.800,0.990,5.040,1.000,いいえ,いいえ,いいえ,42.8,1.110,1.110,1.815,1.800,0.990,5.040,0.875,いいえ,いいえ,いいえ,37,37,いいえ,はい,15388,14039,128,128,34,100.0,いいえ,いいえ,3868,2528,9990,38,40,48,100.0,100.0,いいえ,いいえ,7032,7744,0.0,0.1,0.1,0.000,0.008,1392,1007,0.0,0.0,0.0,0.000,0.000,181182,133153,0.0,0.0,0.0,0.000,0.039,66274,77611,65.3,0.720,31.000,600.0,2400.0,1200.0,100.0,0.0,0.0,0.0,0.0,0.0,0.0,0.0,0.0,125,2,16.0,86,いいえ,いいえ,いいえ,40.0,44.0,49.8,84.0,0.865,12.314,12.324,12.270,12.338,12.323,0,0,10.077,4.575,2.126,0.197,7.792,2.233,0.099,7.899,8.083,8.169,220.000,220.000,210.0,50.6,1185.0,210.0,1290.0,210.0,50.5,1413.8,1.0,5.0,0.0,0.0,10.1,0.5,0.7,0.0,1.2,0.0,0,0,はい,いいえ,いいえ,いいえ,いいえ,はい,いいえ,4.6,5.7,0,0,0,0,0,0,0,0,0,0,0,0,0,0,0,0,0,0,0,0,0,0,0,0,0,0,0,0,0,0,11040,1242,965,109,2.5,0.7,0.7,0.7,0.7,0.7,0.7,0.0,0.0,0.0,0.0,0.0,0.0,1381.32,1381.32,1381.32,1381.32,1381.32,1381.32,5.35,78.85,1381.23,0.09,0.00,0,0,0.0,0.0,44286,38868,6.6,136.3,0,
19.7.2026,0:48:32.885,21006,12905,61.9,17092,14771,53.6,1.2,2048,26,1.037,1.045,1.040,1.025,1.035,1.040,1.035,4641.6,4691.5,4616.7,4641.6,4641.6,4641.6,4616.7,99.8,4649.4,4663.5,4647.9,4648.0,4648.0,4647.6,4648.1,4648.3,4648.3,4648.3,4648.3,4648.1,4648.2,4649.4,100.0,100.0,100.0,100.0,100.0,100.0,100.0,100.0,100.0,100.0,100.0,100.0,100.0,100.0,100.0,122.5,122.5,122.5,122.5,122.5,122.6,122.6,122.6,122.5,122.6,122.6,122.6,122.6,122.5,46.5,47.0,46.2,46.5,46.5,46.5,46.2,0.0,100.0,100.0,100.0,100.0,100.0,100.0,100.0,0.0,0.0,0.0,0.0,0.0,0.0,0.0,0.0,0.0,0.0,0.0,0.0,0.0,0.0,2395.7,24.00,40,39,39,77,116,708,1,85.9,85.0,85.4,81.8,77.2,82.5,84.6,84.2,78.8,83.3,65.4,65.4,70.5,63.0,45.4,44.0,47.0,1.054,1.015,1.100,40.542,7.913,40.540,50.000,5.375,63.645,6.610,6.256,6.661,6.753,6.804,6.524,6.661,42.768,8.031,56.711,62.235,1996.4,2395.7,4673.7,4673.7,4696.5,70.7,54.1,33.3,70.7,100.0,いいえ,いいえ,いいえ,8.599,2.467,6.0,39.0,85.9,40.0,85.0,1.104,12.197,3.440,3.328,5.040,1.064,1.016,3.440,3.328,1.808,1.024,1.120,1.040,1.792,1.096,0.768,1.824,0.256,2036,いいえ,57.4,43.2,1.110,1.110,1.815,1.800,0.990,5.040,1.000,いいえ,いいえ,いいえ,42.8,1.110,1.110,1.815,1.800,0.990,5.040,0.625,いいえ,いいえ,いいえ,37,37,いいえ,はい,15388,14039,128,128,34,100.0,いいえ,いいえ,3868,2528,9990,38,40,48,100.0,100.0,いいえ,いいえ,7032,7744,0.0,0.1,0.1,0.000,0.008,1392,1007,0.0,0.0,0.0,0.000,0.000,181182,133153,0.0,0.0,0.0,0.014,0.000,66275,77611,65.3,0.720,44.000,600.0,2400.0,1200.0,100.0,0.0,0.0,0.0,0.0,0.0,0.0,0.0,0.0,125,2,16.0,86,いいえ,いいえ,いいえ,40.0,44.0,49.8,84.0,0.865,12.311,12.320,12.268,12.336,12.319,0,0,10.193,4.544,2.028,0.197,7.766,2.122,0.099,7.874,8.096,8.170,220.000,220.000,210.0,50.6,1185.0,210.0,1290.0,210.0,50.5,1413.5,1.0,5.0,0.0,0.0,10.1,0.6,0.8,0.0,1.6,0.0,0,0,はい,いいえ,いいえ,いいえ,いいえ,はい,いいえ,4.5,4.9,0,0,0,0,0,0,0,0,0,0,0,0,0,0,0,0,0,0,0,0,0,0,0,0,0,0,0,0,0,0,11040,1242,965,109,2.5,0.7,0.7,0.7,0.7,0.7,0.7,0.0,0.0,0.0,0.0,0.0,0.0,1381.32,1381.32,1381.32,1381.32,1381.32,1381.32,5.35,78.85,1381.23,0.09,0.00,0,0,0.0,0.0,44286,38868,5.2,76.4,0,
19.7.2026,0:48:34.876,21009,12902,61.9,17098,14765,53.6,1.2,2048,26,1.068,1.140,1.075,1.070,1.050,1.025,1.050,4679.1,4791.4,4716.5,4666.6,4666.6,4616.7,4616.7,99.8,4653.2,4667.8,4649.5,4651.6,4652.3,4651.0,4652.3,4651.6,4652.5,4652.7,4652.1,4652.4,4652.5,4653.2,100.0,99.9,99.9,100.0,100.0,100.0,100.0,100.0,100.0,100.0,100.0,100.0,100.0,100.0,100.0,122.6,122.6,122.6,122.6,122.7,122.6,122.7,122.6,122.7,122.7,122.7,122.7,122.7,122.6,46.9,48.0,47.2,46.8,46.8,46.2,46.2,0.0,100.0,100.0,100.0,100.0,100.0,100.0,100.0,0.0,0.0,0.0,0.0,0.0,0.0,0.0,0.0,0.0,0.0,0.0,0.0,0.0,0.0,2395.7,24.00,40,39,39,77,116,708,1,85.8,85.0,85.9,81.9,77.6,82.7,84.5,84.2,79.1,83.5,65.3,65.3,69.8,63.1,45.4,44.0,47.0,1.057,1.015,1.100,40.844,7.929,40.851,53.500,5.405,64.073,6.664,6.380,6.742,6.733,6.778,6.610,6.742,43.180,8.048,57.174,62.695,1996.4,2395.7,4678.3,4678.3,4701.7,71.2,54.5,35.7,71.2,100.0,いいえ,いいえ,いいえ,8.276,2.594,6.0,39.0,85.9,40.0,85.0,1.088,12.197,3.456,3.328,5.040,1.072,1.016,3.440,3.328,1.808,1.024,1.120,1.040,1.792,1.104,0.768,1.824,0.256,2033,いいえ,57.4,43.2,1.110,1.110,1.815,1.800,0.990,5.040,1.375,いいえ,いいえ,いいえ,42.8,1.110,1.110,1.815,1.800,0.990,5.040,0.625,いいえ,いいえ,いいえ,37,37,いいえ,はい,15388,14039,128,128,34,100.0,いいえ,いいえ,3868,2528,9990,38,40,48,100.0,100.0,いいえ,いいえ,7032,7744,0.0,0.1,0.1,0.000,0.006,1392,1007,0.0,0.0,0.0,0.000,0.000,181182,133153,0.0,0.0,0.0,0.000,0.010,66275,77611,65.2,0.720,39.000,600.0,2400.0,1200.0,100.0,0.0,0.0,0.0,0.0,0.0,0.0,0.0,0.0,125,2,16.0,86,いいえ,いいえ,いいえ,40.0,44.0,49.9,84.0,0.865,12.314,12.324,12.271,12.338,12.322,0,0,10.066,4.760,2.621,0.271,7.829,2.751,0.136,7.974,8.150,8.348,220.000,220.000,210.0,50.6,1185.0,210.0,1290.0,209.9,50.5,1412.7,4.0,6.0,2.0,0.0,10.1,0.5,0.8,0.0,1.3,0.0,0,0,はい,いいえ,いいえ,いいえ,いいえ,はい,いいえ,4.8,4.9,0,0,0,0,0,0,0,0,0,0,0,0,0,0,0,0,0,0,0,0,0,0,0,0,0,0,0,0,0,0,11040,1242,965,109,2.5,8.4,8.4,8.4,8.4,8.4,8.4,0.0,0.0,0.0,0.0,0.0,0.0,119.00,119.00,119.00,119.00,119.00,119.00,0.59,0.01,118.89,0.11,0.00,0,0,0.0,0.0,44286,38869,6.0,225.8,0,
19.7.2026,0:48:36.883,21007,12904,61.9,17104,14759,53.6,1.2,2048,26,1.061,1.060,1.050,1.050,1.070,1.075,1.060,4679.1,4691.5,4666.6,4691.5,4716.5,4691.5,4616.7,99.8,4613.6,4628.3,4611.7,4612.4,4612.7,4612.1,4612.6,4612.5,4612.9,4612.3,4610.7,4612.5,4612.6,4613.6,100.0,100.0,100.0,100.0,100.0,100.0,100.0,100.0,100.0,100.0,99.9,100.0,100.0,100.0,100.0,121.6,121.6,121.6,121.6,121.6,121.6,121.6,121.6,121.6,121.6,121.6,121.6,121.6,121.6,46.9,47.0,46.8,47.0,47.2,47.0,46.2,0.0,100.0,100.0,100.0,100.0,100.0,100.0,100.0,0.0,0.0,0.0,0.0,0.0,0.0,0.0,0.0,0.0,0.0,0.0,0.0,0.0,0.0,2395.7,24.00,40,39,39,77,116,708,1,85.8,85.0,86.9,81.7,77.0,82.5,84.6,84.2,78.8,83.1,64.9,64.9,69.8,63.2,45.4,44.0,47.0,1.035,1.015,1.100,40.624,7.865,40.618,52.000,5.391,62.743,6.563,6.210,6.648,6.734,6.726,6.496,6.564,42.046,7.983,55.960,61.339,1996.4,2395.7,4638.2,4638.2,4660.0,69.7,54.2,34.7,69.7,100.0,いいえ,いいえ,いいえ,6.218,2.101,6.0,39.0,85.8,40.0,85.0,1.056,12.197,3.440,3.328,5.040,1.072,1.016,3.440,3.328,1.808,1.024,1.120,1.040,1.792,1.096,0.768,1.824,0.256,2027,いいえ,57.4,43.2,1.110,1.110,1.815,1.800,0.990,5.040,0.625,いいえ,いいえ,いいえ,42.8,1.110,1.110,1.815,1.800,0.990,5.040,1.000,いいえ,いいえ,いいえ,37,37,いいえ,はい,15388,14039,128,128,34,100.0,いいえ,いいえ,3868,2528,9990,38,40,48,100.0,100.0,いいえ,いいえ,7032,7744,0.0,0.0,0.0,0.000,0.004,1392,1007,0.0,0.0,0.0,0.000,0.000,181182,133153,0.0,0.0,0.0,0.000,0.043,66275,77611,65.2,0.720,36.000,600.0,2400.0,1200.0,100.0,0.0,0.0,0.0,0.0,0.0,0.0,0.0,0.0,125,2,16.0,86,いいえ,いいえ,いいえ,40.0,44.0,49.8,84.0,0.865,12.313,12.322,12.271,12.337,12.321,0,0,10.311,4.686,2.380,0.296,7.841,2.529,0.148,7.990,8.121,8.184,220.000,220.000,210.0,50.6,1185.0,210.0,1290.0,210.1,50.5,1412.4,1.0,6.0,0.0,0.0,10.1,0.6,0.8,0.0,1.6,0.0,0,0,はい,いいえ,いいえ,いいえ,いいえ,はい,いいえ,4.7,4.9,0,0,0,0,0,0,0,0,0,0,0,0,0,0,0,0,0,0,0,0,0,0,0,0,0,0,0,0,0,0,11040,1242,965,109,2.5,1.3,1.3,1.3,1.3,1.3,1.3,1.3,1.3,1.3,1.3,1.3,1.3,786.17,786.17,786.17,786.17,786.17,786.17,2.78,782.66,785.71,0.46,531.94,0,0,0.0,0.0,44286,38869,7.5,231.7,0,
19.7.2026,0:48:38.876,21013,12898,61.9,17104,14759,53.6,1.2,2048,26,1.059,1.075,1.060,1.025,1.075,1.060,1.060,4695.7,4716.5,4666.6,4616.7,4741.4,4716.5,4716.5,99.8,4657.2,4671.5,4656.0,4656.0,4656.0,4655.4,4655.9,4656.0,4656.0,4655.9,4656.0,4655.8,4656.0,4657.2,100.0,100.0,100.0,100.0,100.0,100.0,100.0,100.0,100.0,100.0,100.0,100.0,100.0,100.0,100.0,122.8,122.8,122.8,122.8,122.8,122.8,122.8,122.8,122.8,122.8,122.8,122.8,122.8,122.8,47.0,47.2,46.8,46.2,47.5,47.2,47.2,0.0,100.0,100.0,100.0,100.0,100.0,100.0,100.0,0.0,0.0,0.0,0.0,0.0,0.0,0.0,0.0,0.0,0.0,0.0,0.0,0.0,0.0,2395.7,24.00,40,39,39,77,116,708,1,85.8,85.0,85.9,82.0,77.5,82.8,84.7,84.5,79.0,83.7,65.2,65.2,70.0,62.9,45.5,44.0,47.0,1.058,1.015,1.100,40.942,8.105,40.942,49.000,5.405,64.585,6.757,6.453,6.845,6.851,6.914,6.668,6.810,43.350,8.226,57.522,63.177,1996.4,2395.7,4681.7,4681.7,4705.8,71.8,54.6,32.7,71.8,100.0,いいえ,いいえ,いいえ,10.256,3.545,6.0,39.0,85.8,40.0,85.0,1.064,12.197,3.456,3.328,5.040,1.072,1.016,3.440,3.328,1.808,1.024,1.120,1.040,1.792,1.104,0.768,1.824,0.256,2023,いいえ,57.4,43.2,1.110,1.110,1.815,1.800,0.990,5.040,0.875,いいえ,いいえ,いいえ,42.8,1.110,1.110,1.815,1.800,0.990,5.040,1.375,いいえ,いいえ,いいえ,37,37,いいえ,はい,15388,14039,128,128,34,100.0,いいえ,いいえ,3868,2528,9990,38,40,48,100.0,100.0,いいえ,いいえ,7032,7744,0.0,0.0,0.0,0.000,0.002,1392,1007,0.0,0.0,0.0,0.000,0.000,181182,133153,0.0,0.0,0.0,0.000,0.008,66275,77611,65.1,0.720,42.000,600.0,2400.0,1200.0,100.0,0.0,0.0,0.0,0.0,0.0,0.0,0.0,0.0,125,2,16.0,86,いいえ,いいえ,いいえ,40.0,44.0,49.8,84.0,0.865,12.314,12.323,12.273,12.338,12.322,0,0,10.313,4.596,2.114,0.246,7.806,2.233,0.123,7.930,8.144,8.176,220.000,220.000,210.0,50.6,1185.0,210.0,1290.0,210.1,50.5,1412.9,1.0,5.0,0.0,0.0,10.1,0.8,1.1,0.0,2.0,0.0,0,0,はい,いいえ,いいえ,いいえ,いいえ,はい,いいえ,4.8,5.4,0,0,0,0,0,0,0,0,0,0,0,0,0,0,0,0,0,0,0,0,0,0,0,0,0,0,0,0,0,0,11040,1242,965,109,2.5,17.4,17.4,17.4,17.4,17.4,17.4,0.0,0.0,0.0,0.0,0.0,0.0,57.55,57.55,57.55,57.55,57.55,57.55,0.59,0.01,57.45,0.11,0.00,0,0,0.0,0.0,44286,38869,6.6,153.2,0,
19.7.2026,0:48:40.886,21022,12889,61.9,17107,14756,53.6,1.2,2048,26,1.064,1.000,1.095,1.075,1.050,1.090,1.075,4695.7,4566.8,4716.5,4741.4,4716.5,4716.5,4716.5,99.8,4681.3,4695.6,4680.0,4679.5,4679.5,4679.4,4680.1,4680.0,4679.9,4680.3,4680.4,4680.2,4680.3,4681.3,100.0,100.0,100.0,100.0,100.0,100.0,100.0,100.0,100.0,100.0,100.0,100.0,100.0,100.0,100.0,123.4,123.4,123.4,123.4,123.4,123.4,123.4,123.4,123.4,123.4,123.4,123.4,123.4,123.4,47.0,45.8,47.2,47.5,47.2,47.2,47.2,0.0,100.0,100.0,100.0,100.0,100.0,100.0,100.0,0.0,0.0,0.0,0.0,0.0,0.0,0.0,0.0,0.0,0.0,0.0,0.0,0.0,0.0,2395.7,24.00,40,39,39,77,116,708,1,85.9,85.0,84.8,81.7,77.1,82.4,84.5,84.3,78.3,83.5,65.5,65.5,70.0,63.4,45.5,44.0,47.0,1.071,1.015,1.100,40.425,7.947,40.425,50.000,5.417,64.473,6.704,6.372,6.765,6.768,6.852,6.688,6.776,43.334,8.066,57.358,63.008,1996.4,2395.7,4706.2,4706.2,4728.9,71.6,53.9,33.3,71.6,100.0,いいえ,いいえ,いいえ,10.600,2.886,6.0,39.0,85.8,40.0,85.0,1.096,12.197,3.456,3.328,5.040,1.072,1.016,3.440,3.328,1.808,1.024,1.120,1.040,1.792,1.104,0.768,1.824,0.256,2023,いいえ,57.4,43.2,1.110,1.110,1.815,1.800,0.990,5.040,0.875,いいえ,いいえ,いいえ,42.8,1.110,1.110,1.815,1.800,0.990,5.040,0.875,いいえ,いいえ,いいえ,37,37,いいえ,はい,15388,14039,128,128,34,100.0,いいえ,いいえ,3868,2528,9990,38,40,49,100.0,100.0,いいえ,いいえ,7032,7744,0.0,11.7,11.7,0.000,0.012,1392,1007,0.0,0.0,0.0,0.000,0.000,181182,133153,0.5,0.3,0.8,0.295,0.895,66275,77612,65.2,0.720,33.000,600.0,2400.0,1200.0,100.0,0.0,0.0,0.0,0.0,0.0,0.0,0.0,0.0,125,2,16.0,86,いいえ,いいえ,いいえ,40.0,44.0,49.9,84.0,0.865,12.304,12.314,12.260,12.329,12.313,0,0,10.064,4.591,2.036,0.246,7.724,2.158,0.123,7.850,8.414,8.176,220.000,220.000,210.0,50.6,1185.0,210.0,1290.0,209.9,50.5,1412.4,3.0,6.0,1.0,0.0,10.1,0.5,0.7,0.0,1.4,0.0,0,0,はい,いいえ,いいえ,いいえ,いいえ,はい,いいえ,4.6,5.0,0,0,0,0,0,0,0,0,0,0,0,0,0,0,0,0,0,0,0,0,0,0,0,0,0,0,0,0,0,0,11040,1242,965,109,2.5,17.4,17.4,17.4,17.4,17.4,17.4,0.0,0.0,0.0,0.0,0.0,0.0,57.55,57.55,57.55,57.55,57.55,57.55,0.59,0.01,57.45,0.11,0.00,0,0,0.0,0.0,44286,38870,6.5,160.1,0,
19.7.2026,0:48:42.877,21004,12907,61.9,17101,14762,53.6,1.2,2048,26,1.068,1.090,1.075,1.060,1.060,1.060,1.060,4720.7,4766.4,4741.4,4716.5,4716.5,4691.5,4691.5,99.8,4666.2,4681.0,4665.5,4665.5,4665.1,4664.8,4665.3,4664.8,4664.8,4664.3,4664.4,4664.3,4664.4,4666.2,100.0,100.0,100.0,100.0,100.0,100.0,100.0,100.0,100.0,100.0,100.0,100.0,100.0,100.0,100.0,123.0,123.0,123.0,123.0,123.0,123.0,123.0,123.0,123.0,123.0,123.0,123.0,123.0,123.0,47.3,47.8,47.5,47.2,47.2,47.0,47.0,0.0,100.0,100.0,100.0,100.0,100.0,100.0,100.0,0.0,0.0,0.0,0.0,0.0,0.0,0.0,0.0,0.0,0.0,0.0,0.0,0.0,0.0,2395.7,24.00,40,39,39,77,116,708,1,85.9,85.0,85.9,81.9,77.5,82.5,84.4,84.2,79.0,83.7,65.4,65.4,70.2,63.1,45.4,44.0,47.0,1.064,1.015,1.100,40.650,7.907,40.650,48.500,5.411,64.278,6.683,6.439,6.747,6.736,6.803,6.589,6.786,43.286,8.026,57.264,62.878,1996.4,2395.7,4691.6,4691.6,4714.8,71.5,54.2,32.3,71.5,100.0,いいえ,いいえ,いいえ,9.905,2.796,6.0,39.0,85.9,40.0,85.0,1.088,12.197,3.456,3.328,5.040,1.072,1.016,3.440,3.328,1.808,1.024,1.120,1.040,1.792,1.104,0.768,1.824,0.256,2014,いいえ,57.4,43.2,1.110,1.110,1.815,1.800,0.990,5.040,1.125,いいえ,いいえ,いいえ,42.8,1.110,1.110,1.815,1.800,1.005,5.040,1.125,いいえ,いいえ,いいえ,37,37,いいえ,はい,15388,14039,128,128,34,100.0,いいえ,いいえ,3868,2528,9990,38,40,48,100.0,100.0,いいえ,いいえ,7032,7744,0.0,0.0,0.0,0.000,0.002,1392,1007,0.0,0.0,0.0,0.000,0.000,181182,133153,0.1,0.5,0.5,0.037,3.786,66275,77620,65.3,0.720,40.000,600.0,2400.0,1200.0,100.0,0.0,0.0,0.0,0.0,0.0,0.0,0.0,0.0,125,2,16.0,86,いいえ,いいえ,いいえ,40.0,46.0,49.8,84.0,0.865,12.311,12.319,12.268,12.336,12.319,0,0,10.078,4.578,2.050,0.222,7.790,2.171,0.111,7.916,8.150,8.212,220.000,220.000,210.0,50.6,1185.0,210.0,1290.0,210.0,50.5,1412.9,3.0,6.0,1.0,0.0,10.1,0.6,0.8,0.0,1.6,0.0,0,0,はい,いいえ,いいえ,いいえ,いいえ,はい,いいえ,4.5,5.2,0,0,0,0,0,0,0,0,0,0,0,0,0,0,0,0,0,0,0,0,0,0,0,0,0,0,0,0,0,0,11040,1242,965,109,2.5,17.4,17.4,17.4,17.4,17.4,17.4,0.0,0.0,0.0,0.0,0.0,0.0,57.55,57.55,57.55,57.55,57.55,57.55,0.59,0.01,57.45,0.11,0.00,0,0,0.0,0.0,44287,38870,6.6,154.5,0,
19.7.2026,0:48:44.870,20999,12912,61.9,17104,14759,53.6,1.2,2048,26,1.048,1.090,1.060,1.025,1.045,1.035,1.035,4658.3,4741.4,4641.6,4616.7,4666.6,4641.6,4641.6,99.8,4661.1,4676.2,4659.0,4659.7,4659.7,4659.8,4660.4,4660.4,4660.5,4659.6,4659.6,4659.4,4659.5,4661.1,100.0,100.0,100.0,100.0,100.0,100.0,100.0,100.0,100.0,100.0,100.0,100.0,100.0,100.0,100.0,122.9,122.9,122.8,122.9,122.9,122.9,122.9,122.9,122.9,122.9,122.9,122.9,122.9,122.9,46.7,47.5,46.5,46.2,46.8,46.5,46.5,0.0,100.0,100.0,100.0,100.0,100.0,100.0,100.0,0.0,0.0,0.0,0.0,0.0,0.0,0.0,0.0,0.0,0.0,0.0,0.0,0.0,0.0,2395.7,24.00,40,39,39,77,116,708,1,85.9,85.0,84.9,82.0,77.5,82.7,84.6,84.4,79.0,83.7,65.3,65.3,69.5,62.9,45.5,44.0,47.0,1.061,1.015,1.100,40.835,7.933,40.835,47.000,5.432,64.472,6.720,6.394,6.799,6.810,6.888,6.631,6.797,43.358,8.052,57.385,63.030,1996.4,2395.7,4687.3,4687.3,4710.7,71.6,54.4,31.3,71.6,100.0,いいえ,いいえ,いいえ,10.160,3.361,6.0,39.0,85.9,40.0,85.0,1.080,12.197,3.456,3.328,5.040,1.072,1.016,3.440,3.328,1.808,1.024,1.120,1.040,1.792,1.104,0.768,1.824,0.256,2014,いいえ,57.4,43.2,1.110,1.110,1.815,1.800,0.990,4.970,1.375,いいえ,いいえ,いいえ,42.8,1.110,1.110,1.815,1.800,0.990,5.040,1.375,いいえ,いいえ,いいえ,37,37,いいえ,はい,15388,14039,128,128,34,100.0,いいえ,いいえ,3868,2528,9990,38,40,48,100.0,100.0,いいえ,いいえ,7032,7744,0.0,0.0,0.0,0.000,0.004,1392,1007,0.0,0.0,0.0,0.000,0.000,181182,133153,0.0,0.1,0.1,0.000,0.495,66275,77621,65.3,0.720,45.000,600.0,2400.0,1200.0,100.0,0.0,0.0,0.0,0.0,0.0,0.0,0.0,0.0,125,2,16.0,86,いいえ,いいえ,いいえ,40.0,44.0,49.8,84.0,0.865,12.301,12.309,12.257,12.327,12.311,0,0,10.101,4.578,2.103,0.246,7.759,2.219,0.123,7.880,8.072,8.221,220.000,220.000,210.0,50.6,1185.0,210.0,1290.0,210.0,50.5,1413.1,1.0,6.0,0.0,0.0,10.1,0.6,0.7,0.0,1.5,0.0,0,0,はい,いいえ,いいえ,いいえ,いいえ,はい,いいえ,4.5,4.9,0,0,0,0,0,0,0,0,0,0,0,0,0,0,0,0,0,0,0,0,0,0,0,0,0,0,0,0,0,0,11040,1242,965,109,2.5,17.4,17.4,17.4,17.4,17.4,17.4,0.0,0.0,0.0,0.0,0.0,0.0,57.55,57.55,57.55,57.55,57.55,57.55,0.59,0.01,57.45,0.11,0.00,0,0,0.0,0.0,44287,38870,5.9,102.9,0,
19.7.2026,0:48:46.884,20998,12913,61.9,17105,14758,53.6,1.2,2048,26,1.073,1.090,1.020,1.020,1.070,1.085,1.150,4729.0,4741.4,4616.7,4616.7,4791.4,4791.4,4816.3,99.8,4660.3,4674.6,4657.3,4658.9,4658.7,4658.2,4658.9,4659.1,4659.3,4659.7,4660.1,4659.2,4660.0,4660.3,100.0,100.0,100.0,100.0,100.0,100.0,100.0,100.0,100.0,100.0,100.0,100.0,100.0,100.0,100.0,122.8,122.8,122.8,122.8,122.8,122.8,122.8,122.8,122.8,122.8,122.8,122.8,122.8,122.8,47.4,47.5,46.2,46.2,48.0,48.0,48.2,0.0,100.0,100.0,100.0,100.0,100.0,100.0,100.0,0.0,0.0,0.0,0.0,0.0,0.0,0.0,0.0,0.0,0.0,0.0,0.0,0.0,0.0,2395.7,24.00,40,39,39,77,116,708,1,85.9,85.0,84.8,82.0,77.5,82.8,84.6,84.4,79.1,83.6,65.3,65.3,69.8,63.4,45.5,44.0,47.0,1.060,1.015,1.100,40.841,7.844,40.849,47.500,5.415,64.276,6.676,6.354,6.774,6.752,6.814,6.625,6.737,43.322,7.962,57.240,62.849,1996.4,2395.7,4685.1,4685.1,4708.2,71.4,54.5,31.7,71.4,100.0,いいえ,いいえ,いいえ,9.634,2.912,6.0,39.0,85.9,40.0,85.0,1.056,12.197,3.456,3.328,5.040,1.072,1.016,3.440,3.328,1.808,1.024,1.120,1.032,1.792,1.104,0.768,1.824,0.256,2036,いいえ,57.4,43.2,1.095,1.110,1.815,1.800,0.990,4.970,0.875,いいえ,いいえ,いいえ,42.8,1.110,1.110,1.815,1.800,0.990,4.970,1.000,いいえ,いいえ,いいえ,37,37,いいえ,はい,15388,14039,128,128,34,100.0,いいえ,いいえ,3868,2528,9990,38,40,48,100.0,100.0,いいえ,いいえ,7032,7744,0.0,0.1,0.1,0.000,0.006,1392,1007,0.0,0.0,0.0,0.000,0.000,181182,133153,0.0,0.0,0.0,0.000,0.087,66275,77621,65.3,0.720,27.000,600.0,2400.0,1200.0,100.0,0.0,0.0,0.0,0.0,0.0,0.0,0.0,0.0,125,2,16.0,86,いいえ,いいえ,いいえ,40.0,44.0,49.7,84.0,0.865,12.310,12.318,12.267,12.335,12.319,0,0,10.130,4.634,2.247,0.246,7.827,2.368,0.123,7.960,8.092,8.210,220.000,220.000,210.0,50.6,1185.0,210.0,1290.0,210.0,50.5,1413.1,4.0,6.0,3.0,0.0,10.1,0.6,0.9,0.0,1.6,0.0,0,0,はい,いいえ,いいえ,いいえ,いいえ,はい,いいえ,4.6,5.3,0,0,0,0,0,0,0,0,0,0,0,0,0,0,0,0,0,0,0,0,0,0,0,0,0,0,0,0,0,0,11040,1242,965,109,2.5,17.4,17.4,17.4,17.4,17.4,17.4,0.0,0.0,0.0,0.0,0.0,0.0,57.55,57.55,57.55,57.55,57.55,57.55,0.59,0.01,57.45,0.11,0.00,0,0,0.0,0.0,44287,38871,7.2,294.4,0,
19.7.2026,0:48:48.871,21002,12909,61.9,17102,14761,53.6,1.2,2048,26,1.057,1.075,1.075,1.075,1.065,1.015,1.035,4687.4,4716.5,4691.5,4691.5,4691.5,4666.6,4666.6,99.8,4641.1,4655.4,4640.1,4640.1,4640.1,4639.6,4640.1,4640.2,4640.1,4639.5,4639.3,4639.1,4639.0,4641.1,100.0,100.0,100.0,100.0,100.0,100.0,100.0,100.0,100.0,100.0,100.0,100.0,100.0,100.0,100.0,122.3,122.3,122.3,122.3,122.3,122.3,122.3,122.3,122.3,122.3,122.3,122.3,122.3,122.3,47.0,47.2,47.0,47.0,47.0,46.8,46.8,0.0,100.0,100.0,100.0,100.0,100.0,100.0,100.0,0.0,0.0,0.0,0.0,0.0,0.0,0.0,0.0,0.0,0.0,0.0,0.0,0.0,0.0,2395.7,24.00,40,39,39,77,116,708,1,85.8,85.0,85.8,81.8,77.4,82.4,84.6,84.4,78.6,83.3,65.1,65.1,69.8,63.1,45.5,44.0,47.0,1.049,1.015,1.100,40.805,7.888,40.795,50.500,5.432,63.707,6.623,6.339,6.652,6.760,6.832,6.498,6.659,42.821,8.006,56.802,62.330,1996.4,2395.7,4665.5,4665.5,4687.0,70.8,54.4,33.7,70.8,100.0,いいえ,いいえ,いいえ,8.618,2.839,6.0,39.0,85.8,40.0,85.0,1.056,12.197,3.456,3.328,5.040,1.064,1.016,3.440,3.328,1.808,1.024,1.120,1.040,1.792,1.104,0.768,1.824,0.256,2011,いいえ,57.4,43.2,1.095,1.110,1.815,1.800,0.990,4.970,0.875,いいえ,いいえ,いいえ,42.8,1.095,1.110,1.815,1.800,0.990,4.970,0.625,いいえ,いいえ,いいえ,37,37,いいえ,はい,15388,14039,128,128,34,100.0,いいえ,いいえ,3868,2528,9990,38,40,48,100.0,100.0,いいえ,いいえ,7032,7744,0.0,0.1,0.1,0.000,0.006,1392,1007,0.0,0.0,0.0,0.000,0.000,181182,133153,0.0,0.0,0.0,0.000,0.002,66275,77621,65.3,0.720,36.000,600.0,2400.0,1200.0,100.0,0.0,0.0,0.0,0.0,0.0,0.0,0.0,0.0,125,2,16.0,86,いいえ,いいえ,いいえ,40.0,44.0,49.9,84.0,0.865,12.314,12.321,12.272,12.339,12.322,0,0,10.350,4.594,2.122,0.197,7.805,2.221,0.099,7.921,8.191,8.197,220.000,220.000,210.0,50.6,1185.0,210.0,1290.0,210.1,50.5,1414.1,1.0,5.0,0.0,0.0,10.1,0.8,1.1,0.0,2.1,0.0,0,0,はい,いいえ,いいえ,いいえ,いいえ,はい,いいえ,4.6,4.9,0,0,0,0,0,0,0,0,0,0,0,0,0,0,0,0,0,0,0,0,0,0,0,0,0,0,0,0,0,0,11040,1242,965,109,2.5,17.4,17.4,17.4,17.4,17.4,17.4,0.5,0.5,0.5,0.5,0.5,0.5,57.45,57.45,57.45,57.45,57.45,57.45,0.58,0.01,57.35,0.10,189.55,0,0,0.0,0.0,44287,38871,6.3,200.5,0,
19.7.2026,0:48:50.879,20997,12914,61.9,17109,14754,53.6,1.2,2048,26,1.061,1.045,1.075,1.075,1.075,1.075,1.020,4695.7,4641.6,4716.5,4716.5,4741.4,4666.6,4691.5,99.8,4661.6,4675.8,4660.4,4660.3,4660.3,4659.8,4660.3,4660.4,4660.4,4660.6,4660.3,4660.1,4660.3,4661.6,100.0,100.0,100.0,100.0,100.0,100.0,100.0,100.0,100.0,100.0,100.0,100.0,100.0,100.0,100.0,122.9,122.9,122.9,122.9,122.9,122.9,122.9,122.9,122.9,122.9,122.9,122.9,122.9,122.9,47.0,46.5,47.2,47.2,47.5,46.8,47.0,0.0,100.0,100.0,100.0,100.0,100.0,100.0,100.0,0.0,0.0,0.0,0.0,0.0,0.0,0.0,0.0,0.0,0.0,0.0,0.0,0.0,0.0,2395.7,24.00,40,39,39,77,116,708,1,85.9,85.0,84.4,82.1,77.6,83.0,84.7,84.3,79.1,83.7,65.3,65.3,69.8,63.1,45.5,44.0,47.0,1.061,1.015,1.100,40.921,7.961,40.922,50.000,5.450,64.582,6.692,6.415,6.811,6.745,6.782,6.633,6.769,43.425,8.080,57.501,63.134,1996.4,2395.7,4686.0,4686.0,4709.4,71.7,54.6,33.3,71.7,100.0,いいえ,いいえ,いいえ,10.067,3.188,6.0,39.0,85.9,40.0,85.0,1.088,12.197,3.456,3.328,5.040,1.072,1.016,3.440,3.328,1.808,1.024,1.120,1.032,1.792,1.104,0.768,1.824,0.256,2014,いいえ,57.4,43.2,1.095,1.110,1.815,1.800,0.990,4.970,0.750,いいえ,いいえ,いいえ,42.8,1.095,1.110,1.800,1.800,0.990,4.970,0.875,いいえ,いいえ,いいえ,37,37,いいえ,はい,15388,14039,128,128,34,100.0,いいえ,いいえ,3868,2528,9990,38,40,48,100.0,100.0,いいえ,いいえ,7032,7744,0.0,6.0,6.0,0.000,0.008,1392,1007,0.0,0.0,0.0,0.000,0.000,181182,133153,0.0,0.0,0.0,0.000,0.006,66275,77621,65.2,0.720,38.000,600.0,2400.0,1200.0,100.0,0.0,0.0,0.0,0.0,0.0,0.0,0.0,0.0,125,2,16.0,86,いいえ,いいえ,いいえ,40.0,44.0,49.9,84.0,0.865,12.307,12.316,12.264,12.333,12.316,0,0,10.271,4.661,2.367,0.246,7.800,2.491,0.123,7.931,8.115,8.214,220.000,220.000,210.0,50.6,1185.0,210.0,1290.0,210.0,50.5,1413.7,1.0,5.0,0.0,0.0,10.1,0.6,0.8,0.0,1.5,0.0,0,0,はい,いいえ,いいえ,いいえ,いいえ,はい,いいえ,4.7,4.9,0,0,0,0,0,0,0,0,0,0,0,0,0,0,0,0,0,0,0,0,0,0,0,0,0,0,0,0,0,0,11040,1242,965,109,2.5,17.4,17.4,17.4,17.4,17.4,17.4,0.5,0.5,0.5,0.5,0.5,0.5,57.45,57.45,57.45,57.45,57.45,57.45,0.58,0.01,57.35,0.10,189.55,0,0,0.0,0.0,44287,38871,5.9,112.3,0,
19.7.2026,0:48:52.874,20997,12914,61.9,17112,14751,53.7,1.2,2048,26,1.075,1.105,1.060,1.060,1.060,1.090,1.075,4708.2,4716.5,4691.5,4691.5,4691.5,4716.5,4741.4,99.8,4649.8,4663.9,4648.2,4648.1,4648.3,4648.1,4648.6,4648.8,4648.5,4647.9,4648.9,4648.8,4649.0,4649.8,100.0,100.0,100.0,100.0,100.0,100.0,100.0,100.0,100.0,100.0,100.0,100.0,100.0,100.0,100.0,122.6,122.6,122.6,122.5,122.6,122.6,122.6,122.6,122.6,122.5,122.6,122.6,122.6,122.6,47.2,47.2,47.0,47.0,47.0,47.2,47.5,0.0,100.0,100.0,100.0,100.0,100.0,100.0,100.0,0.0,0.0,0.0,0.0,0.0,0.0,0.0,0.0,0.0,0.0,0.0,0.0,0.0,0.0,2395.7,24.00,40,39,39,77,116,708,1,85.8,85.0,87.9,81.8,77.3,82.7,84.6,84.3,78.6,83.3,65.1,65.1,70.2,63.5,45.5,44.0,47.0,1.054,1.015,1.100,40.910,7.962,40.908,54.500,5.422,64.123,6.614,6.299,6.704,6.738,6.790,6.478,6.673,43.134,8.082,57.179,62.713,1996.4,2395.7,4674.4,4674.4,4697.1,71.3,54.5,36.3,71.3,100.0,いいえ,いいえ,いいえ,8.707,2.567,6.0,39.0,85.8,40.0,85.0,1.104,12.197,3.440,3.328,5.040,1.072,1.016,3.440,3.328,1.808,1.024,1.120,1.040,1.792,1.104,0.768,1.824,0.256,2020,いいえ,57.4,43.2,1.095,1.110,1.815,1.800,0.990,4.970,0.750,いいえ,いいえ,いいえ,42.8,1.095,1.110,1.815,1.800,0.990,4.970,1.000,いいえ,いいえ,いいえ,37,37,いいえ,はい,15388,14039,128,128,34,100.0,いいえ,いいえ,3868,2528,9990,38,40,48,100.0,100.0,いいえ,いいえ,7032,7744,0.0,0.0,0.0,0.000,0.004,1392,1007,0.0,0.0,0.0,0.000,0.000,181182,133153,0.0,0.0,0.0,0.000,0.000,66275,77621,65.3,0.720,54.000,600.0,2400.0,1200.0,100.0,0.0,0.0,0.0,0.0,0.0,0.0,0.0,0.0,125,2,16.0,86,いいえ,いいえ,いいえ,40.0,44.0,49.8,84.0,0.865,12.309,12.317,12.267,12.335,12.318,0,0,10.066,4.573,2.048,0.246,7.777,2.171,0.123,7.898,8.095,8.222,220.000,220.000,210.0,50.6,1185.0,210.0,1290.0,210.1,50.5,1412.8,1.0,5.0,0.0,0.0,10.1,0.4,0.5,0.0,1.1,0.0,0,0,はい,いいえ,いいえ,いいえ,いいえ,はい,いいえ,4.5,5.0,0,0,0,0,0,0,0,0,0,0,0,0,0,0,0,0,0,0,0,0,0,0,0,0,0,0,0,0,0,0,11040,1242,965,109,2.5,17.4,17.4,17.4,17.4,17.4,17.4,0.5,0.5,0.5,0.5,0.5,0.5,57.45,57.45,57.45,57.45,57.45,57.45,0.58,0.01,57.35,0.10,189.55,0,0,0.0,0.0,44287,38872,6.1,112.3,0,
19.7.2026,0:48:54.882,20996,12915,61.9,17118,14745,53.7,1.2,2048,26,1.020,1.025,1.025,1.025,1.010,1.025,1.010,4595.9,4616.7,4591.7,4591.7,4591.7,4616.7,4566.8,99.8,4647.7,4663.0,4647.3,4645.8,4646.5,4646.3,4646.8,4646.8,4646.5,4646.2,4645.9,4646.0,4645.9,4647.7,100.0,99.9,100.0,100.0,100.0,100.0,100.0,100.0,100.0,100.0,100.0,100.0,100.0,100.0,100.0,122.5,122.5,122.5,122.5,122.5,122.5,122.5,122.5,122.5,122.5,122.5,122.5,122.5,122.5,46.0,46.2,46.0,46.0,46.0,46.2,45.8,0.0,100.0,100.0,100.0,100.0,100.0,100.0,100.0,0.0,0.0,0.0,0.0,0.0,0.0,0.0,0.0,0.0,0.0,0.0,0.0,0.0,0.0,2395.7,24.00,40,39,39,77,116,708,1,85.8,85.0,84.9,81.9,77.4,82.8,84.7,84.4,78.6,83.4,65.2,65.2,70.5,63.5,45.5,44.0,47.0,1.053,1.015,1.100,40.784,7.877,40.788,49.000,5.401,63.903,6.604,6.331,6.696,6.737,6.762,6.455,6.641,42.968,7.995,56.905,62.466,1996.4,2395.7,4673.3,4673.3,4695.8,71.0,54.4,32.7,71.0,100.0,いいえ,いいえ,いいえ,8.844,2.717,6.0,39.0,85.8,40.0,85.0,1.048,12.197,3.456,3.328,5.040,1.072,1.016,3.440,3.328,1.808,1.024,1.120,1.032,1.792,1.104,0.768,1.824,0.256,2020,いいえ,57.4,43.2,1.095,1.110,1.815,1.800,1.005,4.970,0.875,いいえ,いいえ,いいえ,42.8,1.095,1.110,1.815,1.800,1.005,4.970,0.875,いいえ,いいえ,いいえ,37,37,いいえ,はい,15388,14039,128,128,34,100.0,いいえ,いいえ,3868,2528,9990,38,40,48,100.0,100.0,いいえ,いいえ,7032,7744,0.0,0.0,0.0,0.000,0.002,1392,1007,0.0,0.0,0.0,0.000,0.000,181182,133153,0.0,0.0,0.0,0.000,0.002,66275,77621,65.3,0.720,42.000,600.0,2400.0,1200.0,100.0,0.0,0.0,0.0,0.0,0.0,0.0,0.0,0.0,125,2,16.0,86,いいえ,いいえ,いいえ,40.0,44.0,49.9,84.0,0.865,12.307,12.315,12.264,12.332,12.316,0,0,10.189,4.673,2.394,0.246,7.788,2.516,0.123,7.915,8.172,8.227,220.000,220.000,210.0,50.6,1185.0,210.0,1290.0,210.0,50.5,1413.0,1.0,5.0,0.0,0.0,10.1,0.6,0.8,0.0,1.6,0.0,0,0,はい,いいえ,いいえ,いいえ,いいえ,はい,いいえ,4.7,5.4,0,0,0,0,0,0,0,0,0,0,0,0,0,0,0,0,0,0,0,0,0,0,0,0,0,0,0,0,0,0,11040,1242,965,109,2.5,17.4,17.4,17.4,17.4,17.4,17.4,0.5,0.5,0.5,0.5,0.5,0.5,57.45,57.45,57.45,57.45,57.45,57.45,0.58,0.01,57.35,0.10,189.55,0,0,0.0,0.0,44287,38872,6.8,182.3,0,
19.7.2026,0:48:56.885,20997,12914,61.9,17113,14750,53.7,1.2,2048,26,1.065,1.060,1.045,1.040,1.050,1.105,1.090,4683.2,4666.6,4641.6,4666.6,4666.6,4716.5,4741.4,99.8,4637.2,4650.9,4635.3,4635.6,4635.7,4635.1,4635.8,4635.9,4636.1,4636.2,4636.6,4636.5,4636.7,4637.2,100.0,100.0,100.0,100.0,100.0,100.0,100.0,100.0,100.0,100.0,100.0,100.0,100.0,100.0,100.0,122.2,122.2,122.2,122.2,122.2,122.2,122.2,122.2,122.2,122.2,122.2,122.2,122.2,122.2,46.9,46.8,46.5,46.8,46.8,47.2,47.5,0.0,100.0,100.0,100.0,100.0,100.0,100.0,100.0,0.0,0.0,0.0,0.0,0.0,0.0,0.0,0.0,0.0,0.0,0.0,0.0,0.0,0.0,2395.7,24.00,40,39,39,77,116,708,1,85.8,85.0,84.9,82.2,77.7,83.1,84.6,84.3,79.4,83.9,65.2,65.2,70.0,63.2,45.5,44.0,47.0,1.047,1.015,1.100,41.182,7.919,41.180,47.500,5.425,64.014,6.686,6.359,6.802,6.734,6.751,6.671,6.795,43.125,8.038,57.130,62.617,1996.4,2395.7,4660.7,4660.7,4683.1,71.2,54.9,31.7,71.2,100.0,いいえ,いいえ,いいえ,7.818,2.653,6.0,39.0,85.8,40.0,85.0,1.080,12.197,3.456,3.328,5.040,1.072,1.016,3.440,3.328,1.808,1.024,1.120,1.040,1.792,1.104,0.768,1.824,0.256,2023,いいえ,57.4,43.2,1.095,1.110,1.815,1.800,1.005,5.040,0.625,いいえ,いいえ,いいえ,42.8,1.095,1.110,1.815,1.800,1.005,5.040,1.375,いいえ,いいえ,いいえ,37,37,いいえ,はい,15388,14039,128,128,34,100.0,いいえ,いいえ,3868,2528,9990,38,40,48,100.0,100.0,いいえ,いいえ,7032,7744,0.0,0.1,0.1,0.000,0.008,1392,1007,0.0,0.0,0.0,0.000,0.000,181182,133153,0.0,0.0,0.0,0.000,0.028,66275,77621,65.3,0.720,40.000,600.0,2400.0,1200.0,100.0,0.0,0.0,0.0,0.0,0.0,0.0,0.0,0.0,125,2,16.0,86,いいえ,いいえ,いいえ,40.0,44.0,49.7,84.0,0.865,12.302,12.311,12.257,12.329,12.312,0,0,10.290,4.634,2.148,0.271,7.808,2.281,0.135,7.952,8.290,8.188,220.000,220.000,210.0,50.6,1185.0,210.0,1290.0,210.0,50.5,1413.6,3.0,6.0,1.0,0.0,10.1,0.6,0.9,0.0,1.6,0.0,0,0,はい,いいえ,いいえ,いいえ,いいえ,はい,いいえ,4.6,5.2,0,0,0,0,0,0,0,0,0,0,0,0,0,0,0,0,0,0,0,0,0,0,0,0,0,0,0,0,0,0,11040,1242,965,109,2.5,17.4,17.4,17.4,17.4,17.4,17.4,0.5,0.5,0.5,0.5,0.5,0.5,57.45,57.45,57.45,57.45,57.45,57.45,0.58,0.01,57.35,0.10,189.55,0,0,0.0,0.0,44287,38872,6.4,159.5,0,
19.7.2026,0:48:58.898,21006,12905,61.9,17115,14748,53.7,1.2,2048,26,1.061,1.025,1.070,1.070,1.070,1.070,1.060,4679.1,4616.7,4691.5,4691.5,4691.5,4691.5,4691.5,99.8,4636.1,4650.5,4634.7,4635.1,4634.9,4634.5,4635.1,4635.0,4635.2,4635.0,4634.6,4634.4,4634.5,4636.1,100.0,100.0,100.0,100.0,100.0,100.0,100.0,100.0,100.0,100.0,100.0,100.0,100.0,100.0,100.0,122.2,122.2,122.2,122.2,122.2,122.2,122.2,122.2,122.2,122.2,122.2,122.2,122.2,122.2,46.9,46.2,47.0,47.0,47.0,47.0,47.0,0.0,100.0,100.0,100.0,100.0,100.0,100.0,100.0,0.0,0.0,0.0,0.0,0.0,0.0,0.0,0.0,0.0,0.0,0.0,0.0,0.0,0.0,2395.7,24.00,40,39,39,77,116,708,1,85.8,85.0,84.4,82.1,77.7,82.9,84.6,84.3,79.5,83.9,65.2,65.2,70.2,63.4,45.5,44.0,47.0,1.047,1.015,1.100,41.010,8.074,41.012,50.000,5.433,64.107,6.679,6.360,6.755,6.712,6.772,6.684,6.792,42.970,8.196,57.142,62.656,1996.4,2395.7,4660.7,4660.7,4683.3,71.2,54.7,33.3,71.2,100.0,いいえ,いいえ,いいえ,8.170,2.707,6.0,39.0,85.8,40.0,85.0,1.096,12.197,3.440,3.312,5.040,1.072,1.016,3.440,3.328,1.808,1.024,1.120,1.032,1.792,1.104,0.768,1.824,0.256,2033,いいえ,57.4,43.2,1.110,1.110,1.815,1.800,1.005,5.040,0.500,いいえ,いいえ,いいえ,42.8,1.110,1.110,1.815,1.800,1.005,5.040,1.375,いいえ,いいえ,いいえ,37,37,いいえ,はい,15388,14039,128,128,34,100.0,いいえ,いいえ,3868,2528,9990,38,40,48,100.0,100.0,いいえ,いいえ,7032,7744,0.0,0.0,0.0,0.000,0.000,1392,1007,0.0,0.0,0.0,0.000,0.000,181182,133153,0.0,0.1,0.1,0.000,0.055,66275,77621,65.2,0.720,38.000,600.0,2400.0,1200.0,100.0,0.0,0.0,0.0,0.0,0.0,0.0,0.0,0.0,125,2,16.0,86,いいえ,いいえ,いいえ,40.0,44.0,49.8,84.0,0.865,12.304,12.312,12.260,12.330,12.313,0,0,10.175,4.578,2.154,0.222,7.749,2.269,0.111,7.875,8.066,8.183,220.000,220.000,210.0,50.6,1185.0,210.0,1290.0,210.0,50.5,1413.2,4.0,6.0,2.0,0.0,10.1,0.6,0.7,0.0,1.6,0.0,0,0,はい,いいえ,いいえ,いいえ,いいえ,はい,いいえ,4.6,4.9,0,0,0,0,0,0,0,0,0,0,0,0,0,0,0,0,0,0,0,0,0,0,0,0,0,0,0,0,0,0,11040,1242,965,109,2.5,17.4,17.4,17.4,17.4,17.4,17.4,0.5,0.5,0.5,0.5,0.5,0.5,57.45,57.45,57.45,57.45,57.45,57.45,0.58,0.01,57.35,0.10,189.55,0,0,0.0,0.0,44287,38873,6.8,262.7,0,
19.7.2026,0:49:0.887,21000,12911,61.9,17125,14738,53.7,1.2,2048,26,1.043,1.000,1.050,1.060,1.050,1.035,1.060,4649.9,4566.8,4691.5,4666.6,4641.6,4666.6,4666.6,99.8,4638.0,4652.5,4636.6,4636.1,4637.1,4636.5,4636.9,4637.2,4637.2,4637.1,4637.1,4635.0,4636.6,4638.0,100.0,100.0,100.0,100.0,100.0,100.0,100.0,100.0,100.0,100.0,100.0,100.0,100.0,100.0,100.0,122.3,122.2,122.2,122.2,122.3,122.3,122.3,122.3,122.3,122.3,122.3,122.2,122.3,122.3,46.6,45.8,47.0,46.8,46.5,46.8,46.8,0.0,100.0,100.0,100.0,100.0,100.0,100.0,100.0,0.0,0.0,0.0,0.0,0.0,0.0,0.0,0.0,0.0,0.0,0.0,0.0,0.0,0.0,2395.7,24.00,40,39,39,77,116,708,1,85.8,85.0,84.9,82.1,77.7,82.7,84.5,84.1,79.5,83.8,65.2,65.2,70.5,63.2,45.6,44.0,47.0,1.048,1.015,1.100,40.979,8.068,40.978,49.500,5.424,64.020,6.653,6.358,6.698,6.713,6.696,6.677,6.774,42.976,8.189,57.131,62.633,1996.4,2395.7,4662.7,4662.7,4685.2,71.2,54.6,33.0,71.2,100.0,いいえ,いいえ,いいえ,8.074,2.566,6.0,39.0,85.6,40.0,85.0,1.048,12.144,3.440,3.328,5.040,1.064,1.016,3.440,3.328,1.808,1.024,1.120,1.032,1.792,1.104,0.768,1.824,0.256,2027,いいえ,57.4,43.2,1.110,1.110,1.815,1.800,1.005,5.040,0.625,いいえ,いいえ,いいえ,42.8,1.110,1.095,1.815,1.800,1.005,5.040,1.500,いいえ,いいえ,いいえ,37,37,いいえ,はい,15388,14039,128,128,34,100.0,いいえ,いいえ,3868,2528,9990,38,40,48,100.0,100.0,いいえ,いいえ,7032,7744,0.0,0.0,0.0,0.000,0.004,1392,1007,0.0,0.0,0.0,0.000,0.000,181182,133153,0.0,0.1,0.1,0.000,0.046,66275,77621,65.3,0.720,44.000,600.0,2400.0,1200.0,100.0,0.0,0.0,0.0,0.0,0.0,0.0,0.0,0.0,125,2,16.0,86,いいえ,いいえ,いいえ,40.0,46.0,49.9,84.0,0.865,12.308,12.316,12.266,12.334,12.317,0,0,10.043,4.481,1.756,0.222,7.764,1.862,0.111,7.884,8.066,8.185,220.000,220.000,210.0,50.6,1185.0,210.0,1290.0,210.0,50.5,1413.1,3.0,6.0,1.0,0.0,10.1,0.7,0.9,0.0,1.8,0.0,0,0,はい,いいえ,いいえ,いいえ,いいえ,はい,いいえ,4.6,5.1,0,0,0,0,0,0,0,0,0,0,0,0,0,0,0,0,0,0,0,0,0,0,0,0,0,0,0,0,0,0,11040,1242,965,109,2.5,17.4,17.4,17.4,17.4,17.4,17.4,0.5,0.5,0.5,0.5,0.5,0.5,57.45,57.45,57.45,57.45,57.45,57.45,0.58,0.01,57.35,0.10,189.55,0,0,0.0,0.0,44287,38873,6.6,200.3,0,
19.7.2026,0:49:2.892,20996,12914,61.9,17127,14736,53.7,1.2,2048,26,1.064,1.035,1.075,1.075,1.075,1.075,1.050,4695.7,4641.6,4716.5,4716.5,4716.5,4716.5,4666.6,99.8,4651.4,4665.4,4650.0,4650.0,4649.9,4649.6,4650.0,4650.2,4650.2,4650.2,4650.4,4650.2,4650.3,4651.4,100.0,100.0,100.0,100.0,100.0,100.0,100.0,100.0,100.0,100.0,100.0,100.0,100.0,100.0,100.0,122.6,122.6,122.6,122.6,122.6,122.6,122.6,122.6,122.6,122.6,122.6,122.6,122.6,122.6,47.0,46.5,47.2,47.2,47.2,47.2,46.8,0.0,100.0,100.0,100.0,100.0,100.0,100.0,100.0,0.0,0.0,0.0,0.0,0.0,0.0,0.0,0.0,0.0,0.0,0.0,0.0,0.0,0.0,2395.7,24.00,40,39,39,77,116,708,1,85.8,85.0,87.4,82.0,77.4,82.8,84.7,84.4,79.0,83.5,65.3,65.3,69.8,63.2,45.5,44.0,47.0,1.055,1.015,1.100,40.995,8.020,40.992,50.500,5.435,64.387,6.661,6.330,6.749,6.769,6.826,6.587,6.706,43.253,8.140,57.371,62.967,1996.4,2395.7,4675.4,4675.4,4698.7,71.6,54.7,33.7,71.6,100.0,いいえ,いいえ,いいえ,9.600,3.010,6.0,39.0,85.8,40.0,85.0,1.056,12.197,3.440,3.328,5.040,1.064,1.016,3.440,3.328,1.808,1.024,1.120,1.032,1.792,1.104,0.768,1.824,0.256,2023,いいえ,57.4,43.2,1.110,1.110,1.815,1.800,1.005,5.040,1.000,いいえ,いいえ,いいえ,42.8,1.110,1.110,1.815,1.800,1.005,5.040,1.375,いいえ,いいえ,いいえ,37,37,いいえ,はい,15388,14039,128,128,34,100.0,いいえ,いいえ,3868,2528,9990,38,40,48,100.0,100.0,いいえ,いいえ,7032,7744,0.0,0.1,0.1,0.000,0.008,1392,1007,0.0,0.0,0.0,0.000,0.000,181182,133153,0.0,0.0,0.0,0.000,0.034,66275,77621,65.2,0.720,46.000,600.0,2400.0,1200.0,100.0,0.0,0.0,0.0,0.0,0.0,0.0,0.0,0.0,125,2,16.0,86,いいえ,いいえ,いいえ,40.0,44.0,49.8,84.0,0.865,12.308,12.317,12.265,12.334,12.317,0,0,9.989,4.651,2.352,0.246,7.813,2.479,0.123,7.946,8.069,8.183,220.000,220.000,210.0,50.6,1185.0,210.0,1290.0,210.0,50.5,1413.7,1.0,5.0,0.0,0.0,10.1,0.5,0.6,0.0,1.5,0.0,0,0,はい,いいえ,いいえ,いいえ,いいえ,はい,いいえ,4.7,5.1,0,0,0,0,0,0,0,0,0,0,0,0,0,0,0,0,0,0,0,0,0,0,0,0,0,0,0,0,0,0,11040,1242,965,109,2.5,17.4,17.4,17.4,17.4,17.4,17.4,0.5,0.5,0.5,0.5,0.5,0.5,57.45,57.45,57.45,57.45,57.45,57.45,0.58,0.01,57.35,0.10,189.55,0,0,0.0,0.0,44287,38873,6.4,159.3,0,
19.7.2026,0:49:4.887,20996,12915,61.9,17125,14738,53.7,1.2,2048,26,1.056,1.060,1.075,1.060,1.025,1.045,1.070,4683.2,4691.5,4691.5,4691.5,4616.7,4691.5,4716.5,99.8,4640.7,4655.3,4639.8,4639.8,4639.7,4639.0,4639.6,4639.5,4639.5,4639.2,4639.2,4639.0,4639.2,4640.7,100.0,100.0,100.0,100.0,100.0,100.0,100.0,100.0,100.0,100.0,100.0,100.0,100.0,100.0,100.0,122.3,122.3,122.3,122.3,122.3,122.3,122.3,122.3,122.3,122.3,122.3,122.3,122.3,122.3,46.9,47.0,47.0,47.0,46.2,47.0,47.2,0.0,100.0,100.0,100.0,100.0,100.0,100.0,100.0,0.0,0.0,0.0,0.0,0.0,0.0,0.0,0.0,0.0,0.0,0.0,0.0,0.0,0.0,2395.7,24.00,40,39,39,77,116,708,1,85.8,85.0,85.4,82.0,77.4,82.7,84.7,84.4,78.9,83.7,65.1,65.1,69.2,62.9,45.6,44.0,47.0,1.048,1.015,1.100,41.030,7.937,41.031,47.500,5.452,63.964,6.626,6.310,6.689,6.730,6.766,6.555,6.707,43.035,8.056,57.088,62.584,1996.4,2395.7,4665.1,4665.1,4686.8,71.1,54.7,31.7,71.1,100.0,いいえ,いいえ,いいえ,8.004,2.422,6.0,39.0,85.8,40.0,85.0,1.056,12.197,3.440,3.328,5.040,1.072,1.016,3.440,3.328,1.808,1.024,1.120,1.040,1.792,1.104,0.768,1.824,0.256,2020,いいえ,57.4,43.2,1.110,1.110,1.815,1.800,1.005,5.040,0.375,いいえ,いいえ,いいえ,42.8,1.110,1.110,1.815,1.800,1.005,5.040,0.875,いいえ,いいえ,いいえ,37,37,いいえ,はい,15388,14039,128,128,34,100.0,いいえ,いいえ,3868,2528,9990,38,40,48,100.0,100.0,いいえ,いいえ,7032,7744,0.0,0.1,0.1,0.000,0.006,1392,1007,0.0,0.0,0.0,0.000,0.000,181182,133153,0.0,0.0,0.0,0.000,0.000,66275,77621,65.3,0.720,39.000,600.0,2400.0,1200.0,100.0,0.0,0.0,0.0,0.0,0.0,0.0,0.0,0.0,125,2,16.0,86,いいえ,いいえ,いいえ,40.0,44.0,49.8,84.0,0.865,12.305,12.313,12.261,12.332,12.315,0,0,10.216,4.574,2.107,0.222,7.786,2.220,0.111,7.906,8.063,8.181,220.000,220.000,210.0,50.6,1185.0,210.0,1290.0,210.1,50.5,1413.2,1.0,5.0,0.0,0.0,10.1,0.5,0.6,0.0,1.3,0.0,0,0,はい,いいえ,いいえ,いいえ,いいえ,はい,いいえ,4.6,4.9,0,0,0,0,0,0,0,0,0,0,0,0,0,0,0,0,0,0,0,0,0,0,0,0,0,0,0,0,0,0,11040,1242,965,109,2.5,0.9,0.9,0.9,0.9,0.9,0.9,0.0,0.0,0.0,0.0,0.0,0.0,1073.33,1073.33,1073.33,1073.33,1073.33,1073.33,7.76,100.48,1073.23,0.10,0.00,0,0,0.0,0.0,44287,38874,5.8,126.5,0,
19.7.2026,0:49:6.891,20997,12913,61.9,17130,14733,53.7,1.2,2048,26,1.038,1.000,1.070,1.035,1.045,1.045,1.035,4645.8,4566.8,4691.5,4666.6,4641.6,4666.6,4641.6,99.8,4641.8,4656.2,4640.5,4640.5,4640.6,4640.0,4640.5,4640.8,4640.9,4640.8,4640.8,4640.1,4639.9,4641.8,100.0,100.0,100.0,100.0,100.0,100.0,100.0,100.0,100.0,100.0,100.0,100.0,100.0,100.0,100.0,122.4,122.3,122.4,122.4,122.4,122.4,122.4,122.4,122.4,122.4,122.4,122.3,122.3,122.4,46.5,45.8,47.0,46.8,46.5,46.8,46.5,0.0,100.0,100.0,100.0,100.0,100.0,100.0,100.0,0.0,0.0,0.0,0.0,0.0,0.0,0.0,0.0,0.0,0.0,0.0,0.0,0.0,0.0,2395.7,24.00,40,39,39,77,116,708,1,85.8,85.0,84.4,81.9,77.3,82.6,84.6,84.4,78.9,83.2,65.1,65.1,69.5,63.2,45.6,44.0,47.0,1.049,1.015,1.100,40.951,7.830,40.957,52.500,5.456,63.950,6.611,6.293,6.681,6.751,6.791,6.545,6.602,42.987,7.947,56.936,62.477,1996.4,2395.7,4666.3,4666.3,4688.3,71.0,54.6,35.0,71.0,100.0,いいえ,いいえ,いいえ,8.606,2.544,6.0,39.0,85.8,40.0,85.0,1.072,12.197,3.456,3.328,5.040,1.072,1.016,3.440,3.328,1.808,1.024,1.120,1.040,1.792,1.104,0.768,1.824,0.256,2017,いいえ,57.4,43.2,1.110,1.110,1.815,1.800,0.990,5.040,1.125,いいえ,いいえ,いいえ,42.8,1.110,1.110,1.815,1.800,1.005,5.040,0.625,いいえ,いいえ,いいえ,37,37,いいえ,はい,15388,14039,128,128,34,100.0,いいえ,いいえ,3868,2528,9990,38,40,48,100.0,100.0,いいえ,いいえ,7032,7744,0.0,0.1,0.1,0.000,0.008,1392,1007,0.0,0.0,0.0,0.000,0.000,181182,133153,0.0,0.0,0.0,0.000,0.004,66275,77621,65.3,0.720,45.000,600.0,2400.0,1200.0,100.0,0.0,0.0,0.0,0.0,0.0,0.0,0.0,0.0,125,2,16.0,86,いいえ,いいえ,いいえ,40.0,44.0,49.8,84.0,0.865,12.309,12.319,12.266,12.334,12.318,0,0,10.226,4.601,2.171,0.246,7.801,2.294,0.123,7.928,8.063,8.178,220.000,220.000,210.0,50.6,1185.0,210.0,1290.0,210.0,50.5,1413.6,3.0,6.0,1.0,0.0,10.1,0.5,0.6,0.0,1.5,0.0,0,0,はい,いいえ,いいえ,いいえ,いいえ,はい,いいえ,4.6,5.8,0,0,0,0,0,0,0,0,0,0,0,0,0,0,0,0,0,0,0,0,0,0,0,0,0,0,0,0,0,0,11040,1242,965,109,2.5,0.9,13.0,0.5,0.5,0.5,0.5,0.0,0.0,0.0,0.0,0.0,0.0,1076.93,2077.00,76.85,58.49,2097.41,2097.41,4.80,39.27,1076.83,0.10,0.00,0,0,0.0,0.0,44287,38874,6.2,144.8,0,
19.7.2026,0:49:8.899,20998,12913,61.9,17132,14731,53.7,1.2,2048,26,1.034,1.025,1.050,1.035,1.045,1.025,1.025,4637.5,4641.6,4641.6,4641.6,4666.6,4616.7,4616.7,99.8,4623.3,4637.6,4621.7,4622.0,4622.2,4621.7,4622.1,4622.3,4622.2,4622.1,4622.1,4621.9,4621.9,4623.3,100.0,100.0,100.0,100.0,100.0,100.0,100.0,100.0,100.0,100.0,100.0,100.0,100.0,100.0,100.0,121.9,121.8,121.9,121.9,121.9,121.9,121.9,121.9,121.9,121.9,121.9,121.9,121.9,121.9,46.5,46.5,46.5,46.5,46.8,46.2,46.2,0.0,100.0,100.0,100.0,100.0,100.0,100.0,100.0,0.0,0.0,0.0,0.0,0.0,0.0,0.0,0.0,0.0,0.0,0.0,0.0,0.0,0.0,2395.7,24.00,40,39,39,77,116,708,1,85.6,85.0,84.9,82.0,77.5,82.8,84.8,84.4,79.2,83.6,65.1,65.1,69.8,62.9,45.6,44.0,47.0,1.039,1.015,1.100,41.266,7.845,41.261,48.000,5.471,63.722,6.645,6.313,6.730,6.756,6.773,6.597,6.698,42.906,7.963,56.887,62.335,1996.4,2395.7,4647.0,4647.0,4669.4,70.8,55.0,32.0,70.8,100.0,いいえ,いいえ,いいえ,7.217,2.543,6.0,39.0,85.6,40.0,85.0,1.080,12.197,3.456,3.328,5.040,1.072,1.016,3.440,3.328,1.808,1.024,1.120,1.040,1.792,1.104,0.768,1.824,0.256,2039,いいえ,57.4,43.2,1.110,1.110,1.815,1.800,0.990,5.040,1.375,いいえ,いいえ,いいえ,42.8,1.110,1.110,1.815,1.800,0.990,5.040,0.875,いいえ,いいえ,いいえ,37,37,いいえ,はい,15388,14039,128,128,34,100.0,いいえ,いいえ,3868,2528,9990,38,40,48,100.0,100.0,いいえ,いいえ,7032,7744,0.0,0.0,0.0,0.000,0.000,1392,1007,0.0,0.0,0.0,0.000,0.000,181182,133153,0.0,0.0,0.0,0.000,0.000,66275,77621,65.3,0.720,40.000,600.0,2400.0,1200.0,100.0,0.0,0.0,0.0,0.0,0.0,0.0,0.0,0.0,125,2,16.0,86,いいえ,いいえ,いいえ,40.0,44.0,49.9,84.0,0.865,12.310,12.319,12.267,12.334,12.318,0,0,10.038,4.555,2.047,0.222,7.765,2.158,0.111,7.891,8.069,8.176,220.000,220.000,210.0,50.6,1185.0,210.0,1290.0,210.0,50.5,1413.5,1.0,5.0,0.0,0.0,10.1,0.4,0.5,0.0,1.1,0.0,0,0,はい,いいえ,いいえ,いいえ,いいえ,はい,いいえ,4.5,5.0,0,0,0,0,0,0,0,0,0,0,0,0,0,0,0,0,0,0,0,0,0,0,0,0,0,0,0,0,0,0,11040,1242,965,109,2.5,3.3,15.3,1.7,1.6,1.6,1.6,1.5,1.5,1.5,1.5,1.5,1.5,302.58,603.21,65.48,62.37,610.72,610.72,3.92,51.25,302.47,0.11,80.48,0,0,0.0,0.0,44287,38874,6.5,159.4,0,
19.7.2026,0:49:10.886,21004,12907,61.9,17130,14733,53.7,1.2,2048,26,1.048,1.025,1.060,1.060,1.075,1.050,1.015,4679.1,4666.6,4716.5,4691.5,4741.4,4591.7,4666.6,99.8,4634.3,4648.2,4632.0,4632.8,4633.0,4631.9,4633.0,4633.2,4633.5,4633.5,4633.5,4633.3,4633.5,4634.3,100.0,100.0,100.0,100.0,100.0,100.0,100.0,100.0,100.0,100.0,100.0,100.0,100.0,100.0,100.0,122.1,122.1,122.1,122.1,122.1,122.1,122.1,122.1,122.1,122.1,122.1,122.1,122.1,122.1,46.9,46.8,47.2,47.0,47.5,46.0,46.8,0.0,100.0,100.0,100.0,100.0,100.0,100.0,100.0,0.0,0.0,0.0,0.0,0.0,0.0,0.0,0.0,0.0,0.0,0.0,0.0,0.0,0.0,2395.7,24.00,40,39,39,77,116,708,1,85.6,85.0,85.9,82.1,77.4,82.8,84.6,84.3,79.5,83.7,65.1,65.1,70.2,63.2,45.6,44.0,47.0,1.046,1.015,1.100,41.277,7.764,41.283,48.500,5.465,63.975,6.676,6.300,6.748,6.768,6.766,6.712,6.763,43.190,7.880,57.082,62.566,1996.4,2395.7,4657.5,4657.5,4680.8,71.1,55.0,32.3,71.1,100.0,いいえ,いいえ,いいえ,7.730,2.385,6.0,39.0,85.6,40.0,85.0,1.024,12.197,3.440,3.328,5.040,1.072,1.016,3.440,3.328,1.808,1.024,1.120,1.040,1.792,1.104,0.768,1.824,0.256,2011,いいえ,57.4,43.2,1.095,1.110,1.815,1.800,0.990,5.040,0.750,いいえ,いいえ,いいえ,42.8,1.110,1.110,1.815,1.800,0.990,5.040,0.625,いいえ,いいえ,いいえ,37,37,いいえ,はい,15388,14039,128,128,34,100.0,いいえ,いいえ,3868,2528,9990,38,40,48,100.0,100.0,いいえ,いいえ,7032,7744,0.0,0.0,0.0,0.000,0.006,1392,1007,0.0,0.0,0.0,0.000,0.000,181182,133153,0.0,0.0,0.0,0.000,0.000,66275,77621,65.3,0.720,45.000,600.0,2400.0,1200.0,100.0,0.0,0.0,0.0,0.0,0.0,0.0,0.0,0.0,125,2,16.0,86,いいえ,いいえ,いいえ,40.0,44.0,49.8,84.0,0.865,12.309,12.319,12.267,12.333,12.317,0,0,10.369,4.535,1.974,0.222,7.765,2.084,0.111,7.880,8.063,8.185,220.000,220.000,210.0,50.6,1185.0,210.0,1290.0,210.1,50.5,1413.1,1.0,5.0,0.0,0.0,10.1,0.7,1.1,0.0,1.5,0.0,0,0,はい,いいえ,いいえ,いいえ,いいえ,はい,いいえ,4.5,5.5,0,0,0,0,0,0,0,0,0,0,0,0,0,0,0,0,0,0,0,0,0,0,0,0,0,0,0,0,0,0,11040,1242,965,107,2.5,3.3,15.3,1.7,1.6,1.6,1.6,1.5,1.5,1.5,1.5,1.5,1.5,302.58,603.21,65.48,62.37,610.72,610.72,3.92,51.25,302.47,0.11,80.48,0,0,0.0,0.0,44287,38874,5.9,127.2,0,
19.7.2026,0:49:12.892,20994,12916,61.9,17131,14732,53.7,1.2,2048,26,1.036,1.035,1.075,1.035,1.025,1.010,1.035,4645.8,4666.6,4716.5,4641.6,4591.7,4616.7,4641.6,99.8,4642.5,4657.9,4640.5,4642.5,4640.8,4641.5,4641.7,4642.1,4641.8,4640.8,4640.6,4641.0,4638.6,4642.5,100.0,100.0,100.0,100.0,100.0,100.0,100.0,100.0,100.0,100.0,100.0,100.0,99.9,100.0,100.0,122.4,122.4,122.4,122.4,122.4,122.4,122.4,122.4,122.4,122.4,122.4,122.4,122.3,122.4,46.5,46.8,47.2,46.5,46.0,46.2,46.5,0.0,100.0,100.0,100.0,100.0,100.0,100.0,100.0,0.0,0.0,0.0,0.0,0.0,0.0,0.0,0.0,0.0,0.0,0.0,0.0,0.0,0.0,2395.7,24.00,40,39,39,77,116,708,1,85.6,85.0,85.4,82.0,77.6,82.8,84.6,84.4,79.1,83.6,65.1,65.1,68.5,62.9,45.6,44.0,47.0,1.051,1.015,1.100,40.948,7.863,40.946,52.000,5.473,63.967,6.661,6.361,6.737,6.727,6.814,6.590,6.737,43.029,7.981,57.031,62.541,1996.4,2395.7,4668.0,4668.0,4690.0,71.1,54.6,34.7,71.1,100.0,いいえ,いいえ,いいえ,8.237,2.567,6.0,39.0,85.8,40.0,85.0,1.080,12.197,3.456,3.328,5.040,1.072,1.016,3.440,3.328,1.808,1.024,1.120,1.040,1.792,1.096,0.768,1.824,0.256,2008,いいえ,57.4,43.2,1.095,1.110,1.815,1.800,0.990,5.040,0.875,いいえ,いいえ,いいえ,42.8,1.095,1.110,1.815,1.800,0.990,5.040,1.000,いいえ,いいえ,いいえ,37,37,いいえ,はい,15388,14039,128,128,34,100.0,いいえ,いいえ,3868,2528,9990,38,40,48,100.0,100.0,いいえ,いいえ,7032,7744,0.0,0.1,0.1,0.000,0.008,1392,1007,0.0,0.0,0.0,0.000,0.000,181182,133153,0.0,0.0,0.0,0.000,0.034,66275,77621,65.3,0.720,44.000,600.0,2400.0,1200.0,100.0,0.0,0.0,0.0,0.0,0.0,0.0,0.0,0.0,125,2,16.0,86,いいえ,いいえ,いいえ,40.0,44.0,49.8,84.0,0.865,12.312,12.321,12.269,12.337,12.320,0,0,10.106,4.553,2.011,0.222,7.791,2.122,0.111,7.907,8.069,8.188,220.000,220.000,210.0,50.6,1185.0,210.0,1290.0,209.9,50.5,1413.5,2.0,5.0,1.0,0.0,10.1,0.7,1.1,0.0,1.8,0.0,0,0,はい,いいえ,いいえ,いいえ,いいえ,はい,いいえ,4.5,5.2,0,0,0,0,0,0,0,0,0,0,0,0,0,0,0,0,0,0,0,0,0,0,0,0,0,0,0,0,0,0,11040,1242,965,107,2.5,2.2,2.2,2.2,2.2,2.2,2.2,0.0,0.0,0.0,0.0,0.0,0.0,450.36,450.36,450.36,450.36,450.36,450.36,8.25,77.42,450.26,0.11,0.00,0,0,0.0,0.0,44287,38875,7.2,272.0,0,
19.7.2026,0:49:14.887,21003,12908,61.9,17136,14727,53.7,1.2,2048,26,1.071,1.050,1.075,1.090,1.090,1.070,1.050,4704.0,4641.6,4716.5,4741.4,4716.5,4716.5,4691.5,99.8,4649.1,4663.4,4646.8,4647.8,4647.6,4647.2,4648.0,4648.1,4648.2,4648.4,4648.4,4647.9,4647.0,4649.1,100.0,100.0,100.0,100.0,100.0,100.0,100.0,100.0,100.0,100.0,100.0,100.0,100.0,100.0,100.0,122.5,122.5,122.5,122.5,122.5,122.5,122.5,122.5,122.5,122.5,122.5,122.5,122.5,122.5,47.1,46.5,47.2,47.5,47.2,47.2,47.0,0.0,100.0,100.0,100.0,100.0,100.0,100.0,100.0,0.0,0.0,0.0,0.0,0.0,0.0,0.0,0.0,0.0,0.0,0.0,0.0,0.0,0.0,2395.7,24.00,40,39,39,77,116,708,1,85.8,85.0,84.9,82.0,77.5,82.7,84.5,84.2,79.3,83.6,65.2,65.2,70.2,63.1,45.6,44.0,47.0,1.054,1.015,1.100,40.824,7.905,40.820,49.500,5.458,64.087,6.707,6.367,6.809,6.775,6.815,6.689,6.784,43.044,8.023,57.071,62.668,1996.4,2395.7,4673.6,4673.6,4696.4,71.2,54.4,33.0,71.2,100.0,いいえ,いいえ,いいえ,9.343,3.503,6.0,39.0,85.8,40.0,85.0,1.080,12.197,3.456,3.328,5.040,1.064,1.016,3.440,3.328,1.808,1.024,1.120,1.032,1.792,1.104,0.768,1.824,0.256,2033,いいえ,57.4,43.2,1.095,1.110,1.815,1.800,0.990,5.040,0.875,いいえ,いいえ,いいえ,42.8,1.095,1.110,1.815,1.800,0.990,5.040,1.375,いいえ,いいえ,いいえ,37,37,いいえ,はい,15388,14039,128,128,34,100.0,いいえ,いいえ,3868,2528,9990,38,40,48,100.0,100.0,いいえ,いいえ,7032,7744,0.0,0.0,0.0,0.000,0.004,1392,1007,0.0,0.0,0.0,0.000,0.000,181182,133153,0.0,0.0,0.0,0.000,0.024,66275,77621,65.4,0.720,47.000,600.0,2400.0,1200.0,100.0,0.0,0.0,0.0,0.0,0.0,0.0,0.0,0.0,125,2,16.0,86,いいえ,いいえ,いいえ,40.0,44.0,49.8,84.0,0.865,12.312,12.320,12.270,12.336,12.320,0,0,10.259,4.641,2.253,0.222,7.779,2.368,0.111,7.904,8.102,8.391,220.000,220.000,210.0,50.6,1185.0,210.0,1290.0,210.1,50.5,1413.1,5.0,7.0,3.0,0.0,10.1,0.7,1.0,0.0,1.8,0.0,0,0,はい,いいえ,いいえ,いいえ,いいえ,はい,いいえ,4.6,4.9,0,0,0,0,0,0,0,0,0,0,0,0,0,0,0,0,0,0,0,0,0,0,0,0,0,0,0,0,0,0,11040,1242,965,109,2.5,2.2,2.2,2.2,2.2,2.2,2.2,0.0,0.0,0.0,0.0,0.0,0.0,450.36,450.36,450.36,450.36,450.36,450.36,8.25,77.42,450.26,0.11,0.00,0,0,0.0,0.0,44287,38875,9.4,232.0,0,
19.7.2026,0:49:16.897,20995,12916,61.9,17139,14724,53.7,1.2,2048,26,1.066,1.075,1.010,1.010,1.135,1.075,1.090,4699.9,4716.5,4566.8,4616.7,4816.3,4716.5,4766.4,99.8,4658.4,4672.5,4656.9,4656.8,4657.0,4656.4,4656.8,4657.0,4657.3,4657.4,4657.5,4657.4,4657.5,4658.4,100.0,100.0,100.0,100.0,100.0,100.0,100.0,100.0,100.0,100.0,100.0,100.0,100.0,100.0,100.0,122.8,122.8,122.8,122.8,122.8,122.8,122.8,122.8,122.8,122.8,122.8,122.8,122.8,122.8,47.1,47.2,45.8,46.2,48.2,47.2,47.8,0.0,100.0,100.0,100.0,100.0,100.0,100.0,100.0,0.0,0.0,0.0,0.0,0.0,0.0,0.0,0.0,0.0,0.0,0.0,0.0,0.0,0.0,2395.7,24.00,40,39,39,77,116,708,1,85.8,85.0,85.4,82.0,77.3,82.8,84.6,84.4,79.0,83.6,65.2,65.2,70.0,63.2,45.6,44.0,47.0,1.059,1.015,1.100,40.827,7.901,40.828,50.500,5.477,64.319,6.687,6.352,6.793,6.785,6.837,6.600,6.755,43.239,8.019,57.283,62.912,1996.4,2395.7,4683.0,4683.0,4706.1,71.5,54.4,33.7,71.5,100.0,いいえ,いいえ,いいえ,10.099,3.143,6.0,39.0,85.8,40.0,85.0,1.096,12.197,3.456,3.328,5.040,1.072,1.016,3.440,3.328,1.808,1.024,1.120,1.040,1.792,1.104,0.768,1.824,0.256,2020,いいえ,57.4,43.2,1.095,1.110,1.815,1.800,0.990,5.040,0.625,いいえ,いいえ,いいえ,42.8,1.095,1.110,1.815,1.800,0.990,5.040,0.875,いいえ,いいえ,いいえ,37,37,いいえ,はい,15388,14039,128,128,34,100.0,いいえ,いいえ,3868,2528,9990,38,40,48,100.0,100.0,いいえ,いいえ,7032,7744,0.0,0.1,0.1,0.000,0.008,1392,1007,0.0,0.0,0.0,0.000,0.000,181182,133153,0.0,0.0,0.0,0.000,0.090,66275,77621,65.4,0.720,39.000,600.0,2400.0,1200.0,100.0,0.0,0.0,0.0,0.0,0.0,0.0,0.0,0.0,125,2,16.0,86,いいえ,いいえ,いいえ,40.0,44.0,49.8,84.0,0.865,12.317,12.326,12.275,12.340,12.325,0,0,10.126,4.597,2.129,0.247,7.807,2.258,0.123,7.943,8.082,8.183,220.000,220.000,210.0,50.6,1185.0,210.0,1290.0,210.0,50.5,1413.6,1.0,6.0,0.0,0.0,10.1,0.5,0.7,0.0,1.4,0.0,0,0,はい,いいえ,いいえ,いいえ,いいえ,はい,いいえ,4.6,5.4,0,0,0,0,0,0,0,0,0,0,0,0,0,0,0,0,0,0,0,0,0,0,0,0,0,0,0,0,0,0,11040,1242,965,109,2.5,2.2,2.2,2.2,2.2,2.2,2.2,0.0,0.0,0.0,0.0,0.0,0.0,450.36,450.36,450.36,450.36,450.36,450.36,8.25,77.42,450.26,0.11,0.00,0,0,0.0,0.0,44287,38876,5.7,120.5,0,
19.7.2026,0:49:18.886,21005,12906,61.9,17142,14721,53.7,1.2,2048,26,1.060,1.075,1.025,1.060,1.075,1.075,1.050,4699.9,4716.5,4666.6,4716.5,4741.4,4691.5,4666.6,99.8,4661.2,4675.7,4660.1,4660.2,4660.2,4659.6,4660.3,4660.2,4659.9,4659.7,4659.7,4659.6,4659.6,4661.2,100.0,100.0,100.0,100.0,100.0,100.0,100.0,100.0,100.0,100.0,100.0,100.0,100.0,100.0,100.0,122.9,122.9,122.9,122.9,122.9,122.9,122.9,122.9,122.9,122.9,122.9,122.9,122.9,122.9,47.1,47.2,46.8,47.2,47.5,47.0,46.8,0.0,100.0,100.0,100.0,100.0,100.0,100.0,100.0,0.0,0.0,0.0,0.0,0.0,0.0,0.0,0.0,0.0,0.0,0.0,0.0,0.0,0.0,2395.7,24.00,40,39,39,77,116,708,1,85.8,85.0,85.2,81.9,77.4,82.8,84.7,84.3,78.9,83.4,65.2,65.2,69.8,63.4,45.6,44.0,47.0,1.060,1.015,1.100,40.681,8.006,40.684,49.000,5.455,64.353,6.687,6.384,6.788,6.796,6.826,6.600,6.727,43.144,8.126,57.270,62.923,1996.4,2395.7,4686.3,4686.3,4708.0,71.5,54.2,32.7,71.5,100.0,いいえ,いいえ,いいえ,10.390,3.143,6.0,39.0,85.8,40.0,85.0,1.096,12.197,3.456,3.328,5.040,1.072,1.016,3.440,3.328,1.808,1.024,1.120,1.040,1.792,1.104,0.768,1.824,0.256,2014,いいえ,57.4,43.2,1.095,1.110,1.815,1.800,0.990,5.040,0.625,いいえ,いいえ,いいえ,42.8,1.095,1.110,1.815,1.800,1.005,5.040,1.375,いいえ,いいえ,いいえ,37,37,いいえ,はい,15388,14039,128,128,34,100.0,いいえ,いいえ,3868,2528,9990,38,40,48,100.0,100.0,いいえ,いいえ,7032,7744,0.0,0.0,0.0,0.000,0.000,1392,1007,0.0,0.0,0.0,0.000,0.000,181182,133153,0.0,0.0,0.0,0.030,0.022,66275,77621,65.3,0.720,36.000,600.0,2400.0,1200.0,100.0,0.0,0.0,0.0,0.0,0.0,0.0,0.0,0.0,125,2,16.0,86,いいえ,いいえ,いいえ,40.0,44.0,49.9,84.0,0.865,12.312,12.321,12.270,12.336,12.320,0,0,10.195,4.656,2.375,0.246,7.804,2.492,0.123,7.932,8.094,8.181,220.000,220.000,210.0,50.6,1185.0,210.0,1290.0,210.0,50.5,1414.2,2.0,6.0,1.0,0.0,10.1,0.6,0.8,0.0,1.4,0.0,0,0,はい,いいえ,いいえ,いいえ,いいえ,はい,いいえ,4.7,4.9,0,0,0,0,0,0,0,0,0,0,0,0,0,0,0,0,0,0,0,0,0,0,0,0,0,0,0,0,0,0,11040,1242,965,109,2.5,2.2,2.2,2.2,2.2,2.2,2.2,0.0,0.0,0.0,0.0,0.0,0.0,450.36,450.36,450.36,450.36,450.36,450.36,8.25,77.42,450.26,0.11,0.00,0,0,0.0,0.0,44287,38876,9.5,176.2,0,
19.7.2026,0:49:20.900,21002,12909,61.9,17145,14718,53.8,1.2,2048,26,1.052,1.050,1.060,1.060,1.045,1.060,1.035,4666.6,4666.6,4691.5,4691.5,4666.6,4641.6,4641.6,99.8,4649.0,4663.4,4647.1,4647.8,4647.3,4647.5,4648.0,4648.1,4647.9,4647.7,4647.7,4647.5,4647.5,4649.0,100.0,100.0,100.0,100.0,100.0,100.0,100.0,100.0,100.0,100.0,100.0,100.0,100.0,100.0,100.0,122.5,122.5,122.5,122.5,122.5,122.5,122.5,122.5,122.5,122.5,122.5,122.5,122.5,122.5,46.8,46.8,47.0,47.0,46.8,46.5,46.5,0.0,100.0,100.0,100.0,100.0,100.0,100.0,100.0,0.0,0.0,0.0,0.0,0.0,0.0,0.0,0.0,0.0,0.0,0.0,0.0,0.0,0.0,2395.7,24.00,40,39,39,77,116,708,1,85.8,85.0,85.2,82.0,77.5,82.8,84.6,84.4,79.3,83.7,65.2,65.2,70.0,63.1,45.6,44.0,47.0,1.053,1.015,1.100,40.905,7.888,40.899,47.000,5.447,64.092,6.671,6.343,6.771,6.713,6.797,6.665,6.738,43.112,8.007,57.111,62.677,1996.4,2395.7,4673.7,4673.7,4696.2,71.2,54.5,31.3,71.2,100.0,いいえ,いいえ,いいえ,9.070,2.908,6.0,39.0,85.8,40.0,85.0,1.048,12.197,3.456,3.328,5.040,1.072,1.016,3.440,3.328,1.808,1.024,1.120,1.040,1.792,1.104,0.768,1.824,0.256,2036,いいえ,57.4,43.2,1.095,1.110,1.815,1.800,0.990,5.040,1.250,いいえ,いいえ,いいえ,42.8,1.095,1.110,1.815,1.800,0.990,5.040,1.125,いいえ,いいえ,いいえ,37,37,いいえ,はい,15388,14039,128,128,34,100.0,いいえ,いいえ,3868,2528,9990,38,40,48,100.0,100.0,いいえ,いいえ,7032,7744,0.0,0.0,0.0,0.000,0.004,1392,1007,0.0,0.0,0.0,0.000,0.000,181182,133153,0.0,0.0,0.0,0.000,0.008,66275,77622,65.4,0.720,42.000,600.0,2400.0,1200.0,100.0,0.0,0.0,0.0,0.0,0.0,0.0,0.0,0.0,125,2,16.0,86,いいえ,いいえ,いいえ,40.0,46.0,49.8,84.0,0.865,12.311,12.322,12.269,12.336,12.320,0,0,10.111,4.661,2.365,0.246,7.791,2.479,0.123,7.919,8.091,8.274,220.000,220.000,210.0,50.6,1185.0,210.0,1290.0,210.0,50.5,1414.5,3.0,6.0,1.0,0.0,10.1,0.6,0.9,0.0,1.6,0.0,0,0,はい,いいえ,いいえ,いいえ,いいえ,はい,いいえ,4.7,5.5,0,0,0,0,0,0,0,0,0,0,0,0,0,0,0,0,0,0,0,0,0,0,0,0,0,0,0,0,0,0,11040,1242,965,109,2.5,2.2,2.2,2.2,2.2,2.2,2.2,0.0,0.0,0.0,0.0,0.0,0.0,450.36,450.36,450.36,450.36,450.36,450.36,8.25,77.42,450.26,0.11,0.00,0,0,0.0,0.0,44287,38876,7.4,205.8,0,
19.7.2026,0:49:22.899,20993,12918,61.9,17145,14718,53.8,1.2,2048,26,1.056,1.050,1.050,1.060,1.035,1.075,1.065,4679.1,4641.6,4691.5,4691.5,4666.6,4691.5,4691.5,99.8,4651.5,4666.0,4649.5,4650.3,4650.2,4649.8,4650.4,4650.5,4650.4,4650.3,4650.4,4650.2,4650.3,4651.5,100.0,100.0,100.0,100.0,100.0,100.0,100.0,100.0,100.0,100.0,100.0,100.0,100.0,100.0,100.0,122.6,122.6,122.6,122.6,122.6,122.6,122.6,122.6,122.6,122.6,122.6,122.6,122.6,122.6,46.9,46.5,47.0,47.0,46.8,47.0,47.0,0.0,100.0,100.0,100.0,100.0,100.0,100.0,100.0,0.0,0.0,0.0,0.0,0.0,0.0,0.0,0.0,0.0,0.0,0.0,0.0,0.0,0.0,2395.7,24.00,40,39,39,77,116,708,1,85.8,85.0,84.9,82.1,77.7,82.8,84.7,84.4,79.1,83.7,65.3,65.3,70.2,63.0,45.6,44.0,47.0,1.055,1.015,1.100,40.964,8.023,40.969,52.500,5.464,64.453,6.681,6.392,6.757,6.767,6.801,6.620,6.753,43.235,8.143,57.388,63.010,1996.4,2395.7,4676.2,4676.2,4698.9,71.6,54.6,35.0,71.6,100.0,いいえ,いいえ,いいえ,9.815,3.150,6.0,39.0,85.8,40.0,85.0,1.048,12.197,3.456,3.328,5.040,1.072,1.016,3.440,3.328,1.808,1.024,1.120,1.040,1.792,1.104,0.768,1.824,0.256,2011,いいえ,57.4,43.2,1.095,1.110,1.815,1.800,0.990,5.040,1.000,いいえ,いいえ,いいえ,42.8,1.095,1.110,1.815,1.800,0.990,5.040,1.500,いいえ,いいえ,いいえ,37,37,いいえ,はい,15388,14039,128,128,34,100.0,いいえ,いいえ,3868,2528,9990,38,40,48,100.0,100.0,いいえ,いいえ,7032,7744,0.0,0.1,0.1,0.000,0.014,1392,1007,0.0,0.0,0.0,0.000,0.000,181182,133153,0.0,0.0,0.0,0.000,0.002,66275,77622,65.4,0.720,44.000,600.0,2400.0,1200.0,100.0,0.0,0.0,0.0,0.0,0.0,0.0,0.0,0.0,125,2,16.0,86,いいえ,いいえ,いいえ,40.0,44.0,49.8,84.0,0.865,12.305,12.315,12.263,12.330,12.314,0,0,10.011,4.583,2.168,0.222,7.750,2.281,0.111,7.869,8.088,8.176,220.000,220.000,210.0,50.6,1185.0,210.0,1290.0,210.0,50.5,1412.9,3.0,6.0,1.0,0.0,10.1,0.7,1.0,0.0,1.6,0.0,0,0,はい,いいえ,いいえ,いいえ,いいえ,はい,いいえ,4.6,5.0,0,0,0,0,0,0,0,0,0,0,0,0,0,0,0,0,0,0,0,0,0,0,0,0,0,0,0,0,0,0,11040,1242,965,108,2.5,2.2,2.2,2.2,2.2,2.2,2.2,0.0,0.0,0.0,0.0,0.0,0.0,450.36,450.36,450.36,450.36,450.36,450.36,8.25,77.42,450.26,0.11,0.00,0,0,0.0,0.0,44287,38877,6.2,163.9,0,
19.7.2026,0:49:24.892,20992,12919,61.9,17143,14720,53.8,1.2,2048,26,1.061,1.060,1.050,1.035,1.060,1.090,1.070,4679.1,4691.5,4591.7,4641.6,4716.5,4741.4,4691.5,99.8,4638.8,4653.0,4637.2,4637.6,4637.1,4637.0,4637.5,4637.6,4637.3,4637.6,4637.9,4637.6,4637.7,4638.8,100.0,100.0,100.0,100.0,100.0,100.0,100.0,100.0,100.0,100.0,100.0,100.0,100.0,100.0,100.0,122.3,122.3,122.3,122.3,122.3,122.3,122.3,122.3,122.3,122.3,122.3,122.3,122.3,122.3,46.9,47.0,46.0,46.5,47.2,47.5,47.0,0.0,100.0,100.0,100.0,100.0,100.0,100.0,100.0,0.0,0.0,0.0,0.0,0.0,0.0,0.0,0.0,0.0,0.0,0.0,0.0,0.0,0.0,2395.7,24.00,40,39,39,77,116,708,1,85.8,85.0,84.9,81.9,77.5,82.8,84.7,84.3,78.8,83.3,65.2,65.2,70.2,63.0,45.6,44.0,47.0,1.047,1.015,1.100,40.922,7.817,40.918,49.000,5.470,63.755,6.620,6.322,6.715,6.756,6.785,6.513,6.627,42.878,7.934,56.829,62.367,1996.4,2395.7,4663.4,4663.4,4685.3,70.9,54.6,32.7,70.9,100.0,いいえ,いいえ,いいえ,8.696,2.824,6.0,39.0,85.8,40.0,85.0,1.064,12.197,3.456,3.328,5.040,1.072,1.016,3.440,3.328,1.808,1.024,1.120,1.040,1.792,1.104,0.768,1.824,0.256,2011,いいえ,57.4,43.2,1.095,1.110,1.815,1.800,0.990,5.040,0.625,いいえ,いいえ,いいえ,42.8,1.095,1.110,1.815,1.800,0.990,5.040,0.875,いいえ,いいえ,いいえ,37,37,いいえ,はい,15388,14039,128,128,34,100.0,いいえ,いいえ,3868,2528,9990,38,40,48,100.0,100.0,いいえ,いいえ,7032,7744,0.0,0.0,0.0,0.000,0.002,1392,1007,0.0,0.0,0.0,0.000,0.000,181182,133153,0.0,0.0,0.0,0.000,0.000,66275,77622,65.4,0.720,38.000,600.0,2400.0,1200.0,100.0,0.0,0.0,0.0,0.0,0.0,0.0,0.0,0.0,125,2,16.0,86,いいえ,いいえ,いいえ,40.0,44.0,49.8,84.0,0.865,12.308,12.318,12.267,12.333,12.317,0,0,9.915,4.574,2.040,0.222,7.777,2.158,0.111,7.897,8.194,8.192,220.000,220.000,210.0,50.6,1185.0,210.0,1290.0,210.0,50.5,1413.2,1.0,5.0,0.0,0.0,10.1,0.5,0.6,0.0,1.2,0.0,0,0,はい,いいえ,いいえ,いいえ,いいえ,はい,いいえ,4.5,4.9,0,0,0,0,0,0,0,0,0,0,0,0,0,0,0,0,0,0,0,0,0,0,0,0,0,0,0,0,0,0,11040,1242,965,107,2.5,2.2,2.2,2.2,2.2,2.2,2.2,0.0,0.0,0.0,0.0,0.0,0.0,450.36,450.36,450.36,450.36,450.36,450.36,8.25,77.42,450.26,0.11,0.00,0,0,0.0,0.0,44287,38877,6.4,249.1,0,
19.7.2026,0:49:26.890,20992,12919,61.9,17145,14718,53.8,1.2,2048,26,1.053,1.090,1.050,1.070,1.025,1.060,1.025,4670.7,4791.4,4641.6,4666.6,4616.7,4691.5,4616.7,99.8,4653.3,4668.0,4651.8,4651.7,4651.9,4652.0,4652.2,4652.2,4652.1,4652.2,4652.0,4651.8,4651.9,4653.3,100.0,100.0,100.0,100.0,100.0,100.0,100.0,100.0,100.0,100.0,100.0,100.0,100.0,100.0,100.0,122.7,122.7,122.7,122.6,122.7,122.7,122.7,122.7,122.7,122.7,122.7,122.7,122.7,122.7,46.8,48.0,46.5,46.8,46.2,47.0,46.2,0.0,100.0,100.0,100.0,100.0,100.0,100.0,100.0,0.0,0.0,0.0,0.0,0.0,0.0,0.0,0.0,0.0,0.0,0.0,0.0,0.0,0.0,2395.7,24.00,40,39,39,77,116,708,1,85.8,85.0,83.9,82.0,77.4,82.8,84.6,84.4,79.0,83.5,65.2,65.2,69.8,63.2,45.6,44.0,47.0,1.056,1.015,1.100,40.655,8.091,40.657,51.500,5.477,64.238,6.674,6.341,6.750,6.749,6.837,6.623,6.744,42.966,8.213,57.203,62.853,1996.4,2395.7,4678.6,4678.6,4701.0,71.4,54.2,34.3,71.4,100.0,いいえ,いいえ,いいえ,10.314,3.310,6.0,39.0,85.8,40.0,85.0,1.040,12.144,3.440,3.328,5.040,1.064,1.016,3.440,3.328,1.808,1.024,1.120,1.040,1.792,1.104,0.768,1.824,0.256,2011,いいえ,57.4,43.2,1.095,1.110,1.815,1.800,0.990,5.040,0.875,いいえ,いいえ,いいえ,42.8,1.095,1.110,1.815,1.800,0.990,5.040,0.750,いいえ,いいえ,いいえ,37,37,いいえ,はい,15388,14039,128,128,34,100.0,いいえ,いいえ,3868,2528,9990,38,40,48,100.0,100.0,いいえ,いいえ,7032,7744,0.0,0.1,0.1,0.000,0.010,1392,1007,0.0,0.0,0.0,0.000,0.000,181182,133153,0.0,0.0,0.0,0.000,0.030,66275,77622,65.4,0.720,45.000,600.0,2400.0,1200.0,100.0,0.0,0.0,0.0,0.0,0.0,0.0,0.0,0.0,125,2,16.0,86,いいえ,いいえ,いいえ,40.0,44.0,49.8,84.0,0.865,12.311,12.318,12.271,12.335,12.320,0,0,9.986,4.566,1.985,0.246,7.804,2.109,0.123,7.935,8.149,8.178,220.000,220.000,210.0,50.6,1185.0,210.0,1290.0,210.2,50.5,1413.5,1.0,6.0,0.0,0.0,10.1,0.7,0.9,0.0,1.7,0.0,0,0,はい,いいえ,いいえ,いいえ,いいえ,はい,いいえ,4.5,4.9,0,0,0,0,0,0,0,0,0,0,0,0,0,0,0,0,0,0,0,0,0,0,0,0,0,0,0,0,0,0,11040,1242,965,107,2.5,4.2,17.4,1.9,1.9,1.9,1.9,3.5,3.5,3.5,3.5,3.5,3.5,238.27,528.86,57.36,57.22,536.01,536.01,3.11,38.47,238.17,0.10,221.49,0,0,0.0,0.0,44287,38878,6.2,152.8,0,
19.7.2026,0:49:28.899,20993,12918,61.9,17147,14716,53.8,1.2,2048,26,1.058,1.025,1.050,1.050,1.090,1.075,1.060,4679.1,4616.7,4666.6,4666.6,4716.5,4716.5,4691.5,99.8,4641.4,4655.8,4639.8,4640.0,4640.1,4639.7,4639.7,4640.3,4640.3,4639.6,4640.0,4640.4,4640.7,4641.4,100.0,100.0,100.0,100.0,100.0,100.0,100.0,100.0,100.0,100.0,100.0,100.0,100.0,100.0,100.0,122.3,122.3,122.3,122.3,122.3,122.3,122.3,122.3,122.3,122.3,122.3,122.3,122.3,122.3,46.9,46.2,46.8,46.8,47.2,47.2,47.0,0.0,100.0,100.0,100.0,100.0,100.0,100.0,100.0,0.0,0.0,0.0,0.0,0.0,0.0,0.0,0.0,0.0,0.0,0.0,0.0,0.0,0.0,2395.7,24.00,40,39,39,77,116,708,1,85.8,85.0,84.0,81.9,77.3,82.7,84.6,84.3,79.0,83.5,65.1,65.1,70.2,63.2,45.7,44.0,47.0,1.049,1.015,1.100,40.830,8.085,40.830,47.500,5.486,64.161,6.638,6.310,6.716,6.747,6.797,6.569,6.687,42.867,8.207,57.108,62.692,1996.4,2395.7,4666.4,4666.4,4688.5,71.2,54.4,31.7,71.2,100.0,いいえ,いいえ,いいえ,9.057,3.268,6.0,39.0,85.8,40.0,85.0,1.064,12.197,3.440,3.312,5.040,1.064,1.016,3.440,3.328,1.808,1.024,1.120,1.040,1.792,1.104,0.768,1.824,0.256,2014,いいえ,57.4,43.2,1.095,1.110,1.815,1.800,0.990,5.040,0.875,いいえ,いいえ,いいえ,42.8,1.095,1.110,1.815,1.815,0.990,5.040,0.750,いいえ,いいえ,いいえ,37,37,いいえ,はい,15388,14039,128,128,34,100.0,いいえ,いいえ,3868,2528,9990,38,40,48,100.0,100.0,いいえ,いいえ,7032,7744,0.0,6.5,6.5,0.000,0.002,1392,1007,0.0,0.0,0.0,0.000,0.000,181182,133153,0.0,0.0,0.0,0.000,0.045,66275,77622,65.3,0.720,41.000,600.0,2400.0,1200.0,100.0,0.0,0.0,0.0,0.0,0.0,0.0,0.0,0.0,125,2,16.0,86,いいえ,いいえ,いいえ,40.0,46.0,49.7,84.0,0.865,12.308,12.317,12.266,12.334,12.317,0,0,9.970,4.490,1.872,0.172,7.728,1.961,0.086,7.821,8.116,8.161,220.000,220.000,210.0,50.6,1185.0,210.0,1290.0,209.9,50.5,1414.0,6.0,7.0,3.0,0.0,10.1,0.7,1.2,0.0,1.7,0.0,0,0,はい,いいえ,いいえ,いいえ,いいえ,はい,いいえ,4.4,5.2,0,0,0,0,0,0,0,0,0,0,0,0,0,0,0,0,0,0,0,0,0,0,0,0,0,0,0,0,0,0,11040,1242,965,107,2.5,6.6,17.7,1.4,1.4,1.4,1.4,0.0,0.0,0.0,0.0,0.0,0.0,152.12,693.87,56.53,56.53,737.13,737.13,2.03,9.81,152.01,0.11,0.00,0,0,0.0,0.0,44287,38878,6.1,152.2,0,
19.7.2026,0:49:30.894,20996,12915,61.9,17149,14714,53.8,1.2,2048,26,1.048,1.045,1.050,1.060,1.060,1.035,1.035,4666.6,4666.6,4666.6,4666.6,4716.5,4641.6,4641.6,99.8,4647.7,4662.0,4646.2,4646.6,4646.6,4646.0,4646.4,4646.5,4646.8,4646.7,4646.5,4646.3,4646.3,4647.7,100.0,100.0,100.0,100.0,100.0,100.0,100.0,100.0,100.0,100.0,100.0,100.0,100.0,100.0,100.0,122.5,122.5,122.5,122.5,122.5,122.5,122.5,122.5,122.5,122.5,122.5,122.5,122.5,122.5,46.8,46.8,46.8,46.8,47.2,46.5,46.5,0.0,100.0,100.0,100.0,100.0,100.0,100.0,100.0,0.0,0.0,0.0,0.0,0.0,0.0,0.0,0.0,0.0,0.0,0.0,0.0,0.0,0.0,2395.7,24.00,40,39,39,77,116,708,1,85.8,85.0,85.4,81.9,77.3,82.7,84.7,84.4,79.0,83.5,65.2,65.2,70.0,63.3,45.6,44.0,47.0,1.053,1.015,1.100,40.923,7.985,40.922,50.000,5.457,64.218,6.663,6.315,6.732,6.790,6.852,6.601,6.686,43.109,8.104,57.216,62.814,1996.4,2395.7,4672.4,4672.4,4695.1,71.4,54.6,33.3,71.4,100.0,いいえ,いいえ,いいえ,9.561,3.140,6.0,39.0,85.8,40.0,85.0,1.056,12.197,3.456,3.328,5.040,1.072,1.016,3.440,3.328,1.808,1.024,1.120,1.040,1.792,1.104,0.768,1.824,0.256,2030,いいえ,57.4,43.2,1.095,1.110,1.815,1.800,1.005,5.040,1.375,いいえ,いいえ,いいえ,42.8,1.095,1.110,1.815,1.800,1.005,5.040,0.625,いいえ,いいえ,いいえ,37,37,いいえ,はい,15388,14039,128,128,34,100.0,いいえ,いいえ,3868,2528,9990,38,40,48,100.0,100.0,いいえ,いいえ,7032,7744,0.0,0.0,0.0,0.000,0.004,1392,1007,0.0,0.0,0.0,0.000,0.000,181182,133153,0.0,0.1,0.1,0.000,0.060,66275,77622,65.3,0.720,39.000,600.0,2400.0,1200.0,100.0,0.0,0.0,0.0,0.0,0.0,0.0,0.0,0.0,125,2,16.0,86,いいえ,いいえ,いいえ,40.0,44.0,49.8,84.0,0.865,12.308,12.315,12.266,12.334,12.317,0,0,10.068,4.519,1.857,0.197,7.752,1.949,0.099,7.852,8.284,8.166,220.000,220.000,210.0,50.6,1185.0,210.0,1290.0,210.0,50.5,1413.1,1.0,5.0,0.0,0.0,10.1,0.4,0.6,0.0,1.1,0.0,0,0,はい,いいえ,いいえ,いいえ,いいえ,はい,いいえ,4.4,5.1,0,0,0,0,0,0,0,0,0,0,0,0,0,0,0,0,0,0,0,0,0,0,0,0,0,0,0,0,0,0,11040,1242,965,107,2.5,4.4,15.5,2.6,2.6,2.6,2.6,3.7,5.9,2.7,2.7,2.7,2.7,228.44,389.54,64.58,62.29,391.91,391.91,4.14,73.52,228.34,0.10,56.80,0,0,0.0,0.0,44287,38878,6.5,163.5,0,
19.7.2026,0:49:32.899,20994,12917,61.9,17151,14712,53.8,1.2,2048,26,1.042,1.045,1.010,1.035,1.050,1.035,1.075,4645.8,4641.6,4591.7,4641.6,4616.7,4641.6,4741.4,99.8,4634.8,4650.0,4633.7,4633.6,4634.1,4633.9,4634.3,4634.1,4633.5,4631.2,4632.7,4633.7,4632.4,4634.8,100.0,100.0,100.0,100.0,100.0,100.0,100.0,100.0,100.0,99.9,100.0,100.0,100.0,100.0,100.0,122.2,122.2,122.2,122.2,122.2,122.2,122.2,122.2,122.2,122.1,122.2,122.2,122.2,122.2,46.5,46.5,46.0,46.5,46.2,46.5,47.5,0.0,100.0,100.0,100.0,100.0,100.0,100.0,100.0,0.0,0.0,0.0,0.0,0.0,0.0,0.0,0.0,0.0,0.0,0.0,0.0,0.0,0.0,2395.7,24.00,40,39,39,77,116,708,1,85.8,85.0,84.4,81.8,77.2,82.7,84.6,84.2,79.0,83.5,65.0,65.0,70.0,63.1,45.6,44.0,47.0,1.046,1.015,1.100,40.835,7.950,40.835,48.500,5.444,63.741,6.620,6.293,6.688,6.730,6.740,6.578,6.693,42.740,8.070,56.798,62.331,1996.4,2395.7,4660.2,4660.2,4682.3,70.8,54.4,32.3,70.8,100.0,いいえ,いいえ,いいえ,8.354,2.967,6.0,39.0,85.8,40.0,85.0,1.056,12.197,3.440,3.328,5.040,1.072,1.016,3.440,3.328,1.808,1.024,1.120,1.040,1.792,1.104,0.768,1.824,0.256,2020,いいえ,57.4,43.2,1.095,1.110,1.815,1.800,1.005,5.040,1.000,いいえ,いいえ,いいえ,42.8,1.095,1.110,1.815,1.800,1.005,5.040,0.625,いいえ,いいえ,いいえ,37,37,いいえ,はい,15388,14039,128,128,34,100.0,いいえ,いいえ,3868,2528,9990,38,40,48,100.0,100.0,いいえ,いいえ,7032,7744,0.0,0.1,0.1,0.000,0.006,1392,1007,0.0,0.0,0.0,0.000,0.000,181182,133153,0.0,0.0,0.0,0.000,0.040,66275,77622,65.3,0.720,37.000,600.0,2400.0,1200.0,100.0,0.0,0.0,0.0,0.0,0.0,0.0,0.0,0.0,125,2,16.0,86,いいえ,いいえ,いいえ,40.1,44.0,49.9,84.0,0.865,12.307,12.314,12.265,12.332,12.316,0,0,10.276,4.567,2.048,0.222,7.776,2.158,0.111,7.892,8.149,8.180,220.000,220.000,210.0,50.6,1185.0,210.0,1290.0,210.1,50.5,1413.4,3.0,6.0,1.0,0.0,10.1,0.7,1.0,0.0,1.8,0.0,0,0,はい,いいえ,いいえ,いいえ,いいえ,はい,いいえ,4.5,4.9,0,0,0,0,0,0,0,0,0,0,0,0,0,0,0,0,0,0,0,0,0,0,0,0,0,0,0,0,0,0,11040,1242,965,107,2.5,4.1,4.1,4.1,4.1,4.1,4.1,0.0,0.0,0.0,0.0,0.0,0.0,242.65,242.65,242.65,242.65,242.65,242.65,6.40,76.32,242.56,0.09,0.00,0,0,0.0,0.0,44287,38879,6.7,196.4,0,
19.7.2026,0:49:34.892,20992,12919,61.9,17150,14713,53.8,1.2,2048,26,1.041,1.030,1.025,1.025,1.035,1.095,1.035,4645.8,4641.6,4641.6,4641.6,4616.7,4691.5,4641.6,99.8,4644.6,4659.1,4643.1,4643.5,4643.6,4643.1,4643.5,4643.7,4643.5,4643.6,4643.5,4642.2,4642.9,4644.6,100.0,100.0,100.0,100.0,100.0,100.0,100.0,100.0,100.0,100.0,100.0,100.0,100.0,100.0,100.0,122.4,122.4,122.4,122.4,122.4,122.4,122.4,122.4,122.4,122.4,122.4,122.4,122.4,122.4,46.5,46.5,46.5,46.5,46.2,47.0,46.5,0.0,100.0,100.0,100.0,100.0,100.0,100.0,100.0,0.0,0.0,0.0,0.0,0.0,0.0,0.0,0.0,0.0,0.0,0.0,0.0,0.0,0.0,2395.7,24.00,40,39,39,77,116,708,1,85.8,85.0,83.5,82.0,77.6,82.8,84.7,84.4,79.1,83.7,65.1,65.1,69.8,63.0,45.6,44.0,47.0,1.051,1.015,1.100,41.037,8.017,41.037,48.000,5.447,64.327,6.704,6.407,6.766,6.791,6.853,6.647,6.760,43.166,8.138,57.296,62.895,1996.4,2395.7,4669.5,4669.5,4692.2,71.5,54.7,32.0,71.5,100.0,いいえ,いいえ,いいえ,9.394,3.388,6.0,39.0,85.8,40.0,85.0,1.088,12.144,3.440,3.328,5.040,1.072,1.016,3.440,3.328,1.808,1.024,1.120,1.040,1.792,1.104,0.768,1.824,0.256,2014,いいえ,57.4,43.2,1.095,1.110,1.815,1.800,1.005,5.040,0.750,いいえ,いいえ,いいえ,42.8,1.110,1.110,1.815,1.800,1.005,5.040,0.625,いいえ,いいえ,いいえ,37,37,いいえ,はい,15388,14039,128,128,34,100.0,いいえ,いいえ,3868,2528,9990,38,40,48,100.0,100.0,いいえ,いいえ,7032,7744,0.0,0.0,0.0,0.000,0.004,1392,1008,0.0,0.0,0.0,0.000,0.000,181182,133153,0.0,0.0,0.0,0.000,0.000,66275,77622,65.3,0.720,45.000,600.0,2400.0,1200.0,100.0,0.0,0.0,0.0,0.0,0.0,0.0,0.0,0.0,125,2,16.0,86,いいえ,いいえ,いいえ,40.0,44.0,49.8,84.0,0.865,12.310,12.318,12.269,12.335,12.320,0,0,10.075,4.700,2.493,0.271,7.816,2.627,0.136,7.961,8.119,8.176,220.000,220.000,210.0,50.6,1185.0,210.0,1290.0,210.0,50.5,1413.9,2.0,6.0,1.0,0.0,10.1,0.6,0.8,0.0,1.7,0.0,0,0,はい,いいえ,いいえ,いいえ,いいえ,はい,いいえ,4.8,4.9,0,0,0,0,0,0,0,0,0,0,0,0,0,0,0,0,0,0,0,0,0,0,0,0,0,0,0,0,0,0,11040,1242,965,107,2.5,1.3,14.1,0.7,0.7,0.7,0.7,0.0,0.0,0.0,0.0,0.0,0.0,787.10,1503.11,71.10,57.95,1517.72,1517.72,3.15,39.44,787.00,0.10,0.00,0,0,0.0,0.0,44287,38879,6.7,182.2,0,
19.7.2026,0:49:36.901,20992,12919,61.9,17150,14713,53.8,1.2,2048,26,1.043,1.075,1.035,1.000,1.025,1.060,1.060,4662.4,4716.5,4641.6,4541.8,4641.6,4716.5,4716.5,99.8,4652.7,4666.8,4651.3,4651.4,4651.4,4650.8,4651.2,4651.3,4651.8,4651.7,4651.8,4651.6,4651.7,4652.7,100.0,100.0,100.0,100.0,100.0,100.0,100.0,100.0,100.0,100.0,100.0,100.0,100.0,100.0,100.0,122.6,122.6,122.6,122.6,122.6,122.6,122.6,122.6,122.6,122.6,122.6,122.6,122.6,122.6,46.7,47.2,46.5,45.5,46.5,47.2,47.2,0.0,100.0,100.0,100.0,100.0,100.0,100.0,100.0,0.0,0.0,0.0,0.0,0.0,0.0,0.0,0.0,0.0,0.0,0.0,0.0,0.0,0.0,2395.7,24.00,40,39,39,77,116,708,1,85.8,85.0,85.2,81.9,77.7,82.7,84.5,84.4,78.9,83.5,65.1,65.1,70.0,63.2,45.7,44.0,47.0,1.055,1.015,1.100,40.905,7.879,40.903,49.500,5.453,64.124,6.649,6.411,6.710,6.712,6.824,6.548,6.689,43.172,7.997,57.167,62.723,1996.4,2395.7,4676.8,4676.8,4699.3,71.3,54.5,33.0,71.3,100.0,いいえ,いいえ,いいえ,9.034,2.773,6.0,39.0,85.8,40.0,85.0,1.064,12.144,3.440,3.328,5.040,1.064,1.016,3.440,3.328,1.808,1.024,1.120,1.032,1.792,1.104,0.768,1.824,0.256,2036,いいえ,57.4,43.2,1.095,1.110,1.815,1.800,1.005,5.040,0.750,いいえ,いいえ,いいえ,42.8,1.095,1.110,1.815,1.800,1.005,5.040,0.625,いいえ,いいえ,いいえ,37,37,いいえ,はい,15388,14039,128,128,34,100.0,いいえ,いいえ,3868,2528,9990,38,40,48,100.0,100.0,いいえ,いいえ,7032,7744,0.0,0.1,0.1,0.000,0.010,1392,1008,0.0,0.0,0.0,0.000,0.000,181182,133153,0.0,0.0,0.0,0.000,0.004,66275,77622,65.3,0.720,40.000,600.0,2400.0,1200.0,100.0,0.0,0.0,0.0,0.0,0.0,0.0,0.0,0.0,125,2,16.0,86,いいえ,いいえ,いいえ,40.0,44.0,49.7,84.0,0.865,12.306,12.314,12.263,12.332,12.315,0,0,10.159,4.530,1.847,0.222,7.799,1.961,0.111,7.916,8.210,8.175,220.000,220.000,210.0,50.6,1185.0,210.0,1290.0,209.9,50.5,1413.8,1.0,5.0,0.0,0.0,10.1,0.6,0.8,0.0,1.6,0.0,0,0,はい,いいえ,いいえ,いいえ,いいえ,はい,いいえ,4.4,4.9,0,0,0,0,0,0,0,0,0,0,0,0,0,0,0,0,0,0,0,0,0,0,0,0,0,0,0,0,0,0,11040,1242,965,107,2.5,5.3,16.1,3.1,3.1,3.1,3.1,3.0,3.5,2.6,2.6,2.6,2.6,190.35,319.36,62.04,62.00,319.44,319.44,3.29,38.91,190.24,0.11,48.03,0,0,0.0,0.0,44287,38879,7.0,285.9,0,
19.7.2026,0:49:38.907,20993,12918,61.9,17154,14709,53.8,1.2,2048,26,1.090,1.070,1.120,1.120,1.035,1.105,1.090,4737.3,4716.5,4816.3,4791.4,4641.6,4741.4,4716.5,99.8,4649.4,4663.6,4647.1,4647.5,4648.2,4647.9,4648.6,4647.8,4648.7,4648.7,4648.2,4648.2,4648.0,4649.4,100.0,100.0,100.0,100.0,100.0,100.0,100.0,100.0,100.0,100.0,100.0,100.0,100.0,100.0,100.0,122.5,122.5,122.5,122.5,122.6,122.6,122.6,122.5,122.6,122.6,122.5,122.5,122.5,122.5,47.5,47.2,48.2,48.0,46.5,47.5,47.2,0.0,100.0,100.0,100.0,100.0,100.0,100.0,100.0,0.0,0.0,0.0,0.0,0.0,0.0,0.0,0.0,0.0,0.0,0.0,0.0,0.0,0.0,2395.7,24.00,40,39,39,77,116,708,1,85.8,85.0,84.9,81.9,77.3,82.6,84.6,84.4,79.2,83.5,65.1,65.1,70.0,63.3,45.6,44.0,47.0,1.054,1.015,1.100,40.760,7.933,40.770,49.000,5.447,63.993,6.650,6.286,6.690,6.747,6.818,6.638,6.724,42.970,8.052,57.014,62.575,1996.4,2395.7,4673.7,4673.7,4696.7,71.1,54.4,32.7,71.1,100.0,いいえ,いいえ,いいえ,8.785,2.764,6.0,39.0,85.8,40.0,85.0,1.048,12.144,3.440,3.328,5.040,1.064,1.016,3.440,3.328,1.808,1.024,1.120,1.040,1.792,1.104,0.768,1.824,0.256,2020,いいえ,57.4,43.2,1.095,1.110,1.815,1.800,1.005,5.040,0.750,いいえ,いいえ,いいえ,43.0,1.095,1.110,1.815,1.800,1.005,5.040,0.625,いいえ,いいえ,いいえ,37,37,いいえ,はい,15388,14039,128,128,34,100.0,いいえ,いいえ,3868,2528,9990,38,40,48,100.0,100.0,いいえ,いいえ,7032,7744,0.0,0.1,0.1,0.000,0.010,1392,1008,0.0,0.0,0.0,0.000,0.000,181182,133153,0.0,0.0,0.0,0.000,0.000,66275,77622,65.3,0.720,45.000,600.0,2400.0,1200.0,100.0,0.0,0.0,0.0,0.0,0.0,0.0,0.0,0.0,125,2,16.0,86,いいえ,いいえ,いいえ,40.1,44.0,49.8,84.0,0.865,12.310,12.318,12.268,12.336,12.320,0,0,10.335,4.664,2.370,0.246,7.803,2.492,0.123,7.926,8.180,8.174,220.000,220.000,210.0,50.6,1185.0,210.0,1290.0,209.9,50.5,1413.5,4.0,6.0,3.0,0.0,10.1,0.9,1.5,0.0,2.2,0.0,0,0,はい,いいえ,いいえ,いいえ,いいえ,はい,いいえ,4.7,4.9,0,0,0,0,0,0,0,0,0,0,0,0,0,0,0,0,0,0,0,0,0,0,0,0,0,0,0,0,0,0,11040,1242,965,107,2.5,2.0,15.7,0.6,0.6,0.6,0.6,1.2,8.7,0.6,0.6,0.6,0.6,499.23,1574.74,63.64,63.03,1616.26,1616.26,3.33,54.08,499.13,0.10,154.31,0,0,0.0,0.0,44287,38880,7.4,305.3,0,
19.7.2026,0:49:40.912,20998,12913,61.9,17155,14708,53.8,1.2,2048,26,1.032,1.025,1.045,1.035,1.035,1.025,1.025,4629.2,4641.6,4641.6,4616.7,4641.6,4641.6,4591.7,99.8,4645.6,4660.5,4644.6,4644.7,4644.5,4644.2,4644.6,4644.4,4644.6,4644.1,4643.5,4643.8,4643.7,4645.6,100.0,100.0,100.0,100.0,100.0,100.0,100.0,100.0,100.0,100.0,100.0,100.0,100.0,100.0,100.0,122.5,122.5,122.5,122.5,122.5,122.5,122.5,122.5,122.5,122.5,122.5,122.5,122.5,122.5,46.4,46.5,46.5,46.2,46.5,46.5,46.0,0.0,100.0,100.0,100.0,100.0,100.0,100.0,100.0,0.0,0.0,0.0,0.0,0.0,0.0,0.0,0.0,0.0,0.0,0.0,0.0,0.0,0.0,2395.7,24.00,40,39,39,77,116,708,1,85.8,85.0,85.4,82.0,77.7,82.8,84.6,84.4,79.0,83.4,65.2,65.2,70.5,63.5,45.6,44.0,47.0,1.052,1.015,1.100,40.895,7.915,40.888,49.500,5.442,64.079,6.706,6.450,6.812,6.803,6.881,6.585,6.704,43.047,8.033,57.066,62.637,1996.4,2395.7,4670.7,4670.7,4692.9,71.2,54.5,33.0,71.2,100.0,いいえ,いいえ,いいえ,9.032,3.141,6.0,39.0,85.8,40.0,85.0,1.088,12.197,3.456,3.328,5.040,1.064,1.016,3.440,3.328,1.808,1.024,1.120,1.032,1.792,1.104,0.768,1.824,0.256,2033,いいえ,57.4,43.2,1.095,1.110,1.815,1.800,1.005,5.040,0.875,いいえ,いいえ,いいえ,42.8,1.095,1.110,1.815,1.815,1.005,5.040,0.500,いいえ,いいえ,いいえ,37,37,いいえ,はい,15388,14039,128,128,34,100.0,いいえ,いいえ,3868,2528,9990,38,40,48,100.0,100.0,いいえ,いいえ,7032,7744,0.0,0.0,0.0,0.000,0.002,1392,1008,0.0,0.0,0.0,0.000,0.000,181182,133153,0.0,0.0,0.0,0.000,0.008,66275,77622,65.3,0.720,37.000,600.0,2400.0,1200.0,100.0,0.0,0.0,0.0,0.0,0.0,0.0,0.0,0.0,125,2,16.0,86,いいえ,いいえ,いいえ,40.0,46.0,49.7,84.0,0.865,12.308,12.316,12.267,12.333,12.317,0,0,10.179,4.656,2.354,0.222,7.789,2.467,0.111,7.907,8.112,8.283,220.000,220.000,210.0,50.6,1185.0,210.0,1290.0,210.0,50.5,1412.8,1.0,5.0,0.0,0.0,10.1,0.7,1.1,0.0,1.8,0.0,0,0,はい,いいえ,いいえ,いいえ,いいえ,はい,いいえ,4.7,5.3,0,0,0,0,0,0,0,0,0,0,0,0,0,0,0,0,0,0,0,0,0,0,0,0,0,0,0,0,0,0,11040,1242,965,107,2.5,2.0,15.7,0.6,0.6,0.6,0.6,1.2,8.7,0.6,0.6,0.6,0.6,499.23,1574.74,63.64,63.03,1616.26,1616.26,3.33,54.08,499.13,0.10,154.31,0,0,0.0,0.0,44287,38880,6.5,192.2,0,
19.7.2026,0:49:42.904,20975,12935,61.8,17144,14718,53.8,1.2,2048,25,1.062,1.090,1.060,1.075,1.050,1.050,1.050,4699.9,4741.4,4666.6,4716.5,4691.5,4691.5,4691.5,99.8,4646.5,4660.4,4644.7,4645.0,4645.0,4644.6,4645.2,4645.4,4645.4,4645.5,4645.7,4645.6,4645.6,4646.5,100.0,100.0,100.0,100.0,100.0,100.0,100.0,100.0,100.0,100.0,100.0,100.0,100.0,100.0,100.0,122.5,122.5,122.5,122.5,122.5,122.5,122.5,122.5,122.5,122.5,122.5,122.5,122.5,122.5,47.1,47.5,46.8,47.2,47.0,47.0,47.0,0.0,100.0,100.0,100.0,100.0,100.0,100.0,100.0,0.0,0.0,0.0,0.0,0.0,0.0,0.0,0.0,0.0,0.0,0.0,0.0,0.0,0.0,2395.7,24.00,40,39,39,77,116,708,1,85.8,85.0,85.9,81.9,77.4,82.7,84.6,84.1,79.1,83.7,65.1,65.1,70.5,63.3,45.7,44.0,47.0,1.052,1.015,1.100,40.946,7.961,40.947,50.000,5.464,64.104,6.668,6.333,6.752,6.787,6.742,6.611,6.782,43.110,8.081,57.201,62.726,1996.4,2395.7,4670.7,4670.7,4693.1,71.3,54.6,33.3,71.3,100.0,いいえ,いいえ,いいえ,8.567,2.522,6.0,39.0,85.8,40.0,85.0,1.072,12.197,3.456,3.312,5.040,1.064,1.016,3.440,3.328,1.808,1.024,1.120,1.040,1.792,1.104,0.768,1.824,0.256,2033,いいえ,57.4,43.2,1.095,1.110,1.815,1.800,0.990,5.040,1.375,いいえ,いいえ,いいえ,42.8,1.095,1.110,1.815,1.800,1.005,5.040,0.750,いいえ,いいえ,いいえ,37,37,いいえ,はい,15388,14039,128,128,34,100.0,いいえ,いいえ,3868,2528,9990,38,40,48,100.0,100.0,いいえ,いいえ,7032,7744,0.0,0.1,0.1,0.000,0.008,1392,1008,0.0,0.0,0.0,0.000,0.000,181182,133153,0.2,0.0,0.3,0.428,0.038,66276,77622,65.3,0.720,46.000,600.0,2400.0,1200.0,100.0,0.0,0.0,0.0,0.0,0.0,0.0,0.0,0.0,125,2,16.0,86,いいえ,いいえ,いいえ,40.0,44.0,49.8,84.0,0.865,12.310,12.318,12.269,12.335,12.319,0,0,10.308,4.629,2.195,0.246,7.852,2.319,0.123,7.985,8.137,8.176,220.000,220.000,210.0,50.6,1185.0,210.0,1290.0,210.0,50.5,1413.6,2.0,6.0,1.0,0.0,10.1,0.6,0.9,0.0,1.6,0.0,0,0,はい,いいえ,いいえ,いいえ,いいえ,はい,いいえ,4.6,5.0,0,0,0,0,0,0,0,0,0,0,0,0,0,0,0,0,0,0,0,0,0,0,0,0,0,0,0,0,0,0,11040,1242,965,107,2.5,3.2,14.6,2.0,2.0,2.0,2.0,2.7,2.7,2.7,2.7,2.7,2.7,314.02,502.87,68.31,62.69,505.49,505.49,4.16,51.84,313.92,0.11,69.87,0,0,0.0,0.0,44287,38881,6.4,165.3,0,
19.7.2026,0:49:44.904,20966,12945,61.8,17146,14717,53.8,1.2,2048,25,1.056,1.060,1.070,1.045,1.075,1.015,1.070,4687.4,4716.5,4641.6,4641.6,4716.5,4741.4,4666.6,99.8,4653.9,4668.8,4651.7,4652.8,4653.2,4652.6,4653.0,4653.3,4653.2,4650.7,4652.8,4653.1,4652.0,4653.9,100.0,100.0,100.0,100.0,100.0,100.0,100.0,100.0,100.0,99.9,100.0,100.0,100.0,100.0,100.0,122.7,122.6,122.6,122.7,122.7,122.7,122.7,122.7,122.7,122.6,122.7,122.7,122.7,122.7,47.0,47.2,46.5,46.5,47.2,47.5,46.8,0.0,100.0,100.0,100.0,100.0,100.0,100.0,100.0,0.0,0.0,0.0,0.0,0.0,0.0,0.0,0.0,0.0,0.0,0.0,0.0,0.0,0.0,2395.7,24.00,40,39,39,77,116,708,1,85.8,85.0,84.9,81.9,77.3,82.1,84.4,84.2,79.7,83.7,65.2,65.2,70.0,63.2,45.6,44.0,47.0,1.057,1.015,1.100,40.739,8.017,40.741,49.000,5.451,64.223,6.710,6.359,6.643,6.746,6.836,6.828,6.850,43.105,8.138,57.238,62.807,1996.4,2395.7,4678.6,4678.6,4701.6,71.4,54.3,32.7,71.4,100.0,いいえ,いいえ,いいえ,9.052,2.923,6.0,39.0,85.8,40.0,85.0,1.080,12.197,3.440,3.328,5.040,1.072,1.016,3.440,3.328,1.808,1.024,1.120,1.032,1.792,1.104,0.768,1.824,0.256,2033,いいえ,57.4,43.2,1.095,1.110,1.815,1.800,0.990,5.040,0.875,いいえ,いいえ,いいえ,42.8,1.095,1.110,1.815,1.800,0.990,5.040,0.750,いいえ,いいえ,いいえ,37,37,いいえ,はい,15388,14039,128,128,34,100.0,いいえ,いいえ,3868,2528,9990,38,40,48,100.0,100.0,いいえ,いいえ,7032,7744,0.0,0.0,0.0,0.000,0.002,1392,1008,0.0,0.0,0.0,0.000,0.000,181182,133153,0.0,0.0,0.0,0.000,0.002,66276,77622,65.3,0.720,45.000,600.0,2400.0,1200.0,100.0,0.0,0.0,0.0,0.0,0.0,0.0,0.0,0.0,125,2,16.0,86,いいえ,いいえ,いいえ,40.0,44.0,49.8,84.0,0.865,12.317,12.324,12.277,12.341,12.325,0,0,10.394,4.710,2.526,0.271,7.845,2.666,0.136,7.982,8.085,8.172,220.000,220.000,210.0,50.6,1185.0,210.0,1290.0,209.9,50.5,1413.1,2.0,6.0,1.0,0.0,10.1,0.7,0.9,0.0,1.8,0.0,0,0,はい,いいえ,いいえ,いいえ,いいえ,はい,いいえ,4.8,4.9,0,0,0,0,0,0,0,0,0,0,0,0,0,0,0,0,0,0,0,0,0,0,0,0,0,0,0,0,0,0,11040,1242,965,107,2.5,1.0,1.0,1.0,1.0,1.0,1.0,0.0,0.0,0.0,0.0,0.0,0.0,969.51,969.51,969.51,969.51,969.51,969.51,7.91,77.57,969.41,0.10,0.00,0,0,0.0,0.0,44287,38881,6.8,201.6,0,
19.7.2026,0:49:46.911,20966,12945,61.8,17145,14718,53.8,1.2,2048,25,1.091,1.070,1.025,1.015,1.135,1.150,1.150,4733.1,4741.4,4591.7,4566.8,4816.3,4841.3,4841.3,99.8,4673.8,4688.1,4672.5,4672.4,4672.4,4671.8,4672.4,4672.5,4672.7,4672.8,4672.7,4672.5,4672.7,4673.8,100.0,100.0,100.0,100.0,100.0,100.0,100.0,100.0,100.0,100.0,100.0,100.0,100.0,100.0,100.0,123.2,123.2,123.2,123.2,123.2,123.2,123.2,123.2,123.2,123.2,123.2,123.2,123.2,123.2,47.4,47.5,46.0,45.8,48.2,48.5,48.5,0.0,100.0,100.0,100.0,100.0,100.0,100.0,100.0,0.0,0.0,0.0,0.0,0.0,0.0,0.0,0.0,0.0,0.0,0.0,0.0,0.0,0.0,2395.7,24.00,40,39,39,77,116,708,1,85.9,85.0,84.0,81.9,77.4,82.6,84.6,84.4,78.9,83.5,65.3,65.3,70.2,63.1,45.7,44.0,47.0,1.068,1.015,1.100,40.692,7.992,40.692,50.000,5.444,64.675,6.699,6.380,6.763,6.803,6.874,6.628,6.749,43.473,8.112,57.573,63.217,1996.4,2395.7,4698.7,4698.7,4722.2,71.8,54.3,33.3,71.8,100.0,いいえ,いいえ,いいえ,10.384,2.943,6.0,39.0,85.9,40.0,85.0,1.056,12.197,3.456,3.328,5.040,1.072,1.008,3.440,3.328,1.808,1.024,1.120,1.040,1.792,1.104,0.768,1.824,0.256,2036,いいえ,57.4,43.2,1.095,1.110,1.815,1.800,0.990,5.040,0.875,いいえ,いいえ,いいえ,42.8,1.095,1.110,1.815,1.800,0.990,5.040,0.875,いいえ,いいえ,いいえ,37,37,いいえ,はい,15388,14039,128,128,34,100.0,いいえ,いいえ,3868,2528,9990,38,40,48,100.0,100.0,いいえ,いいえ,7032,7744,0.0,0.1,0.1,0.000,0.004,1392,1008,0.0,0.0,0.0,0.000,0.000,181182,133153,0.0,0.0,0.0,0.000,0.026,66276,77622,65.2,0.720,41.000,600.0,2400.0,1200.0,100.0,0.0,0.0,0.0,0.0,0.0,0.0,0.0,0.0,125,2,16.0,86,いいえ,いいえ,いいえ,40.0,44.0,49.7,84.0,0.865,12.313,12.320,12.271,12.338,12.321,0,0,10.292,4.601,2.156,0.222,7.816,2.270,0.111,7.940,8.112,8.180,220.000,220.000,210.0,50.6,1185.0,210.0,1290.0,210.0,50.5,1413.4,2.0,6.0,1.0,0.0,10.1,0.6,0.8,0.0,1.6,0.0,0,0,はい,いいえ,いいえ,いいえ,いいえ,はい,いいえ,4.7,5.0,0,0,0,0,0,0,0,0,0,0,0,0,0,0,0,0,0,0,0,0,0,0,0,0,0,0,0,0,0,0,11040,1242,965,107,2.5,4.1,17.6,1.4,1.4,1.4,1.4,0.0,0.0,0.0,0.0,0.0,0.0,243.01,715.32,56.67,56.49,733.77,733.77,2.42,19.61,242.91,0.10,0.00,0,0,0.0,0.0,44287,38881,5.8,149.0,0,
19.7.2026,0:49:48.902,20969,12942,61.8,17155,14708,53.8,1.2,2048,25,1.075,1.025,1.090,1.090,1.105,1.050,1.090,4704.0,4591.7,4741.4,4741.4,4741.4,4691.5,4716.5,99.8,4674.8,4689.0,4673.2,4673.8,4672.8,4672.9,4673.8,4673.5,4673.8,4673.7,4673.8,4673.5,4673.7,4674.8,100.0,100.0,100.0,100.0,100.0,100.0,100.0,100.0,100.0,100.0,100.0,100.0,100.0,100.0,100.0,123.2,123.2,123.2,123.2,123.2,123.2,123.2,123.2,123.2,123.2,123.2,123.2,123.2,123.2,47.1,46.0,47.5,47.5,47.5,47.0,47.2,0.0,100.0,100.0,100.0,100.0,100.0,100.0,100.0,0.0,0.0,0.0,0.0,0.0,0.0,0.0,0.0,0.0,0.0,0.0,0.0,0.0,0.0,2395.7,24.00,40,39,39,77,116,708,1,85.9,85.0,85.9,81.9,77.5,82.7,84.6,84.2,78.9,83.5,65.3,65.3,70.0,63.3,45.6,44.0,47.0,1.068,1.015,1.100,40.607,8.039,40.605,51.000,5.423,64.578,6.697,6.423,6.794,6.797,6.801,6.602,6.761,43.396,8.160,57.521,63.141,1996.4,2395.7,4699.6,4699.6,4723.1,71.8,54.1,34.0,71.8,100.0,いいえ,いいえ,いいえ,10.073,2.845,6.0,39.0,85.9,40.0,85.0,1.104,12.197,3.440,3.328,5.040,1.072,1.016,3.440,3.328,1.808,1.024,1.120,1.040,1.792,1.104,0.768,1.824,0.256,2014,いいえ,57.4,43.2,1.095,1.110,1.815,1.800,0.990,5.040,1.000,いいえ,いいえ,いいえ,42.8,1.095,1.110,1.815,1.800,0.990,5.040,1.125,いいえ,いいえ,いいえ,37,37,いいえ,はい,15388,14039,128,128,34,100.0,いいえ,いいえ,3868,2528,9990,38,40,48,100.0,100.0,いいえ,いいえ,7032,7744,0.0,0.1,0.1,0.000,0.010,1392,1008,0.0,0.0,0.0,0.000,0.000,181182,133153,0.0,0.0,0.0,0.000,0.028,66276,77622,65.3,0.720,41.000,600.0,2400.0,1200.0,100.0,0.0,0.0,0.0,0.0,0.0,0.0,0.0,0.0,125,2,16.0,86,いいえ,いいえ,いいえ,40.0,44.0,49.9,84.0,0.865,12.311,12.321,12.270,12.336,12.319,0,0,10.160,4.700,2.512,0.271,7.816,2.640,0.136,7.954,8.066,8.202,220.000,220.000,210.0,50.6,1185.0,210.0,1290.0,210.0,50.5,1413.2,4.0,6.0,2.0,0.0,10.1,0.5,0.7,0.0,1.3,0.0,0,0,はい,いいえ,いいえ,いいえ,いいえ,はい,いいえ,4.8,5.4,0,0,0,0,0,0,0,0,0,0,0,0,0,0,0,0,0,0,0,0,0,0,0,0,0,0,0,0,0,0,11040,1242,965,107,2.5,3.8,15.8,1.6,1.6,1.6,1.6,1.4,1.6,1.3,1.3,1.2,1.2,263.87,616.69,63.09,62.37,627.19,627.19,3.10,47.68,263.77,0.10,431.69,0,0,0.0,0.0,44287,38882,6.4,239.7,0,
19.7.2026,0:49:50.909,20975,12936,61.8,17160,14703,53.8,1.2,2048,25,1.062,1.090,1.050,1.025,1.030,1.090,1.090,4683.2,4741.4,4616.7,4591.7,4666.6,4741.4,4741.4,99.8,4669.0,4683.7,4668.1,4667.8,4667.8,4667.2,4667.6,4667.8,4667.7,4667.7,4667.6,4667.3,4667.5,4669.0,100.0,100.0,100.0,100.0,100.0,100.0,100.0,100.0,100.0,100.0,100.0,100.0,100.0,100.0,100.0,123.1,123.1,123.1,123.1,123.1,123.1,123.1,123.1,123.1,123.1,123.1,123.1,123.1,123.1,46.9,47.5,46.2,46.0,46.8,47.5,47.5,0.0,100.0,100.0,100.0,100.0,100.0,100.0,100.0,0.0,0.0,0.0,0.0,0.0,0.0,0.0,0.0,0.0,0.0,0.0,0.0,0.0,0.0,2395.7,24.00,40,39,39,77,116,708,1,85.9,85.0,84.4,81.9,77.4,82.7,84.7,84.4,78.8,83.5,65.3,65.3,70.0,63.0,45.6,44.0,47.0,1.065,1.015,1.100,40.863,7.895,40.862,49.000,5.433,64.560,6.727,6.433,6.807,6.825,6.899,6.622,6.775,43.541,8.014,57.531,63.146,1996.4,2395.7,4693.8,4693.8,4717.2,71.8,54.5,32.7,71.8,100.0,いいえ,いいえ,いいえ,9.805,3.072,6.0,39.0,85.9,40.0,85.0,1.072,12.197,3.456,3.328,5.040,1.064,1.016,3.440,3.328,1.808,1.024,1.120,1.040,1.792,1.104,0.768,1.824,0.256,2008,いいえ,57.4,43.2,1.095,1.110,1.815,1.800,0.990,5.040,1.125,いいえ,いいえ,いいえ,42.8,1.095,1.110,1.815,1.800,0.990,5.040,0.875,いいえ,いいえ,いいえ,37,37,いいえ,はい,15388,14039,128,128,34,100.0,いいえ,いいえ,3868,2528,9990,38,40,48,100.0,100.0,いいえ,いいえ,7032,7744,0.0,0.0,0.0,0.000,0.004,1392,1008,0.0,0.0,0.0,0.000,0.000,181182,133153,0.0,0.0,0.0,0.000,0.000,66276,77622,65.3,0.720,43.000,600.0,2400.0,1200.0,100.0,0.0,0.0,0.0,0.0,0.0,0.0,0.0,0.0,125,2,16.0,86,いいえ,いいえ,いいえ,40.0,44.0,49.7,84.0,0.865,12.311,12.321,12.269,12.335,12.319,0,0,10.231,4.641,2.319,0.246,7.803,2.442,0.123,7.939,8.069,8.182,220.000,220.000,210.0,50.6,1185.0,210.0,1290.0,210.0,50.5,1412.7,2.0,6.0,1.0,0.0,10.1,0.4,0.6,0.0,1.1,0.0,0,0,はい,いいえ,いいえ,いいえ,いいえ,はい,いいえ,4.7,5.4,0,0,0,0,0,0,0,0,0,0,0,0,0,0,0,0,0,0,0,0,0,0,0,0,0,0,0,0,0,0,11040,1242,965,107,2.5,2.5,15.6,0.9,0.9,0.9,0.9,1.2,2.4,0.8,0.8,0.8,0.8,396.15,1136.98,64.30,62.78,1164.77,1164.77,2.27,35.14,396.05,0.10,188.22,0,0,0.0,0.0,44287,38882,5.7,168.1,0,
19.7.2026,0:49:52.918,20958,12953,61.8,17154,14709,53.8,1.2,2048,25,1.062,1.060,1.070,1.075,1.075,1.060,1.035,4687.4,4691.5,4716.5,4691.5,4716.5,4666.6,4641.6,99.8,4674.4,4688.5,4672.6,4672.9,4672.8,4672.9,4673.3,4673.5,4673.5,4673.3,4673.2,4672.8,4673.0,4674.4,100.0,100.0,100.0,100.0,100.0,100.0,100.0,100.0,100.0,100.0,100.0,100.0,100.0,100.0,100.0,123.2,123.2,123.2,123.2,123.2,123.2,123.2,123.2,123.2,123.2,123.2,123.2,123.2,123.2,47.0,47.0,47.2,47.0,47.2,46.8,46.5,0.0,100.0,100.0,100.0,100.0,100.0,100.0,100.0,0.0,0.0,0.0,0.0,0.0,0.0,0.0,0.0,0.0,0.0,0.0,0.0,0.0,0.0,2395.7,24.00,40,39,39,77,116,708,1,85.9,85.0,84.4,81.8,77.3,82.5,84.6,84.2,78.7,83.4,65.2,65.2,69.8,63.4,45.6,44.0,47.0,1.067,1.015,1.100,40.621,7.879,40.618,49.500,5.433,64.396,6.665,6.374,6.709,6.784,6.799,6.589,6.736,43.379,7.997,57.354,62.972,1996.4,2395.7,4698.9,4698.9,4722.1,71.6,54.2,33.0,71.6,100.0,いいえ,いいえ,いいえ,10.172,2.695,6.0,39.0,85.9,40.0,85.0,1.104,12.197,3.440,3.328,5.040,1.072,1.016,3.440,3.328,1.808,1.024,1.120,1.040,1.792,1.104,0.768,1.824,0.256,2014,いいえ,57.4,43.2,1.095,1.110,1.815,1.800,0.990,5.040,0.875,いいえ,いいえ,いいえ,42.8,1.095,1.110,1.815,1.800,0.990,5.040,1.125,いいえ,いいえ,いいえ,37,37,いいえ,はい,15388,14039,128,128,34,100.0,いいえ,いいえ,3868,2528,9990,38,40,48,100.0,100.0,いいえ,いいえ,7032,7744,0.0,0.1,0.1,0.000,0.006,1392,1008,0.0,0.0,0.0,0.000,0.000,181182,133153,0.0,0.1,0.1,0.000,0.040,66276,77622,65.3,0.720,40.000,600.0,2400.0,1200.0,100.0,0.0,0.0,0.0,0.0,0.0,0.0,0.0,0.0,125,2,16.0,86,いいえ,いいえ,いいえ,40.0,44.0,49.8,84.0,0.865,12.311,12.320,12.269,12.334,12.319,0,0,10.194,4.576,2.084,0.222,7.815,2.196,0.111,7.935,8.066,8.182,220.000,220.000,210.0,50.6,1185.0,210.0,1290.0,210.0,50.5,1413.0,1.0,5.0,0.0,0.0,10.1,0.3,0.5,0.0,0.9,0.0,0,0,はい,いいえ,いいえ,いいえ,いいえ,はい,いいえ,4.6,4.9,0,0,0,0,0,0,0,0,0,0,0,0,0,0,0,0,0,0,0,0,0,0,0,0,0,0,0,0,0,0,11040,1242,965,107,2.5,2.5,15.6,0.9,0.9,0.9,0.9,1.2,2.4,0.8,0.8,0.8,0.8,396.15,1136.98,64.30,62.78,1164.77,1164.77,2.27,35.14,396.05,0.10,188.22,0,0,0.0,0.0,44287,38882,5.6,96.4,0,
19.7.2026,0:49:54.927,20953,12958,61.7,17149,14714,53.8,1.2,2048,25,1.038,1.035,1.010,1.025,1.025,1.060,1.075,4662.4,4666.6,4616.7,4616.7,4616.7,4766.4,4691.5,99.8,4680.1,4695.0,4678.5,4678.4,4679.0,4678.4,4678.9,4679.0,4678.8,4678.8,4678.8,4678.9,4679.0,4680.1,100.0,100.0,100.0,100.0,100.0,100.0,100.0,100.0,100.0,100.0,100.0,100.0,100.0,100.0,100.0,123.4,123.4,123.4,123.4,123.4,123.4,123.4,123.4,123.4,123.4,123.4,123.4,123.4,123.4,46.7,46.8,46.2,46.2,46.2,47.8,47.0,0.0,100.0,100.0,100.0,100.0,100.0,100.0,100.0,0.0,0.0,0.0,0.0,0.0,0.0,0.0,0.0,0.0,0.0,0.0,0.0,0.0,0.0,2395.7,24.00,40,39,39,77,116,708,1,85.9,85.0,84.4,82.1,77.7,82.9,84.6,84.3,79.3,83.7,65.3,65.3,70.5,63.4,45.6,44.0,47.0,1.072,1.015,1.100,41.005,7.871,41.007,52.500,5.413,64.972,6.754,6.490,6.855,6.785,6.830,6.735,6.828,43.968,7.989,57.911,63.538,1996.4,2395.7,4704.8,4704.8,4728.1,72.2,54.7,35.0,72.2,100.0,いいえ,いいえ,いいえ,10.091,2.742,6.0,39.0,85.9,40.0,85.0,1.056,12.197,3.440,3.328,5.040,1.072,1.016,3.440,3.328,1.808,1.024,1.120,1.040,1.792,1.104,0.768,1.824,0.256,2011,いいえ,57.4,43.2,1.095,1.110,1.815,1.800,1.005,5.040,0.875,いいえ,いいえ,いいえ,43.0,1.095,1.110,1.815,1.800,1.005,5.040,0.875,いいえ,いいえ,いいえ,37,37,いいえ,はい,15388,14039,128,128,34,100.0,いいえ,いいえ,3868,2528,9990,38,40,48,100.0,100.0,いいえ,いいえ,7032,7744,0.0,0.1,0.1,0.000,0.010,1392,1008,0.0,0.0,0.0,0.000,0.000,181182,133153,0.0,0.0,0.0,0.000,0.000,66276,77622,65.3,0.720,46.000,600.0,2400.0,1200.0,100.0,0.0,0.0,0.0,0.0,0.0,0.0,0.0,0.0,125,2,16.0,86,いいえ,いいえ,いいえ,40.0,44.0,49.8,84.0,0.865,12.313,12.322,12.271,12.337,12.321,0,0,10.222,4.628,2.246,0.246,7.829,2.369,0.123,7.963,8.066,8.185,220.000,220.000,210.0,50.6,1185.0,210.0,1290.0,209.9,50.5,1413.6,1.0,5.0,0.0,0.0,10.1,0.3,0.4,0.0,0.8,0.0,0,0,はい,いいえ,いいえ,いいえ,いいえ,はい,いいえ,4.6,5.3,0,0,0,0,0,0,0,0,0,0,0,0,0,0,0,0,0,0,0,0,0,0,0,0,0,0,0,0,0,0,11040,1242,965,107,2.5,2.5,15.6,0.9,0.9,0.9,0.9,1.2,2.4,0.8,0.8,0.8,0.8,396.15,1136.98,64.30,62.78,1164.77,1164.77,2.27,35.14,396.05,0.10,188.22,0,0,0.0,0.0,44287,38883,5.9,147.9,0,
19.7.2026,0:49:56.923,20955,12956,61.7,17156,14707,53.8,1.2,2048,25,1.073,1.060,1.075,1.075,1.075,1.075,1.075,4695.7,4741.4,4716.5,4641.6,4641.6,4716.5,4716.5,99.8,4670.2,4684.5,4668.5,4669.2,4668.8,4668.7,4669.2,4669.4,4669.3,4669.2,4668.8,4668.7,4668.5,4670.2,100.0,100.0,100.0,100.0,100.0,100.0,100.0,100.0,100.0,100.0,100.0,100.0,100.0,100.0,100.0,123.1,123.1,123.1,123.1,123.1,123.1,123.1,123.1,123.1,123.1,123.1,123.1,123.1,123.1,47.0,47.5,47.2,46.5,46.5,47.2,47.2,0.0,100.0,100.0,100.0,100.0,100.0,100.0,100.0,0.0,0.0,0.0,0.0,0.0,0.0,0.0,0.0,0.0,0.0,0.0,0.0,0.0,0.0,2395.7,24.00,40,39,39,77,116,708,1,85.9,85.0,85.4,82.0,77.5,82.7,84.4,84.3,79.2,83.6,65.4,65.4,70.2,63.3,45.6,44.0,47.0,1.066,1.015,1.100,40.971,7.776,40.970,49.500,5.409,64.562,6.705,6.404,6.791,6.722,6.831,6.672,6.808,43.708,7.893,57.551,63.132,1996.4,2395.7,4694.9,4694.9,4718.6,71.7,54.6,33.0,71.7,100.0,いいえ,いいえ,いいえ,9.435,2.849,6.0,39.0,85.9,40.0,85.0,1.072,12.197,3.456,3.328,5.040,1.064,1.016,3.440,3.328,1.808,1.024,1.120,1.040,1.792,1.104,0.768,1.824,0.256,2033,いいえ,57.4,43.2,1.095,1.110,1.815,1.800,1.005,5.040,0.500,いいえ,いいえ,いいえ,43.0,1.095,1.110,1.815,1.800,1.005,4.970,1.125,いいえ,いいえ,いいえ,37,37,いいえ,はい,15388,14039,128,128,34,100.0,いいえ,いいえ,3868,2528,9990,38,40,48,100.0,100.0,いいえ,いいえ,7032,7744,0.0,0.0,0.0,0.000,0.004,1392,1008,0.0,0.0,0.0,0.000,0.000,181182,133153,0.0,0.0,0.0,0.000,0.002,66276,77622,65.3,0.720,44.000,600.0,2400.0,1200.0,100.0,0.0,0.0,0.0,0.0,0.0,0.0,0.0,0.0,125,2,16.0,86,いいえ,いいえ,いいえ,40.1,44.0,49.8,84.0,0.865,12.313,12.323,12.271,12.338,12.322,0,0,10.208,4.663,2.399,0.246,7.804,2.529,0.123,7.946,8.069,8.184,220.000,220.000,210.0,50.6,1185.0,210.0,1290.0,210.1,50.5,1413.5,3.0,6.0,1.0,0.0,10.1,0.4,0.5,0.0,1.1,0.0,0,0,はい,いいえ,いいえ,いいえ,いいえ,はい,いいえ,4.7,4.9,0,0,0,0,0,0,0,0,0,0,0,0,0,0,0,0,0,0,0,0,0,0,0,0,0,0,0,0,0,0,11040,1242,965,107,2.5,3.6,15.8,1.6,1.5,1.5,1.5,1.1,1.1,1.1,1.1,1.1,1.1,278.22,642.16,63.16,62.12,652.82,652.82,2.08,27.04,278.12,0.10,1966.65,0,0,0.0,0.0,44287,38883,6.2,157.1,0,
19.7.2026,0:49:58.918,20954,12957,61.7,17160,14703,53.8,1.2,2048,25,1.077,1.040,1.090,1.090,1.090,1.075,1.075,4712.3,4666.6,4716.5,4741.4,4741.4,4716.5,4691.5,99.8,4669.5,4683.7,4667.9,4667.9,4668.1,4667.7,4668.3,4668.0,4668.3,4668.7,4668.6,4668.1,4668.5,4669.5,100.0,100.0,100.0,100.0,100.0,100.0,100.0,100.0,100.0,100.0,100.0,100.0,100.0,100.0,100.0,123.1,123.1,123.1,123.1,123.1,123.1,123.1,123.1,123.1,123.1,123.1,123.1,123.1,123.1,47.2,46.8,47.2,47.5,47.5,47.2,47.0,0.0,100.0,100.0,100.0,100.0,100.0,100.0,100.0,0.0,0.0,0.0,0.0,0.0,0.0,0.0,0.0,0.0,0.0,0.0,0.0,0.0,0.0,2395.7,24.00,40,39,39,77,116,708,1,85.9,85.0,85.4,81.9,77.3,82.6,84.7,84.4,79.0,83.6,65.4,65.4,69.8,63.1,45.6,44.0,47.0,1.066,1.015,1.100,40.858,7.842,40.858,52.000,5.444,64.538,6.691,6.305,6.744,6.840,6.849,6.621,6.786,43.573,7.960,57.521,63.117,1996.4,2395.7,4693.9,4693.9,4718.1,71.7,54.5,34.7,71.7,100.0,いいえ,いいえ,いいえ,9.678,2.705,6.0,39.0,85.9,40.0,85.0,1.072,12.197,3.440,3.328,5.040,1.072,1.016,3.440,3.328,1.808,1.024,1.120,1.040,1.792,1.104,0.768,1.824,0.256,2014,いいえ,57.4,43.2,1.110,1.110,1.815,1.800,1.005,5.040,1.000,いいえ,いいえ,いいえ,43.0,1.095,1.110,1.815,1.800,1.005,5.040,0.625,いいえ,いいえ,いいえ,37,37,いいえ,はい,15388,14039,128,128,34,100.0,いいえ,いいえ,3868,2528,9990,38,40,48,100.0,100.0,いいえ,いいえ,7032,7744,0.0,0.1,0.1,0.000,0.008,1392,1008,0.0,0.0,0.0,0.000,0.000,181182,133153,0.0,0.0,0.0,0.000,0.006,66276,77622,65.3,0.720,41.000,600.0,2400.0,1200.0,100.0,0.0,0.0,0.0,0.0,0.0,0.0,0.0,0.0,125,2,16.0,86,いいえ,いいえ,いいえ,40.1,44.0,49.8,84.0,0.865,12.310,12.320,12.267,12.335,12.318,0,0,10.324,4.574,2.071,0.222,7.814,2.183,0.111,7.935,8.067,8.187,220.000,220.000,210.0,50.6,1185.0,210.0,1290.0,209.9,50.5,1413.9,1.0,6.0,0.0,0.0,10.1,0.4,0.6,0.0,1.2,0.0,0,0,はい,いいえ,いいえ,いいえ,いいえ,はい,いいえ,4.5,5.2,0,0,0,0,0,0,0,0,0,0,0,0,0,0,0,0,0,0,0,0,0,0,0,0,0,0,0,0,0,0,11040,1242,965,107,2.5,0.8,0.8,0.8,0.8,0.8,0.8,0.0,0.0,0.0,0.0,0.0,0.0,1316.35,1316.35,1316.35,1316.35,1316.35,1316.35,5.88,78.53,1316.24,0.10,0.00,0,0,0.0,0.0,44287,38883,6.7,105.3,0,
19.7.2026,0:50:0.923,20966,12945,61.8,17163,14700,53.8,1.2,2048,25,1.076,1.090,1.075,1.090,1.090,0.995,1.115,4712.3,4741.4,4716.5,4741.4,4716.5,4566.8,4791.4,99.8,4672.0,4686.4,4670.8,4670.3,4670.9,4670.3,4670.8,4670.9,4671.0,4670.6,4670.7,4670.6,4670.8,4672.0,100.0,100.0,100.0,100.0,100.0,100.0,100.0,100.0,100.0,100.0,100.0,100.0,100.0,100.0,100.0,123.2,123.2,123.2,123.1,123.2,123.2,123.2,123.2,123.2,123.2,123.2,123.2,123.2,123.2,47.2,47.5,47.2,47.5,47.2,45.8,48.0,0.0,100.0,100.0,100.0,100.0,100.0,100.0,100.0,0.0,0.0,0.0,0.0,0.0,0.0,0.0,0.0,0.0,0.0,0.0,0.0,0.0,0.0,2395.7,24.00,40,39,39,77,116,708,1,85.9,85.0,86.9,81.8,77.3,82.6,84.6,84.2,78.9,83.4,65.4,65.4,70.2,63.2,45.7,44.0,47.0,1.067,1.015,1.100,40.787,7.783,40.787,52.000,5.429,64.412,6.670,6.335,6.748,6.805,6.816,6.583,6.735,43.528,7.899,57.399,63.003,1996.4,2395.7,4696.3,4696.3,4720.1,71.6,54.4,34.7,71.6,100.0,いいえ,いいえ,いいえ,9.897,2.648,6.0,39.0,85.9,40.0,85.0,1.096,12.197,3.440,3.328,5.040,1.072,1.016,3.440,3.328,1.808,1.024,1.120,1.040,1.792,1.104,0.768,1.824,0.256,2011,いいえ,57.4,43.2,1.110,1.110,1.815,1.800,1.005,5.040,0.875,いいえ,いいえ,いいえ,43.0,1.110,1.110,1.815,1.800,1.005,5.040,1.125,いいえ,いいえ,いいえ,37,37,いいえ,はい,15388,14039,128,128,34,100.0,いいえ,いいえ,3868,2528,9990,38,40,48,100.0,100.0,いいえ,いいえ,7032,7744,0.0,0.0,0.0,0.000,0.004,1392,1008,0.0,0.0,0.0,0.000,0.000,181182,133153,0.0,0.0,0.0,0.000,0.022,66276,77622,65.3,0.720,34.000,600.0,2400.0,1200.0,100.0,0.0,0.0,0.0,0.0,0.0,0.0,0.0,0.0,125,2,16.0,86,いいえ,いいえ,いいえ,40.0,44.0,49.8,84.0,0.865,12.314,12.323,12.272,12.338,12.321,0,0,10.435,4.645,2.292,0.271,7.830,2.418,0.136,7.965,8.069,8.181,220.000,220.000,210.0,50.6,1185.0,210.0,1290.0,210.0,50.5,1413.6,1.0,5.0,0.0,0.0,10.1,0.3,0.6,0.0,0.8,0.0,0,0,はい,いいえ,いいえ,いいえ,いいえ,はい,いいえ,4.7,5.1,0,0,0,0,0,0,0,0,0,0,0,0,0,0,0,0,0,0,0,0,0,0,0,0,0,0,0,0,0,0,11040,1242,965,107,2.5,0.8,0.8,0.8,0.8,0.8,0.8,0.0,0.0,0.0,0.0,0.0,0.0,1181.66,1181.66,1181.66,1181.66,1181.66,1181.66,8.19,92.76,1181.56,0.10,0.00,0,0,0.0,0.0,44287,38884,5.9,121.8,0,
19.7.2026,0:50:2.916,20963,12948,61.8,17164,14699,53.8,1.2,2048,25,1.095,1.075,1.105,1.090,1.090,1.105,1.105,4753.9,4741.4,4766.4,4741.4,4741.4,4766.4,4766.4,99.8,4675.8,4690.2,4674.5,4674.8,4674.3,4674.2,4674.6,4674.4,4674.8,4674.7,4674.3,4674.6,4674.2,4675.8,100.0,100.0,100.0,100.0,100.0,100.0,100.0,100.0,100.0,100.0,100.0,100.0,100.0,100.0,100.0,123.2,123.2,123.2,123.3,123.2,123.3,123.3,123.2,123.3,123.3,123.2,123.3,123.2,123.2,47.6,47.5,47.8,47.5,47.5,47.8,47.8,0.0,100.0,100.0,100.0,100.0,100.0,100.0,100.0,0.0,0.0,0.0,0.0,0.0,0.0,0.0,0.0,0.0,0.0,0.0,0.0,0.0,0.0,2395.7,24.00,40,39,39,77,116,708,1,85.9,85.0,84.0,81.9,77.6,82.7,84.6,84.3,79.0,83.4,65.4,65.4,70.2,63.2,45.7,44.0,47.0,1.069,1.015,1.100,40.896,7.842,40.898,49.000,5.418,64.724,6.708,6.416,6.777,6.813,6.850,6.642,6.751,43.752,7.959,57.671,63.283,1996.4,2395.7,4700.4,4700.4,4724.2,71.9,54.5,32.7,71.9,100.0,いいえ,いいえ,いいえ,9.986,2.633,6.0,39.0,85.9,40.0,85.0,1.088,12.197,3.456,3.328,5.040,1.072,1.016,3.440,3.328,1.808,1.024,1.120,1.040,1.808,1.104,0.768,1.824,0.256,2008,いいえ,57.4,43.2,1.110,1.110,1.815,1.800,1.005,5.040,0.625,いいえ,いいえ,いいえ,43.0,1.110,1.110,1.815,1.800,1.005,5.040,0.875,いいえ,いいえ,いいえ,37,37,いいえ,はい,15388,14039,128,128,34,100.0,いいえ,いいえ,3868,2528,9990,38,40,48,100.0,100.0,いいえ,いいえ,7032,7744,0.0,0.1,0.1,0.000,0.006,1392,1008,0.0,0.0,0.0,0.000,0.000,181182,133153,0.0,0.0,0.0,0.000,0.028,66276,77622,65.3,0.720,45.000,600.0,2400.0,1200.0,100.0,0.0,0.0,0.0,0.0,0.0,0.0,0.0,0.0,125,2,16.0,86,いいえ,いいえ,いいえ,40.0,44.0,49.8,84.0,0.865,12.317,12.327,12.277,12.341,12.325,0,0,10.676,4.668,2.337,0.271,7.869,2.468,0.136,8.008,8.069,8.185,220.000,220.000,210.0,50.6,1185.0,210.0,1290.0,210.0,50.5,1413.3,1.0,5.0,0.0,0.0,10.1,0.5,0.9,0.0,1.3,0.0,0,0,はい,いいえ,いいえ,いいえ,いいえ,はい,いいえ,4.7,5.6,0,0,0,0,0,0,0,0,0,0,0,0,0,0,0,0,0,0,0,0,0,0,0,0,0,0,0,0,0,0,11040,1242,965,108,2.5,0.8,0.8,0.8,0.8,0.8,0.8,0.0,0.0,0.0,0.0,0.0,0.0,1181.66,1181.66,1181.66,1181.66,1181.66,1181.66,8.19,92.76,1181.56,0.10,0.00,0,0,0.0,0.0,44287,38884,142.3,182.8,0,
19.7.2026,0:50:4.927,20960,12951,61.8,17169,14693,53.8,1.2,2048,25,1.034,1.025,1.035,1.025,1.025,1.035,1.060,4641.6,4616.7,4666.6,4616.7,4616.7,4641.6,4691.5,99.8,4638.2,4653.2,4637.0,4636.9,4637.1,4636.6,4637.1,4637.1,4637.1,4636.3,4636.6,4636.4,4636.5,4638.2,100.0,100.0,100.0,100.0,100.0,100.0,100.0,100.0,100.0,100.0,100.0,100.0,100.0,100.0,100.0,122.3,122.3,122.3,122.3,122.3,122.3,122.3,122.3,122.3,122.3,122.3,122.3,122.3,122.3,46.5,46.2,46.8,46.2,46.2,46.5,47.0,0.0,100.0,100.0,100.0,100.0,100.0,100.0,100.0,0.0,0.0,0.0,0.0,0.0,0.0,0.0,0.0,0.0,0.0,0.0,0.0,0.0,0.0,2395.7,24.00,40,39,39,77,116,708,1,85.8,85.0,85.4,81.9,77.5,82.7,84.5,84.1,79.1,83.4,65.2,65.2,69.8,62.9,45.7,44.0,47.0,1.048,1.015,1.100,40.749,7.679,40.751,53.000,5.440,63.392,6.642,6.327,6.748,6.735,6.746,6.602,6.696,42.729,7.794,56.507,61.967,1996.4,2395.7,4663.2,4663.2,4684.7,70.4,54.3,35.3,70.4,100.0,いいえ,いいえ,いいえ,7.244,2.447,6.0,39.0,85.9,40.0,85.0,1.024,12.197,3.456,3.328,5.040,1.072,1.016,3.440,3.328,1.808,1.024,1.120,1.040,1.792,1.104,0.768,1.824,0.256,2030,いいえ,57.4,43.2,1.110,1.110,1.815,1.800,1.005,5.040,0.500,いいえ,いいえ,いいえ,43.0,1.110,1.110,1.815,1.800,1.005,5.040,0.625,いいえ,いいえ,いいえ,37,37,いいえ,はい,15388,14039,128,128,34,100.0,いいえ,いいえ,3868,2528,9990,38,40,48,100.0,100.0,いいえ,いいえ,7032,7744,0.0,0.1,0.1,0.000,0.004,1392,1008,0.0,0.0,0.0,0.000,0.000,181182,133153,0.0,0.0,0.0,0.000,0.028,66276,77622,65.3,0.720,45.000,600.0,2400.0,1200.0,100.0,0.0,0.0,0.0,0.0,0.0,0.0,0.0,0.0,125,2,16.0,86,いいえ,いいえ,いいえ,40.0,44.0,49.8,84.0,0.865,12.315,12.324,12.273,12.339,12.324,0,0,10.569,4.701,2.516,0.246,7.855,2.641,0.123,7.991,8.066,8.170,220.000,220.000,210.0,50.6,1185.0,210.0,1290.0,210.0,50.5,1412.9,4.0,6.0,3.0,0.0,10.1,0.5,0.7,0.0,1.3,0.0,0,0,はい,いいえ,いいえ,いいえ,いいえ,はい,いいえ,4.8,5.0,0,0,0,0,0,0,0,0,0,0,0,0,0,0,0,0,0,0,0,0,0,0,0,0,0,0,0,0,0,0,11040,1242,965,108,2.5,0.8,0.8,0.8,0.8,0.8,0.8,0.0,0.0,0.0,0.0,0.0,0.0,1181.66,1181.66,1181.66,1181.66,1181.66,1181.66,8.19,92.76,1181.56,0.10,0.00,0,0,0.0,0.0,44287,38884,142.3,182.8,0,
19.7.2026,0:50:6.923,20960,12951,61.8,17169,14693,53.8,1.2,2048,25,1.034,1.025,1.035,1.025,1.025,1.035,1.060,4641.6,4616.7,4666.6,4616.7,4616.7,4641.6,4691.5,99.8,4638.2,4653.2,4637.0,4636.9,4637.1,4636.6,4637.1,4637.1,4637.1,4636.3,4636.6,4636.4,4636.5,4638.2,100.0,100.0,100.0,100.0,100.0,100.0,100.0,100.0,100.0,100.0,100.0,100.0,100.0,100.0,100.0,122.3,122.3,122.3,122.3,122.3,122.3,122.3,122.3,122.3,122.3,122.3,122.3,122.3,122.3,46.5,46.2,46.8,46.2,46.2,46.5,47.0,0.0,100.0,100.0,100.0,100.0,100.0,100.0,100.0,0.0,0.0,0.0,0.0,0.0,0.0,0.0,0.0,0.0,0.0,0.0,0.0,0.0,0.0,2395.7,24.00,40,39,39,77,116,708,1,85.8,85.0,85.4,81.9,77.5,82.7,84.5,84.1,79.1,83.4,65.2,65.2,69.8,62.9,45.7,44.0,47.0,1.048,1.015,1.100,40.749,7.679,40.751,53.000,5.440,63.392,6.642,6.327,6.748,6.735,6.746,6.602,6.696,42.729,7.794,56.507,61.967,1996.4,2395.7,4663.2,4663.2,4684.7,70.4,54.3,35.3,70.4,100.0,いいえ,いいえ,いいえ,7.244,2.447,6.0,39.0,85.8,40.0,85.0,1.048,12.197,3.440,3.328,5.040,1.072,1.016,3.440,3.328,1.808,1.024,1.120,1.040,1.792,1.104,0.768,1.824,0.256,2011,いいえ,57.4,43.2,1.110,1.110,1.815,1.800,0.990,5.040,0.875,いいえ,いいえ,いいえ,43.0,1.110,1.110,1.815,1.800,1.005,5.040,0.875,いいえ,いいえ,いいえ,37,37,いいえ,はい,15388,14039,128,128,34,100.0,いいえ,いいえ,3868,2528,9990,38,40,48,100.0,100.0,いいえ,いいえ,7032,7744,0.0,0.1,0.1,0.000,0.004,1392,1008,0.0,0.0,0.0,0.000,0.000,181182,133153,0.0,0.1,0.1,0.000,0.314,66276,77623,65.3,0.720,40.000,600.0,2400.0,1200.0,100.0,0.0,0.0,0.0,0.0,0.0,0.0,0.0,0.0,125,2,16.0,86,いいえ,いいえ,いいえ,40.0,44.0,49.8,84.0,0.865,12.314,12.323,12.271,12.339,12.322,0,0,10.467,4.591,2.130,0.222,7.817,2.246,0.111,7.938,8.084,8.182,220.000,220.000,210.0,50.6,1185.0,210.0,1290.0,210.1,50.5,1413.7,1.0,5.0,0.0,0.0,10.1,0.7,0.9,0.0,2.0,0.0,0,0,はい,いいえ,いいえ,いいえ,いいえ,はい,いいえ,4.7,5.1,0,0,0,0,0,0,0,0,0,0,0,0,0,0,0,0,0,0,0,0,0,0,0,0,0,0,0,0,0,0,11040,1242,965,108,2.5,3.1,15.0,1.7,1.6,1.6,1.6,1.5,1.5,1.5,1.5,1.5,1.5,323.66,605.97,66.70,62.47,612.28,612.28,3.74,70.98,323.56,0.10,53.41,0,0,0.0,0.0,44287,38884,6.8,276.5,0,
19.7.2026,0:50:8.929,20956,12955,61.7,17170,14693,53.8,1.2,2048,25,1.067,1.075,1.075,1.075,1.075,1.050,1.050,4708.2,4716.5,4716.5,4716.5,4741.4,4666.6,4691.5,99.8,4650.2,4663.9,4648.6,4648.8,4648.8,4648.3,4648.8,4649.1,4649.2,4649.4,4649.4,4649.2,4649.3,4650.2,100.0,100.0,100.0,100.0,100.0,100.0,100.0,100.0,100.0,100.0,100.0,100.0,100.0,100.0,100.0,122.6,122.6,122.6,122.6,122.6,122.6,122.6,122.6,122.6,122.6,122.6,122.6,122.6,122.6,47.2,47.2,47.2,47.2,47.5,46.8,47.0,0.0,100.0,100.0,100.0,100.0,100.0,100.0,100.0,0.0,0.0,0.0,0.0,0.0,0.0,0.0,0.0,0.0,0.0,0.0,0.0,0.0,0.0,2395.7,24.00,40,39,39,77,116,708,1,85.8,85.0,84.9,82.0,77.5,82.5,84.6,84.2,79.4,83.8,65.2,65.2,69.8,63.0,45.8,44.0,47.0,1.055,1.015,1.100,41.166,7.693,41.162,52.500,5.448,64.121,6.720,6.403,6.747,6.817,6.781,6.744,6.830,43.432,7.808,57.234,62.741,1996.4,2395.7,4674.0,4674.0,4697.7,71.3,54.9,35.0,71.3,100.0,いいえ,いいえ,いいえ,8.208,2.717,6.0,39.0,85.8,40.0,85.0,1.080,12.197,3.440,3.328,5.040,1.072,1.016,3.440,3.328,1.808,1.024,1.120,1.040,1.792,1.104,0.768,1.824,0.256,2033,いいえ,57.4,43.2,1.110,1.110,1.815,1.800,0.990,5.040,1.000,いいえ,いいえ,いいえ,43.0,1.110,1.110,1.815,1.800,0.990,5.040,0.875,いいえ,いいえ,いいえ,37,37,いいえ,はい,15388,14039,128,128,34,100.0,いいえ,いいえ,3868,2528,9990,38,40,48,100.0,100.0,いいえ,いいえ,7032,7744,0.0,0.0,0.0,0.000,0.002,1392,1008,0.0,0.0,0.0,0.000,0.000,181182,133153,0.0,0.0,0.0,0.000,0.000,66276,77623,65.2,0.720,38.000,600.0,2400.0,1200.0,100.0,0.0,0.0,0.0,0.0,0.0,0.0,0.0,0.0,125,2,16.0,86,いいえ,いいえ,いいえ,40.0,44.0,49.8,84.0,0.865,12.311,12.321,12.269,12.335,12.319,0,0,10.417,4.749,2.639,0.271,7.864,2.775,0.136,8.004,8.124,8.181,220.000,220.000,210.0,50.6,1185.0,210.0,1290.0,210.0,50.5,1413.8,2.0,6.0,1.0,0.0,10.1,0.4,0.6,0.0,1.1,0.0,0,0,はい,いいえ,いいえ,いいえ,いいえ,はい,いいえ,4.9,5.1,0,0,0,0,0,0,0,0,0,0,0,0,0,0,0,0,0,0,0,0,0,0,0,0,0,0,0,0,0,0,11040,1242,965,108,2.5,1.0,1.0,1.0,1.0,1.0,1.0,0.0,0.0,0.0,0.0,0.0,0.0,987.84,987.84,987.84,987.84,987.84,987.84,5.36,78.81,987.72,0.12,0.00,0,0,0.0,0.0,44287,38885,6.6,243.9,0,
19.7.2026,0:50:10.923,20954,12956,61.7,17176,14687,53.9,1.2,2048,25,1.034,1.025,1.025,1.050,1.035,1.035,1.035,4641.6,4641.6,4616.7,4666.6,4616.7,4666.6,4641.6,99.8,4668.7,4683.5,4667.9,4667.8,4667.8,4667.2,4667.6,4667.6,4667.2,4667.2,4667.2,4667.0,4667.1,4668.7,100.0,100.0,100.0,100.0,100.0,100.0,100.0,100.0,100.0,100.0,100.0,100.0,100.0,100.0,100.0,123.1,123.1,123.1,123.1,123.1,123.1,123.1,123.1,123.1,123.1,123.1,123.1,123.1,123.1,46.5,46.5,46.2,46.8,46.2,46.8,46.5,0.0,100.0,100.0,100.0,100.0,100.0,100.0,100.0,0.0,0.0,0.0,0.0,0.0,0.0,0.0,0.0,0.0,0.0,0.0,0.0,0.0,0.0,2395.7,24.00,40,39,39,77,116,708,1,85.8,85.0,84.9,82.0,77.6,82.8,84.7,84.3,79.2,83.5,65.4,65.4,70.8,63.2,45.8,44.0,47.0,1.065,1.015,1.100,40.940,7.820,40.946,52.500,5.449,64.643,6.708,6.404,6.794,6.790,6.828,6.671,6.760,43.636,7.937,57.567,63.166,1996.4,2395.7,4693.6,4693.6,4717.3,71.8,54.6,35.0,71.8,100.0,いいえ,いいえ,いいえ,9.513,2.768,6.0,39.0,85.8,40.0,85.0,1.120,12.197,3.456,3.328,5.040,1.072,1.008,3.440,3.328,1.808,1.024,1.120,1.040,1.792,1.104,0.768,1.824,0.256,2027,いいえ,57.4,43.2,1.095,1.110,1.815,1.800,0.990,5.040,1.250,いいえ,いいえ,いいえ,43.0,1.110,1.110,1.815,1.800,0.990,5.040,1.375,いいえ,いいえ,いいえ,37,37,いいえ,はい,15388,14039,128,128,34,100.0,いいえ,いいえ,3868,2528,9990,38,40,48,100.0,100.0,いいえ,いいえ,7032,7744,0.0,44.3,44.3,0.000,0.012,1392,1008,0.0,0.0,0.0,0.000,0.000,181182,133153,0.0,0.0,0.0,0.000,0.028,66276,77623,65.2,0.720,42.000,600.0,2400.0,1200.0,100.0,0.0,0.0,0.0,0.0,0.0,0.0,0.0,0.0,125,2,16.0,86,いいえ,いいえ,いいえ,40.1,46.0,49.8,84.0,0.865,12.308,12.316,12.266,12.333,12.317,0,0,10.495,4.686,2.464,0.246,7.825,2.590,0.123,7.966,8.079,8.196,220.000,220.000,210.0,50.6,1185.0,210.0,1290.0,210.0,50.5,1413.4,1.0,6.0,0.0,0.0,10.1,0.4,0.5,0.0,0.9,0.0,0,0,はい,いいえ,いいえ,いいえ,いいえ,はい,いいえ,4.7,5.3,0,0,0,0,0,0,0,0,0,0,0,0,0,0,0,0,0,0,0,0,0,0,0,0,0,0,0,0,0,0,11040,1242,965,108,2.5,1.0,1.0,1.0,1.0,1.0,1.0,0.0,0.0,0.0,0.0,0.0,0.0,987.84,987.84,987.84,987.84,987.84,987.84,5.36,78.81,987.72,0.12,0.00,0,0,0.0,0.0,44287,38885,5.3,94.4,0,
19.7.2026,0:50:12.930,20959,12952,61.8,17182,14681,53.9,1.2,2048,25,1.025,1.000,1.030,1.030,1.030,1.030,1.030,4637.5,4616.7,4641.6,4641.6,4641.6,4641.6,4641.6,99.8,4645.4,4659.6,4643.9,4644.1,4643.9,4643.7,4644.4,4644.2,4644.4,4644.2,4644.4,4644.2,4644.1,4645.4,100.0,100.0,100.0,100.0,100.0,100.0,100.0,100.0,100.0,100.0,100.0,100.0,100.0,100.0,100.0,122.4,122.4,122.4,122.4,122.4,122.5,122.5,122.4,122.4,122.4,122.4,122.4,122.4,122.4,46.5,46.2,46.5,46.5,46.5,46.5,46.5,0.0,100.0,100.0,100.0,100.0,100.0,100.0,100.0,0.0,0.0,0.0,0.0,0.0,0.0,0.0,0.0,0.0,0.0,0.0,0.0,0.0,0.0,2395.7,24.00,40,39,39,77,116,708,1,85.8,85.0,84.9,81.9,77.1,82.5,84.6,84.2,78.7,83.2,65.4,65.1,70.0,63.2,45.7,44.0,47.0,1.051,1.015,1.100,40.562,7.705,40.561,48.500,5.441,63.306,6.658,6.230,6.653,6.742,6.753,6.466,6.632,42.668,7.821,56.474,61.929,1996.4,2395.7,4686.8,4686.8,4710.2,71.2,54.3,33.7,71.2,100.0,いいえ,いいえ,いいえ,8.994,2.452,6.0,39.0,85.8,40.0,85.0,1.048,12.197,3.440,3.328,5.040,1.072,1.016,3.440,3.328,1.808,1.024,1.120,1.040,1.792,1.104,0.768,1.824,0.248,2011,いいえ,57.4,43.2,1.095,1.110,1.815,1.800,0.990,5.040,1.000,いいえ,いいえ,いいえ,42.8,1.095,1.110,1.815,1.800,0.990,5.040,0.875,いいえ,いいえ,いいえ,37,37,いいえ,はい,15388,14039,128,128,34,100.0,いいえ,いいえ,3868,2528,9990,38,40,48,100.0,100.0,いいえ,いいえ,7032,7744,0.0,0.1,0.1,0.000,0.010,1392,1008,0.0,0.0,0.0,0.000,0.000,181182,133153,0.0,0.0,0.0,0.000,0.000,66276,77623,65.2,0.720,46.000,600.0,2400.0,1200.0,100.0,0.0,0.0,0.0,0.0,0.0,0.0,0.0,0.0,125,2,16.0,86,いいえ,いいえ,いいえ,40.1,44.0,49.8,84.0,0.865,12.308,12.316,12.266,12.333,12.317,0,0,10.278,4.706,2.532,0.271,7.825,2.664,0.135,7.960,8.082,8.181,220.000,220.000,210.0,50.6,1185.0,210.0,1290.0,210.0,50.5,1413.7,1.0,6.0,0.0,0.0,10.1,0.5,0.8,0.0,1.1,0.0,0,0,はい,いいえ,いいえ,いいえ,いいえ,はい,いいえ,4.8,5.0,0,0,0,0,0,0,0,0,0,0,0,0,0,0,0,0,0,0,0,0,0,0,0,0,0,0,0,0,0,0,11040,1242,965,108,2.5,1.0,1.0,1.0,1.0,1.0,1.0,0.0,0.0,0.0,0.0,0.0,0.0,987.84,987.84,987.84,987.84,987.84,987.84,5.36,78.81,987.72,0.12,0.00,0,0,0.0,0.0,44287,38885,6.1,148.5,0,
19.7.2026,0:50:14.925,20959,12952,61.8,17182,14681,53.9,1.2,2048,25,1.025,1.000,1.030,1.030,1.030,1.030,1.030,4637.5,4616.7,4641.6,4641.6,4641.6,4641.6,4641.6,99.8,4645.4,4659.6,4643.9,4644.1,4643.9,4643.7,4644.4,4644.2,4644.4,4644.2,4644.4,4644.2,4644.1,4645.4,100.0,100.0,100.0,100.0,100.0,100.0,100.0,100.0,100.0,100.0,100.0,100.0,100.0,100.0,100.0,122.4,122.4,122.4,122.4,122.4,122.5,122.5,122.4,122.4,122.4,122.4,122.4,122.4,122.4,46.5,46.2,46.5,46.5,46.5,46.5,46.5,0.0,100.0,100.0,100.0,100.0,100.0,100.0,100.0,0.0,0.0,0.0,0.0,0.0,0.0,0.0,0.0,0.0,0.0,0.0,0.0,0.0,0.0,2395.7,24.00,40,39,39,77,116,708,1,85.8,85.0,84.9,81.7,77.1,82.5,84.6,84.2,78.7,83.2,65.1,65.1,70.0,63.2,45.7,44.0,47.0,1.051,1.015,1.100,40.562,7.705,40.561,48.500,5.441,63.306,6.579,6.230,6.653,6.742,6.753,6.466,6.632,42.668,7.821,56.474,61.929,1996.4,2395.7,4670.0,4670.0,4691.2,70.4,54.1,32.3,70.4,100.0,いいえ,いいえ,いいえ,7.443,2.182,6.0,39.0,85.8,40.0,85.0,1.048,12.197,3.440,3.328,5.040,1.072,1.008,3.440,3.328,1.808,1.024,1.120,1.040,1.792,1.104,0.768,1.824,0.256,2036,いいえ,57.4,43.2,1.095,1.110,1.800,1.800,0.990,5.040,0.625,いいえ,いいえ,いいえ,42.8,1.095,1.110,1.800,1.800,0.990,5.040,0.625,いいえ,いいえ,いいえ,37,37,いいえ,はい,15388,14039,128,128,34,100.0,いいえ,いいえ,3868,2528,9990,38,40,48,100.0,100.0,いいえ,いいえ,7032,7744,0.0,0.0,0.0,0.000,0.004,1392,1008,0.0,0.0,0.0,0.000,0.000,181182,133153,0.0,0.0,0.0,0.000,0.000,66276,77623,65.3,0.720,42.000,600.0,2400.0,1200.0,100.0,0.0,0.0,0.0,0.0,0.0,0.0,0.0,0.0,125,2,16.0,86,いいえ,いいえ,いいえ,40.1,46.0,49.8,84.0,0.865,12.308,12.316,12.265,12.333,12.316,0,0,10.299,4.591,2.118,0.222,7.801,2.232,0.111,7.926,8.131,8.190,220.000,220.000,210.0,50.6,1185.0,210.0,1290.0,210.0,50.5,1413.3,2.0,6.0,1.0,0.0,10.1,0.6,0.9,0.0,1.5,0.0,0,0,はい,いいえ,いいえ,いいえ,いいえ,はい,いいえ,4.6,5.6,0,0,0,0,0,0,0,0,0,0,0,0,0,0,0,0,0,0,0,0,0,0,0,0,0,0,0,0,0,0,11040,1242,965,109,2.5,3.9,15.8,1.7,1.7,1.7,1.7,2.5,2.5,2.5,2.5,2.5,2.5,257.29,582.02,63.38,62.37,591.49,591.49,3.02,42.99,257.19,0.10,42.01,0,0,0.0,0.0,44287,38886,6.8,175.7,0,
19.7.2026,0:50:16.930,20956,12955,61.7,17179,14684,53.9,1.2,2048,25,1.038,1.035,1.035,1.000,1.060,1.050,1.050,4649.9,4666.6,4666.6,4541.8,4691.5,4666.6,4666.6,99.8,4636.8,4651.2,4635.4,4635.7,4635.0,4634.9,4635.6,4635.8,4635.8,4635.3,4635.6,4635.5,4635.5,4636.8,100.0,100.0,100.0,100.0,100.0,100.0,100.0,100.0,100.0,100.0,100.0,100.0,100.0,100.0,100.0,122.2,122.2,122.2,122.2,122.2,122.2,122.2,122.2,122.2,122.2,122.2,122.2,122.2,122.2,46.6,46.8,46.8,45.5,47.0,46.8,46.8,0.0,100.0,100.0,100.0,100.0,100.0,100.0,100.0,0.0,0.0,0.0,0.0,0.0,0.0,0.0,0.0,0.0,0.0,0.0,0.0,0.0,0.0,2395.7,24.00,40,39,39,77,116,708,1,85.8,85.0,85.9,81.9,77.4,82.6,84.6,84.3,79.0,83.7,65.0,65.0,70.2,63.1,45.7,44.0,47.0,1.047,1.015,1.100,41.160,7.807,41.161,49.000,5.418,63.842,6.711,6.382,6.760,6.815,6.839,6.666,6.803,43.092,7.924,56.976,62.442,1996.4,2395.7,4660.8,4660.8,4683.4,71.0,54.9,32.7,71.0,100.0,いいえ,いいえ,いいえ,7.410,2.606,6.0,39.0,85.8,40.0,85.0,1.072,12.197,3.440,3.312,5.040,1.064,1.008,3.440,3.328,1.808,1.024,1.120,1.040,1.792,1.104,0.768,1.824,0.256,2023,いいえ,57.4,43.2,1.095,1.110,1.800,1.800,0.990,5.040,1.000,いいえ,いいえ,いいえ,42.8,1.095,1.110,1.800,1.815,0.990,5.040,2.250,いいえ,いいえ,いいえ,37,37,いいえ,はい,15388,14039,128,128,34,100.0,いいえ,いいえ,3868,2528,9990,38,40,48,100.0,100.0,いいえ,いいえ,7032,7744,0.0,0.1,0.1,0.000,0.008,1392,1008,0.0,0.0,0.0,0.000,0.000,181182,133153,0.0,0.1,0.1,0.000,0.008,66276,77623,65.2,0.720,41.000,600.0,2400.0,1200.0,100.0,0.0,0.0,0.0,0.0,0.0,0.0,0.0,0.0,125,2,16.0,86,いいえ,いいえ,いいえ,40.1,44.0,49.8,84.0,0.865,12.314,12.322,12.273,12.338,12.323,0,0,10.288,4.685,2.349,0.271,7.879,2.492,0.136,8.021,8.141,8.187,220.000,220.000,210.0,50.6,1185.0,210.0,1290.0,210.1,50.5,1414.1,3.0,6.0,1.0,0.0,10.1,0.6,0.9,0.0,1.7,0.0,0,0,はい,いいえ,いいえ,いいえ,いいえ,はい,いいえ,4.7,5.5,0,0,0,0,0,0,0,0,0,0,0,0,0,0,0,0,0,0,0,0,0,0,0,0,0,0,0,0,0,0,11040,1242,965,109,2.5,3.9,15.8,1.7,1.7,1.7,1.7,2.5,2.5,2.5,2.5,2.5,2.5,257.29,582.02,63.38,62.37,591.49,591.49,3.02,42.99,257.19,0.10,42.01,0,0,0.0,0.0,44287,38886,7.5,219.7,0,
19.7.2026,0:50:18.920,20957,12954,61.7,17180,14683,53.9,1.2,2048,25,1.076,1.035,1.090,1.075,1.075,1.090,1.090,4716.5,4641.6,4741.4,4716.5,4716.5,4741.4,4741.4,99.8,4640.3,4654.0,4638.8,4638.8,4638.8,4637.9,4639.0,4639.2,4639.3,4639.3,4639.6,4639.4,4639.5,4640.3,100.0,100.0,100.0,100.0,100.0,100.0,100.0,100.0,100.0,100.0,100.0,100.0,100.0,100.0,100.0,122.3,122.3,122.3,122.3,122.3,122.3,122.3,122.3,122.3,122.3,122.3,122.3,122.3,122.3,47.2,46.5,47.5,47.2,47.2,47.5,47.5,0.0,100.0,100.0,100.0,100.0,100.0,100.0,100.0,0.0,0.0,0.0,0.0,0.0,0.0,0.0,0.0,0.0,0.0,0.0,0.0,0.0,0.0,2395.7,24.00,40,39,39,77,116,708,1,85.8,85.0,86.0,82.1,77.6,82.8,84.7,84.3,79.1,83.8,65.2,65.2,69.8,63.4,45.7,44.0,47.0,1.048,1.015,1.100,41.334,7.893,41.340,50.000,5.410,64.233,6.749,6.446,6.800,6.801,6.851,6.737,6.857,43.340,8.012,57.302,62.785,1996.4,2395.7,4663.9,4663.9,4686.4,71.3,55.1,33.3,71.3,100.0,いいえ,いいえ,いいえ,7.709,2.554,6.0,39.0,85.8,40.0,85.0,1.064,12.144,3.440,3.328,5.040,1.072,1.016,3.440,3.328,1.808,1.024,1.120,1.040,1.792,1.104,0.768,1.824,0.256,2011,いいえ,57.4,43.2,1.095,1.110,1.800,1.800,1.005,5.040,1.250,いいえ,いいえ,いいえ,42.8,1.095,1.110,1.800,1.800,1.005,5.040,0.875,いいえ,いいえ,いいえ,37,37,いいえ,はい,15388,14039,128,128,34,100.0,いいえ,いいえ,3868,2528,9990,38,40,48,100.0,100.0,いいえ,いいえ,7032,7744,0.0,0.0,0.0,0.000,0.004,1392,1008,0.0,0.0,0.0,0.000,0.000,181182,133153,0.0,0.0,0.0,0.000,0.006,66276,77623,65.2,0.720,46.000,600.0,2400.0,1200.0,100.0,0.0,0.0,0.0,0.0,0.0,0.0,0.0,0.0,125,2,16.0,86,いいえ,いいえ,いいえ,40.1,46.0,49.9,84.0,0.865,12.311,12.319,12.269,12.335,12.319,0,0,10.277,4.718,2.561,0.271,7.828,2.701,0.136,7.972,8.081,8.195,220.000,220.000,210.0,50.6,1185.0,210.0,1290.0,210.0,50.5,1413.7,2.0,6.0,1.0,0.0,10.1,0.4,0.5,0.0,1.1,0.0,0,0,はい,いいえ,いいえ,いいえ,いいえ,はい,いいえ,4.8,4.9,0,0,0,0,0,0,0,0,0,0,0,0,0,0,0,0,0,0,0,0,0,0,0,0,0,0,0,0,0,0,11040,1242,965,109,2.5,3.9,15.8,1.7,1.7,1.7,1.7,2.5,2.5,2.5,2.5,2.5,2.5,257.29,582.02,63.38,62.37,591.49,591.49,3.02,42.99,257.19,0.10,42.01,0,0,0.0,0.0,44287,38886,6.0,121.6,0,
19.7.2026,0:50:20.927,20968,12942,61.8,17183,14680,53.9,1.2,2048,25,1.089,1.090,1.110,1.110,1.080,1.110,1.035,4733.1,4716.5,4766.4,4741.4,4741.4,4766.4,4666.6,99.8,4687.4,4701.8,4685.3,4686.3,4686.3,4685.7,4686.3,4686.2,4686.5,4686.3,4686.1,4685.9,4686.0,4687.4,100.0,100.0,100.0,100.0,100.0,100.0,100.0,100.0,100.0,100.0,100.0,100.0,100.0,100.0,100.0,123.6,123.6,123.5,123.6,123.6,123.6,123.6,123.6,123.6,123.6,123.6,123.6,123.6,123.6,47.4,47.2,47.8,47.5,47.5,47.8,46.8,0.0,100.0,100.0,100.0,100.0,100.0,100.0,100.0,0.0,0.0,0.0,0.0,0.0,0.0,0.0,0.0,0.0,0.0,0.0,0.0,0.0,0.0,2395.7,24.00,40,39,39,77,116,708,1,85.9,85.0,85.8,81.9,77.2,82.7,84.6,84.3,78.9,83.4,65.4,65.4,71.0,63.3,45.7,44.0,47.0,1.076,1.015,1.100,40.551,7.835,40.543,51.000,5.425,64.616,6.687,6.364,6.766,6.769,6.838,6.645,6.742,43.662,7.952,57.581,63.235,1996.4,2395.7,4712.2,4712.2,4736.4,71.9,54.1,34.0,71.9,100.0,いいえ,いいえ,いいえ,10.824,2.756,6.0,39.0,85.9,40.0,85.0,1.064,12.197,3.440,3.328,5.040,1.072,1.008,3.440,3.328,1.808,1.024,1.120,1.040,1.792,1.104,0.768,1.824,0.256,2011,いいえ,57.4,43.2,1.095,1.110,1.800,1.800,1.005,5.040,0.375,いいえ,いいえ,いいえ,42.8,1.095,1.110,1.800,1.800,1.005,5.040,0.750,いいえ,いいえ,いいえ,37,37,いいえ,はい,15388,14039,128,128,34,100.0,いいえ,いいえ,3868,2528,9990,38,40,48,100.0,100.0,いいえ,いいえ,7032,7744,0.0,0.0,0.0,0.000,0.002,1392,1008,0.0,0.0,0.0,0.000,0.000,181182,133153,0.0,0.0,0.1,0.042,0.002,66276,77623,65.3,0.720,42.000,600.0,2400.0,1200.0,100.0,0.0,0.0,0.0,0.0,0.0,0.0,0.0,0.0,125,2,16.0,86,いいえ,いいえ,いいえ,40.0,44.0,49.8,84.0,0.865,12.304,12.312,12.262,12.330,12.313,0,0,10.367,4.748,2.690,0.246,7.811,2.823,0.123,7.944,8.162,8.185,220.000,220.000,210.0,50.6,1185.0,210.0,1290.0,210.0,50.5,1413.3,1.0,6.0,0.0,0.0,10.1,0.4,0.5,0.0,1.0,0.0,0,0,はい,いいえ,いいえ,いいえ,いいえ,はい,いいえ,4.8,5.6,0,0,0,0,0,0,0,0,0,0,0,0,0,0,0,0,0,0,0,0,0,0,0,0,0,0,0,0,0,0,11040,1242,965,109,2.5,11.8,11.8,11.8,11.8,11.8,11.8,0.0,0.0,0.0,0.0,0.0,0.0,85.09,85.09,85.09,85.09,85.09,85.09,4.96,78.49,84.99,0.10,0.00,0,0,0.0,0.0,44287,38887,7.8,305.6,0,
19.7.2026,0:50:22.919,20958,12953,61.8,17124,14739,53.7,1.2,2048,25,1.075,1.075,1.065,1.065,1.090,1.080,1.075,4708.2,4716.5,4691.5,4691.5,4716.5,4716.5,4716.5,99.8,4660.0,4674.9,4659.0,4658.6,4658.7,4658.3,4658.8,4658.7,4658.4,4658.8,4658.8,4658.3,4658.8,4660.0,100.0,100.0,100.0,100.0,100.0,100.0,100.0,100.0,100.0,100.0,100.0,100.0,100.0,100.0,100.0,122.8,122.8,122.9,122.8,122.8,122.9,122.9,122.8,122.8,122.9,122.9,122.8,122.9,122.8,47.2,47.2,47.0,47.0,47.2,47.2,47.2,0.0,100.0,100.0,100.0,100.0,100.0,100.0,100.0,0.0,0.0,0.0,0.0,0.0,0.0,0.0,0.0,0.0,0.0,0.0,0.0,0.0,0.0,2395.7,24.00,40,39,39,77,116,708,1,85.9,85.0,84.4,81.9,77.6,82.6,84.4,84.1,79.0,83.8,65.2,65.2,69.8,63.1,45.7,44.0,47.0,1.060,1.015,1.100,40.592,7.873,40.592,48.000,5.407,63.950,6.645,6.361,6.628,6.706,6.733,6.629,6.816,43.054,7.991,56.993,62.541,1996.4,2395.7,4685.1,4685.1,4707.9,71.1,54.1,32.0,71.1,100.0,いいえ,いいえ,いいえ,9.007,2.309,6.0,39.0,85.9,40.0,85.0,1.072,12.197,3.440,3.328,5.040,1.072,1.008,3.440,3.328,1.808,1.024,1.120,1.040,1.792,1.104,0.768,1.824,0.256,2036,いいえ,57.4,43.2,1.095,1.110,1.800,1.800,1.005,5.040,0.250,いいえ,いいえ,いいえ,42.8,1.095,1.110,1.800,1.800,1.005,5.040,0.875,いいえ,いいえ,いいえ,37,37,いいえ,はい,15388,14039,128,128,34,100.0,いいえ,いいえ,3868,2528,9990,38,40,48,100.0,100.0,いいえ,いいえ,7032,7744,0.0,0.1,0.1,0.000,0.008,1392,1008,0.0,0.0,0.0,0.000,0.000,181182,133153,0.0,0.1,0.1,0.000,0.073,66276,77623,65.3,0.720,45.000,600.0,2400.0,1200.0,100.0,0.0,0.0,0.0,0.0,0.0,0.0,0.0,0.0,125,2,16.0,86,いいえ,いいえ,いいえ,40.1,44.0,49.9,84.0,0.865,12.311,12.318,12.270,12.335,12.319,0,0,10.539,4.706,2.444,0.271,7.841,2.590,0.136,7.993,8.174,8.199,220.000,220.000,210.0,50.6,1185.0,210.0,1290.0,210.0,50.5,1413.7,1.0,6.0,0.0,0.0,10.1,0.5,0.8,0.0,1.0,0.0,0,0,はい,いいえ,いいえ,いいえ,いいえ,はい,いいえ,4.7,5.1,0,0,0,0,0,0,0,0,0,0,0,0,0,0,0,0,0,0,0,0,0,0,0,0,0,0,0,0,0,0,11040,1242,965,109,2.5,11.8,11.8,11.8,11.8,11.8,11.8,0.0,0.0,0.0,0.0,0.0,0.0,85.09,85.09,85.09,85.09,85.09,85.09,4.96,78.49,84.99,0.10,0.00,0,0,0.0,0.0,44287,38887,5.9,175.8,0,
19.7.2026,0:50:24.924,20958,12953,61.8,17124,14739,53.7,1.2,2048,25,1.083,1.035,1.105,1.090,1.075,1.105,1.090,4724.8,4666.6,4741.4,4666.6,4766.4,4791.4,4716.5,99.8,4666.4,4680.6,4664.5,4665.2,4665.0,4664.7,4665.2,4665.3,4665.4,4664.4,4665.4,4665.4,4665.5,4666.4,100.0,100.0,100.0,100.0,100.0,100.0,100.0,100.0,100.0,100.0,100.0,100.0,100.0,100.0,100.0,123.0,123.0,123.0,123.0,123.0,123.0,123.0,123.0,123.0,123.0,123.0,123.0,123.0,123.0,47.3,46.8,47.5,46.8,47.8,48.0,47.2,0.0,100.0,100.0,100.0,100.0,100.0,100.0,100.0,0.0,0.0,0.0,0.0,0.0,0.0,0.0,0.0,0.0,0.0,0.0,0.0,0.0,0.0,2395.7,24.00,40,39,39,77,116,708,1,85.9,85.0,83.9,81.9,77.3,82.7,84.6,84.3,78.8,83.5,65.2,65.2,70.2,63.1,45.7,44.0,47.0,1.064,1.015,1.100,40.614,7.872,40.614,49.000,5.419,64.138,6.656,6.329,6.734,6.767,6.833,6.544,6.727,43.216,7.990,57.167,62.705,1996.4,2395.7,4691.1,4691.1,4713.6,71.3,54.2,32.7,71.3,100.0,いいえ,いいえ,いいえ,8.933,2.357,6.0,39.0,85.9,40.0,85.0,1.040,12.197,3.456,3.328,5.040,1.072,1.016,3.440,3.328,1.808,1.024,1.120,1.040,1.792,1.104,0.768,1.824,0.256,2033,いいえ,57.4,43.2,1.095,1.110,1.800,1.800,1.005,5.040,0.625,いいえ,いいえ,いいえ,42.8,1.095,1.110,1.800,1.800,1.005,5.040,0.875,いいえ,いいえ,いいえ,37,37,いいえ,はい,15388,14039,128,128,34,100.0,いいえ,いいえ,3868,2528,9990,39,41,48,100.0,100.0,いいえ,いいえ,7032,7744,0.0,0.0,0.0,0.000,0.002,1392,1008,0.0,0.0,0.0,0.000,0.000,181182,133153,0.0,0.0,0.0,0.000,0.000,66276,77623,65.2,0.720,44.000,600.0,2400.0,1200.0,100.0,0.0,0.0,0.0,0.0,0.0,0.0,0.0,0.0,125,2,16.0,86,いいえ,いいえ,いいえ,40.1,46.0,49.8,84.0,0.865,12.314,12.321,12.273,12.338,12.323,0,0,10.597,4.809,2.851,0.271,7.855,2.986,0.136,8.008,8.192,8.173,220.000,220.000,210.0,50.6,1185.0,210.0,1290.0,210.1,50.5,1413.4,3.0,6.0,1.0,0.0,10.1,0.6,0.9,0.0,1.4,0.0,0,0,はい,いいえ,いいえ,いいえ,いいえ,はい,いいえ,4.9,5.7,0,0,0,0,0,0,0,0,0,0,0,0,0,0,0,0,0,0,0,0,0,0,0,0,0,0,0,0,0,0,11040,1242,965,109,2.5,11.8,11.8,11.8,11.8,11.8,11.8,0.0,0.0,0.0,0.0,0.0,0.0,85.09,85.09,85.09,85.09,85.09,85.09,4.96,78.49,84.99,0.10,0.00,0,0,0.0,0.0,44287,38888,6.2,132.3,0,
19.7.2026,0:50:26.922,20962,12948,61.8,17130,14733,53.7,1.2,2048,25,1.047,1.050,1.035,1.035,1.050,1.050,1.060,4658.3,4666.6,4641.6,4641.6,4691.5,4691.5,4616.7,99.8,4633.7,4650.5,4627.6,4634.4,4633.2,4632.8,4634.7,4634.4,4633.4,4628.6,4630.0,4631.8,4633.3,4633.7,99.9,100.0,99.8,100.0,100.0,100.0,100.0,100.0,100.0,99.9,99.9,99.9,100.0,100.0,99.9,122.1,122.2,122.0,122.2,122.2,122.2,122.2,122.2,122.2,122.0,122.1,122.2,122.2,122.1,46.7,46.8,46.5,46.5,47.0,47.0,46.2,0.0,100.0,100.0,100.0,100.0,100.0,100.0,100.0,0.0,0.0,0.0,0.0,0.0,0.0,0.0,0.0,0.0,0.0,0.0,0.0,0.0,0.0,2395.7,24.00,40,39,39,77,116,708,1,85.8,85.0,84.9,81.9,77.6,82.6,84.6,84.3,78.8,83.6,65.0,65.0,70.2,63.2,45.8,44.0,47.0,1.046,1.015,1.100,40.699,7.865,40.697,52.000,5.401,63.255,6.615,6.338,6.644,6.743,6.752,6.522,6.692,42.589,7.983,56.512,61.866,1996.4,2395.7,4660.2,4660.2,4680.7,70.3,54.3,34.7,70.3,100.0,いいえ,いいえ,いいえ,5.787,1.677,6.0,39.0,85.8,40.0,85.0,1.064,12.197,3.456,3.328,5.040,1.072,1.008,3.440,3.328,1.808,1.024,1.120,1.040,1.792,1.104,0.768,1.824,0.256,2033,いいえ,57.4,43.2,1.095,1.110,1.800,1.800,1.005,5.040,1.500,いいえ,いいえ,いいえ,42.8,1.095,1.110,1.800,1.800,1.005,5.040,0.875,いいえ,いいえ,いいえ,37,37,いいえ,はい,15388,14039,128,128,34,100.0,いいえ,いいえ,3868,2528,9990,38,40,48,100.0,100.0,いいえ,いいえ,7032,7744,0.0,0.1,0.1,0.000,0.010,1392,1008,0.0,0.0,0.0,0.000,0.000,181182,133153,0.0,0.0,0.0,0.000,0.026,66276,77623,65.2,0.720,46.000,600.0,2400.0,1200.0,100.0,0.0,0.0,0.0,0.0,0.0,0.0,0.0,0.0,125,2,16.0,86,いいえ,いいえ,いいえ,40.1,44.0,49.8,84.0,0.865,12.315,12.323,12.275,12.340,12.324,0,0,10.475,4.709,2.507,0.246,7.868,2.628,0.123,8.008,8.124,8.169,220.000,220.000,210.0,50.6,1185.0,210.0,1290.0,210.0,50.5,1413.2,2.0,5.0,1.0,0.0,10.1,0.5,0.8,0.0,1.4,0.0,0,0,はい,いいえ,いいえ,いいえ,いいえ,はい,いいえ,4.8,5.1,0,0,0,0,0,0,0,0,0,0,0,0,0,0,0,0,0,0,0,0,0,0,0,0,0,0,0,0,0,0,11040,1242,965,109,2.5,2.5,14.5,1.4,1.4,1.4,1.4,0.0,0.0,0.0,0.0,0.0,0.0,392.49,716.11,68.86,62.92,722.72,722.72,4.38,90.14,392.41,0.07,0.00,0,0,0.0,0.0,44287,38888,6.3,185.6,0,
19.7.2026,0:50:28.928,20964,12947,61.8,17124,14738,53.7,1.2,2048,25,1.063,1.090,1.070,1.070,1.040,1.050,1.060,4683.2,4741.4,4716.5,4716.5,4566.8,4666.6,4691.5,99.8,4654.4,4668.4,4653.0,4653.2,4653.1,4652.6,4653.1,4653.3,4653.3,4653.2,4653.3,4653.0,4653.2,4654.4,100.0,100.0,100.0,100.0,100.0,100.0,100.0,100.0,100.0,100.0,100.0,100.0,100.0,100.0,100.0,122.7,122.7,122.7,122.7,122.7,122.7,122.7,122.7,122.7,122.7,122.7,122.7,122.7,122.7,46.9,47.5,47.2,47.2,45.8,46.8,47.0,0.0,100.0,100.0,100.0,100.0,100.0,100.0,100.0,0.0,0.0,0.0,0.0,0.0,0.0,0.0,0.0,0.0,0.0,0.0,0.0,0.0,0.0,2395.7,24.00,40,39,39,77,116,708,1,85.8,85.0,86.8,82.1,77.6,82.8,84.7,84.5,79.1,83.7,65.3,65.3,71.0,63.2,45.8,44.0,47.0,1.057,1.015,1.100,41.018,7.987,41.022,48.000,5.440,64.550,6.770,6.450,6.843,6.847,6.945,6.697,6.836,43.359,8.107,57.450,63.113,1996.4,2395.7,4678.3,4678.3,4702.8,71.7,54.7,32.0,71.7,100.0,いいえ,いいえ,いいえ,10.318,3.654,6.0,39.0,85.8,40.0,85.0,1.072,12.197,3.456,3.328,5.040,1.064,1.008,3.440,3.328,1.808,1.024,1.120,1.040,1.792,1.104,0.768,1.824,0.256,2023,いいえ,57.4,43.2,1.095,1.110,1.800,1.800,1.005,5.040,0.875,いいえ,いいえ,いいえ,42.8,1.095,1.110,1.800,1.815,1.005,5.040,0.875,いいえ,いいえ,いいえ,37,37,いいえ,はい,15388,14039,128,128,34,100.0,いいえ,いいえ,3868,2528,9990,38,40,48,100.0,100.0,いいえ,いいえ,7032,7744,0.0,0.1,0.1,0.000,0.006,1392,1008,0.0,0.0,0.0,0.000,0.000,181182,133153,0.0,0.0,0.0,0.000,0.000,66276,77623,65.3,0.720,44.000,600.0,2400.0,1200.0,100.0,0.0,0.0,0.0,0.0,0.0,0.0,0.0,0.0,125,2,16.0,86,いいえ,いいえ,いいえ,40.1,44.0,49.7,84.0,0.865,12.311,12.318,12.270,12.335,12.319,0,0,10.407,4.722,2.466,0.271,7.816,2.590,0.136,7.960,8.260,8.278,220.000,220.000,210.0,50.6,1185.0,210.0,1290.0,209.9,50.5,1413.3,2.0,6.0,1.0,0.0,10.1,0.5,0.6,0.0,1.3,0.0,0,0,はい,いいえ,いいえ,いいえ,いいえ,はい,いいえ,4.7,5.6,0,0,0,0,0,0,0,0,0,0,0,0,0,0,0,0,0,0,0,0,0,0,0,0,0,0,0,0,0,0,11040,1242,965,109,2.5,3.4,17.4,1.1,1.0,1.0,1.0,2.1,9.7,1.0,1.0,1.0,1.0,298.35,946.92,57.37,56.12,975.25,975.25,2.98,47.54,298.25,0.10,79.42,0,0,0.0,0.0,44287,38888,7.0,211.5,0,
19.7.2026,0:50:30.922,20958,12952,61.8,17127,14736,53.7,1.2,2048,25,1.075,1.075,1.105,1.090,1.055,1.050,1.075,4716.5,4716.5,4766.4,4766.4,4666.6,4666.6,4716.5,99.8,4674.3,4688.5,4672.8,4673.0,4673.1,4672.4,4673.0,4673.1,4673.3,4673.1,4673.2,4672.9,4673.1,4674.3,100.0,100.0,100.0,100.0,100.0,100.0,100.0,100.0,100.0,100.0,100.0,100.0,100.0,100.0,100.0,123.2,123.2,123.2,123.2,123.2,123.2,123.2,123.2,123.2,123.2,123.2,123.2,123.2,123.2,47.2,47.2,47.8,47.8,46.8,46.8,47.2,0.0,100.0,100.0,100.0,100.0,100.0,100.0,100.0,0.0,0.0,0.0,0.0,0.0,0.0,0.0,0.0,0.0,0.0,0.0,0.0,0.0,0.0,2395.7,24.00,40,39,39,77,116,708,1,85.9,85.0,84.9,81.9,77.4,82.6,84.6,84.2,78.9,83.4,65.4,65.4,69.5,62.9,45.8,44.0,47.0,1.068,1.015,1.100,40.677,7.901,40.678,49.500,5.423,64.516,6.673,6.342,6.767,6.802,6.819,6.580,6.726,43.461,8.020,57.446,63.092,1996.4,2395.7,4699.0,4699.0,4722.0,71.7,54.2,33.0,71.7,100.0,いいえ,いいえ,いいえ,10.504,2.961,6.0,39.0,85.9,40.0,85.0,1.072,12.197,3.440,3.328,5.040,1.072,1.008,3.440,3.328,1.808,1.024,1.120,1.032,1.792,1.104,0.768,1.824,0.256,2017,いいえ,57.4,43.2,1.095,1.110,1.800,1.800,1.005,5.040,0.750,いいえ,いいえ,いいえ,43.0,1.095,1.110,1.800,1.800,1.005,5.040,0.625,いいえ,いいえ,いいえ,37,37,いいえ,はい,15388,14039,128,128,34,100.0,いいえ,いいえ,3868,2528,9990,38,40,48,100.0,100.0,いいえ,いいえ,7032,7744,0.0,0.0,0.0,0.000,0.004,1392,1008,0.0,0.0,0.0,0.000,0.000,181182,133153,0.0,0.0,0.0,0.000,0.008,66276,77623,65.3,0.720,44.000,600.0,2400.0,1200.0,100.0,0.0,0.0,0.0,0.0,0.0,0.0,0.0,0.0,125,2,16.0,86,いいえ,いいえ,いいえ,40.0,44.0,49.8,84.0,0.865,12.314,12.322,12.273,12.339,12.323,0,0,10.513,4.672,2.355,0.246,7.855,2.480,0.123,7.994,8.145,8.174,220.000,220.000,210.0,50.6,1185.0,210.0,1290.0,210.0,50.5,1413.5,1.0,5.0,0.0,0.0,10.1,0.2,0.3,0.0,0.4,0.0,0,0,はい,いいえ,いいえ,いいえ,いいえ,はい,いいえ,4.7,5.1,0,0,0,0,0,0,0,0,0,0,0,0,0,0,0,0,0,0,0,0,0,0,0,0,0,0,0,0,0,0,11040,1242,965,109,2.5,3.4,17.4,1.1,1.0,1.0,1.0,2.1,9.7,1.0,1.0,1.0,1.0,298.35,946.92,57.37,56.12,975.25,975.25,2.98,47.54,298.25,0.10,79.42,0,0,0.0,0.0,44287,38889,5.5,86.1,0,
19.7.2026,0:50:32.918,20968,12943,61.8,17126,14737,53.7,1.2,2048,25,1.054,1.035,1.060,1.060,1.060,1.035,1.075,4679.1,4641.6,4691.5,4666.6,4691.5,4691.5,4691.5,99.8,4673.0,4687.6,4672.0,4671.8,4671.8,4671.2,4671.7,4671.9,4671.7,4671.6,4671.6,4671.4,4671.6,4673.0,100.0,100.0,100.0,100.0,100.0,100.0,100.0,100.0,100.0,100.0,100.0,100.0,100.0,100.0,100.0,123.2,123.2,123.2,123.2,123.2,123.2,123.2,123.2,123.2,123.2,123.2,123.2,123.2,123.2,46.9,46.5,47.0,46.8,47.0,47.0,47.0,0.0,100.0,100.0,100.0,100.0,100.0,100.0,100.0,0.0,0.0,0.0,0.0,0.0,0.0,0.0,0.0,0.0,0.0,0.0,0.0,0.0,0.0,2395.7,24.00,40,39,39,77,116,708,1,85.9,85.0,84.4,81.8,77.5,82.4,84.6,84.3,79.0,83.1,65.5,65.5,70.5,63.3,45.7,44.0,47.0,1.068,1.015,1.100,40.431,7.913,40.429,50.500,5.399,64.308,6.645,6.359,6.694,6.799,6.836,6.554,6.631,43.221,8.032,57.191,62.859,1996.4,2395.7,4698.4,4698.4,4721.1,71.4,53.9,33.7,71.4,100.0,いいえ,いいえ,いいえ,10.769,2.937,6.0,39.0,85.9,40.0,85.0,1.096,12.197,3.440,3.328,5.040,1.072,1.008,3.440,3.328,1.808,1.024,1.120,1.040,1.792,1.096,0.768,1.824,0.256,2030,いいえ,57.4,43.2,1.095,1.110,1.800,1.800,1.005,5.040,1.375,いいえ,いいえ,いいえ,43.0,1.095,1.110,1.800,1.800,1.005,5.040,0.875,いいえ,いいえ,いいえ,37,37,いいえ,はい,15388,14039,128,128,34,100.0,いいえ,いいえ,3868,2528,9990,38,40,48,100.0,100.0,いいえ,いいえ,7032,7744,0.0,0.1,0.1,0.000,0.008,1392,1008,0.0,0.0,0.0,0.000,0.000,181182,133153,0.0,0.0,0.0,0.000,0.044,66276,77623,65.3,0.720,44.000,600.0,2400.0,1200.0,100.0,0.0,0.0,0.0,0.0,0.0,0.0,0.0,0.0,125,2,16.0,86,いいえ,いいえ,いいえ,40.1,44.0,49.9,84.0,0.865,12.317,12.326,12.276,12.341,12.325,0,0,10.496,4.693,2.401,0.271,7.869,2.542,0.136,8.013,8.133,8.180,220.000,220.000,210.0,50.6,1185.0,210.0,1290.0,210.0,50.5,1413.7,1.0,6.0,0.0,0.0,10.1,0.4,0.6,0.0,0.9,0.0,0,0,はい,いいえ,いいえ,いいえ,いいえ,はい,いいえ,4.7,5.7,0,0,0,0,0,0,0,0,0,0,0,0,0,0,0,0,0,0,0,0,0,0,0,0,0,0,0,0,0,0,11040,1242,965,109,2.5,0.6,0.6,0.6,0.6,0.6,0.6,0.0,0.0,0.0,0.0,0.0,0.0,1781.12,1781.12,1781.12,1781.12,1781.12,1781.12,5.36,78.24,1781.01,0.10,0.00,0,0,0.0,0.0,44287,38889,6.3,148.3,0,
19.7.2026,0:50:34.926,20962,12949,61.8,17132,14731,53.7,1.2,2048,25,1.032,1.040,1.025,1.035,1.025,1.040,1.025,4633.3,4666.6,4641.6,4641.6,4591.7,4641.6,4616.7,99.8,4658.2,4673.7,4657.6,4657.2,4657.7,4657.0,4657.8,4657.7,4657.5,4655.0,4655.3,4655.2,4656.6,4658.2,100.0,100.0,100.0,100.0,100.0,100.0,100.0,100.0,100.0,99.9,100.0,100.0,100.0,100.0,100.0,122.8,122.8,122.8,122.8,122.8,122.8,122.8,122.8,122.8,122.8,122.8,122.8,122.8,122.8,46.4,46.8,46.5,46.5,46.0,46.5,46.2,0.0,100.0,100.0,100.0,100.0,100.0,100.0,100.0,0.0,0.0,0.0,0.0,0.0,0.0,0.0,0.0,0.0,0.0,0.0,0.0,0.0,0.0,2395.7,24.00,40,39,39,77,116,708,1,85.9,85.0,85.4,81.9,77.5,82.6,84.5,84.2,79.3,83.5,65.3,65.3,69.5,63.0,45.7,44.0,47.0,1.060,1.015,1.100,40.530,7.785,40.529,50.500,5.404,63.783,6.669,6.345,6.719,6.734,6.768,6.675,6.774,42.999,7.901,56.845,62.379,1996.4,2395.7,4683.9,4683.9,4707.3,70.9,54.0,33.7,70.9,100.0,いいえ,いいえ,いいえ,8.674,2.544,6.0,39.0,85.9,40.0,85.0,1.096,12.197,3.456,3.328,5.040,1.072,1.008,3.440,3.328,1.808,1.024,1.120,1.040,1.792,1.104,0.768,1.824,0.248,2033,いいえ,57.4,43.2,1.095,1.110,1.800,1.800,1.005,5.040,0.625,いいえ,いいえ,いいえ,42.8,1.095,1.110,1.800,1.800,1.005,5.040,0.500,いいえ,いいえ,いいえ,37,37,いいえ,はい,15388,14039,128,128,34,100.0,いいえ,いいえ,3868,2528,9990,38,40,48,100.0,100.0,いいえ,いいえ,7032,7744,0.0,0.0,0.0,0.000,0.004,1392,1008,0.0,0.0,0.0,0.000,0.000,181182,133153,0.0,0.0,0.0,0.000,0.006,66276,77623,65.3,0.720,40.000,600.0,2400.0,1200.0,100.0,0.0,0.0,0.0,0.0,0.0,0.0,0.0,0.0,125,2,16.0,86,いいえ,いいえ,いいえ,40.0,44.0,49.9,84.0,0.865,12.311,12.321,12.268,12.335,12.320,0,0,10.320,4.667,2.267,0.222,7.814,2.381,0.111,7.934,8.439,8.170,220.000,220.000,210.0,50.6,1185.0,210.0,1290.0,210.0,50.6,1413.2,3.0,6.0,1.0,0.0,10.1,0.3,0.5,0.0,0.8,0.0,0,0,はい,いいえ,いいえ,いいえ,いいえ,はい,いいえ,4.6,5.4,0,0,0,0,0,0,0,0,0,0,0,0,0,0,0,0,0,0,0,0,0,0,0,0,0,0,0,0,0,0,11040,1242,965,109,2.5,0.6,0.6,0.6,0.6,0.6,0.6,0.0,0.0,0.0,0.0,0.0,0.0,1781.12,1781.12,1781.12,1781.12,1781.12,1781.12,5.36,78.24,1781.01,0.10,0.00,0,0,0.0,0.0,44287,38889,5.2,150.5,0,
19.7.2026,0:50:36.920,20961,12950,61.8,17133,14730,53.7,1.2,2048,25,1.068,1.090,1.060,1.060,1.075,1.075,1.050,4704.0,4741.4,4691.5,4691.5,4716.5,4691.5,4691.5,99.8,4648.7,4663.2,4646.7,4647.3,4647.3,4646.4,4648.0,4648.0,4648.1,4645.2,4648.3,4647.5,4648.4,4648.7,100.0,99.9,100.0,100.0,100.0,100.0,100.0,100.0,100.0,99.9,100.0,100.0,100.0,100.0,100.0,122.5,122.5,122.5,122.5,122.5,122.5,122.5,122.5,122.5,122.5,122.5,122.5,122.5,122.5,47.1,47.5,47.0,47.0,47.2,47.0,47.0,0.0,100.0,100.0,100.0,100.0,100.0,100.0,100.0,0.0,0.0,0.0,0.0,0.0,0.0,0.0,0.0,0.0,0.0,0.0,0.0,0.0,0.0,2395.7,24.00,40,39,39,77,116,708,1,85.9,85.0,85.4,82.0,77.7,82.6,84.5,84.1,79.3,83.6,65.1,65.1,69.5,63.1,45.8,44.0,47.0,1.054,1.015,1.100,40.807,7.814,40.806,54.500,5.419,63.833,6.720,6.452,6.772,6.789,6.784,6.714,6.810,43.023,7.931,56.914,62.452,1996.4,2395.7,4672.9,4672.9,4695.9,71.0,54.4,36.3,71.0,100.0,いいえ,いいえ,いいえ,8.537,2.992,6.0,39.0,85.9,40.0,85.0,1.088,12.197,3.440,3.328,5.040,1.072,1.016,3.440,3.328,1.808,1.024,1.120,1.040,1.792,1.104,0.768,1.824,0.256,2030,いいえ,57.4,43.2,1.095,1.110,1.800,1.800,1.005,5.040,1.375,いいえ,いいえ,いいえ,42.8,1.095,1.110,1.800,1.800,1.005,5.040,1.000,いいえ,いいえ,いいえ,37,37,いいえ,はい,15388,14039,128,128,34,100.0,いいえ,いいえ,3868,2528,9990,38,40,48,100.0,100.0,いいえ,いいえ,7032,7744,0.0,0.1,0.1,0.000,0.006,1392,1008,0.0,0.0,0.0,0.000,0.000,181182,133153,0.0,0.0,0.0,0.000,0.004,66276,77623,65.2,0.720,42.000,600.0,2400.0,1200.0,100.0,0.0,0.0,0.0,0.0,0.0,0.0,0.0,0.0,125,2,16.0,86,いいえ,いいえ,いいえ,40.1,44.0,49.9,84.0,0.865,12.314,12.324,12.272,12.339,12.323,0,0,10.558,4.716,2.519,0.271,7.866,2.653,0.136,8.008,8.098,8.180,220.000,220.000,210.0,50.6,1185.0,210.0,1290.0,210.0,50.5,1413.8,1.0,6.0,1.0,0.0,10.1,0.5,0.7,0.0,1.3,0.0,0,0,はい,いいえ,いいえ,いいえ,いいえ,はい,いいえ,4.8,5.4,0,0,0,0,0,0,0,0,0,0,0,0,0,0,0,0,0,0,0,0,0,0,0,0,0,0,0,0,0,0,11040,1242,965,109,2.5,0.6,0.6,0.6,0.6,0.6,0.6,0.0,0.0,0.0,0.0,0.0,0.0,1781.12,1781.12,1781.12,1781.12,1781.12,1781.12,5.36,78.24,1781.01,0.10,0.00,0,0,0.0,0.0,44287,38889,5.4,89.9,0,
19.7.2026,0:50:38.920,20959,12952,61.8,17133,14729,53.7,1.2,2048,25,1.091,1.075,1.090,1.095,1.090,1.120,1.075,4724.8,4741.4,4741.4,4741.4,4691.5,4791.4,4641.6,99.8,4665.9,4681.0,4665.1,4664.2,4664.7,4664.9,4665.6,4663.8,4663.9,4663.4,4663.7,4664.1,4666.0,4665.9,100.0,100.0,100.0,100.0,100.0,100.0,100.0,100.0,100.0,100.0,100.0,100.0,100.0,100.0,100.0,123.0,123.0,123.0,123.0,123.0,123.0,123.0,123.0,123.0,122.9,122.9,123.0,123.0,123.0,47.3,47.5,47.5,47.5,47.0,48.0,46.5,0.0,100.0,100.0,100.0,100.0,100.0,100.0,100.0,0.0,0.0,0.0,0.0,0.0,0.0,0.0,0.0,0.0,0.0,0.0,0.0,0.0,0.0,2395.7,24.00,40,39,39,77,116,708,1,85.9,85.0,86.9,82.0,77.5,82.6,84.6,84.3,79.1,83.7,65.2,65.2,69.5,63.0,45.8,44.0,47.0,1.064,1.015,1.100,40.654,7.867,40.656,48.500,5.424,64.262,6.738,6.435,6.774,6.820,6.850,6.686,6.860,43.277,7.985,57.229,62.852,1996.4,2395.7,4691.2,4691.2,4714.7,71.4,54.2,32.3,71.4,100.0,いいえ,いいえ,いいえ,9.933,3.176,6.0,39.0,85.9,40.0,85.0,1.096,12.197,3.440,3.328,5.040,1.072,1.016,3.440,3.328,1.808,1.024,1.120,1.040,1.792,1.096,0.768,1.824,0.256,2014,いいえ,57.4,43.2,1.095,1.110,1.815,1.800,1.005,5.040,0.875,いいえ,いいえ,いいえ,42.8,1.095,1.110,1.815,1.800,1.005,5.040,0.875,いいえ,いいえ,いいえ,37,37,いいえ,はい,15388,14039,128,128,34,100.0,いいえ,いいえ,3868,2528,9990,38,40,48,100.0,100.0,いいえ,いいえ,7032,7744,0.0,0.0,0.0,0.000,0.000,1392,1008,0.0,0.0,0.0,0.000,0.000,181182,133153,0.0,0.0,0.0,0.000,0.020,66276,77623,65.3,0.720,41.000,600.0,2400.0,1200.0,100.0,0.0,0.0,0.0,0.0,0.0,0.0,0.0,0.0,125,2,16.0,86,いいえ,いいえ,いいえ,40.1,44.0,49.7,84.0,0.865,12.315,12.325,12.274,12.339,12.323,0,0,10.419,4.727,2.569,0.271,7.856,2.702,0.136,7.996,8.107,8.178,220.000,220.000,210.0,50.6,1185.0,210.0,1290.0,210.0,50.5,1413.9,2.0,6.0,1.0,0.0,10.1,0.5,0.7,0.0,1.3,0.0,0,0,はい,いいえ,いいえ,いいえ,いいえ,はい,いいえ,4.8,5.1,0,0,0,0,0,0,0,0,0,0,0,0,0,0,0,0,0,0,0,0,0,0,0,0,0,0,0,0,0,0,11040,1242,965,109,2.5,0.8,0.8,0.8,0.8,0.8,0.8,0.0,0.0,0.0,0.0,0.0,0.0,1273.34,1273.34,1273.34,1273.34,1273.34,1273.34,5.32,76.49,1273.22,0.12,0.00,0,0,0.0,0.0,44287,38890,6.7,239.5,0,
19.7.2026,0:50:40.931,20962,12949,61.8,17135,14727,53.7,1.2,2048,25,1.079,1.060,1.090,1.090,1.090,1.080,1.065,4695.7,4691.5,4741.4,4741.4,4716.5,4641.6,4641.6,99.8,4678.3,4693.4,4677.4,4676.9,4676.8,4677.3,4677.6,4677.3,4677.4,4677.1,4677.3,4675.1,4676.2,4678.3,100.0,100.0,100.0,100.0,100.0,100.0,100.0,100.0,100.0,100.0,100.0,100.0,100.0,100.0,100.0,123.3,123.3,123.3,123.3,123.3,123.3,123.3,123.3,123.3,123.3,123.3,123.3,123.3,123.3,47.0,47.0,47.5,47.5,47.2,46.5,46.5,0.0,100.0,100.0,100.0,100.0,100.0,100.0,100.0,0.0,0.0,0.0,0.0,0.0,0.0,0.0,0.0,0.0,0.0,0.0,0.0,0.0,0.0,2395.7,24.00,40,39,39,77,116,708,1,85.9,85.0,85.8,81.9,77.3,82.6,84.7,84.4,79.0,83.5,65.4,65.4,70.0,63.2,45.8,44.0,47.0,1.071,1.015,1.100,40.500,7.787,40.502,50.000,5.422,64.352,6.682,6.304,6.737,6.818,6.879,6.609,6.747,43.392,7.904,57.259,62.875,1996.4,2395.7,4703.1,4703.1,4726.6,71.4,54.0,33.3,71.4,100.0,いいえ,いいえ,いいえ,10.116,2.621,6.0,39.0,85.9,40.0,85.0,1.080,12.197,3.440,3.328,5.040,1.072,1.008,3.440,3.328,1.808,1.024,1.120,1.040,1.792,1.104,0.768,1.824,0.256,2023,いいえ,57.4,43.2,1.095,1.110,1.815,1.800,1.005,5.040,0.625,いいえ,いいえ,いいえ,43.0,1.095,1.110,1.815,1.800,1.005,5.040,0.875,いいえ,いいえ,いいえ,37,37,いいえ,はい,15388,14039,128,128,34,100.0,いいえ,いいえ,3868,2528,9990,38,40,48,100.0,100.0,いいえ,いいえ,7032,7744,0.0,0.0,0.0,0.000,0.006,1392,1008,0.0,0.0,0.0,0.000,0.000,181182,133153,0.0,0.0,0.0,0.000,0.000,66276,77623,65.3,0.720,37.000,600.0,2400.0,1200.0,100.0,0.0,0.0,0.0,0.0,0.0,0.0,0.0,0.0,125,2,16.0,86,いいえ,いいえ,いいえ,40.1,44.0,49.9,84.0,0.865,12.313,12.322,12.272,12.337,12.321,0,0,10.560,5.041,3.009,0.320,7.891,3.171,0.160,8.051,9.535,8.193,220.000,220.000,210.0,50.6,1185.0,210.0,1290.0,209.9,50.5,1414.3,3.0,6.0,1.0,0.0,10.1,0.7,0.9,0.0,1.7,0.0,0,0,はい,いいえ,いいえ,いいえ,いいえ,はい,いいえ,5.0,5.1,0,0,0,0,0,0,0,0,0,0,0,0,0,0,0,0,0,0,0,0,0,0,0,0,0,0,0,0,0,0,11040,1242,965,107,2.5,0.8,0.8,0.8,0.8,0.8,0.8,0.0,0.0,0.0,0.0,0.0,0.0,1273.34,1273.34,1273.34,1273.34,1273.34,1273.34,5.32,76.49,1273.22,0.12,0.00,0,0,0.0,0.0,44288,38890,6.2,175.6,0,
19.7.2026,0:50:42.928,20960,12951,61.8,17132,14731,53.7,1.2,2048,25,1.062,1.025,1.060,1.090,1.090,1.020,1.090,4704.0,4616.7,4741.4,4766.4,4741.4,4641.6,4716.5,99.8,4676.9,4691.6,4675.0,4675.9,4675.9,4675.3,4676.0,4675.8,4676.1,4675.6,4675.4,4675.0,4675.2,4676.9,100.0,100.0,100.0,100.0,100.0,100.0,100.0,100.0,100.0,100.0,100.0,100.0,100.0,100.0,100.0,123.3,123.3,123.3,123.3,123.3,123.3,123.3,123.3,123.3,123.3,123.3,123.3,123.3,123.3,47.1,46.2,47.5,47.8,47.5,46.5,47.2,0.0,100.0,100.0,100.0,100.0,100.0,100.0,100.0,0.0,0.0,0.0,0.0,0.0,0.0,0.0,0.0,0.0,0.0,0.0,0.0,0.0,0.0,2395.7,24.00,40,39,39,77,116,708,1,85.9,85.0,85.9,81.9,77.4,82.5,84.4,84.2,79.3,83.7,65.4,65.4,70.8,63.3,45.7,44.0,47.0,1.071,1.015,1.100,40.642,7.851,40.643,48.500,5.423,64.522,6.692,6.376,6.731,6.742,6.786,6.696,6.821,43.532,7.968,57.466,63.109,1996.4,2395.7,4701.9,4701.9,4725.9,71.7,54.2,32.3,71.7,100.0,いいえ,いいえ,いいえ,10.424,2.654,6.0,39.0,85.9,40.0,85.0,1.088,12.197,3.440,3.328,5.040,1.064,1.008,3.440,3.328,1.808,1.024,1.120,1.032,1.792,1.104,0.768,1.824,0.256,2036,いいえ,57.4,43.2,1.095,1.110,1.815,1.800,1.005,5.040,1.250,いいえ,いいえ,いいえ,43.0,1.095,1.110,1.815,1.800,1.005,5.040,1.000,いいえ,いいえ,いいえ,37,37,いいえ,はい,15388,14039,128,128,34,100.0,いいえ,いいえ,3868,2528,9990,38,40,48,100.0,100.0,いいえ,いいえ,7032,7744,0.0,0.1,0.1,0.000,0.008,1392,1008,0.0,0.0,0.0,0.000,0.000,181182,133153,0.0,0.0,0.0,0.000,0.026,66276,77623,65.3,0.720,42.000,600.0,2400.0,1200.0,100.0,0.0,0.0,0.0,0.0,0.0,0.0,0.0,0.0,125,2,16.0,86,いいえ,いいえ,いいえ,40.1,44.0,49.8,84.0,0.865,12.311,12.321,12.269,12.335,12.319,0,0,10.689,4.562,2.072,0.222,7.778,2.183,0.111,7.898,8.067,8.168,220.000,220.000,210.0,50.6,1185.0,210.0,1290.0,209.7,50.5,1413.8,3.0,6.0,1.0,0.0,10.1,0.5,0.8,0.0,1.0,0.0,0,0,はい,いいえ,いいえ,いいえ,いいえ,はい,いいえ,4.5,5.5,0,0,0,0,0,0,0,0,0,0,0,0,0,0,0,0,0,0,0,0,0,0,0,0,0,0,0,0,0,0,11040,1242,965,107,2.5,1.2,1.2,1.2,1.2,1.2,1.2,0.0,0.0,0.0,0.0,0.0,0.0,841.05,841.05,841.05,841.05,841.05,841.05,5.37,77.95,840.96,0.09,0.00,0,0,0.0,0.0,44288,38891,6.7,202.9,0,
19.7.2026,0:50:44.926,20962,12949,61.8,17136,14727,53.7,1.2,2048,25,1.051,1.030,1.045,1.075,1.060,1.060,1.035,4683.2,4641.6,4666.6,4716.5,4716.5,4691.5,4666.6,99.8,4663.5,4678.4,4661.5,4662.3,4662.7,4661.7,4662.6,4662.8,4662.5,4662.6,4662.8,4661.6,4661.0,4663.5,100.0,100.0,100.0,100.0,100.0,100.0,100.0,100.0,100.0,100.0,100.0,100.0,100.0,100.0,100.0,122.9,122.9,122.9,122.9,122.9,122.9,122.9,122.9,122.9,122.9,122.9,122.9,122.9,122.9,46.9,46.5,46.8,47.2,47.2,47.0,46.8,0.0,100.0,100.0,100.0,100.0,100.0,100.0,100.0,0.0,0.0,0.0,0.0,0.0,0.0,0.0,0.0,0.0,0.0,0.0,0.0,0.0,0.0,2395.7,24.00,40,39,39,77,116,708,1,85.9,85.0,85.2,81.9,77.4,82.5,84.6,84.3,79.2,83.6,65.3,65.3,70.0,63.3,45.7,44.0,47.0,1.063,1.015,1.100,40.617,7.935,40.614,49.000,5.366,64.193,6.688,6.341,6.748,6.790,6.813,6.651,6.787,43.198,8.055,57.155,62.777,1996.4,2395.7,4689.2,4689.2,4712.2,71.3,54.2,32.7,71.3,100.0,いいえ,いいえ,いいえ,9.910,3.123,6.0,39.0,85.9,40.0,85.0,1.112,12.197,3.440,3.312,5.040,1.072,1.016,3.440,3.328,1.808,1.024,1.120,1.040,1.792,1.104,0.768,1.824,0.256,2036,いいえ,57.4,43.2,1.095,1.110,1.815,1.800,1.005,5.040,0.875,いいえ,いいえ,いいえ,42.8,1.095,1.110,1.815,1.800,1.005,4.970,0.875,いいえ,いいえ,いいえ,37,37,いいえ,はい,15388,14039,128,128,34,100.0,いいえ,いいえ,3868,2528,9990,39,41,48,100.0,100.0,いいえ,いいえ,7032,7744,0.0,0.9,0.9,0.000,0.004,1392,1008,0.0,0.0,0.0,0.000,0.000,181182,133153,0.0,0.4,0.4,0.000,0.008,66276,77623,65.3,0.720,39.000,600.0,2400.0,1200.0,100.0,0.0,0.0,0.0,0.0,0.0,0.0,0.0,0.0,125,2,16.0,86,いいえ,いいえ,いいえ,40.1,44.0,49.8,84.0,0.865,12.313,12.322,12.271,12.337,12.321,0,0,10.332,4.700,2.531,0.246,7.829,2.652,0.123,7.963,8.073,8.179,220.000,220.000,210.0,50.6,1185.0,210.0,1290.0,210.1,50.5,1413.6,3.0,6.0,1.0,0.0,10.1,0.4,0.5,0.0,1.0,0.0,0,0,はい,いいえ,いいえ,いいえ,いいえ,はい,いいえ,4.8,4.9,0,0,0,0,0,0,0,0,0,0,0,0,0,0,0,0,0,0,0,0,0,0,0,0,0,0,0,0,0,0,11040,1242,965,107,2.5,1.2,1.2,1.2,1.2,1.2,1.2,0.0,0.0,0.0,0.0,0.0,0.0,841.05,841.05,841.05,841.05,841.05,841.05,5.37,77.95,840.96,0.09,0.00,0,0,0.0,0.0,44288,38891,5.7,88.1,0,
19.7.2026,0:50:46.922,21024,12887,61.9,17186,14677,53.9,1.2,2048,25,1.076,1.100,1.065,1.065,1.060,1.075,1.090,4708.2,4766.4,4666.6,4666.6,4666.6,4741.4,4741.4,99.8,4674.4,4689.0,4672.9,4673.3,4673.0,4672.7,4673.1,4673.2,4673.1,4673.0,4673.1,4673.3,4673.2,4674.4,100.0,100.0,100.0,100.0,100.0,100.0,100.0,100.0,100.0,100.0,100.0,100.0,100.0,100.0,100.0,123.2,123.2,123.2,123.2,123.2,123.2,123.2,123.2,123.2,123.2,123.2,123.2,123.2,123.2,47.2,47.8,46.8,46.8,46.8,47.5,47.5,0.0,100.0,100.0,100.0,100.0,100.0,100.0,100.0,0.0,0.0,0.0,0.0,0.0,0.0,0.0,0.0,0.0,0.0,0.0,0.0,0.0,0.0,2395.7,24.00,40,39,39,77,116,708,1,85.9,85.0,86.4,81.6,77.0,82.5,84.5,84.0,78.5,82.9,65.3,65.3,69.2,63.0,45.7,44.0,47.0,1.068,1.015,1.100,40.277,7.940,40.279,50.000,5.389,64.061,6.609,6.264,6.711,6.782,6.770,6.513,6.617,43.052,8.059,57.039,62.666,1996.4,2395.7,4699.9,4699.9,4722.7,71.2,53.7,33.3,71.2,100.0,いいえ,いいえ,いいえ,10.197,2.796,6.0,39.0,85.9,40.0,85.0,1.088,12.197,3.456,3.328,5.040,1.072,1.016,3.440,3.328,1.808,1.024,1.120,1.040,1.792,1.104,0.768,1.824,0.256,2033,いいえ,57.4,43.2,1.110,1.110,1.815,1.800,1.005,5.040,1.250,いいえ,いいえ,いいえ,42.8,1.110,1.110,1.815,1.800,1.005,5.040,0.875,いいえ,いいえ,いいえ,37,37,いいえ,はい,15388,14039,128,128,34,100.0,いいえ,いいえ,3868,2528,9990,38,40,49,100.0,100.0,いいえ,いいえ,7032,7744,0.0,0.1,0.1,0.000,0.008,1392,1008,0.0,0.0,0.0,0.000,0.000,181182,133153,0.0,0.1,0.1,0.032,0.086,66276,77624,65.3,0.720,38.000,600.0,2400.0,1200.0,100.0,0.0,0.0,0.0,0.0,0.0,0.0,0.0,0.0,125,2,16.0,86,いいえ,いいえ,いいえ,40.1,44.0,49.9,84.0,0.865,12.308,12.318,12.265,12.333,12.317,0,0,10.322,4.585,2.133,0.222,7.800,2.245,0.111,7.922,8.073,8.175,220.000,220.000,210.0,50.6,1185.0,210.0,1290.0,210.0,50.5,1414.0,2.0,6.0,1.0,0.0,10.1,0.5,0.7,0.0,1.1,0.0,0,0,はい,いいえ,いいえ,いいえ,いいえ,はい,いいえ,4.7,5.2,0,0,0,0,0,0,0,0,0,0,0,0,0,0,0,0,0,0,0,0,0,0,0,0,0,0,0,0,0,0,11040,1242,965,107,2.5,0.8,0.8,0.8,0.8,0.8,0.8,0.0,0.0,0.0,0.0,0.0,0.0,1250.79,1250.79,1250.79,1250.79,1250.79,1250.79,5.34,78.01,1250.70,0.10,0.00,0,0,0.0,0.0,44288,38891,6.2,159.3,0,
19.7.2026,0:50:48.921,20983,12928,61.8,17148,14715,53.8,1.2,2048,25,1.078,1.075,1.075,1.075,1.090,1.075,1.075,4720.7,4766.4,4716.5,4716.5,4741.4,4691.5,4691.5,99.8,4664.0,4678.1,4662.5,4662.8,4662.8,4662.2,4662.6,4662.9,4663.1,4662.9,4662.3,4662.7,4662.6,4664.0,100.0,99.9,100.0,100.0,100.0,100.0,100.0,100.0,100.0,100.0,100.0,100.0,100.0,100.0,100.0,122.9,122.9,122.9,122.9,122.9,122.9,122.9,122.9,122.9,122.9,122.9,122.9,122.9,122.9,47.3,47.8,47.2,47.2,47.5,47.0,47.0,0.0,100.0,100.0,100.0,100.0,100.0,100.0,100.0,0.0,0.0,0.0,0.0,0.0,0.0,0.0,0.0,0.0,0.0,0.0,0.0,0.0,0.0,2395.7,24.00,40,39,39,77,116,708,1,85.9,85.0,84.4,81.7,77.2,82.5,84.5,84.1,78.4,83.1,65.2,65.2,70.2,63.2,45.7,44.0,47.0,1.062,1.015,1.100,40.415,7.861,40.413,50.500,5.385,63.903,6.634,6.313,6.749,6.787,6.804,6.490,6.664,42.961,7.979,56.863,62.496,1996.4,2395.7,4689.1,4689.1,4712.5,71.0,53.9,33.7,71.0,100.0,いいえ,いいえ,いいえ,10.149,3.176,6.0,39.0,85.9,40.0,85.0,1.080,12.197,3.440,3.328,5.040,1.072,1.016,3.440,3.328,1.808,1.024,1.120,1.040,1.792,1.104,0.768,1.824,0.256,2008,いいえ,57.4,43.2,1.110,1.110,1.815,1.800,1.005,5.040,0.875,いいえ,いいえ,いいえ,43.0,1.110,1.110,1.815,1.800,1.005,5.040,1.000,いいえ,いいえ,いいえ,37,37,いいえ,はい,15388,14039,128,128,34,100.0,いいえ,いいえ,3868,2528,9990,38,40,48,100.0,100.0,いいえ,いいえ,7032,7744,0.0,0.0,0.0,0.000,0.000,1392,1008,0.0,0.0,0.0,0.000,0.000,181182,133153,0.0,0.5,0.5,0.000,0.950,66276,77625,65.3,0.720,46.000,600.0,2400.0,1200.0,100.0,0.0,0.0,0.0,0.0,0.0,0.0,0.0,0.0,125,2,16.0,86,いいえ,いいえ,いいえ,40.1,44.0,49.8,84.0,0.865,12.313,12.320,12.271,12.337,12.322,0,0,10.440,4.671,2.369,0.246,7.866,2.492,0.123,8.000,8.070,8.198,220.000,220.000,210.0,50.6,1185.0,210.0,1290.0,210.1,50.5,1413.6,1.0,5.0,0.0,0.0,10.1,0.4,0.5,0.0,1.2,0.0,0,0,はい,いいえ,いいえ,いいえ,いいえ,はい,いいえ,4.7,5.5,0,0,0,0,0,0,0,0,0,0,0,0,0,0,0,0,0,0,0,0,0,0,0,0,0,0,0,0,0,0,11040,1242,965,107,2.5,0.9,0.9,0.9,0.9,0.9,0.9,0.0,0.0,0.0,0.0,0.0,0.0,1082.45,1082.45,1082.45,1082.45,1082.45,1082.45,5.38,77.96,1082.34,0.11,0.00,0,0,0.0,0.0,44288,38892,9.3,286.8,0,
19.7.2026,0:50:50.923,20977,12934,61.8,17159,14704,53.8,1.2,2048,25,1.093,1.120,1.105,1.120,1.075,1.075,1.065,4749.8,4816.3,4766.4,4791.4,4716.5,4691.5,4716.5,99.8,4683.8,4698.2,4682.6,4681.9,4682.8,4682.3,4682.2,4682.8,4683.1,4682.6,4682.6,4682.4,4682.6,4683.8,100.0,100.0,100.0,100.0,100.0,100.0,100.0,100.0,100.0,100.0,100.0,100.0,100.0,100.0,100.0,123.5,123.4,123.5,123.4,123.5,123.5,123.4,123.5,123.5,123.5,123.5,123.5,123.5,123.5,47.6,48.2,47.8,48.0,47.2,47.0,47.2,0.0,100.0,100.0,100.0,100.0,100.0,100.0,100.0,0.0,0.0,0.0,0.0,0.0,0.0,0.0,0.0,0.0,0.0,0.0,0.0,0.0,0.0,2395.7,24.00,40,39,39,77,116,708,1,86.0,85.0,84.9,81.8,77.5,82.6,84.4,84.1,78.8,83.5,65.3,65.3,70.5,63.3,45.8,44.0,47.0,1.074,1.015,1.100,40.487,7.873,40.488,48.500,5.424,64.549,6.681,6.416,6.766,6.749,6.794,6.589,6.775,43.488,7.991,57.445,63.121,1996.4,2395.7,4708.8,4708.8,4732.1,71.7,54.0,32.3,71.7,100.0,いいえ,いいえ,いいえ,10.972,3.005,6.0,39.0,85.9,40.0,85.0,1.104,12.197,3.440,3.328,5.040,1.072,1.008,3.440,3.328,1.808,1.024,1.120,1.032,1.792,1.104,0.768,1.824,0.256,2014,いいえ,57.4,43.2,1.110,1.110,1.800,1.800,1.005,5.040,1.250,いいえ,いいえ,いいえ,43.0,1.110,1.110,1.815,1.800,1.005,5.040,1.375,いいえ,いいえ,いいえ,37,37,いいえ,はい,15388,14039,128,128,34,100.0,いいえ,いいえ,3868,2528,9990,38,40,48,100.0,100.0,いいえ,いいえ,7032,7744,0.0,0.0,0.0,0.000,0.004,1392,1008,0.0,0.0,0.0,0.000,0.000,181182,133153,0.0,0.0,0.0,0.000,0.000,66276,77625,65.4,0.720,44.000,600.0,2400.0,1200.0,100.0,0.0,0.0,0.0,0.0,0.0,0.0,0.0,0.0,125,2,16.0,86,いいえ,いいえ,いいえ,40.1,44.0,49.9,84.0,0.865,12.312,12.320,12.271,12.337,12.321,0,0,10.508,4.699,2.455,0.271,7.866,2.591,0.136,8.011,8.070,8.193,220.000,220.000,210.0,50.6,1185.0,210.0,1290.0,210.1,50.5,1413.3,1.0,6.0,0.0,0.0,10.1,0.3,0.4,0.0,0.8,0.0,0,0,はい,いいえ,いいえ,いいえ,いいえ,はい,いいえ,4.8,5.1,0,0,0,0,0,0,0,0,0,0,0,0,0,0,0,0,0,0,0,0,0,0,0,0,0,0,0,0,0,0,11040,1242,965,107,2.5,0.9,0.9,0.9,0.9,0.9,0.9,0.0,0.0,0.0,0.0,0.0,0.0,1082.45,1082.45,1082.45,1082.45,1082.45,1082.45,5.38,77.96,1082.34,0.11,0.00,0,0,0.0,0.0,44288,38892,5.4,73.0,0,
19.7.2026,0:50:52.923,20976,12935,61.8,17159,14704,53.8,1.2,2048,25,1.073,1.030,1.050,1.050,1.090,1.090,1.125,4716.5,4691.5,4666.6,4666.6,4766.4,4741.4,4766.4,99.8,4679.4,4694.1,4678.4,4677.6,4678.1,4677.3,4677.9,4678.1,4678.0,4677.8,4678.5,4678.4,4678.4,4679.4,100.0,100.0,100.0,100.0,100.0,100.0,100.0,100.0,100.0,100.0,100.0,100.0,100.0,100.0,100.0,123.4,123.3,123.4,123.3,123.4,123.4,123.4,123.4,123.4,123.3,123.4,123.4,123.4,123.4,47.2,47.0,46.8,46.8,47.8,47.5,47.8,0.0,100.0,100.0,100.0,100.0,100.0,100.0,100.0,0.0,0.0,0.0,0.0,0.0,0.0,0.0,0.0,0.0,0.0,0.0,0.0,0.0,0.0,2395.7,24.00,40,39,39,77,116,708,1,85.9,85.0,85.4,81.8,77.3,82.6,84.6,84.3,78.9,83.3,65.4,65.4,70.0,63.5,45.8,44.0,47.0,1.072,1.015,1.100,40.584,7.852,40.584,50.500,5.423,64.550,6.668,6.351,6.733,6.789,6.841,6.593,6.699,43.510,7.970,57.445,63.094,1996.4,2395.7,4704.6,4704.6,4727.9,71.7,54.1,33.7,71.7,100.0,いいえ,いいえ,いいえ,10.536,2.705,6.0,39.0,86.9,40.0,86.0,1.112,12.197,3.440,3.328,5.040,1.072,1.016,3.440,3.328,1.808,1.024,1.120,1.032,1.792,1.104,0.768,1.824,0.256,2020,いいえ,57.4,43.2,1.110,1.110,1.800,1.800,1.005,5.040,0.625,いいえ,いいえ,いいえ,43.0,1.110,1.110,1.800,1.800,1.005,5.040,0.875,いいえ,いいえ,いいえ,37,37,いいえ,はい,15388,14039,128,128,34,100.0,いいえ,いいえ,3868,2528,9990,38,40,48,100.0,100.0,いいえ,いいえ,7032,7744,0.0,0.1,0.1,0.000,0.010,1392,1008,0.0,0.0,0.0,0.000,0.000,181182,133153,0.0,0.0,0.0,0.000,0.006,66276,77625,65.4,0.720,30.000,600.0,2400.0,1200.0,100.0,0.0,0.0,0.0,0.0,0.0,0.0,0.0,0.0,125,2,16.0,86,いいえ,いいえ,いいえ,40.1,44.0,49.8,84.0,0.865,12.318,12.325,12.278,12.342,12.326,0,0,10.517,4.728,2.563,0.271,7.870,2.703,0.136,8.012,8.067,8.200,220.000,220.000,210.0,50.6,1185.0,210.0,1290.0,210.1,50.5,1412.9,3.0,6.0,1.0,0.0,10.1,0.4,0.5,0.0,1.0,0.0,0,0,はい,いいえ,いいえ,いいえ,いいえ,はい,いいえ,4.8,4.9,0,0,0,0,0,0,0,0,0,0,0,0,0,0,0,0,0,0,0,0,0,0,0,0,0,0,0,0,0,0,11040,1242,965,107,2.5,0.9,0.9,0.9,0.9,0.9,0.9,0.0,0.0,0.0,0.0,0.0,0.0,1082.45,1082.45,1082.45,1082.45,1082.45,1082.45,5.38,77.96,1082.34,0.11,0.00,0,0,0.0,0.0,44288,38892,5.9,162.3,0,
19.7.2026,0:50:54.927,20981,12930,61.8,17161,14702,53.8,1.2,2048,25,1.068,1.060,1.065,1.040,1.035,1.115,1.090,4687.4,4691.5,4641.6,4591.7,4691.5,4766.4,4741.4,99.8,4679.5,4694.3,4678.8,4678.8,4679.4,4678.3,4678.7,4678.7,4678.5,4678.6,4676.9,4675.9,4677.6,4679.5,100.0,100.0,100.0,100.0,100.0,100.0,100.0,100.0,100.0,100.0,100.0,99.9,100.0,100.0,100.0,123.4,123.4,123.4,123.4,123.4,123.4,123.4,123.4,123.4,123.4,123.3,123.3,123.3,123.4,47.0,47.0,46.5,46.0,47.0,47.8,47.5,0.0,100.0,100.0,100.0,100.0,100.0,100.0,100.0,0.0,0.0,0.0,0.0,0.0,0.0,0.0,0.0,0.0,0.0,0.0,0.0,0.0,0.0,2395.7,24.00,40,39,39,77,116,708,1,86.0,85.0,88.1,81.8,77.2,82.6,84.6,84.2,78.8,83.3,65.4,65.4,69.8,63.3,45.8,44.0,47.0,1.072,1.015,1.100,40.425,7.897,40.425,51.500,5.397,64.350,6.646,6.293,6.735,6.793,6.797,6.551,6.706,43.361,8.016,57.314,62.934,1996.4,2395.7,4705.3,4705.3,4728.8,71.5,53.9,34.3,71.5,100.0,いいえ,いいえ,いいえ,10.236,2.660,6.0,39.0,86.9,40.0,86.0,1.112,12.197,3.456,3.328,5.040,1.072,1.008,3.456,3.328,1.808,1.024,1.120,1.040,1.792,1.104,0.768,1.824,0.256,2033,いいえ,57.4,43.2,1.110,1.110,1.800,1.800,0.990,5.040,1.000,いいえ,いいえ,いいえ,43.0,1.110,1.110,1.800,1.800,1.005,5.040,0.875,いいえ,いいえ,いいえ,37,37,いいえ,はい,15388,14039,128,128,34,100.0,いいえ,いいえ,3868,2528,9990,38,40,48,100.0,100.0,いいえ,いいえ,7032,7744,0.0,0.0,0.0,0.000,0.002,1392,1008,0.0,0.0,0.0,0.000,0.000,181182,133153,0.0,0.0,0.0,0.000,0.000,66276,77625,65.4,0.720,40.000,600.0,2400.0,1200.0,100.0,0.0,0.0,0.0,0.0,0.0,0.0,0.0,0.0,125,2,16.0,86,いいえ,いいえ,いいえ,40.1,46.0,49.7,84.0,0.865,12.315,12.322,12.274,12.339,12.323,0,0,10.559,4.766,2.743,0.271,7.855,2.875,0.136,8.000,8.067,8.181,220.000,220.000,210.0,50.6,1185.0,210.0,1290.0,210.0,50.5,1413.2,2.0,5.0,1.0,0.0,10.1,0.7,1.0,0.0,1.9,0.0,0,0,はい,いいえ,いいえ,いいえ,いいえ,はい,いいえ,4.9,4.9,0,0,0,0,0,0,0,0,0,0,0,0,0,0,0,0,0,0,0,0,0,0,0,0,0,0,0,0,0,0,11040,1242,965,107,2.5,1.4,13.2,0.7,0.7,0.7,0.7,0.7,0.7,0.7,0.7,0.7,0.7,736.87,1398.11,75.63,63.49,1411.60,1411.60,3.00,37.86,736.75,0.12,1582.11,0,0,0.0,0.0,44288,38892,6.3,157.2,0,
19.7.2026,0:50:56.927,20980,12931,61.8,17147,14716,53.8,1.2,2048,25,1.078,1.090,1.105,1.090,1.000,1.105,1.075,4695.7,4741.4,4741.4,4666.6,4591.7,4741.4,4691.5,99.8,4669.9,4684.3,4668.8,4668.8,4668.7,4668.2,4668.8,4668.8,4668.8,4668.6,4668.6,4668.0,4668.4,4669.9,100.0,100.0,100.0,100.0,100.0,100.0,100.0,100.0,100.0,100.0,100.0,100.0,100.0,100.0,100.0,123.1,123.1,123.1,123.1,123.1,123.1,123.1,123.1,123.1,123.1,123.1,123.1,123.1,123.1,47.0,47.5,47.5,46.8,46.0,47.5,47.0,0.0,100.0,100.0,100.0,100.0,100.0,100.0,100.0,0.0,0.0,0.0,0.0,0.0,0.0,0.0,0.0,0.0,0.0,0.0,0.0,0.0,0.0,2395.7,24.00,40,39,39,77,116,708,1,85.9,85.0,85.4,82.0,77.4,82.9,84.7,84.4,78.9,83.5,65.3,65.3,70.2,63.1,45.8,44.0,47.0,1.066,1.015,1.100,40.816,8.018,40.813,49.000,5.401,64.687,6.722,6.395,6.862,6.824,6.867,6.626,6.756,43.523,8.138,57.602,63.280,1996.4,2395.7,4694.9,4694.9,4718.5,71.9,54.4,32.7,71.9,100.0,いいえ,いいえ,いいえ,10.708,3.586,6.0,39.0,86.0,40.0,86.0,1.104,12.197,3.440,3.328,5.040,1.064,1.008,3.440,3.328,1.808,1.024,1.120,1.040,1.792,1.096,0.768,1.824,0.256,2008,いいえ,57.4,43.2,1.110,1.110,1.800,1.800,0.990,5.040,1.000,いいえ,いいえ,いいえ,43.0,1.110,1.110,1.800,1.800,0.990,5.040,0.875,いいえ,いいえ,いいえ,37,37,いいえ,はい,15388,14039,128,128,34,100.0,いいえ,いいえ,3868,2528,9990,38,40,48,100.0,100.0,いいえ,いいえ,7032,7744,0.0,0.1,0.1,0.000,0.008,1392,1008,0.0,0.0,0.0,0.000,0.000,181182,133153,0.0,0.1,0.1,0.008,0.163,66276,77626,65.4,0.720,41.000,600.0,2400.0,1200.0,100.0,0.0,0.0,0.0,0.0,0.0,0.0,0.0,0.0,125,2,16.0,86,いいえ,いいえ,いいえ,40.1,46.0,49.9,84.0,0.865,12.313,12.320,12.272,12.337,12.321,0,0,10.519,4.727,2.589,0.246,7.842,2.714,0.123,7.969,8.070,8.264,220.000,220.000,210.0,50.6,1185.0,210.0,1290.0,209.8,50.5,1413.0,3.0,6.0,2.0,0.0,10.1,0.6,0.9,0.0,1.4,0.0,0,0,はい,いいえ,いいえ,いいえ,いいえ,はい,いいえ,4.8,5.7,0,0,0,0,0,0,0,0,0,0,0,0,0,0,0,0,0,0,0,0,0,0,0,0,0,0,0,0,0,0,11040,1242,965,107,2.5,2.4,15.7,1.3,1.3,1.3,1.3,1.2,1.2,1.2,1.2,1.2,1.2,415.35,767.01,63.68,57.22,774.19,774.19,2.98,40.50,415.24,0.10,2.75,0,0,0.0,0.0,44288,38893,10.0,217.4,0,
19.7.2026,0:50:58.918,20976,12935,61.8,17156,14706,53.8,1.2,2048,25,1.040,1.060,1.010,1.025,1.025,1.060,1.060,4666.6,4716.5,4616.7,4616.7,4641.6,4716.5,4691.5,99.8,4683.7,4699.1,4683.4,4682.8,4681.3,4682.2,4683.1,4682.9,4682.9,4681.6,4681.9,4681.6,4681.8,4683.7,100.0,100.0,100.0,100.0,100.0,100.0,100.0,100.0,100.0,100.0,100.0,100.0,100.0,100.0,100.0,123.5,123.5,123.5,123.5,123.4,123.5,123.5,123.5,123.5,123.4,123.4,123.4,123.4,123.5,46.8,47.2,46.2,46.2,46.5,47.2,47.0,0.0,100.0,100.0,100.0,100.0,100.0,100.0,100.0,0.0,0.0,0.0,0.0,0.0,0.0,0.0,0.0,0.0,0.0,0.0,0.0,0.0,0.0,2395.7,24.00,40,39,39,77,116,708,1,86.0,85.0,85.4,81.9,77.6,82.7,84.6,84.2,78.8,83.2,65.4,65.4,70.0,63.2,45.8,44.0,47.0,1.074,1.015,1.100,40.490,7.974,40.494,49.000,5.379,64.672,6.692,6.414,6.805,6.803,6.846,6.586,6.699,43.520,8.094,57.531,63.201,1996.4,2395.7,4710.2,4710.2,4733.1,71.8,54.0,32.7,71.8,100.0,いいえ,いいえ,いいえ,10.761,2.908,6.0,39.0,86.0,40.0,86.0,1.072,12.197,3.440,3.328,5.040,1.072,1.008,3.440,3.328,1.808,1.024,1.120,1.040,1.792,1.104,0.768,1.824,0.256,2008,いいえ,57.4,43.2,1.110,1.110,1.800,1.800,0.990,5.040,0.875,いいえ,いいえ,いいえ,43.0,1.095,1.110,1.800,1.800,0.990,5.040,0.875,いいえ,いいえ,いいえ,37,37,いいえ,はい,15388,14039,128,128,34,100.0,いいえ,いいえ,3868,2528,9990,38,40,48,100.0,100.0,いいえ,いいえ,7032,7744,0.0,0.0,0.0,0.000,0.000,1392,1008,0.0,0.0,0.0,0.000,0.000,181182,133153,0.0,0.0,0.0,0.000,0.000,66276,77626,65.4,0.720,37.000,600.0,2400.0,1200.0,100.0,0.0,0.0,0.0,0.0,0.0,0.0,0.0,0.0,125,2,16.0,86,いいえ,いいえ,いいえ,40.1,44.0,49.9,84.0,0.865,12.308,12.316,12.265,12.333,12.317,0,0,10.382,4.653,2.356,0.246,7.813,2.479,0.123,7.952,8.067,8.186,220.000,220.000,210.0,50.6,1185.0,210.0,1290.0,210.0,50.5,1413.1,2.0,6.0,1.0,0.0,10.1,0.5,0.9,0.0,1.3,0.0,0,0,はい,いいえ,いいえ,いいえ,いいえ,はい,いいえ,4.7,5.3,0,0,0,0,0,0,0,0,0,0,0,0,0,0,0,0,0,0,0,0,0,0,0,0,0,0,0,0,0,0,11040,1242,965,107,2.5,1.7,13.8,0.9,0.9,0.9,0.9,0.9,0.9,0.9,0.9,0.9,0.9,584.59,1096.66,72.52,63.11,1107.11,1107.11,2.97,39.00,584.49,0.10,134.44,0,0,0.0,0.0,44288,38893,6.9,206.8,0,
19.7.2026,0:51:0.930,20977,12934,61.8,17156,14706,53.8,1.2,2048,25,1.079,1.115,1.060,1.060,1.060,1.090,1.090,4720.7,4766.4,4691.5,4691.5,4691.5,4741.4,4741.4,99.8,4683.1,4697.2,4680.4,4681.8,4681.9,4681.5,4682.0,4681.9,4681.9,4682.1,4682.2,4682.0,4682.2,4683.1,100.0,100.0,100.0,100.0,100.0,100.0,100.0,100.0,100.0,100.0,100.0,100.0,100.0,100.0,100.0,123.4,123.4,123.4,123.4,123.4,123.4,123.4,123.4,123.4,123.4,123.4,123.4,123.4,123.4,47.3,47.8,47.0,47.0,47.0,47.5,47.5,0.0,100.0,100.0,100.0,100.0,100.0,100.0,100.0,0.0,0.0,0.0,0.0,0.0,0.0,0.0,0.0,0.0,0.0,0.0,0.0,0.0,0.0,2395.7,24.00,40,39,39,77,116,708,1,86.0,85.0,84.9,81.9,77.5,82.5,84.6,84.1,78.9,83.4,65.4,65.4,70.0,63.3,45.8,44.0,47.0,1.073,1.015,1.100,40.543,7.866,40.537,49.000,5.371,64.451,6.688,6.403,6.747,6.827,6.804,6.592,6.752,43.517,7.984,57.409,63.039,1996.4,2395.7,4707.7,4707.7,4730.2,71.6,54.0,32.7,71.6,100.0,いいえ,いいえ,いいえ,10.394,2.772,6.0,39.0,86.0,40.0,86.0,1.096,12.144,3.440,3.328,5.040,1.072,1.008,3.440,3.328,1.808,1.024,1.120,1.032,1.792,1.104,0.768,1.824,0.256,2011,いいえ,57.4,43.2,1.110,1.110,1.800,1.800,0.990,5.040,1.375,いいえ,いいえ,いいえ,43.0,1.110,1.110,1.800,1.800,0.990,5.040,0.875,いいえ,いいえ,いいえ,37,37,いいえ,はい,15388,14039,128,128,34,100.0,いいえ,いいえ,3868,2528,9990,38,40,48,100.0,100.0,いいえ,いいえ,7032,7744,0.0,0.0,0.0,0.000,0.004,1392,1008,0.0,0.0,0.0,0.000,0.000,181182,133153,0.0,0.0,0.0,0.000,0.075,66276,77626,65.4,0.720,43.000,600.0,2400.0,1200.0,100.0,0.0,0.0,0.0,0.0,0.0,0.0,0.0,0.0,125,2,16.0,86,いいえ,いいえ,いいえ,40.1,44.0,49.8,84.0,0.865,12.315,12.323,12.274,12.340,12.324,0,0,10.439,4.665,2.343,0.246,7.856,2.468,0.123,7.992,8.105,8.185,220.000,220.000,210.0,50.6,1185.0,210.0,1290.0,209.9,50.5,1414.3,4.0,6.0,2.0,0.0,10.1,0.3,0.5,0.0,0.8,0.0,0,0,はい,いいえ,いいえ,いいえ,いいえ,はい,いいえ,4.7,5.8,0,0,0,0,0,0,0,0,0,0,0,0,0,0,0,0,0,0,0,0,0,0,0,0,0,0,0,0,0,0,11040,1242,965,107,2.5,1.7,13.8,0.9,0.9,0.9,0.9,0.9,0.9,0.9,0.9,0.9,0.9,584.59,1096.66,72.52,63.11,1107.11,1107.11,2.97,39.00,584.49,0.10,134.44,0,0,0.0,0.0,44288,38893,5.4,105.3,0,
19.7.2026,0:51:2.926,20981,12930,61.8,17153,14710,53.8,1.2,2048,25,1.023,1.035,1.010,1.025,1.025,1.035,1.010,4616.7,4641.6,4591.7,4616.7,4616.7,4641.6,4591.7,99.8,4685.2,4700.4,4684.7,4683.8,4684.0,4683.9,4684.4,4684.3,4683.4,4683.8,4682.9,4682.9,4683.4,4685.2,100.0,99.9,100.0,100.0,100.0,100.0,100.0,100.0,100.0,100.0,100.0,100.0,100.0,100.0,100.0,123.5,123.5,123.5,123.5,123.5,123.5,123.5,123.5,123.5,123.5,123.5,123.5,123.5,123.5,46.2,46.5,46.0,46.2,46.2,46.5,46.0,0.0,100.0,100.0,100.0,100.0,100.0,100.0,100.0,0.0,0.0,0.0,0.0,0.0,0.0,0.0,0.0,0.0,0.0,0.0,0.0,0.0,0.0,2395.7,24.00,40,39,39,77,116,708,1,86.0,85.0,85.4,81.8,77.6,82.7,84.6,84.2,78.7,83.3,65.5,65.5,70.5,63.3,45.8,44.0,47.0,1.075,1.015,1.100,40.502,7.901,40.505,51.500,5.394,64.611,6.681,6.422,6.790,6.819,6.817,6.527,6.714,43.563,8.019,57.516,63.180,1996.4,2395.7,4711.3,4711.3,4734.7,71.8,54.0,34.3,71.8,100.0,いいえ,いいえ,いいえ,10.692,2.877,6.0,39.0,86.0,40.0,86.0,1.080,12.144,3.440,3.328,5.040,1.064,1.008,3.440,3.328,1.808,1.024,1.120,1.032,1.792,1.104,0.768,1.824,0.256,2005,いいえ,57.4,43.2,1.110,1.110,1.815,1.800,0.990,5.040,0.750,いいえ,いいえ,いいえ,43.0,1.110,1.110,1.815,1.800,0.990,5.040,0.875,いいえ,いいえ,いいえ,37,37,いいえ,はい,15388,14039,128,128,34,100.0,いいえ,いいえ,3868,2528,9990,38,40,48,100.0,100.0,いいえ,いいえ,7032,7744,0.0,0.1,0.1,0.000,0.010,1392,1008,0.0,0.0,0.0,0.000,0.000,181182,133153,0.0,0.0,0.0,0.000,0.020,66276,77626,65.4,0.720,46.000,600.0,2400.0,1200.0,100.0,0.0,0.0,0.0,0.0,0.0,0.0,0.0,0.0,125,2,16.0,86,いいえ,いいえ,いいえ,40.1,44.0,49.9,84.0,0.865,12.314,12.322,12.273,12.338,12.323,0,0,10.250,4.619,2.222,0.222,7.818,2.332,0.111,7.934,8.132,8.181,220.000,220.000,210.0,50.6,1185.0,210.0,1290.0,210.1,50.5,1413.5,5.0,7.0,3.0,0.0,10.1,0.7,1.0,0.0,1.9,0.0,0,0,はい,いいえ,いいえ,いいえ,いいえ,はい,いいえ,4.6,5.0,0,0,0,0,0,0,0,0,0,0,0,0,0,0,0,0,0,0,0,0,0,0,0,0,0,0,0,0,0,0,11040,1242,965,108,2.5,0.9,0.9,0.9,0.9,0.9,0.9,0.9,0.9,0.9,0.9,0.9,0.9,1133.81,1133.81,1133.81,1133.81,1133.81,1133.81,9.59,392.90,1133.81,0.00,816.03,0,0,0.0,0.0,44288,38894,6.2,179.8,0,
19.7.2026,0:51:4.920,20975,12936,61.8,17157,14706,53.8,1.2,2048,25,1.084,1.080,1.090,1.105,1.035,1.120,1.075,4741.4,4691.5,4766.4,4766.4,4716.5,4816.3,4691.5,99.8,4668.3,4681.9,4666.5,4666.7,4666.5,4666.3,4666.9,4666.4,4667.4,4667.4,4667.9,4667.5,4667.8,4668.3,100.0,100.0,100.0,100.0,100.0,100.0,100.0,100.0,100.0,100.0,100.0,100.0,100.0,100.0,100.0,123.0,123.0,123.0,123.0,123.0,123.0,123.0,123.0,123.0,123.0,123.0,123.0,123.0,123.0,47.5,47.0,47.8,47.8,47.2,48.2,47.0,0.0,100.0,100.0,100.0,100.0,100.0,100.0,100.0,0.0,0.0,0.0,0.0,0.0,0.0,0.0,0.0,0.0,0.0,0.0,0.0,0.0,0.0,2395.7,24.00,40,39,39,77,116,708,1,86.0,85.0,88.4,82.0,77.9,82.7,84.5,84.3,79.2,83.5,65.4,65.4,71.0,63.4,45.8,44.0,47.0,1.065,1.015,1.100,40.797,7.939,40.795,49.500,5.378,64.494,6.741,6.507,6.834,6.786,6.858,6.683,6.776,43.456,8.058,57.430,63.080,1996.4,2395.7,4692.4,4692.4,4715.7,71.7,54.4,33.0,71.7,100.0,いいえ,いいえ,いいえ,10.376,3.479,6.0,39.0,85.9,40.0,85.0,1.104,12.197,3.456,3.328,5.040,1.072,1.008,3.440,3.328,1.808,1.024,1.120,1.040,1.792,1.104,0.768,1.824,0.256,2033,いいえ,57.4,43.2,1.110,1.110,1.815,1.800,0.990,5.040,1.250,いいえ,いいえ,いいえ,43.0,1.110,1.110,1.815,1.800,0.990,5.040,0.875,いいえ,いいえ,いいえ,37,37,いいえ,はい,15388,14039,128,128,34,100.0,いいえ,いいえ,3868,2528,9990,38,40,48,100.0,100.0,いいえ,いいえ,7032,7744,0.0,0.0,0.0,0.000,0.004,1392,1008,0.0,0.0,0.0,0.000,0.000,181182,133153,0.0,0.0,0.0,0.000,0.032,66276,77626,65.4,0.720,49.000,600.0,2400.0,1200.0,100.0,0.0,0.0,0.0,0.0,0.0,0.0,0.0,0.0,125,2,16.0,86,いいえ,いいえ,いいえ,40.1,44.0,49.8,84.0,0.865,12.315,12.323,12.274,12.339,12.324,0,0,10.513,4.652,2.285,0.246,7.880,2.406,0.123,8.008,8.082,8.187,220.000,220.000,210.0,50.6,1185.0,210.0,1290.0,210.0,50.5,1414.4,5.0,6.0,3.0,0.0,10.1,0.5,0.8,0.0,1.4,0.0,0,0,はい,いいえ,いいえ,いいえ,いいえ,はい,いいえ,4.8,5.3,0,0,0,0,0,0,0,0,0,0,0,0,0,0,0,0,0,0,0,0,0,0,0,0,0,0,0,0,0,0,11040,1242,965,108,2.5,0.9,0.9,0.9,0.9,0.9,0.9,0.9,0.9,0.9,0.9,0.9,0.9,1133.81,1133.81,1133.81,1133.81,1133.81,1133.81,9.59,392.90,1133.81,0.00,816.03,0,0,0.0,0.0,44288,38894,6.9,325.8,0,
19.7.2026,0:51:6.919,20974,12937,61.8,17153,14710,53.8,1.2,2048,25,1.052,1.090,1.075,1.090,1.040,1.000,1.015,4708.2,4766.4,4741.4,4766.4,4716.5,4591.7,4666.6,99.8,4677.3,4692.0,4676.1,4676.3,4675.6,4674.7,4676.1,4675.9,4676.4,4676.4,4676.1,4675.9,4676.0,4677.3,100.0,100.0,100.0,100.0,100.0,100.0,100.0,100.0,100.0,100.0,100.0,100.0,100.0,100.0,100.0,123.3,123.3,123.3,123.3,123.3,123.3,123.3,123.3,123.3,123.3,123.3,123.3,123.3,123.3,47.2,47.8,47.5,47.8,47.2,46.0,46.8,0.0,100.0,100.0,100.0,100.0,100.0,100.0,100.0,0.0,0.0,0.0,0.0,0.0,0.0,0.0,0.0,0.0,0.0,0.0,0.0,0.0,0.0,2395.7,24.00,40,39,39,77,116,708,1,86.0,85.0,84.4,81.8,77.4,82.8,84.5,84.2,78.7,83.3,65.4,65.4,69.8,63.0,45.8,44.0,47.0,1.070,1.015,1.100,40.514,7.922,40.514,49.500,5.394,64.388,6.660,6.358,6.809,6.743,6.813,6.542,6.698,43.358,8.041,57.331,62.990,1996.4,2395.7,4702.6,4702.6,4725.3,71.6,54.0,33.0,71.6,100.0,いいえ,いいえ,いいえ,10.673,3.070,6.0,39.0,86.0,40.0,86.0,1.072,12.197,3.456,3.328,5.040,1.072,1.008,3.440,3.328,1.808,1.024,1.120,1.040,1.792,1.104,0.768,1.824,0.256,2023,いいえ,57.4,43.2,1.110,1.110,1.815,1.800,1.005,5.040,0.750,いいえ,いいえ,いいえ,43.0,1.110,1.110,1.815,1.800,1.005,5.040,0.875,いいえ,いいえ,いいえ,37,37,いいえ,はい,15388,14039,128,128,34,100.0,いいえ,いいえ,3868,2528,9990,39,41,48,100.0,100.0,いいえ,いいえ,7032,7744,0.0,0.1,0.1,0.000,0.008,1392,1008,0.0,0.0,0.0,0.000,0.000,181182,133153,0.0,0.0,0.0,0.000,0.046,66276,77626,65.5,0.720,42.000,600.0,2400.0,1200.0,100.0,0.0,0.0,0.0,0.0,0.0,0.0,0.0,0.0,125,2,16.0,86,いいえ,いいえ,いいえ,40.1,44.0,49.9,84.0,0.865,12.312,12.321,12.270,12.336,12.320,0,0,10.387,4.616,2.166,0.246,7.828,2.295,0.123,7.960,8.122,8.185,220.000,220.000,210.0,50.6,1185.0,210.0,1290.0,210.0,50.5,1413.3,1.0,6.0,0.0,0.0,10.1,0.4,0.5,0.0,1.0,0.0,0,0,はい,いいえ,いいえ,いいえ,いいえ,はい,いいえ,4.6,5.3,0,0,0,0,0,0,0,0,0,0,0,0,0,0,0,0,0,0,0,0,0,0,0,0,0,0,0,0,0,0,11040,1242,965,108,2.5,0.9,0.9,0.9,0.9,0.9,0.9,0.9,0.9,0.9,0.9,0.9,0.9,1133.81,1133.81,1133.81,1133.81,1133.81,1133.81,9.59,392.90,1133.81,0.00,816.03,0,0,0.0,0.0,44288,38895,6.3,211.0,0,
19.7.2026,0:51:8.931,20975,12936,61.8,17155,14708,53.8,1.2,2048,25,1.051,1.060,1.050,1.040,1.035,1.060,1.060,4679.1,4716.5,4666.6,4641.6,4616.7,4716.5,4716.5,99.8,4670.2,4685.0,4668.9,4668.9,4669.3,4668.7,4669.1,4669.0,4669.0,4668.7,4668.8,4668.6,4668.7,4670.2,100.0,100.0,100.0,100.0,100.0,100.0,100.0,100.0,100.0,100.0,100.0,100.0,100.0,100.0,100.0,123.1,123.1,123.1,123.1,123.1,123.1,123.1,123.1,123.1,123.1,123.1,123.1,123.1,123.1,46.9,47.2,46.8,46.5,46.2,47.2,47.2,0.0,100.0,100.0,100.0,100.0,100.0,100.0,100.0,0.0,0.0,0.0,0.0,0.0,0.0,0.0,0.0,0.0,0.0,0.0,0.0,0.0,0.0,2395.7,24.00,40,39,39,77,116,708,1,86.0,85.0,85.4,82.0,77.6,82.6,84.6,84.3,79.3,83.6,65.4,65.4,69.5,63.4,45.8,44.0,47.0,1.067,1.015,1.100,40.766,7.925,40.766,49.000,5.400,64.570,6.709,6.405,6.767,6.803,6.843,6.666,6.771,43.509,8.044,57.493,63.121,1996.4,2395.7,4695.6,4695.6,4718.7,71.7,54.4,32.7,71.7,100.0,いいえ,いいえ,いいえ,10.011,3.021,6.0,39.0,86.9,40.0,86.0,1.088,12.197,3.440,3.328,5.040,1.072,1.008,3.440,3.328,1.808,1.024,1.120,1.040,1.792,1.104,0.768,1.824,0.256,2011,いいえ,57.4,43.2,1.110,1.110,1.815,1.800,1.005,5.040,1.000,いいえ,いいえ,いいえ,43.0,1.110,1.110,1.815,1.800,1.005,5.040,1.375,いいえ,いいえ,いいえ,37,37,いいえ,はい,15388,14039,128,128,34,100.0,いいえ,いいえ,3868,2528,9990,38,40,48,100.0,100.0,いいえ,いいえ,7032,7744,0.0,0.0,0.0,0.000,0.004,1392,1008,0.0,0.0,0.0,0.000,0.000,181182,133153,0.0,0.0,0.0,0.000,0.000,66276,77626,65.4,0.720,41.000,600.0,2400.0,1200.0,100.0,0.0,0.0,0.0,0.0,0.0,0.0,0.0,0.0,125,2,16.0,86,いいえ,いいえ,いいえ,40.1,44.0,49.9,84.0,0.865,12.311,12.320,12.270,12.335,12.319,0,0,10.482,4.652,2.350,0.246,7.791,2.479,0.123,7.925,8.105,8.197,220.000,220.000,210.0,50.6,1185.0,210.0,1290.0,210.0,50.5,1413.4,2.0,6.0,1.0,0.0,10.1,0.5,0.6,0.0,1.3,0.0,0,0,はい,いいえ,いいえ,いいえ,いいえ,はい,いいえ,4.7,5.0,0,0,0,0,0,0,0,0,0,0,0,0,0,0,0,0,0,0,0,0,0,0,0,0,0,0,0,0,0,0,11040,1242,965,108,2.5,0.9,0.9,0.9,0.9,0.9,0.9,0.9,0.9,0.9,0.9,0.9,0.9,1133.81,1133.81,1133.81,1133.81,1133.81,1133.81,9.59,392.90,1133.81,0.00,816.03,0,0,0.0,0.0,44288,38895,5.6,100.0,0,
19.7.2026,0:51:10.928,20973,12938,61.8,17153,14710,53.8,1.2,2048,25,1.038,1.045,1.025,1.000,1.025,1.060,1.075,4641.6,4641.6,4616.7,4566.8,4666.6,4616.7,4741.4,99.8,4684.9,4699.6,4684.0,4683.9,4683.8,4683.1,4683.7,4683.8,4683.7,4683.7,4683.4,4683.2,4683.3,4684.9,100.0,100.0,100.0,100.0,100.0,100.0,100.0,100.0,100.0,100.0,100.0,100.0,100.0,100.0,100.0,123.5,123.5,123.5,123.5,123.5,123.5,123.5,123.5,123.5,123.5,123.5,123.5,123.5,123.5,46.5,46.5,46.2,45.8,46.8,46.2,47.5,0.0,100.0,100.0,100.0,100.0,100.0,100.0,100.0,0.0,0.0,0.0,0.0,0.0,0.0,0.0,0.0,0.0,0.0,0.0,0.0,0.0,0.0,2395.7,24.00,40,39,39,77,116,708,1,86.0,85.0,84.4,82.0,77.6,82.9,84.6,84.2,79.1,83.4,65.5,65.5,69.5,63.3,45.8,44.0,47.0,1.075,1.015,1.100,40.694,7.820,40.697,49.500,5.410,64.765,6.707,6.416,6.842,6.812,6.801,6.624,6.745,43.754,7.938,57.642,63.308,1996.4,2395.7,4710.2,4710.2,4733.3,71.9,54.3,33.0,71.9,100.0,いいえ,いいえ,いいえ,10.743,2.902,6.0,39.0,85.0,40.0,85.0,1.112,12.197,3.456,3.312,5.040,1.072,1.008,3.440,3.328,1.808,1.024,1.120,1.040,1.792,1.096,0.768,1.824,0.256,2014,いいえ,57.4,43.2,1.095,1.110,1.815,1.800,1.005,5.040,0.875,いいえ,いいえ,いいえ,43.0,1.110,1.110,1.815,1.800,1.005,5.040,1.000,いいえ,いいえ,いいえ,37,37,いいえ,はい,15388,14039,128,128,34,100.0,いいえ,いいえ,3868,2528,9990,38,40,48,100.0,100.0,いいえ,いいえ,7032,7744,0.0,0.0,0.0,0.000,0.002,1392,1008,0.0,0.0,0.0,0.000,0.000,181182,133153,0.0,0.0,0.0,0.000,0.000,66276,77626,65.5,0.720,39.000,600.0,2400.0,1200.0,100.0,0.0,0.0,0.0,0.0,0.0,0.0,0.0,0.0,125,2,16.0,86,いいえ,いいえ,いいえ,40.1,44.0,49.8,84.0,0.865,12.312,12.322,12.271,12.336,12.320,0,0,10.152,4.694,2.452,0.246,7.804,2.578,0.123,7.945,8.123,8.278,220.000,220.000,210.0,50.6,1185.0,210.0,1290.0,210.1,50.5,1413.6,2.0,6.0,1.0,0.0,10.1,0.5,0.6,0.0,1.4,0.0,0,0,はい,いいえ,いいえ,いいえ,いいえ,はい,いいえ,4.7,4.9,0,0,0,0,0,0,0,0,0,0,0,0,0,0,0,0,0,0,0,0,0,0,0,0,0,0,0,0,0,0,11040,1242,965,108,2.5,15.9,15.9,15.9,15.9,15.9,15.9,2.6,2.6,2.6,2.6,2.6,2.6,62.92,62.92,62.92,62.92,62.92,62.92,0.60,0.01,62.82,0.10,354.34,0,0,0.0,0.0,44288,38895,7.0,238.8,0,
19.7.2026,0:51:12.924,20973,12938,61.8,17156,14707,53.8,1.2,2048,25,1.079,1.035,1.075,1.085,1.100,1.075,1.105,4729.0,4616.7,4741.4,4741.4,4741.4,4766.4,4766.4,99.8,4682.5,4696.3,4680.8,4680.0,4680.9,4680.6,4681.2,4681.5,4681.7,4681.3,4682.3,4681.8,4682.1,4682.5,100.0,100.0,100.0,100.0,100.0,100.0,100.0,100.0,100.0,100.0,100.0,100.0,100.0,100.0,100.0,123.4,123.4,123.4,123.4,123.4,123.4,123.4,123.4,123.4,123.4,123.4,123.4,123.4,123.4,47.4,46.2,47.5,47.5,47.5,47.8,47.8,0.0,100.0,100.0,100.0,100.0,100.0,100.0,100.0,0.0,0.0,0.0,0.0,0.0,0.0,0.0,0.0,0.0,0.0,0.0,0.0,0.0,0.0,2395.7,24.00,40,39,39,77,116,708,1,86.0,85.0,84.9,81.9,77.5,82.6,84.6,84.3,79.0,83.3,65.5,65.5,70.0,63.4,45.8,44.0,47.0,1.073,1.015,1.100,40.471,7.956,40.474,50.000,5.437,64.568,6.678,6.376,6.759,6.814,6.828,6.583,6.709,43.437,8.075,57.494,63.146,1996.4,2395.7,4707.2,4707.2,4730.4,71.8,54.0,33.3,71.8,100.0,いいえ,いいえ,いいえ,10.537,2.898,6.0,39.0,86.0,40.0,86.0,1.088,12.197,3.440,3.328,5.040,1.064,1.008,3.440,3.328,1.808,1.024,1.120,1.040,1.792,1.104,0.768,1.824,0.256,2036,いいえ,58.3,43.2,1.095,1.110,1.815,1.800,1.005,5.040,0.625,いいえ,いいえ,いいえ,43.0,1.095,1.110,1.815,1.800,1.005,5.040,0.750,いいえ,いいえ,いいえ,37,37,いいえ,はい,15388,14039,128,128,34,100.0,いいえ,いいえ,3868,2528,9990,39,41,48,100.0,100.0,いいえ,いいえ,7032,7744,0.0,26.0,26.0,0.000,0.010,1392,1008,0.0,0.0,0.0,0.000,0.000,181182,133153,0.0,0.0,0.0,0.000,0.050,66276,77626,65.4,0.720,43.000,600.0,2400.0,1200.0,100.0,0.0,0.0,0.0,0.0,0.0,0.0,0.0,0.0,125,2,16.0,86,いいえ,いいえ,いいえ,40.1,44.0,49.8,84.0,0.865,12.307,12.316,12.265,12.332,12.316,0,0,10.456,4.689,2.435,0.246,7.800,2.553,0.123,7.932,8.245,8.178,220.000,220.000,210.0,50.6,1185.0,210.0,1290.0,210.1,50.5,1413.2,4.0,6.0,2.0,0.0,10.1,0.8,1.3,0.0,2.0,0.0,0,0,はい,いいえ,いいえ,いいえ,いいえ,はい,いいえ,4.7,5.2,0,0,0,0,0,0,0,0,0,0,0,0,0,0,0,0,0,0,0,0,0,0,0,0,0,0,0,0,0,0,11040,1242,965,108,2.5,2.9,16.0,1.1,1.1,1.1,1.1,1.4,2.4,1.0,1.0,1.0,1.0,349.24,901.04,62.61,62.61,917.96,917.96,3.14,37.47,349.14,0.10,7.33,0,0,0.0,0.0,44288,38896,7.0,222.3,0,
19.7.2026,0:51:14.917,20974,12937,61.8,17153,14710,53.8,1.2,2048,25,1.069,1.090,1.080,1.090,1.090,1.040,1.025,4695.7,4741.4,4691.5,4741.4,4741.4,4591.7,4666.6,99.8,4666.8,4681.7,4664.2,4665.6,4664.8,4665.2,4666.1,4666.2,4666.1,4665.9,4665.0,4665.4,4665.5,4666.8,100.0,100.0,100.0,100.0,100.0,100.0,100.0,100.0,100.0,100.0,100.0,100.0,100.0,100.0,100.0,123.0,123.0,123.0,123.0,123.0,123.0,123.0,123.0,123.0,123.0,123.0,123.0,123.0,123.0,47.0,47.5,47.0,47.5,47.5,46.0,46.8,0.0,100.0,100.0,100.0,100.0,100.0,100.0,100.0,0.0,0.0,0.0,0.0,0.0,0.0,0.0,0.0,0.0,0.0,0.0,0.0,0.0,0.0,2395.7,24.00,40,39,39,77,116,708,1,85.9,85.0,85.9,81.8,77.4,82.4,84.4,84.2,78.9,83.5,65.4,65.4,70.5,63.1,45.8,44.0,47.0,1.063,1.015,1.100,40.373,7.929,40.370,49.500,5.433,63.975,6.649,6.325,6.702,6.733,6.810,6.565,6.761,42.958,8.048,56.982,62.593,1996.4,2395.7,4691.8,4691.8,4714.0,71.1,53.8,33.0,71.1,100.0,いいえ,いいえ,いいえ,9.701,3.356,6.0,39.0,85.9,40.0,85.0,1.104,12.197,3.456,3.328,5.040,1.064,1.008,3.440,3.328,1.808,1.024,1.120,1.040,1.792,1.104,0.768,1.824,0.256,2020,いいえ,57.4,43.2,1.095,1.110,1.815,1.800,1.005,5.040,1.000,いいえ,いいえ,いいえ,43.0,1.095,1.110,1.815,1.800,1.005,5.040,0.875,いいえ,いいえ,いいえ,37,37,いいえ,はい,15388,14039,128,128,34,100.0,いいえ,いいえ,3868,2528,9990,38,40,48,100.0,100.0,いいえ,いいえ,7032,7744,0.0,3.5,3.5,0.000,0.006,1392,1008,0.0,0.0,0.0,0.000,0.000,181182,133153,0.0,0.0,0.0,0.000,0.002,66276,77626,65.4,0.720,39.000,600.0,2400.0,1200.0,100.0,0.0,0.0,0.0,0.0,0.0,0.0,0.0,0.0,125,2,16.0,86,いいえ,いいえ,いいえ,40.1,44.0,49.9,84.0,0.865,12.310,12.320,12.269,12.334,12.318,0,0,10.325,4.620,2.148,0.246,7.815,2.269,0.123,7.946,8.213,8.199,220.000,220.000,210.0,50.6,1185.0,210.0,1290.0,210.1,50.5,1413.6,1.0,6.0,0.0,0.0,10.1,0.4,0.6,0.0,0.8,0.0,0,0,はい,いいえ,いいえ,いいえ,いいえ,はい,いいえ,4.6,5.3,0,0,0,0,0,0,0,0,0,0,0,0,0,0,0,0,0,0,0,0,0,0,0,0,0,0,0,0,0,0,11040,1242,965,108,2.5,0.5,0.5,0.5,0.5,0.5,0.5,0.5,0.5,0.5,0.5,0.5,0.5,2016.26,2016.26,2016.26,2016.26,2016.26,2016.26,13.20,1250.96,2016.26,0.00,0.17,0,0,0.0,0.0,44288,38896,6.3,180.9,0,
19.7.2026,0:51:16.927,20978,12933,61.8,17153,14710,53.8,1.2,2048,25,1.081,1.075,1.040,1.040,1.075,1.135,1.120,4737.3,4716.5,4691.5,4691.5,4741.4,4841.3,4741.4,99.8,4681.5,4696.2,4680.5,4680.1,4680.0,4679.4,4679.9,4680.1,4680.2,4680.3,4680.3,4680.2,4680.4,4681.5,100.0,100.0,100.0,100.0,100.0,100.0,100.0,100.0,100.0,100.0,100.0,100.0,100.0,100.0,100.0,123.4,123.4,123.4,123.4,123.4,123.4,123.4,123.4,123.4,123.4,123.4,123.4,123.4,123.4,47.5,47.2,47.0,47.0,47.5,48.5,47.5,0.0,100.0,100.0,100.0,100.0,100.0,100.0,100.0,0.0,0.0,0.0,0.0,0.0,0.0,0.0,0.0,0.0,0.0,0.0,0.0,0.0,0.0,2395.7,24.00,40,39,39,77,116,708,1,85.9,85.0,87.9,81.8,77.2,82.3,84.5,84.4,78.9,83.5,65.3,65.3,70.2,63.4,45.8,44.0,47.0,1.072,1.015,1.100,40.443,7.890,40.447,50.000,5.429,64.442,6.655,6.337,6.644,6.743,6.844,6.592,6.767,43.384,8.009,57.365,63.028,1996.4,2395.7,4706.7,4706.7,4729.6,71.6,53.9,33.3,71.6,100.0,いいえ,いいえ,いいえ,10.671,3.046,6.0,39.0,85.9,40.0,85.0,1.080,12.197,3.456,3.328,5.040,1.072,1.008,3.440,3.328,1.808,1.024,1.120,1.040,1.792,1.104,0.768,1.824,0.256,2033,いいえ,57.4,43.5,1.095,1.110,1.815,1.800,1.005,5.040,0.750,いいえ,いいえ,いいえ,43.0,1.095,1.110,1.815,1.815,1.005,5.040,0.875,いいえ,いいえ,いいえ,37,37,いいえ,はい,15388,14039,128,128,34,100.0,いいえ,いいえ,3868,2528,9990,38,40,48,100.0,100.0,いいえ,いいえ,7032,7744,0.0,0.0,0.0,0.000,0.000,1392,1008,0.0,0.0,0.0,0.000,0.000,181182,133153,0.0,0.0,0.0,0.000,0.000,66276,77626,65.4,0.720,35.000,600.0,2400.0,1200.0,100.0,0.0,0.0,0.0,0.0,0.0,0.0,0.0,0.0,125,2,16.0,86,いいえ,いいえ,いいえ,40.1,44.0,49.8,84.0,0.865,12.310,12.319,12.269,12.335,12.319,0,0,10.119,4.700,2.495,0.246,7.815,2.615,0.123,7.953,8.171,8.180,220.000,220.000,210.0,50.6,1185.0,210.0,1290.0,210.0,50.5,1413.9,3.0,6.0,1.0,0.0,10.1,0.4,0.5,0.0,1.1,0.0,0,0,はい,いいえ,いいえ,いいえ,いいえ,はい,いいえ,4.7,5.8,0,0,0,0,0,0,0,0,0,0,0,0,0,0,0,0,0,0,0,0,0,0,0,0,0,0,0,0,0,0,11040,1242,965,108,2.5,1.7,13.8,0.9,0.9,0.9,0.9,0.9,0.9,0.9,0.9,0.9,0.9,583.84,1095.15,72.53,63.13,1105.59,1105.59,3.19,38.90,583.73,0.10,0.99,0,0,0.0,0.0,44288,38897,6.5,242.4,0,
19.7.2026,0:51:18.918,20975,12936,61.8,17159,14704,53.8,1.2,2048,25,1.030,1.060,1.000,1.000,1.025,1.035,1.060,4637.5,4691.5,4591.7,4591.7,4591.7,4691.5,4666.6,99.8,4683.7,4699.4,4682.6,4683.0,4682.3,4682.3,4682.8,4682.8,4682.6,4681.4,4682.0,4681.3,4681.8,4683.7,100.0,99.9,100.0,100.0,100.0,100.0,100.0,100.0,100.0,100.0,100.0,100.0,100.0,100.0,100.0,123.5,123.4,123.5,123.5,123.5,123.5,123.5,123.5,123.5,123.5,123.5,123.5,123.5,123.5,46.5,47.0,46.0,46.0,46.0,47.0,46.8,0.0,100.0,100.0,100.0,100.0,100.0,100.0,100.0,0.0,0.0,0.0,0.0,0.0,0.0,0.0,0.0,0.0,0.0,0.0,0.0,0.0,0.0,2395.7,24.00,40,39,39,77,116,708,1,86.0,85.0,84.9,81.9,77.3,82.6,84.5,84.3,79.0,83.6,65.4,65.4,69.8,63.2,45.8,44.0,47.0,1.075,1.015,1.100,40.490,7.928,40.487,51.500,5.431,64.703,6.685,6.343,6.760,6.783,6.831,6.621,6.772,43.535,8.047,57.556,63.233,1996.4,2395.7,4710.2,4710.2,4733.5,71.9,54.0,34.3,71.9,100.0,いいえ,いいえ,いいえ,10.861,3.101,6.0,39.0,85.9,40.0,85.0,1.080,12.197,3.456,3.328,5.040,1.072,1.008,3.440,3.328,1.808,1.024,1.120,1.032,1.792,1.104,0.768,1.824,0.256,2036,いいえ,57.4,43.5,1.095,1.110,1.815,1.800,1.005,5.040,0.875,いいえ,いいえ,いいえ,43.0,1.095,1.110,1.815,1.800,1.005,5.040,0.750,いいえ,いいえ,いいえ,37,37,いいえ,はい,15388,14039,128,128,34,100.0,いいえ,いいえ,3868,2528,9990,38,40,48,100.0,100.0,いいえ,いいえ,7032,7744,0.0,0.2,0.2,0.000,0.016,1392,1008,0.0,0.0,0.0,0.000,0.000,181182,133153,0.0,0.1,0.1,0.000,0.071,66276,77626,65.4,0.720,45.000,600.0,2400.0,1200.0,100.0,0.0,0.0,0.0,0.0,0.0,0.0,0.0,0.0,125,2,16.0,86,いいえ,いいえ,いいえ,40.1,44.0,49.8,84.0,0.865,12.316,12.324,12.276,12.340,12.324,0,0,10.337,4.630,2.303,0.222,7.795,2.419,0.111,7.920,8.097,8.177,220.000,220.000,210.0,50.6,1185.0,210.0,1290.0,209.9,50.5,1412.9,4.0,7.0,3.0,0.0,10.1,0.6,0.9,0.0,1.5,0.0,0,0,はい,いいえ,いいえ,いいえ,いいえ,はい,いいえ,4.6,5.0,0,0,0,0,0,0,0,0,0,0,0,0,0,0,0,0,0,0,0,0,0,0,0,0,0,0,0,0,0,0,11040,1242,965,108,2.5,1.7,13.8,0.9,0.9,0.9,0.9,0.9,0.9,0.9,0.9,0.9,0.9,583.84,1095.15,72.53,63.13,1105.59,1105.59,3.19,38.90,583.73,0.10,0.99,0,0,0.0,0.0,44288,38897,6.3,208.7,0,
19.7.2026,0:51:20.930,20976,12935,61.8,17170,14693,53.8,1.2,2048,25,1.065,1.075,1.075,1.075,1.075,1.040,1.050,4695.7,4716.5,4716.5,4716.5,4641.6,4641.6,4741.4,99.8,4659.7,4673.7,4658.4,4658.3,4658.6,4657.3,4658.6,4658.5,4658.9,4659.0,4658.1,4657.6,4658.9,4659.7,100.0,100.0,100.0,100.0,100.0,100.0,100.0,100.0,100.0,100.0,100.0,100.0,100.0,100.0,100.0,122.8,122.8,122.8,122.8,122.8,122.8,122.8,122.8,122.8,122.8,122.8,122.8,122.8,122.8,47.0,47.2,47.2,47.2,46.5,46.5,47.5,0.0,100.0,100.0,100.0,100.0,100.0,100.0,100.0,0.0,0.0,0.0,0.0,0.0,0.0,0.0,0.0,0.0,0.0,0.0,0.0,0.0,0.0,2395.7,24.00,40,39,39,77,116,708,1,85.9,85.0,85.4,82.0,77.7,83.0,84.6,84.3,79.2,83.5,65.3,65.3,70.2,63.4,45.8,44.0,47.0,1.060,1.015,1.100,40.992,7.922,41.000,50.000,5.418,64.419,6.704,6.385,6.846,6.764,6.831,6.652,6.746,43.458,8.041,57.458,63.031,1996.4,2395.7,4684.1,4684.1,4707.5,71.6,54.7,33.3,71.6,100.0,いいえ,いいえ,いいえ,8.945,3.214,6.0,39.0,85.9,40.0,85.0,1.072,12.197,3.456,3.328,5.040,1.072,1.008,3.440,3.328,1.808,1.024,1.120,1.040,1.792,1.104,0.768,1.824,0.256,2008,いいえ,57.4,43.2,1.095,1.110,1.815,1.800,1.005,5.040,1.000,いいえ,いいえ,いいえ,43.0,1.095,1.110,1.815,1.800,1.005,5.040,0.625,いいえ,いいえ,いいえ,37,37,いいえ,はい,15388,14039,128,128,34,100.0,いいえ,いいえ,3868,2528,9990,38,40,48,100.0,100.0,いいえ,いいえ,7032,7744,0.0,0.0,0.0,0.000,0.000,1392,1008,0.0,0.0,0.0,0.000,0.000,181182,133153,0.0,0.0,0.0,0.000,0.006,66276,77626,65.3,0.720,42.000,600.0,2400.0,1200.0,100.0,0.0,0.0,0.0,0.0,0.0,0.0,0.0,0.0,125,2,16.0,86,いいえ,いいえ,いいえ,40.1,44.0,49.8,84.0,0.865,12.313,12.323,12.271,12.337,12.321,0,0,10.214,4.741,2.615,0.271,7.853,2.751,0.136,7.994,8.128,8.176,220.000,220.000,210.0,50.6,1185.0,210.0,1290.0,209.9,50.5,1414.7,3.0,6.0,1.0,0.0,10.1,0.5,0.6,0.0,1.3,0.0,0,0,はい,いいえ,いいえ,いいえ,いいえ,はい,いいえ,4.8,5.5,0,0,0,0,0,0,0,0,0,0,0,0,0,0,0,0,0,0,0,0,0,0,0,0,0,0,0,0,0,0,11040,1242,965,108,2.5,1.0,1.0,1.0,1.0,1.0,1.0,1.0,1.0,1.0,1.0,1.0,1.0,974.04,974.04,974.04,974.04,974.04,974.04,12.27,153.65,973.93,0.11,953.42,0,0,0.0,0.0,44288,38898,6.5,210.5,0,
19.7.2026,0:51:22.923,20982,12929,61.8,17162,14701,53.8,1.2,2048,25,1.038,1.050,1.060,1.025,1.050,1.035,1.010,4649.9,4716.5,4691.5,4591.7,4716.5,4616.7,4566.8,99.8,4656.2,4670.8,4655.2,4655.1,4655.1,4654.3,4654.7,4654.8,4655.0,4654.8,4654.8,4654.5,4654.6,4656.2,100.0,100.0,100.0,100.0,100.0,100.0,100.0,100.0,100.0,100.0,100.0,100.0,100.0,100.0,100.0,122.7,122.7,122.7,122.7,122.7,122.7,122.7,122.7,122.7,122.7,122.7,122.7,122.7,122.7,46.6,47.2,47.0,46.0,47.2,46.2,45.8,0.0,100.0,100.0,100.0,100.0,100.0,100.0,100.0,0.0,0.0,0.0,0.0,0.0,0.0,0.0,0.0,0.0,0.0,0.0,0.0,0.0,0.0,2395.7,24.00,40,39,39,77,116,708,1,85.9,85.0,85.4,81.9,77.5,82.5,84.7,84.3,78.8,83.4,65.3,65.3,70.0,63.4,45.8,44.0,47.0,1.057,1.015,1.100,40.953,7.908,40.942,50.500,5.391,64.303,6.668,6.366,6.700,6.854,6.841,6.539,6.708,43.323,8.027,57.280,62.863,1996.4,2395.7,4681.0,4681.0,4703.8,71.4,54.6,33.7,71.4,100.0,いいえ,いいえ,いいえ,9.384,3.181,6.0,39.0,85.9,40.0,85.0,1.104,12.197,3.440,3.328,5.040,1.072,1.008,3.440,3.328,1.808,1.024,1.120,1.032,1.792,1.104,0.768,1.824,0.256,2030,いいえ,57.4,43.5,1.110,1.110,1.815,1.800,1.005,5.040,0.875,いいえ,いいえ,いいえ,43.0,1.110,1.110,1.815,1.800,1.005,5.040,0.750,いいえ,いいえ,いいえ,37,37,いいえ,はい,15388,14039,128,128,34,100.0,いいえ,いいえ,3868,2528,9990,38,40,48,100.0,100.0,いいえ,いいえ,7032,7744,0.0,0.0,0.0,0.000,0.004,1392,1008,0.0,0.0,0.0,0.000,0.000,181182,133153,0.0,0.0,0.0,0.000,0.136,66276,77627,65.4,0.720,46.000,600.0,2400.0,1200.0,100.0,0.0,0.0,0.0,0.0,0.0,0.0,0.0,0.0,125,2,16.0,86,いいえ,いいえ,いいえ,40.1,44.0,49.9,84.0,0.865,12.314,12.323,12.272,12.338,12.322,0,0,10.504,4.686,2.418,0.246,7.854,2.542,0.123,7.994,8.137,8.177,220.000,220.000,210.0,50.6,1185.0,210.0,1290.0,210.0,50.5,1413.4,3.0,6.0,1.0,0.0,10.1,0.6,0.8,0.0,1.5,0.0,0,0,はい,いいえ,いいえ,いいえ,いいえ,はい,いいえ,4.9,5.0,0,0,0,0,0,0,0,0,0,0,0,0,0,0,0,0,0,0,0,0,0,0,0,0,0,0,0,0,0,0,11040,1242,965,108,2.5,1.0,1.0,1.0,1.0,1.0,1.0,1.0,1.0,1.0,1.0,1.0,1.0,974.04,974.04,974.04,974.04,974.04,974.04,12.27,153.65,973.93,0.11,953.42,0,0,0.0,0.0,44288,38898,140.1,164.3,0,
19.7.2026,0:51:24.918,20975,12936,61.8,17172,14690,53.8,1.2,2048,25,1.057,1.060,1.035,1.050,1.060,1.075,1.060,4670.7,4691.5,4616.7,4691.5,4641.6,4716.5,4666.6,99.8,4672.1,4686.2,4670.7,4670.6,4670.7,4670.2,4670.7,4670.9,4670.9,4670.9,4671.0,4670.9,4670.9,4672.1,100.0,100.0,100.0,100.0,100.0,100.0,100.0,100.0,100.0,100.0,100.0,100.0,100.0,100.0,100.0,123.1,123.1,123.1,123.1,123.1,123.1,123.1,123.1,123.1,123.1,123.1,123.1,123.1,123.1,46.8,47.0,46.2,47.0,46.5,47.2,46.8,0.0,100.0,100.0,100.0,100.0,100.0,100.0,100.0,0.0,0.0,0.0,0.0,0.0,0.0,0.0,0.0,0.0,0.0,0.0,0.0,0.0,0.0,2395.7,24.00,40,39,39,77,116,708,1,85.9,85.0,84.0,82.0,77.7,82.6,84.6,84.4,79.2,83.5,65.5,65.5,69.8,63.2,45.8,44.0,47.0,1.067,1.015,1.100,40.815,7.910,40.813,51.000,5.391,64.563,6.692,6.389,6.743,6.793,6.860,6.626,6.739,43.553,8.029,57.512,63.128,1996.4,2395.7,4696.3,4696.3,4719.5,71.7,54.4,34.0,71.7,100.0,いいえ,いいえ,いいえ,9.838,2.992,6.0,39.0,85.9,40.0,85.0,1.072,12.197,3.440,3.328,5.040,1.072,1.008,3.440,3.328,1.808,1.024,1.120,1.040,1.792,1.104,0.768,1.824,0.256,2036,いいえ,57.4,43.2,1.110,1.110,1.815,1.800,1.005,5.040,0.750,いいえ,いいえ,いいえ,43.0,1.110,1.110,1.815,1.800,1.005,5.040,1.125,いいえ,いいえ,いいえ,37,37,いいえ,はい,15388,14039,128,128,34,100.0,いいえ,いいえ,3868,2528,9990,38,40,48,100.0,100.0,いいえ,いいえ,7032,7744,0.0,10.9,10.9,0.000,0.008,1392,1008,0.0,0.0,0.0,0.000,0.000,181182,133153,0.0,0.0,0.0,0.000,0.066,66276,77627,65.4,0.720,41.000,600.0,2400.0,1200.0,100.0,0.0,0.0,0.0,0.0,0.0,0.0,0.0,0.0,125,2,16.0,86,いいえ,いいえ,いいえ,40.1,46.0,49.9,84.0,0.865,12.316,12.323,12.276,12.341,12.324,0,0,10.427,4.640,2.307,0.222,7.832,2.419,0.111,7.949,8.107,8.175,220.000,220.000,210.0,50.6,1185.0,210.0,1290.0,210.0,50.5,1413.4,1.0,5.0,0.0,0.0,10.1,0.4,0.6,0.0,1.1,0.0,0,0,はい,いいえ,いいえ,いいえ,いいえ,はい,いいえ,4.7,5.5,0,0,0,0,0,0,0,0,0,0,0,0,0,0,0,0,0,0,0,0,0,0,0,0,0,0,0,0,0,0,11040,1242,965,107,2.5,0.5,0.5,0.5,0.5,0.5,0.5,0.5,0.5,0.5,0.5,0.5,0.5,1999.76,1999.76,1999.76,1999.76,1999.76,1999.76,5.27,126.84,1999.76,0.00,50.72,0,0,0.0,0.0,44288,38898,6.3,160.0,0,
19.7.2026,0:51:26.931,20973,12938,61.8,17176,14686,53.9,1.2,2048,25,1.047,1.035,1.075,1.060,1.060,1.025,1.025,4662.4,4641.6,4691.5,4691.5,4666.6,4666.6,4616.7,99.8,4649.9,4664.2,4648.4,4648.8,4648.8,4648.2,4648.8,4648.9,4649.0,4648.7,4648.5,4648.3,4648.3,4649.9,100.0,100.0,100.0,100.0,100.0,100.0,100.0,100.0,100.0,100.0,100.0,100.0,100.0,100.0,100.0,122.6,122.6,122.6,122.6,122.6,122.6,122.6,122.6,122.6,122.6,122.6,122.6,122.6,122.6,46.7,46.5,47.0,47.0,46.8,46.8,46.2,0.0,100.0,100.0,100.0,100.0,100.0,100.0,100.0,0.0,0.0,0.0,0.0,0.0,0.0,0.0,0.0,0.0,0.0,0.0,0.0,0.0,0.0,2395.7,24.00,40,39,39,77,116,708,1,85.9,85.0,85.9,81.9,77.5,82.5,84.7,84.4,78.9,83.3,65.3,65.3,70.5,63.4,45.8,44.0,47.0,1.054,1.015,1.100,40.836,7.945,40.837,49.500,5.416,64.069,6.671,6.369,6.715,6.811,6.887,6.570,6.677,43.058,8.065,57.080,62.659,1996.4,2395.7,4674.1,4674.1,4696.6,71.2,54.4,33.0,71.2,100.0,いいえ,いいえ,いいえ,9.030,3.306,6.0,39.0,85.8,40.0,85.0,1.064,12.197,3.440,3.328,5.040,1.072,1.008,3.440,3.328,1.808,1.024,1.120,1.040,1.792,1.104,0.768,1.824,0.256,2017,いいえ,57.4,43.5,1.110,1.110,1.815,1.800,1.005,5.040,1.500,いいえ,いいえ,いいえ,43.0,1.110,1.110,1.815,1.800,1.005,5.040,0.875,いいえ,いいえ,いいえ,37,37,いいえ,はい,15388,14039,128,128,34,100.0,いいえ,いいえ,3868,2528,9990,38,40,48,100.0,100.0,いいえ,いいえ,7032,7744,0.0,0.0,0.0,0.000,0.006,1392,1008,0.0,0.0,0.0,0.000,0.000,181182,133153,0.0,0.0,0.0,0.000,0.002,66276,77627,65.4,0.720,43.000,600.0,2400.0,1200.0,100.0,0.0,0.0,0.0,0.0,0.0,0.0,0.0,0.0,125,2,16.0,86,いいえ,いいえ,いいえ,40.1,46.0,49.9,84.0,0.865,12.315,12.323,12.275,12.340,12.323,0,0,10.381,4.642,2.250,0.246,7.856,2.382,0.123,7.988,8.111,8.180,220.000,220.000,210.0,50.6,1185.0,210.0,1290.0,210.0,50.5,1413.5,2.0,6.0,1.0,0.0,10.1,0.4,0.6,0.0,0.9,0.0,0,0,はい,いいえ,いいえ,いいえ,いいえ,はい,いいえ,4.7,5.4,0,0,0,0,0,0,0,0,0,0,0,0,0,0,0,0,0,0,0,0,0,0,0,0,0,0,0,0,0,0,11040,1242,965,108,2.5,0.5,0.5,0.5,0.5,0.5,0.5,0.5,0.5,0.5,0.5,0.5,0.5,1999.76,1999.76,1999.76,1999.76,1999.76,1999.76,5.27,126.84,1999.76,0.00,50.72,0,0,0.0,0.0,44288,38899,6.4,170.3,0,
19.7.2026,0:51:28.961,20975,12936,61.8,17179,14684,53.9,1.2,2048,25,1.053,1.075,1.060,1.040,1.040,1.000,1.105,4674.9,4716.5,4691.5,4641.6,4641.6,4591.7,4766.4,99.8,4658.7,4673.0,4657.4,4657.5,4657.5,4656.9,4657.3,4657.5,4657.4,4657.3,4657.4,4657.3,4657.4,4658.7,100.0,100.0,100.0,100.0,100.0,100.0,100.0,100.0,100.0,100.0,100.0,100.0,100.0,100.0,100.0,122.8,122.8,122.8,122.8,122.8,122.8,122.8,122.8,122.8,122.8,122.8,122.8,122.8,122.8,46.8,47.2,47.0,46.5,46.5,46.0,47.8,0.0,100.0,100.0,100.0,100.0,100.0,100.0,100.0,0.0,0.0,0.0,0.0,0.0,0.0,0.0,0.0,0.0,0.0,0.0,0.0,0.0,0.0,2395.7,24.00,40,39,39,77,116,708,1,85.8,85.0,84.4,81.9,77.5,82.6,84.6,84.4,79.0,83.4,65.4,65.4,69.8,63.1,45.8,44.0,47.0,1.059,1.015,1.100,40.685,7.987,40.686,49.500,5.448,64.223,6.655,6.372,6.702,6.739,6.818,6.593,6.709,43.102,8.106,57.201,62.796,1996.4,2395.7,4683.0,4683.0,4705.7,71.4,54.2,33.0,71.4,100.0,いいえ,いいえ,いいえ,9.467,3.053,6.0,39.0,85.8,40.0,85.0,1.080,12.197,3.440,3.328,5.040,1.064,1.008,3.440,3.328,1.808,1.024,1.120,1.040,1.792,1.104,0.768,1.824,0.256,2023,いいえ,57.4,43.5,1.110,1.110,1.815,1.815,1.005,5.040,0.750,いいえ,いいえ,いいえ,43.0,1.110,1.110,1.815,1.800,1.005,5.040,1.000,いいえ,いいえ,いいえ,37,37,いいえ,はい,15388,14039,128,128,34,100.0,いいえ,いいえ,3868,2528,9990,38,40,48,100.0,100.0,いいえ,いいえ,7032,7744,0.0,0.0,0.0,0.000,0.004,1392,1008,0.0,0.0,0.0,0.000,0.000,181182,133153,0.0,0.1,0.1,0.000,0.075,66276,77627,65.4,0.720,45.000,600.0,2400.0,1200.0,100.0,0.0,0.0,0.0,0.0,0.0,0.0,0.0,0.0,125,2,16.0,86,いいえ,いいえ,いいえ,40.1,46.0,49.9,84.0,0.865,12.314,12.321,12.273,12.338,12.323,0,0,10.510,4.588,2.063,0.222,7.830,2.184,0.111,7.957,8.160,8.180,220.000,220.000,210.0,50.6,1185.0,210.0,1290.0,210.0,50.5,1413.9,4.0,6.0,2.0,0.0,10.1,0.5,0.6,0.0,1.4,0.0,0,0,はい,いいえ,いいえ,いいえ,いいえ,はい,いいえ,4.6,5.0,0,0,0,0,0,0,0,0,0,0,0,0,0,0,0,0,0,0,0,0,0,0,0,0,0,0,0,0,0,0,11040,1242,965,108,2.5,0.5,9.7,0.3,0.3,0.3,0.3,0.0,0.0,0.0,0.0,0.0,0.0,1827.26,3551.19,103.33,71.66,3586.37,3586.37,5.81,86.82,1827.17,0.09,0.00,0,0,0.0,0.0,44288,38899,5.3,101.5,0,
19.7.2026,0:51:30.952,20974,12937,61.8,17184,14679,53.9,1.2,2048,25,1.072,1.050,1.065,1.095,1.060,1.100,1.060,4716.5,4691.5,4741.4,4741.4,4666.6,4766.4,4691.5,99.8,4668.7,4682.9,4666.8,4667.3,4667.4,4666.9,4667.4,4667.6,4667.6,4667.8,4667.9,4667.7,4667.8,4668.7,100.0,100.0,100.0,100.0,100.0,100.0,100.0,100.0,100.0,100.0,100.0,100.0,100.0,100.0,100.0,123.1,123.1,123.0,123.1,123.1,123.1,123.1,123.1,123.1,123.1,123.1,123.1,123.1,123.1,47.2,47.0,47.5,47.5,46.8,47.8,47.0,0.0,100.0,100.0,100.0,100.0,100.0,100.0,100.0,0.0,0.0,0.0,0.0,0.0,0.0,0.0,0.0,0.0,0.0,0.0,0.0,0.0,0.0,2395.7,24.00,40,39,39,77,116,708,1,85.8,85.0,86.9,81.9,77.4,82.7,84.7,84.3,79.0,83.4,65.4,65.4,70.2,62.9,45.8,44.0,47.0,1.064,1.015,1.100,40.553,8.015,40.554,47.500,5.459,64.328,6.652,6.335,6.720,6.792,6.786,6.564,6.715,43.163,8.135,57.303,62.911,1996.4,2395.7,4693.0,4693.0,4715.1,71.5,54.1,31.7,71.5,100.0,いいえ,いいえ,いいえ,9.770,2.873,6.0,39.0,85.9,40.0,85.0,1.080,12.197,3.456,3.328,5.040,1.072,1.008,3.440,3.328,1.808,1.024,1.120,1.040,1.792,1.104,0.768,1.824,0.256,2023,いいえ,57.4,43.5,1.110,1.110,1.815,1.815,0.975,5.040,1.375,いいえ,いいえ,いいえ,43.0,1.110,1.110,1.815,1.815,1.005,5.040,0.875,いいえ,いいえ,いいえ,37,37,いいえ,はい,15388,14039,128,128,34,100.0,いいえ,いいえ,3868,2528,9990,38,40,48,100.0,100.0,いいえ,いいえ,7032,7744,0.0,0.0,0.0,0.000,0.006,1392,1008,0.0,0.0,0.0,0.000,0.000,181182,133153,0.0,0.0,0.0,0.000,0.000,66276,77627,65.4,0.720,43.000,600.0,2400.0,1200.0,100.0,0.0,0.0,0.0,0.0,0.0,0.0,0.0,0.0,125,2,16.0,86,いいえ,いいえ,いいえ,40.1,44.0,49.9,84.0,0.865,12.312,12.320,12.270,12.337,12.321,0,0,10.363,4.601,2.146,0.222,7.804,2.258,0.111,7.928,8.160,8.180,220.000,220.000,210.0,50.6,1185.0,210.0,1290.0,210.0,50.5,1413.9,1.0,6.0,0.0,0.0,10.1,0.2,0.4,0.0,0.6,0.0,0,0,はい,いいえ,いいえ,いいえ,いいえ,はい,いいえ,4.6,5.0,0,0,0,0,0,0,0,0,0,0,0,0,0,0,0,0,0,0,0,0,0,0,0,0,0,0,0,0,0,0,11040,1242,965,108,2.5,0.5,0.5,0.5,0.5,0.5,0.5,0.0,0.0,0.0,0.0,0.0,0.0,1990.86,1990.86,1990.86,1990.86,1990.86,1990.86,5.25,74.73,1990.76,0.10,0.00,0,0,0.0,0.0,44288,38899,6.9,261.6,0,
19.7.2026,0:51:32.962,20975,12936,61.8,17185,14678,53.9,1.2,2048,25,1.043,1.060,1.060,1.075,1.035,0.995,1.035,4662.4,4691.5,4691.5,4691.5,4641.6,4616.7,4641.6,99.8,4650.6,4665.1,4649.6,4649.4,4649.6,4649.1,4649.6,4649.5,4649.6,4649.3,4649.0,4648.5,4648.8,4650.6,100.0,100.0,100.0,100.0,100.0,100.0,100.0,100.0,100.0,100.0,100.0,100.0,100.0,100.0,100.0,122.6,122.6,122.6,122.6,122.6,122.6,122.6,122.6,122.6,122.6,122.6,122.6,122.6,122.6,46.7,47.0,47.0,47.0,46.5,46.2,46.5,0.0,100.0,100.0,100.0,100.0,100.0,100.0,100.0,0.0,0.0,0.0,0.0,0.0,0.0,0.0,0.0,0.0,0.0,0.0,0.0,0.0,0.0,2395.7,24.00,40,39,39,77,116,708,1,85.8,85.0,83.0,81.9,77.6,82.9,84.6,84.3,78.8,83.4,65.3,65.3,69.5,63.2,45.8,44.0,47.0,1.054,1.015,1.100,40.632,7.877,40.631,50.000,5.449,63.833,6.637,6.373,6.769,6.724,6.798,6.503,6.654,42.855,7.995,56.844,62.413,1996.4,2395.7,4676.0,4676.0,4697.7,70.9,54.2,33.3,70.9,100.0,いいえ,いいえ,いいえ,8.997,3.015,6.0,39.0,85.8,40.0,85.0,1.080,12.197,3.440,3.328,5.040,1.072,1.008,3.440,3.328,1.808,1.024,1.120,1.040,1.792,1.104,0.768,1.824,0.256,2027,いいえ,57.4,43.2,1.110,1.110,1.815,1.815,0.975,5.040,0.875,いいえ,いいえ,いいえ,43.0,1.110,1.110,1.815,1.815,0.975,5.040,2.000,いいえ,いいえ,いいえ,37,37,いいえ,はい,15388,14039,128,128,34,100.0,いいえ,いいえ,3868,2528,9990,38,40,48,100.0,100.0,いいえ,いいえ,7032,7744,0.0,0.0,0.0,0.000,0.000,1392,1008,0.0,0.0,0.0,0.000,0.000,181182,133153,0.0,0.0,0.0,0.000,0.000,66276,77627,65.4,0.720,40.000,600.0,2400.0,1200.0,100.0,0.0,0.0,0.0,0.0,0.0,0.0,0.0,0.0,125,2,16.0,86,いいえ,いいえ,いいえ,40.1,46.0,49.8,84.0,0.865,12.310,12.317,12.269,12.335,12.318,0,0,10.539,4.834,2.473,0.246,7.815,2.603,0.123,7.946,9.274,8.192,220.000,220.000,210.0,50.6,1185.0,210.0,1290.0,210.0,50.5,1413.7,2.0,6.0,1.0,0.0,10.1,0.5,0.9,0.0,1.3,0.0,0,0,はい,いいえ,いいえ,いいえ,いいえ,はい,いいえ,4.7,5.3,0,0,0,0,0,0,0,0,0,0,0,0,0,0,0,0,0,0,0,0,0,0,0,0,0,0,0,0,0,0,11040,1242,965,108,2.5,0.5,0.5,0.5,0.5,0.5,0.5,0.0,0.0,0.0,0.0,0.0,0.0,1990.86,1990.86,1990.86,1990.86,1990.86,1990.86,5.25,74.73,1990.76,0.10,0.00,0,0,0.0,0.0,44288,38900,5.7,183.8,0,
19.7.2026,0:51:34.955,20978,12933,61.8,17196,14667,53.9,1.2,2048,25,1.040,1.035,1.050,1.060,1.035,1.000,1.060,4645.8,4641.6,4666.6,4666.6,4641.6,4566.8,4691.5,99.8,4621.7,4636.3,4620.2,4619.7,4620.6,4619.9,4620.5,4620.7,4620.7,4620.4,4620.4,4620.2,4620.4,4621.7,100.0,100.0,100.0,100.0,100.0,100.0,100.0,100.0,100.0,100.0,100.0,100.0,100.0,100.0,100.0,121.8,121.8,121.8,121.8,121.8,121.8,121.8,121.8,121.8,121.8,121.8,121.8,121.8,121.8,46.5,46.5,46.8,46.8,46.5,45.8,47.0,0.0,100.0,100.0,100.0,100.0,100.0,100.0,100.0,0.0,0.0,0.0,0.0,0.0,0.0,0.0,0.0,0.0,0.0,0.0,0.0,0.0,0.0,2395.7,24.00,40,39,39,77,116,708,1,85.6,85.0,84.5,81.8,77.3,82.5,84.7,84.3,79.1,83.3,65.1,65.1,69.5,63.1,45.8,44.0,47.0,1.039,1.015,1.100,40.783,7.929,40.785,51.000,5.461,63.280,6.597,6.234,6.643,6.757,6.771,6.556,6.619,42.381,8.048,56.436,61.895,1996.4,2395.7,4646.3,4646.3,4667.8,70.3,54.4,34.0,70.3,100.0,いいえ,いいえ,いいえ,7.169,2.652,6.0,39.0,85.6,40.0,85.0,1.080,12.197,3.440,3.328,5.040,1.072,1.008,3.440,3.328,1.808,1.024,1.120,1.040,1.792,1.104,0.768,1.824,0.256,2023,いいえ,57.4,43.2,1.095,1.110,1.815,1.815,0.975,5.040,0.625,いいえ,いいえ,いいえ,43.0,1.095,1.110,1.815,1.815,0.975,5.040,1.000,いいえ,いいえ,いいえ,37,37,いいえ,はい,15388,14039,128,128,34,100.0,いいえ,いいえ,3868,2528,9990,39,41,48,100.0,100.0,いいえ,いいえ,7032,7744,0.0,0.1,0.1,0.000,0.010,1392,1008,0.0,0.0,0.0,0.000,0.000,181182,133153,0.0,0.0,0.0,0.000,0.004,66276,77627,65.3,0.720,47.000,600.0,2400.0,1200.0,100.0,0.0,0.0,0.0,0.0,0.0,0.0,0.0,0.0,125,2,16.0,86,いいえ,いいえ,いいえ,40.0,44.0,49.7,84.0,0.865,12.315,12.323,12.273,12.339,12.323,0,0,10.430,4.585,2.115,0.222,7.818,2.221,0.111,7.942,8.076,8.178,220.000,220.000,210.0,50.6,1185.0,210.0,1290.0,210.0,50.5,1413.3,3.0,6.0,2.0,0.0,10.1,0.6,1.0,0.0,1.6,0.0,0,0,はい,いいえ,いいえ,いいえ,いいえ,はい,いいえ,4.6,5.0,0,0,0,0,0,0,0,0,0,0,0,0,0,0,0,0,0,0,0,0,0,0,0,0,0,0,0,0,0,0,11040,1242,965,108,2.5,16.7,17.5,16.0,16.0,16.0,16.0,0.0,0.0,0.0,0.0,0.0,0.0,59.72,62.39,57.05,57.00,62.44,62.44,0.59,0.01,59.62,0.10,0.00,0,0,0.0,0.0,44288,38900,6.7,189.0,0,
19.7.2026,0:51:36.964,20977,12934,61.8,17192,14671,53.9,1.2,2048,25,1.061,1.060,1.020,1.050,1.075,1.070,1.090,4679.1,4666.6,4666.6,4591.7,4716.5,4716.5,4716.5,99.8,4657.5,4671.5,4655.9,4656.0,4656.0,4655.4,4655.9,4656.3,4656.4,4656.5,4656.6,4656.5,4656.6,4657.5,100.0,100.0,100.0,100.0,100.0,100.0,100.0,100.0,100.0,100.0,100.0,100.0,100.0,100.0,100.0,122.8,122.8,122.8,122.8,122.8,122.8,122.8,122.8,122.8,122.8,122.8,122.8,122.8,122.8,46.9,46.8,46.8,46.0,47.2,47.2,47.2,0.0,100.0,100.0,100.0,100.0,100.0,100.0,100.0,0.0,0.0,0.0,0.0,0.0,0.0,0.0,0.0,0.0,0.0,0.0,0.0,0.0,0.0,2395.7,24.00,40,39,39,77,116,708,1,85.8,85.0,85.9,82.0,77.4,82.8,84.7,84.4,79.2,83.6,65.2,65.2,69.8,63.1,45.8,44.0,47.0,1.058,1.015,1.100,41.171,8.033,41.166,48.500,5.445,64.727,6.746,6.416,6.849,6.814,6.871,6.717,6.810,43.586,8.153,57.728,63.313,1996.4,2395.7,4681.6,4681.6,4705.0,71.9,54.9,32.3,71.9,100.0,いいえ,いいえ,いいえ,9.327,3.213,6.0,39.0,85.8,40.0,85.0,1.072,12.197,3.440,3.328,5.040,1.064,1.008,3.440,3.328,1.808,1.024,1.120,1.040,1.792,1.104,0.768,1.824,0.256,2036,いいえ,57.4,43.2,1.095,1.110,1.815,1.815,0.975,5.040,1.125,いいえ,いいえ,いいえ,43.0,1.095,1.110,1.815,1.815,0.975,5.040,0.625,いいえ,いいえ,いいえ,37,37,いいえ,はい,15388,14039,128,128,34,100.0,いいえ,いいえ,3868,2528,9990,39,41,48,100.0,100.0,いいえ,いいえ,7032,7744,0.0,0.0,0.0,0.000,0.004,1392,1008,0.0,0.0,0.0,0.000,0.000,181182,133153,0.0,0.0,0.0,0.000,0.016,66276,77627,65.3,0.720,43.000,600.0,2400.0,1200.0,100.0,0.0,0.0,0.0,0.0,0.0,0.0,0.0,0.0,125,2,16.0,86,いいえ,いいえ,いいえ,40.1,44.0,49.8,84.0,0.865,12.308,12.316,12.267,12.334,12.317,0,0,10.245,4.543,1.971,0.222,7.789,2.084,0.111,7.915,8.070,8.180,220.000,220.000,210.0,50.6,1185.0,210.0,1290.0,210.1,50.5,1412.7,2.0,6.0,1.0,0.0,10.1,0.5,0.6,0.0,1.2,0.0,0,0,はい,いいえ,いいえ,いいえ,いいえ,はい,いいえ,4.5,4.9,0,0,0,0,0,0,0,0,0,0,0,0,0,0,0,0,0,0,0,0,0,0,0,0,0,0,0,0,0,0,11040,1242,965,108,2.5,16.7,17.5,16.0,16.0,16.0,16.0,0.0,0.0,0.0,0.0,0.0,0.0,59.72,62.39,57.05,57.00,62.44,62.44,0.59,0.01,59.62,0.10,0.00,0,0,0.0,0.0,44288,38900,6.4,167.8,0,
19.7.2026,0:51:38.974,20977,12934,61.8,17194,14668,53.9,1.2,2048,25,1.039,1.060,1.050,1.050,1.025,1.025,1.025,4637.5,4691.5,4666.6,4666.6,4566.8,4616.7,4616.7,99.8,4667.4,4681.9,4666.5,4666.5,4666.6,4666.0,4666.5,4666.4,4666.2,4665.8,4665.8,4665.5,4665.6,4667.4,100.0,100.0,100.0,100.0,100.0,100.0,100.0,100.0,100.0,100.0,100.0,100.0,100.0,100.0,100.0,123.0,123.0,123.0,123.0,123.0,123.0,123.0,123.0,123.0,123.0,123.0,123.0,123.0,123.0,46.5,47.0,46.8,46.8,45.8,46.2,46.2,0.0,100.0,100.0,100.0,100.0,100.0,100.0,100.0,0.0,0.0,0.0,0.0,0.0,0.0,0.0,0.0,0.0,0.0,0.0,0.0,0.0,0.0,2395.7,24.00,40,39,39,77,116,708,1,85.8,85.0,85.2,81.9,77.4,82.6,84.7,84.4,78.8,83.4,65.3,65.3,70.5,63.2,45.8,44.0,47.0,1.064,1.015,1.100,40.615,7.963,40.618,48.500,5.445,64.329,6.642,6.353,6.687,6.769,6.806,6.575,6.662,43.237,8.082,57.309,62.897,1996.4,2395.7,4691.8,4691.8,4714.9,71.5,54.2,32.3,71.5,100.0,いいえ,いいえ,いいえ,9.500,2.632,6.0,39.0,85.9,40.0,85.0,1.040,12.197,3.440,3.328,5.040,1.072,1.008,3.440,3.328,1.808,1.024,1.120,1.040,1.792,1.104,0.768,1.824,0.256,2011,いいえ,57.4,43.2,1.095,1.110,1.815,1.815,0.975,5.040,0.500,いいえ,いいえ,いいえ,43.0,1.095,1.110,1.815,1.815,0.975,5.040,1.750,いいえ,いいえ,いいえ,37,37,いいえ,はい,15388,14039,128,128,34,100.0,いいえ,いいえ,3868,2528,9990,39,41,48,100.0,100.0,いいえ,いいえ,7032,7744,0.0,0.1,0.1,0.000,0.008,1392,1008,0.0,0.0,0.0,0.000,0.000,181182,133153,0.0,0.0,0.0,0.000,0.034,66276,77627,65.3,0.720,43.000,600.0,2400.0,1200.0,100.0,0.0,0.0,0.0,0.0,0.0,0.0,0.0,0.0,125,2,16.0,86,いいえ,いいえ,いいえ,40.1,46.0,49.8,84.0,0.865,12.311,12.318,12.271,12.336,12.320,0,0,10.196,4.547,1.988,0.222,7.792,2.097,0.111,7.914,8.073,8.179,220.000,220.000,210.0,50.6,1185.0,210.0,1290.0,210.1,50.5,1413.2,2.0,6.0,1.0,0.0,10.1,0.5,0.6,0.0,1.2,0.0,0,0,はい,いいえ,いいえ,いいえ,いいえ,はい,いいえ,4.9,5.4,0,0,0,0,0,0,0,0,0,0,0,0,0,0,0,0,0,0,0,0,0,0,0,0,0,0,0,0,0,0,11040,1242,965,108,2.5,16.7,17.5,16.0,16.0,16.0,16.0,0.0,0.0,0.0,0.0,0.0,0.0,59.72,62.39,57.05,57.00,62.44,62.44,0.59,0.01,59.62,0.10,0.00,0,0,0.0,0.0,44288,38901,6.3,186.6,0,
19.7.2026,0:51:40.965,20988,12923,61.8,17200,14663,53.9,1.2,2048,25,1.034,1.010,1.050,1.050,1.035,1.035,1.025,4637.5,4591.7,4666.6,4641.6,4641.6,4641.6,4641.6,99.8,4662.2,4676.6,4660.7,4660.8,4661.0,4660.4,4660.9,4661.2,4660.7,4661.2,4661.0,4661.0,4661.1,4662.2,100.0,100.0,100.0,100.0,100.0,100.0,100.0,100.0,100.0,100.0,100.0,100.0,100.0,100.0,100.0,122.9,122.9,122.9,122.9,122.9,122.9,122.9,122.9,122.9,122.9,122.9,122.9,122.9,122.9,46.5,46.0,46.8,46.5,46.5,46.5,46.5,0.0,100.0,100.0,100.0,100.0,100.0,100.0,100.0,0.0,0.0,0.0,0.0,0.0,0.0,0.0,0.0,0.0,0.0,0.0,0.0,0.0,0.0,2395.7,24.00,40,39,39,77,116,708,1,85.8,85.0,85.4,81.9,77.6,82.6,84.5,84.2,79.1,83.6,65.3,65.3,70.0,63.0,45.8,44.0,47.0,1.061,1.015,1.100,40.640,7.981,40.638,52.000,5.433,64.224,6.654,6.371,6.696,6.726,6.774,6.608,6.752,43.160,8.101,57.238,62.793,1996.4,2395.7,4686.8,4686.8,4710.0,71.4,54.2,34.7,71.4,100.0,いいえ,いいえ,いいえ,9.087,2.501,6.0,39.0,85.8,40.0,85.0,1.064,12.197,3.456,3.328,5.040,1.072,1.008,3.440,3.328,1.808,1.024,1.120,1.040,1.792,1.104,0.768,1.824,0.256,2020,いいえ,57.4,43.2,1.095,1.110,1.815,1.800,0.975,5.040,0.750,いいえ,いいえ,いいえ,43.0,1.095,1.110,1.815,1.800,0.975,5.040,1.000,いいえ,いいえ,いいえ,37,37,いいえ,はい,15388,14039,128,128,34,100.0,いいえ,いいえ,3868,2528,9990,38,40,48,100.0,100.0,いいえ,いいえ,7032,7744,0.0,47.0,47.0,0.000,0.004,1392,1008,0.0,0.0,0.0,0.000,0.000,181182,133153,0.0,0.0,0.0,0.000,0.046,66276,77627,65.3,0.720,39.000,600.0,2400.0,1200.0,100.0,0.0,0.0,0.0,0.0,0.0,0.0,0.0,0.0,125,2,16.0,86,いいえ,いいえ,いいえ,40.0,44.0,49.8,84.0,0.865,12.311,12.317,12.271,12.335,12.319,0,0,10.270,4.567,2.071,0.222,7.792,2.183,0.111,7.910,8.070,8.176,220.000,220.000,210.0,50.6,1185.0,210.0,1290.0,209.9,50.5,1413.3,2.0,6.0,1.0,0.0,10.1,0.4,0.5,0.0,1.0,0.0,0,0,はい,いいえ,いいえ,いいえ,いいえ,はい,いいえ,4.6,5.0,0,0,0,0,0,0,0,0,0,0,0,0,0,0,0,0,0,0,0,0,0,0,0,0,0,0,0,0,0,0,11040,1242,965,108,2.5,0.5,0.5,0.5,0.5,0.5,0.5,0.5,0.5,0.5,0.5,0.5,0.5,2033.04,2033.04,2033.04,2033.04,2033.04,2033.04,4.71,127.23,2033.04,0.00,33.44,0,0,0.0,0.0,44288,38901,6.5,179.1,0,
19.7.2026,0:51:42.975,20979,12932,61.8,17200,14663,53.9,1.2,2048,25,1.057,1.035,1.090,1.070,1.060,1.050,1.035,4683.2,4641.6,4716.5,4691.5,4716.5,4666.6,4666.6,99.8,4650.0,4664.0,4648.3,4648.6,4648.4,4648.1,4648.6,4648.9,4649.0,4649.1,4649.2,4649.0,4649.1,4650.0,100.0,100.0,100.0,100.0,100.0,100.0,100.0,100.0,100.0,100.0,100.0,100.0,100.0,100.0,100.0,122.6,122.5,122.6,122.6,122.6,122.6,122.6,122.6,122.6,122.6,122.6,122.6,122.6,122.6,46.9,46.5,47.2,47.0,47.2,46.8,46.8,0.0,100.0,100.0,100.0,100.0,100.0,100.0,100.0,0.0,0.0,0.0,0.0,0.0,0.0,0.0,0.0,0.0,0.0,0.0,0.0,0.0,0.0,2395.7,24.00,40,39,39,77,116,708,1,85.8,85.0,84.4,81.9,77.6,82.7,84.7,84.2,78.8,83.4,65.2,65.2,69.8,63.1,45.8,44.0,47.0,1.054,1.015,1.100,40.788,7.918,40.788,56.500,5.441,63.972,6.662,6.399,6.749,6.774,6.793,6.559,6.701,42.994,8.037,57.016,62.580,1996.4,2395.7,4674.4,4674.4,4697.0,71.1,54.4,37.7,71.1,100.0,いいえ,いいえ,いいえ,8.942,3.120,6.0,39.0,85.8,40.0,85.0,1.088,12.144,3.440,3.328,5.040,1.072,1.008,3.440,3.328,1.808,1.024,1.120,1.040,1.792,1.104,0.768,1.824,0.248,2036,いいえ,57.4,43.2,1.095,1.110,1.815,1.800,1.005,5.040,1.250,いいえ,いいえ,いいえ,43.0,1.095,1.110,1.815,1.800,1.005,5.040,1.375,いいえ,いいえ,いいえ,37,37,いいえ,はい,15388,14039,128,128,34,100.0,いいえ,いいえ,3868,2528,9990,39,41,48,100.0,100.0,いいえ,いいえ,7032,7744,0.0,0.0,0.0,0.000,0.004,1392,1008,0.0,0.0,0.0,0.000,0.000,181182,133153,0.0,0.0,0.0,0.000,0.002,66276,77627,65.3,0.720,45.000,600.0,2400.0,1200.0,100.0,0.0,0.0,0.0,0.0,0.0,0.0,0.0,0.0,125,2,16.0,86,いいえ,いいえ,いいえ,40.1,44.0,49.9,84.0,0.865,12.314,12.324,12.273,12.338,12.322,0,0,10.288,4.610,2.199,0.246,7.806,2.320,0.123,7.932,8.070,8.182,220.000,220.000,210.0,50.6,1185.0,210.0,1290.0,210.1,50.5,1412.8,2.0,6.0,2.0,0.0,10.1,0.5,0.6,0.0,1.5,0.0,0,0,はい,いいえ,いいえ,いいえ,いいえ,はい,いいえ,4.6,4.9,0,0,0,0,0,0,0,0,0,0,0,0,0,0,0,0,0,0,0,0,0,0,0,0,0,0,0,0,0,0,11040,1242,965,108,2.5,0.5,0.5,0.5,0.5,0.5,0.5,0.5,0.5,0.5,0.5,0.5,0.5,2033.04,2033.04,2033.04,2033.04,2033.04,2033.04,4.71,127.23,2033.04,0.00,33.44,0,0,0.0,0.0,44288,38901,6.0,148.5,0,
19.7.2026,0:51:44.972,20979,12932,61.8,17199,14663,53.9,1.2,2048,25,1.069,1.075,1.095,1.095,1.075,1.050,1.025,4683.2,4716.5,4741.4,4716.5,4691.5,4616.7,4616.7,99.8,4655.6,4670.0,4653.3,4654.6,4654.5,4654.0,4654.4,4654.6,4654.7,4654.5,4654.3,4654.2,4654.3,4655.6,100.0,100.0,100.0,100.0,100.0,100.0,100.0,100.0,100.0,100.0,100.0,100.0,100.0,100.0,100.0,122.7,122.7,122.7,122.7,122.7,122.7,122.7,122.7,122.7,122.7,122.7,122.7,122.7,122.7,46.9,47.2,47.5,47.2,47.0,46.2,46.2,0.0,100.0,100.0,100.0,100.0,100.0,100.0,100.0,0.0,0.0,0.0,0.0,0.0,0.0,0.0,0.0,0.0,0.0,0.0,0.0,0.0,0.0,2395.7,24.00,40,39,39,77,116,708,1,85.8,85.0,83.5,81.9,77.1,82.7,84.5,84.2,79.2,83.6,65.2,65.2,69.8,63.1,45.8,44.0,47.0,1.058,1.015,1.100,40.551,7.898,40.554,48.500,5.442,63.935,6.657,6.274,6.751,6.724,6.779,6.677,6.735,42.918,8.017,56.922,62.509,1996.4,2395.7,4680.1,4680.1,4703.1,71.0,54.1,32.3,71.0,100.0,いいえ,いいえ,いいえ,9.331,3.028,6.0,39.0,85.8,40.0,85.0,1.120,12.144,3.440,3.328,5.040,1.072,1.008,3.440,3.328,1.808,1.024,1.120,1.040,1.792,1.104,0.768,1.824,0.256,2033,いいえ,57.4,43.2,1.095,1.110,1.815,1.800,1.005,5.040,0.750,いいえ,いいえ,いいえ,43.0,1.095,1.110,1.815,1.800,1.005,4.970,1.125,いいえ,いいえ,いいえ,37,37,いいえ,はい,15388,14039,128,128,34,100.0,いいえ,いいえ,3868,2528,9990,38,40,48,100.0,100.0,いいえ,いいえ,7032,7744,0.0,0.1,0.1,0.000,0.006,1392,1008,0.0,0.0,0.0,0.000,0.000,181182,133153,0.0,0.1,0.1,0.000,0.038,66276,77627,65.3,0.720,40.000,600.0,2400.0,1200.0,100.0,0.0,0.0,0.0,0.0,0.0,0.0,0.0,0.0,125,2,16.0,86,いいえ,いいえ,いいえ,40.1,44.0,49.9,84.0,0.865,12.317,12.326,12.276,12.341,12.324,0,0,10.342,4.640,2.267,0.247,7.844,2.394,0.123,7.981,8.074,8.189,220.000,220.000,210.0,50.6,1185.0,210.0,1290.0,210.0,50.5,1414.2,2.0,6.0,1.0,0.0,10.1,0.4,0.5,0.0,1.0,0.0,0,0,はい,いいえ,いいえ,いいえ,いいえ,はい,いいえ,4.7,5.7,0,0,0,0,0,0,0,0,0,0,0,0,0,0,0,0,0,0,0,0,0,0,0,0,0,0,0,0,0,0,11040,1242,965,108,2.5,2.1,14.2,1.1,1.1,1.1,1.1,1.1,1.1,1.1,1.1,1.1,1.1,479.49,888.69,70.29,62.77,897.04,897.04,2.98,39.36,479.38,0.10,59.31,0,0,0.0,0.0,44288,38902,6.1,231.8,0,
19.7.2026,0:51:46.965,20979,12932,61.8,17197,14666,53.9,1.2,2048,25,1.036,1.035,1.035,1.035,1.035,1.040,1.035,4629.2,4641.6,4641.6,4616.7,4591.7,4616.7,4666.6,99.8,4672.7,4687.6,4672.0,4671.4,4671.6,4671.0,4671.4,4671.5,4671.3,4671.2,4671.3,4670.9,4671.2,4672.7,100.0,100.0,100.0,100.0,100.0,100.0,100.0,100.0,100.0,100.0,100.0,100.0,100.0,100.0,100.0,123.2,123.1,123.2,123.2,123.2,123.2,123.2,123.2,123.2,123.2,123.2,123.2,123.2,123.2,46.4,46.5,46.5,46.2,46.0,46.2,46.8,0.0,100.0,100.0,100.0,100.0,100.0,100.0,100.0,0.0,0.0,0.0,0.0,0.0,0.0,0.0,0.0,0.0,0.0,0.0,0.0,0.0,0.0,2395.7,24.00,40,39,39,77,116,708,1,85.9,85.0,85.4,81.9,77.4,82.4,84.6,84.4,79.1,83.7,65.4,65.4,70.8,63.3,45.9,44.0,47.0,1.068,1.015,1.100,40.542,7.967,40.546,52.500,5.429,64.514,6.682,6.375,6.680,6.766,6.814,6.667,6.792,43.317,8.087,57.376,63.047,1996.4,2395.7,4697.8,4697.8,4721.7,71.6,54.1,35.0,71.6,100.0,いいえ,いいえ,いいえ,10.617,3.092,6.0,39.0,85.9,40.0,85.0,1.104,12.197,3.440,3.328,5.040,1.072,1.008,3.440,3.328,1.808,1.024,1.120,1.040,1.792,1.104,0.768,1.824,0.256,2027,いいえ,57.4,43.2,1.110,1.110,1.815,1.800,1.005,5.040,0.625,いいえ,いいえ,いいえ,43.0,1.110,1.110,1.815,1.800,1.005,5.040,0.875,いいえ,いいえ,いいえ,37,37,いいえ,はい,15388,14039,128,128,34,100.0,いいえ,いいえ,3868,2528,9990,39,41,48,100.0,100.0,いいえ,いいえ,7032,7744,0.0,0.0,0.0,0.000,0.004,1392,1008,0.0,0.0,0.0,0.000,0.000,181182,133153,0.0,0.0,0.1,0.001,0.074,66276,77627,65.3,0.720,44.000,600.0,2400.0,1200.0,100.0,0.0,0.0,0.0,0.0,0.0,0.0,0.0,0.0,125,2,16.0,86,いいえ,いいえ,いいえ,40.1,44.0,49.8,84.0,0.865,12.315,12.324,12.275,12.339,12.323,0,0,10.344,4.662,2.351,0.246,7.856,2.480,0.123,7.984,8.070,8.186,220.000,220.000,210.0,50.6,1185.0,210.0,1290.0,210.0,50.5,1413.7,1.0,6.0,0.0,0.0,10.1,0.3,0.5,0.0,0.7,0.0,0,0,はい,いいえ,いいえ,いいえ,いいえ,はい,いいえ,4.7,5.0,0,0,0,0,0,0,0,0,0,0,0,0,0,0,0,0,0,0,0,0,0,0,0,0,0,0,0,0,0,0,11040,1242,965,108,2.5,1.0,8.2,0.5,0.5,0.5,0.5,0.5,0.5,0.5,0.5,0.5,0.5,1035.63,1949.93,121.33,104.54,1968.59,1968.59,5.53,77.41,1035.51,0.12,1630.97,0,0,0.0,0.0,44288,38902,5.5,170.2,0,
19.7.2026,0:51:48.968,20968,12943,61.8,17186,14677,53.9,1.2,2048,25,1.054,1.090,1.060,1.025,0.995,1.090,1.065,4666.6,4741.4,4616.7,4616.7,4616.7,4716.5,4691.5,99.8,4672.8,4686.6,4670.9,4671.6,4671.7,4671.0,4671.5,4671.4,4671.8,4671.8,4671.9,4671.7,4671.8,4672.8,100.0,100.0,100.0,100.0,100.0,100.0,100.0,100.0,100.0,100.0,100.0,100.0,100.0,100.0,100.0,123.2,123.2,123.2,123.2,123.2,123.2,123.2,123.2,123.2,123.2,123.2,123.2,123.2,123.2,46.8,47.5,46.2,46.2,46.2,47.2,47.0,0.0,100.0,100.0,100.0,100.0,100.0,100.0,100.0,0.0,0.0,0.0,0.0,0.0,0.0,0.0,0.0,0.0,0.0,0.0,0.0,0.0,0.0,2395.7,24.00,40,39,39,77,116,708,1,85.9,85.0,83.9,81.8,77.2,82.3,84.7,84.2,79.0,83.5,65.4,65.4,69.8,63.1,45.9,44.0,47.0,1.068,1.015,1.100,40.635,7.941,40.631,49.000,5.425,64.420,6.657,6.293,6.649,6.805,6.811,6.637,6.750,43.410,8.060,57.437,63.038,1996.4,2395.7,4696.8,4696.8,4720.5,71.6,54.2,32.7,71.6,100.0,いいえ,いいえ,いいえ,10.036,2.556,6.0,39.0,85.9,40.0,85.0,1.080,12.144,3.440,3.328,5.040,1.072,1.008,3.440,3.328,1.808,1.024,1.120,1.032,1.792,1.104,0.768,1.824,0.256,2017,いいえ,57.4,43.2,1.110,1.110,1.815,1.800,1.005,5.040,0.625,いいえ,いいえ,いいえ,43.0,1.110,1.110,1.815,1.800,1.005,5.040,0.875,いいえ,いいえ,いいえ,37,37,いいえ,はい,15388,14039,128,128,34,100.0,いいえ,いいえ,3868,2528,9990,38,40,48,100.0,100.0,いいえ,いいえ,7032,7744,0.0,0.0,0.0,0.000,0.006,1392,1008,0.0,0.0,0.0,0.000,0.000,181182,133153,0.0,0.0,0.0,0.000,0.000,66276,77627,65.3,0.720,40.000,600.0,2400.0,1200.0,100.0,0.0,0.0,0.0,0.0,0.0,0.0,0.0,0.0,125,2,16.0,86,いいえ,いいえ,いいえ,40.1,44.0,49.9,84.0,0.865,12.315,12.324,12.275,12.339,12.323,0,0,10.551,4.657,2.362,0.246,7.819,2.492,0.123,7.960,8.067,8.188,220.000,220.000,210.0,50.6,1185.0,210.0,1290.0,210.0,50.5,1413.6,1.0,6.0,0.0,0.0,10.1,0.4,0.6,0.0,0.9,0.0,0,0,はい,いいえ,いいえ,いいえ,いいえ,はい,いいえ,4.7,5.5,0,0,0,0,0,0,0,0,0,0,0,0,0,0,0,0,0,0,0,0,0,0,0,0,0,0,0,0,0,0,11040,1242,965,108,2.5,1.0,8.2,0.5,0.5,0.5,0.5,0.5,0.5,0.5,0.5,0.5,0.5,1035.63,1949.93,121.33,104.54,1968.59,1968.59,5.53,77.41,1035.51,0.12,1630.97,0,0,0.0,0.0,44288,38902,5.3,119.0,0,
19.7.2026,0:51:50.974,20968,12943,61.8,17184,14679,53.9,1.2,2048,25,1.066,1.075,1.090,1.090,1.025,1.025,1.090,4691.5,4716.5,4741.4,4766.4,4591.7,4591.7,4741.4,99.8,4665.0,4679.6,4664.0,4663.0,4663.9,4663.2,4664.1,4664.1,4664.0,4663.3,4664.0,4663.6,4663.7,4665.0,100.0,100.0,100.0,100.0,100.0,100.0,100.0,100.0,100.0,100.0,100.0,100.0,100.0,100.0,100.0,123.0,122.9,123.0,122.9,123.0,123.0,123.0,123.0,123.0,123.0,123.0,123.0,123.0,123.0,47.0,47.2,47.5,47.8,46.0,46.0,47.5,0.0,100.0,100.0,100.0,100.0,100.0,100.0,100.0,0.0,0.0,0.0,0.0,0.0,0.0,0.0,0.0,0.0,0.0,0.0,0.0,0.0,0.0,2395.7,24.00,40,39,39,77,116,708,1,85.9,85.0,84.4,81.9,77.5,82.4,84.5,84.2,79.2,83.5,65.4,65.4,69.2,63.0,45.8,44.0,47.0,1.063,1.015,1.100,40.518,7.871,40.524,50.000,5.433,64.107,6.658,6.363,6.647,6.766,6.770,6.656,6.746,43.108,7.989,57.073,62.676,1996.4,2395.7,4690.0,4690.0,4713.2,71.2,54.0,33.3,71.2,100.0,いいえ,いいえ,いいえ,9.638,2.772,6.0,39.0,85.9,40.0,85.0,1.096,12.197,3.440,3.328,5.040,1.072,1.008,3.440,3.328,1.808,1.024,1.120,1.040,1.792,1.104,0.768,1.824,0.256,2017,いいえ,57.4,43.2,1.110,1.110,1.815,1.800,1.005,5.040,1.500,いいえ,いいえ,いいえ,43.0,1.110,1.110,1.800,1.800,1.005,5.040,1.000,いいえ,いいえ,いいえ,37,37,いいえ,はい,15388,14039,128,128,34,100.0,いいえ,いいえ,3868,2528,9990,38,40,48,100.0,100.0,いいえ,いいえ,7032,7744,0.0,0.1,0.1,0.000,0.006,1392,1008,0.0,0.0,0.0,0.000,0.000,181182,133153,0.0,0.0,0.0,0.000,0.032,66276,77627,65.3,0.720,44.000,600.0,2400.0,1200.0,100.0,0.0,0.0,0.0,0.0,0.0,0.0,0.0,0.0,125,2,16.0,86,いいえ,いいえ,いいえ,40.1,44.0,49.8,84.0,0.865,12.316,12.326,12.274,12.340,12.324,0,0,10.651,4.760,2.690,0.271,7.868,2.826,0.136,8.012,8.089,8.187,220.000,220.000,210.0,50.6,1185.0,210.0,1290.0,210.1,50.5,1413.9,3.0,6.0,1.0,0.0,10.1,0.4,0.6,0.0,1.2,0.0,0,0,はい,いいえ,いいえ,いいえ,いいえ,はい,いいえ,4.9,5.1,0,0,0,0,0,0,0,0,0,0,0,0,0,0,0,0,0,0,0,0,0,0,0,0,0,0,0,0,0,0,11040,1242,965,108,2.5,0.2,0.2,0.2,0.2,0.2,0.2,0.2,0.2,0.2,0.2,0.2,0.2,6534.73,6534.73,6534.73,6534.73,6534.73,6534.73,1.66,6533.59,6534.28,0.45,6413.62,0,0,0.0,0.0,44288,38903,5.5,143.3,0,
19.7.2026,0:51:52.979,20967,12943,61.8,17184,14678,53.9,1.2,2048,25,1.067,1.090,1.035,1.090,1.090,1.035,1.060,4733.1,4741.4,4716.5,4766.4,4766.4,4641.6,4766.4,99.8,4674.3,4688.8,4672.8,4673.0,4673.1,4672.6,4672.8,4673.4,4673.3,4673.0,4673.1,4672.9,4673.0,4674.3,100.0,100.0,100.0,100.0,100.0,100.0,100.0,100.0,100.0,100.0,100.0,100.0,100.0,100.0,100.0,123.2,123.2,123.2,123.2,123.2,123.2,123.2,123.2,123.2,123.2,123.2,123.2,123.2,123.2,47.4,47.5,47.2,47.8,47.8,46.5,47.8,0.0,100.0,100.0,100.0,100.0,100.0,100.0,100.0,0.0,0.0,0.0,0.0,0.0,0.0,0.0,0.0,0.0,0.0,0.0,0.0,0.0,0.0,2395.7,24.00,40,39,39,77,116,708,1,85.9,85.0,85.4,81.8,77.4,82.4,84.5,84.3,78.8,83.4,65.3,65.3,70.5,63.4,45.8,44.0,47.0,1.067,1.015,1.100,40.516,8.023,40.508,49.000,5.433,64.447,6.677,6.374,6.700,6.818,6.862,6.584,6.725,43.270,8.144,57.390,63.045,1996.4,2395.7,4698.7,4698.7,4721.7,71.6,54.0,32.7,71.6,100.0,いいえ,いいえ,いいえ,10.659,3.235,6.0,39.0,85.9,40.0,85.0,1.120,12.197,3.456,3.328,5.040,1.072,1.008,3.440,3.328,1.808,1.024,1.120,1.040,1.792,1.104,0.768,1.824,0.256,2036,いいえ,57.4,43.2,1.110,1.110,1.815,1.800,1.005,5.040,1.000,いいえ,いいえ,いいえ,43.0,1.110,1.110,1.815,1.815,1.005,5.040,1.125,いいえ,いいえ,いいえ,37,37,いいえ,はい,15388,14039,128,128,34,100.0,いいえ,いいえ,3868,2528,9990,38,40,48,100.0,100.0,いいえ,いいえ,7032,7744,0.0,0.1,0.1,0.000,0.010,1392,1008,0.0,0.0,0.0,0.000,0.000,181182,133153,0.0,0.0,0.0,0.000,0.002,66276,77627,65.4,0.720,46.000,600.0,2400.0,1200.0,100.0,0.0,0.0,0.0,0.0,0.0,0.0,0.0,0.0,125,2,16.0,86,いいえ,いいえ,いいえ,40.0,44.0,49.8,84.0,0.865,12.317,12.326,12.276,12.341,12.324,0,0,10.326,4.756,2.654,0.271,7.869,2.789,0.136,8.016,8.121,8.189,220.000,220.000,210.0,50.6,1185.0,210.0,1290.0,210.0,50.5,1414.3,4.0,6.0,3.0,0.0,10.1,0.6,1.1,0.0,1.4,0.0,0,0,はい,いいえ,いいえ,いいえ,いいえ,はい,いいえ,4.8,5.1,0,0,0,0,0,0,0,0,0,0,0,0,0,0,0,0,0,0,0,0,0,0,0,0,0,0,0,0,0,0,11040,1242,965,108,2.5,0.7,9.0,0.4,0.4,0.4,0.4,0.4,0.4,0.4,0.4,0.4,0.4,1375.68,2639.96,111.40,88.18,2665.77,2665.77,5.59,84.51,1375.58,0.10,1232.84,0,0,0.0,0.0,44288,38903,5.5,123.7,0,
19.7.2026,0:51:54.989,20984,12927,61.8,17187,14676,53.9,1.2,2048,25,1.078,1.125,1.110,1.050,1.120,1.040,1.025,4708.2,4766.4,4741.4,4716.5,4766.4,4641.6,4616.7,99.8,4681.0,4696.3,4680.7,4679.8,4679.8,4679.3,4679.7,4679.6,4679.8,4680.0,4680.1,4678.3,4678.8,4681.0,100.0,100.0,100.0,100.0,100.0,100.0,100.0,100.0,100.0,100.0,100.0,100.0,100.0,100.0,100.0,123.4,123.4,123.4,123.4,123.4,123.4,123.4,123.4,123.4,123.4,123.4,123.3,123.4,123.4,47.2,47.8,47.5,47.2,47.8,46.5,46.2,0.0,100.0,100.0,100.0,100.0,100.0,100.0,100.0,0.0,0.0,0.0,0.0,0.0,0.0,0.0,0.0,0.0,0.0,0.0,0.0,0.0,0.0,2395.7,24.00,40,39,39,77,116,708,1,85.9,85.0,84.0,81.8,77.3,82.1,84.6,84.2,79.0,83.4,65.4,65.4,70.0,63.1,45.8,44.0,47.0,1.073,1.015,1.100,40.448,7.989,40.448,56.000,5.443,64.562,6.671,6.336,6.618,6.851,6.815,6.631,6.777,43.418,8.109,57.514,63.138,1996.4,2395.7,4706.2,4706.2,4729.8,71.7,53.9,37.3,71.7,100.0,いいえ,いいえ,いいえ,10.289,2.606,6.0,39.0,86.0,40.0,86.0,1.104,12.197,3.440,3.328,5.040,1.064,1.008,3.440,3.328,1.808,1.024,1.120,1.040,1.792,1.104,0.768,1.824,0.256,2023,いいえ,57.4,43.2,1.110,1.110,1.815,1.800,1.005,5.040,0.500,いいえ,いいえ,いいえ,43.0,1.110,1.110,1.815,1.800,1.005,5.040,0.500,いいえ,いいえ,いいえ,37,37,いいえ,はい,15388,14039,128,128,34,100.0,いいえ,いいえ,3868,2528,9990,38,40,48,100.0,100.0,いいえ,いいえ,7032,7744,0.0,0.0,0.0,0.000,0.004,1392,1008,0.0,0.0,0.0,0.000,0.000,181182,133153,0.0,0.1,0.1,0.000,0.022,66276,77627,65.3,0.720,38.000,600.0,2400.0,1200.0,100.0,0.0,0.0,0.0,0.0,0.0,0.0,0.0,0.0,125,2,16.0,86,いいえ,いいえ,いいえ,40.1,44.0,49.9,84.0,0.865,12.312,12.320,12.271,12.336,12.320,0,0,10.462,4.672,2.370,0.271,7.841,2.504,0.136,7.981,8.083,8.187,220.000,220.000,210.0,50.6,1185.0,210.0,1290.0,210.0,50.5,1413.4,1.0,6.0,0.0,0.0,10.1,0.5,0.7,0.0,1.1,0.0,0,0,はい,いいえ,いいえ,いいえ,いいえ,はい,いいえ,4.7,5.6,0,0,0,0,0,0,0,0,0,0,0,0,0,0,0,0,0,0,0,0,0,0,0,0,0,0,0,0,0,0,11040,1242,965,108,2.5,0.7,9.0,0.4,0.4,0.4,0.4,0.4,0.4,0.4,0.4,0.4,0.4,1375.68,2639.96,111.40,88.18,2665.77,2665.77,5.59,84.51,1375.58,0.10,1232.84,0,0,0.0,0.0,44288,38903,6.7,201.3,0,
19.7.2026,0:51:56.984,20968,12943,61.8,17185,14678,53.9,1.2,2048,25,1.065,1.075,1.025,1.050,1.075,1.090,1.075,4695.7,4716.5,4616.7,4641.6,4741.4,4741.4,4716.5,99.8,4676.3,4691.8,4675.4,4675.2,4674.0,4674.7,4675.1,4675.1,4675.0,4675.1,4674.7,4675.1,4675.0,4676.3,100.0,99.9,100.0,100.0,100.0,100.0,100.0,100.0,100.0,100.0,100.0,100.0,100.0,100.0,100.0,123.3,123.2,123.3,123.3,123.2,123.3,123.3,123.3,123.3,123.3,123.3,123.3,123.3,123.3,47.0,47.2,46.2,46.5,47.5,47.5,47.2,0.0,100.0,100.0,100.0,100.0,100.0,100.0,100.0,0.0,0.0,0.0,0.0,0.0,0.0,0.0,0.0,0.0,0.0,0.0,0.0,0.0,0.0,2395.7,24.00,40,39,39,77,116,708,1,85.9,85.0,84.8,81.7,77.3,82.3,84.5,84.2,78.6,83.0,65.4,65.4,70.0,63.4,45.8,44.0,47.0,1.070,1.015,1.100,40.033,8.077,40.038,53.000,5.404,64.077,6.635,6.356,6.659,6.794,6.852,6.508,6.642,42.842,8.198,56.984,62.633,1996.4,2395.7,4702.0,4702.0,4724.6,71.2,53.4,35.3,71.2,100.0,いいえ,いいえ,いいえ,10.428,2.861,6.0,39.0,85.9,40.0,85.0,1.056,12.197,3.456,3.328,5.040,1.072,1.008,3.440,3.328,1.808,1.024,1.120,1.040,1.792,1.104,0.768,1.824,0.256,2020,いいえ,57.4,43.2,1.110,1.110,1.815,1.800,1.005,5.040,1.125,いいえ,いいえ,いいえ,43.0,1.110,1.110,1.815,1.800,1.005,5.040,1.000,いいえ,いいえ,いいえ,37,37,いいえ,はい,15388,14039,128,128,34,100.0,いいえ,いいえ,3868,2528,9990,38,40,48,100.0,100.0,いいえ,いいえ,7032,7744,0.0,26.9,26.9,0.000,0.008,1392,1008,0.0,0.0,0.0,0.000,0.000,181182,133153,0.0,0.0,0.0,0.000,0.002,66276,77627,65.3,0.720,46.000,600.0,2400.0,1200.0,100.0,0.0,0.0,0.0,0.0,0.0,0.0,0.0,0.0,125,2,16.0,86,いいえ,いいえ,いいえ,40.1,44.0,49.8,84.0,0.865,12.313,12.323,12.271,12.337,12.321,0,0,10.558,4.601,2.084,0.246,7.829,2.208,0.123,7.955,8.168,8.191,220.000,220.000,210.0,50.6,1185.0,210.0,1290.0,210.0,50.5,1413.1,2.0,6.0,1.0,0.0,10.1,0.7,1.1,0.0,1.8,0.0,0,0,はい,いいえ,いいえ,いいえ,いいえ,はい,いいえ,4.6,4.9,0,0,0,0,0,0,0,0,0,0,0,0,0,0,0,0,0,0,0,0,0,0,0,0,0,0,0,0,0,0,11040,1242,965,108,2.5,1.4,1.4,1.4,1.4,1.4,1.4,1.3,1.3,1.3,1.3,1.3,1.3,734.83,734.83,734.83,734.83,734.83,734.83,5.89,77.22,734.73,0.10,688.09,0,0,0.0,0.0,44288,38904,6.8,226.1,0,
19.7.2026,0:51:58.992,20968,12943,61.8,17183,14680,53.9,1.2,2048,25,1.088,1.105,1.090,1.090,1.090,1.075,1.075,4753.9,4791.4,4766.4,4741.4,4741.4,4741.4,4741.4,99.8,4676.4,4690.4,4674.4,4675.0,4675.2,4674.7,4675.3,4675.5,4675.4,4675.3,4675.3,4675.1,4675.2,4676.4,100.0,100.0,100.0,100.0,100.0,100.0,100.0,100.0,100.0,100.0,100.0,100.0,100.0,100.0,100.0,123.3,123.2,123.2,123.3,123.3,123.2,123.3,123.3,123.3,123.3,123.3,123.3,123.3,123.3,47.6,48.0,47.8,47.5,47.5,47.5,47.5,0.0,100.0,100.0,100.0,100.0,100.0,100.0,100.0,0.0,0.0,0.0,0.0,0.0,0.0,0.0,0.0,0.0,0.0,0.0,0.0,0.0,0.0,2395.7,24.00,40,39,39,77,116,708,1,85.9,85.0,84.9,81.9,77.2,82.7,84.6,84.2,79.1,83.6,65.4,65.4,70.5,63.3,45.8,44.0,47.0,1.069,1.015,1.100,40.425,8.105,40.422,52.500,5.408,64.544,6.690,6.307,6.775,6.779,6.803,6.675,6.798,43.249,8.227,57.424,63.113,1996.4,2395.7,4700.9,4700.9,4724.4,71.7,53.9,35.0,71.7,100.0,いいえ,いいえ,いいえ,11.058,3.303,6.0,39.0,86.0,40.0,86.0,1.080,12.197,3.456,3.328,5.040,1.072,1.008,3.440,3.328,1.808,1.024,1.120,1.040,1.792,1.104,0.768,1.824,0.256,2027,いいえ,57.4,43.2,1.110,1.110,1.815,1.800,1.005,5.040,0.750,いいえ,いいえ,いいえ,43.0,1.110,1.110,1.815,1.800,1.005,5.040,0.875,いいえ,いいえ,いいえ,37,37,いいえ,はい,15388,14039,128,128,34,100.0,いいえ,いいえ,3868,2528,9990,39,41,48,100.0,100.0,いいえ,いいえ,7032,7744,0.0,0.0,0.0,0.000,0.000,1392,1008,0.0,0.0,0.0,0.000,0.000,181182,133153,0.0,0.0,0.0,0.000,0.000,66276,77627,65.3,0.720,48.000,600.0,2400.0,1200.0,100.0,0.0,0.0,0.0,0.0,0.0,0.0,0.0,0.0,125,2,16.0,86,いいえ,いいえ,いいえ,40.1,44.0,49.9,84.0,0.865,12.307,12.316,12.265,12.331,12.315,0,0,10.534,4.619,2.210,0.246,7.776,2.343,0.123,7.918,8.152,8.187,220.000,220.000,210.0,50.6,1185.0,210.0,1290.0,210.0,50.5,1413.7,2.0,6.0,1.0,0.0,10.1,0.5,0.8,0.0,1.2,0.0,0,0,はい,いいえ,いいえ,いいえ,いいえ,はい,いいえ,4.6,5.1,0,0,0,0,0,0,0,0,0,0,0,0,0,0,0,0,0,0,0,0,0,0,0,0,0,0,0,0,0,0,11040,1242,965,108,2.5,1.4,1.4,1.4,1.4,1.4,1.4,1.3,1.3,1.3,1.3,1.3,1.3,734.83,734.83,734.83,734.83,734.83,734.83,5.89,77.22,734.73,0.10,688.09,0,0,0.0,0.0,44288,38904,6.3,280.2,0,
19.7.2026,0:52:0.987,20967,12944,61.8,17184,14679,53.9,1.2,2048,25,1.068,1.040,1.125,1.080,1.060,1.045,1.060,4708.2,4716.5,4766.4,4691.5,4741.4,4666.6,4666.6,99.8,4689.9,4704.5,4688.5,4689.1,4688.6,4688.5,4688.7,4688.9,4688.8,4688.5,4688.5,4688.0,4688.2,4689.9,100.0,100.0,100.0,100.0,100.0,100.0,100.0,100.0,100.0,100.0,100.0,100.0,100.0,100.0,100.0,123.6,123.6,123.6,123.6,123.6,123.7,123.6,123.6,123.6,123.6,123.6,123.6,123.6,123.6,47.2,47.2,47.8,47.0,47.5,46.8,46.8,0.0,100.0,100.0,100.0,100.0,100.0,100.0,100.0,0.0,0.0,0.0,0.0,0.0,0.0,0.0,0.0,0.0,0.0,0.0,0.0,0.0,0.0,2395.7,24.00,40,39,39,77,116,708,1,86.0,85.0,85.4,81.8,77.4,82.5,84.6,84.2,78.8,83.5,65.5,65.5,70.0,63.2,45.8,44.0,47.0,1.077,1.015,1.100,40.285,8.211,40.290,50.000,5.428,64.814,6.677,6.379,6.728,6.803,6.809,6.571,6.770,43.425,8.334,57.730,63.399,1996.4,2395.7,4715.1,4715.1,4738.5,72.0,53.7,33.3,72.0,100.0,いいえ,いいえ,いいえ,10.940,2.746,6.0,39.0,85.0,40.0,85.0,1.120,12.197,3.456,3.328,5.040,1.072,1.016,3.440,3.328,1.808,1.024,1.120,1.040,1.792,1.104,0.768,1.824,0.256,2020,いいえ,57.4,43.2,1.110,1.110,1.815,1.800,1.005,5.040,1.000,いいえ,いいえ,いいえ,43.0,1.110,1.110,1.815,1.800,1.005,5.040,0.750,いいえ,いいえ,いいえ,37,37,いいえ,はい,15388,14039,128,128,34,100.0,いいえ,いいえ,3868,2528,9990,39,41,48,100.0,100.0,いいえ,いいえ,7032,7744,0.0,3.0,3.0,0.000,0.006,1392,1008,0.0,0.0,0.0,0.000,0.000,181182,133153,0.0,0.0,0.0,0.000,0.048,66276,77627,65.3,0.720,42.000,600.0,2400.0,1200.0,100.0,0.0,0.0,0.0,0.0,0.0,0.0,0.0,0.0,125,2,16.0,86,いいえ,いいえ,いいえ,40.1,44.0,49.9,84.0,0.865,12.317,12.325,12.276,12.341,12.325,0,0,10.398,4.665,2.262,0.247,7.857,2.394,0.123,7.989,8.275,8.177,220.000,220.000,210.0,50.6,1185.0,210.0,1290.0,210.0,50.5,1413.5,2.0,6.0,1.0,0.0,10.1,0.6,0.7,0.0,1.5,0.0,0,0,はい,いいえ,いいえ,いいえ,いいえ,はい,いいえ,4.7,5.0,0,0,0,0,0,0,0,0,0,0,0,0,0,0,0,0,0,0,0,0,0,0,0,0,0,0,0,0,0,0,11040,1242,965,108,2.5,0.6,2.7,0.4,0.4,0.4,0.4,0.6,2.7,0.4,0.4,0.4,0.4,1552.33,2729.74,374.93,353.30,2753.77,2753.77,5.61,77.06,1552.24,0.10,2562.64,0,0,0.0,0.0,44288,38905,6.4,201.4,0,
19.7.2026,0:52:2.992,20967,12944,61.8,17183,14679,53.9,1.2,2048,25,1.054,1.060,1.075,1.060,1.060,1.035,1.035,4670.7,4691.5,4691.5,4566.8,4766.4,4641.6,4666.6,99.8,4684.3,4699.0,4683.2,4683.2,4681.9,4682.5,4683.0,4683.2,4683.3,4683.1,4683.1,4682.9,4683.0,4684.3,100.0,100.0,100.0,100.0,100.0,100.0,100.0,100.0,100.0,100.0,100.0,100.0,100.0,100.0,100.0,123.5,123.5,123.5,123.5,123.4,123.5,123.5,123.5,123.5,123.5,123.5,123.5,123.5,123.5,46.8,47.0,47.0,45.8,47.8,46.5,46.8,0.0,100.0,100.0,100.0,100.0,100.0,100.0,100.0,0.0,0.0,0.0,0.0,0.0,0.0,0.0,0.0,0.0,0.0,0.0,0.0,0.0,0.0,2395.7,24.00,40,39,39,77,116,708,1,86.0,85.0,84.9,81.8,77.4,82.6,84.5,84.3,78.6,83.4,65.5,65.5,69.5,63.1,45.8,44.0,47.0,1.074,1.015,1.100,40.205,8.108,40.204,52.500,5.412,64.478,6.646,6.348,6.744,6.727,6.837,6.501,6.721,43.193,8.229,57.376,63.034,1996.4,2395.7,4709.2,4709.2,4732.0,71.6,53.6,35.0,71.6,100.0,いいえ,いいえ,いいえ,10.759,2.692,6.0,39.0,86.0,40.0,86.0,1.056,12.197,3.440,3.328,5.040,1.072,1.008,3.440,3.328,1.808,1.024,1.120,1.040,1.792,1.096,0.768,1.824,0.256,2030,いいえ,57.4,43.2,1.110,1.110,1.815,1.800,1.005,5.040,1.250,いいえ,いいえ,いいえ,43.0,1.110,1.110,1.815,1.800,1.005,5.040,0.875,いいえ,いいえ,いいえ,37,37,いいえ,はい,15388,14039,128,128,34,100.0,いいえ,いいえ,3868,2528,9990,38,40,48,100.0,100.0,いいえ,いいえ,7032,7744,0.0,0.0,0.0,0.000,0.006,1392,1008,0.0,0.0,0.0,0.000,0.000,181182,133153,0.0,0.0,0.0,0.000,0.041,66276,77628,65.3,0.720,40.000,600.0,2400.0,1200.0,100.0,0.0,0.0,0.0,0.0,0.0,0.0,0.0,0.0,125,2,16.0,86,いいえ,いいえ,いいえ,40.1,44.0,49.8,84.0,0.865,12.311,12.320,12.269,12.335,12.319,0,0,10.518,4.698,2.492,0.271,7.803,2.627,0.136,7.947,8.122,8.187,220.000,220.000,210.0,50.6,1185.0,210.0,1290.0,210.0,50.5,1413.2,1.0,6.0,0.0,0.0,10.1,0.5,0.6,0.0,1.3,0.0,0,0,はい,いいえ,いいえ,いいえ,いいえ,はい,いいえ,4.7,5.5,0,0,0,0,0,0,0,0,0,0,0,0,0,0,0,0,0,0,0,0,0,0,0,0,0,0,0,0,0,0,11040,1242,965,108,2.5,2.0,5.8,1.2,1.2,1.2,1.2,2.1,9.3,1.2,1.2,1.2,1.2,498.97,826.58,171.37,165.36,833.26,833.26,5.93,92.69,498.87,0.10,398.58,0,0,0.0,0.0,44288,38905,6.3,227.4,0,
19.7.2026,0:52:4.992,20970,12941,61.8,17187,14676,53.9,1.2,2048,25,1.064,1.090,1.075,1.060,1.025,1.035,1.100,4695.7,4741.4,4691.5,4691.5,4591.7,4691.5,4766.4,99.8,4676.7,4692.3,4675.4,4675.5,4676.1,4676.4,4677.0,4675.4,4675.2,4674.9,4675.1,4673.1,4674.6,4676.7,100.0,100.0,100.0,100.0,100.0,100.0,100.0,100.0,100.0,100.0,100.0,100.0,100.0,100.0,100.0,123.3,123.3,123.3,123.3,123.3,123.3,123.3,123.3,123.3,123.3,123.3,123.2,123.3,123.3,47.0,47.5,47.0,47.0,46.0,47.0,47.8,0.0,100.0,100.0,100.0,100.0,100.0,100.0,100.0,0.0,0.0,0.0,0.0,0.0,0.0,0.0,0.0,0.0,0.0,0.0,0.0,0.0,0.0,2395.7,24.00,40,39,39,77,116,708,1,86.0,85.0,84.0,81.9,77.6,82.6,84.5,84.2,79.3,83.5,65.5,65.5,70.0,63.1,45.8,44.0,47.0,1.070,1.015,1.100,40.381,8.201,40.379,56.500,5.430,64.602,6.692,6.410,6.746,6.761,6.799,6.693,6.747,43.251,8.324,57.548,63.191,1996.4,2395.7,4702.7,4702.7,4725.6,71.8,53.8,37.7,71.8,100.0,いいえ,いいえ,いいえ,10.436,2.980,6.0,39.0,85.9,40.0,85.0,1.056,12.197,3.456,3.328,5.040,1.072,1.008,3.440,3.328,1.808,1.024,1.120,1.040,1.792,1.104,0.768,1.824,0.256,2011,いいえ,57.4,43.2,1.110,1.110,1.815,1.800,1.005,5.040,1.000,いいえ,いいえ,いいえ,43.0,1.110,1.110,1.815,1.800,1.005,5.040,1.000,いいえ,いいえ,いいえ,37,37,いいえ,はい,15388,14039,128,128,34,100.0,いいえ,いいえ,3868,2528,9990,38,40,48,100.0,100.0,いいえ,いいえ,7032,7744,0.0,0.0,0.0,0.000,0.000,1392,1008,0.0,0.0,0.0,0.000,0.000,181182,133153,0.0,0.0,0.0,0.000,0.008,66276,77628,65.3,0.720,39.000,600.0,2400.0,1200.0,100.0,0.0,0.0,0.0,0.0,0.0,0.0,0.0,0.0,125,2,16.0,86,いいえ,いいえ,いいえ,40.1,44.0,49.9,84.0,0.865,12.311,12.319,12.270,12.336,12.320,0,0,10.292,4.611,2.145,0.197,7.816,2.245,0.099,7.927,8.280,8.183,220.000,220.000,210.0,50.6,1185.0,210.0,1290.0,210.0,50.5,1413.6,2.0,6.0,1.0,0.0,10.1,0.5,0.9,0.0,1.2,0.0,0,0,はい,いいえ,いいえ,いいえ,いいえ,はい,いいえ,4.6,4.9,0,0,0,0,0,0,0,0,0,0,0,0,0,0,0,0,0,0,0,0,0,0,0,0,0,0,0,0,0,0,11040,1242,965,108,2.5,6.7,16.1,3.1,3.1,3.1,3.1,1.7,2.7,1.3,1.3,1.3,1.3,149.37,317.74,62.03,62.01,322.94,322.94,2.93,45.48,149.27,0.10,30.98,0,0,0.0,0.0,44288,38905,6.2,168.3,0,
19.7.2026,0:52:6.986,20967,12944,61.8,17183,14679,53.9,1.2,2048,25,1.084,1.050,1.095,1.105,1.105,1.075,1.075,4741.4,4716.5,4766.4,4766.4,4766.4,4741.4,4691.5,99.8,4671.2,4685.3,4669.8,4669.6,4669.7,4669.3,4669.5,4670.1,4670.4,4670.4,4670.4,4670.2,4670.1,4671.2,100.0,100.0,100.0,100.0,100.0,100.0,100.0,100.0,100.0,100.0,100.0,100.0,100.0,100.0,100.0,123.1,123.1,123.1,123.1,123.1,123.1,123.1,123.1,123.1,123.1,123.1,123.1,123.1,123.1,47.5,47.2,47.8,47.8,47.8,47.5,47.0,0.0,100.0,100.0,100.0,100.0,100.0,100.0,100.0,0.0,0.0,0.0,0.0,0.0,0.0,0.0,0.0,0.0,0.0,0.0,0.0,0.0,0.0,2395.7,24.00,40,39,39,77,116,708,1,85.9,85.0,85.4,81.8,77.0,82.6,84.6,84.3,78.9,83.7,65.3,65.3,70.0,63.0,45.9,44.0,47.0,1.066,1.015,1.100,40.261,8.228,40.270,50.500,5.429,64.362,6.655,6.247,6.719,6.763,6.804,6.615,6.781,42.933,8.351,57.257,62.926,1996.4,2395.7,4695.5,4695.5,4718.6,71.5,53.7,33.7,71.5,100.0,いいえ,いいえ,いいえ,10.572,3.314,6.0,39.0,86.0,40.0,86.0,1.120,12.144,3.440,3.328,5.040,1.072,1.008,3.440,3.328,1.808,1.024,1.120,1.040,1.792,1.104,0.768,1.824,0.256,2033,いいえ,57.4,43.2,1.110,1.110,1.815,1.800,0.990,5.040,1.000,いいえ,いいえ,いいえ,43.0,1.110,1.110,1.815,1.800,1.005,5.040,1.000,いいえ,いいえ,いいえ,37,37,いいえ,はい,15388,14039,128,128,34,100.0,いいえ,いいえ,3868,2528,9990,38,40,48,100.0,100.0,いいえ,いいえ,7032,7744,0.0,0.1,0.1,0.000,0.016,1392,1008,0.0,0.0,0.0,0.000,0.000,181182,133153,0.0,0.0,0.0,0.000,0.036,66276,77628,65.4,0.720,45.000,600.0,2400.0,1200.0,100.0,0.0,0.0,0.0,0.0,0.0,0.0,0.0,0.0,125,2,16.0,86,いいえ,いいえ,いいえ,40.1,46.0,49.9,84.0,0.865,12.316,12.323,12.275,12.341,12.325,0,0,10.347,4.679,2.411,0.246,7.856,2.542,0.123,7.996,8.070,8.184,220.000,220.000,210.0,50.6,1185.0,210.0,1290.0,210.0,50.5,1413.5,1.0,6.0,0.0,0.0,10.1,0.3,0.5,0.0,0.8,0.0,0,0,はい,いいえ,いいえ,いいえ,いいえ,はい,いいえ,4.7,5.2,0,0,0,0,0,0,0,0,0,0,0,0,0,0,0,0,0,0,0,0,0,0,0,0,0,0,0,0,0,0,11040,1242,965,108,2.5,6.7,16.1,3.1,3.1,3.1,3.1,1.7,2.7,1.3,1.3,1.3,1.3,149.37,317.74,62.03,62.01,322.94,322.94,2.93,45.48,149.27,0.10,30.98,0,0,0.0,0.0,44288,38906,5.9,156.9,0,
19.7.2026,0:52:8.998,20975,12936,61.8,17180,14683,53.9,1.2,2048,25,1.075,1.110,1.115,1.120,1.050,1.040,1.015,4691.5,4766.4,4791.4,4766.4,4641.6,4591.7,4591.7,99.8,4687.6,4702.0,4686.4,4686.5,4686.0,4686.0,4686.5,4686.7,4686.3,4686.2,4686.2,4685.9,4686.0,4687.6,100.0,100.0,100.0,100.0,100.0,100.0,100.0,100.0,100.0,100.0,100.0,100.0,100.0,100.0,100.0,123.6,123.6,123.6,123.6,123.5,123.6,123.6,123.6,123.6,123.6,123.6,123.6,123.6,123.6,47.0,47.8,48.0,47.8,46.5,46.0,46.0,0.0,100.0,100.0,100.0,100.0,100.0,100.0,100.0,0.0,0.0,0.0,0.0,0.0,0.0,0.0,0.0,0.0,0.0,0.0,0.0,0.0,0.0,2395.7,24.00,40,39,39,77,116,708,1,86.0,85.0,86.2,81.8,77.4,82.7,84.4,84.2,78.7,83.6,65.4,65.4,70.0,63.4,45.8,44.0,47.0,1.076,1.015,1.100,40.206,8.139,40.202,52.500,5.400,64.536,6.668,6.382,6.763,6.721,6.792,6.574,6.779,43.275,8.261,57.476,63.130,1996.4,2395.7,4712.3,4712.3,4735.3,71.7,53.6,35.0,71.7,100.0,いいえ,いいえ,いいえ,10.723,2.804,6.0,39.0,86.0,40.0,86.0,1.088,12.197,3.456,3.328,5.040,1.072,1.008,3.440,3.328,1.808,1.024,1.120,1.040,1.792,1.104,0.768,1.824,0.256,2036,いいえ,57.4,43.2,1.110,1.110,1.815,1.800,0.990,5.040,0.875,いいえ,いいえ,いいえ,43.0,1.110,1.110,1.815,1.800,0.990,5.040,1.250,いいえ,いいえ,いいえ,37,37,いいえ,はい,15388,14039,128,128,34,100.0,いいえ,いいえ,3868,2528,9990,38,40,48,100.0,100.0,いいえ,いいえ,7032,7744,0.0,0.0,0.0,0.000,0.004,1392,1008,0.0,0.0,0.0,0.000,0.000,181182,133153,0.0,0.0,0.0,0.000,0.022,66276,77628,65.4,0.720,42.000,600.0,2400.0,1200.0,100.0,0.0,0.0,0.0,0.0,0.0,0.0,0.0,0.0,125,2,16.0,86,いいえ,いいえ,いいえ,40.1,44.0,49.9,84.0,0.865,12.313,12.321,12.272,12.338,12.322,0,0,10.453,4.672,2.409,0.246,7.830,2.529,0.123,7.957,8.107,8.179,220.000,220.000,210.0,50.6,1185.0,210.0,1290.0,210.1,50.5,1413.8,4.0,6.0,2.0,0.0,10.1,0.5,0.6,0.0,1.3,0.0,0,0,はい,いいえ,いいえ,いいえ,いいえ,はい,いいえ,4.7,5.0,0,0,0,0,0,0,0,0,0,0,0,0,0,0,0,0,0,0,0,0,0,0,0,0,0,0,0,0,0,0,11040,1242,965,108,2.5,0.5,0.5,0.5,0.5,0.5,0.5,0.5,0.5,0.5,0.5,0.5,0.5,1999.62,1999.62,1999.62,1999.62,1999.62,1999.62,3.01,112.09,1999.62,0.00,216.49,0,0,0.0,0.0,44288,38906,5.9,137.4,0,
19.7.2026,0:52:11.009,20965,12946,61.8,17183,14680,53.9,1.2,2048,25,1.066,1.010,1.060,1.045,1.075,1.115,1.090,4704.0,4616.7,4666.6,4666.6,4716.5,4791.4,4766.4,99.8,4689.7,4704.2,4688.5,4688.4,4688.4,4687.8,4688.2,4688.4,4688.4,4688.5,4688.7,4688.6,4688.5,4689.7,100.0,100.0,100.0,100.0,100.0,100.0,100.0,100.0,100.0,100.0,100.0,100.0,100.0,100.0,100.0,123.6,123.6,123.6,123.6,123.6,123.6,123.6,123.6,123.6,123.6,123.6,123.6,123.6,123.6,47.1,46.2,46.8,46.8,47.2,48.0,47.8,0.0,100.0,100.0,100.0,100.0,100.0,100.0,100.0,0.0,0.0,0.0,0.0,0.0,0.0,0.0,0.0,0.0,0.0,0.0,0.0,0.0,0.0,2395.7,24.00,40,39,39,77,116,708,1,86.0,85.0,85.4,81.9,77.3,82.7,84.6,84.2,78.9,83.4,65.5,65.5,69.8,63.3,45.9,44.0,47.0,1.077,1.015,1.100,40.164,8.045,40.161,51.000,5.427,64.548,6.664,6.363,6.770,6.782,6.778,6.585,6.710,43.289,8.166,57.424,63.097,1996.4,2395.7,4715.0,4715.0,4737.9,71.7,53.5,34.0,71.7,100.0,いいえ,いいえ,いいえ,11.046,2.804,6.0,39.0,86.0,40.0,86.0,1.088,12.197,3.456,3.328,5.040,1.072,1.008,3.440,3.328,1.808,1.024,1.120,1.040,1.792,1.104,0.768,1.824,0.256,2036,いいえ,57.4,43.2,1.095,1.110,1.815,1.800,0.990,5.040,0.750,いいえ,いいえ,いいえ,43.0,1.110,1.110,1.815,1.800,0.990,5.040,1.000,いいえ,いいえ,いいえ,37,37,いいえ,はい,15388,14039,128,128,34,100.0,いいえ,いいえ,3868,2528,9990,38,40,48,100.0,100.0,いいえ,いいえ,7032,7744,0.0,0.0,0.0,0.000,0.006,1392,1008,0.0,0.0,0.0,0.000,0.000,181182,133153,0.0,0.0,0.0,0.000,0.000,66276,77628,65.4,0.720,40.000,600.0,2400.0,1200.0,100.0,0.0,0.0,0.0,0.0,0.0,0.0,0.0,0.0,125,2,16.0,86,いいえ,いいえ,いいえ,40.1,46.0,49.9,84.0,0.865,12.314,12.322,12.273,12.340,12.323,0,0,10.512,4.647,2.244,0.246,7.855,2.369,0.123,7.986,8.174,8.180,220.000,220.000,210.0,50.6,1185.0,210.0,1290.0,210.0,50.5,1414.0,2.0,6.0,1.0,0.0,10.1,0.5,0.6,0.0,1.3,0.0,0,0,はい,いいえ,いいえ,いいえ,いいえ,はい,いいえ,4.7,4.9,0,0,0,0,0,0,0,0,0,0,0,0,0,0,0,0,0,0,0,0,0,0,0,0,0,0,0,0,0,0,11040,1242,965,108,2.5,0.5,0.5,0.5,0.5,0.5,0.5,0.5,0.5,0.5,0.5,0.5,0.5,1999.62,1999.62,1999.62,1999.62,1999.62,1999.62,3.01,112.09,1999.62,0.00,216.49,0,0,0.0,0.0,44288,38906,6.2,184.3,0,
19.7.2026,0:52:13.003,20965,12946,61.8,17184,14679,53.9,1.2,2048,25,1.071,1.090,1.090,1.090,1.090,1.010,1.055,4699.9,4691.5,4716.5,4716.5,4741.4,4641.6,4691.5,99.8,4676.8,4691.3,4675.4,4675.8,4675.0,4675.3,4675.8,4675.8,4676.0,4675.6,4675.5,4675.3,4675.3,4676.8,100.0,100.0,100.0,100.0,100.0,100.0,100.0,100.0,100.0,100.0,100.0,100.0,100.0,100.0,100.0,123.3,123.3,123.3,123.3,123.3,123.3,123.3,123.3,123.3,123.3,123.3,123.3,123.3,123.3,47.1,47.0,47.2,47.2,47.5,46.5,47.0,0.0,100.0,100.0,100.0,100.0,100.0,100.0,100.0,0.0,0.0,0.0,0.0,0.0,0.0,0.0,0.0,0.0,0.0,0.0,0.0,0.0,0.0,2395.7,24.00,40,39,39,77,116,708,1,86.0,85.0,84.4,81.9,77.2,82.8,84.4,84.2,79.0,83.6,65.4,65.4,70.0,63.5,45.8,44.0,47.0,1.070,1.015,1.100,40.372,8.026,40.370,51.000,5.420,64.343,6.662,6.320,6.766,6.703,6.798,6.614,6.773,43.211,8.147,57.319,62.946,1996.4,2395.7,4701.7,4701.7,4725.2,71.5,53.8,34.0,71.5,100.0,いいえ,いいえ,いいえ,10.254,2.828,6.0,39.0,86.0,40.0,86.0,1.104,12.197,3.456,3.328,5.040,1.072,1.008,3.440,3.328,1.808,1.024,1.120,1.040,1.792,1.104,0.768,1.824,0.256,2030,いいえ,57.4,43.5,1.095,1.110,1.815,1.800,0.990,5.040,0.875,いいえ,いいえ,いいえ,43.0,1.095,1.110,1.815,1.800,0.990,5.040,1.375,いいえ,いいえ,いいえ,37,37,いいえ,はい,15388,14039,128,128,34,100.0,いいえ,いいえ,3868,2528,9990,38,40,48,100.0,100.0,いいえ,いいえ,7032,7744,0.0,0.1,0.1,0.000,0.006,1392,1008,0.0,0.0,0.0,0.000,0.000,181182,133153,0.0,0.0,0.0,0.000,0.002,66276,77628,65.4,0.720,45.000,600.0,2400.0,1200.0,100.0,0.0,0.0,0.0,0.0,0.0,0.0,0.0,0.0,125,2,16.0,86,いいえ,いいえ,いいえ,40.1,46.0,49.9,84.0,0.865,12.312,12.321,12.270,12.338,12.321,0,0,10.535,4.697,2.430,0.271,7.865,2.566,0.136,8.010,8.122,8.180,220.000,220.000,210.0,50.6,1185.0,210.0,1290.0,210.1,50.5,1413.6,2.0,6.0,1.0,0.0,10.1,0.4,0.5,0.0,1.1,0.0,0,0,はい,いいえ,いいえ,いいえ,いいえ,はい,いいえ,4.7,5.5,0,0,0,0,0,0,0,0,0,0,0,0,0,0,0,0,0,0,0,0,0,0,0,0,0,0,0,0,0,0,11040,1242,965,108,2.5,2.3,14.5,1.3,1.3,1.2,1.2,1.2,1.2,1.2,1.2,1.2,1.2,430.82,792.82,68.83,62.18,800.21,800.21,3.15,38.60,430.72,0.10,863.54,0,0,0.0,0.0,44288,38907,6.7,270.1,0,
19.7.2026,0:52:14.999,20966,12945,61.8,17181,14682,53.9,1.2,2048,25,1.068,1.090,1.040,1.075,1.090,1.025,1.090,4716.5,4766.4,4666.6,4741.4,4766.4,4591.7,4766.4,99.8,4686.2,4700.6,4685.0,4684.8,4684.9,4684.3,4684.8,4685.0,4685.0,4685.0,4685.0,4684.8,4684.9,4686.2,100.0,100.0,100.0,100.0,100.0,100.0,100.0,100.0,100.0,100.0,100.0,100.0,100.0,100.0,100.0,123.5,123.5,123.5,123.5,123.5,123.5,123.5,123.5,123.5,123.5,123.5,123.5,123.5,123.5,47.2,47.8,46.8,47.5,47.8,46.0,47.8,0.0,100.0,100.0,100.0,100.0,100.0,100.0,100.0,0.0,0.0,0.0,0.0,0.0,0.0,0.0,0.0,0.0,0.0,0.0,0.0,0.0,0.0,2395.7,24.00,40,39,39,77,116,708,1,86.0,85.0,84.4,81.7,77.3,82.4,84.5,84.3,78.5,83.4,65.3,65.3,69.8,63.2,45.8,44.0,47.0,1.074,1.015,1.100,40.177,7.961,40.176,49.500,5.414,64.298,6.653,6.371,6.706,6.780,6.820,6.524,6.717,43.184,8.080,57.220,62.886,1996.4,2395.7,4711.0,4711.0,4733.7,71.5,53.6,33.0,71.5,100.0,いいえ,いいえ,いいえ,10.839,2.951,6.0,39.0,86.0,40.0,86.0,1.136,12.144,3.440,3.328,5.040,1.072,1.008,3.440,3.328,1.808,1.024,1.120,1.040,1.792,1.104,0.768,1.824,0.256,2033,いいえ,57.4,43.2,1.095,1.110,1.815,1.800,0.990,5.040,0.625,いいえ,いいえ,いいえ,43.0,1.095,1.110,1.815,1.800,0.990,5.040,1.000,いいえ,いいえ,いいえ,37,37,いいえ,はい,15388,14039,128,128,34,100.0,いいえ,いいえ,3868,2528,9990,38,40,48,100.0,100.0,いいえ,いいえ,7032,7744,0.0,9.8,9.8,0.000,0.006,1392,1008,0.0,0.0,0.0,0.000,0.000,181182,133153,0.0,0.0,0.0,0.000,0.004,66276,77628,65.4,0.720,42.000,600.0,2400.0,1200.0,100.0,0.0,0.0,0.0,0.0,0.0,0.0,0.0,0.0,125,2,16.0,86,いいえ,いいえ,いいえ,40.1,44.0,49.8,84.0,0.865,12.308,12.316,12.266,12.334,12.317,0,0,10.521,4.639,2.265,0.222,7.838,2.381,0.111,7.957,8.165,8.175,220.000,220.000,210.0,50.6,1185.0,210.0,1290.0,210.0,50.5,1413.5,2.0,6.0,2.0,0.0,10.1,0.6,0.8,0.0,1.5,0.0,0,0,はい,いいえ,いいえ,いいえ,いいえ,はい,いいえ,4.6,4.9,0,0,0,0,0,0,0,0,0,0,0,0,0,0,0,0,0,0,0,0,0,0,0,0,0,0,0,0,0,0,11040,1242,965,108,2.5,1.0,8.3,0.5,0.5,0.5,0.5,0.5,0.5,0.5,0.5,0.5,0.5,1043.72,1966.49,120.94,103.99,1985.32,1985.32,5.15,78.44,1043.61,0.11,1761.68,0,0,0.0,0.0,44288,38907,9.8,192.7,0,
19.7.2026,0:52:16.995,20970,12941,61.8,17184,14679,53.9,1.2,2048,25,1.062,1.035,1.080,1.080,1.075,1.050,1.050,4691.5,4666.6,4716.5,4716.5,4716.5,4666.6,4666.6,99.8,4661.5,4678.3,4661.8,4660.9,4659.9,4661.3,4661.2,4661.0,4659.8,4655.9,4660.1,4659.0,4659.5,4661.5,100.0,99.9,100.0,100.0,100.0,100.0,100.0,100.0,100.0,99.9,100.0,100.0,100.0,100.0,100.0,122.9,122.8,122.9,122.9,122.9,122.9,122.9,122.9,122.9,122.8,122.9,122.8,122.9,122.9,47.0,46.8,47.2,47.2,47.2,46.8,46.8,0.0,100.0,100.0,100.0,100.0,100.0,100.0,100.0,0.0,0.0,0.0,0.0,0.0,0.0,0.0,0.0,0.0,0.0,0.0,0.0,0.0,0.0,2395.7,24.00,40,39,39,77,116,708,1,85.9,85.0,85.2,81.8,77.4,82.7,84.6,84.3,78.7,83.1,65.3,65.3,70.2,63.1,45.9,44.0,47.0,1.062,1.015,1.100,40.445,7.918,40.442,49.000,5.403,63.989,6.650,6.388,6.770,6.757,6.816,6.542,6.626,42.976,8.036,56.955,62.566,1996.4,2395.7,4689.3,4689.3,4711.4,71.1,53.9,32.7,71.1,100.0,いいえ,いいえ,いいえ,9.772,3.105,6.0,39.0,85.9,40.0,85.0,1.088,12.197,3.440,3.328,5.040,1.072,1.008,3.440,3.328,1.808,1.024,1.120,1.040,1.792,1.104,0.768,1.824,0.256,2036,いいえ,57.4,43.2,1.095,1.110,1.815,1.800,0.990,5.040,0.875,いいえ,いいえ,いいえ,43.0,1.095,1.110,1.815,1.815,0.990,5.040,1.000,いいえ,いいえ,いいえ,37,37,いいえ,はい,15388,14039,128,128,34,100.0,いいえ,いいえ,3868,2528,9990,38,40,48,100.0,100.0,いいえ,いいえ,7032,7744,0.0,0.0,0.0,0.000,0.004,1392,1008,0.0,0.0,0.0,0.000,0.000,181182,133153,0.0,0.1,0.1,0.000,0.073,66276,77628,65.5,0.720,37.000,600.0,2400.0,1200.0,100.0,0.0,0.0,0.0,0.0,0.0,0.0,0.0,0.0,125,2,16.0,86,いいえ,いいえ,いいえ,40.1,46.0,49.9,84.0,0.865,12.311,12.319,12.270,12.336,12.320,0,0,10.480,4.665,2.375,0.246,7.840,2.492,0.123,7.967,8.100,8.173,220.000,220.000,210.0,50.6,1185.0,210.0,1290.0,210.0,50.5,1413.9,3.0,6.0,1.0,0.0,10.1,0.6,1.0,0.0,1.3,0.0,0,0,はい,いいえ,いいえ,いいえ,いいえ,はい,いいえ,4.7,5.4,0,0,0,0,0,0,0,0,0,0,0,0,0,0,0,0,0,0,0,0,0,0,0,0,0,0,0,0,0,0,11040,1242,965,108,2.5,1.1,54.6,0.6,0.6,0.6,0.6,1.1,29.4,0.6,0.6,0.6,0.6,883.37,1748.43,18.30,2.42,1766.09,1766.09,6.56,428.31,883.37,0.00,1749.43,0,0,0.0,0.0,44288,38908,6.9,226.0,0,
19.7.2026,0:52:19.005,20965,12946,61.8,17181,14682,53.9,1.2,2048,25,1.074,1.135,1.075,1.040,1.060,1.060,1.075,4712.3,4791.4,4766.4,4616.7,4666.6,4716.5,4716.5,99.8,4681.7,4696.1,4680.5,4680.5,4680.4,4679.8,4680.3,4680.4,4680.5,4680.4,4680.4,4680.2,4680.4,4681.7,100.0,100.0,100.0,100.0,100.0,100.0,100.0,100.0,100.0,100.0,100.0,100.0,100.0,100.0,100.0,123.4,123.4,123.4,123.4,123.4,123.4,123.4,123.4,123.4,123.4,123.4,123.4,123.4,123.4,47.2,48.0,47.8,46.2,46.8,47.2,47.2,0.0,100.0,100.0,100.0,100.0,100.0,100.0,100.0,0.0,0.0,0.0,0.0,0.0,0.0,0.0,0.0,0.0,0.0,0.0,0.0,0.0,0.0,2395.7,24.00,40,39,39,77,116,708,1,86.0,85.0,86.9,81.8,77.3,82.5,84.6,84.4,78.8,83.3,65.4,65.4,69.8,63.1,45.8,44.0,47.0,1.072,1.015,1.100,40.315,8.092,40.323,50.500,5.446,64.535,6.667,6.366,6.710,6.790,6.889,6.572,6.674,43.230,8.213,57.433,63.128,1996.4,2395.7,4706.3,4706.3,4728.5,71.7,53.8,33.7,71.7,100.0,いいえ,いいえ,いいえ,11.045,3.275,6.0,39.0,85.9,40.0,85.0,1.072,12.197,3.456,3.328,5.040,1.072,1.008,3.440,3.328,1.808,1.024,1.120,1.040,1.792,1.104,0.768,1.824,0.256,2011,いいえ,57.4,43.2,1.095,1.110,1.815,1.800,0.990,5.040,0.875,いいえ,いいえ,いいえ,43.0,1.095,1.110,1.815,1.800,1.005,5.040,0.750,いいえ,いいえ,いいえ,37,37,いいえ,はい,15388,14039,128,128,34,100.0,いいえ,いいえ,3868,2528,9990,38,40,48,100.0,100.0,いいえ,いいえ,7032,7744,0.0,0.0,0.0,0.000,0.002,1392,1008,0.0,0.0,0.0,0.000,0.000,181182,133153,0.0,0.0,0.0,0.000,0.063,66276,77628,65.5,0.720,35.000,600.0,2400.0,1200.0,100.0,0.0,0.0,0.0,0.0,0.0,0.0,0.0,0.0,125,2,16.0,86,いいえ,いいえ,いいえ,40.1,44.0,49.9,84.0,0.865,12.316,12.323,12.275,12.340,12.324,0,0,10.308,4.668,2.413,0.222,7.831,2.530,0.111,7.953,8.104,8.178,220.000,220.000,210.0,50.6,1185.0,210.0,1290.0,210.0,50.5,1413.4,3.0,6.0,1.0,0.0,10.1,0.5,0.6,0.0,1.3,0.0,0,0,はい,いいえ,いいえ,いいえ,いいえ,はい,いいえ,4.7,5.7,0,0,0,0,0,0,0,0,0,0,0,0,0,0,0,0,0,0,0,0,0,0,0,0,0,0,0,0,0,0,11040,1242,965,107,2.5,1.1,54.6,0.6,0.6,0.6,0.6,1.1,29.4,0.6,0.6,0.6,0.6,883.37,1748.43,18.30,2.42,1766.09,1766.09,6.56,428.31,883.37,0.00,1749.43,0,0,0.0,0.0,44288,38908,6.4,207.3,0,
19.7.2026,0:52:21.004,20965,12946,61.8,17181,14682,53.9,1.2,2048,25,1.092,1.050,1.120,1.090,1.110,1.090,1.090,4729.0,4666.6,4791.4,4741.4,4741.4,4716.5,4716.5,99.8,4672.8,4686.9,4671.3,4671.4,4671.2,4671.1,4671.6,4672.0,4671.9,4671.7,4671.7,4671.4,4671.6,4672.8,100.0,100.0,100.0,100.0,100.0,100.0,100.0,100.0,100.0,100.0,100.0,100.0,100.0,100.0,100.0,123.2,123.2,123.2,123.2,123.2,123.2,123.2,123.2,123.2,123.2,123.2,123.2,123.2,123.2,47.4,46.8,48.0,47.5,47.5,47.2,47.2,0.0,100.0,100.0,100.0,100.0,100.0,100.0,100.0,0.0,0.0,0.0,0.0,0.0,0.0,0.0,0.0,0.0,0.0,0.0,0.0,0.0,0.0,2395.7,24.00,40,39,39,77,116,708,1,86.0,85.0,85.4,81.8,77.2,82.6,84.5,84.3,78.8,83.2,65.4,65.4,70.2,63.3,45.8,44.0,47.0,1.067,1.015,1.100,40.346,7.955,40.346,49.500,5.441,64.226,6.628,6.284,6.712,6.735,6.815,6.570,6.652,43.080,8.074,57.139,62.779,1996.4,2395.7,4697.5,4697.5,4719.6,71.3,53.8,33.0,71.3,100.0,いいえ,いいえ,いいえ,10.316,2.900,6.0,39.0,86.0,40.0,86.0,1.120,12.197,3.456,3.328,5.040,1.072,1.008,3.440,3.328,1.808,1.024,1.120,1.040,1.792,1.104,0.768,1.824,0.256,2020,いいえ,57.4,43.2,1.095,1.110,1.815,1.800,0.990,5.040,0.875,いいえ,いいえ,いいえ,43.0,1.095,1.110,1.815,1.800,0.990,5.040,0.875,いいえ,いいえ,いいえ,37,37,いいえ,はい,15388,14039,128,128,34,100.0,いいえ,いいえ,3868,2528,9990,38,40,48,100.0,100.0,いいえ,いいえ,7032,7744,0.0,0.0,0.0,0.000,0.004,1392,1008,0.0,0.0,0.0,0.000,0.000,181182,133153,0.0,0.0,0.0,0.000,0.002,66276,77628,65.4,0.720,43.000,600.0,2400.0,1200.0,100.0,0.0,0.0,0.0,0.0,0.0,0.0,0.0,0.0,125,2,16.0,86,いいえ,いいえ,いいえ,40.1,46.0,49.9,84.0,0.865,12.309,12.318,12.268,12.334,12.318,0,0,10.520,4.708,2.534,0.246,7.851,2.652,0.123,7.978,8.103,8.178,220.000,220.000,210.0,50.6,1185.0,210.0,1290.0,210.1,50.5,1412.6,4.0,6.0,2.0,0.0,10.1,0.6,0.8,0.0,1.6,0.0,0,0,はい,いいえ,いいえ,いいえ,いいえ,はい,いいえ,4.8,5.5,0,0,0,0,0,0,0,0,0,0,0,0,0,0,0,0,0,0,0,0,0,0,0,0,0,0,0,0,0,0,11040,1242,965,107,2.5,0.3,0.3,0.3,0.3,0.3,0.3,0.2,0.2,0.2,0.2,0.2,0.2,3999.64,3999.64,3999.64,3999.64,3999.64,3999.64,3.72,128.02,3999.64,0.00,3766.96,0,0,0.0,0.0,44288,38909,6.4,208.7,0,
19.7.2026,0:52:23.000,20964,12946,61.8,17183,14680,53.9,1.2,2048,25,1.070,1.110,1.065,1.090,1.105,1.025,1.025,4720.7,4791.4,4741.4,4766.4,4766.4,4616.7,4641.6,99.8,4688.4,4702.9,4687.3,4687.3,4687.1,4686.6,4687.2,4687.2,4687.3,4687.2,4687.1,4686.9,4687.0,4688.4,100.0,100.0,100.0,100.0,100.0,100.0,100.0,100.0,100.0,100.0,100.0,100.0,100.0,100.0,100.0,123.6,123.6,123.6,123.6,123.6,123.6,123.6,123.6,123.6,123.6,123.6,123.6,123.6,123.6,47.3,48.0,47.5,47.8,47.8,46.2,46.5,0.0,100.0,100.0,100.0,100.0,100.0,100.0,100.0,0.0,0.0,0.0,0.0,0.0,0.0,0.0,0.0,0.0,0.0,0.0,0.0,0.0,0.0,2395.7,24.00,40,39,39,77,116,708,1,86.0,85.0,86.2,81.9,77.5,82.7,84.6,84.2,78.9,83.3,65.4,65.4,69.8,63.5,45.9,44.0,47.0,1.076,1.015,1.100,40.346,8.123,40.342,53.500,5.454,64.734,6.669,6.401,6.792,6.800,6.759,6.562,6.702,43.427,8.245,57.671,63.322,1996.4,2395.7,4713.2,4713.2,4735.7,72.0,53.8,35.7,72.0,100.0,いいえ,いいえ,いいえ,10.731,2.844,6.0,39.0,86.0,40.0,86.0,1.080,12.197,3.456,3.328,5.040,1.072,1.008,3.440,3.328,1.808,1.024,1.120,1.040,1.792,1.104,0.768,1.824,0.256,2011,いいえ,57.4,43.2,1.110,1.110,1.815,1.800,0.990,5.040,0.625,いいえ,いいえ,いいえ,43.0,1.095,1.110,1.815,1.800,0.990,5.040,1.125,いいえ,いいえ,いいえ,37,37,いいえ,はい,15388,14039,128,128,34,100.0,いいえ,いいえ,3868,2528,9990,38,40,48,100.0,100.0,いいえ,いいえ,7032,7744,0.0,20.1,20.1,0.000,0.008,1392,1008,0.0,0.0,0.0,0.000,0.000,181182,133153,0.0,0.0,0.0,0.000,0.026,66276,77628,65.4,0.720,53.000,600.0,2400.0,1200.0,100.0,0.0,0.0,0.0,0.0,0.0,0.0,0.0,0.0,125,2,16.0,86,いいえ,いいえ,いいえ,40.1,46.0,49.8,84.0,0.865,12.311,12.320,12.269,12.336,12.319,0,0,10.572,4.712,2.539,0.246,7.840,2.652,0.123,7.963,8.070,8.260,220.000,220.000,210.0,50.6,1185.0,210.0,1290.0,209.9,50.5,1413.2,2.0,6.0,1.0,0.0,10.1,0.4,0.6,0.0,1.1,0.0,0,0,はい,いいえ,いいえ,いいえ,いいえ,はい,いいえ,4.8,5.2,0,0,0,0,0,0,0,0,0,0,0,0,0,0,0,0,0,0,0,0,0,0,0,0,0,0,0,0,0,0,11040,1242,965,107,2.5,0.3,0.3,0.3,0.3,0.3,0.3,0.2,0.2,0.2,0.2,0.2,0.2,3999.64,3999.64,3999.64,3999.64,3999.64,3999.64,3.72,128.02,3999.64,0.00,3766.96,0,0,0.0,0.0,44288,38909,6.5,208.4,0,
19.7.2026,0:52:25.006,20970,12941,61.8,17183,14680,53.9,1.2,2048,25,1.047,1.020,1.045,1.060,1.060,1.045,1.050,4654.1,4616.7,4691.5,4666.6,4666.6,4666.6,4616.7,99.8,4675.1,4690.1,4672.3,4673.5,4674.0,4673.8,4674.2,4674.4,4674.2,4673.4,4673.6,4673.5,4673.8,4675.1,100.0,100.0,99.9,100.0,100.0,100.0,100.0,100.0,100.0,100.0,100.0,100.0,100.0,100.0,100.0,123.2,123.2,123.2,123.2,123.2,123.2,123.2,123.2,123.2,123.2,123.2,123.2,123.2,123.2,46.6,46.2,47.0,46.8,46.8,46.8,46.2,0.0,100.0,100.0,100.0,100.0,100.0,100.0,100.0,0.0,0.0,0.0,0.0,0.0,0.0,0.0,0.0,0.0,0.0,0.0,0.0,0.0,0.0,2395.7,24.00,40,39,39,77,116,708,1,86.0,85.0,85.4,81.9,77.5,82.6,84.4,84.4,79.1,83.6,65.3,65.3,69.8,63.2,45.8,44.0,47.0,1.069,1.015,1.100,40.481,8.048,40.486,49.500,5.471,64.648,6.689,6.403,6.747,6.710,6.828,6.673,6.774,43.314,8.169,57.501,63.163,1996.4,2395.7,4701.0,4701.0,4723.9,71.8,54.0,33.0,71.8,100.0,いいえ,いいえ,いいえ,10.484,3.093,6.0,39.0,86.0,40.0,86.0,1.080,12.197,3.456,3.328,5.040,1.072,1.008,3.440,3.328,1.808,1.024,1.120,1.040,1.792,1.104,0.768,1.824,0.256,2008,いいえ,57.4,43.2,1.110,1.110,1.815,1.800,0.990,5.040,0.875,いいえ,いいえ,いいえ,43.0,1.110,1.110,1.815,1.800,0.990,5.040,1.000,いいえ,いいえ,いいえ,37,37,いいえ,はい,15388,14039,128,128,34,100.0,いいえ,いいえ,3868,2528,9990,39,41,48,100.0,100.0,いいえ,いいえ,7032,7744,0.0,0.1,0.1,0.000,0.008,1392,1008,0.0,0.0,0.0,0.000,0.000,181182,133153,0.0,0.0,0.0,0.000,0.006,66276,77628,65.4,0.720,45.000,600.0,2400.0,1200.0,100.0,0.0,0.0,0.0,0.0,0.0,0.0,0.0,0.0,125,2,16.0,86,いいえ,いいえ,いいえ,40.1,44.0,49.8,84.0,0.865,12.312,12.322,12.270,12.337,12.320,0,0,10.206,4.867,2.318,0.246,7.853,2.443,0.123,7.987,9.779,8.188,220.000,220.000,210.0,50.6,1185.0,210.0,1290.0,209.8,50.5,1414.0,3.0,6.0,1.0,0.0,10.1,0.5,0.9,0.0,1.2,0.0,0,0,はい,いいえ,いいえ,いいえ,いいえ,はい,いいえ,4.7,4.9,0,0,0,0,0,0,0,0,0,0,0,0,0,0,0,0,0,0,0,0,0,0,0,0,0,0,0,0,0,0,11040,1242,965,107,2.5,0.3,0.3,0.3,0.3,0.3,0.3,0.2,0.2,0.2,0.2,0.2,0.2,3999.64,3999.64,3999.64,3999.64,3999.64,3999.64,3.72,128.02,3999.64,0.00,3766.96,0,0,0.0,0.0,44288,38909,5.9,167.0,0,
19.7.2026,0:52:27.001,20967,12944,61.8,17184,14679,53.9,1.2,2048,25,1.051,1.080,1.025,1.040,1.040,1.060,1.060,4679.1,4741.4,4641.6,4641.6,4716.5,4666.6,4666.6,99.8,4686.1,4701.3,4685.3,4684.3,4682.7,4684.8,4685.5,4685.4,4685.6,4684.1,4685.0,4684.4,4684.6,4686.1,100.0,99.9,100.0,100.0,99.9,100.0,100.0,100.0,100.0,100.0,100.0,100.0,100.0,100.0,100.0,123.5,123.5,123.5,123.5,123.5,123.5,123.5,123.5,123.5,123.5,123.5,123.5,123.5,123.5,46.9,47.5,46.5,46.5,47.2,46.8,46.8,0.0,100.0,100.0,100.0,100.0,100.0,100.0,100.0,0.0,0.0,0.0,0.0,0.0,0.0,0.0,0.0,0.0,0.0,0.0,0.0,0.0,0.0,2395.7,24.00,40,39,39,77,116,708,1,86.0,85.0,85.4,81.8,77.4,82.6,84.4,84.3,78.7,83.3,65.4,65.4,69.8,63.4,45.9,44.0,47.0,1.075,1.015,1.100,40.199,7.935,40.192,52.500,5.467,64.349,6.652,6.378,6.759,6.696,6.836,6.547,6.695,43.247,8.054,57.315,62.957,1996.4,2395.7,4711.8,4711.8,4734.7,71.5,53.6,35.0,71.5,100.0,いいえ,いいえ,いいえ,10.521,2.873,6.0,39.0,86.0,40.0,86.0,1.072,12.197,3.456,3.328,5.040,1.064,1.008,3.440,3.328,1.808,1.024,1.120,1.040,1.792,1.104,0.768,1.824,0.256,2023,いいえ,57.4,43.5,1.110,1.110,1.800,1.800,0.990,5.040,1.250,いいえ,いいえ,いいえ,43.0,1.110,1.110,1.815,1.800,0.990,5.040,0.625,いいえ,いいえ,いいえ,37,37,いいえ,はい,15388,14039,128,128,34,100.0,いいえ,いいえ,3868,2528,9990,38,40,48,100.0,100.0,いいえ,いいえ,7032,7744,0.0,0.0,0.0,0.000,0.000,1392,1008,0.0,0.0,0.0,0.000,0.000,181182,133153,0.0,0.0,0.0,0.000,0.008,66276,77628,65.5,0.720,46.000,600.0,2400.0,1200.0,100.0,0.0,0.0,0.0,0.0,0.0,0.0,0.0,0.0,125,2,16.0,86,いいえ,いいえ,いいえ,40.1,44.0,49.9,84.0,0.865,12.309,12.319,12.267,12.334,12.318,0,0,10.335,4.661,2.367,0.246,7.839,2.491,0.123,7.971,8.070,8.180,220.000,220.000,210.0,50.6,1185.0,210.0,1290.0,210.1,50.5,1413.2,1.0,5.0,0.0,0.0,10.1,0.6,0.9,0.0,1.3,0.0,0,0,はい,いいえ,いいえ,いいえ,いいえ,はい,いいえ,4.7,5.4,0,0,0,0,0,0,0,0,0,0,0,0,0,0,0,0,0,0,0,0,0,0,0,0,0,0,0,0,0,0,11040,1242,965,107,2.5,0.3,0.3,0.3,0.3,0.3,0.3,0.2,0.2,0.2,0.2,0.2,0.2,3999.64,3999.64,3999.64,3999.64,3999.64,3999.64,3.72,128.02,3999.64,0.00,3766.96,0,0,0.0,0.0,44288,38910,6.6,272.6,0,
19.7.2026,0:52:29.011,20965,12946,61.8,17180,14683,53.9,1.2,2048,25,1.044,1.045,1.035,1.060,1.020,1.060,1.045,4666.6,4691.5,4666.6,4666.6,4641.6,4691.5,4641.6,99.8,4665.2,4680.0,4663.8,4664.4,4663.7,4663.9,4664.2,4664.1,4664.1,4663.9,4664.1,4662.2,4664.1,4665.2,100.0,100.0,100.0,100.0,100.0,100.0,100.0,100.0,100.0,100.0,100.0,100.0,100.0,100.0,100.0,123.0,123.0,123.0,123.0,123.0,123.0,123.0,123.0,123.0,123.0,123.0,122.9,123.0,123.0,46.8,47.0,46.8,46.8,46.5,47.0,46.5,0.0,100.0,100.0,100.0,100.0,100.0,100.0,100.0,0.0,0.0,0.0,0.0,0.0,0.0,0.0,0.0,0.0,0.0,0.0,0.0,0.0,0.0,2395.7,24.00,40,39,39,77,116,708,1,86.0,85.0,84.0,81.8,77.4,82.6,84.4,84.1,79.1,83.3,65.3,65.3,70.2,63.3,45.8,44.0,47.0,1.063,1.015,1.100,40.330,7.881,40.334,53.500,5.484,63.988,6.637,6.345,6.707,6.730,6.761,6.609,6.671,42.910,8.000,56.943,62.561,1996.4,2395.7,4690.7,4690.7,4713.0,71.1,53.8,35.7,71.1,100.0,いいえ,いいえ,いいえ,9.733,3.275,6.0,39.0,86.0,40.0,86.0,1.080,12.197,3.456,3.328,5.040,1.072,1.008,3.440,3.328,1.808,1.024,1.120,1.040,1.792,1.104,0.768,1.824,0.256,2036,いいえ,57.4,43.2,1.110,1.110,1.800,1.800,0.990,5.040,1.375,いいえ,いいえ,いいえ,43.0,1.110,1.110,1.800,1.815,0.990,5.040,0.750,いいえ,いいえ,いいえ,37,37,いいえ,はい,15388,14039,128,128,34,100.0,いいえ,いいえ,3868,2528,9990,38,40,48,100.0,100.0,いいえ,いいえ,7032,7744,0.0,0.1,0.1,0.000,0.010,1392,1008,0.0,0.0,0.0,0.000,0.000,181182,133153,0.0,0.0,0.0,0.000,0.036,66276,77628,65.4,0.720,39.000,600.0,2400.0,1200.0,100.0,0.0,0.0,0.0,0.0,0.0,0.0,0.0,0.0,125,2,16.0,86,いいえ,いいえ,いいえ,40.1,46.0,49.9,84.0,0.865,12.311,12.320,12.268,12.335,12.319,0,0,10.376,4.613,2.219,0.246,7.790,2.344,0.123,7.920,8.067,8.195,220.000,220.000,210.0,50.6,1185.0,210.0,1290.0,210.0,50.5,1414.1,1.0,6.0,0.0,0.0,10.1,0.4,0.6,0.0,1.0,0.0,0,0,はい,いいえ,いいえ,いいえ,いいえ,はい,いいえ,4.6,4.9,0,0,0,0,0,0,0,0,0,0,0,0,0,0,0,0,0,0,0,0,0,0,0,0,0,0,0,0,0,0,11040,1242,965,107,2.5,0.3,0.3,0.3,0.3,0.3,0.3,0.2,0.2,0.2,0.2,0.2,0.2,3999.64,3999.64,3999.64,3999.64,3999.64,3999.64,3.72,128.02,3999.64,0.00,3766.96,0,0,0.0,0.0,44288,38910,6.3,208.4,0,
19.7.2026,0:52:31.011,20965,12946,61.8,17177,14686,53.9,1.2,2048,25,1.080,1.090,1.075,1.090,1.075,1.060,1.090,4729.0,4741.4,4741.4,4766.4,4716.5,4691.5,4716.5,99.8,4670.9,4684.6,4668.8,4669.3,4668.9,4669.2,4669.8,4670.1,4670.1,4670.0,4670.2,4670.1,4669.1,4670.9,100.0,100.0,100.0,100.0,100.0,100.0,100.0,100.0,100.0,100.0,100.0,100.0,100.0,100.0,100.0,123.1,123.1,123.1,123.1,123.1,123.1,123.1,123.1,123.1,123.1,123.1,123.1,123.1,123.1,47.4,47.5,47.5,47.8,47.2,47.0,47.2,0.0,100.0,100.0,100.0,100.0,100.0,100.0,100.0,0.0,0.0,0.0,0.0,0.0,0.0,0.0,0.0,0.0,0.0,0.0,0.0,0.0,0.0,2395.7,24.00,40,39,39,77,116,708,1,85.9,85.0,85.2,81.8,77.2,82.4,84.7,84.2,79.0,83.4,65.3,65.3,68.8,63.0,45.8,44.0,47.0,1.066,1.015,1.100,40.196,7.972,40.195,50.500,5.464,63.971,6.632,6.273,6.645,6.795,6.762,6.628,6.689,42.864,8.092,56.966,62.573,1996.4,2395.7,4695.3,4695.3,4717.9,71.1,53.6,33.7,71.1,100.0,いいえ,いいえ,いいえ,9.828,2.843,6.0,39.0,86.0,40.0,86.0,1.048,12.197,3.456,3.328,5.040,1.072,1.008,3.440,3.328,1.808,1.024,1.120,1.040,1.792,1.104,0.768,1.824,0.256,2020,いいえ,57.4,43.5,1.110,1.110,1.800,1.800,1.005,5.040,0.875,いいえ,いいえ,いいえ,43.0,1.110,1.110,1.800,1.800,1.005,5.040,1.000,いいえ,いいえ,いいえ,37,37,いいえ,はい,15388,14039,128,128,34,100.0,いいえ,いいえ,3868,2528,9990,38,40,48,100.0,100.0,いいえ,いいえ,7032,7744,0.0,0.0,0.0,0.000,0.000,1392,1008,0.0,0.0,0.0,0.000,0.000,181182,133153,0.0,0.0,0.0,0.000,0.028,66276,77628,65.4,0.720,43.000,600.0,2400.0,1200.0,100.0,0.0,0.0,0.0,0.0,0.0,0.0,0.0,0.0,125,2,16.0,86,いいえ,いいえ,いいえ,40.1,44.0,49.8,84.0,0.865,12.311,12.320,12.269,12.335,12.319,0,0,10.222,4.575,2.053,0.222,7.791,2.159,0.111,7.904,8.073,8.288,220.000,220.000,210.0,50.6,1185.0,210.0,1290.0,210.0,50.5,1414.2,2.0,6.0,1.0,0.0,10.1,0.4,0.6,0.0,1.1,0.0,0,0,はい,いいえ,いいえ,いいえ,いいえ,はい,いいえ,4.5,5.0,0,0,0,0,0,0,0,0,0,0,0,0,0,0,0,0,0,0,0,0,0,0,0,0,0,0,0,0,0,0,11040,1242,965,107,2.5,0.3,0.3,0.3,0.3,0.3,0.3,0.2,0.2,0.2,0.2,0.2,0.2,3999.64,3999.64,3999.64,3999.64,3999.64,3999.64,3.72,128.02,3999.64,0.00,3766.96,0,0,0.0,0.0,44288,38910,5.7,128.7,0,
19.7.2026,0:52:33.019,20968,12942,61.8,17193,14670,53.9,1.2,2048,25,1.070,1.075,1.060,1.060,1.075,1.075,1.075,4699.9,4716.5,4691.5,4691.5,4691.5,4716.5,4691.5,99.8,4669.7,4684.1,4667.9,4669.1,4669.1,4668.0,4668.2,4668.5,4668.4,4668.8,4668.4,4668.2,4668.0,4669.7,100.0,99.9,100.0,100.0,100.0,100.0,100.0,100.0,100.0,100.0,100.0,100.0,100.0,100.0,100.0,123.1,123.0,123.1,123.1,123.1,123.1,123.1,123.1,123.1,123.1,123.1,123.1,123.1,123.1,47.1,47.2,47.0,47.0,47.0,47.2,47.0,0.0,100.0,100.0,100.0,100.0,100.0,100.0,100.0,0.0,0.0,0.0,0.0,0.0,0.0,0.0,0.0,0.0,0.0,0.0,0.0,0.0,0.0,2395.7,24.00,40,39,39,77,116,708,1,86.0,85.0,85.4,81.7,77.0,82.5,84.7,84.2,78.6,83.1,65.3,65.3,70.0,63.2,45.8,44.0,47.0,1.065,1.015,1.100,39.954,8.020,39.952,54.000,5.464,63.750,6.590,6.234,6.654,6.794,6.767,6.487,6.602,42.578,8.141,56.729,62.343,1996.4,2395.7,4694.8,4694.8,4716.4,70.8,53.3,36.0,70.8,100.0,いいえ,いいえ,いいえ,9.926,2.933,6.0,39.0,85.9,40.0,85.0,1.096,12.197,3.456,3.328,5.040,1.072,1.008,3.440,3.328,1.808,1.024,1.120,1.040,1.792,1.104,0.768,1.824,0.256,2039,いいえ,57.4,43.5,1.110,1.110,1.800,1.800,1.005,5.040,0.750,いいえ,いいえ,いいえ,43.0,1.110,1.110,1.800,1.800,1.005,4.970,0.875,いいえ,いいえ,いいえ,37,37,いいえ,はい,15388,14039,128,128,34,100.0,いいえ,いいえ,3868,2528,9990,38,40,48,100.0,100.0,いいえ,いいえ,7032,7744,0.0,0.1,0.1,0.000,0.010,1392,1008,0.0,0.0,0.0,0.000,0.000,181182,133153,0.0,0.0,0.0,0.000,0.028,66276,77628,65.4,0.720,47.000,600.0,2400.0,1200.0,100.0,0.0,0.0,0.0,0.0,0.0,0.0,0.0,0.0,125,2,16.0,86,いいえ,いいえ,いいえ,40.1,46.0,49.8,84.0,0.865,12.305,12.315,12.263,12.330,12.313,0,0,10.302,4.510,1.914,0.197,7.750,2.010,0.099,7.859,8.073,8.178,220.000,220.000,210.0,50.6,1185.0,210.0,1290.0,210.0,50.5,1413.5,1.0,5.0,0.0,0.0,10.1,0.5,0.9,0.0,1.1,0.0,0,0,はい,いいえ,いいえ,いいえ,いいえ,はい,いいえ,4.4,5.0,0,0,0,0,0,0,0,0,0,0,0,0,0,0,0,0,0,0,0,0,0,0,0,0,0,0,0,0,0,0,11040,1242,965,107,2.5,0.3,0.3,0.3,0.3,0.3,0.3,0.2,0.2,0.2,0.2,0.2,0.2,3999.64,3999.64,3999.64,3999.64,3999.64,3999.64,3.72,128.02,3999.64,0.00,3766.96,0,0,0.0,0.0,44288,38911,6.0,159.8,0,
19.7.2026,0:52:35.026,20964,12947,61.8,17185,14678,53.9,1.2,2048,25,1.074,1.090,1.065,1.090,1.060,1.090,1.050,4712.3,4741.4,4691.5,4716.5,4666.6,4741.4,4716.5,99.8,4666.8,4681.0,4665.5,4665.7,4665.7,4665.1,4665.6,4665.8,4665.8,4665.7,4665.4,4665.3,4665.4,4666.8,100.0,100.0,100.0,100.0,100.0,100.0,100.0,100.0,100.0,100.0,100.0,100.0,100.0,100.0,100.0,123.0,123.0,123.0,123.0,123.0,123.0,123.0,123.0,123.0,123.0,123.0,123.0,123.0,123.0,47.2,47.5,47.0,47.2,46.8,47.5,47.2,0.0,100.0,100.0,100.0,100.0,100.0,100.0,100.0,0.0,0.0,0.0,0.0,0.0,0.0,0.0,0.0,0.0,0.0,0.0,0.0,0.0,0.0,2395.7,24.00,40,39,39,77,116,708,1,85.9,85.0,84.4,81.8,77.2,82.5,84.6,84.3,78.9,83.5,65.2,65.2,70.5,63.3,45.8,44.0,47.0,1.063,1.015,1.100,40.547,7.977,40.559,50.000,5.457,64.317,6.680,6.352,6.722,6.795,6.822,6.631,6.759,43.137,8.097,57.236,62.897,1996.4,2395.7,4691.4,4691.4,4714.5,71.5,54.1,33.3,71.5,100.0,いいえ,いいえ,いいえ,10.293,3.387,6.0,39.0,85.9,40.0,85.0,1.072,12.197,3.456,3.328,5.040,1.072,1.008,3.440,3.328,1.808,1.024,1.120,1.040,1.792,1.104,0.768,1.824,0.256,2027,いいえ,57.4,43.5,1.095,1.110,1.800,1.800,1.005,5.040,0.875,いいえ,いいえ,いいえ,43.0,1.110,1.110,1.800,1.800,1.005,5.040,0.750,いいえ,いいえ,いいえ,37,37,いいえ,はい,15388,14039,128,128,34,100.0,いいえ,いいえ,3868,2528,9990,38,40,48,100.0,100.0,いいえ,いいえ,7032,7744,0.0,0.0,0.0,0.000,0.002,1392,1008,0.0,0.0,0.0,0.000,0.000,181182,133153,0.0,0.0,0.0,0.000,0.016,66276,77628,65.4,0.720,26.000,600.0,2400.0,1200.0,100.0,0.0,0.0,0.0,0.0,0.0,0.0,0.0,0.0,125,2,16.0,86,いいえ,いいえ,いいえ,40.1,46.0,49.8,84.0,0.865,12.310,12.319,12.269,12.334,12.318,0,0,10.288,4.639,2.308,0.246,7.815,2.430,0.123,7.940,8.067,8.182,220.000,220.000,210.0,50.6,1185.0,210.0,1290.0,210.2,50.5,1413.7,2.0,6.0,1.0,0.0,10.1,0.5,0.6,0.0,1.3,0.0,0,0,はい,いいえ,いいえ,いいえ,いいえ,はい,いいえ,4.7,5.2,0,0,0,0,0,0,0,0,0,0,0,0,0,0,0,0,0,0,0,0,0,0,0,0,0,0,0,0,0,0,11040,1242,965,107,2.5,3.1,8.1,1.9,1.9,1.9,1.9,1.5,1.5,1.5,1.5,1.5,1.5,327.29,531.32,123.27,119.52,535.48,535.48,4.37,38.99,327.19,0.10,85.85,0,0,0.0,0.0,44288,38911,6.1,199.4,0,
19.7.2026,0:52:37.021,20966,12945,61.8,17195,14668,53.9,1.2,2048,25,1.076,1.075,1.090,1.075,1.075,1.070,1.070,4708.2,4741.4,4716.5,4716.5,4716.5,4716.5,4641.6,99.8,4662.9,4677.9,4659.7,4661.8,4661.6,4661.3,4662.0,4662.1,4662.2,4662.0,4661.8,4661.5,4661.2,4662.9,100.0,100.0,99.9,100.0,100.0,100.0,100.0,100.0,100.0,100.0,100.0,100.0,100.0,100.0,100.0,122.9,122.9,122.9,122.9,122.9,122.9,122.9,122.9,122.9,122.9,122.9,122.9,122.9,122.9,47.2,47.5,47.2,47.2,47.2,47.2,46.5,0.0,100.0,100.0,100.0,100.0,100.0,100.0,100.0,0.0,0.0,0.0,0.0,0.0,0.0,0.0,0.0,0.0,0.0,0.0,0.0,0.0,0.0,2395.7,24.00,40,39,39,77,116,708,1,85.9,85.0,84.4,81.9,77.4,82.8,84.5,84.3,79.1,83.5,65.2,65.2,70.2,63.2,45.9,44.0,47.0,1.061,1.015,1.100,40.665,7.978,40.653,52.500,5.451,64.299,6.653,6.367,6.749,6.711,6.761,6.618,6.710,43.187,8.097,57.280,62.876,1996.4,2395.7,4688.1,4688.1,4710.5,71.4,54.2,35.0,71.4,100.0,いいえ,いいえ,いいえ,9.591,3.185,6.0,39.0,85.9,40.0,85.0,1.096,12.197,3.440,3.328,5.040,1.072,1.008,3.440,3.328,1.808,1.024,1.120,1.040,1.792,1.104,0.768,1.824,0.256,2011,いいえ,57.4,43.5,1.095,1.110,1.800,1.800,1.005,5.040,0.750,いいえ,いいえ,いいえ,43.0,1.095,1.110,1.800,1.800,1.005,5.040,0.875,いいえ,いいえ,いいえ,37,37,いいえ,はい,15388,14039,128,128,34,100.0,いいえ,いいえ,3868,2528,9990,38,40,48,100.0,100.0,いいえ,いいえ,7032,7744,0.0,0.0,0.0,0.000,0.006,1392,1008,0.0,0.0,0.0,0.000,0.000,181182,133153,0.0,0.0,0.0,0.000,0.000,66276,77628,65.4,0.720,42.000,600.0,2400.0,1200.0,100.0,0.0,0.0,0.0,0.0,0.0,0.0,0.0,0.0,125,2,16.0,86,いいえ,いいえ,いいえ,40.1,44.0,50.0,84.0,0.865,12.312,12.321,12.270,12.336,12.320,0,0,10.275,4.616,2.201,0.246,7.828,2.319,0.123,7.961,8.067,8.185,220.000,220.000,210.0,50.6,1185.0,210.0,1290.0,210.0,50.5,1413.8,1.0,6.0,0.0,0.0,10.1,0.6,0.9,0.0,1.6,0.0,0,0,はい,いいえ,いいえ,いいえ,いいえ,はい,いいえ,4.6,5.0,0,0,0,0,0,0,0,0,0,0,0,0,0,0,0,0,0,0,0,0,0,0,0,0,0,0,0,0,0,0,11040,1242,965,107,2.5,4.4,15.7,1.7,1.6,1.6,1.6,0.6,0.6,0.6,0.6,0.6,0.6,228.29,597.44,63.73,62.18,612.21,612.21,1.83,19.47,228.18,0.10,114.46,0,0,0.0,0.0,44289,38912,6.7,216.2,0,
19.7.2026,0:52:39.012,20972,12939,61.8,17195,14668,53.9,1.2,2048,25,1.053,1.075,1.060,1.025,1.035,1.050,1.075,4679.1,4716.5,4666.6,4616.7,4666.6,4691.5,4716.5,99.8,4668.2,4682.6,4667.1,4667.1,4667.0,4666.4,4666.8,4666.9,4666.9,4666.8,4666.8,4666.6,4666.8,4668.2,100.0,100.0,100.0,100.0,100.0,100.0,100.0,100.0,100.0,100.0,100.0,100.0,100.0,100.0,100.0,123.1,123.1,123.1,123.1,123.1,123.1,123.1,123.1,123.1,123.1,123.1,123.1,123.1,123.1,46.9,47.2,46.8,46.2,46.8,47.0,47.2,0.0,100.0,100.0,100.0,100.0,100.0,100.0,100.0,0.0,0.0,0.0,0.0,0.0,0.0,0.0,0.0,0.0,0.0,0.0,0.0,0.0,0.0,2395.7,24.00,40,39,39,77,116,708,1,85.9,85.0,84.8,81.8,77.1,82.5,84.7,84.3,78.8,83.6,65.2,65.2,69.5,63.4,45.8,44.0,47.0,1.064,1.015,1.100,40.550,8.104,40.550,50.500,5.444,64.445,6.651,6.303,6.689,6.774,6.819,6.587,6.734,43.181,8.226,57.395,63.028,1996.4,2395.7,4692.9,4692.9,4715.9,71.6,54.1,33.7,71.6,100.0,いいえ,いいえ,いいえ,10.140,3.052,6.0,39.0,85.9,40.0,85.0,1.080,12.197,3.456,3.328,5.040,1.072,1.008,3.440,3.328,1.808,1.024,1.120,1.040,1.792,1.104,0.768,1.824,0.256,2033,いいえ,57.4,43.2,1.095,1.110,1.800,1.800,1.005,5.040,1.000,いいえ,いいえ,いいえ,43.0,1.095,1.110,1.815,1.800,1.005,5.040,0.750,いいえ,いいえ,いいえ,37,37,いいえ,はい,15388,14039,128,128,34,100.0,いいえ,いいえ,3868,2528,9990,38,40,48,100.0,100.0,いいえ,いいえ,7032,7744,0.0,0.0,0.0,0.000,0.006,1392,1008,0.0,0.0,0.0,0.000,0.000,181182,133153,0.0,0.1,0.1,0.000,0.065,66276,77628,65.4,0.720,42.000,600.0,2400.0,1200.0,100.0,0.0,0.0,0.0,0.0,0.0,0.0,0.0,0.0,125,2,16.0,86,いいえ,いいえ,いいえ,40.1,46.0,49.9,84.0,0.865,12.313,12.322,12.272,12.337,12.321,0,0,10.281,4.746,2.652,0.271,7.854,2.788,0.136,8.006,8.076,8.182,220.000,220.000,210.0,50.6,1185.0,210.0,1290.0,210.0,50.5,1413.7,4.0,6.0,3.0,0.0,10.1,0.6,0.8,0.0,1.5,0.0,0,0,はい,いいえ,いいえ,いいえ,いいえ,はい,いいえ,4.9,5.3,0,0,0,0,0,0,0,0,0,0,0,0,0,0,0,0,0,0,0,0,0,0,0,0,0,0,0,0,0,0,11040,1242,965,107,2.5,0.5,0.5,0.5,0.5,0.5,0.5,0.5,0.5,0.5,0.5,0.5,0.5,1999.31,1999.31,1999.31,1999.31,1999.31,1999.31,15.34,1601.41,1999.31,0.00,1949.38,0,0,0.0,0.0,44289,38912,5.7,151.1,0,
19.7.2026,0:52:41.018,20967,12944,61.8,17194,14669,53.9,1.2,2048,25,1.059,1.050,1.035,1.045,1.045,1.075,1.105,4708.2,4666.6,4666.6,4666.6,4691.5,4741.4,4816.3,99.8,4661.9,4676.0,4660.2,4660.5,4660.5,4660.0,4660.5,4660.6,4660.7,4660.7,4660.8,4660.7,4660.9,4661.9,100.0,100.0,100.0,100.0,100.0,100.0,100.0,100.0,100.0,100.0,100.0,100.0,100.0,100.0,100.0,122.9,122.9,122.9,122.9,122.9,122.9,122.9,122.9,122.9,122.9,122.9,122.9,122.9,122.9,47.2,46.8,46.8,46.8,47.0,47.5,48.2,0.0,100.0,100.0,100.0,100.0,100.0,100.0,100.0,0.0,0.0,0.0,0.0,0.0,0.0,0.0,0.0,0.0,0.0,0.0,0.0,0.0,0.0,2395.7,24.00,40,39,39,77,116,708,1,85.9,85.0,83.5,81.9,77.3,82.6,84.6,84.4,78.9,83.4,65.3,65.3,70.5,63.3,45.8,44.0,47.0,1.060,1.015,1.100,40.755,8.038,40.756,48.500,5.446,64.442,6.640,6.310,6.725,6.742,6.808,6.583,6.673,43.229,8.159,57.378,62.991,1996.4,2395.7,4685.9,4685.9,4709.3,71.6,54.3,32.3,71.6,100.0,いいえ,いいえ,いいえ,9.784,3.005,6.0,39.0,85.9,40.0,85.0,1.072,12.197,3.440,3.328,5.040,1.072,1.008,3.440,3.328,1.808,1.024,1.120,1.040,1.792,1.104,0.768,1.824,0.256,2027,いいえ,57.4,43.2,1.095,1.110,1.800,1.800,1.005,5.040,1.250,いいえ,いいえ,いいえ,43.0,1.095,1.110,1.800,1.800,1.005,5.040,1.500,いいえ,いいえ,いいえ,37,37,いいえ,はい,15388,14039,128,128,34,100.0,いいえ,いいえ,3868,2528,9990,38,40,48,100.0,100.0,いいえ,いいえ,7032,7744,0.0,0.1,0.1,0.000,0.012,1392,1009,0.0,0.0,0.0,0.000,0.000,181182,133153,0.0,0.0,0.0,0.000,0.040,66276,77628,65.4,0.720,38.000,600.0,2400.0,1200.0,100.0,0.0,0.0,0.0,0.0,0.0,0.0,0.0,0.0,125,2,16.0,86,いいえ,いいえ,いいえ,40.1,44.0,49.9,84.0,0.865,12.312,12.321,12.270,12.337,12.321,0,0,10.272,4.623,2.209,0.246,7.840,2.332,0.123,7.965,8.073,8.195,220.000,220.000,210.0,50.6,1185.0,210.0,1290.0,210.0,50.5,1414.0,2.0,6.0,1.0,0.0,10.1,0.4,0.6,0.0,1.0,0.0,0,0,はい,いいえ,いいえ,いいえ,いいえ,はい,いいえ,4.6,5.0,0,0,0,0,0,0,0,0,0,0,0,0,0,0,0,0,0,0,0,0,0,0,0,0,0,0,0,0,0,0,11040,1242,965,107,2.5,2.8,2.8,2.8,2.8,2.8,2.8,2.4,2.4,2.4,2.4,2.4,2.4,352.40,352.40,352.40,352.40,352.40,352.40,5.80,75.84,352.29,0.11,354.27,0,0,0.0,0.0,44289,38912,6.9,310.4,0,
19.7.2026,0:52:43.026,20970,12941,61.8,17203,14660,53.9,1.2,2048,25,1.022,1.025,1.025,1.035,1.025,1.010,1.010,4608.4,4591.7,4616.7,4691.5,4591.7,4591.7,4566.8,99.8,4659.6,4674.5,4658.5,4658.8,4658.9,4658.3,4658.8,4658.9,4658.8,4658.3,4656.6,4657.5,4657.5,4659.6,100.0,100.0,100.0,100.0,100.0,100.0,100.0,100.0,100.0,100.0,100.0,100.0,100.0,100.0,100.0,122.8,122.8,122.8,122.8,122.8,122.8,122.8,122.8,122.8,122.8,122.8,122.8,122.8,122.8,46.2,46.0,46.2,47.0,46.0,46.0,45.8,0.0,100.0,100.0,100.0,100.0,100.0,100.0,100.0,0.0,0.0,0.0,0.0,0.0,0.0,0.0,0.0,0.0,0.0,0.0,0.0,0.0,0.0,2395.7,24.00,40,39,39,77,116,708,1,85.9,85.0,85.2,82.0,77.5,82.8,84.6,84.4,79.2,83.6,65.3,65.3,70.0,63.1,45.9,44.0,47.0,1.060,1.015,1.100,40.926,8.039,40.925,50.500,5.462,64.615,6.701,6.377,6.791,6.762,6.857,6.669,6.748,43.419,8.159,57.586,63.178,1996.4,2395.7,4684.9,4684.9,4709.0,71.8,54.6,33.7,71.8,100.0,いいえ,いいえ,いいえ,9.337,3.099,6.0,39.0,85.8,40.0,85.0,1.104,12.197,3.440,3.328,5.040,1.072,1.008,3.440,3.328,1.808,1.024,1.120,1.040,1.792,1.104,0.768,1.824,0.256,2011,いいえ,57.4,43.5,1.095,1.110,1.800,1.800,1.005,5.040,0.750,いいえ,いいえ,いいえ,43.0,1.095,1.110,1.800,1.800,0.990,5.040,1.375,いいえ,いいえ,いいえ,37,37,いいえ,はい,15388,14039,128,128,34,100.0,いいえ,いいえ,3868,2528,9990,38,40,48,100.0,100.0,いいえ,いいえ,7032,7744,0.0,0.0,0.0,0.000,0.000,1392,1009,0.0,0.0,0.0,0.000,0.000,181182,133153,0.0,0.0,0.0,0.000,0.000,66276,77628,65.4,0.720,42.000,600.0,2400.0,1200.0,100.0,0.0,0.0,0.0,0.0,0.0,0.0,0.0,0.0,125,2,16.0,86,いいえ,いいえ,いいえ,40.1,46.0,49.9,84.0,0.865,12.321,12.329,12.281,12.346,12.329,0,0,10.567,4.668,2.380,0.222,7.848,2.494,0.111,7.971,8.133,8.184,220.000,220.000,210.0,50.6,1185.0,210.0,1290.0,209.9,50.5,1414.1,2.0,6.0,1.0,0.0,10.1,0.6,0.9,0.0,1.4,0.0,0,0,はい,いいえ,いいえ,いいえ,いいえ,はい,いいえ,4.7,5.5,0,0,0,0,0,0,0,0,0,0,0,0,0,0,0,0,0,0,0,0,0,0,0,0,0,0,0,0,0,0,11040,1242,965,107,2.5,1.0,47.8,0.5,0.5,0.5,0.5,1.0,27.1,0.5,0.5,0.5,0.5,1016.86,2012.78,20.94,2.64,2033.10,2033.10,1.95,56.14,1016.86,0.00,1041.68,0,0,0.0,0.0,44289,38913,5.4,138.0,0,
19.7.2026,0:52:45.019,20969,12942,61.8,17201,14662,53.9,1.2,2048,25,1.058,1.060,1.040,1.075,1.075,1.035,1.060,4712.3,4716.5,4691.5,4741.4,4741.4,4666.6,4716.5,99.8,4653.3,4667.4,4651.9,4651.8,4651.9,4651.4,4650.4,4652.1,4652.2,4652.7,4652.8,4652.6,4652.6,4653.3,100.0,100.0,100.0,100.0,100.0,100.0,100.0,100.0,100.0,100.0,100.0,100.0,100.0,100.0,100.0,122.6,122.6,122.7,122.7,122.7,122.7,122.6,122.7,122.7,122.7,122.7,122.7,122.7,122.6,47.2,47.2,47.0,47.5,47.5,46.8,47.2,0.0,100.0,100.0,100.0,100.0,100.0,100.0,100.0,0.0,0.0,0.0,0.0,0.0,0.0,0.0,0.0,0.0,0.0,0.0,0.0,0.0,0.0,2395.7,24.00,40,39,39,77,116,708,1,85.8,85.0,84.9,82.0,77.5,82.7,84.7,84.4,79.0,83.5,65.3,65.3,70.0,63.3,45.9,44.0,47.0,1.056,1.015,1.100,40.836,8.096,40.834,49.000,5.462,64.353,6.683,6.367,6.756,6.803,6.835,6.624,6.710,43.154,8.218,57.380,62.964,1996.4,2395.7,4678.1,4678.1,4701.8,71.6,54.4,32.7,71.6,100.0,いいえ,いいえ,いいえ,9.279,3.318,6.0,39.0,85.9,40.0,85.0,1.064,12.197,3.440,3.328,5.040,1.072,1.008,3.440,3.328,1.808,1.024,1.120,1.040,1.792,1.104,0.768,1.824,0.256,2005,いいえ,57.4,43.5,1.095,1.110,1.800,1.800,1.005,5.040,0.875,いいえ,いいえ,いいえ,43.0,1.095,1.110,1.800,1.800,1.005,5.040,0.500,いいえ,いいえ,いいえ,37,37,いいえ,はい,15388,14039,128,128,34,100.0,いいえ,いいえ,3868,2528,9990,38,40,48,100.0,100.0,いいえ,いいえ,7032,7744,0.0,0.1,0.1,0.000,0.014,1392,1009,0.0,0.0,0.0,0.000,0.000,181182,133153,0.0,0.0,0.0,0.000,0.010,66276,77628,65.4,0.720,25.000,600.0,2400.0,1200.0,100.0,0.0,0.0,0.0,0.0,0.0,0.0,0.0,0.0,125,2,16.0,86,いいえ,いいえ,いいえ,40.1,44.0,49.9,84.0,0.865,12.317,12.324,12.276,12.342,12.326,0,0,10.485,4.770,2.692,0.271,7.869,2.826,0.136,8.011,8.166,8.189,220.000,220.000,210.0,50.6,1185.0,210.0,1290.0,210.0,50.5,1413.6,2.0,6.0,1.0,0.0,10.1,0.5,0.8,0.0,1.0,0.0,0,0,はい,いいえ,いいえ,いいえ,いいえ,はい,いいえ,4.9,5.0,0,0,0,0,0,0,0,0,0,0,0,0,0,0,0,0,0,0,0,0,0,0,0,0,0,0,0,0,0,0,11040,1242,965,107,2.5,0.6,0.6,0.6,0.6,0.6,0.6,0.6,0.6,0.6,0.6,0.6,0.6,1550.11,1550.11,1550.11,1550.11,1550.11,1550.11,15.27,1245.90,1550.11,0.00,1100.68,0,0,0.0,0.0,44289,38913,6.2,178.4,0,
19.7.2026,0:52:47.015,20979,12932,61.8,17207,14655,54.0,1.2,2048,25,1.071,1.115,1.075,1.075,1.060,1.040,1.060,4716.5,4816.3,4716.5,4716.5,4691.5,4666.6,4691.5,99.8,4666.8,4681.2,4664.4,4665.9,4665.8,4665.3,4665.9,4666.1,4666.0,4665.8,4665.6,4665.2,4664.7,4666.8,100.0,100.0,100.0,100.0,100.0,100.0,100.0,100.0,100.0,100.0,100.0,100.0,100.0,100.0,100.0,123.0,123.0,123.0,123.0,123.0,123.0,123.0,123.0,123.0,123.0,123.0,123.0,123.0,123.0,47.2,48.2,47.2,47.2,47.0,46.8,47.0,0.0,100.0,100.0,100.0,100.0,100.0,100.0,100.0,0.0,0.0,0.0,0.0,0.0,0.0,0.0,0.0,0.0,0.0,0.0,0.0,0.0,0.0,2395.7,24.00,40,39,39,77,116,708,1,85.9,85.0,84.9,81.9,77.5,82.6,84.6,84.1,79.0,83.4,65.3,65.3,70.8,63.3,45.9,44.0,47.0,1.064,1.015,1.100,40.735,7.991,40.732,51.000,5.489,64.555,6.684,6.397,6.770,6.794,6.777,6.636,6.733,43.367,8.111,57.515,63.139,1996.4,2395.7,4692.1,4692.1,4715.6,71.7,54.3,34.0,71.7,100.0,いいえ,いいえ,いいえ,10.019,3.186,6.0,39.0,85.9,40.0,85.0,1.064,12.197,3.440,3.328,5.040,1.072,1.008,3.440,3.328,1.808,1.024,1.120,1.040,1.792,1.104,0.768,1.824,0.256,2023,いいえ,57.4,43.2,1.095,1.110,1.800,1.800,1.005,5.040,0.875,いいえ,いいえ,いいえ,43.0,1.110,1.110,1.800,1.800,1.005,5.040,0.875,いいえ,いいえ,いいえ,37,37,いいえ,はい,15388,14039,128,128,34,100.0,いいえ,いいえ,3868,2528,9990,38,40,48,100.0,100.0,いいえ,いいえ,7032,7744,0.0,0.0,0.0,0.000,0.000,1392,1009,0.0,0.0,0.0,0.000,0.000,181182,133153,0.0,0.0,0.0,0.000,0.006,66276,77628,65.4,0.720,39.000,600.0,2400.0,1200.0,100.0,0.0,0.0,0.0,0.0,0.0,0.0,0.0,0.0,125,2,16.0,86,いいえ,いいえ,いいえ,40.1,44.0,49.9,84.0,0.865,12.307,12.315,12.266,12.332,12.316,0,0,10.489,4.668,2.374,0.246,7.789,2.491,0.123,7.917,8.118,8.282,220.000,220.000,210.0,50.6,1185.0,210.0,1290.0,210.0,50.5,1413.2,1.0,5.0,0.0,0.0,10.1,0.6,1.0,0.0,1.4,0.0,0,0,はい,いいえ,いいえ,いいえ,いいえ,はい,いいえ,4.7,5.5,0,0,0,0,0,0,0,0,0,0,0,0,0,0,0,0,0,0,0,0,0,0,0,0,0,0,0,0,0,0,11040,1242,965,107,2.5,4.7,15.1,3.0,2.9,2.9,2.9,3.2,3.2,3.2,3.2,3.2,3.2,213.77,338.68,66.18,63.02,340.74,340.74,7.46,79.82,213.66,0.11,16.71,0,0,0.0,0.0,44289,38914,6.2,205.5,0,
19.7.2026,0:52:49.012,20969,12942,61.8,17204,14659,53.9,1.2,2048,25,1.048,1.080,1.050,1.050,1.075,1.010,1.025,4649.9,4691.5,4666.6,4641.6,4716.5,4591.7,4591.7,99.8,4667.6,4682.2,4666.6,4666.4,4666.4,4665.8,4666.2,4666.4,4666.5,4666.4,4666.4,4666.1,4666.2,4667.6,100.0,100.0,100.0,100.0,100.0,100.0,100.0,100.0,100.0,100.0,100.0,100.0,100.0,100.0,100.0,123.0,123.0,123.0,123.0,123.0,123.0,123.0,123.0,123.0,123.0,123.0,123.0,123.0,123.0,46.6,47.0,46.8,46.5,47.2,46.0,46.0,0.0,100.0,100.0,100.0,100.0,100.0,100.0,100.0,0.0,0.0,0.0,0.0,0.0,0.0,0.0,0.0,0.0,0.0,0.0,0.0,0.0,0.0,2395.7,24.00,40,39,39,77,116,708,1,85.9,85.0,85.9,82.0,77.5,82.7,84.6,84.3,79.2,83.5,65.4,65.4,69.8,63.3,45.9,44.0,47.0,1.064,1.015,1.100,40.869,8.096,40.872,49.000,5.479,64.826,6.689,6.374,6.727,6.785,6.812,6.670,6.765,43.523,8.218,57.767,63.388,1996.4,2395.7,4692.2,4692.2,4716.1,72.0,54.5,32.7,72.0,100.0,いいえ,いいえ,いいえ,9.932,2.895,6.0,39.0,85.8,40.0,85.0,1.104,12.197,3.440,3.328,5.040,1.064,1.008,3.440,3.328,1.808,1.024,1.120,1.040,1.792,1.104,0.768,1.824,0.256,2027,いいえ,57.4,43.5,1.095,1.110,1.800,1.800,1.005,5.040,0.625,いいえ,いいえ,いいえ,43.0,1.095,1.110,1.800,1.800,1.005,5.040,0.750,いいえ,いいえ,いいえ,37,37,いいえ,はい,15388,14039,128,128,34,100.0,いいえ,いいえ,3868,2528,9990,38,40,48,100.0,100.0,いいえ,いいえ,7032,7744,0.0,0.0,0.0,0.000,0.004,1392,1009,0.0,0.0,0.0,0.000,0.000,181182,133153,0.0,0.1,0.1,0.000,0.065,66276,77629,65.4,0.720,43.000,600.0,2400.0,1200.0,100.0,0.0,0.0,0.0,0.0,0.0,0.0,0.0,0.0,125,2,16.0,86,いいえ,いいえ,いいえ,40.1,44.0,49.9,84.0,0.865,12.309,12.316,12.268,12.334,12.318,0,0,10.560,4.730,2.550,0.271,7.839,2.689,0.135,7.990,8.175,8.188,220.000,220.000,210.0,50.6,1185.0,210.0,1290.0,210.0,50.5,1413.5,1.0,6.0,0.0,0.0,10.1,0.4,0.7,0.0,1.0,0.0,0,0,はい,いいえ,いいえ,いいえ,いいえ,はい,いいえ,4.8,5.1,0,0,0,0,0,0,0,0,0,0,0,0,0,0,0,0,0,0,0,0,0,0,0,0,0,0,0,0,0,0,11040,1242,965,107,2.5,4.7,15.1,3.0,2.9,2.9,2.9,3.2,3.2,3.2,3.2,3.2,3.2,213.77,338.68,66.18,63.02,340.74,340.74,7.46,79.82,213.66,0.11,16.71,0,0,0.0,0.0,44289,38914,6.4,207.0,0,
19.7.2026,0:52:51.021,20968,12943,61.8,17206,14657,53.9,1.2,2048,25,1.059,1.060,1.075,1.075,1.035,1.035,1.075,4695.7,4716.5,4716.5,4716.5,4641.6,4666.6,4716.5,99.8,4660.7,4675.2,4659.8,4659.7,4659.7,4659.3,4659.8,4659.8,4659.8,4656.0,4660.1,4659.9,4659.9,4660.7,100.0,100.0,100.0,100.0,100.0,100.0,100.0,100.0,100.0,99.9,100.0,100.0,100.0,100.0,100.0,122.9,122.9,122.9,122.9,122.9,122.9,122.9,122.9,122.9,122.8,122.9,122.9,122.9,122.9,47.0,47.2,47.2,47.2,46.5,46.8,47.2,0.0,100.0,100.0,100.0,100.0,100.0,100.0,100.0,0.0,0.0,0.0,0.0,0.0,0.0,0.0,0.0,0.0,0.0,0.0,0.0,0.0,0.0,2395.7,24.00,40,39,39,77,116,708,1,85.9,85.0,85.2,81.9,77.4,82.6,84.6,84.3,78.9,83.4,65.3,65.3,70.8,63.5,45.9,44.0,47.0,1.060,1.015,1.100,40.663,8.152,40.663,50.000,5.456,64.445,6.659,6.347,6.711,6.778,6.802,6.605,6.711,43.136,8.274,57.411,63.015,1996.4,2395.7,4685.1,4685.1,4708.4,71.6,54.2,33.3,71.6,100.0,いいえ,いいえ,いいえ,9.766,2.795,6.0,39.0,85.8,40.0,85.0,1.056,12.197,3.456,3.328,5.040,1.072,1.008,3.440,3.328,1.808,1.024,1.120,1.040,1.792,1.104,0.768,1.824,0.256,2011,いいえ,57.4,43.5,1.095,1.110,1.815,1.800,1.005,5.040,0.750,いいえ,いいえ,いいえ,43.0,1.095,1.110,1.815,1.800,1.005,5.040,1.375,いいえ,いいえ,いいえ,37,37,いいえ,はい,15388,14039,128,128,34,100.0,いいえ,いいえ,3868,2528,9990,39,41,48,100.0,100.0,いいえ,いいえ,7032,7744,0.0,46.5,46.5,0.000,0.006,1392,1009,0.0,0.0,0.0,0.000,0.000,181182,133153,0.0,0.1,0.1,0.008,0.071,66276,77629,65.4,0.720,42.000,600.0,2400.0,1200.0,100.0,0.0,0.0,0.0,0.0,0.0,0.0,0.0,0.0,125,2,16.0,86,いいえ,いいえ,いいえ,40.1,46.0,49.9,84.0,0.865,12.313,12.320,12.272,12.337,12.321,0,0,10.660,4.811,2.851,0.296,7.866,2.998,0.148,8.026,8.113,8.187,220.000,220.000,210.0,50.6,1185.0,210.0,1290.0,210.0,50.5,1413.5,1.0,6.0,0.0,0.0,10.1,0.5,0.8,0.0,1.1,0.0,0,0,はい,いいえ,いいえ,いいえ,いいえ,はい,いいえ,4.9,5.1,0,0,0,0,0,0,0,0,0,0,0,0,0,0,0,0,0,0,0,0,0,0,0,0,0,0,0,0,0,0,11040,1242,965,107,2.5,4.7,15.1,3.0,2.9,2.9,2.9,3.2,3.2,3.2,3.2,3.2,3.2,213.77,338.68,66.18,63.02,340.74,340.74,7.46,79.82,213.66,0.11,16.71,0,0,0.0,0.0,44289,38914,5.9,154.5,0,
19.7.2026,0:52:53.023,20972,12939,61.8,17205,14658,53.9,1.2,2048,25,1.057,1.060,1.075,1.060,1.060,1.025,1.060,4691.5,4716.5,4716.5,4691.5,4691.5,4641.6,4691.5,99.8,4652.0,4666.2,4650.8,4650.8,4650.9,4650.3,4650.9,4651.0,4650.9,4650.7,4650.6,4650.4,4650.4,4652.0,100.0,100.0,100.0,100.0,100.0,100.0,100.0,100.0,100.0,100.0,100.0,100.0,100.0,100.0,100.0,122.6,122.6,122.6,122.6,122.6,122.6,122.6,122.6,122.6,122.6,122.6,122.6,122.6,122.6,47.0,47.2,47.2,47.0,47.0,46.5,47.0,0.0,100.0,100.0,100.0,100.0,100.0,100.0,100.0,0.0,0.0,0.0,0.0,0.0,0.0,0.0,0.0,0.0,0.0,0.0,0.0,0.0,0.0,2395.7,24.00,40,39,39,77,116,708,1,85.8,85.0,85.4,81.9,77.4,82.7,84.7,84.4,79.0,83.5,65.3,65.3,70.8,63.5,45.9,44.0,47.0,1.055,1.015,1.100,40.674,8.170,40.678,49.000,5.430,64.255,6.654,6.329,6.709,6.791,6.822,6.572,6.702,42.945,8.293,57.211,62.818,1996.4,2395.7,4676.7,4676.7,4699.6,71.4,54.2,32.7,71.4,100.0,いいえ,いいえ,いいえ,9.716,2.962,6.0,39.0,85.8,40.0,85.0,1.064,12.197,3.456,3.328,5.040,1.072,1.008,3.440,3.328,1.808,1.024,1.120,1.032,1.792,1.104,0.768,1.824,0.256,2014,いいえ,57.4,43.5,1.095,1.110,1.815,1.800,1.005,5.040,1.375,いいえ,いいえ,いいえ,43.0,1.095,1.110,1.815,1.800,1.005,5.040,0.625,いいえ,いいえ,いいえ,37,37,いいえ,はい,15388,14039,128,128,34,100.0,いいえ,いいえ,3868,2528,9990,38,40,48,100.0,100.0,いいえ,いいえ,7032,7744,0.0,0.0,0.0,0.000,0.006,1392,1009,0.0,0.0,0.0,0.000,0.000,181182,133153,0.0,0.1,0.1,0.000,0.008,66276,77629,65.4,0.720,46.000,600.0,2400.0,1200.0,100.0,0.0,0.0,0.0,0.0,0.0,0.0,0.0,0.0,125,2,16.0,86,いいえ,いいえ,いいえ,40.1,44.0,49.9,84.0,0.865,12.317,12.324,12.275,12.341,12.325,0,0,10.436,4.677,2.389,0.246,7.856,2.505,0.123,7.976,8.151,8.170,220.000,220.000,210.0,50.6,1185.0,210.0,1290.0,210.0,50.5,1412.8,1.0,5.0,0.0,0.0,10.1,0.5,0.8,0.0,1.0,0.0,0,0,はい,いいえ,いいえ,いいえ,いいえ,はい,いいえ,4.7,5.2,0,0,0,0,0,0,0,0,0,0,0,0,0,0,0,0,0,0,0,0,0,0,0,0,0,0,0,0,0,0,11040,1242,965,107,2.5,0.5,0.5,0.5,0.5,0.5,0.5,0.5,0.5,0.5,0.5,0.5,0.5,2032.98,2032.98,2032.98,2032.98,2032.98,2032.98,5.81,126.14,2032.98,0.00,33.13,0,0,0.0,0.0,44289,38915,5.9,162.1,0,
19.7.2026,0:52:55.021,20972,12939,61.8,17212,14651,54.0,1.2,2048,25,1.067,1.010,1.045,1.090,1.090,1.090,1.075,4699.9,4591.7,4666.6,4741.4,4741.4,4716.5,4741.4,99.8,4638.1,4652.6,4637.0,4636.9,4636.6,4636.3,4636.7,4637.0,4636.8,4637.1,4637.2,4636.0,4637.0,4638.1,100.0,100.0,100.0,100.0,100.0,100.0,100.0,100.0,100.0,100.0,100.0,100.0,100.0,100.0,100.0,122.3,122.2,122.3,122.3,122.3,122.3,122.3,122.3,122.3,122.3,122.3,122.2,122.3,122.3,47.1,46.0,46.8,47.5,47.5,47.2,47.5,0.0,100.0,100.0,100.0,100.0,100.0,100.0,100.0,0.0,0.0,0.0,0.0,0.0,0.0,0.0,0.0,0.0,0.0,0.0,0.0,0.0,0.0,2395.7,24.00,40,39,39,77,116,708,1,85.8,85.0,84.4,82.1,77.7,82.8,84.7,84.3,79.2,83.6,65.3,65.3,69.5,63.2,45.9,44.0,47.0,1.048,1.015,1.100,41.031,7.954,41.035,47.500,5.454,64.083,6.689,6.391,6.765,6.805,6.798,6.654,6.724,43.035,8.073,57.107,62.649,1996.4,2395.7,4662.7,4662.7,4685.9,71.2,54.7,31.7,71.2,100.0,いいえ,いいえ,いいえ,8.385,2.971,6.0,39.0,85.8,40.0,85.0,1.096,12.144,3.440,3.328,5.040,1.064,1.008,3.440,3.328,1.808,1.024,1.120,1.040,1.792,1.104,0.768,1.824,0.256,2020,いいえ,57.4,43.2,1.095,1.110,1.815,1.800,1.005,5.040,0.875,いいえ,いいえ,いいえ,43.0,1.095,1.110,1.815,1.800,0.990,5.040,0.875,いいえ,いいえ,いいえ,37,37,いいえ,はい,15388,14039,128,128,34,100.0,いいえ,いいえ,3868,2528,9990,38,40,48,100.0,100.0,いいえ,いいえ,7032,7744,0.0,0.1,0.1,0.000,0.006,1392,1009,0.0,0.0,0.0,0.000,0.000,181182,133153,0.0,0.1,0.1,0.000,0.047,66276,77629,65.4,0.720,44.000,600.0,2400.0,1200.0,100.0,0.0,0.0,0.0,0.0,0.0,0.0,0.0,0.0,125,2,16.0,86,いいえ,いいえ,いいえ,40.1,46.0,49.9,84.0,0.865,12.315,12.322,12.275,12.339,12.323,0,0,10.650,4.898,2.977,0.320,7.868,3.134,0.160,8.025,8.359,8.341,220.000,220.000,210.0,50.6,1185.0,210.0,1290.0,210.0,50.5,1413.4,2.0,5.0,1.0,0.0,10.1,0.7,1.0,0.0,1.7,0.0,0,0,はい,いいえ,いいえ,いいえ,いいえ,はい,いいえ,4.9,5.2,0,0,0,0,0,0,0,0,0,0,0,0,0,0,0,0,0,0,0,0,0,0,0,0,0,0,0,0,0,0,11040,1242,965,107,2.5,12.6,17.6,8.5,8.5,8.4,8.4,1.2,1.2,1.2,1.2,1.2,1.2,79.34,117.27,56.77,56.65,118.38,118.38,0.94,0.01,79.24,0.10,9.19,0,0,0.0,0.0,44289,38915,5.9,261.8,0,
19.7.2026,0:52:57.012,20981,12929,61.8,17215,14648,54.0,1.2,2048,25,1.084,1.060,1.115,1.090,1.105,1.060,1.075,4724.8,4691.5,4766.4,4741.4,4741.4,4691.5,4716.5,99.8,4658.0,4688.1,4672.3,4664.2,4644.9,4658.6,4671.6,4641.7,4671.8,4646.4,4633.2,4646.0,4657.1,4658.0,99.6,99.2,100.0,99.8,99.4,99.7,100.0,99.3,100.0,99.4,99.2,99.4,99.7,100.0,99.6,122.7,122.2,123.2,123.0,122.5,122.8,123.2,122.4,123.2,122.5,122.1,122.5,122.8,122.7,47.3,47.0,47.8,47.5,47.5,47.0,47.2,0.0,99.9,100.0,100.0,100.0,100.0,99.5,100.0,0.1,0.0,0.0,0.0,0.0,0.5,0.0,0.0,0.0,0.0,0.0,0.0,0.0,0.0,2395.7,24.00,40,39,39,77,116,708,1,85.9,85.0,84.8,82.1,77.5,82.8,84.8,84.5,79.0,83.7,65.3,65.3,69.5,63.2,45.9,44.0,47.0,1.068,1.015,1.100,40.855,7.977,40.858,56.000,5.472,64.756,6.763,6.444,6.826,6.868,6.940,6.669,6.832,43.671,8.097,57.787,63.338,1996.4,2395.7,4698.7,4698.7,4722.9,72.0,54.5,37.3,72.0,100.0,いいえ,いいえ,いいえ,8.790,2.803,6.0,39.0,85.9,40.0,85.0,1.088,12.144,3.440,3.328,5.040,1.072,1.008,3.440,3.328,1.808,1.024,1.120,1.040,1.792,1.104,0.768,1.824,0.256,2023,いいえ,57.4,43.2,1.095,1.110,1.815,1.800,1.005,4.970,1.750,いいえ,いいえ,いいえ,43.0,1.095,1.110,1.815,1.800,1.005,5.040,1.250,いいえ,いいえ,いいえ,37,37,いいえ,はい,15388,14039,128,128,34,100.0,いいえ,いいえ,3868,2528,9990,38,40,48,100.0,100.0,いいえ,いいえ,7032,7744,0.0,0.0,0.0,0.000,0.002,1392,1009,0.0,0.0,0.0,0.000,0.000,181182,133153,0.0,0.0,0.0,0.000,0.004,66276,77629,65.4,0.720,47.000,600.0,2400.0,1200.0,100.0,0.0,0.0,0.0,0.0,0.0,0.0,0.0,0.0,125,2,16.0,86,いいえ,いいえ,いいえ,40.1,44.0,49.9,84.0,0.865,12.309,12.316,12.267,12.334,12.317,0,0,10.755,4.690,2.507,0.222,7.790,2.615,0.111,7.907,8.193,8.173,220.000,220.000,210.0,50.6,1185.0,210.0,1290.0,210.1,50.5,1414.2,2.0,5.0,1.0,0.0,10.1,0.7,1.0,0.0,1.8,0.0,0,0,はい,いいえ,いいえ,いいえ,いいえ,はい,いいえ,4.8,5.2,0,0,0,0,0,0,0,0,0,0,0,0,0,0,0,0,0,0,0,0,0,0,0,0,0,0,0,0,0,0,11040,1242,965,107,2.5,8.6,15.8,5.9,5.9,5.9,5.9,1.7,4.8,1.0,1.0,1.0,1.0,115.73,168.26,63.20,62.23,169.34,169.34,2.80,38.31,115.63,0.10,79.72,0,0,0.0,0.0,44289,38916,7.1,251.5,0,
19.7.2026,0:52:59.010,17761,16150,52.3,14206,17657,44.5,1.2,2048,25,1.055,1.050,1.035,1.055,1.095,1.060,1.035,4683.2,4666.6,4641.6,4691.5,4766.4,4666.6,4666.6,99.8,4077.7,4167.3,4068.3,4078.2,4233.2,4141.6,4213.0,4038.4,4019.6,3995.4,3987.6,3992.0,3998.0,4077.7,87.3,87.8,87.3,87.4,90.6,88.7,90.1,86.7,86.2,85.8,85.7,85.7,85.9,90.6,87.3,107.3,107.9,107.2,107.4,111.6,109.1,111.1,106.4,105.9,105.4,105.2,105.3,105.4,107.3,46.9,46.8,46.5,47.0,47.8,46.8,46.8,0.0,89.0,89.3,92.2,93.2,87.4,85.9,86.1,7.1,7.7,7.8,6.8,10.0,4.4,6.1,3.8,3.0,0.0,0.0,2.6,9.6,7.8,2395.7,24.00,40,39,39,77,116,708,1,85.5,83.7,85.4,80.0,75.8,81.4,83.1,81.9,76.6,81.0,64.9,64.9,70.0,62.9,45.9,44.0,47.0,1.081,1.015,1.100,37.601,7.782,37.593,58.000,5.461,60.874,6.241,5.989,6.566,6.603,6.283,5.915,6.093,40.297,7.899,54.202,59.525,1996.4,2395.7,4726.3,4726.3,4758.7,67.6,50.1,38.7,67.6,98.5,いいえ,いいえ,いいえ,4.527,3.246,5.3,39.0,85.5,40.0,85.0,1.112,12.197,3.440,3.328,5.040,1.072,1.008,3.440,3.328,1.808,1.024,1.120,1.040,1.792,1.104,0.768,1.824,0.256,2014,いいえ,57.4,43.2,1.110,1.110,1.815,1.800,1.005,4.970,1.000,いいえ,いいえ,いいえ,43.0,1.110,1.110,1.815,1.800,1.005,4.970,0.375,いいえ,いいえ,いいえ,37,37,いいえ,はい,15388,14039,128,128,34,100.0,いいえ,いいえ,3868,2528,9990,38,40,48,100.0,100.0,いいえ,いいえ,7032,7744,0.0,0.1,0.1,0.000,0.008,1392,1009,0.0,0.0,0.0,0.000,0.000,181182,133153,0.0,0.1,0.1,0.000,0.014,66276,77629,65.3,0.720,11.000,600.0,2400.0,1200.0,100.0,0.0,0.0,0.0,0.0,0.0,0.0,0.0,0.0,125,2,16.0,86,いいえ,いいえ,いいえ,40.1,44.0,49.8,84.0,0.865,12.320,12.328,12.279,12.343,12.328,0,0,10.317,5.197,3.309,0.395,7.883,3.505,0.197,8.097,8.686,9.505,220.000,220.000,210.0,50.6,1185.0,210.0,1290.0,210.0,50.5,1414.5,5.0,8.0,2.0,1.0,10.1,0.7,1.1,0.0,1.5,0.0,0,0,はい,いいえ,いいえ,いいえ,いいえ,はい,いいえ,5.2,5.8,0,0,0,0,0,0,0,0,0,0,0,0,0,0,0,0,0,0,0,0,0,0,0,0,0,0,0,0,0,0,11037,1245,967,108,2.5,4.8,15.3,2.9,2.8,2.8,2.8,2.3,2.3,2.3,2.3,2.3,2.3,207.17,349.03,65.30,62.69,351.93,351.93,2.98,37.72,207.08,0.08,18.96,0,0,0.0,0.0,44289,38916,6.2,211.0,0,
19.7.2026,0:53:1.035,16540,17371,48.7,13030,18833,40.8,1.2,2048,25,1.183,1.175,1.185,1.185,1.185,1.185,1.185,4666.6,3294.1,4941.1,4941.1,4941.1,4941.1,4941.1,99.8,2255.0,2295.7,2228.7,2546.6,2277.7,2361.6,2474.3,2194.6,2176.1,2127.6,2122.8,2128.7,2126.0,2255.0,48.7,48.2,48.0,54.0,49.1,50.6,53.0,47.5,47.3,46.6,46.5,46.6,46.6,54.0,48.7,59.7,58.9,58.7,66.9,60.2,62.3,65.4,58.1,57.9,56.9,56.8,57.0,56.9,59.7,46.8,33.0,49.5,49.5,49.5,49.5,49.5,0.0,51.2,50.1,57.0,57.3,48.8,46.8,47.0,21.5,17.2,43.0,42.7,16.7,3.9,5.7,27.3,32.8,0.0,0.0,34.5,49.3,47.3,2395.7,24.00,40,39,39,77,116,708,1,83.4,77.7,66.4,71.3,68.8,73.4,74.0,71.9,68.5,71.1,63.3,63.3,68.2,62.0,45.9,44.0,47.0,1.121,1.015,1.100,25.253,7.530,25.318,50.500,5.397,47.378,3.837,3.524,4.624,4.646,3.655,3.225,3.346,27.383,7.643,40.963,46.050,1996.4,2395.7,4812.5,4812.5,4919.1,52.3,33.8,33.7,52.3,91.4,いいえ,いいえ,いいえ,0.373,0.766,3.1,39.0,81.5,40.0,81.0,1.016,12.197,3.456,3.328,5.040,1.064,1.016,3.440,3.328,1.808,1.024,1.120,1.040,1.792,1.096,0.768,1.824,0.248,2036,いいえ,57.4,43.2,1.110,1.110,1.815,1.800,1.005,4.970,0.250,いいえ,いいえ,いいえ,42.8,1.110,1.110,1.815,1.800,1.005,4.970,0.250,いいえ,いいえ,いいえ,37,37,いいえ,はい,15388,14039,128,128,34,100.0,いいえ,いいえ,3868,2528,9990,38,40,48,100.0,100.0,いいえ,いいえ,7032,7744,0.0,0.1,0.1,0.000,0.006,1392,1009,0.0,0.0,0.0,0.000,0.000,181182,133153,0.0,0.0,0.0,0.000,0.008,66276,77629,65.0,0.720,6.000,600.0,2400.0,1200.0,100.0,0.0,0.0,0.0,0.0,0.0,0.0,0.0,0.0,125,2,16.0,86,いいえ,いいえ,いいえ,40.1,44.0,49.9,84.0,0.865,12.321,12.330,12.281,12.345,12.329,0,0,10.516,4.645,2.282,0.247,7.835,2.407,0.123,7.970,8.112,8.180,220.000,220.000,210.0,50.6,1185.0,210.0,1290.0,210.0,50.5,1414.9,1.0,6.0,0.0,0.0,10.1,0.6,0.8,0.0,1.6,0.0,0,0,はい,いいえ,いいえ,いいえ,いいえ,はい,いいえ,4.7,5.0,0,0,0,0,0,0,0,0,0,0,0,0,0,0,0,0,0,0,0,0,0,0,0,0,0,0,0,0,0,0,11037,1245,967,108,2.5,5.0,49.7,2.6,2.6,2.6,2.6,5.0,49.3,2.6,2.6,2.6,2.6,200.01,379.92,20.10,16.80,383.59,383.59,5.90,193.41,200.01,0.00,183.51,0,0,0.0,0.0,44289,38916,6.5,209.5,0,
19.7.2026,0:53:3.028,16456,17455,48.5,12996,18867,40.7,1.2,2048,25,1.038,1.035,1.035,1.035,1.040,1.040,1.040,3649.0,3127.7,4691.5,4691.5,3127.7,3127.7,3127.7,99.8,109.9,59.0,37.3,322.6,191.7,282.6,241.6,61.7,59.7,12.2,15.6,15.7,19.5,109.9,1.7,1.7,0.0,5.5,3.3,4.8,4.2,0.6,0.6,0.0,0.0,0.0,0.0,5.5,1.7,2.7,2.4,0.8,7.7,4.8,6.8,6.0,1.3,1.3,0.2,0.3,0.3,0.4,2.7,36.6,31.3,47.0,47.0,31.3,31.3,31.3,0.0,4.6,3.1,10.3,10.3,2.6,0.6,0.8,37.6,19.3,89.7,89.7,20.1,3.0,3.6,57.8,77.5,0.0,0.0,77.3,96.4,95.6,2395.7,24.00,40,39,39,77,116,708,1,79.2,67.7,61.1,57.1,57.2,58.6,57.9,56.5,56.2,56.2,59.0,59.0,66.2,61.3,45.4,44.0,47.0,1.049,1.015,1.100,7.273,7.440,7.277,22.500,5.321,26.705,0.485,0.231,1.166,1.143,0.240,0.058,0.070,7.688,7.551,21.092,26.087,1996.4,2395.7,4690.3,4690.3,4747.9,29.6,9.7,15.0,29.6,79.6,いいえ,いいえ,いいえ,0.185,0.063,0.3,39.0,77.1,40.0,77.0,1.048,12.197,3.456,3.328,5.040,1.072,1.016,3.440,3.328,1.808,1.024,1.120,1.040,1.792,1.096,0.768,1.824,0.256,2014,いいえ,57.4,43.0,1.110,1.110,1.800,1.800,1.005,4.970,0.500,いいえ,いいえ,いいえ,42.8,1.110,1.110,1.800,1.800,1.005,4.970,0.250,いいえ,いいえ,いいえ,37,37,いいえ,はい,15388,14039,128,128,34,100.0,いいえ,いいえ,3868,2528,9990,38,40,48,100.0,100.0,いいえ,いいえ,7032,7744,0.0,0.0,0.0,0.000,0.006,1392,1009,0.0,0.0,0.0,0.000,0.000,181182,133153,0.0,0.0,0.0,0.000,0.006,66276,77629,63.8,0.720,9.000,600.0,2400.0,1200.0,100.0,0.0,0.0,0.0,0.0,0.0,0.0,0.0,0.0,125,2,16.0,86,いいえ,いいえ,いいえ,40.1,44.0,49.9,84.0,0.865,12.325,12.334,12.285,12.348,12.333,0,0,10.659,4.698,2.424,0.271,7.863,2.556,0.136,8.006,8.145,8.180,220.000,220.000,210.0,50.6,1185.0,210.0,1290.0,210.0,50.5,1413.4,2.0,6.0,1.0,0.0,10.1,0.4,0.6,0.0,1.1,0.0,0,0,はい,いいえ,いいえ,いいえ,いいえ,はい,いいえ,4.7,5.5,0,0,0,0,0,0,0,0,0,0,0,0,0,0,0,0,0,0,0,0,0,0,0,0,0,0,0,0,0,0,11037,1245,967,108,2.5,5.0,49.7,2.6,2.6,2.6,2.6,5.0,49.3,2.6,2.6,2.6,2.6,200.01,379.92,20.10,16.80,383.59,383.59,5.90,193.41,200.01,0.00,183.51,0,0,0.0,0.0,44289,38917,6.2,175.6,0,
19.7.2026,0:53:5.023,16460,17451,48.5,12995,18868,40.7,1.2,2048,25,1.037,1.045,1.035,1.035,1.035,1.035,1.035,3649.0,3127.7,3127.7,4691.5,4691.5,3127.7,3127.7,99.8,121.9,58.1,30.7,417.0,209.7,290.6,220.6,69.4,72.9,32.9,25.3,17.9,17.6,121.9,2.8,2.3,1.6,8.2,4.4,5.7,4.5,1.4,1.6,0.9,1.5,0.6,1.3,8.2,2.8,3.0,2.4,0.6,10.2,5.2,7.0,5.4,1.5,1.7,0.8,0.5,0.4,0.3,3.0,36.6,31.3,31.3,47.0,47.0,31.3,31.3,0.0,5.1,3.0,12.3,10.2,3.0,1.2,0.8,39.0,22.4,87.7,89.8,24.6,5.9,3.9,55.9,74.6,0.0,0.0,72.5,92.9,95.3,2395.7,24.00,40,39,39,77,116,708,1,76.0,66.8,60.6,55.9,56.0,57.5,56.7,55.3,55.0,55.0,57.8,57.8,66.8,61.1,45.0,44.0,47.0,1.038,1.015,1.100,7.129,7.457,7.128,24.000,5.310,26.405,0.492,0.242,1.169,1.109,0.270,0.098,0.062,7.431,7.569,20.841,25.831,1996.4,2395.7,4668.6,4668.6,4717.7,29.4,9.5,16.0,29.4,78.6,いいえ,いいえ,いいえ,0.238,0.053,0.3,39.0,74.0,40.0,74.0,1.024,12.197,3.456,3.328,5.040,1.064,1.024,3.440,3.328,1.808,1.024,1.120,1.040,1.792,1.096,0.768,1.824,0.256,2036,いいえ,57.4,43.0,1.110,1.110,1.800,1.800,1.005,4.970,0.250,いいえ,いいえ,いいえ,42.8,1.110,1.110,1.800,1.815,1.005,4.970,0.250,いいえ,いいえ,いいえ,37,37,いいえ,はい,15388,14039,128,128,34,100.0,いいえ,いいえ,3868,2528,9990,39,41,48,100.0,100.0,いいえ,いいえ,7032,7744,0.0,0.0,0.0,0.000,0.000,1392,1009,0.0,0.0,0.0,0.000,0.000,181182,133153,0.0,0.0,0.0,0.008,0.132,66276,77629,63.1,0.720,9.000,600.0,2400.0,1200.0,100.0,0.0,0.0,0.0,0.0,0.0,0.0,0.0,0.0,125,2,16.0,86,いいえ,いいえ,いいえ,40.1,44.0,49.9,84.0,0.865,12.320,12.329,12.280,12.343,12.327,0,0,10.522,4.646,2.269,0.247,7.822,2.395,0.123,7.963,8.171,8.182,220.000,220.000,210.0,50.6,1185.0,210.0,1290.0,209.9,50.5,1414.1,2.0,6.0,1.0,0.0,10.1,0.5,0.6,0.0,1.3,0.0,0,0,はい,いいえ,いいえ,いいえ,いいえ,はい,いいえ,4.7,5.0,0,0,0,0,0,0,0,0,0,0,0,0,0,0,0,0,0,0,0,0,0,0,0,0,0,0,0,0,0,0,11037,1245,967,108,2.5,1.0,9.6,0.5,0.5,0.5,0.5,0.5,0.5,0.5,0.5,0.5,0.5,1035.26,1965.90,104.62,87.52,1984.89,1984.89,6.86,84.65,1035.20,0.05,79.10,0,0,0.0,0.0,44289,38917,140.9,181.6,0,
19.7.2026,0:53:7.034,16455,17456,48.5,12995,18868,40.7,1.2,2048,25,1.046,1.050,1.045,1.045,1.045,1.045,1.045,4430.9,4691.5,4691.5,4691.5,4691.5,3127.7,4691.5,99.8,104.8,58.1,30.3,296.3,137.2,361.6,185.8,62.3,47.5,12.8,17.7,16.0,31.6,104.8,1.8,2.1,0.5,5.7,2.7,6.4,3.6,0.2,0.0,0.0,0.0,0.0,0.0,6.4,1.8,2.6,2.4,0.6,7.3,3.3,8.5,4.7,1.4,1.0,0.3,0.4,0.3,0.7,2.6,44.4,47.0,47.0,47.0,47.0,31.3,47.0,0.0,4.4,3.1,8.6,10.8,2.3,0.6,1.0,37.3,21.7,91.4,89.2,16.6,1.9,2.9,58.3,75.2,0.0,0.0,81.2,97.5,96.1,2395.7,24.00,40,39,39,77,116,708,1,73.5,66.3,59.6,55.1,55.2,56.5,55.9,54.6,54.1,54.4,57.0,57.0,65.5,60.2,45.0,44.0,46.8,1.039,1.015,1.100,6.763,7.408,6.765,22.000,5.329,26.008,0.441,0.227,1.020,1.103,0.189,0.047,0.060,7.050,7.519,20.430,25.420,1996.4,2395.7,4673.5,4673.5,4717.7,28.9,9.0,14.7,28.9,78.0,いいえ,いいえ,いいえ,0.164,0.036,0.3,39.0,72.6,40.0,72.0,1.048,12.197,3.440,3.328,5.040,1.064,1.024,3.440,3.328,1.808,1.024,1.120,1.040,1.792,1.096,0.768,1.824,0.256,2030,いいえ,57.4,43.0,1.110,1.110,1.800,1.800,0.990,4.970,0.250,いいえ,いいえ,いいえ,42.5,1.110,1.110,1.800,1.800,1.005,4.970,0.250,いいえ,いいえ,いいえ,37,37,いいえ,はい,15388,14039,128,128,34,100.0,いいえ,いいえ,3868,2528,9990,38,40,48,100.0,100.0,いいえ,いいえ,7032,7744,0.0,0.1,0.1,0.000,0.010,1392,1009,0.0,0.0,0.0,0.000,0.000,181182,133153,0.0,0.1,0.1,0.000,0.075,66276,77629,62.5,0.720,11.000,600.0,2400.0,1200.0,100.0,0.0,0.0,0.0,0.0,0.0,0.0,0.0,0.0,125,2,16.0,86,いいえ,いいえ,いいえ,40.1,44.0,50.0,84.0,0.865,12.324,12.333,12.284,12.348,12.332,0,0,10.348,4.647,2.276,0.247,7.862,2.395,0.123,7.989,8.090,8.192,220.000,220.000,210.0,50.6,1185.0,210.0,1290.0,210.0,50.5,1412.8,1.0,6.0,0.0,0.0,10.1,0.4,0.6,0.0,1.2,0.0,0,0,はい,いいえ,いいえ,いいえ,いいえ,はい,いいえ,4.7,5.4,0,0,0,0,0,0,0,0,0,0,0,0,0,0,0,0,0,0,0,0,0,0,0,0,0,0,0,0,0,0,11037,1245,967,108,2.5,0.5,0.5,0.5,0.5,0.5,0.5,0.5,0.5,0.5,0.5,0.5,0.5,1999.64,1999.64,1999.64,1999.64,1999.64,1999.64,23.92,1409.77,1999.64,0.00,1982.56,0,0,0.0,0.0,44289,38918,6.3,279.4,0,
19.7.2026,0:53:9.027,16458,17453,48.5,12995,18868,40.7,1.2,2048,25,1.051,1.055,1.050,1.050,1.050,1.050,1.050,4170.3,4691.5,4691.5,4691.5,4691.5,3127.7,3127.7,99.8,106.8,48.0,27.9,378.1,148.7,306.0,218.0,49.5,47.0,12.9,14.5,13.5,17.2,106.8,1.8,1.3,0.0,7.0,2.5,5.0,3.9,1.1,1.1,0.0,0.0,0.0,0.0,7.0,1.8,2.6,2.1,0.6,9.4,3.7,7.1,5.5,1.0,1.0,0.3,0.3,0.3,0.3,2.6,41.8,47.0,47.0,47.0,47.0,31.3,31.3,0.0,4.5,2.7,10.6,10.3,2.0,0.6,0.7,36.9,22.1,89.4,89.7,14.8,2.3,2.8,58.7,75.2,0.0,0.0,83.1,97.1,96.5,2395.7,24.00,40,39,39,77,116,708,1,71.5,65.9,58.6,54.5,54.5,56.0,55.3,53.9,53.6,53.8,56.3,56.3,66.0,60.0,45.0,44.0,46.2,1.037,1.015,1.100,6.734,7.375,6.732,20.500,5.318,25.910,0.436,0.217,1.043,1.091,0.166,0.049,0.053,7.011,7.486,20.347,25.333,1996.4,2395.7,4671.2,4671.2,4717.7,28.8,9.0,13.7,28.8,77.5,いいえ,いいえ,いいえ,0.174,0.038,0.3,39.0,70.8,40.0,70.0,1.048,12.197,3.440,3.328,5.040,1.064,1.024,3.440,3.328,1.808,1.024,1.120,1.040,1.792,1.096,0.768,1.824,0.256,2014,いいえ,57.4,42.8,1.110,1.110,1.800,1.800,0.990,5.040,0.250,いいえ,いいえ,いいえ,42.5,1.110,1.110,1.800,1.800,0.990,5.040,0.250,いいえ,いいえ,いいえ,37,37,いいえ,はい,15388,14039,128,128,34,100.0,いいえ,いいえ,3868,2528,9990,39,41,48,100.0,100.0,いいえ,いいえ,7032,7744,0.0,0.0,0.0,0.000,0.000,1392,1009,0.0,0.0,0.0,0.000,0.000,181182,133153,0.0,0.0,0.0,0.000,0.081,66276,77629,62.0,0.720,11.000,600.0,2400.0,1200.0,100.0,0.0,0.0,0.0,0.0,0.0,0.0,0.0,0.0,125,2,16.0,86,いいえ,いいえ,いいえ,40.1,44.0,49.9,84.0,0.865,12.323,12.332,12.283,12.347,12.330,0,0,10.184,4.657,2.335,0.247,7.812,2.457,0.123,7.936,8.085,8.257,220.000,220.000,210.0,50.6,1185.0,210.0,1290.0,210.0,50.5,1413.2,2.0,6.0,1.0,0.0,10.1,0.3,0.6,0.0,0.7,0.0,0,0,はい,いいえ,いいえ,いいえ,いいえ,はい,いいえ,4.7,5.0,0,0,0,0,0,0,0,0,0,0,0,0,0,0,0,0,0,0,0,0,0,0,0,0,0,0,0,0,0,0,11037,1245,967,108,2.5,0.5,0.5,0.5,0.5,0.5,0.5,0.5,0.5,0.5,0.5,0.5,0.5,2016.54,2016.54,2016.54,2016.54,2016.54,2016.54,21.72,1994.07,2016.54,0.00,1999.80,0,0,0.0,0.0,44289,38918,5.8,119.7,0,
19.7.2026,0:53:11.035,16454,17457,48.5,12995,18868,40.7,1.2,2048,25,1.045,1.045,1.045,1.045,1.045,1.045,1.045,3909.6,3127.7,4691.5,4691.5,4691.5,3127.7,3127.7,99.8,102.9,37.9,26.9,371.3,181.5,248.3,181.2,52.2,53.8,13.9,16.8,30.4,19.9,102.9,3.2,2.0,0.6,7.2,3.4,4.7,3.8,1.0,1.1,4.2,2.7,3.0,4.3,7.2,3.2,2.5,2.1,0.6,9.1,4.3,5.9,4.5,1.1,1.2,0.3,0.3,0.7,0.4,2.5,39.2,31.3,47.0,47.0,47.0,31.3,31.3,0.0,4.3,2.7,10.7,8.7,2.3,0.6,1.1,35.5,14.0,89.3,91.3,13.5,2.2,2.5,60.2,83.3,0.0,0.0,84.2,97.2,96.4,2395.7,24.00,40,39,39,77,116,708,1,69.9,65.5,58.6,53.9,53.9,55.4,54.5,53.4,53.1,53.2,55.8,55.8,65.2,59.4,45.0,44.0,46.0,1.036,1.015,1.100,6.474,7.344,6.473,21.500,5.276,25.533,0.413,0.155,1.088,0.978,0.154,0.048,0.055,6.735,7.454,19.993,24.978,1996.4,2395.7,4665.9,4665.9,4717.7,28.4,8.6,14.3,28.4,77.1,いいえ,いいえ,いいえ,0.157,0.038,0.3,39.0,69.5,40.0,69.0,1.048,12.197,3.440,3.328,5.040,1.064,1.024,3.440,3.328,1.808,1.024,1.120,1.040,1.792,1.096,0.768,1.824,0.256,1934,いいえ,57.4,42.8,1.110,1.110,1.800,1.800,0.990,5.040,0.250,いいえ,いいえ,いいえ,42.5,1.110,1.110,1.800,1.800,0.990,5.040,0.250,いいえ,いいえ,いいえ,37,37,いいえ,はい,15388,14039,128,128,34,100.0,いいえ,いいえ,3868,2528,9990,38,40,48,100.0,100.0,いいえ,いいえ,7032,7744,0.0,0.1,0.1,0.000,0.010,1392,1009,0.0,0.0,0.0,0.000,0.000,181182,133153,0.0,0.0,0.0,0.000,0.028,66276,77629,61.6,0.720,6.000,600.0,2400.0,1200.0,100.0,0.0,0.0,0.0,0.0,0.0,0.0,0.0,0.0,125,2,16.0,86,いいえ,いいえ,いいえ,40.1,44.0,49.8,84.0,0.865,12.317,12.326,12.277,12.342,12.325,0,0,10.180,4.598,2.194,0.222,7.783,2.308,0.111,7.903,8.084,8.180,220.000,220.000,210.0,50.6,1185.0,210.0,1290.0,210.1,50.5,1413.4,4.0,6.0,2.0,0.0,10.1,0.5,0.7,0.0,1.3,0.0,0,0,はい,いいえ,いいえ,いいえ,いいえ,はい,いいえ,4.6,5.8,0,0,0,0,0,0,0,0,0,0,0,0,0,0,0,0,0,0,0,0,0,0,0,0,0,0,0,0,0,0,11037,1245,967,108,2.5,0.5,0.5,0.5,0.5,0.5,0.5,0.5,0.5,0.5,0.5,0.5,0.5,2016.54,2016.54,2016.54,2016.54,2016.54,2016.54,21.72,1994.07,2016.54,0.00,1999.80,0,0,0.0,0.0,44289,38918,5.4,140.0,0,
19.7.2026,0:53:13.030,16461,17450,48.5,12995,18868,40.7,1.2,2048,25,1.055,1.055,1.055,1.055,1.055,1.055,1.055,3909.6,3127.7,4691.5,4691.5,4691.5,3127.7,3127.7,99.8,112.3,73.6,43.7,283.9,246.0,329.7,183.7,66.5,56.1,13.6,16.1,16.6,17.4,112.3,2.0,2.4,1.0,5.6,5.0,5.9,3.7,0.5,0.3,0.0,0.0,0.0,0.0,5.9,2.0,2.8,2.6,1.0,7.0,6.1,7.7,4.6,1.5,1.2,0.3,0.3,0.3,0.4,2.8,39.2,31.3,47.0,47.0,47.0,31.3,31.3,0.0,4.7,3.5,10.8,10.2,2.6,0.6,0.7,37.1,24.3,89.2,89.8,15.8,1.4,2.3,58.1,72.1,0.0,0.0,81.7,98.0,97.0,2395.7,24.00,40,39,39,77,116,708,1,68.6,65.1,58.1,53.5,53.4,55.0,54.2,53.0,52.6,52.7,55.3,55.3,64.8,59.2,45.0,44.0,46.0,1.036,1.015,1.100,6.707,7.420,6.709,20.500,5.266,25.872,0.442,0.244,1.079,1.044,0.190,0.042,0.050,6.982,7.531,20.306,25.296,1996.4,2395.7,4666.6,4666.6,4717.7,28.7,8.9,13.7,28.7,76.6,いいえ,いいえ,いいえ,0.189,0.043,0.3,39.0,68.2,40.0,68.0,1.016,12.197,3.440,3.328,5.040,1.064,1.032,3.440,3.328,1.808,1.024,1.120,1.040,1.792,1.096,0.768,1.824,0.256,1912,いいえ,57.4,42.8,1.110,1.110,1.800,1.800,0.990,5.040,0.250,いいえ,いいえ,いいえ,42.2,1.110,1.110,1.800,1.800,0.990,5.040,0.250,いいえ,いいえ,いいえ,37,37,いいえ,はい,15388,14039,128,128,34,100.0,いいえ,いいえ,3868,2528,9990,38,40,48,100.0,100.0,いいえ,いいえ,7032,7744,0.0,0.0,0.0,0.000,0.002,1392,1009,0.0,0.0,0.0,0.000,0.000,181182,133153,0.0,0.1,0.1,0.000,0.012,66276,77629,61.2,0.720,6.000,600.0,2400.0,1200.0,100.0,0.0,0.0,0.0,0.0,0.0,0.0,0.0,0.0,125,2,16.0,86,いいえ,いいえ,いいえ,40.1,44.0,49.9,84.0,0.865,12.321,12.329,12.281,12.344,12.328,0,0,10.339,4.739,2.616,0.271,7.848,2.753,0.136,7.992,8.113,8.180,220.000,220.000,210.0,50.6,1185.0,210.0,1290.0,210.0,50.5,1413.4,4.0,6.0,2.0,0.0,10.1,0.6,0.9,0.0,1.6,0.0,0,0,はい,いいえ,いいえ,いいえ,いいえ,はい,いいえ,4.8,5.2,0,0,0,0,0,0,0,0,0,0,0,0,0,0,0,0,0,0,0,0,0,0,0,0,0,0,0,0,0,0,11037,1245,967,108,2.5,4.5,15.5,2.0,1.9,1.9,1.9,3.2,11.4,1.8,1.8,1.8,1.8,222.11,507.94,64.49,64.10,516.56,516.56,4.57,50.43,222.08,0.04,35.69,0,0,0.0,0.0,44289,38919,7.2,256.3,0,
19.7.2026,0:53:15.048,16454,17457,48.5,12995,18868,40.7,1.2,2048,25,1.039,1.060,1.035,1.035,1.035,1.035,1.035,4430.9,3127.7,4691.5,4691.5,4691.5,4691.5,4691.5,99.8,109.0,81.0,40.3,354.1,116.5,320.1,186.3,60.8,55.3,19.0,30.0,19.9,24.2,109.0,2.7,2.0,0.5,6.4,1.9,5.5,3.4,1.5,0.6,0.9,1.1,4.5,4.6,6.4,2.7,2.7,2.6,0.9,8.7,2.8,7.6,4.7,1.4,1.2,0.4,0.7,0.4,0.5,2.7,44.4,31.3,47.0,47.0,47.0,47.0,47.0,0.0,4.6,3.5,9.5,10.1,2.4,1.0,1.0,38.8,29.2,90.5,89.9,19.0,1.9,2.4,56.6,67.4,0.0,0.0,78.6,97.1,96.7,2395.7,24.00,40,39,39,77,116,708,1,67.6,64.7,57.6,53.1,53.2,54.5,53.9,52.6,52.3,52.3,55.1,55.1,64.8,58.8,45.0,44.0,46.0,1.037,1.015,1.100,6.509,7.317,6.510,22.500,5.276,25.569,0.439,0.277,1.008,1.049,0.195,0.054,0.054,6.775,7.426,20.005,24.994,1996.4,2395.7,4668.5,4668.5,4717.7,28.4,8.7,15.0,28.4,76.2,いいえ,いいえ,いいえ,0.172,0.042,0.3,39.0,67.2,40.0,67.0,1.048,12.197,3.440,3.328,5.040,1.064,1.032,3.440,3.328,1.808,1.024,1.120,1.040,1.792,1.096,0.768,1.824,0.256,1807,いいえ,57.4,42.8,1.110,1.110,1.800,1.800,0.990,5.040,0.250,いいえ,いいえ,いいえ,42.2,1.110,1.110,1.800,1.800,0.990,5.040,0.250,いいえ,いいえ,いいえ,37,37,いいえ,はい,15388,14039,128,128,34,100.0,いいえ,いいえ,3868,2528,9990,38,40,48,100.0,100.0,いいえ,いいえ,7032,7744,0.0,0.1,0.1,0.000,0.008,1392,1009,0.0,0.0,0.0,0.000,0.000,181182,133153,0.0,0.0,0.0,0.000,0.000,66276,77629,60.8,0.720,5.000,600.0,2400.0,1200.0,100.0,0.0,0.0,0.0,0.0,0.0,0.0,0.0,0.0,125,2,16.0,86,いいえ,いいえ,いいえ,40.1,44.0,49.9,84.0,0.865,12.327,12.335,12.288,12.351,12.334,0,0,10.560,4.774,2.708,0.271,7.876,2.841,0.136,8.023,8.156,8.179,220.000,220.000,210.0,50.6,1185.0,210.0,1290.0,210.0,50.5,1413.6,2.0,6.0,1.0,0.0,10.1,0.7,1.0,0.0,1.8,0.0,0,0,はい,いいえ,いいえ,いいえ,いいえ,はい,いいえ,4.9,5.0,0,0,0,0,0,0,0,0,0,0,0,0,0,0,0,0,0,0,0,0,0,0,0,0,0,0,0,0,0,0,11037,1245,967,108,2.5,2.0,16.1,0.7,0.7,0.7,0.7,1.0,2.0,0.7,0.7,0.7,0.7,495.61,1392.01,62.10,62.09,1421.57,1421.57,2.92,39.66,495.57,0.04,20.62,0,0,0.0,0.0,44289,38919,7.5,302.5,0,
19.7.2026,0:53:17.040,16449,17462,48.5,12990,18873,40.7,1.2,2048,25,0.998,1.035,1.035,1.035,1.035,1.035,0.810,3959.5,4691.5,3593.5,3593.5,3593.5,3593.5,4691.5,99.8,107.7,73.8,29.7,378.4,182.1,274.3,167.6,58.9,45.3,18.0,28.5,16.0,19.3,107.7,1.7,2.2,0.0,6.6,3.2,4.9,3.0,0.0,0.4,0.0,0.0,0.0,0.0,6.6,1.7,2.7,2.9,0.6,9.1,4.5,6.6,4.2,1.3,1.0,0.4,0.6,0.3,0.4,2.7,39.7,47.0,36.0,36.0,36.0,36.0,47.0,0.0,4.5,3.4,11.0,9.0,2.2,1.0,0.7,37.3,23.6,89.0,91.0,15.1,2.0,2.8,58.2,73.0,0.0,0.0,82.7,97.0,96.5,2395.7,24.00,40,39,39,77,116,708,1,66.8,64.4,57.1,52.7,52.9,54.1,53.2,52.0,51.9,51.8,54.7,54.7,64.5,58.6,45.0,44.0,46.0,1.038,1.015,1.100,6.626,7.284,6.625,20.500,5.273,25.637,0.429,0.235,1.093,0.972,0.169,0.054,0.051,6.900,7.393,20.093,25.080,1996.4,2395.7,4672.1,4672.1,4717.7,28.5,8.8,13.7,28.5,75.8,いいえ,いいえ,いいえ,0.185,0.042,0.3,39.0,66.4,40.0,66.0,1.048,12.197,3.440,3.328,5.040,1.064,1.032,3.440,3.328,1.808,1.024,1.120,1.040,1.792,1.096,0.768,1.824,0.256,1785,いいえ,57.4,42.8,1.110,1.110,1.800,1.800,0.990,5.040,0.250,いいえ,いいえ,いいえ,42.2,1.110,1.110,1.800,1.815,0.990,5.040,0.250,いいえ,いいえ,いいえ,37,37,いいえ,はい,15388,14039,128,128,34,100.0,いいえ,いいえ,3868,2528,9990,38,40,48,100.0,100.0,いいえ,いいえ,7032,7744,0.0,0.1,0.1,0.000,0.006,1392,1009,0.0,0.0,0.0,0.000,0.000,181182,133153,0.0,0.0,0.0,0.000,0.004,66276,77630,60.4,0.720,5.000,600.0,2400.0,1200.0,100.0,0.0,0.0,0.0,0.0,0.0,0.0,0.0,0.0,125,2,16.0,86,いいえ,いいえ,いいえ,40.1,46.0,49.9,84.0,0.865,12.320,12.328,12.280,12.344,12.327,0,0,10.554,4.877,2.379,0.247,7.859,2.506,0.123,7.987,9.722,8.189,220.000,220.000,210.0,50.6,1185.0,210.0,1290.0,209.9,50.5,1414.0,1.0,6.0,0.0,0.0,10.1,0.6,0.8,0.0,1.6,0.0,0,0,はい,いいえ,いいえ,いいえ,いいえ,はい,いいえ,4.9,5.4,0,0,0,0,0,0,0,0,0,0,0,0,0,0,0,0,0,0,0,0,0,0,0,0,0,0,0,0,0,0,11037,1245,967,108,2.5,1.0,1.0,1.0,1.0,1.0,1.0,1.0,1.0,1.0,1.0,1.0,1.0,1041.04,1041.04,1041.04,1041.04,1041.04,1041.04,7.89,95.65,1040.99,0.05,969.48,0,0,0.0,0.0,44289,38920,6.6,237.4,0,
19.7.2026,0:53:19.046,16449,17462,48.5,12990,18873,40.7,1.2,2048,25,1.046,1.050,1.045,1.045,1.045,1.045,1.045,4430.9,3127.7,4691.5,4691.5,4691.5,4691.5,4691.5,99.8,107.5,57.2,27.6,284.6,121.1,355.9,267.8,55.3,43.2,21.2,21.7,16.5,18.2,107.5,2.7,2.3,1.4,5.4,2.5,7.0,4.9,1.8,1.6,1.4,1.3,1.2,1.3,7.0,2.7,2.6,2.5,0.6,6.9,2.9,8.9,6.2,1.2,0.9,0.5,0.5,0.3,0.4,2.6,44.4,31.3,47.0,47.0,47.0,47.0,47.0,0.0,4.5,3.1,8.2,12.0,2.1,0.7,0.8,36.8,22.1,91.8,88.0,14.5,1.6,2.7,58.7,74.8,0.0,0.0,83.4,97.6,96.6,2395.7,24.00,40,39,39,77,116,708,1,66.0,64.1,57.1,52.3,52.5,53.4,53.0,51.6,51.6,51.4,54.3,54.3,64.2,58.1,45.0,44.0,46.0,1.038,1.015,1.100,6.549,7.218,6.549,22.500,5.302,25.533,0.423,0.218,0.953,1.111,0.156,0.050,0.052,6.822,7.326,19.980,24.966,1996.4,2395.7,4673.5,4673.5,4717.7,28.4,8.7,15.0,28.4,75.5,いいえ,いいえ,いいえ,0.165,0.040,0.3,39.0,65.9,40.0,65.0,1.024,12.197,3.456,3.328,5.040,1.072,1.032,3.440,3.328,1.808,1.024,1.120,1.040,1.792,1.096,0.768,1.824,0.256,1762,いいえ,57.4,42.5,1.110,1.110,1.800,1.800,0.975,5.040,0.250,いいえ,いいえ,いいえ,42.2,1.110,1.110,1.800,1.800,1.005,5.040,0.375,いいえ,いいえ,いいえ,37,37,いいえ,はい,15388,14039,128,128,34,100.0,いいえ,いいえ,3868,2528,9990,38,40,48,100.0,100.0,いいえ,いいえ,7032,7744,0.0,0.0,0.0,0.000,0.006,1392,1009,0.0,0.0,0.0,0.000,0.000,181182,133153,0.0,0.0,0.0,0.000,0.000,66276,77630,60.1,0.720,5.000,600.0,2400.0,1200.0,100.0,0.0,0.0,0.0,0.0,0.0,0.0,0.0,0.0,125,2,16.0,86,いいえ,いいえ,いいえ,40.1,46.0,49.9,84.0,0.865,12.326,12.335,12.286,12.350,12.334,0,0,10.524,4.684,2.415,0.247,7.876,2.544,0.123,8.015,8.073,8.179,220.000,220.000,210.0,50.6,1185.0,210.0,1290.0,209.9,50.5,1413.2,2.0,6.0,1.0,0.0,10.1,0.5,0.8,0.0,1.4,0.0,0,0,はい,いいえ,いいえ,いいえ,いいえ,はい,いいえ,4.9,5.2,0,0,0,0,0,0,0,0,0,0,0,0,0,0,0,0,0,0,0,0,0,0,0,0,0,0,0,0,0,0,11037,1245,967,108,2.5,1.1,1.1,1.1,1.1,1.1,1.1,1.1,1.1,1.1,1.1,1.1,1.1,920.59,920.59,920.59,920.59,920.59,920.59,10.50,91.84,920.53,0.06,864.18,0,0,0.0,0.0,44289,38920,6.8,327.5,0,
19.7.2026,0:53:21.038,16460,17451,48.5,12994,18869,40.7,1.2,2048,25,1.035,1.035,1.035,1.035,1.035,1.035,1.035,4170.3,3127.7,4691.5,4691.5,4691.5,3127.7,4691.5,99.8,108.9,51.3,27.4,390.9,186.9,285.9,198.7,53.7,43.0,11.9,16.6,16.7,23.3,108.9,1.8,1.7,0.1,7.0,3.3,5.0,3.5,0.5,0.3,0.0,0.0,0.0,0.1,7.0,1.8,2.7,2.3,0.6,9.5,4.6,6.9,4.8,1.2,0.9,0.2,0.3,0.3,0.5,2.7,41.8,31.3,47.0,47.0,47.0,31.3,47.0,0.0,4.6,2.9,11.4,9.7,2.1,0.6,0.9,36.5,20.4,88.6,90.3,14.5,3.2,2.3,58.8,76.7,0.0,0.0,83.4,96.2,96.8,2395.7,24.00,40,39,39,77,116,708,1,65.4,63.8,56.6,51.9,52.2,53.3,52.5,51.3,51.3,51.0,54.0,54.0,63.8,57.9,45.0,44.0,46.0,1.036,1.015,1.100,6.465,7.182,6.467,20.500,5.304,25.410,0.420,0.200,1.050,1.012,0.153,0.054,0.051,6.729,7.289,19.853,24.843,1996.4,2395.7,4666.1,4666.1,4717.7,28.2,8.6,13.7,28.2,75.0,いいえ,いいえ,いいえ,0.191,0.044,0.3,39.0,65.2,40.0,65.0,1.048,12.197,3.440,3.328,5.040,1.064,1.032,3.440,3.328,1.808,1.024,1.120,1.040,1.792,1.096,0.768,1.824,0.256,1726,いいえ,57.4,42.5,1.110,1.110,1.800,1.800,0.975,5.040,0.250,いいえ,いいえ,いいえ,42.0,1.110,1.110,1.800,1.800,0.975,5.040,0.250,いいえ,いいえ,いいえ,37,37,いいえ,はい,15388,14039,128,128,34,100.0,いいえ,いいえ,3868,2528,9990,38,40,48,100.0,100.0,いいえ,いいえ,7032,7744,0.0,0.0,0.0,0.000,0.000,1392,1009,0.0,0.0,0.0,0.000,0.000,181182,133153,0.0,0.0,0.0,0.000,0.000,66276,77630,59.7,0.720,5.000,600.0,2400.0,1200.0,100.0,0.0,0.0,0.0,0.0,0.0,0.0,0.0,0.0,125,2,16.0,86,いいえ,いいえ,いいえ,40.1,44.0,49.9,84.0,0.865,12.321,12.328,12.282,12.346,12.330,0,0,10.409,4.727,2.595,0.247,7.836,2.716,0.123,7.970,8.067,8.263,220.000,220.000,210.0,50.6,1185.0,210.0,1290.0,210.0,50.5,1413.8,2.0,6.0,1.0,0.0,10.1,0.6,0.9,0.0,1.3,0.0,0,0,はい,いいえ,いいえ,いいえ,いいえ,はい,いいえ,4.8,5.4,0,0,0,0,0,0,0,0,0,0,0,0,0,0,0,0,0,0,0,0,0,0,0,0,0,0,0,0,0,0,11037,1245,967,108,2.5,0.5,0.5,0.5,0.5,0.5,0.5,0.5,0.5,0.5,0.5,0.5,0.5,2017.07,2017.07,2017.07,2017.07,2017.07,2017.07,1.92,31.95,2017.07,0.00,33.42,0,0,0.0,0.0,44289,38921,6.3,183.9,0,
19.7.2026,0:53:23.048,16451,17460,48.5,12994,18869,40.7,1.2,2048,25,1.049,1.045,1.050,1.050,1.050,1.050,1.050,3909.6,3127.7,4691.5,4691.5,4691.5,3127.7,3127.7,99.8,110.1,61.3,33.4,388.8,203.1,252.4,218.1,58.2,41.4,16.1,15.5,14.9,18.1,110.1,2.0,2.3,0.1,7.7,3.5,5.1,4.0,1.3,0.2,0.0,0.0,0.0,0.0,7.7,2.0,2.7,2.3,0.7,9.7,4.5,6.2,5.5,1.3,0.9,0.3,0.3,0.3,0.4,2.7,39.2,31.3,47.0,47.0,47.0,31.3,31.3,0.0,4.5,3.0,11.2,9.4,2.1,0.7,0.7,36.6,21.3,88.8,90.6,14.2,2.4,2.4,58.9,75.7,0.0,0.0,83.7,96.9,96.9,2395.7,24.00,40,39,39,77,116,708,1,64.9,63.5,56.4,51.7,52.0,53.1,52.3,51.1,51.0,50.8,53.8,53.8,63.5,57.8,44.9,44.0,46.0,1.036,1.015,1.100,6.414,7.285,6.414,21.000,5.289,25.439,0.422,0.208,1.096,0.976,0.153,0.051,0.048,6.675,7.394,19.886,24.873,1996.4,2395.7,4666.2,4666.2,4717.7,28.3,8.6,14.0,28.3,74.7,いいえ,いいえ,いいえ,0.175,0.041,0.3,39.0,64.8,40.0,64.0,1.048,12.197,3.456,3.328,5.040,1.064,1.032,3.440,3.328,1.808,1.024,1.120,1.040,1.792,1.096,0.768,1.824,0.256,1732,いいえ,57.4,42.5,1.110,1.110,1.800,1.800,0.975,5.040,0.250,いいえ,いいえ,いいえ,42.0,1.110,1.110,1.800,1.800,0.975,5.040,0.250,いいえ,いいえ,いいえ,37,37,いいえ,はい,15388,14039,128,128,34,100.0,いいえ,いいえ,3868,2528,9990,38,40,48,100.0,100.0,いいえ,いいえ,7032,7744,0.0,0.1,0.1,0.000,0.012,1392,1009,0.0,0.0,0.0,0.000,0.000,181182,133153,0.0,0.1,0.1,0.000,0.116,66276,77630,59.5,0.720,14.000,600.0,2400.0,1200.0,100.0,0.0,0.0,0.0,0.0,0.0,0.0,0.0,0.0,125,2,16.0,86,いいえ,いいえ,いいえ,40.1,44.0,49.9,84.0,0.865,12.321,12.328,12.282,12.345,12.329,0,0,10.450,4.685,2.460,0.247,7.836,2.592,0.123,7.965,8.073,8.184,220.000,220.000,210.0,50.6,1185.0,210.0,1290.0,209.9,50.5,1413.2,1.0,6.0,0.0,0.0,10.1,0.5,0.8,0.0,1.1,0.0,0,0,はい,いいえ,いいえ,いいえ,いいえ,はい,いいえ,4.7,5.1,0,0,0,0,0,0,0,0,0,0,0,0,0,0,0,0,0,0,0,0,0,0,0,0,0,0,0,0,0,0,11037,1245,967,107,2.5,0.5,0.5,0.5,0.5,0.5,0.5,0.5,0.5,0.5,0.5,0.5,0.5,1998.92,1998.92,1998.92,1998.92,1998.92,1998.92,24.50,1973.90,1998.92,0.00,1982.58,0,0,0.0,0.0,44289,38921,6.4,204.7,0,
19.7.2026,0:53:25.039,16449,17461,48.5,12991,18872,40.7,1.2,2048,25,1.043,1.035,1.045,1.045,1.045,1.045,1.045,3909.6,4691.5,4691.5,4691.5,3127.7,3127.7,3127.7,99.8,120.3,74.6,35.8,389.5,167.7,337.2,162.0,105.5,56.5,42.5,24.8,22.2,25.0,120.3,2.3,2.2,0.0,7.1,2.4,6.4,3.2,0.4,0.9,1.7,1.2,0.5,1.3,7.1,2.3,3.0,2.7,0.8,9.4,4.1,8.3,4.0,2.5,1.2,1.0,0.5,0.5,0.5,3.0,39.2,47.0,47.0,47.0,31.3,31.3,31.3,0.0,4.9,3.2,10.7,10.0,3.3,1.3,0.9,36.7,20.8,89.3,90.0,14.6,2.6,2.8,58.4,76.0,0.0,0.0,82.1,96.2,96.3,2395.7,24.00,40,39,39,77,116,708,1,64.5,63.2,55.9,51.5,51.6,52.8,52.1,51.0,50.8,50.6,53.4,53.4,63.0,57.5,44.9,44.0,46.0,1.037,1.015,1.100,6.340,7.192,6.341,32.000,5.289,25.274,0.437,0.219,1.055,0.993,0.213,0.079,0.061,6.604,7.300,19.722,24.714,1996.4,2395.7,4671.5,4671.5,4717.7,28.1,8.5,21.3,28.1,74.3,いいえ,いいえ,いいえ,0.209,0.048,0.3,39.0,64.2,40.0,64.0,1.048,12.197,3.440,3.328,5.040,1.064,1.032,3.440,3.328,1.808,1.024,1.120,1.040,1.792,1.096,0.768,1.824,0.256,1735,いいえ,57.4,42.5,1.110,1.110,1.800,1.800,0.975,5.040,0.375,いいえ,いいえ,いいえ,42.0,1.110,1.110,1.800,1.800,0.975,5.040,0.250,いいえ,いいえ,いいえ,37,37,いいえ,はい,15388,14039,128,128,34,100.0,いいえ,いいえ,3868,2528,9990,38,40,48,100.0,100.0,いいえ,いいえ,7032,7744,0.0,0.0,0.0,0.000,0.004,1392,1009,0.0,0.0,0.0,0.000,0.000,181182,133153,0.0,0.1,0.1,0.000,0.010,66276,77630,59.2,0.720,5.000,600.0,2400.0,1200.0,100.0,0.0,0.0,0.0,0.0,0.0,0.0,0.0,0.0,125,2,16.0,86,いいえ,いいえ,いいえ,40.1,44.0,49.9,84.0,0.865,12.318,12.326,12.278,12.342,12.327,0,0,10.168,4.559,2.020,0.222,7.809,2.135,0.111,7.925,8.067,8.182,220.000,220.000,210.0,50.6,1185.0,210.0,1290.0,210.0,50.5,1413.6,2.0,6.0,1.0,0.0,10.1,0.3,0.5,0.0,0.9,0.0,0,0,はい,いいえ,いいえ,いいえ,いいえ,はい,いいえ,4.5,5.2,0,0,0,0,0,0,0,0,0,0,0,0,0,0,0,0,0,0,0,0,0,0,0,0,0,0,0,0,0,0,11037,1245,967,107,2.5,0.3,0.3,0.3,0.3,0.3,0.3,0.3,0.3,0.3,0.3,0.3,0.3,3798.46,3798.46,3798.46,3798.46,3798.46,3798.46,5.26,92.13,3798.42,0.04,1916.46,0,0,0.0,0.0,44289,38921,6.1,184.4,0,
Date,Time,"コミット済み仮想メモリ [MB]","利用可能な仮想メモリ [MB]","仮想メモリ使用率 [%]","使用済み物理メモリ [MB]","利用可能な物理メモリ [MB]","物理メモリ使用率 [%]","ページ ファイル使用率 [%]","Page File Total [MB]","Page File Used [MB]","Core VIDs (avg) [V]","Core 0 VID [V]","Core 1 VID [V]","Core 2 VID [V]","Core 3 VID [V]","Core 4 VID [V]","Core 5 VID [V]","コア クロック (avg) [MHz]","Core 0 クロック (perf #3/4) [MHz]","Core 1 クロック (perf #1/1) [MHz]","Core 2 クロック (perf #1/2) [MHz]","Core 3 クロック (perf #2/3) [MHz]","Core 4 クロック (perf #5/6) [MHz]","Core 5 クロック (perf #4/5) [MHz]","バス クロック [MHz]","コア実効クロック (avg) [MHz]","Core 0 T0 実効クロック [MHz]","Core 0 T1 実効クロック [MHz]","Core 1 T0 実効クロック [MHz]","Core 1 T1 実効クロック [MHz]","Core 2 T0 実効クロック [MHz]","Core 2 T1 実効クロック [MHz]","Core 3 T0 実効クロック [MHz]","Core 3 T1 実効クロック [MHz]","Core 4 T0 実効クロック [MHz]","Core 4 T1 実効クロック [MHz]","Core 5 T0 実効クロック [MHz]","Core 5 T1 実効クロック [MHz]","平均実効クロック [MHz]","コア使用率 (avg) [%]","Core 0 T0 使用率 [%]","Core 0 T1 使用率 [%]","Core 1 T0 使用率 [%]","Core 1 T1 使用率 [%]","Core 2 T0 使用率 [%]","Core 2 T1 使用率 [%]","Core 3 T0 使用率 [%]","Core 3 T1 使用率 [%]","Core 4 T0 使用率 [%]","Core 4 T1 使用率 [%]","Core 5 T0 使用率 [%]","Core 5 T1 使用率 [%]","最大CPU/スレッド使用率 [%]","総 CPU 使用率 [%]","コア使用率 (avg) [%]","Core 0 T0 使用率 [%]","Core 0 T1 使用率 [%]","Core 1 T0 使用率 [%]","Core 1 T1 使用率 [%]","Core 2 T0 使用率 [%]","Core 2 T1 使用率 [%]","Core 3 T0 使用率 [%]","Core 3 T1 使用率 [%]","Core 4 T0 使用率 [%]","Core 4 T1 使用率 [%]","Core 5 T0 使用率 [%]","Core 5 T1 使用率 [%]","総 CPU 使用率 [%]","コア クロック マルチプライヤー (avg) [x]","Core 0 倍率 [x]","Core 1 倍率 [x]","Core 2 倍率 [x]","Core 3 倍率 [x]","Core 4 倍率 [x]","Core 5 倍率 [x]","Package C6 在留率 [%]","Core C0 在留率 (avg) [%]","Core 0 C0 在留率 [%]","Core 1 C0 在留率 [%]","Core 2 C0 在留率 [%]","Core 3 C0 在留率 [%]","Core 4 C0 在留率 [%]","Core 5 C0 在留率 [%]","Core C1 在留率 (avg) [%]","Core 0 C1 在留率 [%]","Core 1 C1 在留率 [%]","Core 2 C1 在留率 [%]","Core 3 C1 在留率 [%]","Core 4 C1 在留率 [%]","Core 5 C1 在留率 [%]","Core C6 在留率 (avg) [%]","Core 0 C6 在留率 [%]","Core 1 C6 在留率 [%]","Core 2 C6 在留率 [%]","Core 3 C6 在留率 [%]","Core 4 C6 在留率 [%]","Core 5 C6 在留率 [%]","メモリ クロック [MHz]","メモリ クロック マルチプライヤー [x]","Tcas [T]","Trcd [T]","Trp [T]","Tras [T]","Trc [T]","Trfc [T]","Command Rate [T]","CPU (Tctl/Tdie) [℃]","CPU ケース (平均) [℃]","CPU CCD1 (Tdie) [℃]","コア温度 (avg) [℃]","Core0 (CCD1) [℃]","Core1 (CCD1) [℃]","Core2 (CCD1) [℃]","Core3 (CCD1) [℃]","Core4 (CCD1) [℃]","Core5 (CCD1) [℃]","L3 温度 (avg) [℃]","L3 キャッシュ (CCD1) [℃]","CPU IOD Hotspot [℃]","CPU IOD 平均 [℃]","CPU VDDCR_VDD VRM (SVI3 TFN) [℃]","CPU VDDCR_SOC VRM (SVI3 TFN) [℃]","CPU VDD_MISC VRM (SVI3 TFN) [℃]","CPU VDDCR_VDD 電圧 (SVI3 TFN) [V]","CPU VDDCR_SOC 電圧 (SVI3 TFN) [V]","CPU VDD_MISC 電圧 (SVI3 TFN) [V]","CPU コア電流 (SVI3 TFN) [A]","SoC 電流 (SVI3 TFN) [A]","CPU TDC [A]","CPU EDC [A]","MISC 電流 (SVI3 TFN) [A]","CPU パッケージ電力 [W]","コア電力 (avg) [W]","Core 0 電力 [W]","Core 1 電力 [W]","Core 2 電力 [W]","Core 3 電力 [W]","Core 4 電力 [W]","Core 5 電力 [W]","CPU コア電力 (SVI3 TFN) [W]","CPU SoC 電力 (SVI3 TFN) [W]","Core+SoC+MISC 電力 (SVI3 TFN) [W]","CPU PPT [W]","Infinity Fabric クロック (FCLK) [MHz]","メモリ コントローラー クロック (UCLK) [MHz]","L3 クロック (avg) [MHz]","L3 キャッシュ (CCD1) [MHz]","周波数制限 - グローバル [MHz]","CPU PPT Limit [%]","CPU TDC 制限 [%]","CPU EDC 制限 [%]","CPU PPT FAST Limit [%]","Thermal Limit [%]","サーマル スロットリング (HTC) [Yes/No]","サーマル スロットリング (PROCHOT CPU) [Yes/No]","サーマル スロットリング (PROCHOT EXT) [Yes/No]","DRAM 読み取り帯域幅 [GB/s]","DRAM 書き込み帯域幅 [GB/s]","アクティブ コアの平均数 []","マザーボード [℃]","CPU [℃]","CPU (PECI) [℃]","PCH TSI0 [℃]","Vcore [V]","+12V [V]","+3.3V (AVCC) [V]","+3.3V (3VCC) [V]","+5V [V]","+1.05_ALW [V]","VIN4 [V]","3VSB [V]","VBAT [V]","VTT [V]","VDDCR_SOC [V]","VDD_MISC [V]","VIN2 [V]","+1.8V [V]","DRAM [V]","VIN9 [V]","VHIF [V]","VIN10 [V]","CPU1 [RPM]","シャーシへの侵入 [Yes/No]","チップセット 1 (xHCI) [℃]","SPD Hub 温度 [℃]","VDD (SWA) 電圧 [V]","VDDQ (SWB) 電圧 [V]","VPP (SWC) 電圧 [V]","1.8V VOUT 電圧 [V]","1.0V VOUT 電圧 [V]","VIN 電圧 [V]","総電力 [W]","PMIC 高温 [Yes/No]","PMIC Over Voltage [Yes/No]","PMIC Over Voltage [Yes/No]","SPD Hub 温度 [℃]","VDD (SWA) 電圧 [V]","VDDQ (SWB) 電圧 [V]","VPP (SWC) 電圧 [V]","1.8V VOUT 電圧 [V]","1.0V VOUT 電圧 [V]","VIN 電圧 [V]","総電力 [W]","PMIC 高温 [Yes/No]","PMIC Over Voltage [Yes/No]","PMIC Over Voltage [Yes/No]","ディスク温度 [℃]","ディスク気流温度 [℃]","ディスク障害 [Yes/No]","ディスク警告 [Yes/No]","総計ホスト書き込み [GB]","総計ホスト読み取り [GB]","警告: 現在保留中のセクター数: []","警告: オフライン訂正不可能なセクター数: []","ディスク温度 [℃]","ディスクの残り寿命 [%]","ディスク障害 [Yes/No]","ディスク警告 [Yes/No]","総計ホスト書き込み [GB]","総計 NAND 書き込み [GB]","総計ホスト読み取り [GB]","ディスク温度 [℃]","ディスク温度 2 [℃]","ディスク温度 3 [℃]","ディスクの残り寿命 [%]","ディスクの利用可能なスペア [%]","ディスク障害 [Yes/No]","ディスク警告 [Yes/No]","総計ホスト書き込み [GB]","総計ホスト読み取り [GB]","読み取り活動率 [%]","書き込み活動率 [%]","総活動率 [%]","読み取り速度 [MB/s]","書き込み速度 [MB/s]","総計読み取り [MB]","総計書き込み [MB]","読み取り活動率 [%]","書き込み活動率 [%]","総活動率 [%]","読み取り速度 [MB/s]","書き込み速度 [MB/s]","総計読み取り [MB]","総計書き込み [MB]","読み取り活動率 [%]","書き込み活動率 [%]","総活動率 [%]","読み取り速度 [MB/s]","書き込み速度 [MB/s]","総計読み取り [MB]","総計書き込み [MB]","GPU 温度 [℃]","GPU コア電圧 (VDDCR_GFX) [V]","GPU コア電力 (VDDCR_GFX) [W]","GPU クロック [MHz]","GPU メモリ クロック [MHz]","GPU SoC クロック [MHz]","GPU VCN クロック [MHz]","GPU 使用率 [%]","GPU D3D 使用率 [%]","GPU D3D 使用率 (avg) [%]","GPU Video Decode 0 使用率 [%]","GPU Video Decode 1 使用率 [%]","GPU Computing (Compute 0) 使用率 [%]","GPU Computing (Compute 1) 使用率 [%]","GPU Computing (High Priority Compute) 使用率 [%]","GPU D3D 専用メモリ [MB]","GPU D3D 共有メモリ [MB]","PCIe リンク速度 [GT/s]","GPU メモリ使用 [MB]","スロットルの理由 - 電力 [Yes/No]","スロットルの理由 - サーマル [Yes/No]","スロットルの理由 - 電流 [Yes/No]","GPU 温度 [℃]","GPU メモリ ジャンクション温度 [℃]","GPU ホットスポット温度 [℃]","GPU 熱制限 [℃]","GPU コア電圧 [V]","GPU レール電圧 (avg) [V]","GPU FBVDD 入力電圧 [V]","GPU PCIe +12V 入力電圧 [V]","GPU 12VHPWR 電圧 [V]","GPU Misc0 入力電圧 [V]","GPU ファン1 [RPM]","GPU ファン2 [RPM]","GPU 電力 [W]","GPU レール電力 (avg) [W]","GPU Core (NVVDD) 入力電力 (合計) [W]","GPU FBVDD 入力電力 [W]","GPU PCIe +12V 入力電力 [W]","GPU 12VHPWR 電力 [W]","GPU Misc0 入力電力 [W]","GPU 入力 PP ソース 電力 (合計) [W]","GPU Core (NVVDD) 出力電力 [W]","GPU Core (NVVDD) 出力電力 [W]","GPU 電力制限 (定格) [W]","GPU 電力制限 (最大) [W]","GPU クロック [MHz]","GPU メモリ クロック [MHz]","GPU ビデオ クロック [MHz]","GPU 実効クロック [MHz]","GPU Crossbar クロック [MHz]","GPU クロック (実測値) [MHz]","GPU メモリ クロック (実測値) [MHz]","GPU クロスバー クロック (実測値) [MHz]","GPU コア使用率 [%]","GPU メモリ コントローラー使用率 [%]","GPU ビデオ エンジン使用率 [%]","GPU バス使用率 [%]","GPU メモリ使用 [%]","GPU D3D 使用率 (avg) [%]","GPU D3D 使用率 [%]","GPU Video Decode 0 使用率 [%]","GPU Video Encode 0 使用率 [%]","GPU VR 使用率 [%]","GPU ファン1 [%]","GPU ファン2 [%]","GPU パフォーマンス制限 (avg) [Yes/No]","パフォーマンス制限 - 電力 [Yes/No]","パフォーマンス制限 - サーマル [Yes/No]","パフォーマンス制限 - 信頼性電圧 [Yes/No]","パフォーマンス制限 - 最大動作電圧 [Yes/No]","パフォーマンス制限 - 使用率 [Yes/No]","パフォーマンス制限 - SLI GPUBoost Sync [Yes/No]","総 GPU 電力 [TDP の割合] [%]","総 GPU 電力 (標準化) [TDP の割合] [%]","PCI Express Error Counters (avg) []","Receiver Errors []","Replay Count []","Replay Rollover Count []","Bad DLLP Count []","Bad TLP Count []","LCRC Error Count []","NAKs Sent Count []","NAKs Received Count []","Recovery Count []","Correctable Error Count []","Non-Fatal Error Count []","Fatal Error Count []","Unsupported Request Count []","PCIe Lane 0 Errors []","PCIe Lane 1 Errors []","PCIe Lane 2 Errors []","PCIe Lane 3 Errors []","PCIe Lane 4 Errors []","PCIe Lane 5 Errors []","PCIe Lane 6 Errors []","PCIe Lane 7 Errors []","PCIe Lane 8 Errors []","PCIe Lane 9 Errors []","PCIe Lane 10 Errors []","PCIe Lane 11 Errors []","PCIe Lane 12 Errors []","PCIe Lane 13 Errors []","PCIe Lane 14 Errors []","PCIe Lane 15 Errors []","利用可能な GPU メモリ [MB]","割り当てられた GPU メモリ [MB]","GPU D3D 専用メモリ [MB]","GPU D3D 共有メモリ [MB]","PCIe リンク速度 [GT/s]","フレーム レート Presented (avg) [FPS]","フレーム レート Presented (99%) [FPS]","フレーム レート Presented (1%) [FPS]","フレーム レート Presented (0.1%) [FPS]","フレーム レート Presented (1% low) [FPS]","フレーム レート Presented (0.1% low) [FPS]","フレーム レート Displayed (avg) [FPS]","フレーム レート Displayed (99%) [FPS]","フレーム レート Displayed (1%) [FPS]","フレーム レート Displayed (0.1%) [FPS]","フレーム レート Displayed (1% low) [FPS]","フレーム レート Displayed (0.1% low) [FPS]","Frame Time Presented (avg) [ms]","Frame Time Presented (99%) [ms]","Frame Time Presented (1%) [ms]","Frame Time Presented (0.1%) [ms]","Frame Time Displayed (1% high) [ms]","Frame Time Displayed (0.1% high) [ms]","GPU Busy (avg) [ms]","GPU Wait (avg) [ms]","CPU Busy (avg) [ms]","CPU Wait (avg) [ms]","Animation Error (avg) [ms]","総計ダウンロード [MB]","総計アップロード [MB]","現在のダウンロード速度 [KB/s]","現在のアップロード速度 [KB/s]","総計ダウンロード [MB]","総計アップロード [MB]","現在のダウンロード速度 [KB/s]","現在のアップロード速度 [KB/s]","エラー総数 []",
,,システム: ASRock B650M Pro RS,システム: ASRock B650M Pro RS,システム: ASRock B650M Pro RS,システム: ASRock B650M Pro RS,システム: ASRock B650M Pro RS,システム: ASRock B650M Pro RS,システム: ASRock B650M Pro RS,システム: ASRock B650M Pro RS,システム: ASRock B650M Pro RS,CPU [#0]: AMD Ryzen 5 7600,CPU [#0]: AMD Ryzen 5 7600,CPU [#0]: AMD Ryzen 5 7600,CPU [#0]: AMD Ryzen 5 7600,CPU [#0]: AMD Ryzen 5 7600,CPU [#0]: AMD Ryzen 5 7600,CPU [#0]: AMD Ryzen 5 7600,CPU [#0]: AMD Ryzen 5 7600,CPU [#0]: AMD Ryzen 5 7600,CPU [#0]: AMD Ryzen 5 7600,CPU [#0]: AMD Ryzen 5 7600,CPU [#0]: AMD Ryzen 5 7600,CPU [#0]: AMD Ryzen 5 7600,CPU [#0]: AMD Ryzen 5 7600,CPU [#0]: AMD Ryzen 5 7600,CPU [#0]: AMD Ryzen 5 7600,CPU [#0]: AMD Ryzen 5 7600,CPU [#0]: AMD Ryzen 5 7600,CPU [#0]: AMD Ryzen 5 7600,CPU [#0]: AMD Ryzen 5 7600,CPU [#0]: AMD Ryzen 5 7600,CPU [#0]: AMD Ryzen 5 7600,CPU [#0]: AMD Ryzen 5 7600,CPU [#0]: AMD Ryzen 5 7600,CPU [#0]: AMD Ryzen 5 7600,CPU [#0]: AMD Ryzen 5 7600,CPU [#0]: AMD Ryzen 5 7600,CPU [#0]: AMD Ryzen 5 7600,CPU [#0]: AMD Ryzen 5 7600,CPU [#0]: AMD Ryzen 5 7600,CPU [#0]: AMD Ryzen 5 7600,CPU [#0]: AMD Ryzen 5 7600,CPU [#0]: AMD Ryzen 5 7600,CPU [#0]: AMD Ryzen 5 7600,CPU [#0]: AMD Ryzen 5 7600,CPU [#0]: AMD Ryzen 5 7600,CPU [#0]: AMD Ryzen 5 7600,CPU [#0]: AMD Ryzen 5 7600,CPU [#0]: AMD Ryzen 5 7600,CPU [#0]: AMD Ryzen 5 7600,CPU [#0]: AMD Ryzen 5 7600,CPU [#0]: AMD Ryzen 5 7600,CPU [#0]: AMD Ryzen 5 7600,CPU [#0]: AMD Ryzen 5 7600,CPU [#0]: AMD Ryzen 5 7600,CPU [#0]: AMD Ryzen 5 7600,CPU [#0]: AMD Ryzen 5 7600,CPU [#0]: AMD Ryzen 5 7600,CPU [#0]: AMD Ryzen 5 7600,CPU [#0]: AMD Ryzen 5 7600,CPU [#0]: AMD Ryzen 5 7600,CPU [#0]: AMD Ryzen 5 7600,CPU [#0]: AMD Ryzen 5 7600,CPU [#0]: AMD Ryzen 5 7600,CPU [#0]: AMD Ryzen 5 7600,CPU [#0]: AMD Ryzen 5 7600,CPU [#0]: AMD Ryzen 5 7600,CPU [#0]: AMD Ryzen 5 7600,CPU [#0]: AMD Ryzen 5 7600,CPU [#0]: AMD Ryzen 5 7600,CPU [#0]: AMD Ryzen 5 7600,CPU [#0]: AMD Ryzen 5 7600,CPU [#0]: AMD Ryzen 5 7600,CPU [#0]: AMD Ryzen 5 7600,CPU [#0]: AMD Ryzen 5 7600,CPU [#0]: AMD Ryzen 5 7600: C-State 在留率,CPU [#0]: AMD Ryzen 5 7600: C-State 在留率,CPU [#0]: AMD Ryzen 5 7600: C-State 在留率,CPU [#0]: AMD Ryzen 5 7600: C-State 在留率,CPU [#0]: AMD Ryzen 5 7600: C-State 在留率,CPU [#0]: AMD Ryzen 5 7600: C-State 在留率,CPU [#0]: AMD Ryzen 5 7600: C-State 在留率,CPU [#0]: AMD Ryzen 5 7600: C-State 在留率,CPU [#0]: AMD Ryzen 5 7600: C-State 在留率,CPU [#0]: AMD Ryzen 5 7600: C-State 在留率,CPU [#0]: AMD Ryzen 5 7600: C-State 在留率,CPU [#0]: AMD Ryzen 5 7600: C-State 在留率,CPU [#0]: AMD Ryzen 5 7600: C-State 在留率,CPU [#0]: AMD Ryzen 5 7600: C-State 在留率,CPU [#0]: AMD Ryzen 5 7600: C-State 在留率,CPU [#0]: AMD Ryzen 5 7600: C-State 在留率,CPU [#0]: AMD Ryzen 5 7600: C-State 在留率,CPU [#0]: AMD Ryzen 5 7600: C-State 在留率,CPU [#0]: AMD Ryzen 5 7600: C-State 在留率,CPU [#0]: AMD Ryzen 5 7600: C-State 在留率,CPU [#0]: AMD Ryzen 5 7600: C-State 在留率,CPU [#0]: AMD Ryzen 5 7600: C-State 在留率,メモリ タイミング,メモリ タイミング,メモリ タイミング,メモリ タイミング,メモリ タイミング,メモリ タイミング,メモリ タイミング,メモリ タイミング,メモリ タイミング,CPU [#0]: AMD Ryzen 5 7600: Enhanced,CPU [#0]: AMD Ryzen 5 7600: Enhanced,CPU [#0]: AMD Ryzen 5 7600: Enhanced,CPU [#0]: AMD Ryzen 5 7600: Enhanced,CPU [#0]: AMD Ryzen 5 7600: Enhanced,CPU [#0]: AMD Ryzen 5 7600: Enhanced,CPU [#0]: AMD Ryzen 5 7600: Enhanced,CPU [#0]: AMD Ryzen 5 7600: Enhanced,CPU [#0]: AMD Ryzen 5 7600: Enhanced,CPU [#0]: AMD Ryzen 5 7600: Enhanced,CPU [#0]: AMD Ryzen 5 7600: Enhanced,CPU [#0]: AMD Ryzen 5 7600: Enhanced,CPU [#0]: AMD Ryzen 5 7600: Enhanced,CPU [#0]: AMD Ryzen 5 7600: Enhanced,CPU [#0]: AMD Ryzen 5 7600: Enhanced,CPU [#0]: AMD Ryzen 5 7600: Enhanced,CPU [#0]: AMD Ryzen 5 7600: Enhanced,CPU [#0]: AMD Ryzen 5 7600: Enhanced,CPU [#0]: AMD Ryzen 5 7600: Enhanced,CPU [#0]: AMD Ryzen 5 7600: Enhanced,CPU [#0]: AMD Ryzen 5 7600: Enhanced,CPU [#0]: AMD Ryzen 5 7600: Enhanced,CPU [#0]: AMD Ryzen 5 7600: Enhanced,CPU [#0]: AMD Ryzen 5 7600: Enhanced,CPU [#0]: AMD Ryzen 5 7600: Enhanced,CPU [#0]: AMD Ryzen 5 7600: Enhanced,CPU [#0]: AMD Ryzen 5 7600: Enhanced,CPU [#0]: AMD Ryzen 5 7600: Enhanced,CPU [#0]: AMD Ryzen 5 7600: Enhanced,CPU [#0]: AMD Ryzen 5 7600: Enhanced,CPU [#0]: AMD Ryzen 5 7600: Enhanced,CPU [#0]: AMD Ryzen 5 7600: Enhanced,CPU [#0]: AMD Ryzen 5 7600: Enhanced,CPU [#0]: AMD Ryzen 5 7600: Enhanced,CPU [#0]: AMD Ryzen 5 7600: Enhanced,CPU [#0]: AMD Ryzen 5 7600: Enhanced,CPU [#0]: AMD Ryzen 5 7600: Enhanced,CPU [#0]: AMD Ryzen 5 7600: Enhanced,CPU [#0]: AMD Ryzen 5 7600: Enhanced,CPU [#0]: AMD Ryzen 5 7600: Enhanced,CPU [#0]: AMD Ryzen 5 7600: Enhanced,CPU [#0]: AMD Ryzen 5 7600: Enhanced,CPU [#0]: AMD Ryzen 5 7600: Enhanced,CPU [#0]: AMD Ryzen 5 7600: Enhanced,CPU [#0]: AMD Ryzen 5 7600: Enhanced,CPU [#0]: AMD Ryzen 5 7600: Enhanced,CPU [#0]: AMD Ryzen 5 7600: Enhanced,CPU [#0]: AMD Ryzen 5 7600: Enhanced,CPU [#0]: AMD Ryzen 5 7600: Enhanced,CPU [#0]: AMD Ryzen 5 7600: Enhanced,CPU [#0]: AMD Ryzen 5 7600: Enhanced,CPU [#0]: AMD Ryzen 5 7600: Enhanced,CPU [#0]: AMD Ryzen 5 7600: Enhanced,ASRock B650M Pro RS (Nuvoton NCT6796D-S),ASRock B650M Pro RS (Nuvoton NCT6796D-S),ASRock B650M Pro RS (Nuvoton NCT6796D-S),ASRock B650M Pro RS (Nuvoton NCT6796D-S),ASRock B650M Pro RS (Nuvoton NCT6796D-S),ASRock B650M Pro RS (Nuvoton NCT6796D-S),ASRock B650M Pro RS (Nuvoton NCT6796D-S),ASRock B650M Pro RS (Nuvoton NCT6796D-S),ASRock B650M Pro RS (Nuvoton NCT6796D-S),ASRock B650M Pro RS (Nuvoton NCT6796D-S),ASRock B650M Pro RS (Nuvoton NCT6796D-S),ASRock B650M Pro RS (Nuvoton NCT6796D-S),ASRock B650M Pro RS (Nuvoton NCT6796D-S),ASRock B650M Pro RS (Nuvoton NCT6796D-S),ASRock B650M Pro RS (Nuvoton NCT6796D-S),ASRock B650M Pro RS (Nuvoton NCT6796D-S),ASRock B650M Pro RS (Nuvoton NCT6796D-S),ASRock B650M Pro RS (Nuvoton NCT6796D-S),ASRock B650M Pro RS (Nuvoton NCT6796D-S),ASRock B650M Pro RS (Nuvoton NCT6796D-S),ASRock B650M Pro RS (Nuvoton NCT6796D-S),ASRock B650M Pro RS (Nuvoton NCT6796D-S),ASRock B650M Pro RS (Nuvoton NCT6796D-S),ASRock B650M Pro RS (Nuvoton NCT6796D-S),ASRock B650M Pro RS (AMD チップセット),DDR5 DIMM [#1]: Crucial Technology CT16G48C40U5.C8A1 (P0 CHANNEL A/DIMM 1),DDR5 DIMM [#1]: Crucial Technology CT16G48C40U5.C8A1 (P0 CHANNEL A/DIMM 1),DDR5 DIMM [#1]: Crucial Technology CT16G48C40U5.C8A1 (P0 CHANNEL A/DIMM 1),DDR5 DIMM [#1]: Crucial Technology CT16G48C40U5.C8A1 (P0 CHANNEL A/DIMM 1),DDR5 DIMM [#1]: Crucial Technology CT16G48C40U5.C8A1 (P0 CHANNEL A/DIMM 1),DDR5 DIMM [#1]: Crucial Technology CT16G48C40U5.C8A1 (P0 CHANNEL A/DIMM 1),DDR5 DIMM [#1]: Crucial Technology CT16G48C40U5.C8A1 (P0 CHANNEL A/DIMM 1),DDR5 DIMM [#1]: Crucial Technology CT16G48C40U5.C8A1 (P0 CHANNEL A/DIMM 1),DDR5 DIMM [#1]: Crucial Technology CT16G48C40U5.C8A1 (P0 CHANNEL A/DIMM 1),DDR5 DIMM [#1]: Crucial Technology CT16G48C40U5.C8A1 (P0 CHANNEL A/DIMM 1),DDR5 DIMM [#1]: Crucial Technology CT16G48C40U5.C8A1 (P0 CHANNEL A/DIMM 1),DDR5 DIMM [#3]: Crucial Technology CT16G48C40U5.C8A1 (P0 CHANNEL B/DIMM 1),DDR5 DIMM [#3]: Crucial Technology CT16G48C40U5.C8A1 (P0 CHANNEL B/DIMM 1),DDR5 DIMM [#3]: Crucial Technology CT16G48C40U5.C8A1 (P0 CHANNEL B/DIMM 1),DDR5 DIMM [#3]: Crucial Technology CT16G48C40U5.C8A1 (P0 CHANNEL B/DIMM 1),DDR5 DIMM [#3]: Crucial Technology CT16G48C40U5.C8A1 (P0 CHANNEL B/DIMM 1),DDR5 DIMM [#3]: Crucial Technology CT16G48C40U5.C8A1 (P0 CHANNEL B/DIMM 1),DDR5 DIMM [#3]: Crucial Technology CT16G48C40U5.C8A1 (P0 CHANNEL B/DIMM 1),DDR5 DIMM [#3]: Crucial Technology CT16G48C40U5.C8A1 (P0 CHANNEL B/DIMM 1),DDR5 DIMM [#3]: Crucial Technology CT16G48C40U5.C8A1 (P0 CHANNEL B/DIMM 1),DDR5 DIMM [#3]: Crucial Technology CT16G48C40U5.C8A1 (P0 CHANNEL B/DIMM 1),DDR5 DIMM [#3]: Crucial Technology CT16G48C40U5.C8A1 (P0 CHANNEL B/DIMM 1),S.M.A.R.T.: ST4000DM004-2CV104 (ZFN3PQ44) [D:],S.M.A.R.T.: ST4000DM004-2CV104 (ZFN3PQ44) [D:],S.M.A.R.T.: ST4000DM004-2CV104 (ZFN3PQ44) [D:],S.M.A.R.T.: ST4000DM004-2CV104 (ZFN3PQ44) [D:],S.M.A.R.T.: ST4000DM004-2CV104 (ZFN3PQ44) [D:],S.M.A.R.T.: ST4000DM004-2CV104 (ZFN3PQ44) [D:],S.M.A.R.T.: ST4000DM004-2CV104 (ZFN3PQ44) [D:],S.M.A.R.T.: ST4000DM004-2CV104 (ZFN3PQ44) [D:],S.M.A.R.T.: WD Blue SA510 2.5 1000GB (23163F480406) [F:  G:],S.M.A.R.T.: WD Blue SA510 2.5 1000GB (23163F480406) [F:  G:],S.M.A.R.T.: WD Blue SA510 2.5 1000GB (23163F480406) [F:  G:],S.M.A.R.T.: WD Blue SA510 2.5 1000GB (23163F480406) [F:  G:],S.M.A.R.T.: WD Blue SA510 2.5 1000GB (23163F480406) [F:  G:],S.M.A.R.T.: WD Blue SA510 2.5 1000GB (23163F480406) [F:  G:],S.M.A.R.T.: WD Blue SA510 2.5 1000GB (23163F480406) [F:  G:],S.M.A.R.T.: ADATA LEGEND 800 (2N50291G57EC) [C:],S.M.A.R.T.: ADATA LEGEND 800 (2N50291G57EC) [C:],S.M.A.R.T.: ADATA LEGEND 800 (2N50291G57EC) [C:],S.M.A.R.T.: ADATA LEGEND 800 (2N50291G57EC) [C:],S.M.A.R.T.: ADATA LEGEND 800 (2N50291G57EC) [C:],S.M.A.R.T.: ADATA LEGEND 800 (2N50291G57EC) [C:],S.M.A.R.T.: ADATA LEGEND 800 (2N50291G57EC) [C:],S.M.A.R.T.: ADATA LEGEND 800 (2N50291G57EC) [C:],S.M.A.R.T.: ADATA LEGEND 800 (2N50291G57EC) [C:],Drive: ST4000DM004-2CV104 (ZFN3PQ44) [D:],Drive: ST4000DM004-2CV104 (ZFN3PQ44) [D:],Drive: ST4000DM004-2CV104 (ZFN3PQ44) [D:],Drive: ST4000DM004-2CV104 (ZFN3PQ44) [D:],Drive: ST4000DM004-2CV104 (ZFN3PQ44) [D:],Drive: ST4000DM004-2CV104 (ZFN3PQ44) [D:],Drive: ST4000DM004-2CV104 (ZFN3PQ44) [D:],Drive: WD Blue SA510 2.5 1000GB (23163F480406) [F:  G:],Drive: WD Blue SA510 2.5 1000GB (23163F480406) [F:  G:],Drive: WD Blue SA510 2.5 1000GB (23163F480406) [F:  G:],Drive: WD Blue SA510 2.5 1000GB (23163F480406) [F:  G:],Drive: WD Blue SA510 2.5 1000GB (23163F480406) [F:  G:],Drive: WD Blue SA510 2.5 1000GB (23163F480406) [F:  G:],Drive: WD Blue SA510 2.5 1000GB (23163F480406) [F:  G:],Drive: ADATA LEGEND 800 (2N50291G57EC) [C:],Drive: ADATA LEGEND 800 (2N50291G57EC) [C:],Drive: ADATA LEGEND 800 (2N50291G57EC) [C:],Drive: ADATA LEGEND 800 (2N50291G57EC) [C:],Drive: ADATA LEGEND 800 (2N50291G57EC) [C:],Drive: ADATA LEGEND 800 (2N50291G57EC) [C:],Drive: ADATA LEGEND 800 (2N50291G57EC) [C:],iGPU [#1]: AMD Radeon,iGPU [#1]: AMD Radeon,iGPU [#1]: AMD Radeon,iGPU [#1]: AMD Radeon,iGPU [#1]: AMD Radeon,iGPU [#1]: AMD Radeon,iGPU [#1]: AMD Radeon,iGPU [#1]: AMD Radeon,iGPU [#1]: AMD Radeon,iGPU [#1]: AMD Radeon,iGPU [#1]: AMD Radeon,iGPU [#1]: AMD Radeon,iGPU [#1]: AMD Radeon,iGPU [#1]: AMD Radeon,iGPU [#1]: AMD Radeon,iGPU [#1]: AMD Radeon,iGPU [#1]: AMD Radeon,iGPU [#1]: AMD Radeon,iGPU [#1]: AMD Radeon,iGPU [#1]: AMD Radeon,iGPU [#1]: AMD Radeon,iGPU [#1]: AMD Radeon,dGPU [#0]: NVIDIA GeForce RTX 4070 SUPER: Palit RTX 4070 SUPER,dGPU [#0]: NVIDIA GeForce RTX 4070 SUPER: Palit RTX 4070 SUPER,dGPU [#0]: NVIDIA GeForce RTX 4070 SUPER: Palit RTX 4070 SUPER,dGPU [#0]: NVIDIA GeForce RTX 4070 SUPER: Palit RTX 4070 SUPER,dGPU [#0]: NVIDIA GeForce RTX 4070 SUPER: Palit RTX 4070 SUPER,dGPU [#0]: NVIDIA GeForce RTX 4070 SUPER: Palit RTX 4070 SUPER,dGPU [#0]: NVIDIA GeForce RTX 4070 SUPER: Palit RTX 4070 SUPER,dGPU [#0]: NVIDIA GeForce RTX 4070 SUPER: Palit RTX 4070 SUPER,dGPU [#0]: NVIDIA GeForce RTX 4070 SUPER: Palit RTX 4070 SUPER,dGPU [#0]: NVIDIA GeForce RTX 4070 SUPER: Palit RTX 4070 SUPER,dGPU [#0]: NVIDIA GeForce RTX 4070 SUPER: Palit RTX 4070 SUPER,dGPU [#0]: NVIDIA GeForce RTX 4070 SUPER: Palit RTX 4070 SUPER,dGPU [#0]: NVIDIA GeForce RTX 4070 SUPER: Palit RTX 4070 SUPER,dGPU [#0]: NVIDIA GeForce RTX 4070 SUPER: Palit RTX 4070 SUPER,dGPU [#0]: NVIDIA GeForce RTX 4070 SUPER: Palit RTX 4070 SUPER,dGPU [#0]: NVIDIA GeForce RTX 4070 SUPER: Palit RTX 4070 SUPER,dGPU [#0]: NVIDIA GeForce RTX 4070 SUPER: Palit RTX 4070 SUPER,dGPU [#0]: NVIDIA GeForce RTX 4070 SUPER: Palit RTX 4070 SUPER,dGPU [#0]: NVIDIA GeForce RTX 4070 SUPER: Palit RTX 4070 SUPER,dGPU [#0]: NVIDIA GeForce RTX 4070 SUPER: Palit RTX 4070 SUPER,dGPU [#0]: NVIDIA GeForce RTX 4070 SUPER: Palit RTX 4070 SUPER,dGPU [#0]: NVIDIA GeForce RTX 4070 SUPER: Palit RTX 4070 SUPER,dGPU [#0]: NVIDIA GeForce RTX 4070 SUPER: Palit RTX 4070 SUPER,dGPU [#0]: NVIDIA GeForce RTX 4070 SUPER: Palit RTX 4070 SUPER,dGPU [#0]: NVIDIA GeForce RTX 4070 SUPER: Palit RTX 4070 SUPER,dGPU [#0]: NVIDIA GeForce RTX 4070 SUPER: Palit RTX 4070 SUPER,dGPU [#0]: NVIDIA GeForce RTX 4070 SUPER: Palit RTX 4070 SUPER,dGPU [#0]: NVIDIA GeForce RTX 4070 SUPER: Palit RTX 4070 SUPER,dGPU [#0]: NVIDIA GeForce RTX 4070 SUPER: Palit RTX 4070 SUPER,dGPU [#0]: NVIDIA GeForce RTX 4070 SUPER: Palit RTX 4070 SUPER,dGPU [#0]: NVIDIA GeForce RTX 4070 SUPER: Palit RTX 4070 SUPER,dGPU [#0]: NVIDIA GeForce RTX 4070 SUPER: Palit RTX 4070 SUPER,dGPU [#0]: NVIDIA GeForce RTX 4070 SUPER: Palit RTX 4070 SUPER,dGPU [#0]: NVIDIA GeForce RTX 4070 SUPER: Palit RTX 4070 SUPER,dGPU [#0]: NVIDIA GeForce RTX 4070 SUPER: Palit RTX 4070 SUPER,dGPU [#0]: NVIDIA GeForce RTX 4070 SUPER: Palit RTX 4070 SUPER,dGPU [#0]: NVIDIA GeForce RTX 4070 SUPER: Palit RTX 4070 SUPER,dGPU [#0]: NVIDIA GeForce RTX 4070 SUPER: Palit RTX 4070 SUPER,dGPU [#0]: NVIDIA GeForce RTX 4070 SUPER: Palit RTX 4070 SUPER,dGPU [#0]: NVIDIA GeForce RTX 4070 SUPER: Palit RTX 4070 SUPER,dGPU [#0]: NVIDIA GeForce RTX 4070 SUPER: Palit RTX 4070 SUPER,dGPU [#0]: NVIDIA GeForce RTX 4070 SUPER: Palit RTX 4070 SUPER,dGPU [#0]: NVIDIA GeForce RTX 4070 SUPER: Palit RTX 4070 SUPER,dGPU [#0]: NVIDIA GeForce RTX 4070 SUPER: Palit RTX 4070 SUPER,dGPU [#0]: NVIDIA GeForce RTX 4070 SUPER: Palit RTX 4070 SUPER,dGPU [#0]: NVIDIA GeForce RTX 4070 SUPER: Palit RTX 4070 SUPER,dGPU [#0]: NVIDIA GeForce RTX 4070 SUPER: Palit RTX 4070 SUPER,dGPU [#0]: NVIDIA GeForce RTX 4070 SUPER: Palit RTX 4070 SUPER,dGPU [#0]: NVIDIA GeForce RTX 4070 SUPER: Palit RTX 4070 SUPER,dGPU [#0]: NVIDIA GeForce RTX 4070 SUPER: Palit RTX 4070 SUPER,dGPU [#0]: NVIDIA GeForce RTX 4070 SUPER: Palit RTX 4070 SUPER,dGPU [#0]: NVIDIA GeForce RTX 4070 SUPER: Palit RTX 4070 SUPER,dGPU [#0]: NVIDIA GeForce RTX 4070 SUPER: Palit RTX 4070 SUPER,dGPU [#0]: NVIDIA GeForce RTX 4070 SUPER: Palit RTX 4070 SUPER,dGPU [#0]: NVIDIA GeForce RTX 4070 SUPER: Palit RTX 4070 SUPER,dGPU [#0]: NVIDIA GeForce RTX 4070 SUPER: Palit RTX 4070 SUPER,dGPU [#0]: NVIDIA GeForce RTX 4070 SUPER: Palit RTX 4070 SUPER,dGPU [#0]: NVIDIA GeForce RTX 4070 SUPER: Palit RTX 4070 SUPER,dGPU [#0]: NVIDIA GeForce RTX 4070 SUPER: Palit RTX 4070 SUPER,dGPU [#0]: NVIDIA GeForce RTX 4070 SUPER: Palit RTX 4070 SUPER,dGPU [#0]: NVIDIA GeForce RTX 4070 SUPER: Palit RTX 4070 SUPER,dGPU [#0]: NVIDIA GeForce RTX 4070 SUPER: Palit RTX 4070 SUPER,dGPU [#0]: NVIDIA GeForce RTX 4070 SUPER: Palit RTX 4070 SUPER,dGPU [#0]: NVIDIA GeForce RTX 4070 SUPER: Palit RTX 4070 SUPER,dGPU [#0]: NVIDIA GeForce RTX 4070 SUPER: Palit RTX 4070 SUPER,dGPU [#0]: NVIDIA GeForce RTX 4070 SUPER: Palit RTX 4070 SUPER,dGPU [#0]: NVIDIA GeForce RTX 4070 SUPER: Palit RTX 4070 SUPER,dGPU [#0]: NVIDIA GeForce RTX 4070 SUPER: Palit RTX 4070 SUPER,dGPU [#0]: NVIDIA GeForce RTX 4070 SUPER: Palit RTX 4070 SUPER,dGPU [#0]: NVIDIA GeForce RTX 4070 SUPER: Palit RTX 4070 SUPER,dGPU [#0]: NVIDIA GeForce RTX 4070 SUPER: Palit RTX 4070 SUPER,dGPU [#0]: NVIDIA GeForce RTX 4070 SUPER: Palit RTX 4070 SUPER,dGPU [#0]: NVIDIA GeForce RTX 4070 SUPER: Palit RTX 4070 SUPER,dGPU [#0]: NVIDIA GeForce RTX 4070 SUPER: Palit RTX 4070 SUPER,dGPU [#0]: NVIDIA GeForce RTX 4070 SUPER: Palit RTX 4070 SUPER,dGPU [#0]: NVIDIA GeForce RTX 4070 SUPER: Palit RTX 4070 SUPER,dGPU [#0]: NVIDIA GeForce RTX 4070 SUPER: Palit RTX 4070 SUPER,dGPU [#0]: NVIDIA GeForce RTX 4070 SUPER: Palit RTX 4070 SUPER,dGPU [#0]: NVIDIA GeForce RTX 4070 SUPER: Palit RTX 4070 SUPER,dGPU [#0]: NVIDIA GeForce RTX 4070 SUPER: Palit RTX 4070 SUPER,dGPU [#0]: NVIDIA GeForce RTX 4070 SUPER: Palit RTX 4070 SUPER,dGPU [#0]: NVIDIA GeForce RTX 4070 SUPER: Palit RTX 4070 SUPER,dGPU [#0]: NVIDIA GeForce RTX 4070 SUPER: Palit RTX 4070 SUPER,dGPU [#0]: NVIDIA GeForce RTX 4070 SUPER: Palit RTX 4070 SUPER,dGPU [#0]: NVIDIA GeForce RTX 4070 SUPER: Palit RTX 4070 SUPER,dGPU [#0]: NVIDIA GeForce RTX 4070 SUPER: Palit RTX 4070 SUPER,dGPU [#0]: NVIDIA GeForce RTX 4070 SUPER: Palit RTX 4070 SUPER,dGPU [#0]: NVIDIA GeForce RTX 4070 SUPER: Palit RTX 4070 SUPER,PresentMon [parsecd.exe],PresentMon [parsecd.exe],PresentMon [parsecd.exe],PresentMon [parsecd.exe],PresentMon [parsecd.exe],PresentMon [parsecd.exe],PresentMon [parsecd.exe],PresentMon [parsecd.exe],PresentMon [parsecd.exe],PresentMon [parsecd.exe],PresentMon [parsecd.exe],PresentMon [parsecd.exe],PresentMon [parsecd.exe],PresentMon [parsecd.exe],PresentMon [parsecd.exe],PresentMon [parsecd.exe],PresentMon [parsecd.exe],PresentMon [parsecd.exe],PresentMon [parsecd.exe],PresentMon [parsecd.exe],PresentMon [parsecd.exe],PresentMon [parsecd.exe],PresentMon [parsecd.exe],ネットワーク: Intel Wi-Fi 6E AX210 160MHz - Wi-Fi,ネットワーク: Intel Wi-Fi 6E AX210 160MHz - Wi-Fi,ネットワーク: Intel Wi-Fi 6E AX210 160MHz - Wi-Fi,ネットワーク: Intel Wi-Fi 6E AX210 160MHz - Wi-Fi,ネットワーク: RealTek Semiconductor RTL8125 Gaming 2.5GbE Family Ethernet Controller - イーサネット,ネットワーク: RealTek Semiconductor RTL8125 Gaming 2.5GbE Family Ethernet Controller - イーサネット,ネットワーク: RealTek Semiconductor RTL8125 Gaming 2.5GbE Family Ethernet Controller - イーサネット,ネットワーク: RealTek Semiconductor RTL8125 Gaming 2.5GbE Family Ethernet Controller - イーサネット,Windows Hardware Errors (WHEA),
