Date,Time,"コミット済み仮想メモリ [MB]","利用可能な仮想メモリ [MB]","仮想メモリ使用率 [%]","使用済み物理メモリ [MB]","利用可能な物理メモリ [MB]","物理メモリ使用率 [%]","ページ ファイル使用率 [%]","Page File Total [MB]","Page File Used [MB]","Core VIDs (avg) [V]","Core 0 VID [V]","Core 1 VID [V]","Core 2 VID [V]","Core 3 VID [V]","Core 4 VID [V]","Core 5 VID [V]","コア クロック (avg) [MHz]","Core 0 クロック (perf #3/4) [MHz]","Core 1 クロック (perf #1/1) [MHz]","Core 2 クロック (perf #1/2) [MHz]","Core 3 クロック (perf #2/3) [MHz]","Core 4 クロック (perf #5/6) [MHz]","Core 5 クロック (perf #4/5) [MHz]","バス クロック [MHz]","コア実効クロック (avg) [MHz]","Core 0 T0 実効クロック [MHz]","Core 0 T1 実効クロック [MHz]","Core 1 T0 実効クロック [MHz]","Core 1 T1 実効クロック [MHz]","Core 2 T0 実効クロック [MHz]","Core 2 T1 実効クロック [MHz]","Core 3 T0 実効クロック [MHz]","Core 3 T1 実効クロック [MHz]","Core 4 T0 実効クロック [MHz]","Core 4 T1 実効クロック [MHz]","Core 5 T0 実効クロック [MHz]","Core 5 T1 実効クロック [MHz]","平均実効クロック [MHz]","コア使用率 (avg) [%]","Core 0 T0 使用率 [%]","Core 0 T1 使用率 [%]","Core 1 T0 使用率 [%]","Core 1 T1 使用率 [%]","Core 2 T0 使用率 [%]","Core 2 T1 使用率 [%]","Core 3 T0 使用率 [%]","Core 3 T1 使用率 [%]","Core 4 T0 使用率 [%]","Core 4 T1 使用率 [%]","Core 5 T0 使用率 [%]","Core 5 T1 使用率 [%]","最大CPU/スレッド使用率 [%]","総 CPU 使用率 [%]","コア使用率 (avg) [%]","Core 0 T0 使用率 [%]","Core 0 T1 使用率 [%]","Core 1 T0 使用率 [%]","Core 1 T1 使用率 [%]","Core 2 T0 使用率 [%]","Core 2 T1 使用率 [%]","Core 3 T0 使用率 [%]","Core 3 T1 使用率 [%]","Core 4 T0 使用率 [%]","Core 4 T1 使用率 [%]","Core 5 T0 使用率 [%]","Core 5 T1 使用率 [%]","総 CPU 使用率 [%]","コア クロック マルチプライヤー (avg) [x]","Core 0 倍率 [x]","Core 1 倍率 [x]","Core 2 倍率 [x]","Core 3 倍率 [x]","Core 4 倍率 [x]","Core 5 倍率 [x]","Package C6 在留率 [%]","Core C0 在留率 (avg) [%]","Core 0 C0 在留率 [%]","Core 1 C0 在留率 [%]","Core 2 C0 在留率 [%]","Core 3 C0 在留率 [%]","Core 4 C0 在留率 [%]","Core 5 C0 在留率 [%]","Core C1 在留率 (avg) [%]","Core 0 C1 在留率 [%]","Core 1 C1 在留率 [%]","Core 2 C1 在留率 [%]","Core 3 C1 在留率 [%]","Core 4 C1 在留率 [%]","Core 5 C1 在留率 [%]","Core C6 在留率 (avg) [%]","Core 0 C6 在留率 [%]","Core 1 C6 在留率 [%]","Core 2 C6 在留率 [%]","Core 3 C6 在留率 [%]","Core 4 C6 在留率 [%]","Core 5 C6 在留率 [%]","メモリ クロック [MHz]","メモリ クロック マルチプライヤー [x]","Tcas [T]","Trcd [T]","Trp [T]","Tras [T]","Trc [T]","Trfc [T]","Command Rate [T]","CPU (Tctl/Tdie) [℃]","CPU ケース (平均) [℃]","CPU CCD1 (Tdie) [℃]","コア温度 (avg) [℃]","Core0 (CCD1) [℃]","Core1 (CCD1) [℃]","Core2 (CCD1) [℃]","Core3 (CCD1) [℃]","Core4 (CCD1) [℃]","Core5 (CCD1) [℃]","L3 温度 (avg) [℃]","L3 キャッシュ (CCD1) [℃]","CPU IOD Hotspot [℃]","CPU IOD 平均 [℃]","CPU VDDCR_VDD VRM (SVI3 TFN) [℃]","CPU VDDCR_SOC VRM (SVI3 TFN) [℃]","CPU VDD_MISC VRM (SVI3 TFN) [℃]","CPU VDDCR_VDD 電圧 (SVI3 TFN) [V]","CPU VDDCR_SOC 電圧 (SVI3 TFN) [V]","CPU VDD_MISC 電圧 (SVI3 TFN) [V]","CPU コア電流 (SVI3 TFN) [A]","SoC 電流 (SVI3 TFN) [A]","CPU TDC [A]","CPU EDC [A]","MISC 電流 (SVI3 TFN) [A]","CPU パッケージ電力 [W]","コア電力 (avg) [W]","Core 0 電力 [W]","Core 1 電力 [W]","Core 2 電力 [W]","Core 3 電力 [W]","Core 4 電力 [W]","Core 5 電力 [W]","CPU コア電力 (SVI3 TFN) [W]","CPU SoC 電力 (SVI3 TFN) [W]","Core+SoC+MISC 電力 (SVI3 TFN) [W]","CPU PPT [W]","Infinity Fabric クロック (FCLK) [MHz]","メモリ コントローラー クロック (UCLK) [MHz]","L3 クロック (avg) [MHz]","L3 キャッシュ (CCD1) [MHz]","周波数制限 - グローバル [MHz]","CPU PPT Limit [%]","CPU TDC 制限 [%]","CPU EDC 制限 [%]","CPU PPT FAST Limit [%]","Thermal Limit [%]","サーマル スロットリング (HTC) [Yes/No]","サーマル スロットリング (PROCHOT CPU) [Yes/No]","サーマル スロットリング (PROCHOT EXT) [Yes/No]","DRAM 読み取り帯域幅 [GB/s]","DRAM 書き込み帯域幅 [GB/s]","アクティブ コアの平均数 []","マザーボード [℃]","CPU [℃]","CPU (PECI) [℃]","PCH TSI0 [℃]","Vcore [V]","+12V [V]","+3.3V (AVCC) [V]","+3.3V (3VCC) [V]","+5V [V]","+1.05_ALW [V]","VIN4 [V]","3VSB [V]","VBAT [V]","VTT [V]","VDDCR_SOC [V]","VDD_MISC [V]","VIN2 [V]","+1.8V [V]","DRAM [V]","VIN9 [V]","VHIF [V]","VIN10 [V]","CPU1 [RPM]","シャーシへの侵入 [Yes/No]","チップセット 1 (xHCI) [℃]","SPD Hub 温度 [℃]","VDD (SWA) 電圧 [V]","VDDQ (SWB) 電圧 [V]","VPP (SWC) 電圧 [V]","1.8V VOUT 電圧 [V]","1.0V VOUT 電圧 [V]","VIN 電圧 [V]","総電力 [W]","PMIC 高温 [Yes/No]","PMIC Over Voltage [Yes/No]","PMIC Over Voltage [Yes/No]","SPD Hub 温度 [℃]","VDD (SWA) 電圧 [V]","VDDQ (SWB) 電圧 [V]","VPP (SWC) 電圧 [V]","1.8V VOUT 電圧 [V]","1.0V VOUT 電圧 [V]","VIN 電圧 [V]","総電力 [W]","PMIC 高温 [Yes/No]","PMIC Over Voltage [Yes/No]","PMIC Over Voltage [Yes/No]","ディスク温度 [℃]","ディスク気流温度 [℃]","ディスク障害 [Yes/No]","ディスク警告 [Yes/No]","総計ホスト書き込み [GB]","総計ホスト読み取り [GB]","警告: 現在保留中のセクター数: []","警告: オフライン訂正不可能なセクター数: []","ディスク温度 [℃]","ディスクの残り寿命 [%]","ディスク障害 [Yes/No]","ディスク警告 [Yes/No]","総計ホスト書き込み [GB]","総計 NAND 書き込み [GB]","総計ホスト読み取り [GB]","ディスク温度 [℃]","ディスク温度 2 [℃]","ディスク温度 3 [℃]","ディスクの残り寿命 [%]","ディスクの利用可能なスペア [%]","ディスク障害 [Yes/No]","ディスク警告 [Yes/No]","総計ホスト書き込み [GB]","総計ホスト読み取り [GB]","読み取り活動率 [%]","書き込み活動率 [%]","総活動率 [%]","読み取り速度 [MB/s]","書き込み速度 [MB/s]","総計読み取り [MB]","総計書き込み [MB]","読み取り活動率 [%]","書き込み活動率 [%]","総活動率 [%]","読み取り速度 [MB/s]","書き込み速度 [MB/s]","総計読み取り [MB]","総計書き込み [MB]","読み取り活動率 [%]","書き込み活動率 [%]","総活動率 [%]","読み取り速度 [MB/s]","書き込み速度 [MB/s]","総計読み取り [MB]","総計書き込み [MB]","GPU 温度 [℃]","GPU コア電圧 (VDDCR_GFX) [V]","GPU コア電力 (VDDCR_GFX) [W]","GPU クロック [MHz]","GPU メモリ クロック [MHz]","GPU SoC クロック [MHz]","GPU VCN クロック [MHz]","GPU 使用率 [%]","GPU D3D 使用率 [%]","GPU D3D 使用率 (avg) [%]","GPU Video Decode 0 使用率 [%]","GPU Video Decode 1 使用率 [%]","GPU Computing (Compute 0) 使用率 [%]","GPU Computing (Compute 1) 使用率 [%]","GPU Computing (High Priority Compute) 使用率 [%]","GPU D3D 専用メモリ [MB]","GPU D3D 共有メモリ [MB]","PCIe リンク速度 [GT/s]","GPU メモリ使用 [MB]","スロットルの理由 - 電力 [Yes/No]","スロットルの理由 - サーマル [Yes/No]","スロットルの理由 - 電流 [Yes/No]","GPU 温度 [℃]","GPU メモリ ジャンクション温度 [℃]","GPU ホットスポット温度 [℃]","GPU 熱制限 [℃]","GPU コア電圧 [V]","GPU レール電圧 (avg) [V]","GPU FBVDD 入力電圧 [V]","GPU PCIe +12V 入力電圧 [V]","GPU 12VHPWR 電圧 [V]","GPU Misc0 入力電圧 [V]","GPU ファン1 [RPM]","GPU ファン2 [RPM]","GPU 電力 [W]","GPU レール電力 (avg) [W]","GPU Core (NVVDD) 入力電力 (合計) [W]","GPU FBVDD 入力電力 [W]","GPU PCIe +12V 入力電力 [W]","GPU 12VHPWR 電力 [W]","GPU Misc0 入力電力 [W]","GPU 入力 PP ソース 電力 (合計) [W]","GPU Core (NVVDD) 出力電力 [W]","GPU Core (NVVDD) 出力電力 [W]","GPU 電力制限 (定格) [W]","GPU 電力制限 (最大) [W]","GPU クロック [MHz]","GPU メモリ クロック [MHz]","GPU ビデオ クロック [MHz]","GPU 実効クロック [MHz]","GPU Crossbar クロック [MHz]","GPU クロック (実測値) [MHz]","GPU メモリ クロック (実測値) [MHz]","GPU クロスバー クロック (実測値) [MHz]","GPU コア使用率 [%]","GPU メモリ コントローラー使用率 [%]","GPU ビデオ エンジン使用率 [%]","GPU バス使用率 [%]","GPU メモリ使用 [%]","GPU D3D 使用率 (avg) [%]","GPU D3D 使用率 [%]","GPU Video Decode 0 使用率 [%]","GPU Video Encode 0 使用率 [%]","GPU VR 使用率 [%]","GPU ファン1 [%]","GPU ファン2 [%]","GPU パフォーマンス制限 (avg) [Yes/No]","パフォーマンス制限 - 電力 [Yes/No]","パフォーマンス制限 - サーマル [Yes/No]","パフォーマンス制限 - 信頼性電圧 [Yes/No]","パフォーマンス制限 - 最大動作電圧 [Yes/No]","パフォーマンス制限 - 使用率 [Yes/No]","パフォーマンス制限 - SLI GPUBoost Sync [Yes/No]","総 GPU 電力 [TDP の割合] [%]","総 GPU 電力 (標準化) [TDP の割合] [%]","PCI Express Error Counters (avg) []","Receiver Errors []","Replay Count []","Replay Rollover Count []","Bad DLLP Count []","Bad TLP Count []","LCRC Error Count []","NAKs Sent Count []","NAKs Received Count []","Recovery Count []","Correctable Error Count []","Non-Fatal Error Count []","Fatal Error Count []","Unsupported Request Count []","PCIe Lane 0 Errors []","PCIe Lane 1 Errors []","PCIe Lane 2 Errors []","PCIe Lane 3 Errors []","PCIe Lane 4 Errors []","PCIe Lane 5 Errors []","PCIe Lane 6 Errors []","PCIe Lane 7 Errors []","PCIe Lane 8 Errors []","PCIe Lane 9 Errors []","PCIe Lane 10 Errors []","PCIe Lane 11 Errors []","PCIe Lane 12 Errors []","PCIe Lane 13 Errors []","PCIe Lane 14 Errors []","PCIe Lane 15 Errors []","利用可能な GPU メモリ [MB]","割り当てられた GPU メモリ [MB]","GPU D3D 専用メモリ [MB]","GPU D3D 共有メモリ [MB]","PCIe リンク速度 [GT/s]","フレーム レート Presented (avg) [FPS]","フレーム レート Presented (99%) [FPS]","フレーム レート Presented (1%) [FPS]","フレーム レート Presented (0.1%) [FPS]","フレーム レート Presented (1% low) [FPS]","フレーム レート Presented (0.1% low) [FPS]","フレーム レート Displayed (avg) [FPS]","フレーム レート Displayed (99%) [FPS]","フレーム レート Displayed (1%) [FPS]","フレーム レート Displayed (0.1%) [FPS]","フレーム レート Displayed (1% low) [FPS]","フレーム レート Displayed (0.1% low) [FPS]","Frame Time Presented (avg) [ms]","Frame Time Presented (99%) [ms]","Frame Time Presented (1%) [ms]","Frame Time Presented (0.1%) [ms]","Frame Time Displayed (1% high) [ms]","Frame Time Displayed (0.1% high) [ms]","GPU Busy (avg) [ms]","GPU Wait (avg) [ms]","CPU Busy (avg) [ms]","CPU Wait (avg) [ms]","Animation Error (avg) [ms]","総計ダウンロード [MB]","総計アップロード [MB]","現在のダウンロード速度 [KB/s]","現在のアップロード速度 [KB/s]","総計ダウンロード [MB]","総計アップロード [MB]","現在のダウンロード速度 [KB/s]","現在のアップロード速度 [KB/s]","エラー総数 []",
19.7.2026,0:54:51.074,28222,5689,83.2,13994,17869,43.9,1.0,2048,21,1.245,1.270,1.240,1.240,1.240,1.240,1.240,4455.3,5140.7,5140.7,4112.6,4112.6,4112.6,4112.6,99.8,1595.6,2656.8,1068.0,2291.8,1752.6,3462.0,1687.6,1384.8,1427.3,742.3,823.8,931.0,919.8,1595.6,30.6,44.0,20.7,44.6,33.5,68.0,32.7,25.8,29.0,14.8,17.2,18.3,18.3,68.0,30.6,40.5,59.2,27.7,59.1,44.7,90.9,44.1,35.0,37.0,19.2,21.3,24.0,23.9,40.5,44.6,51.5,51.5,41.2,41.2,41.2,41.2,0.0,48.4,54.7,62.4,83.7,40.9,22.3,26.6,45.0,45.3,37.6,16.3,59.1,47.5,64.1,6.6,0.0,0.0,0.0,0.0,30.2,9.3,2395.7,24.00,40,39,39,77,116,708,1,79.0,73.8,66.9,63.8,60.1,67.6,71.9,64.5,57.0,61.5,56.3,56.3,62.0,56.3,44.0,43.0,45.0,1.251,1.015,1.100,24.810,8.118,24.804,59.000,6.102,52.438,4.613,4.416,5.718,7.172,4.545,2.499,3.327,31.041,8.239,45.992,51.330,1996.4,2395.7,5096.2,5096.2,5100.6,58.3,33.1,39.3,58.3,86.8,いいえ,いいえ,いいえ,5.453,2.760,2.9,39.0,78.5,40.0,78.0,1.280,12.144,3.440,3.328,5.016,1.072,1.040,3.440,3.328,1.808,1.024,1.120,1.032,1.792,1.104,0.768,1.824,0.256,1962,いいえ,57.4,41.0,1.095,1.110,1.800,1.800,1.005,4.970,0.500,いいえ,いいえ,いいえ,40.8,1.095,1.110,1.800,1.800,1.005,4.970,0.625,いいえ,いいえ,いいえ,37,37,いいえ,はい,15388,14039,128,128,34,100.0,いいえ,いいえ,3868,2528,9990,38,40,48,100.0,100.0,いいえ,いいえ,7032,7744,0.0,0.1,0.1,0.000,0.030,1392,1009,0.0,0.0,0.0,0.000,0.000,181182,133153,0.0,2.1,2.1,0.008,0.961,66319,77646,57.8,0.720,42.000,600.0,2400.0,1200.0,100.0,0.0,0.0,0.0,0.0,0.0,0.0,0.0,0.0,125,2,16.0,86,いいえ,いいえ,いいえ,53.8,58.0,64.2,84.0,1.100,12.290,12.301,12.234,12.323,12.300,850,900,47.117,18.702,27.393,7.356,16.161,31.067,3.678,19.845,21.861,22.256,220.000,220.000,2790.0,1281.5,2145.0,2784.7,2235.0,2787.5,1279.9,2235.0,1.0,0.0,2.0,0.0,87.5,22.1,87.0,0.0,1.6,0.0,31,31,はい,いいえ,いいえ,はい,いいえ,いいえ,いいえ,21.5,21.9,0,0,0,0,0,0,0,0,0,0,0,0,0,0,0,0,0,0,0,0,0,0,0,0,0,0,0,0,0,0,1537,10745,10469,613,16.0,6.0,365.4,1.6,1.5,1.5,1.5,3.0,43.4,1.6,1.5,1.5,1.5,167.94,632.37,2.77,2.74,651.51,651.51,128.63,39.18,167.77,0.18,486.24,0,0,0.0,0.0,44291,38974,13.4,405.6,0,
19.7.2026,0:54:53.074,28063,5848,82.7,14112,17750,44.2,1.0,2048,21,1.240,1.240,1.240,1.240,1.240,1.240,1.240,3941.2,4112.6,5140.7,4112.6,3427.2,3427.2,3427.2,99.8,759.1,1569.3,169.1,2577.7,1415.5,1509.0,833.8,367.7,300.6,82.9,67.8,119.9,95.6,759.1,14.4,29.0,3.4,50.3,26.7,28.2,16.8,6.0,5.9,1.6,1.2,2.3,1.9,50.3,14.4,19.0,36.4,4.2,67.6,36.3,37.6,21.7,8.1,7.3,2.0,1.6,2.8,2.3,19.0,39.5,41.2,51.5,41.2,34.3,34.3,34.3,0.0,30.4,35.8,77.0,47.0,14.8,3.2,4.9,52.0,64.2,23.0,53.0,85.2,35.2,51.5,17.5,0.0,0.0,0.0,0.0,61.6,43.7,2395.7,24.00,40,39,39,77,116,708,1,75.6,65.8,64.9,57.1,55.4,63.8,60.8,56.3,52.2,54.1,54.6,54.6,61.8,56.3,44.0,43.0,45.0,1.241,1.015,1.100,17.295,7.879,17.307,40.500,6.120,42.287,2.674,2.927,4.908,3.958,2.479,0.714,1.058,21.482,7.997,36.211,41.254,1996.4,2395.7,5149.8,5149.8,5148.2,46.9,23.1,27.0,46.9,77.4,いいえ,いいえ,いいえ,0.881,0.304,1.8,39.0,79.1,40.0,79.0,1.280,12.144,3.456,3.328,5.040,1.064,1.040,3.440,3.328,1.808,1.024,1.120,1.032,1.792,1.096,0.768,1.824,0.256,2027,いいえ,57.4,41.2,1.095,1.110,1.815,1.800,1.005,4.970,0.250,いいえ,いいえ,いいえ,41.0,1.095,1.110,1.800,1.800,1.005,4.970,0.250,いいえ,いいえ,いいえ,37,37,いいえ,はい,15388,14039,128,128,34,100.0,いいえ,いいえ,3868,2528,9990,38,40,47,100.0,100.0,いいえ,いいえ,7032,7744,0.0,0.0,0.0,0.000,0.004,1392,1009,0.0,0.0,0.0,0.000,0.000,181182,133153,0.0,0.1,0.1,0.014,0.272,66319,77647,58.5,0.720,35.000,600.0,2400.0,1200.0,100.0,0.0,0.0,0.0,0.0,0.0,0.0,0.0,0.0,125,2,16.0,86,いいえ,いいえ,いいえ,60.4,60.0,68.2,84.0,1.100,12.188,12.185,12.151,12.231,12.183,1037,1072,50.048,64.913,102.348,23.029,27.741,114.203,11.513,39.197,110.408,90.863,220.000,220.000,2790.0,1281.5,2145.0,1908.1,2235.0,2780.0,1279.5,2233.6,52.0,26.0,1.0,1.0,92.7,24.7,96.7,0.0,1.9,0.0,31,31,はい,いいえ,いいえ,はい,いいえ,いいえ,いいえ,64.3,67.6,0,0,0,0,0,0,0,0,0,0,0,0,0,0,0,0,0,0,0,0,0,0,0,0,0,0,0,0,0,0,900,11382,11105,613,16.0,11.6,64.1,1.1,1.0,1.0,1.0,11.6,60.1,1.1,1.0,1.0,1.0,86.50,900.33,15.59,15.41,999.89,999.89,0.80,15.90,86.50,0.00,83.57,0,0,0.0,0.0,44291,38974,12.5,315.7,0,
19.7.2026,0:54:55.077,27950,5961,82.4,14153,17710,44.4,1.0,2048,21,1.240,1.240,1.240,1.240,1.240,1.240,1.240,4341.1,4112.6,5140.7,5140.7,4112.6,3427.2,4112.6,99.8,705.3,1161.6,199.6,1880.1,2617.0,816.2,886.5,299.7,302.5,68.8,51.0,87.5,93.5,705.3,13.8,21.3,4.8,36.9,51.3,15.1,18.2,5.7,6.9,1.2,0.7,2.2,1.8,51.3,13.8,17.6,24.9,5.0,49.3,68.6,19.1,23.0,6.7,7.5,1.7,1.2,2.0,2.3,17.6,43.5,41.2,51.5,51.5,41.2,34.3,41.2,0.0,28.2,27.9,86.9,34.2,13.5,2.6,4.1,49.8,72.0,13.1,65.8,86.5,21.2,40.1,22.0,0.1,0.0,0.0,0.0,76.2,55.9,2395.7,24.00,40,39,39,77,116,708,1,72.9,65.1,66.4,56.0,54.1,64.1,58.6,55.2,51.2,53.0,54.1,54.1,62.8,56.3,44.0,43.0,45.0,1.239,1.015,1.100,15.881,7.841,15.874,38.500,6.097,40.200,2.371,2.499,5.016,3.323,2.220,0.392,0.775,19.678,7.959,34.343,39.346,1996.4,2395.7,5150.6,5150.6,5148.8,44.7,21.2,25.7,44.7,76.6,いいえ,いいえ,いいえ,0.610,0.198,1.7,39.0,75.9,40.0,75.0,1.272,12.038,3.456,3.296,5.016,1.072,1.040,3.440,3.328,1.808,1.024,1.120,1.032,1.792,1.096,0.768,1.824,0.256,2023,いいえ,57.4,41.2,1.095,1.110,1.815,1.800,1.005,4.970,0.250,いいえ,いいえ,いいえ,40.8,1.095,1.110,1.815,1.800,1.005,4.970,0.250,いいえ,いいえ,いいえ,37,37,いいえ,はい,15388,14039,128,128,34,100.0,いいえ,いいえ,3868,2528,9990,38,40,48,100.0,100.0,いいえ,いいえ,7032,7744,0.0,0.0,0.0,0.000,0.002,1392,1009,0.0,0.0,0.0,0.000,0.000,181182,133153,0.0,0.2,0.2,0.000,0.128,66319,77647,58.2,0.720,25.000,600.0,2400.0,1200.0,100.0,0.0,0.0,0.0,0.0,0.0,0.0,0.0,0.0,125,2,16.0,86,いいえ,いいえ,いいえ,63.9,62.0,72.8,84.0,1.095,12.192,12.189,12.154,12.236,12.188,1166,1185,123.026,49.186,103.965,24.426,28.828,116.490,12.200,40.965,25.814,40.800,220.000,220.000,2775.0,1281.5,2145.0,2777.9,2235.0,2774.1,1280.4,2233.9,89.0,50.0,1.0,0.0,92.0,25.4,100.0,0.0,1.7,0.0,31,31,はい,いいえ,いいえ,はい,いいえ,いいえ,いいえ,69.1,47.1,0,0,0,0,0,0,0,0,0,0,0,0,0,0,0,0,0,0,0,0,0,0,0,0,0,0,0,0,0,0,978,11304,11027,614,16.0,1.2,1.2,1.2,1.2,1.2,1.2,1.2,1.2,1.2,1.2,1.2,1.2,866.50,866.50,866.50,866.50,866.50,866.50,1.22,32.14,866.50,0.00,733.25,0,0,0.0,0.0,44291,38975,12.3,364.0,0,
19.7.2026,0:54:57.073,27865,6045,82.1,14243,17620,44.7,1.0,2048,21,1.236,1.235,1.235,1.235,1.235,1.235,1.240,4283.9,4112.6,4112.6,5140.7,4112.6,4112.6,4112.6,99.8,712.6,1385.5,182.2,830.4,2918.3,723.8,1623.2,274.1,332.4,53.0,57.0,97.0,74.9,712.6,13.3,25.2,3.2,15.3,56.3,11.9,31.7,3.9,6.5,1.2,1.2,1.3,1.7,56.3,13.3,17.8,31.0,4.5,21.3,76.5,16.5,42.6,6.0,8.3,1.2,1.3,2.3,1.8,17.8,42.9,41.2,41.2,51.5,41.2,41.2,41.2,0.0,28.6,32.8,73.1,46.2,13.4,2.4,3.9,49.2,67.2,26.9,53.8,86.6,23.9,37.0,22.1,0.0,0.0,0.0,0.0,73.8,59.0,2395.7,24.00,40,39,39,77,116,708,1,71.0,65.0,64.5,56.1,54.6,62.9,59.8,55.4,51.3,53.0,54.1,54.1,62.2,56.4,44.0,43.0,45.0,1.238,1.015,1.100,16.240,7.788,16.242,37.500,6.122,40.702,2.454,2.726,4.689,3.766,2.282,0.471,0.789,20.121,7.905,34.760,39.777,1996.4,2395.7,5148.8,5148.8,5148.3,45.2,21.7,25.0,45.2,76.5,いいえ,いいえ,いいえ,0.629,0.204,1.7,39.0,73.1,40.0,73.0,1.240,12.091,3.440,3.296,5.040,1.064,1.040,3.440,3.328,1.808,1.024,1.120,1.032,1.792,1.096,0.768,1.824,0.248,2030,いいえ,57.4,41.0,1.095,1.110,1.815,1.800,1.005,4.970,0.250,いいえ,いいえ,いいえ,40.8,1.095,1.110,1.815,1.800,1.005,4.970,0.250,いいえ,いいえ,いいえ,37,37,いいえ,はい,15388,14039,128,128,34,100.0,いいえ,いいえ,3868,2528,9990,38,40,48,100.0,100.0,いいえ,いいえ,7032,7744,0.0,0.1,0.1,0.000,0.008,1392,1009,0.0,0.0,0.0,0.000,0.000,181182,133153,0.0,0.0,0.0,0.000,0.004,66319,77647,58.1,0.720,38.000,600.0,2400.0,1200.0,100.0,0.0,0.0,0.0,0.0,0.0,0.0,0.0,0.0,125,2,16.0,86,いいえ,いいえ,いいえ,59.3,62.0,66.9,84.0,1.095,12.271,12.276,12.227,12.307,12.275,1227,1239,139.479,26.639,49.358,10.434,18.451,54.643,5.217,23.647,24.488,26.876,220.000,220.000,2775.0,1281.5,2145.0,2769.5,2235.0,2770.6,1280.8,2230.0,81.0,24.0,4.0,0.0,92.0,25.6,100.0,0.0,2.2,0.0,31,31,はい,いいえ,いいえ,はい,いいえ,いいえ,いいえ,33.2,70.8,0,0,0,0,0,0,0,0,0,0,0,0,0,0,0,0,0,0,0,0,0,0,0,0,0,0,0,0,0,0,978,11304,11028,614,16.0,4.2,195.4,2.1,2.1,2.1,2.1,4.1,47.2,2.2,2.1,2.1,2.1,237.89,470.65,5.12,0.84,475.40,475.40,0.51,29.24,237.89,0.00,287.84,0,0,0.0,0.0,44291,38976,9.9,321.7,0,
19.7.2026,0:54:59.086,27868,6043,82.1,14250,17613,44.7,1.0,2048,21,1.239,1.235,1.240,1.240,1.240,1.240,1.240,4055.5,4112.6,4112.6,5140.7,4112.6,3427.2,3427.2,99.8,681.4,1162.7,177.2,1006.7,2266.2,1610.1,1171.1,269.4,270.3,39.1,56.6,85.9,61.4,681.4,13.2,21.2,4.0,19.6,43.8,30.2,23.1,4.8,6.0,0.9,1.3,1.9,1.4,43.8,13.2,17.0,25.5,4.4,26.0,59.0,40.4,30.7,6.0,6.7,0.9,1.4,2.0,1.5,17.0,40.6,41.2,41.2,51.5,41.2,34.3,34.3,0.0,27.1,27.8,63.5,54.2,11.9,2.0,3.4,46.9,72.2,36.5,45.8,88.1,11.4,27.4,26.0,0.0,0.0,0.0,0.0,86.5,69.3,2395.7,24.00,40,39,39,77,116,708,1,69.6,64.8,65.0,55.7,54.0,61.6,60.5,55.0,50.8,52.5,53.9,53.9,62.2,56.2,44.0,43.0,45.0,1.238,1.015,1.100,15.688,7.734,15.691,37.000,6.104,39.875,2.267,2.477,4.198,4.047,2.082,0.247,0.552,19.422,7.850,33.986,38.995,1996.4,2395.7,5147.8,5147.8,5148.4,44.3,20.9,24.7,44.3,76.3,いいえ,いいえ,いいえ,0.481,0.170,1.6,39.0,71.0,40.0,71.0,1.248,12.144,3.440,3.296,5.016,1.064,1.040,3.440,3.328,1.808,1.024,1.120,1.032,1.792,1.096,0.768,1.824,0.256,2023,いいえ,57.4,41.2,1.095,1.110,1.815,1.800,1.005,5.040,0.375,いいえ,いいえ,いいえ,40.8,1.095,1.110,1.815,1.800,1.005,5.040,0.625,いいえ,いいえ,いいえ,37,37,いいえ,はい,15388,14039,128,128,34,100.0,いいえ,いいえ,3868,2528,9990,38,40,48,100.0,100.0,いいえ,いいえ,7032,7744,0.0,0.0,0.0,0.000,0.002,1392,1009,0.0,0.0,0.0,0.000,0.000,181182,133153,0.0,0.1,0.1,0.000,0.109,66319,77647,58.1,0.720,45.000,600.0,2400.0,1200.0,100.0,0.0,0.0,0.0,0.0,0.0,0.0,0.0,0.0,125,2,16.0,86,いいえ,いいえ,いいえ,62.4,62.0,70.0,84.0,1.095,12.262,12.265,12.219,12.298,12.264,1258,1266,135.678,29.920,57.583,12.437,19.966,63.940,6.218,26.144,25.238,27.831,220.000,220.000,2775.0,1281.5,2145.0,2769.5,2235.0,2769.5,1280.4,2232.6,83.0,29.0,1.0,0.0,92.0,25.5,100.0,0.0,1.9,0.0,32,32,はい,いいえ,いいえ,はい,いいえ,いいえ,いいえ,38.1,80.6,0,0,0,0,0,0,0,0,0,0,0,0,0,0,0,0,0,0,0,0,0,0,0,0,0,0,0,0,0,0,978,11304,11028,614,16.0,6.6,15.7,3.7,3.7,3.7,3.7,0.0,0.0,0.0,0.0,0.0,0.0,151.91,270.87,63.68,62.66,273.96,273.96,1.86,71.75,151.86,0.05,0.00,0,0,0.0,0.0,44291,38976,8.9,330.5,0,
19.7.2026,0:55:1.095,27868,6043,82.1,14306,17557,44.8,1.0,2048,21,1.236,1.240,1.235,1.235,1.235,1.235,1.235,4283.9,4112.6,4112.6,5140.7,4112.6,4112.6,4112.6,99.8,701.7,1256.8,182.0,1092.9,1036.3,3218.0,715.1,323.9,299.2,48.8,64.3,110.0,72.6,701.7,13.5,23.2,4.1,21.2,19.2,62.9,14.1,5.9,6.7,0.3,0.7,2.4,1.7,62.9,13.5,17.6,27.6,4.5,27.9,25.6,84.5,18.6,7.4,7.4,1.1,1.5,2.6,1.7,17.6,42.9,41.2,41.2,51.5,41.2,41.2,41.2,0.0,28.1,30.0,42.0,76.1,13.8,2.4,4.1,49.6,70.0,58.0,23.9,86.2,21.3,38.2,22.3,0.0,0.0,0.0,0.0,76.3,57.8,2395.7,24.00,40,39,39,77,116,708,1,68.8,64.8,63.0,56.0,54.2,59.6,62.7,55.6,51.0,53.0,54.0,54.0,62.5,56.3,44.0,43.0,45.0,1.237,1.015,1.100,16.166,7.714,16.171,38.000,6.083,40.450,2.385,2.596,3.649,4.644,2.217,0.424,0.779,20.009,7.829,34.530,39.549,1996.4,2395.7,5147.3,5147.3,5147.8,44.9,21.6,25.3,44.9,76.3,いいえ,いいえ,いいえ,0.607,0.198,1.7,39.0,69.6,40.0,69.0,1.272,12.091,3.440,3.296,5.016,1.064,1.040,3.440,3.328,1.808,1.024,1.120,1.032,1.792,1.096,0.768,1.824,0.256,2000,いいえ,57.4,41.2,1.110,1.110,1.815,1.800,1.005,5.040,0.250,いいえ,いいえ,いいえ,40.8,1.110,1.110,1.815,1.800,1.005,5.040,0.250,いいえ,いいえ,いいえ,37,37,いいえ,はい,15388,14039,128,128,34,100.0,いいえ,いいえ,3868,2528,9990,38,40,48,100.0,100.0,いいえ,いいえ,7032,7744,0.0,1.9,1.9,0.000,0.010,1392,1009,0.0,0.0,0.0,0.000,0.000,181182,133153,0.0,0.0,0.0,0.000,0.006,66319,77647,58.0,0.720,22.000,600.0,2400.0,1200.0,100.0,0.0,0.0,0.0,0.0,0.0,0.0,0.0,0.0,125,2,16.0,86,いいえ,いいえ,いいえ,66.0,66.0,75.4,84.0,1.095,12.170,12.166,12.131,12.218,12.165,1282,1285,147.249,59.698,112.308,28.054,31.685,126.522,14.026,45.682,25.231,94.074,220.000,220.000,2775.0,1281.5,2145.0,2769.3,2235.0,2770.1,1279.8,2229.8,93.0,55.0,3.0,0.0,92.0,25.4,100.0,0.0,1.5,0.0,32,32,はい,いいえ,いいえ,はい,いいえ,いいえ,いいえ,71.8,84.5,0,0,0,0,0,0,0,0,0,0,0,0,0,0,0,0,0,0,0,0,0,0,0,0,0,0,0,0,0,0,978,11304,11028,614,16.0,2.0,9.3,1.1,1.1,1.1,1.1,2.0,9.3,1.1,1.1,1.1,1.1,499.82,892.42,107.22,100.01,900.43,900.43,0.65,29.21,499.82,0.00,791.79,0,0,0.0,0.0,44291,38977,9.6,342.3,0,
19.7.2026,0:55:3.086,27879,6032,82.2,14355,17508,45.0,1.0,2048,21,1.239,1.235,1.240,1.240,1.240,1.240,1.240,4169.7,4112.6,5140.7,4112.6,4112.6,3427.2,4112.6,99.8,736.9,1310.5,223.8,1264.3,1025.4,2675.8,1225.4,378.2,339.5,62.6,58.8,164.7,114.2,736.9,14.0,23.5,4.4,24.4,18.3,51.9,23.5,6.4,6.8,1.6,1.5,3.0,2.1,51.9,14.0,18.4,28.6,5.6,32.5,25.3,70.0,32.1,8.7,8.4,1.4,1.4,4.0,2.8,18.4,41.8,41.2,51.5,41.2,41.2,34.3,41.2,0.0,29.6,31.2,45.7,75.5,16.0,2.6,6.5,52.1,68.5,54.3,24.5,84.0,32.3,48.8,18.4,0.3,0.0,0.0,0.0,65.1,44.7,2395.7,24.00,40,39,39,77,116,708,1,68.2,65.1,64.9,56.5,54.6,60.1,63.0,56.2,51.6,53.7,54.3,54.3,62.8,56.5,44.0,43.0,45.0,1.238,1.015,1.100,16.651,7.783,16.639,39.000,6.081,41.049,2.554,2.695,3.807,4.724,2.407,0.601,1.090,20.626,7.900,35.216,40.222,1996.4,2395.7,5146.0,5146.0,5148.1,45.7,22.2,26.0,45.7,76.5,いいえ,いいえ,いいえ,0.751,0.228,1.8,39.0,68.9,40.0,68.0,1.240,12.091,3.456,3.296,5.016,1.064,1.040,3.440,3.328,1.808,1.024,1.120,1.032,1.792,1.096,0.760,1.824,0.256,1917,いいえ,57.4,41.2,1.110,1.110,1.815,1.800,1.005,5.040,0.500,いいえ,いいえ,いいえ,40.8,1.110,1.110,1.815,1.800,1.005,5.040,0.250,いいえ,いいえ,いいえ,37,37,いいえ,はい,15388,14039,128,128,34,100.0,いいえ,いいえ,3868,2528,9990,38,40,48,100.0,100.0,いいえ,いいえ,7032,7744,0.0,0.0,0.0,0.000,0.002,1392,1009,0.0,0.0,0.0,0.000,0.000,181182,133153,0.0,0.1,0.1,0.000,0.042,66319,77647,58.0,0.720,44.000,600.0,2400.0,1200.0,100.0,0.0,0.0,0.0,0.0,0.0,0.0,0.0,0.0,125,2,16.0,86,いいえ,いいえ,いいえ,65.3,64.0,74.5,84.0,1.095,12.180,12.172,12.148,12.229,12.171,1313,1314,145.335,63.969,110.851,23.858,28.377,122.924,11.916,40.260,82.525,91.041,220.000,220.000,2775.0,1281.5,2145.0,2768.9,2235.0,2764.7,1280.1,2227.6,92.0,49.0,3.0,0.0,92.0,25.5,100.0,0.0,2.0,0.0,33,33,はい,いいえ,いいえ,はい,いいえ,いいえ,いいえ,68.7,74.6,0,0,0,0,0,0,0,0,0,0,0,0,0,0,0,0,0,0,0,0,0,0,0,0,0,0,0,0,0,0,978,11304,11028,614,16.0,1.2,1.2,1.2,1.2,1.2,1.2,1.2,1.2,1.2,1.2,1.2,1.2,849.22,849.22,849.22,849.22,849.22,849.22,0.94,15.83,849.22,0.00,832.52,0,0,0.0,0.0,44291,38977,9.6,342.3,0,
19.7.2026,0:55:5.086,27873,6038,82.1,14398,17465,45.1,1.0,2048,21,1.244,1.240,1.245,1.245,1.245,1.245,1.245,4455.3,4112.6,5140.7,5140.7,4112.6,4112.6,4112.6,99.8,749.9,1462.5,180.7,702.9,1520.1,921.7,3185.6,376.3,343.1,57.2,52.1,105.1,91.0,749.9,14.2,27.1,3.6,13.4,28.1,16.6,62.3,6.6,7.1,1.0,0.9,1.9,1.8,62.3,14.2,18.7,33.3,4.5,17.6,38.3,22.8,83.9,8.6,8.5,1.3,1.2,2.4,2.2,18.7,44.6,41.2,51.5,51.5,41.2,41.2,41.2,0.0,30.0,34.2,44.2,78.5,16.2,2.4,4.5,51.3,65.8,55.8,21.5,83.8,30.3,50.8,18.7,0.0,0.0,0.0,0.0,67.3,44.7,2395.7,24.00,40,39,39,77,116,708,1,68.1,65.5,72.8,56.8,55.0,60.2,63.7,56.4,51.6,53.8,54.3,54.3,61.8,56.3,44.0,43.0,45.0,1.240,1.015,1.100,17.065,7.750,17.064,37.500,6.089,41.733,2.647,2.887,3.856,5.052,2.455,0.588,1.044,21.180,7.867,35.744,40.761,1996.4,2395.7,5149.0,5149.0,5148.7,46.3,22.8,25.0,46.3,77.1,いいえ,いいえ,いいえ,0.686,0.222,1.8,39.0,68.4,40.0,68.0,1.264,12.091,3.456,3.296,5.016,1.064,1.040,3.440,3.328,1.808,1.024,1.120,1.032,1.792,1.096,0.760,1.824,0.256,1880,いいえ,57.4,41.2,1.110,1.110,1.800,1.800,1.005,5.040,0.625,いいえ,いいえ,いいえ,40.8,1.110,1.110,1.800,1.800,1.005,5.040,0.250,いいえ,いいえ,いいえ,37,37,いいえ,はい,15388,14039,128,128,34,100.0,いいえ,いいえ,3868,2528,9990,38,40,48,100.0,100.0,いいえ,いいえ,7032,7744,0.0,0.4,0.4,0.000,0.026,1392,1009,0.0,0.0,0.0,0.000,0.000,181182,133153,0.0,0.0,0.0,0.016,0.002,66319,77647,58.2,0.720,17.000,600.0,2400.0,1200.0,100.0,0.0,0.0,0.0,0.0,0.0,0.0,0.0,0.0,125,2,16.0,86,いいえ,いいえ,いいえ,65.8,64.0,74.8,84.0,1.095,12.183,12.176,12.151,12.228,12.176,1338,1337,142.009,70.837,115.048,25.205,29.477,127.915,12.602,42.030,111.874,102.546,220.000,220.000,2775.0,1281.5,2145.0,2769.8,2235.0,2767.1,1279.9,2230.6,94.0,48.0,3.0,0.0,92.0,25.7,100.0,0.0,2.7,0.0,33,33,はい,いいえ,いいえ,はい,いいえ,いいえ,いいえ,70.8,69.2,0,0,0,0,0,0,0,0,0,0,0,0,0,0,0,0,0,0,0,0,0,0,0,0,0,0,0,0,0,0,977,11305,11028,614,16.0,1.2,1.2,1.2,1.2,1.2,1.2,1.2,1.2,1.2,1.2,1.2,1.2,849.22,849.22,849.22,849.22,849.22,849.22,0.94,15.83,849.22,0.00,832.52,0,0,0.0,0.0,44291,38978,13.9,566.2,0,
19.7.2026,0:55:7.096,27369,6542,80.7,14445,17418,45.3,1.0,2048,21,1.176,1.180,1.175,1.175,1.175,1.175,1.175,4664.9,4941.1,4941.1,4941.1,4941.1,4112.6,4112.6,99.8,685.8,1333.6,139.0,776.2,1440.4,897.0,2692.9,314.5,333.5,47.4,47.5,116.1,91.3,685.8,13.2,25.5,2.4,15.1,26.9,16.5,52.9,5.8,7.3,0.4,1.2,1.9,2.3,52.9,13.2,17.1,30.8,3.4,19.5,36.4,22.0,70.9,7.1,8.3,1.1,1.1,2.8,2.2,17.1,46.7,49.5,49.5,49.5,49.5,41.2,41.2,0.0,27.5,31.4,43.3,69.3,14.5,2.0,4.5,49.0,63.4,56.7,30.7,80.3,26.4,36.5,23.5,5.2,0.0,0.0,5.2,71.6,59.1,2395.7,24.00,40,39,39,77,116,708,1,68.2,65.4,68.4,56.3,54.7,60.2,62.3,55.8,51.5,53.3,54.3,54.3,62.2,56.7,44.0,43.0,45.0,1.232,1.015,1.100,16.128,7.734,16.144,39.000,6.094,40.494,2.423,2.629,3.819,4.561,2.213,0.499,0.819,19.945,7.850,34.497,39.534,1996.4,2395.7,5122.2,5122.2,5145.3,44.9,21.5,26.0,44.9,77.0,いいえ,いいえ,いいえ,0.659,0.251,1.6,39.0,68.1,40.0,68.0,1.256,12.038,3.456,3.296,5.016,1.064,1.040,3.440,3.328,1.808,1.024,1.120,1.032,1.792,1.096,0.760,1.824,0.256,1869,いいえ,57.4,41.2,1.110,1.110,1.800,1.815,1.005,5.040,0.375,いいえ,いいえ,いいえ,40.8,1.110,1.110,1.800,1.800,1.005,5.040,0.250,いいえ,いいえ,いいえ,37,37,いいえ,はい,15388,14039,128,128,34,100.0,いいえ,いいえ,3868,2528,9990,38,40,48,100.0,100.0,いいえ,いいえ,7032,7744,0.0,0.1,0.1,0.000,0.008,1392,1009,0.0,0.0,0.0,0.000,0.000,181182,133153,0.0,0.0,0.0,0.000,0.012,66319,77647,58.2,0.720,21.000,600.0,2400.0,1200.0,100.0,0.0,0.0,0.0,0.0,0.0,0.0,0.0,0.0,125,2,16.0,86,いいえ,いいえ,いいえ,65.4,66.0,74.3,84.0,1.095,12.196,12.192,12.158,12.241,12.193,1351,1348,144.317,63.613,103.013,24.945,29.252,115.773,12.485,41.668,93.603,88.167,220.000,220.000,2775.0,1281.5,2145.0,2769.2,2235.0,2769.1,1280.2,2229.8,91.0,58.0,2.0,0.0,92.0,25.7,100.0,0.0,2.7,0.0,33,33,はい,いいえ,いいえ,はい,いいえ,いいえ,いいえ,65.8,72.6,0,0,0,0,0,0,0,0,0,0,0,0,0,0,0,0,0,0,0,0,0,0,0,0,0,0,0,0,0,0,978,11304,11028,614,16.0,1.3,16.0,0.5,0.5,0.5,0.5,0.0,0.0,0.0,0.0,0.0,0.0,776.19,2105.43,62.68,61.60,2145.93,2145.93,4.31,133.23,776.14,0.05,0.00,0,0,0.0,0.0,44291,38979,11.6,473.9,0,
19.7.2026,0:55:9.089,27369,6542,80.7,14445,17418,45.3,1.0,2048,21,1.176,1.180,1.175,1.175,1.175,1.175,1.175,4664.9,4941.1,4941.1,4941.1,4941.1,4112.6,4112.6,99.8,685.8,1333.6,139.0,776.2,1440.4,897.0,2692.9,314.5,333.5,47.4,47.5,116.1,91.3,685.8,13.2,25.5,2.4,15.1,26.9,16.5,52.9,5.8,7.3,0.4,1.2,1.9,2.3,52.9,13.2,17.1,30.8,3.4,19.5,36.4,22.0,70.9,7.1,8.3,1.1,1.1,2.8,2.2,17.1,46.7,49.5,49.5,49.5,49.5,41.2,41.2,0.0,27.5,31.4,43.3,69.3,14.5,2.0,4.5,49.0,63.4,56.7,30.7,80.3,26.4,36.5,23.5,5.2,0.0,0.0,5.2,71.6,59.1,2395.7,24.00,40,39,39,77,116,708,1,68.2,65.4,68.4,56.3,54.7,60.2,62.3,55.8,51.5,53.3,54.3,54.3,62.2,56.7,44.0,43.0,45.0,1.232,1.015,1.100,16.128,7.734,16.144,39.000,6.094,40.494,2.423,2.629,3.819,4.561,2.213,0.499,0.819,19.945,7.850,34.497,39.534,1996.4,2395.7,5122.2,5122.2,5145.3,44.9,21.5,26.0,44.9,77.0,いいえ,いいえ,いいえ,0.659,0.251,1.6,39.0,68.2,40.0,68.0,1.176,12.144,3.440,3.328,5.040,1.064,1.040,3.440,3.328,1.808,1.024,1.120,1.032,1.792,1.096,0.760,1.824,0.256,1862,いいえ,57.4,41.5,1.110,1.110,1.800,1.815,1.005,5.040,2.125,いいえ,いいえ,いいえ,40.8,1.110,1.110,1.800,1.815,0.990,5.040,0.625,いいえ,いいえ,いいえ,37,37,いいえ,はい,15388,14039,128,128,34,100.0,いいえ,いいえ,3868,2528,9990,38,40,48,100.0,100.0,いいえ,いいえ,7032,7744,0.0,0.1,0.1,0.000,0.008,1392,1009,0.0,0.0,0.0,0.000,0.000,181182,133153,0.0,0.0,0.0,0.000,0.012,66319,77647,58.3,0.720,14.000,600.0,2400.0,1200.0,100.0,0.0,0.0,0.0,0.0,0.0,0.0,0.0,0.0,125,2,16.0,86,いいえ,いいえ,いいえ,56.6,64.0,66.8,84.0,1.100,12.301,12.310,12.251,12.333,12.311,1360,1358,114.234,19.225,28.099,7.607,16.466,31.905,3.804,20.271,22.778,22.870,220.000,220.000,2790.0,1281.5,2145.0,2771.7,2235.0,2788.2,1280.3,2236.2,4.0,1.0,1.0,0.0,87.5,25.5,100.0,0.0,1.8,0.0,33,33,はい,いいえ,いいえ,はい,いいえ,いいえ,いいえ,22.0,21.8,0,0,0,0,0,0,0,0,0,0,0,0,0,0,0,0,0,0,0,0,0,0,0,0,0,0,0,0,0,0,1536,10746,10470,614,16.0,1.3,16.0,0.5,0.5,0.5,0.5,0.0,0.0,0.0,0.0,0.0,0.0,776.19,2105.43,62.68,61.60,2145.93,2145.93,4.31,133.23,776.14,0.05,0.00,0,0,0.0,0.0,44291,38980,9.6,351.2,0,
19.7.2026,0:55:11.100,19746,14165,58.2,14191,17672,44.5,1.0,2048,21,1.285,1.260,1.290,1.290,1.290,1.290,1.290,4253.2,4032.7,4092.6,5115.8,4092.6,4092.6,4092.6,99.8,2398.9,2709.6,2046.2,2972.3,2904.5,2560.8,3378.0,2263.2,2274.4,1894.9,1817.2,1968.5,1997.6,2398.9,48.4,50.5,42.2,60.1,58.6,51.1,67.7,46.1,46.1,39.3,37.2,40.7,40.8,67.7,48.4,62.5,65.7,53.7,78.0,76.0,67.1,88.9,59.1,59.7,49.8,47.7,51.6,52.5,62.5,42.6,40.4,41.0,51.2,41.0,41.0,41.0,0.0,59.5,56.1,77.5,79.0,54.3,43.1,46.8,33.0,41.9,22.5,21.0,45.7,31.9,34.8,7.6,2.0,0.0,0.0,0.0,25.0,18.4,2395.7,24.00,40,39,39,77,116,708,1,80.5,77.7,78.6,67.4,62.2,72.8,73.2,68.9,61.5,66.0,56.7,56.7,63.8,57.4,44.0,43.0,45.0,1.244,1.015,1.100,29.269,8.350,29.236,68.500,6.143,58.321,5.442,4.714,7.125,7.022,5.442,3.941,4.409,36.270,8.474,51.501,57.181,1996.4,2395.7,5046.5,5046.5,5062.0,65.0,39.0,45.7,65.0,91.4,いいえ,いいえ,いいえ,10.742,5.113,3.6,39.0,80.6,40.0,80.0,1.280,12.144,3.456,3.328,5.040,1.064,1.040,3.440,3.328,1.808,1.024,1.120,1.040,1.792,1.104,0.760,1.824,0.256,1997,いいえ,57.4,41.5,1.110,1.110,1.800,1.815,1.005,5.040,0.250,いいえ,いいえ,いいえ,41.0,1.110,1.110,1.800,1.815,1.005,4.970,0.625,いいえ,いいえ,いいえ,37,37,いいえ,はい,15388,14039,128,128,34,100.0,いいえ,いいえ,3868,2528,9990,38,40,48,100.0,100.0,いいえ,いいえ,7032,7744,0.0,0.0,0.0,0.000,0.004,1392,1009,0.0,0.0,0.0,0.000,0.000,181182,133153,0.0,0.1,0.1,0.000,0.191,66319,77648,58.9,0.720,32.000,600.0,2400.0,1200.0,100.0,0.0,0.0,0.0,0.0,0.0,0.0,0.0,0.0,125,2,16.0,86,いいえ,いいえ,いいえ,52.5,60.0,63.8,84.0,0.925,12.317,12.327,12.267,12.344,12.329,1367,1365,40.498,10.566,10.099,4.142,13.800,12.159,2.071,15.870,13.114,13.275,220.000,220.000,780.0,625.2,1995.0,2124.3,1995.0,779.9,624.4,1995.5,10.0,2.0,1.0,2.0,23.3,21.9,85.5,0.0,2.2,0.0,33,33,はい,いいえ,いいえ,いいえ,いいえ,はい,いいえ,11.8,12.7,0,0,0,0,0,0,0,0,0,0,0,0,0,0,0,0,0,0,0,0,0,0,0,0,0,0,0,0,0,0,9424,2858,2590,614,16.0,1.3,16.0,0.5,0.5,0.5,0.5,0.0,0.0,0.0,0.0,0.0,0.0,776.19,2105.43,62.68,61.60,2145.93,2145.93,4.31,133.23,776.14,0.05,0.00,0,0,0.0,0.0,44291,38980,10.3,407.9,0,
19.7.2026,0:55:13.094,28031,5880,82.6,14080,17783,44.1,1.0,2048,21,1.256,1.240,1.265,1.265,1.255,1.255,1.255,4341.1,4112.6,5140.7,5140.7,4112.6,3427.2,4112.6,99.8,901.9,1907.3,387.3,1822.2,1252.4,1008.5,2607.7,531.3,624.9,140.2,153.6,245.1,142.6,901.9,17.1,33.3,7.5,34.7,23.4,18.5,51.3,8.6,13.2,3.1,3.4,5.1,3.2,51.3,17.1,22.4,42.8,9.9,46.8,31.6,24.6,68.5,12.2,15.7,3.4,3.8,5.9,3.5,22.4,43.5,41.2,51.5,51.5,41.2,34.3,41.2,0.0,34.8,41.6,59.3,69.2,24.0,6.0,8.3,54.4,58.4,40.7,30.8,76.0,49.0,71.4,10.9,0.0,0.0,0.0,0.0,45.0,20.3,2395.7,24.00,40,39,39,77,116,708,1,77.6,68.9,79.1,60.0,58.0,64.5,66.1,59.9,54.2,57.0,56.0,56.0,63.0,57.1,44.0,43.0,45.1,1.245,1.015,1.100,19.765,7.894,19.768,48.000,6.104,45.540,3.316,3.500,4.835,5.340,3.209,1.210,1.803,24.652,8.012,39.379,44.475,1996.4,2395.7,5134.1,5134.1,5135.9,50.5,26.4,32.0,50.5,81.0,いいえ,いいえ,いいえ,1.788,1.012,2.1,39.0,77.0,40.0,77.0,1.232,12.091,3.456,3.312,5.016,1.072,1.040,3.440,3.328,1.808,1.024,1.120,1.032,1.792,1.096,0.752,1.824,0.256,2027,いいえ,57.4,41.5,1.095,1.110,1.800,1.815,1.005,5.040,0.375,いいえ,いいえ,いいえ,41.0,1.110,1.110,1.800,1.815,1.005,5.040,0.375,いいえ,いいえ,いいえ,37,37,いいえ,はい,15388,14039,128,128,34,100.0,いいえ,いいえ,3868,2528,9990,38,40,48,100.0,100.0,いいえ,いいえ,7032,7744,0.0,0.0,0.0,0.000,0.002,1392,1009,0.0,0.0,0.0,0.000,0.000,181182,133153,0.0,0.0,0.0,0.000,0.266,66319,77648,59.1,0.720,27.000,600.0,2400.0,1200.0,100.0,0.0,0.0,0.0,0.0,0.0,0.0,0.0,0.0,125,2,16.0,86,いいえ,いいえ,いいえ,62.4,64.0,70.6,84.0,1.100,12.209,12.207,12.172,12.250,12.208,1355,1357,154.409,59.792,93.850,21.118,26.340,104.734,10.547,36.812,94.261,90.676,220.000,220.000,2775.0,1281.5,2145.0,2770.6,2235.0,2765.2,1280.0,2225.1,91.0,58.0,5.0,0.0,92.7,25.8,100.0,0.0,3.1,0.0,33,33,はい,いいえ,いいえ,はい,いいえ,いいえ,いいえ,59.4,67.8,0,0,0,0,0,0,0,0,0,0,0,0,0,0,0,0,0,0,0,0,0,0,0,0,0,0,0,0,0,0,902,11380,11104,608,16.0,3.0,6.9,1.7,1.7,1.7,1.7,3.0,8.3,1.7,1.7,1.7,1.7,338.78,576.09,145.07,142.36,581.88,581.88,0.39,0.00,338.62,0.15,354.43,0,0,0.0,0.0,44291,38981,12.8,353.3,0,
19.7.2026,0:55:15.087,27929,5982,82.3,14147,17716,44.4,1.0,2048,21,1.229,1.240,1.195,1.235,1.235,1.235,1.235,4323.0,4112.6,4941.1,4966.0,3972.8,3972.8,3972.8,99.8,805.7,1701.0,198.7,2830.0,862.9,1764.1,1015.8,425.0,423.7,76.0,84.5,154.3,131.9,805.7,15.5,31.8,4.2,55.5,16.1,33.1,20.7,7.7,9.0,1.6,1.1,3.2,2.3,55.5,15.5,20.1,39.7,4.9,74.1,21.3,43.9,26.8,9.7,10.4,1.7,2.0,3.6,3.2,20.1,43.3,41.2,49.5,49.8,39.8,39.8,39.8,0.0,32.4,38.6,72.0,54.9,19.0,3.5,6.5,60.0,61.4,28.0,45.1,81.0,56.7,88.1,7.5,0.0,0.0,0.0,0.0,39.8,5.4,2395.7,24.00,40,39,39,77,116,708,1,74.9,66.8,70.4,58.5,56.6,64.2,62.6,57.9,53.4,56.2,55.4,55.4,63.8,57.2,44.0,43.0,45.1,1.243,1.015,1.100,18.799,7.918,18.807,40.000,6.107,44.116,3.025,3.165,4.885,4.401,2.741,1.101,1.855,23.380,8.037,38.135,43.185,1996.4,2395.7,5148.9,5148.9,5147.5,49.1,25.1,26.7,49.1,78.6,いいえ,いいえ,いいえ,1.024,0.357,1.9,39.0,74.0,40.0,74.0,1.256,12.091,3.456,3.312,5.016,1.064,1.040,3.440,3.328,1.808,1.024,1.120,1.032,1.792,1.096,0.752,1.824,0.256,2030,いいえ,57.4,41.5,1.095,1.110,1.800,1.815,1.005,5.040,0.250,いいえ,いいえ,いいえ,41.0,1.095,1.110,1.800,1.815,1.005,5.040,0.750,いいえ,いいえ,いいえ,37,37,いいえ,はい,15388,14039,128,128,34,100.0,いいえ,いいえ,3868,2528,9990,38,40,48,100.0,100.0,いいえ,いいえ,7032,7744,0.0,80.7,80.7,0.000,0.008,1392,1009,0.0,0.0,0.0,0.000,0.000,181182,133153,0.0,0.3,0.3,0.089,0.777,66319,77650,59.0,0.720,19.000,600.0,2400.0,1200.0,100.0,0.0,0.0,0.0,0.0,0.0,0.0,0.0,0.0,125,2,16.0,86,いいえ,いいえ,いいえ,65.0,66.0,73.8,84.0,1.100,12.169,12.164,12.132,12.216,12.165,1353,1355,143.457,65.601,109.869,26.566,30.536,123.381,13.284,43.778,88.090,89.305,220.000,220.000,2775.0,1281.5,2145.0,2765.4,2235.0,2764.0,1280.4,2224.9,90.0,50.0,5.0,0.0,92.0,26.1,100.0,0.0,4.5,0.0,33,33,はい,いいえ,いいえ,はい,いいえ,いいえ,いいえ,69.8,73.8,0,0,0,0,0,0,0,0,0,0,0,0,0,0,0,0,0,0,0,0,0,0,0,0,0,0,0,0,0,0,980,11302,11026,610,16.0,5.5,72.3,3.7,3.6,3.6,3.6,5.6,27.8,3.8,3.8,3.7,3.7,183.37,273.70,13.86,9.41,274.43,274.43,0.52,6.35,183.25,0.11,143.09,0,0,0.0,0.0,44291,38982,26.2,596.6,0,
19.7.2026,0:55:17.087,27856,6055,82.1,14229,17634,44.6,1.0,2048,21,1.273,1.265,1.275,1.275,1.275,1.275,1.275,4455.3,4112.6,4112.6,5140.7,5140.7,4112.6,4112.6,99.8,773.2,1355.9,250.3,1672.2,1491.6,2063.4,1150.5,415.9,433.2,79.3,76.2,143.7,145.6,773.2,14.8,23.8,4.8,32.8,28.5,39.9,22.4,7.2,8.8,1.2,1.9,2.5,3.5,39.9,14.8,19.3,29.1,6.2,43.7,38.2,53.3,30.0,9.6,10.8,1.8,1.8,3.4,3.6,19.3,44.6,41.2,41.2,51.5,51.5,41.2,41.2,0.0,31.0,32.1,62.4,62.5,18.9,3.5,6.7,62.5,67.9,37.6,37.5,81.1,66.8,84.3,6.4,0.0,0.0,0.0,0.0,29.7,8.9,2395.7,24.00,40,39,39,77,116,708,1,72.9,66.4,73.8,58.1,55.8,63.0,63.1,57.7,53.4,55.9,55.2,55.2,63.5,57.1,44.0,43.0,45.1,1.240,1.015,1.100,18.308,7.812,18.299,38.500,6.098,43.293,2.888,2.864,4.446,4.408,2.698,1.179,1.735,22.708,7.929,37.344,42.356,1996.4,2395.7,5146.9,5146.9,5147.5,48.1,24.4,25.7,48.1,78.1,いいえ,いいえ,いいえ,0.841,0.257,1.9,39.0,72.8,40.0,72.0,1.240,12.091,3.440,3.296,5.016,1.064,1.040,3.440,3.328,1.808,1.024,1.120,1.032,1.792,1.096,0.752,1.824,0.256,2027,いいえ,57.4,41.5,1.095,1.110,1.800,1.815,1.005,5.040,0.250,いいえ,いいえ,いいえ,41.0,1.095,1.110,1.800,1.815,1.005,5.040,0.250,いいえ,いいえ,いいえ,37,37,いいえ,はい,15388,14039,128,128,34,100.0,いいえ,いいえ,3868,2528,9990,38,40,48,100.0,100.0,いいえ,いいえ,7032,7744,0.0,0.0,0.0,0.000,0.004,1392,1009,0.0,0.0,0.0,0.000,0.000,181182,133153,0.7,0.0,0.7,0.196,0.018,66320,77650,58.9,0.720,29.000,600.0,2400.0,1200.0,100.0,0.0,0.0,0.0,0.0,0.0,0.0,0.0,0.0,125,2,16.0,86,いいえ,いいえ,いいえ,65.1,66.0,73.8,84.0,1.100,12.176,12.169,12.142,12.222,12.171,1353,1357,140.810,66.543,114.848,26.262,30.282,128.279,13.133,43.373,95.573,80.597,220.000,220.000,2775.0,1281.5,2145.0,2764.3,2235.0,2766.9,1280.1,2229.2,84.0,46.0,6.0,1.0,92.0,26.2,100.0,0.0,4.7,0.0,33,33,はい,いいえ,いいえ,はい,いいえ,いいえ,いいえ,71.9,72.3,0,0,0,0,0,0,0,0,0,0,0,0,0,0,0,0,0,0,0,0,0,0,0,0,0,0,0,0,0,0,980,11302,11026,610,16.0,5.3,18.3,3.8,3.8,3.8,3.8,5.3,18.3,3.8,3.8,3.7,3.7,190.19,265.29,54.50,50.28,266.59,266.59,1.25,29.28,190.19,0.00,128.16,0,0,0.0,0.0,44291,38984,26.9,864.8,0,
19.7.2026,0:55:19.099,27856,6055,82.1,14255,17608,44.7,1.0,2048,21,1.248,1.215,1.255,1.255,1.255,1.255,1.255,4360.7,4916.1,5140.7,5140.7,4112.6,3427.2,3427.2,99.8,798.1,1475.0,310.3,573.2,3641.5,880.7,1344.2,343.4,464.5,85.0,121.2,156.6,182.0,798.1,15.0,26.0,6.0,10.4,70.8,15.5,26.8,5.6,9.4,1.3,2.2,2.8,3.5,70.8,15.0,19.9,32.1,7.8,14.5,95.7,20.8,35.1,7.7,11.7,1.9,3.0,3.7,4.5,19.9,43.7,49.2,51.5,51.5,41.2,34.3,34.3,0.0,31.3,34.2,80.7,43.9,17.3,4.4,7.3,53.8,65.8,19.3,56.1,82.7,42.0,56.7,14.9,0.0,0.0,0.0,0.0,53.7,36.0,2395.7,24.00,40,39,39,77,116,708,1,72.0,67.1,70.8,58.3,56.5,65.4,61.6,57.8,53.3,55.6,55.4,55.4,62.8,57.0,44.0,43.0,45.1,1.242,1.015,1.100,18.157,7.860,18.163,46.500,6.099,43.289,2.885,3.038,5.182,3.992,2.677,0.964,1.457,22.568,7.978,37.255,42.285,1996.4,2395.7,5146.6,5146.6,5146.0,48.1,24.2,31.0,48.1,78.9,いいえ,いいえ,いいえ,0.746,0.233,1.9,40.0,72.0,40.0,72.0,1.256,12.091,3.440,3.296,5.016,1.064,1.040,3.440,3.328,1.808,1.024,1.120,1.032,1.792,1.096,0.752,1.824,0.256,2020,いいえ,57.4,41.5,1.095,1.110,1.800,1.800,1.005,5.040,0.250,いいえ,いいえ,いいえ,41.0,1.095,1.110,1.800,1.800,1.005,5.040,0.375,いいえ,いいえ,いいえ,37,37,いいえ,はい,15388,14039,128,128,34,100.0,いいえ,いいえ,3868,2528,9990,38,40,48,100.0,100.0,いいえ,いいえ,7032,7744,0.0,0.1,0.1,0.000,0.006,1392,1009,0.0,0.0,0.0,0.000,0.000,181182,133153,0.0,0.4,0.4,0.000,0.760,66320,77651,59.0,0.720,17.000,600.0,2400.0,1200.0,100.0,0.0,0.0,0.0,0.0,0.0,0.0,0.0,0.0,125,2,16.0,86,いいえ,いいえ,いいえ,65.5,66.0,74.2,84.0,1.100,12.191,12.186,12.152,12.238,12.187,1358,1355,144.676,66.216,105.852,25.054,29.420,118.633,12.528,41.901,100.585,95.755,220.000,220.000,2775.0,1281.5,2145.0,2765.0,2235.0,2767.6,1280.8,2227.8,93.0,54.0,0.0,0.0,92.0,25.7,100.0,0.0,3.0,0.0,33,33,はい,いいえ,いいえ,はい,いいえ,いいえ,いいえ,67.2,56.3,0,0,0,0,0,0,0,0,0,0,0,0,0,0,0,0,0,0,0,0,0,0,0,0,0,0,0,0,0,0,980,11302,11026,611,16.0,12.8,17.6,8.4,8.4,8.4,8.4,0.0,0.0,0.0,0.0,0.0,0.0,78.03,118.38,56.81,56.66,119.76,119.76,0.60,16.15,77.99,0.05,0.00,0,0,0.0,0.0,44291,38985,26.6,494.0,0,
19.7.2026,0:55:21.088,27845,6066,82.1,14270,17593,44.7,1.0,2048,21,1.269,1.280,1.265,1.265,1.265,1.270,1.270,4593.4,4941.1,5140.7,5140.7,4112.6,4112.6,4112.6,99.8,717.5,1295.4,200.0,629.4,3613.1,566.3,1303.5,274.4,429.0,45.7,65.1,91.5,97.2,717.5,14.0,24.1,4.4,12.1,70.6,9.4,26.1,4.8,9.6,0.9,1.4,1.9,2.2,70.6,14.0,18.0,29.0,5.1,16.2,95.1,12.3,34.0,6.1,10.8,1.0,1.5,2.1,2.4,18.0,46.0,49.5,51.5,51.5,41.2,41.2,41.2,0.0,28.8,30.7,82.3,37.6,15.6,2.4,4.3,52.9,69.3,17.7,62.4,84.4,23.1,60.2,18.3,0.0,0.0,0.0,0.0,74.6,35.5,2395.7,24.00,40,39,39,77,116,708,1,70.9,66.3,70.8,57.4,55.7,64.9,60.2,56.8,52.3,54.7,55.2,55.2,63.0,57.1,44.0,43.0,45.2,1.240,1.015,1.100,16.879,7.863,16.883,36.500,6.073,41.526,2.538,2.726,4.970,3.548,2.405,0.447,1.134,20.933,7.981,35.595,40.609,1996.4,2395.7,5149.4,5149.4,5148.2,46.1,22.5,24.3,46.1,78.1,いいえ,いいえ,いいえ,0.528,0.187,1.7,40.0,71.6,40.0,71.0,1.248,12.091,3.440,3.312,5.040,1.064,1.040,3.440,3.328,1.808,1.024,1.120,1.032,1.792,1.096,0.752,1.824,0.256,2039,いいえ,57.4,41.5,1.095,1.110,1.800,1.800,0.990,5.040,0.500,いいえ,いいえ,いいえ,41.0,1.095,1.110,1.800,1.800,0.990,5.040,0.375,いいえ,いいえ,いいえ,37,37,いいえ,はい,15388,14039,128,128,34,100.0,いいえ,いいえ,3868,2528,9990,38,40,48,100.0,100.0,いいえ,いいえ,7032,7744,0.0,0.0,0.0,0.000,0.006,1392,1009,0.0,0.0,0.0,0.000,0.000,181182,133153,0.0,0.0,0.0,0.000,0.014,66320,77651,59.0,0.720,17.000,600.0,2400.0,1200.0,100.0,0.0,0.0,0.0,0.0,0.0,0.0,0.0,0.0,125,2,16.0,86,いいえ,いいえ,いいえ,65.5,66.0,74.2,84.0,1.100,12.169,12.162,12.134,12.215,12.163,1360,1357,146.101,67.339,113.621,25.638,29.814,126.694,12.832,42.607,90.436,97.067,220.000,220.000,2775.0,1281.5,2145.0,2764.8,2235.0,2765.5,1279.7,2225.6,93.0,60.0,6.0,0.0,92.0,26.2,100.0,0.0,5.0,0.0,34,34,はい,いいえ,いいえ,はい,いいえ,いいえ,いいえ,73.9,79.7,0,0,0,0,0,0,0,0,0,0,0,0,0,0,0,0,0,0,0,0,0,0,0,0,0,0,0,0,0,0,980,11302,11026,612,16.0,12.8,17.6,8.4,8.4,8.4,8.4,0.0,0.0,0.0,0.0,0.0,0.0,78.03,118.38,56.81,56.66,119.76,119.76,0.60,16.15,77.99,0.05,0.00,0,0,0.0,0.0,44291,38987,20.7,1265.7,0,
19.7.2026,0:55:23.099,27844,6067,82.1,14334,17529,44.9,1.0,2048,21,1.249,1.270,1.245,1.245,1.245,1.245,1.245,4055.5,4112.6,5140.7,4112.6,4112.6,3427.2,3427.2,99.8,694.3,1283.3,183.7,983.7,1398.4,2632.0,1063.7,277.3,257.8,43.1,55.6,93.9,59.2,694.3,13.1,23.6,3.6,18.7,25.7,51.0,20.8,4.5,5.2,0.5,0.8,1.7,0.9,51.0,13.1,17.4,28.7,4.7,25.1,35.3,68.6,27.9,6.1,6.4,1.0,1.3,2.3,1.4,17.4,40.6,41.2,51.5,41.2,41.2,34.3,34.3,0.0,27.9,30.4,47.3,72.0,11.9,2.1,3.5,47.7,69.6,52.7,28.0,88.1,16.2,31.5,24.4,0.0,0.0,0.0,0.0,81.7,64.9,2395.7,24.00,40,39,39,77,116,708,1,70.2,66.2,68.9,57.2,55.6,61.1,63.7,56.6,52.1,53.8,55.2,55.2,63.0,57.2,44.0,43.0,45.2,1.239,1.015,1.100,16.168,7.761,16.172,38.500,6.095,40.521,2.381,2.678,3.776,4.702,2.186,0.310,0.633,20.041,7.877,34.623,39.635,1996.4,2395.7,5145.7,5145.7,5147.8,45.0,21.6,25.7,45.0,77.8,いいえ,いいえ,いいえ,0.536,0.176,1.7,40.0,69.9,40.0,69.0,1.248,12.038,3.440,3.312,5.016,1.064,1.040,3.440,3.328,1.808,1.024,1.120,1.032,1.792,1.096,0.752,1.824,0.256,1985,いいえ,57.4,41.5,1.095,1.110,1.800,1.800,0.990,5.040,0.250,いいえ,いいえ,いいえ,40.8,1.095,1.110,1.800,1.800,0.990,5.040,0.500,いいえ,いいえ,いいえ,37,37,いいえ,はい,15388,14039,128,128,34,100.0,いいえ,いいえ,3868,2528,9990,38,40,48,100.0,100.0,いいえ,いいえ,7032,7744,0.0,0.1,0.1,0.000,0.010,1392,1009,0.0,0.0,0.0,0.000,0.000,181182,133153,0.0,0.3,0.3,0.000,0.529,66320,77652,58.9,0.720,17.000,600.0,2400.0,1200.0,100.0,0.0,0.0,0.0,0.0,0.0,0.0,0.0,0.0,125,2,16.0,86,いいえ,いいえ,いいえ,66.7,66.0,75.9,84.0,1.100,12.178,12.169,12.143,12.229,12.170,1371,1371,143.744,67.521,110.993,25.044,29.338,123.591,12.511,41.827,100.228,96.637,220.000,220.000,2775.0,1281.5,2145.0,2765.0,2235.0,2767.0,1280.2,2224.7,79.0,27.0,2.0,0.0,92.0,25.5,100.0,0.0,2.0,0.0,34,34,はい,いいえ,いいえ,はい,いいえ,いいえ,いいえ,69.5,78.6,0,0,0,0,0,0,0,0,0,0,0,0,0,0,0,0,0,0,0,0,0,0,0,0,0,0,0,0,0,0,980,11302,11026,612,16.0,10.9,10.9,10.9,10.9,10.9,10.9,10.0,10.0,10.0,10.0,10.0,10.0,91.34,91.34,91.34,91.34,91.34,91.34,88.74,2.86,91.08,0.25,814.84,0,0,0.0,0.0,44291,38988,12.2,438.4,0,
19.7.2026,0:55:25.099,27846,6065,82.1,14370,17493,45.0,1.0,2048,21,1.248,1.265,1.245,1.245,1.245,1.245,1.245,4283.9,4112.6,4112.6,5140.7,4112.6,4112.6,4112.6,99.8,667.4,1211.3,106.4,1257.8,1092.4,2883.7,729.0,261.7,242.9,48.1,49.5,74.5,51.7,667.4,12.9,23.5,2.3,24.4,20.1,56.0,14.3,4.5,5.3,1.0,1.1,1.6,1.1,56.0,12.9,16.8,28.0,2.6,32.4,27.1,75.3,19.0,5.7,6.0,1.1,1.2,1.8,1.2,16.8,42.9,41.2,41.2,51.5,41.2,41.2,41.2,0.0,27.0,28.9,46.8,70.3,11.3,2.1,2.8,46.8,71.1,53.2,29.7,88.7,11.4,26.8,26.1,0.0,0.0,0.0,0.0,86.5,70.3,2395.7,24.00,40,39,39,77,116,708,1,69.8,65.9,67.4,56.8,55.1,60.9,63.3,56.2,51.8,53.4,55.0,55.0,63.0,57.2,44.0,43.0,45.3,1.238,1.015,1.100,15.867,7.780,15.866,37.500,6.122,40.170,2.285,2.531,3.726,4.573,2.096,0.248,0.533,19.651,7.897,34.281,39.283,1996.4,2395.7,5145.6,5145.6,5147.6,44.6,21.2,25.0,44.6,77.5,いいえ,いいえ,いいえ,0.433,0.156,1.6,40.0,69.6,40.0,69.0,1.232,12.038,3.440,3.296,5.016,1.064,1.040,3.440,3.328,1.808,1.024,1.120,1.032,1.792,1.096,0.744,1.824,0.256,1928,いいえ,57.4,41.8,1.110,1.110,1.800,1.800,0.990,5.040,0.250,いいえ,いいえ,いいえ,41.0,1.095,1.110,1.800,1.800,0.990,5.040,0.375,いいえ,いいえ,いいえ,37,37,いいえ,はい,15388,14039,128,128,34,100.0,いいえ,いいえ,3868,2528,9990,38,40,48,100.0,100.0,いいえ,いいえ,7032,7744,0.0,0.1,0.1,0.000,0.008,1392,1009,0.0,0.0,0.0,0.000,0.000,181182,133153,0.0,0.0,0.0,0.000,0.038,66320,77652,58.9,0.720,32.000,600.0,2400.0,1200.0,100.0,0.0,0.0,0.0,0.0,0.0,0.0,0.0,0.0,125,2,16.0,86,いいえ,いいえ,いいえ,66.0,66.0,75.0,84.0,1.100,12.175,12.169,12.135,12.225,12.171,1379,1380,141.133,68.960,111.896,28.063,31.660,126.068,14.033,45.669,103.990,90.305,220.000,220.000,2775.0,1281.5,2145.0,2765.0,2235.0,2765.7,1280.8,2226.3,74.0,15.0,2.0,0.0,92.0,25.3,100.0,0.0,1.2,0.0,34,34,はい,いいえ,いいえ,はい,いいえ,いいえ,いいえ,73.2,71.1,0,0,0,0,0,0,0,0,0,0,0,0,0,0,0,0,0,0,0,0,0,0,0,0,0,0,0,0,0,0,980,11302,11026,612,16.0,15.0,15.0,15.0,15.0,15.0,15.0,15.0,15.0,15.0,15.0,15.0,15.0,66.69,66.69,66.69,66.69,66.69,66.69,0.93,65.74,66.69,0.00,833.64,0,0,0.0,0.0,44291,38989,9.6,242.6,0,
19.7.2026,0:55:27.096,27847,6064,82.1,14435,17428,45.3,1.0,2048,21,1.241,1.245,1.240,1.240,1.240,1.240,1.240,4169.7,4112.6,4112.6,5140.7,4112.6,3427.2,4112.6,99.8,680.0,1289.6,118.9,776.4,1037.1,1649.8,2535.2,309.3,193.9,55.4,37.7,82.0,75.1,680.0,12.9,24.2,2.5,14.8,18.5,31.5,49.6,5.5,4.1,0.3,0.0,1.6,1.6,49.6,12.9,17.0,29.4,3.0,19.5,25.4,42.6,66.7,7.0,4.8,1.3,0.9,2.0,1.8,17.0,41.8,41.2,41.2,51.5,41.2,34.3,41.2,0.0,27.4,30.5,36.8,80.5,11.3,2.0,3.3,45.8,69.5,63.2,19.5,88.7,11.8,22.1,26.8,0.0,0.0,0.0,0.0,86.2,74.6,2395.7,24.00,40,39,39,77,116,708,1,69.4,66.1,66.4,56.9,55.3,60.2,64.4,56.4,51.8,53.4,55.0,55.0,63.5,57.2,44.0,43.0,45.2,1.239,1.015,1.100,15.919,7.871,15.929,39.000,6.107,40.381,2.330,2.653,3.503,4.985,2.122,0.251,0.464,19.738,7.989,34.445,39.461,1996.4,2395.7,5147.4,5147.4,5147.6,44.8,21.2,26.0,44.8,77.8,いいえ,いいえ,いいえ,0.466,0.163,1.6,40.0,69.1,40.0,69.0,1.240,12.091,3.440,3.296,5.016,1.064,1.040,3.440,3.328,1.808,1.024,1.120,1.032,1.792,1.096,0.744,1.824,0.256,1914,いいえ,57.4,41.8,1.110,1.110,1.800,1.800,0.990,5.040,0.250,いいえ,いいえ,いいえ,41.0,1.110,1.110,1.800,1.800,0.990,5.040,0.500,いいえ,いいえ,いいえ,37,37,いいえ,はい,15388,14039,128,128,34,100.0,いいえ,いいえ,3868,2528,9990,38,40,48,100.0,100.0,いいえ,いいえ,7032,7744,0.0,0.0,0.0,0.000,0.004,1392,1009,0.0,0.0,0.0,0.000,0.000,181182,133153,0.0,0.0,0.0,0.000,0.018,66320,77652,59.0,0.720,41.000,600.0,2400.0,1200.0,100.0,0.0,0.0,0.0,0.0,0.0,0.0,0.0,0.0,125,2,16.0,86,いいえ,いいえ,いいえ,62.7,66.0,70.5,84.0,1.100,12.203,12.200,12.165,12.247,12.200,1386,1387,147.149,57.582,96.051,22.862,27.747,107.747,11.444,39.116,95.013,60.678,220.000,220.000,2775.0,1281.5,2145.0,2764.4,2235.0,2774.0,1279.8,2229.2,82.0,35.0,3.0,0.0,92.0,25.3,100.0,0.0,1.2,0.0,34,34,はい,いいえ,いいえ,はい,いいえ,いいえ,いいえ,48.9,27.5,0,0,0,0,0,0,0,0,0,0,0,0,0,0,0,0,0,0,0,0,0,0,0,0,0,0,0,0,0,0,980,11302,11026,612,16.0,16.3,16.3,16.3,16.3,16.3,16.3,20.0,20.0,20.0,20.0,20.0,20.0,61.16,61.16,61.16,61.16,61.16,61.16,61.19,0.14,60.96,0.21,879.50,0,0,0.0,0.0,44291,38989,6.9,204.1,0,
19.7.2026,0:55:29.085,27689,6222,81.6,14738,17125,46.2,1.0,2048,21,1.235,1.235,1.235,1.235,1.235,1.235,1.235,4138.4,3972.8,4966.0,3972.8,3972.8,3972.8,3972.8,99.8,1900.5,2245.0,1531.5,2204.0,2033.8,2089.5,3688.6,1731.3,1656.0,1381.2,1347.3,1480.3,1417.9,1900.5,38.3,42.9,31.2,44.7,39.9,41.6,73.6,35.2,34.2,28.8,28.0,30.3,29.4,73.6,38.3,49.3,53.9,40.2,57.5,52.4,54.4,97.2,44.9,43.4,36.3,35.4,38.9,37.3,49.3,41.5,39.8,49.8,39.8,39.8,39.8,39.8,0.0,49.4,48.4,57.3,86.4,41.9,29.9,32.4,35.3,48.5,42.7,13.6,57.8,18.7,30.5,15.3,3.0,0.0,0.0,0.3,51.3,37.0,2395.7,24.00,40,39,39,77,116,708,1,80.4,72.9,79.6,64.2,60.8,67.2,70.9,65.1,58.6,62.4,56.3,56.3,64.8,57.7,44.0,43.0,45.4,1.229,1.015,1.100,24.933,8.161,24.926,68.500,6.126,52.299,4.375,4.123,5.402,6.554,4.349,2.668,3.154,30.603,8.283,45.625,51.145,1996.4,2395.7,5060.4,5060.4,5082.7,58.1,33.2,45.7,58.1,85.7,いいえ,いいえ,いいえ,7.958,3.725,3.0,40.0,80.0,40.0,80.0,1.248,12.144,3.440,3.328,5.040,1.072,1.032,3.440,3.328,1.808,1.024,1.120,1.032,1.792,1.104,0.744,1.824,0.256,1934,いいえ,57.4,41.8,1.110,1.110,1.800,1.800,0.990,5.040,0.500,いいえ,いいえ,いいえ,41.0,1.110,1.110,1.815,1.800,0.990,5.040,0.375,いいえ,いいえ,いいえ,37,37,いいえ,はい,15388,14039,128,128,34,100.0,いいえ,いいえ,3868,2528,9990,38,40,48,100.0,100.0,いいえ,いいえ,7032,7744,0.0,0.0,0.0,0.000,0.004,1392,1009,0.0,0.0,0.0,0.000,0.000,181182,133153,0.0,0.1,0.1,0.000,0.662,66320,77654,59.2,0.720,19.000,600.0,2400.0,1200.0,100.0,0.0,0.0,0.0,0.0,0.0,0.0,0.0,0.0,125,2,16.0,86,いいえ,いいえ,いいえ,55.8,62.0,66.4,84.0,1.095,12.306,12.316,12.256,12.336,12.316,1403,1404,48.260,18.778,27.127,7.341,16.410,30.803,3.670,20.089,22.307,22.481,220.000,220.000,2775.0,1281.5,2145.0,2774.7,2235.0,2776.2,1280.2,2235.0,2.0,0.0,2.0,0.0,87.5,19.2,75.5,0.0,1.3,0.0,34,34,はい,いいえ,いいえ,はい,いいえ,いいえ,いいえ,21.5,21.3,0,0,0,0,0,0,0,0,0,0,0,0,0,0,0,0,0,0,0,0,0,0,0,0,0,0,0,0,0,0,1538,10744,10468,612,16.0,55.5,55.5,55.5,55.5,55.5,55.5,60.2,60.2,60.2,60.2,60.2,60.2,18.02,18.02,18.02,18.02,18.02,18.02,0.56,17.24,18.02,0.00,0.17,0,0,0.0,0.0,44291,38990,7.7,225.8,0,
19.7.2026,0:55:31.094,28159,5752,83.0,14010,17853,43.9,1.0,2048,21,1.258,1.245,1.240,1.265,1.265,1.265,1.265,4341.1,4112.6,5140.7,5140.7,4112.6,3427.2,4112.6,99.8,1220.3,2176.1,672.5,1497.0,1744.2,1115.4,3659.3,890.2,941.5,482.4,461.7,480.9,522.5,1220.3,23.5,36.8,13.6,29.1,33.4,20.8,72.1,16.8,18.8,10.3,9.8,10.4,10.6,72.1,23.5,30.8,49.3,17.2,38.0,44.1,28.3,96.4,22.2,24.2,12.5,11.9,12.3,13.5,30.8,43.5,41.2,51.5,51.5,41.2,34.3,41.2,0.0,39.9,45.5,54.6,81.4,28.4,14.0,15.3,45.2,48.9,45.4,18.6,71.6,36.1,50.9,14.9,5.7,0.0,0.0,0.0,49.9,33.8,2395.7,24.00,40,39,39,77,116,708,1,79.6,73.8,68.4,62.8,60.0,67.7,71.1,62.7,56.4,59.1,57.4,57.4,63.8,57.8,44.0,43.0,45.8,1.253,1.015,1.100,21.967,8.003,21.969,51.000,6.127,48.759,3.809,3.708,5.504,6.508,3.590,1.605,1.939,27.525,8.123,42.387,47.631,1996.4,2395.7,5107.4,5107.4,5110.7,54.1,29.3,34.0,54.1,86.8,いいえ,いいえ,いいえ,3.895,2.195,2.4,40.0,79.8,40.0,79.0,1.248,12.091,3.440,3.296,5.016,1.064,1.032,3.440,3.328,1.808,1.024,1.120,1.032,1.792,1.104,0.744,1.824,0.256,2048,いいえ,57.4,41.8,1.110,1.110,1.800,1.800,0.990,5.040,0.250,いいえ,いいえ,いいえ,41.0,1.110,1.110,1.800,1.800,0.990,5.040,0.500,いいえ,いいえ,いいえ,37,37,いいえ,はい,15388,14039,128,128,34,100.0,いいえ,いいえ,3868,2528,9990,38,40,48,100.0,100.0,いいえ,いいえ,7032,7744,0.0,0.1,0.1,0.000,0.008,1392,1009,0.0,0.0,0.0,0.000,0.000,181182,133153,0.0,0.0,0.0,0.000,0.010,66320,77654,59.7,0.720,21.000,600.0,2400.0,1200.0,100.0,0.0,0.0,0.0,0.0,0.0,0.0,0.0,0.0,125,2,16.0,86,いいえ,いいえ,いいえ,63.4,64.0,71.8,84.0,1.095,12.187,12.184,12.150,12.231,12.183,1397,1399,46.611,68.854,112.843,26.074,30.169,126.233,13.024,43.138,103.777,95.578,220.000,220.000,2775.0,1281.5,2145.0,1787.6,2235.0,2765.9,1279.9,2226.1,89.0,60.0,2.0,0.0,92.7,21.4,84.5,0.0,1.0,0.0,34,34,はい,いいえ,いいえ,はい,いいえ,いいえ,いいえ,70.9,70.5,0,0,0,0,0,0,0,0,0,0,0,0,0,0,0,0,0,0,0,0,0,0,0,0,0,0,0,0,0,0,902,11380,11104,612,16.0,0.7,0.7,0.7,0.7,0.7,0.7,0.0,0.0,0.0,0.0,0.0,0.0,1340.95,1340.95,1340.95,1340.95,1340.95,1340.95,3.75,96.11,1340.89,0.06,0.00,0,0,0.0,0.0,44291,38990,6.8,209.3,0,
19.7.2026,0:55:33.098,28062,5848,82.7,14135,17727,44.3,1.0,2048,21,1.240,1.240,1.240,1.240,1.240,1.240,1.240,4055.5,4112.6,4112.6,5140.7,4112.6,3427.2,3427.2,99.8,707.5,1474.7,99.6,501.7,1047.1,905.1,3646.0,322.4,262.4,59.5,44.6,78.9,48.6,707.5,13.3,28.1,2.3,9.5,18.8,16.7,71.3,5.7,5.2,0.0,0.3,1.1,0.5,71.3,13.3,17.7,34.8,2.5,11.8,25.3,22.6,96.1,7.1,6.6,1.4,1.0,1.9,1.1,17.7,40.6,41.2,41.2,51.5,41.2,34.3,34.3,0.0,28.4,33.7,32.1,87.2,12.5,2.2,2.8,45.2,66.3,67.9,12.8,87.5,12.9,23.6,26.4,0.0,0.0,0.0,0.0,84.9,73.5,2395.7,24.00,40,39,39,77,116,708,1,76.4,66.9,66.4,57.9,56.7,60.4,65.9,57.6,52.8,54.3,55.8,55.8,63.8,57.6,44.0,43.0,45.9,1.242,1.015,1.100,16.250,7.823,16.258,41.000,6.089,40.761,2.442,2.827,3.449,5.276,2.324,0.280,0.494,20.205,7.940,34.843,39.870,1996.4,2395.7,5150.5,5150.5,5148.9,45.3,21.7,27.3,45.3,78.8,いいえ,いいえ,いいえ,0.695,0.275,1.7,40.0,76.4,40.0,76.0,1.248,12.038,3.456,3.312,5.016,1.064,1.032,3.440,3.328,1.808,1.024,1.120,1.032,1.792,1.096,0.744,1.824,0.256,2017,いいえ,58.3,41.8,1.110,1.110,1.800,1.800,1.005,5.040,0.250,いいえ,いいえ,いいえ,41.0,1.110,1.110,1.800,1.800,0.990,5.040,0.250,いいえ,いいえ,いいえ,37,37,いいえ,はい,15388,14039,128,128,34,100.0,いいえ,いいえ,3868,2528,9990,38,40,48,100.0,100.0,いいえ,いいえ,7032,7744,0.0,0.0,0.0,0.000,0.004,1392,1009,0.0,0.0,0.0,0.000,0.000,181182,133153,0.0,0.0,0.0,0.000,0.008,66320,77654,59.5,0.720,16.000,600.0,2400.0,1200.0,100.0,0.0,0.0,0.0,0.0,0.0,0.0,0.0,0.0,125,2,16.0,86,いいえ,いいえ,いいえ,66.1,66.0,75.3,84.0,1.100,12.175,12.170,12.142,12.218,12.170,1390,1393,126.773,74.550,118.714,26.288,30.368,132.178,13.143,43.466,116.266,115.976,220.000,220.000,2775.0,1281.5,2130.0,2769.8,2235.0,2768.6,1280.8,2222.9,90.0,55.0,2.0,0.0,92.0,25.2,100.0,0.0,0.8,0.0,34,34,はい,いいえ,いいえ,はい,いいえ,いいえ,いいえ,73.7,77.1,0,0,0,0,0,0,0,0,0,0,0,0,0,0,0,0,0,0,0,0,0,0,0,0,0,0,0,0,0,0,980,11302,11026,612,16.0,1.4,14.2,0.7,0.7,0.7,0.7,0.7,0.7,0.7,0.7,0.7,0.7,737.89,1405.16,70.62,58.37,1418.78,1418.78,1.18,33.25,737.85,0.05,706.55,0,0,0.0,0.0,44291,38990,6.3,119.8,0,
19.7.2026,0:55:35.095,27926,5985,82.3,14177,17686,44.4,1.0,2048,21,1.240,1.240,1.240,1.240,1.240,1.240,1.240,3827.0,4112.6,3427.2,5140.7,3427.2,3427.2,3427.2,99.8,666.6,1186.3,143.2,3110.6,981.3,996.3,854.9,321.1,205.6,40.4,44.1,66.0,49.6,666.6,12.8,21.9,2.7,60.5,18.5,17.7,16.5,5.4,4.7,1.9,1.2,1.7,1.4,60.5,12.8,16.7,26.5,3.6,81.7,25.2,24.0,22.3,7.3,5.1,0.9,1.0,1.5,1.2,16.7,38.3,41.2,34.3,51.5,34.3,34.3,34.3,0.0,26.8,28.4,79.6,37.0,11.3,1.8,2.6,46.8,71.0,20.4,63.0,88.7,13.7,23.8,26.5,0.6,0.0,0.0,0.0,84.6,73.6,2395.7,24.00,40,39,39,77,116,708,1,73.9,66.4,65.5,57.1,55.6,64.5,60.3,56.2,52.3,53.6,55.3,55.3,64.0,57.7,44.0,43.0,45.8,1.239,1.015,1.100,16.034,7.611,16.031,37.000,6.108,40.214,2.266,2.514,4.767,3.463,2.092,0.284,0.478,19.875,7.725,34.318,39.317,1996.4,2395.7,5148.8,5148.8,5148.3,44.7,21.4,24.7,44.7,78.1,いいえ,いいえ,いいえ,0.438,0.162,1.6,40.0,73.9,40.0,73.0,1.240,12.038,3.440,3.296,5.016,1.064,1.032,3.440,3.328,1.808,1.024,1.120,1.032,1.792,1.096,0.744,1.824,0.256,2023,いいえ,58.3,41.8,1.110,1.110,1.800,1.800,1.005,4.970,0.375,いいえ,いいえ,いいえ,41.0,1.110,1.110,1.800,1.800,1.005,4.970,0.250,いいえ,いいえ,いいえ,37,37,いいえ,はい,15388,14039,128,128,34,100.0,いいえ,いいえ,3868,2528,9990,38,40,48,100.0,100.0,いいえ,いいえ,7032,7744,0.0,0.0,0.0,0.000,0.002,1392,1009,0.0,0.0,0.0,0.000,0.000,181182,133153,0.0,0.1,0.1,0.000,0.457,66320,77655,59.4,0.720,26.000,600.0,2400.0,1200.0,100.0,0.0,0.0,0.0,0.0,0.0,0.0,0.0,0.0,125,2,16.0,86,いいえ,いいえ,いいえ,65.7,66.0,74.8,84.0,1.100,12.171,12.168,12.132,12.218,12.166,1395,1393,142.283,74.437,117.274,28.302,31.895,131.617,14.149,46.013,114.316,111.932,220.000,220.000,2775.0,1281.5,2130.0,2764.7,2235.0,2766.9,1281.1,2224.5,89.0,56.0,2.0,0.0,92.0,25.3,100.0,0.0,1.0,0.0,34,34,はい,いいえ,いいえ,はい,いいえ,いいえ,いいえ,74.2,68.9,0,0,0,0,0,0,0,0,0,0,0,0,0,0,0,0,0,0,0,0,0,0,0,0,0,0,0,0,0,0,980,11302,11026,612,16.0,1.4,14.2,0.7,0.7,0.7,0.7,0.7,0.7,0.7,0.7,0.7,0.7,737.89,1405.16,70.62,58.37,1418.78,1418.78,1.18,33.25,737.85,0.05,706.55,0,0,0.0,0.0,44291,38991,6.7,137.0,0,
19.7.2026,0:55:37.096,27851,6060,82.1,14260,17603,44.7,1.0,2048,21,1.240,1.240,1.240,1.240,1.240,1.240,1.240,4055.5,4112.6,5140.7,4112.6,4112.6,3427.2,3427.2,99.8,732.9,1363.6,177.8,2730.8,1525.0,1366.2,621.0,365.1,314.4,49.1,73.8,129.1,79.4,732.9,13.9,25.5,3.9,53.3,29.1,25.1,12.4,6.3,6.6,0.2,0.8,2.0,1.0,53.3,13.9,18.3,30.6,4.5,71.7,39.7,33.4,16.1,8.2,7.8,1.1,1.8,3.1,1.9,18.3,40.6,41.2,51.5,41.2,41.2,34.3,34.3,0.0,29.5,32.5,81.8,40.2,15.0,2.6,4.9,51.4,67.5,18.2,59.8,85.0,20.3,57.3,19.2,0.0,0.0,0.0,0.0,77.1,37.8,2395.7,24.00,40,39,39,77,116,708,1,72.2,66.8,68.4,57.8,56.1,65.2,61.0,57.2,52.6,55.1,55.4,55.4,63.8,57.4,44.0,43.0,45.9,1.240,1.015,1.100,17.264,7.695,17.263,41.000,6.120,41.874,2.586,2.815,4.985,3.725,2.430,0.423,1.139,21.414,7.810,35.956,40.966,1996.4,2395.7,5149.5,5149.5,5148.3,46.6,23.0,27.3,46.6,78.6,いいえ,いいえ,いいえ,0.597,0.201,1.8,40.0,72.1,40.0,72.0,1.232,12.091,3.440,3.296,5.016,1.064,1.032,3.440,3.328,1.808,1.024,1.120,1.032,1.792,1.096,0.736,1.824,0.256,2027,いいえ,58.3,41.8,1.110,1.110,1.800,1.800,1.005,4.970,0.500,いいえ,いいえ,いいえ,41.0,1.110,1.110,1.800,1.800,1.005,4.970,0.250,いいえ,いいえ,いいえ,37,37,いいえ,はい,15388,14039,128,128,34,100.0,いいえ,いいえ,3868,2528,9990,39,41,48,100.0,100.0,いいえ,いいえ,7032,7744,0.0,0.1,0.1,0.000,0.014,1392,1009,0.0,0.0,0.0,0.000,0.000,181182,133153,0.0,0.0,0.0,0.000,0.034,66320,77655,59.5,0.720,22.000,600.0,2400.0,1200.0,100.0,0.0,0.0,0.0,0.0,0.0,0.0,0.0,0.0,125,2,16.0,86,いいえ,いいえ,いいえ,66.6,66.0,75.7,84.0,1.100,12.161,12.157,12.121,12.209,12.156,1395,1393,135.419,61.589,117.090,29.638,32.883,132.067,14.806,47.672,25.903,92.652,220.000,220.000,2775.0,1281.5,2130.0,2764.9,2235.0,2764.8,1280.1,2225.9,92.0,61.0,2.0,0.0,92.0,25.6,100.0,0.0,2.4,0.0,34,34,はい,いいえ,いいえ,はい,いいえ,いいえ,いいえ,74.9,82.6,0,0,0,0,0,0,0,0,0,0,0,0,0,0,0,0,0,0,0,0,0,0,0,0,0,0,0,0,0,0,980,11302,11026,613,16.0,12.1,65.7,0.9,0.8,0.7,0.7,12.1,60.0,0.9,0.8,0.7,0.7,82.45,1084.31,15.22,14.98,1334.71,1334.71,0.76,15.79,82.45,0.00,127.71,0,0,0.0,0.0,44291,38991,15.1,435.0,0,
19.7.2026,0:55:39.100,27853,6057,82.1,14263,17600,44.7,1.0,2048,21,1.237,1.240,1.235,1.235,1.235,1.235,1.240,4055.5,4112.6,5140.7,4112.6,3427.2,4112.6,3427.2,99.8,691.3,1161.2,130.1,1699.3,2731.9,911.8,799.7,315.8,265.4,61.0,51.4,92.9,75.1,691.3,13.4,21.5,2.5,33.1,53.4,16.1,16.0,5.2,5.4,1.9,1.5,2.5,2.2,53.4,13.4,17.3,25.9,3.2,44.6,71.8,21.5,20.8,7.0,6.5,1.5,1.1,2.2,1.8,17.3,40.6,41.2,51.5,41.2,34.3,41.2,34.3,0.0,27.9,27.7,85.3,35.1,13.1,2.4,3.9,49.9,72.3,14.7,64.9,86.9,21.1,39.8,22.1,0.0,0.0,0.0,0.0,76.5,56.3,2395.7,24.00,40,39,39,77,116,708,1,71.2,66.8,66.9,57.6,55.7,65.7,60.2,56.7,52.6,54.4,55.4,55.4,63.5,57.8,44.0,43.0,45.9,1.240,1.015,1.100,16.650,7.633,16.656,37.500,6.136,41.106,2.434,2.588,5.118,3.412,2.302,0.401,0.784,20.649,7.748,35.147,40.156,1996.4,2395.7,5149.2,5149.2,5147.4,45.6,22.2,25.0,45.6,78.6,いいえ,いいえ,いいえ,0.428,0.147,1.7,40.0,71.2,40.0,71.0,1.248,12.091,3.440,3.296,5.016,1.064,1.032,3.440,3.328,1.808,1.024,1.120,1.032,1.792,1.096,0.736,1.824,0.256,2036,いいえ,58.3,42.0,1.110,1.110,1.800,1.800,1.005,4.970,0.250,いいえ,いいえ,いいえ,41.0,1.110,1.110,1.800,1.800,1.005,4.970,0.250,いいえ,いいえ,いいえ,37,37,いいえ,はい,15388,14039,128,128,34,100.0,いいえ,いいえ,3868,2528,9990,39,41,48,100.0,100.0,いいえ,いいえ,7032,7744,0.0,0.0,0.0,0.000,0.004,1392,1009,0.0,0.0,0.0,0.000,0.000,181182,133153,0.0,0.1,0.1,0.000,0.026,66320,77655,59.5,0.720,17.000,600.0,2400.0,1200.0,100.0,0.0,0.0,0.0,0.0,0.0,0.0,0.0,0.0,125,2,16.0,86,いいえ,いいえ,いいえ,67.2,68.0,76.7,84.0,1.100,12.185,12.182,12.145,12.231,12.181,1395,1395,148.011,59.707,105.730,25.728,29.999,118.835,12.864,42.817,89.426,52.260,220.000,220.000,2775.0,1281.5,2130.0,2764.7,2235.0,2769.2,1279.5,2226.6,91.0,52.0,2.0,0.0,92.0,25.4,100.0,0.0,1.5,0.0,35,35,はい,いいえ,いいえ,はい,いいえ,いいえ,いいえ,67.5,82.2,0,0,0,0,0,0,0,0,0,0,0,0,0,0,0,0,0,0,0,0,0,0,0,0,0,0,0,0,0,0,980,11302,11026,613,16.0,1.6,1.6,1.6,1.6,1.6,1.6,1.6,1.6,1.6,1.6,1.6,1.6,621.13,621.13,621.13,621.13,621.13,621.13,614.96,6.14,620.90,0.24,255.90,0,0,0.0,0.0,44292,38992,12.8,379.8,0,
19.7.2026,0:55:41.099,27852,6058,82.1,14320,17543,44.9,1.0,2048,21,1.240,1.240,1.240,1.240,1.240,1.240,1.240,4169.7,4112.6,5140.7,4112.6,4112.6,3427.2,4112.6,99.8,686.3,1224.5,125.6,1125.6,3099.1,1041.5,834.2,294.6,221.0,47.4,51.6,97.2,73.2,686.3,13.0,22.7,2.4,21.4,60.3,18.4,16.5,4.6,4.4,0.8,0.7,1.9,1.3,60.3,13.0,17.2,27.5,3.1,29.2,81.4,24.8,21.7,6.3,5.4,1.1,1.2,2.3,1.8,17.2,41.8,41.2,51.5,41.2,41.2,34.3,41.2,0.0,27.6,29.1,80.7,38.1,11.5,2.1,3.9,48.7,70.9,19.3,61.9,88.5,20.2,31.2,23.8,0.0,0.0,0.0,0.0,77.7,64.9,2395.7,24.00,40,39,39,77,116,708,1,70.5,66.7,66.9,57.4,55.8,65.0,60.6,56.5,52.5,54.1,55.4,55.4,63.8,57.6,44.0,43.0,46.0,1.239,1.015,1.100,16.240,7.483,16.235,39.500,6.132,40.286,2.398,2.616,4.910,3.601,2.202,0.399,0.658,20.134,7.595,34.475,39.472,1996.4,2395.7,5148.5,5148.5,5147.9,44.9,21.6,26.3,44.9,78.5,いいえ,いいえ,いいえ,0.469,0.157,1.7,40.0,70.5,40.0,70.0,1.232,12.038,3.456,3.312,5.016,1.064,1.032,3.440,3.328,1.808,1.024,1.120,1.032,1.792,1.096,0.736,1.824,0.256,1994,いいえ,58.3,42.0,1.110,1.110,1.800,1.800,1.005,4.970,0.250,いいえ,いいえ,いいえ,41.0,1.110,1.110,1.800,1.800,1.005,4.970,0.250,いいえ,いいえ,いいえ,37,37,いいえ,はい,15388,14039,128,128,34,100.0,いいえ,いいえ,3868,2528,9990,39,41,48,100.0,100.0,いいえ,いいえ,7032,7744,0.0,0.0,0.0,0.000,0.004,1392,1009,0.0,0.0,0.0,0.000,0.000,181182,133153,0.0,0.0,0.0,0.000,0.045,66320,77655,59.5,0.720,41.000,600.0,2400.0,1200.0,100.0,0.0,0.0,0.0,0.0,0.0,0.0,0.0,0.0,125,2,16.0,86,いいえ,いいえ,いいえ,67.3,68.0,76.8,84.0,1.100,12.192,12.190,12.153,12.236,12.189,1410,1410,147.220,64.956,102.666,24.501,28.998,115.167,12.250,41.196,133.620,61.254,220.000,220.000,2775.0,1281.5,2130.0,2764.2,2235.0,2765.3,1279.9,2225.1,90.0,44.0,2.0,0.0,92.0,25.2,100.0,0.0,0.7,0.0,35,35,はい,いいえ,いいえ,はい,いいえ,いいえ,いいえ,65.4,79.5,0,0,0,0,0,0,0,0,0,0,0,0,0,0,0,0,0,0,0,0,0,0,0,0,0,0,0,0,0,0,980,11302,11026,612,16.0,3.2,8.0,2.0,2.0,2.0,2.0,3.2,8.3,2.0,2.0,2.0,2.0,313.67,501.93,125.41,121.95,505.78,505.78,308.64,5.11,313.33,0.34,625.87,0,0,0.0,0.0,44292,38992,11.3,161.6,0,
19.7.2026,0:55:43.100,27851,6060,82.1,14364,17499,45.0,1.0,2048,21,1.240,1.240,1.240,1.240,1.240,1.240,1.240,4283.9,4112.6,4112.6,5140.7,4112.6,4112.6,4112.6,99.8,673.7,1222.6,132.8,885.4,2882.3,1359.5,836.1,264.5,251.2,38.9,54.6,92.7,63.7,673.7,12.7,22.7,2.6,16.9,55.9,24.9,16.3,3.8,5.0,0.5,0.7,1.7,1.1,55.9,12.7,16.9,27.6,3.3,22.8,75.6,33.5,21.8,5.6,6.2,0.9,1.2,2.2,1.5,16.9,42.9,41.2,41.2,51.5,41.2,41.2,41.2,0.0,27.3,29.1,73.5,44.1,11.6,2.0,3.6,48.9,70.9,26.5,55.9,88.4,16.4,35.0,23.8,0.0,0.0,0.0,0.0,81.6,61.3,2395.7,24.00,40,39,39,77,116,708,1,70.0,66.6,66.9,57.4,55.8,64.2,61.1,56.5,52.4,54.2,55.4,55.4,63.8,57.6,44.1,43.0,46.0,1.239,1.015,1.100,16.436,7.733,16.441,38.500,6.091,40.885,2.361,2.606,4.625,3.751,2.188,0.313,0.684,20.374,7.849,34.923,39.930,1996.4,2395.7,5148.1,5148.1,5147.8,45.4,21.9,25.7,45.4,78.3,いいえ,いいえ,いいえ,0.420,0.150,1.6,41.0,70.8,40.0,70.0,1.240,12.038,3.440,3.312,5.016,1.064,1.032,3.440,3.328,1.808,1.024,1.120,1.032,1.792,1.096,0.736,1.824,0.256,1970,いいえ,58.3,42.0,1.110,1.110,1.800,1.800,1.005,4.970,0.375,いいえ,いいえ,いいえ,41.0,1.110,1.110,1.800,1.800,1.005,4.970,0.250,いいえ,いいえ,いいえ,37,37,いいえ,はい,15388,14039,128,128,34,100.0,いいえ,いいえ,3868,2528,9990,38,40,48,100.0,100.0,いいえ,いいえ,7032,7744,0.0,0.1,0.1,0.000,0.008,1392,1009,0.0,0.0,0.0,0.000,0.000,181182,133153,0.0,0.0,0.0,0.000,0.008,66320,77655,59.5,0.720,17.000,600.0,2400.0,1200.0,100.0,0.0,0.0,0.0,0.0,0.0,0.0,0.0,0.0,125,2,16.0,86,いいえ,いいえ,いいえ,67.4,66.0,77.0,84.0,1.100,12.199,12.197,12.160,12.244,12.196,1423,1425,145.151,53.566,100.292,24.102,28.660,112.573,12.050,40.656,26.232,83.965,220.000,220.000,2775.0,1281.5,2130.0,2764.6,2235.0,2764.3,1279.9,2225.4,90.0,48.0,2.0,0.0,92.0,25.2,100.0,0.0,0.9,0.0,35,35,はい,いいえ,いいえ,はい,いいえ,いいえ,いいえ,64.1,79.3,0,0,0,0,0,0,0,0,0,0,0,0,0,0,0,0,0,0,0,0,0,0,0,0,0,0,0,0,0,0,980,11302,11026,612,16.0,3.2,7.9,2.0,2.0,2.0,2.0,3.2,8.3,2.0,1.9,1.9,1.9,314.81,503.02,126.59,123.14,506.86,506.86,310.04,4.90,314.58,0.22,641.00,0,0,0.0,0.0,44292,38993,12.1,171.3,0,
19.7.2026,0:55:45.103,27859,6052,82.1,14410,17453,45.2,1.0,2048,21,1.240,1.240,1.240,1.240,1.240,1.240,1.240,4055.5,4112.6,4112.6,5140.7,4112.6,3427.2,3427.2,99.8,757.8,1520.6,209.7,1229.0,1039.9,2850.1,1042.7,454.6,324.3,75.6,128.6,134.8,83.2,757.8,14.5,27.7,4.3,23.7,19.1,55.6,20.2,8.2,6.9,1.5,2.5,2.7,1.7,55.6,14.5,18.9,34.1,5.3,31.3,25.5,74.6,27.3,10.5,8.1,1.8,3.1,3.2,2.0,18.9,40.6,41.2,41.2,51.5,41.2,34.3,34.3,0.0,30.4,35.3,45.7,75.4,17.1,4.2,4.9,53.6,64.7,54.3,24.6,82.9,37.6,57.6,16.0,0.0,0.0,0.0,0.0,58.2,37.5,2395.7,24.00,40,39,39,77,116,708,1,69.6,67.0,65.9,58.5,56.7,61.9,65.0,58.2,53.5,55.6,55.6,55.6,64.0,57.8,44.1,43.0,46.0,1.241,1.015,1.100,17.651,7.764,17.651,44.500,6.085,42.477,2.766,2.999,4.017,4.894,2.600,0.864,1.224,21.934,7.880,36.508,41.524,1996.4,2395.7,5148.3,5148.3,5148.4,47.2,23.5,29.7,47.2,78.8,いいえ,いいえ,いいえ,0.681,0.214,1.8,41.0,69.5,40.0,69.0,1.248,12.091,3.440,3.296,5.016,1.064,1.032,3.440,3.328,1.808,1.024,1.120,1.032,1.792,1.096,0.736,1.824,0.256,1928,いいえ,58.3,42.0,1.110,1.110,1.800,1.800,0.975,4.970,0.250,いいえ,いいえ,いいえ,41.0,1.110,1.110,1.800,1.800,1.005,4.970,0.375,いいえ,いいえ,いいえ,37,37,いいえ,はい,15388,14039,128,128,34,100.0,いいえ,いいえ,3868,2528,9990,39,41,48,100.0,100.0,いいえ,いいえ,7032,7744,0.0,0.0,0.0,0.000,0.004,1392,1009,0.0,0.0,0.0,0.000,0.000,181182,133153,0.0,0.1,0.1,0.000,0.028,66320,77655,59.5,0.720,42.000,600.0,2400.0,1200.0,100.0,0.0,0.0,0.0,0.0,0.0,0.0,0.0,0.0,125,2,16.0,86,いいえ,いいえ,いいえ,63.1,68.0,71.1,84.0,1.100,12.201,12.198,12.166,12.243,12.198,1433,1431,142.660,55.401,102.083,23.298,28.056,114.007,11.649,39.643,28.218,96.253,220.000,220.000,2775.0,1281.5,2130.0,2764.5,2235.0,2773.8,1280.6,2229.1,88.0,50.0,1.0,0.0,92.0,25.9,100.0,0.0,3.5,0.0,35,35,はい,いいえ,いいえ,はい,いいえ,いいえ,いいえ,64.4,27.3,0,0,0,0,0,0,0,0,0,0,0,0,0,0,0,0,0,0,0,0,0,0,0,0,0,0,0,0,0,0,981,11301,11024,612,16.0,60.2,61.7,59.3,59.3,59.3,59.3,60.0,60.2,59.8,59.8,59.8,59.8,16.62,16.85,16.20,16.16,16.85,16.85,0.66,15.60,16.62,0.00,0.14,0,0,0.0,0.0,44292,38994,16.4,759.2,0,
19.7.2026,0:55:47.105,27262,6649,80.3,14392,17471,45.1,1.0,2048,21,1.206,1.180,1.195,1.165,1.265,1.215,1.215,4945.2,4941.1,4866.2,4966.0,5065.9,4916.1,4916.1,99.8,802.9,1355.7,247.2,1206.2,1182.1,2352.4,1362.7,513.4,332.7,267.1,282.0,284.4,249.2,802.9,15.0,26.0,4.8,23.0,21.3,44.9,26.2,9.2,5.9,4.5,4.8,4.9,4.2,44.9,15.0,19.7,31.8,6.2,30.5,29.2,60.5,35.2,11.7,7.6,5.8,6.2,6.2,5.4,19.7,49.5,49.5,48.8,49.8,50.8,49.2,49.2,0.0,29.1,31.7,44.4,69.3,14.5,7.3,7.0,47.5,64.2,55.6,30.7,81.7,22.5,30.5,23.4,4.1,0.0,0.0,3.7,70.2,62.5,2395.7,24.00,40,39,39,77,116,708,1,71.4,67.2,79.1,58.2,56.4,61.9,64.3,57.8,53.6,55.2,55.5,55.5,64.8,58.0,44.1,43.0,46.0,1.234,1.015,1.100,17.294,7.739,17.242,65.000,6.092,41.571,2.674,2.764,3.978,4.992,2.426,0.865,1.019,21.415,7.855,35.971,40.963,1996.4,2395.7,5118.5,5118.5,5143.5,46.5,23.0,43.3,46.5,79.0,いいえ,いいえ,いいえ,1.346,0.649,1.7,41.0,70.9,40.0,70.0,1.272,12.144,3.440,3.312,5.040,1.064,1.032,3.440,3.328,1.808,1.024,1.120,1.032,1.792,1.096,0.736,1.824,0.256,1912,いいえ,58.3,42.0,1.110,1.110,1.800,1.800,0.975,4.970,1.500,いいえ,いいえ,いいえ,41.0,1.110,1.110,1.800,1.800,0.975,5.040,0.375,いいえ,いいえ,いいえ,37,37,いいえ,はい,15388,14039,128,128,34,100.0,いいえ,いいえ,3868,2528,9990,39,41,49,100.0,100.0,いいえ,いいえ,7032,7744,0.0,0.1,0.1,0.000,0.006,1392,1009,0.0,0.0,0.0,0.000,0.000,181182,133153,0.0,0.0,0.0,0.000,0.054,66320,77655,59.6,0.720,58.000,600.0,2400.0,1200.0,100.0,0.0,0.0,0.0,0.0,0.0,0.0,0.0,0.0,125,2,16.0,86,いいえ,いいえ,いいえ,57.1,64.0,67.7,84.0,1.095,12.302,12.312,12.252,12.331,12.311,1440,1445,107.905,19.142,27.600,7.560,16.552,31.382,3.780,20.342,22.839,23.080,220.000,220.000,2775.0,1281.5,2145.0,2767.6,2235.0,2777.2,1280.6,2235.3,1.0,0.0,3.0,0.0,87.5,25.4,100.0,0.0,1.7,0.0,36,36,はい,いいえ,いいえ,はい,いいえ,いいえ,いいえ,21.8,21.7,0,0,0,0,0,0,0,0,0,0,0,0,0,0,0,0,0,0,0,0,0,0,0,0,0,0,0,0,0,0,1539,10743,10467,613,16.0,2.7,35.6,1.4,1.4,1.4,1.4,2.6,24.8,1.4,1.4,1.4,1.4,376.06,724.12,28.00,21.60,731.22,731.22,258.06,110.89,375.82,0.24,653.89,0,0,0.0,0.0,44292,38995,8.5,445.3,0,
19.7.2026,0:55:49.102,20126,13785,59.3,14207,17656,44.5,1.0,2048,21,1.245,1.245,1.245,1.245,1.245,1.245,1.245,4283.9,4112.6,4112.6,5140.7,4112.6,4112.6,4112.6,99.8,2355.1,2791.4,2016.8,2915.2,2892.9,2396.5,3434.5,2223.0,2199.0,1803.3,1855.7,1853.6,1879.5,2355.1,47.6,49.9,41.3,59.2,58.5,48.4,69.4,45.5,45.6,37.9,38.1,38.8,39.0,69.4,47.6,61.4,64.3,52.9,76.6,76.1,62.7,90.6,58.3,58.1,48.0,49.4,49.3,50.1,61.4,42.9,41.2,41.2,51.5,41.2,41.2,41.2,0.0,59.6,58.0,77.5,78.5,54.4,44.1,44.9,33.1,38.7,22.5,21.5,45.6,32.0,38.4,7.3,3.3,0.0,0.0,0.0,24.0,16.7,2395.7,24.00,40,39,39,77,116,708,1,81.2,79.3,68.4,68.9,63.9,74.2,74.7,70.1,63.4,67.3,58.6,58.6,64.8,58.2,44.3,43.0,46.0,1.237,1.015,1.100,29.327,8.189,29.369,68.000,6.130,58.563,5.339,4.680,6.940,6.914,5.281,3.958,4.262,36.148,8.311,51.202,56.989,1996.4,2395.7,5027.3,5027.3,5037.4,64.8,39.2,45.3,64.8,93.3,いいえ,いいえ,いいえ,10.797,5.370,3.6,41.0,81.2,40.0,81.0,1.264,12.144,3.440,3.328,5.040,1.064,1.032,3.440,3.328,1.808,1.024,1.120,1.040,1.792,1.096,0.728,1.824,0.256,2033,いいえ,58.3,42.2,1.110,1.110,1.800,1.800,0.975,4.970,1.875,いいえ,いいえ,いいえ,41.0,1.095,1.110,1.800,1.800,0.975,4.970,0.500,いいえ,いいえ,いいえ,37,37,いいえ,はい,15388,14039,128,128,34,100.0,いいえ,いいえ,3868,2528,9990,39,41,48,100.0,100.0,いいえ,いいえ,7032,7744,0.0,0.0,0.0,0.000,0.004,1392,1009,0.0,0.0,0.0,0.000,0.000,181182,133153,0.0,0.1,0.1,0.000,0.022,66320,77655,60.3,0.720,29.000,600.0,2400.0,1200.0,100.0,0.0,0.0,0.0,0.0,0.0,0.0,0.0,0.0,125,2,16.0,86,いいえ,いいえ,いいえ,54.7,62.0,65.1,84.0,0.940,12.318,12.329,12.271,12.344,12.328,1444,1445,36.941,12.853,16.784,4.340,14.062,18.960,2.170,16.237,13.343,16.926,220.000,220.000,2475.0,1281.5,2010.0,1752.4,2010.0,2475.0,1280.2,2009.4,80.0,7.0,2.0,0.0,44.3,22.2,86.7,0.0,2.1,0.0,35,35,はい,いいえ,いいえ,いいえ,いいえ,はい,いいえ,15.0,20.5,0,0,0,0,0,0,0,0,0,0,0,0,0,0,0,0,0,0,0,0,0,0,0,0,0,0,0,0,0,0,6845,5437,5801,613,16.0,2.7,35.6,1.4,1.4,1.4,1.4,2.6,24.8,1.4,1.4,1.4,1.4,376.06,724.12,28.00,21.60,731.22,731.22,258.06,110.89,375.82,0.24,653.89,0,0,0.0,0.0,44292,38996,10.1,268.4,0,
19.7.2026,0:55:51.101,28043,5868,82.6,14062,17801,44.1,1.0,2048,21,1.270,1.270,1.270,1.270,1.270,1.270,1.270,4341.1,5140.7,4112.6,5140.7,4112.6,4112.6,3427.2,99.8,843.7,1978.2,255.2,1241.9,980.7,1657.2,2494.9,498.8,447.3,125.5,158.7,155.1,130.6,843.7,16.0,36.0,4.8,23.6,17.3,31.6,48.5,8.4,9.0,2.4,4.5,2.1,3.2,48.5,16.0,21.0,46.5,6.3,30.9,23.6,42.6,65.6,11.2,11.1,3.0,3.9,3.6,3.2,21.0,43.5,51.5,41.2,51.5,41.2,41.2,34.3,0.0,33.6,43.2,45.8,79.2,21.2,5.9,6.4,53.7,56.8,54.2,20.8,78.8,51.1,60.6,12.7,0.0,0.0,0.0,0.0,43.0,33.0,2395.7,24.00,40,39,39,77,116,708,1,77.9,68.5,66.9,60.3,58.9,63.2,66.9,60.0,55.4,57.2,57.0,57.0,64.0,58.3,44.5,43.1,46.0,1.247,1.015,1.100,19.265,7.916,19.259,40.000,6.106,44.784,3.142,3.462,4.283,5.274,3.038,1.278,1.517,24.062,8.035,38.814,43.856,1996.4,2395.7,5145.3,5145.3,5148.0,49.8,25.7,26.7,49.8,80.6,いいえ,いいえ,いいえ,1.101,0.652,2.0,41.0,77.1,40.0,77.0,1.288,11.986,3.440,3.296,5.040,1.064,1.032,3.440,3.328,1.808,1.024,1.120,1.032,1.792,1.096,0.728,1.824,0.256,2020,いいえ,58.3,42.2,1.110,1.110,1.800,1.800,0.975,4.970,0.500,いいえ,いいえ,いいえ,41.0,1.110,1.110,1.800,1.800,0.975,4.970,0.375,いいえ,いいえ,いいえ,37,37,いいえ,はい,15388,14039,128,128,34,100.0,いいえ,いいえ,3868,2528,9990,39,41,49,100.0,100.0,いいえ,いいえ,7032,7744,0.0,0.0,0.0,0.000,0.002,1392,1009,0.0,0.0,0.0,0.000,0.000,181182,133153,0.0,0.1,0.1,0.032,0.249,66320,77656,60.2,0.720,30.000,600.0,2400.0,1200.0,100.0,0.0,0.0,0.0,0.0,0.0,0.0,0.0,0.0,125,2,16.0,86,いいえ,いいえ,いいえ,62.8,64.0,70.8,84.0,1.095,12.220,12.219,12.183,12.260,12.220,1438,1439,148.002,58.098,82.390,18.573,24.572,91.998,9.300,33.789,110.115,94.046,220.000,220.000,2775.0,1281.5,2145.0,2768.6,2235.0,2769.1,1280.2,2231.3,28.0,0.0,2.0,0.0,92.0,25.7,100.0,0.0,2.7,0.0,35,35,はい,いいえ,いいえ,はい,いいえ,いいえ,いいえ,52.8,71.2,0,0,0,0,0,0,0,0,0,0,0,0,0,0,0,0,0,0,0,0,0,0,0,0,0,0,0,0,0,0,978,11304,11027,613,16.0,2.7,35.6,1.4,1.4,1.4,1.4,2.6,24.8,1.4,1.4,1.4,1.4,376.06,724.12,28.00,21.60,731.22,731.22,258.06,110.89,375.82,0.24,653.89,0,0,0.0,0.0,44292,38996,11.2,372.1,0,
19.7.2026,0:55:53.105,27939,5972,82.3,14140,17723,44.3,1.0,2048,21,1.240,1.240,1.240,1.240,1.240,1.240,1.240,4055.5,4112.6,4112.6,5140.7,4112.6,3427.2,3427.2,99.8,697.3,1280.5,152.9,536.3,1527.7,518.3,3346.1,314.3,246.5,112.5,157.8,101.0,74.1,697.3,12.9,23.0,2.6,9.5,28.5,8.2,65.5,5.0,4.7,1.7,2.6,2.3,1.0,65.5,12.9,17.4,28.8,3.8,13.1,38.9,12.1,88.2,7.2,6.1,2.8,4.0,2.4,1.8,17.4,40.6,41.2,41.2,51.5,41.2,34.3,34.3,0.0,27.9,29.8,41.4,74.6,12.5,5.4,4.0,50.6,70.2,58.6,25.4,87.5,29.2,32.4,21.5,0.0,0.0,0.0,0.0,65.3,63.6,2395.7,24.00,40,39,39,77,116,708,1,75.1,67.2,65.4,58.5,56.9,61.7,65.1,58.0,54.1,55.2,56.4,56.4,64.8,58.4,44.4,43.1,46.0,1.241,1.015,1.100,16.908,7.871,16.923,42.000,6.108,41.748,2.472,2.664,3.580,4.882,2.250,0.748,0.709,21.000,7.989,35.708,40.743,1996.4,2395.7,5146.7,5146.7,5148.1,46.3,22.6,28.0,46.3,79.1,いいえ,いいえ,いいえ,0.702,0.199,1.7,41.0,75.2,40.0,75.0,1.248,12.038,3.440,3.312,5.016,1.064,1.032,3.440,3.328,1.808,1.024,1.120,1.032,1.792,1.096,0.728,1.824,0.256,2042,いいえ,58.3,42.2,1.110,1.110,1.800,1.800,0.975,4.970,0.250,いいえ,いいえ,いいえ,41.2,1.110,1.110,1.800,1.800,0.975,4.970,0.375,いいえ,いいえ,いいえ,37,37,いいえ,はい,15388,14039,128,128,34,100.0,いいえ,いいえ,3868,2528,9990,39,41,48,100.0,100.0,いいえ,いいえ,7032,7744,0.0,20.9,20.9,0.000,0.010,1392,1009,0.0,0.0,0.0,0.000,0.000,181182,133153,0.0,0.1,0.1,0.000,0.148,66320,77656,60.1,0.720,45.000,600.0,2400.0,1200.0,100.0,0.0,0.0,0.0,0.0,0.0,0.0,0.0,0.0,125,2,16.0,86,いいえ,いいえ,いいえ,66.0,68.0,74.6,84.0,1.100,12.186,12.179,12.152,12.232,12.181,1435,1433,146.654,57.999,111.483,25.089,29.383,124.255,12.534,41.878,26.605,92.769,220.000,220.000,2775.0,1281.5,2130.0,2764.2,2235.0,2771.4,1280.0,2227.2,93.0,45.0,1.0,0.0,92.0,25.4,100.0,0.0,1.7,0.0,35,35,はい,いいえ,いいえ,はい,いいえ,いいえ,いいえ,69.7,57.3,0,0,0,0,0,0,0,0,0,0,0,0,0,0,0,0,0,0,0,0,0,0,0,0,0,0,0,0,0,0,978,11304,11027,613,16.0,1.1,1.1,1.1,1.1,1.1,1.1,1.2,1.2,1.2,1.2,1.2,1.2,877.70,877.70,877.70,877.70,877.70,877.70,0.76,27.26,877.70,0.00,1138.82,0,0,0.0,0.0,44292,38997,9.1,254.1,0,
19.7.2026,0:55:55.105,27863,6048,82.1,14240,17623,44.6,1.0,2048,21,1.240,1.240,1.240,1.240,1.240,1.240,1.240,4283.9,4112.6,4112.6,5140.7,4112.6,4112.6,4112.6,99.8,727.7,1420.2,155.4,1041.2,1590.6,899.7,2587.6,334.8,277.0,63.5,136.7,120.3,105.3,727.7,13.9,26.7,3.1,20.1,30.0,16.0,50.8,5.7,5.8,1.1,2.7,2.4,2.1,50.8,13.9,18.2,32.4,3.8,26.7,40.6,21.7,68.1,7.5,6.8,1.5,3.4,2.9,2.6,18.2,42.9,41.2,41.2,51.5,41.2,41.2,41.2,0.0,29.4,33.5,52.3,67.8,13.9,4.2,4.8,51.8,66.5,47.7,32.2,86.1,35.8,42.6,18.8,0.0,0.0,0.0,0.0,60.0,52.6,2395.7,24.00,40,39,39,77,116,708,1,73.1,67.2,67.9,58.5,57.0,62.7,64.3,57.8,54.0,55.3,56.3,56.3,64.0,57.9,44.5,43.3,46.0,1.241,1.015,1.100,17.279,8.009,17.282,39.500,6.123,42.294,2.625,2.874,4.031,4.711,2.385,0.800,0.948,21.452,8.130,36.317,41.337,1996.4,2395.7,5149.1,5149.1,5149.0,47.0,23.0,26.3,47.0,79.0,いいえ,いいえ,いいえ,0.699,0.215,1.8,41.0,73.2,40.0,73.0,1.272,12.144,3.440,3.328,5.040,1.064,1.032,3.440,3.328,1.808,1.024,1.120,1.032,1.792,1.096,0.728,1.824,0.256,2020,いいえ,58.3,42.2,1.110,1.110,1.800,1.800,0.975,4.970,0.250,いいえ,いいえ,いいえ,41.0,1.110,1.110,1.800,1.800,0.975,4.970,0.375,いいえ,いいえ,いいえ,37,37,いいえ,はい,15388,14039,128,128,34,100.0,いいえ,いいえ,3868,2528,9990,39,41,49,100.0,100.0,いいえ,いいえ,7032,7744,0.0,0.1,0.1,0.000,0.010,1392,1009,0.0,0.0,0.0,0.000,0.000,181182,133153,0.0,0.0,0.0,0.000,0.118,66320,77656,60.0,0.720,19.000,600.0,2400.0,1200.0,100.0,0.0,0.0,0.0,0.0,0.0,0.0,0.0,0.0,125,2,16.0,86,いいえ,いいえ,いいえ,67.8,68.0,77.8,84.0,1.100,12.175,12.169,12.136,12.223,12.170,1437,1435,148.073,74.787,113.281,27.405,31.238,127.179,13.704,44.918,149.959,90.610,220.000,220.000,2775.0,1281.5,2130.0,2765.1,2235.0,2766.8,1280.4,2226.2,82.0,37.0,1.0,0.0,92.0,25.5,100.0,0.0,2.1,0.0,35,35,はい,いいえ,いいえ,はい,いいえ,いいえ,いいえ,71.9,87.1,0,0,0,0,0,0,0,0,0,0,0,0,0,0,0,0,0,0,0,0,0,0,0,0,0,0,0,0,0,0,978,11304,11027,613,16.0,5.3,249.7,2.7,2.7,2.7,2.7,5.2,49.5,2.8,2.7,2.7,2.7,188.07,372.13,4.01,0.62,375.89,375.89,0.72,46.13,188.07,0.00,504.92,0,0,0.0,0.0,44292,38997,10.2,288.8,0,
19.7.2026,0:55:57.103,27875,6036,82.1,14255,17608,44.7,1.0,2048,21,1.245,1.245,1.245,1.245,1.245,1.245,1.245,4055.5,4112.6,4112.6,5140.7,4112.6,3427.2,3427.2,99.8,790.2,1410.7,236.9,2867.6,1084.9,1535.5,850.0,431.2,406.5,157.8,191.0,185.5,125.2,790.2,15.3,26.3,4.7,56.3,20.6,29.6,16.7,8.4,8.4,3.0,3.6,3.5,2.3,56.3,15.3,19.8,31.5,6.0,75.3,27.5,38.6,22.1,10.1,10.3,3.9,4.8,4.5,3.1,19.8,40.6,41.2,41.2,51.5,41.2,34.3,34.3,0.0,30.9,32.8,75.8,46.5,17.3,6.8,6.3,52.9,67.2,24.2,53.5,82.7,35.5,54.7,16.1,0.0,0.0,0.0,0.0,57.7,38.9,2395.7,24.00,40,39,39,77,116,708,1,72.8,68.0,68.4,59.2,57.3,65.8,62.8,58.6,54.4,56.2,56.5,56.5,64.2,58.1,44.5,43.4,46.0,1.243,1.015,1.100,18.178,7.956,18.166,53.500,6.139,43.346,2.815,2.947,4.972,4.051,2.620,0.993,1.304,22.623,8.075,37.451,42.463,1996.4,2395.7,5147.3,5147.3,5147.1,48.3,24.2,35.7,48.3,80.0,いいえ,いいえ,いいえ,0.822,0.272,1.9,41.0,72.8,40.0,72.0,1.240,12.038,3.440,3.312,5.016,1.064,1.032,3.440,3.328,1.808,1.024,1.120,1.032,1.792,1.096,0.728,1.824,0.256,2048,いいえ,58.3,42.2,1.110,1.110,1.800,1.800,1.005,4.970,0.250,いいえ,いいえ,いいえ,41.2,1.110,1.110,1.800,1.800,0.990,4.970,0.500,いいえ,いいえ,いいえ,37,37,いいえ,はい,15388,14039,128,128,34,100.0,いいえ,いいえ,3868,2528,9990,39,41,48,100.0,100.0,いいえ,いいえ,7032,7744,0.0,0.0,0.0,0.000,0.004,1392,1009,0.0,0.0,0.0,0.000,0.000,181182,133153,0.0,0.1,0.1,0.000,0.157,66320,77656,60.0,0.720,30.000,600.0,2400.0,1200.0,100.0,0.0,0.0,0.0,0.0,0.0,0.0,0.0,0.0,125,2,16.0,86,いいえ,いいえ,いいえ,67.3,68.0,76.7,84.0,1.100,12.166,12.161,12.125,12.217,12.162,1435,1435,152.493,71.299,117.468,30.501,33.454,132.847,15.251,48.689,92.853,99.331,220.000,220.000,2775.0,1281.5,2130.0,2764.8,2235.0,2767.8,1280.6,2225.7,76.0,17.0,5.0,0.0,92.0,25.8,100.0,0.0,3.2,0.0,35,35,はい,いいえ,いいえ,はい,いいえ,いいえ,いいえ,75.5,83.1,0,0,0,0,0,0,0,0,0,0,0,0,0,0,0,0,0,0,0,0,0,0,0,0,0,0,0,0,0,0,978,11304,11028,613,16.0,2.6,2.6,2.6,2.6,2.6,2.6,2.6,2.6,2.6,2.6,2.6,2.6,389.26,389.26,389.26,389.26,389.26,389.26,388.26,1.06,389.02,0.24,623.11,0,0,0.0,0.0,44292,38999,13.7,640.4,0,
19.7.2026,0:55:59.102,27874,6037,82.1,14280,17582,44.8,1.0,2048,21,1.240,1.240,1.240,1.240,1.240,1.240,1.240,4169.7,4112.6,5140.7,4112.6,3427.2,4112.6,4112.6,99.8,725.6,1216.2,191.1,2858.8,1325.1,1325.2,529.1,345.7,368.4,115.9,166.7,149.0,115.8,725.6,14.3,21.9,4.8,55.8,25.2,24.9,11.4,6.1,8.6,2.3,3.3,3.8,3.2,55.8,14.3,18.1,26.4,4.8,75.1,34.3,32.7,13.6,7.9,9.3,2.8,4.2,3.5,2.9,18.1,41.8,41.2,51.5,41.2,34.3,41.2,41.2,0.0,29.2,29.0,80.7,37.7,15.7,6.0,6.0,61.4,71.0,19.3,62.3,84.3,53.8,77.7,9.4,0.0,0.0,0.0,0.0,40.2,16.3,2395.7,24.00,40,39,39,77,116,708,1,71.6,67.6,67.9,59.0,56.9,66.1,61.5,58.3,54.8,56.7,56.6,56.6,65.0,58.3,44.5,43.5,46.0,1.240,1.015,1.100,17.740,7.896,17.748,39.000,6.115,42.751,2.733,2.701,5.018,3.552,2.457,1.124,1.543,22.001,8.014,36.742,41.770,1996.4,2395.7,5146.9,5146.9,5147.3,47.5,23.7,26.0,47.5,79.5,いいえ,いいえ,いいえ,0.666,0.220,1.8,41.0,71.6,40.0,71.0,1.248,12.091,3.440,3.296,5.016,1.064,1.032,3.440,3.328,1.808,1.024,1.120,1.032,1.792,1.096,0.728,1.824,0.256,2027,いいえ,58.3,42.2,1.110,1.110,1.800,1.800,1.005,5.040,0.250,いいえ,いいえ,いいえ,41.2,1.110,1.110,1.800,1.800,1.005,5.040,0.500,いいえ,いいえ,いいえ,37,37,いいえ,はい,15388,14039,128,128,34,100.0,いいえ,いいえ,3868,2528,9990,39,41,49,100.0,100.0,いいえ,いいえ,7032,7744,0.0,0.1,0.1,0.000,0.010,1392,1009,0.0,0.0,0.0,0.000,0.000,181182,133153,0.0,0.1,0.1,0.000,0.143,66320,77657,60.1,0.720,19.000,600.0,2400.0,1200.0,100.0,0.0,0.0,0.0,0.0,0.0,0.0,0.0,0.0,125,2,16.0,86,いいえ,いいえ,いいえ,66.3,68.0,75.3,84.0,1.100,12.187,12.182,12.154,12.231,12.183,1435,1433,147.811,70.072,111.078,24.364,28.877,123.579,12.183,41.009,123.034,96.449,220.000,220.000,2775.0,1281.5,2130.0,2764.7,2235.0,2773.8,1280.8,2227.5,89.0,51.0,6.0,0.0,92.0,26.2,100.0,0.0,4.8,0.0,36,36,はい,いいえ,いいえ,はい,いいえ,いいえ,いいえ,69.1,48.2,0,0,0,0,0,0,0,0,0,0,0,0,0,0,0,0,0,0,0,0,0,0,0,0,0,0,0,0,0,0,978,11304,11028,613,16.0,3.3,528.3,1.2,1.2,1.2,1.2,3.3,57.7,1.2,1.2,1.2,1.2,300.36,833.91,1.89,1.00,849.91,849.91,0.76,10.59,300.36,0.00,555.51,0,0,0.0,0.0,44292,39000,21.8,838.0,0,
19.7.2026,0:56:1.101,27881,6030,82.2,14341,17522,45.0,1.0,2048,21,1.240,1.240,1.240,1.240,1.240,1.240,1.240,3941.2,4112.6,5140.7,4112.6,3427.2,3427.2,3427.2,99.8,766.6,1367.9,218.1,1069.0,2465.5,1385.8,1246.8,377.4,464.0,115.8,160.1,188.8,140.3,766.6,14.4,24.3,3.9,20.3,47.5,25.7,24.2,6.0,9.4,2.4,3.4,3.4,2.4,47.5,14.4,19.1,30.1,5.4,27.7,64.2,34.6,32.2,8.6,11.7,2.8,3.9,4.6,3.4,19.1,39.5,41.2,51.5,41.2,34.3,34.3,34.3,0.0,31.0,32.4,69.0,52.5,18.5,5.7,7.6,65.8,67.6,31.0,47.5,81.5,80.4,86.8,3.2,0.0,0.0,0.0,0.0,13.9,5.6,2395.7,24.00,40,39,39,77,116,708,1,71.0,67.8,68.4,59.8,57.4,65.1,63.6,59.2,55.6,57.6,56.8,56.8,64.5,58.3,44.5,43.6,46.0,1.240,1.015,1.100,18.835,7.825,18.830,41.500,6.123,44.036,3.008,2.952,4.692,4.241,2.715,1.586,1.862,23.372,7.943,38.050,43.069,1996.4,2395.7,5143.1,5143.1,5147.1,48.9,25.1,27.7,48.9,79.8,いいえ,いいえ,いいえ,0.813,0.253,1.9,41.0,71.1,40.0,71.0,1.256,12.038,3.440,3.296,5.016,1.064,1.032,3.440,3.328,1.808,1.024,1.120,1.032,1.792,1.096,0.728,1.824,0.256,2039,いいえ,58.3,42.2,1.095,1.110,1.800,1.800,1.005,5.040,0.250,いいえ,いいえ,いいえ,41.2,1.095,1.110,1.800,1.800,1.005,5.040,0.625,いいえ,いいえ,いいえ,37,37,いいえ,はい,15388,14039,128,128,34,100.0,いいえ,いいえ,3868,2528,9990,39,41,49,100.0,100.0,いいえ,いいえ,7032,7744,0.0,6.2,6.2,0.000,0.004,1392,1009,0.0,0.0,0.0,0.000,0.000,181182,133153,0.1,0.1,0.2,0.307,0.028,66320,77657,60.2,0.720,16.000,600.0,2400.0,1200.0,100.0,0.0,0.0,0.0,0.0,0.0,0.0,0.0,0.0,125,2,16.0,86,いいえ,いいえ,いいえ,67.3,68.0,76.4,84.0,1.100,12.182,12.169,12.162,12.228,12.170,1437,1437,141.638,57.127,118.353,20.638,25.954,128.847,10.320,36.228,27.934,88.739,220.000,220.000,2775.0,1281.5,2130.0,2764.9,2235.0,2772.8,1279.9,2227.0,91.0,50.0,4.0,0.0,92.0,26.3,100.0,0.0,5.2,0.0,36,36,はい,いいえ,いいえ,はい,いいえ,いいえ,いいえ,70.3,52.5,0,0,0,0,0,0,0,0,0,0,0,0,0,0,0,0,0,0,0,0,0,0,0,0,0,0,0,0,0,0,978,11304,11028,613,16.0,4.7,13.9,3.3,3.3,3.3,3.3,4.7,14.2,3.3,3.3,3.3,3.3,212.74,299.46,71.77,68.20,299.95,299.95,0.47,0.00,212.62,0.12,166.76,0,0,0.0,0.0,44292,39003,28.4,1124.5,0,
19.7.2026,0:56:3.104,27875,6036,82.1,14225,17638,44.6,1.8,2048,36,1.273,1.190,1.290,1.290,1.290,1.290,1.290,4260.1,4052.7,5040.9,4032.7,4032.7,5040.9,3360.6,99.8,784.2,1305.1,153.0,776.8,3340.0,1002.4,1028.6,319.2,287.6,420.8,564.2,119.5,93.7,784.2,15.0,24.5,3.1,15.0,65.0,18.3,19.9,5.3,5.9,7.6,11.3,2.4,1.9,65.0,15.0,19.7,29.7,3.8,20.2,87.5,24.2,26.4,7.1,7.2,10.3,14.6,2.8,2.3,19.7,42.7,40.6,50.5,40.4,40.4,50.5,33.7,0.0,30.4,30.8,80.1,39.8,12.7,14.5,4.7,50.4,69.2,19.9,60.2,87.3,23.7,41.8,19.2,0.0,0.0,0.0,0.0,61.8,53.5,2395.7,24.00,40,39,39,77,116,708,1,73.6,69.0,81.0,59.3,57.2,66.1,62.1,58.1,56.7,55.7,56.6,56.6,64.8,58.5,44.5,43.8,46.0,1.241,1.015,1.100,17.574,7.837,17.565,39.000,6.120,42.383,2.773,2.771,4.984,3.807,2.386,1.733,0.960,21.820,7.954,36.506,41.519,1996.4,2395.7,5129.0,5129.0,5130.0,47.2,23.4,26.0,47.2,81.1,いいえ,いいえ,いいえ,0.783,0.236,1.8,41.0,72.9,40.0,72.0,1.240,12.038,3.440,3.296,5.016,1.064,1.032,3.440,3.328,1.808,1.024,1.120,1.032,1.792,1.096,0.720,1.824,0.256,1985,いいえ,58.3,42.2,1.095,1.110,1.800,1.800,1.005,5.040,0.250,いいえ,いいえ,いいえ,41.2,1.095,1.110,1.800,1.800,1.005,5.040,0.625,いいえ,いいえ,いいえ,37,37,いいえ,はい,15388,14039,128,128,34,100.0,いいえ,いいえ,3868,2528,9990,39,41,49,100.0,100.0,いいえ,いいえ,7032,7744,0.0,0.0,0.0,0.000,0.004,1392,1009,0.0,0.0,0.0,0.000,0.000,181182,133153,0.0,0.3,0.3,0.000,7.987,66320,77672,60.2,0.720,28.000,600.0,2400.0,1200.0,100.0,0.0,0.0,0.0,0.0,0.0,0.0,0.0,0.0,125,2,16.0,86,いいえ,いいえ,いいえ,67.3,68.0,76.5,84.0,1.100,12.200,12.196,12.165,12.242,12.198,1439,1443,144.758,61.529,98.900,21.075,26.410,109.751,10.539,36.888,92.650,96.022,220.000,220.000,2775.0,1281.5,2130.0,2764.6,2235.0,2758.5,1280.6,2216.5,90.0,54.0,1.0,0.0,92.0,25.3,100.0,0.0,1.3,0.0,36,36,はい,いいえ,いいえ,はい,いいえ,いいえ,いいえ,61.7,65.8,0,0,0,0,0,0,0,0,0,0,0,0,0,0,0,0,0,0,0,0,0,0,0,0,0,0,0,0,0,0,978,11304,11028,614,16.0,3.9,14.8,2.2,2.2,2.2,2.2,1.9,1.9,1.9,1.9,1.9,1.9,256.04,444.55,67.54,64.08,448.40,448.40,1.69,38.45,256.00,0.04,47.34,0,0,0.0,0.0,44292,39003,17.3,316.5,0,
19.7.2026,0:56:5.100,27882,6029,82.2,14132,17730,44.3,3.5,2048,71,1.240,1.240,1.240,1.240,1.240,1.240,1.240,4283.9,4112.6,5140.7,4112.6,4112.6,4112.6,4112.6,99.8,792.0,1432.8,152.2,1018.7,2534.3,1468.4,1148.6,344.6,216.5,424.5,545.4,105.0,113.1,792.0,15.1,26.5,3.2,20.0,48.8,27.2,22.3,5.8,4.5,7.8,10.9,2.0,2.4,48.8,15.1,19.9,33.0,3.8,26.5,65.9,36.5,29.6,7.7,5.3,10.5,14.2,2.5,2.8,19.9,42.9,41.2,51.5,41.2,41.2,41.2,41.2,0.0,30.8,32.9,69.1,51.4,12.0,14.6,4.4,46.6,67.1,30.9,48.6,88.0,15.9,29.4,22.6,0.0,0.0,0.0,0.0,69.5,66.1,2395.7,24.00,40,39,39,77,116,708,1,74.2,69.3,66.9,59.6,57.6,65.5,63.4,58.2,57.1,55.5,56.8,56.8,64.5,58.4,44.7,43.8,46.0,1.240,1.015,1.100,17.511,7.842,17.528,42.000,6.099,42.493,2.762,2.898,4.736,4.187,2.353,1.655,0.745,21.715,7.960,36.383,41.430,1996.4,2395.7,5123.7,5123.7,5124.9,47.1,23.4,28.0,47.1,81.6,いいえ,いいえ,いいえ,0.833,0.252,1.8,41.0,74.2,40.0,74.0,1.248,12.091,3.440,3.296,5.016,1.064,1.032,3.440,3.328,1.808,1.024,1.120,1.032,1.792,1.096,0.720,1.824,0.256,2014,いいえ,58.3,42.2,1.095,1.110,1.800,1.800,1.005,5.040,0.375,いいえ,いいえ,いいえ,41.2,1.095,1.110,1.815,1.800,1.005,5.040,0.375,いいえ,いいえ,いいえ,37,37,いいえ,はい,15388,14039,128,128,34,100.0,いいえ,いいえ,3868,2528,9990,39,41,49,100.0,100.0,いいえ,いいえ,7032,7744,0.0,0.0,0.0,0.000,0.006,1392,1009,0.0,0.0,0.0,0.000,0.000,181182,133153,0.0,1.0,1.0,0.000,19.111,66320,77709,60.3,0.720,17.000,600.0,2400.0,1200.0,100.0,0.0,0.0,0.0,0.0,0.0,0.0,0.0,0.0,125,2,16.0,86,いいえ,いいえ,いいえ,67.7,70.0,76.9,84.0,1.100,12.178,12.172,12.142,12.224,12.173,1444,1445,138.229,60.966,115.458,26.925,30.913,129.180,13.463,44.336,26.802,100.649,220.000,220.000,2775.0,1281.5,2130.0,2764.7,2235.0,2762.8,1280.3,2222.0,94.0,60.0,1.0,0.0,92.0,25.2,100.0,0.0,0.8,0.0,36,36,はい,いいえ,いいえ,はい,いいえ,いいえ,いいえ,72.6,71.4,0,0,0,0,0,0,0,0,0,0,0,0,0,0,0,0,0,0,0,0,0,0,0,0,0,0,0,0,0,0,978,11304,11028,613,16.0,7.5,17.3,2.4,2.4,2.3,2.3,3.0,6.4,2.2,2.2,2.2,2.2,134.07,410.49,57.65,57.63,425.71,425.71,0.59,10.74,134.02,0.05,147.60,0,0,0.0,0.0,44292,39004,139.9,182.4,0,
19.7.2026,0:56:7.118,27405,6506,80.8,14204,17659,44.5,3.5,2048,71,1.265,1.265,1.265,1.265,1.265,1.265,1.265,4498.6,3344.0,5140.7,5140.7,5140.7,4112.6,4112.6,99.8,1885.5,2035.1,1489.3,2435.9,2096.4,2701.9,2683.2,1632.3,1732.8,1428.7,1485.5,1454.2,1450.3,1885.5,38.3,39.7,30.7,49.5,42.0,54.1,54.0,33.0,35.6,29.7,30.8,30.1,30.0,54.1,38.3,49.1,50.0,39.1,64.0,54.4,70.7,70.5,42.4,45.5,37.5,39.0,38.2,38.1,49.1,45.1,33.5,51.5,51.5,51.5,41.2,41.2,0.0,49.0,43.8,63.5,79.5,40.9,33.5,32.6,35.2,48.5,35.9,20.5,57.5,24.7,24.2,15.8,7.7,0.6,0.0,1.5,41.9,43.3,2395.7,24.00,40,39,39,77,116,708,1,81.8,76.1,76.6,66.0,61.9,70.2,72.7,66.8,60.9,63.7,58.1,58.1,65.0,59.1,44.8,43.9,46.0,1.229,1.015,1.100,25.222,8.168,25.202,67.500,6.101,52.533,4.380,3.797,5.677,6.610,4.305,2.925,2.968,30.901,8.290,45.902,51.441,1996.4,2395.7,5034.9,5034.9,5061.2,58.5,33.6,45.0,58.5,89.5,いいえ,いいえ,いいえ,8.304,4.218,2.9,41.0,81.6,40.0,81.0,1.216,12.144,3.456,3.328,5.040,1.064,1.024,3.440,3.328,1.808,1.024,1.120,1.032,1.792,1.096,0.720,1.824,0.256,2042,いいえ,58.3,42.5,1.095,1.110,1.800,1.800,1.005,5.040,1.500,いいえ,いいえ,いいえ,41.2,1.095,1.110,1.800,1.815,1.005,5.040,0.375,いいえ,いいえ,いいえ,37,37,いいえ,はい,15388,14039,128,128,34,100.0,いいえ,いいえ,3868,2528,9990,39,41,49,100.0,100.0,いいえ,いいえ,7032,7744,0.0,0.0,0.0,0.000,0.006,1392,1009,0.0,0.0,0.0,0.000,0.000,181182,133153,0.0,0.0,0.0,0.000,0.018,66320,77709,60.5,0.720,26.000,600.0,2400.0,1200.0,100.0,0.0,0.0,0.0,0.0,0.0,0.0,0.0,0.0,125,2,16.0,86,いいえ,いいえ,いいえ,56.3,64.0,67.0,84.0,1.095,12.307,12.317,12.258,12.338,12.318,1454,1453,47.493,18.967,27.325,7.513,16.487,31.080,3.757,20.249,22.558,22.767,220.000,220.000,2775.0,1281.5,2145.0,2775.0,2235.0,2774.6,1279.8,2234.1,0.0,0.0,1.0,0.0,87.5,18.9,74.7,0.0,0.8,0.0,36,36,はい,いいえ,いいえ,はい,いいえ,いいえ,いいえ,21.6,24.3,0,0,0,0,0,0,0,0,0,0,0,0,0,0,0,0,0,0,0,0,0,0,0,0,0,0,0,0,0,0,1536,10746,10470,613,16.0,2.8,2.8,2.8,2.8,2.8,2.8,3.0,3.0,3.0,3.0,3.0,3.0,351.65,351.65,351.65,351.65,351.65,351.65,0.49,351.16,351.10,0.55,174.39,0,0,0.0,0.0,44292,39004,6.3,179.7,0,
19.7.2026,0:56:9.121,28026,5885,82.6,13744,18119,43.1,3.5,2048,71,1.232,1.190,1.240,1.240,1.240,1.240,1.240,4169.7,4112.6,4112.6,5140.7,4112.6,3427.2,4112.6,99.8,1186.6,2227.1,652.1,957.8,1636.7,1268.3,3805.6,921.3,843.7,413.3,549.3,491.6,472.7,1186.6,22.7,37.0,12.7,19.6,30.9,24.1,74.8,17.6,16.8,8.4,11.2,10.1,9.6,74.8,22.7,29.9,49.4,16.7,24.9,41.2,32.3,100.2,22.9,21.6,10.6,14.2,12.7,12.2,29.9,41.8,41.2,41.2,51.5,41.2,34.3,41.2,0.0,39.3,46.6,42.9,88.0,27.5,15.6,15.1,46.8,52.0,57.1,12.0,72.5,38.7,48.5,13.9,1.4,0.0,0.0,0.0,45.7,36.5,2395.7,24.00,40,39,39,77,116,708,1,79.8,72.8,66.4,63.3,61.1,65.6,72.1,63.5,57.8,60.0,58.3,58.3,64.0,58.8,44.8,44.0,46.0,1.248,1.015,1.100,21.480,8.056,21.495,50.500,6.101,48.055,3.714,3.847,4.405,6.679,3.625,1.819,1.909,26.828,8.176,41.715,46.945,1996.4,2395.7,5111.7,5111.7,5113.1,53.3,28.7,33.7,53.3,85.6,いいえ,いいえ,いいえ,3.545,1.834,2.4,41.0,79.0,40.0,79.0,1.256,12.038,3.456,3.296,5.016,1.064,1.024,3.440,3.328,1.808,1.024,1.120,1.032,1.792,1.096,0.720,1.824,0.256,2045,いいえ,58.3,42.5,1.095,1.110,1.800,1.800,1.005,5.040,0.250,いいえ,いいえ,いいえ,41.2,1.095,1.110,1.800,1.800,1.005,5.040,0.250,いいえ,いいえ,いいえ,37,37,いいえ,はい,15388,14039,128,128,34,100.0,いいえ,いいえ,3868,2528,9990,39,41,49,100.0,100.0,いいえ,いいえ,7032,7744,0.0,0.1,0.1,0.000,0.006,1392,1009,0.0,0.0,0.0,0.000,0.000,181182,133153,0.0,0.2,0.2,0.000,0.437,66320,77710,60.9,0.720,18.000,600.0,2400.0,1200.0,100.0,0.0,0.0,0.0,0.0,0.0,0.0,0.0,0.0,125,2,16.0,86,いいえ,いいえ,いいえ,65.5,66.0,74.5,84.0,1.095,12.191,12.187,12.150,12.235,12.189,1448,1447,70.203,56.191,101.009,24.521,28.990,113.566,12.262,41.199,25.855,102.121,220.000,220.000,2775.0,1281.5,2130.0,2178.6,2235.0,2767.9,1280.0,2225.1,88.0,51.0,2.0,0.0,92.7,25.3,100.0,0.0,1.1,0.0,36,36,はい,いいえ,いいえ,はい,いいえ,いいえ,いいえ,72.2,54.1,0,0,0,0,0,0,0,0,0,0,0,0,0,0,0,0,0,0,0,0,0,0,0,0,0,0,0,0,0,0,902,11380,11104,613,16.0,1.0,14.0,0.5,0.5,0.5,0.5,1.0,14.5,0.5,0.5,0.5,0.5,1000.43,1929.63,71.23,54.16,1948.60,1948.60,411.35,589.06,1000.18,0.25,1672.55,0,0,0.0,0.0,44292,39004,6.8,109.8,0,
19.7.2026,0:56:11.119,27997,5914,82.5,13818,18045,43.3,3.5,2048,71,1.244,1.240,1.245,1.245,1.245,1.245,1.245,4283.9,4112.6,5140.7,4112.6,4112.6,4112.6,4112.6,99.8,703.6,1466.5,106.7,685.1,1333.8,855.6,3078.1,291.3,197.6,76.6,213.3,66.7,71.8,703.6,13.5,27.8,2.6,13.2,24.9,15.7,60.3,5.2,4.6,1.2,4.2,0.9,1.1,60.3,13.5,17.6,34.3,2.6,17.7,33.1,21.1,81.0,6.3,4.9,1.8,5.4,1.5,1.8,17.6,42.9,41.2,51.5,41.2,41.2,41.2,41.2,0.0,28.4,33.4,41.1,75.7,11.0,6.2,3.0,48.3,66.6,58.9,24.3,89.0,24.7,26.0,23.3,0.0,0.0,0.0,0.0,69.0,70.9,2395.7,24.00,40,39,39,77,116,708,1,76.8,68.0,68.9,59.2,57.9,62.4,66.0,58.4,54.7,55.5,57.0,57.0,64.2,58.4,44.9,44.0,46.0,1.243,1.015,1.100,16.934,7.995,16.932,40.000,6.124,41.790,2.519,2.871,3.683,4.999,2.235,0.734,0.591,21.069,8.115,35.919,40.930,1996.4,2395.7,5148.2,5148.2,5148.7,46.5,22.6,26.7,46.5,80.1,いいえ,いいえ,いいえ,0.644,0.235,1.7,42.0,76.9,40.0,76.0,1.248,12.038,3.440,3.296,5.016,1.064,1.024,3.440,3.328,1.808,1.024,1.120,1.032,1.792,1.096,0.720,1.824,0.256,2048,いいえ,58.3,42.5,1.095,1.110,1.800,1.800,1.005,5.040,0.250,いいえ,いいえ,いいえ,41.2,1.095,1.110,1.800,1.800,1.005,5.040,0.250,いいえ,いいえ,いいえ,37,37,いいえ,はい,15388,14039,128,128,34,100.0,いいえ,いいえ,3868,2528,9990,39,41,49,100.0,100.0,いいえ,いいえ,7032,7744,0.0,0.1,0.1,0.000,0.012,1392,1009,0.0,0.0,0.0,0.000,0.000,181182,133153,0.0,0.0,0.0,0.000,0.004,66320,77710,60.6,0.720,18.000,600.0,2400.0,1200.0,100.0,0.0,0.0,0.0,0.0,0.0,0.0,0.0,0.0,125,2,16.0,86,いいえ,いいえ,いいえ,64.2,68.0,72.5,84.0,1.100,12.216,12.214,12.177,12.256,12.216,1443,1441,129.756,43.463,89.239,20.911,26.302,99.986,10.457,36.681,26.155,37.971,220.000,220.000,2775.0,1281.5,2130.0,2766.8,2235.0,2767.0,1279.8,2226.9,90.0,49.0,0.0,0.0,92.0,25.3,100.0,0.0,1.2,0.0,36,36,はい,いいえ,いいえ,はい,いいえ,いいえ,いいえ,57.2,76.4,0,0,0,0,0,0,0,0,0,0,0,0,0,0,0,0,0,0,0,0,0,0,0,0,0,0,0,0,0,0,980,11302,11026,613,16.0,5.8,16.9,2.2,2.1,2.1,2.1,12.0,12.0,12.0,12.0,12.0,12.0,173.33,458.07,59.05,58.46,469.61,469.61,2.12,58.27,173.27,0.06,1.76,0,0,0.0,0.0,44292,39005,7.2,211.8,0,
19.7.2026,0:56:13.119,27851,6060,82.1,13876,17987,43.5,3.5,2048,71,1.240,1.240,1.240,1.240,1.240,1.240,1.240,4283.9,4112.6,5140.7,4112.6,4112.6,4112.6,4112.6,99.8,657.7,1131.7,114.5,755.2,1153.6,603.0,3384.3,271.9,167.3,102.0,66.6,61.6,80.1,657.7,12.4,21.1,1.7,15.1,20.6,10.0,66.0,4.2,2.9,2.3,1.4,1.3,1.8,66.0,12.4,16.5,25.8,2.8,19.6,28.5,14.6,89.1,6.1,4.1,2.5,1.5,1.4,2.0,16.5,42.9,41.2,51.5,41.2,41.2,41.2,41.2,0.0,26.3,27.1,38.6,75.8,9.9,3.6,3.1,48.1,72.8,61.4,24.2,90.1,19.1,21.3,25.5,0.1,0.0,0.0,0.0,77.4,75.6,2395.7,24.00,40,39,39,77,116,708,1,74.5,67.7,67.9,58.5,56.9,61.9,65.5,58.0,53.9,55.1,56.8,56.8,65.2,58.6,44.9,44.0,46.0,1.239,1.015,1.100,16.128,7.859,16.135,40.000,6.100,40.637,2.303,2.515,3.476,4.840,2.079,0.438,0.471,19.989,7.977,34.676,39.686,1996.4,2395.7,5145.4,5145.4,5146.9,45.1,21.5,26.7,45.1,79.7,いいえ,いいえ,いいえ,0.427,0.155,1.6,42.0,74.5,40.0,74.0,1.248,12.091,3.440,3.312,5.016,1.064,1.024,3.440,3.328,1.808,1.024,1.120,1.032,1.792,1.096,0.720,1.824,0.256,2020,いいえ,58.3,42.5,1.110,1.110,1.800,1.800,1.005,5.040,0.250,いいえ,いいえ,いいえ,41.2,1.095,1.110,1.800,1.800,1.005,5.040,0.250,いいえ,いいえ,いいえ,37,37,いいえ,はい,15388,14039,128,128,34,100.0,いいえ,いいえ,3868,2528,9990,39,41,49,100.0,100.0,いいえ,いいえ,7032,7744,0.0,0.0,0.0,0.000,0.000,1392,1009,0.0,0.0,0.0,0.000,0.000,181182,133153,0.0,0.0,0.0,0.000,0.012,66320,77710,60.4,0.720,37.000,600.0,2400.0,1200.0,100.0,0.0,0.0,0.0,0.0,0.0,0.0,0.0,0.0,125,2,16.0,86,いいえ,いいえ,いいえ,66.7,68.0,75.7,84.0,1.100,12.172,12.165,12.139,12.217,12.166,1444,1443,142.550,61.314,119.475,26.836,30.796,133.185,13.407,44.160,26.621,96.031,220.000,220.000,2775.0,1281.5,2130.0,2765.0,2235.0,2762.1,1280.2,2224.8,88.0,55.0,2.0,0.0,92.0,25.2,100.0,0.0,0.9,0.0,36,36,はい,いいえ,いいえ,はい,いいえ,いいえ,いいえ,69.4,67.2,0,0,0,0,0,0,0,0,0,0,0,0,0,0,0,0,0,0,0,0,0,0,0,0,0,0,0,0,0,0,980,11302,11025,592,16.0,1.4,10.3,0.7,0.7,0.7,0.7,0.7,0.7,0.7,0.7,0.7,0.7,723.56,1349.57,97.54,86.04,1362.35,1362.35,2.37,71.58,723.49,0.07,783.86,0,0,0.0,0.0,44292,39005,6.5,157.5,0,
19.7.2026,0:56:15.123,27845,6066,82.1,13943,17920,43.7,3.5,2048,71,1.240,1.240,1.240,1.240,1.240,1.240,1.240,4055.5,4112.6,5140.7,4112.6,4112.6,3427.2,3427.2,99.8,667.7,1268.1,156.3,3417.6,921.3,947.2,517.6,287.9,150.0,96.9,98.2,73.5,77.9,667.7,12.6,23.6,3.3,66.9,17.2,16.9,9.7,5.0,3.0,1.1,1.8,0.6,1.5,66.9,12.6,16.6,28.4,3.9,90.0,23.5,22.5,12.8,6.4,3.7,2.4,2.4,1.7,1.9,16.6,40.6,41.2,51.5,41.2,41.2,34.3,34.3,0.0,26.9,30.1,84.4,30.1,9.7,4.0,3.3,47.1,69.9,15.6,69.9,90.3,14.2,22.6,26.0,0.0,0.0,0.0,0.0,81.8,74.1,2395.7,24.00,40,39,39,77,116,708,1,73.0,67.7,67.4,58.4,57.2,66.5,60.6,57.4,53.8,54.9,56.7,56.7,64.2,58.5,44.9,44.0,46.0,1.240,1.015,1.100,16.184,7.867,16.185,38.000,6.088,40.671,2.334,2.652,5.142,3.205,2.090,0.416,0.499,20.078,7.985,34.759,39.765,1996.4,2395.7,5146.5,5146.5,5147.8,45.2,21.6,25.3,45.2,79.6,いいえ,いいえ,いいえ,0.464,0.158,1.6,42.0,72.0,40.0,72.0,1.248,12.038,3.440,3.296,5.016,1.064,1.024,3.440,3.328,1.808,1.024,1.120,1.032,1.792,1.096,0.720,1.824,0.256,2042,いいえ,58.3,42.5,1.110,1.110,1.800,1.800,1.005,5.040,0.375,いいえ,いいえ,いいえ,41.2,1.110,1.110,1.800,1.800,1.005,5.040,0.250,いいえ,いいえ,いいえ,37,37,いいえ,はい,15388,14039,128,128,34,100.0,いいえ,いいえ,3868,2528,9990,39,41,49,100.0,100.0,いいえ,いいえ,7032,7744,0.0,0.1,0.1,0.000,0.010,1392,1009,0.0,0.0,0.0,0.000,0.000,181182,133153,0.0,0.0,0.0,0.000,0.032,66320,77710,60.5,0.720,18.000,600.0,2400.0,1200.0,100.0,0.0,0.0,0.0,0.0,0.0,0.0,0.0,0.0,125,2,16.0,86,いいえ,いいえ,いいえ,65.3,68.0,74.3,84.0,1.100,12.194,12.192,12.152,12.240,12.191,1444,1443,144.330,67.369,103.731,25.481,29.773,116.672,12.740,42.464,149.966,58.124,220.000,220.000,2775.0,1281.5,2130.0,2764.5,2235.0,2765.3,1280.2,2225.5,91.0,48.0,2.0,0.0,92.0,25.3,100.0,0.0,1.3,0.0,36,36,はい,いいえ,いいえ,はい,いいえ,いいえ,いいえ,66.5,48.9,0,0,0,0,0,0,0,0,0,0,0,0,0,0,0,0,0,0,0,0,0,0,0,0,0,0,0,0,0,0,980,11302,11025,598,16.0,2.9,2.9,2.9,2.9,2.9,2.9,2.9,2.9,2.9,2.9,2.9,2.9,350.19,350.19,350.19,350.19,350.19,350.19,1.70,98.47,350.19,0.00,650.00,0,0,0.0,0.0,44292,39005,7.2,192.0,0,
19.7.2026,0:56:17.129,27844,6067,82.1,13944,17919,43.7,3.5,2048,71,1.203,1.240,1.185,1.185,1.185,1.185,1.240,4283.9,4112.6,5140.7,4112.6,4112.6,4112.6,4112.6,99.8,635.8,1077.4,104.1,3120.8,995.6,933.3,681.5,232.9,141.9,87.8,129.3,63.1,62.0,635.8,12.4,20.6,2.7,61.3,18.5,17.3,13.6,4.5,3.4,2.3,2.3,1.0,1.0,61.3,12.4,15.9,24.1,2.6,82.2,25.6,22.5,17.3,5.2,3.5,2.2,3.2,1.5,1.5,15.9,42.9,41.2,51.5,41.2,41.2,41.2,41.2,0.0,25.6,25.8,80.0,32.8,8.3,4.2,2.8,46.7,74.2,20.0,67.2,91.7,12.7,14.3,27.7,0.0,0.0,0.0,0.0,83.1,83.0,2395.7,24.00,40,39,39,77,116,708,1,71.8,67.5,66.9,58.1,56.6,65.9,60.6,57.0,53.8,54.4,56.6,56.6,64.5,58.6,44.9,44.0,46.0,1.239,1.015,1.100,15.644,7.798,15.644,38.000,6.120,39.942,2.195,2.426,4.867,3.170,1.955,0.415,0.337,19.396,7.915,34.043,39.040,1996.4,2395.7,5146.4,5146.4,5147.8,44.4,20.9,25.3,44.4,79.4,いいえ,いいえ,いいえ,0.320,0.122,1.5,42.0,71.9,40.0,71.0,1.248,12.038,3.440,3.296,5.016,1.064,1.024,3.440,3.328,1.808,1.024,1.120,1.032,1.792,1.096,0.720,1.824,0.256,2030,いいえ,59.2,42.5,1.110,1.110,1.800,1.800,1.005,5.040,0.250,いいえ,いいえ,いいえ,41.2,1.110,1.110,1.800,1.800,1.005,5.040,0.250,いいえ,いいえ,いいえ,37,37,いいえ,はい,15388,14039,128,128,34,100.0,いいえ,いいえ,3868,2528,9990,39,41,49,100.0,100.0,いいえ,いいえ,7032,7744,0.0,0.0,0.0,0.000,0.000,1392,1009,0.0,0.0,0.0,0.000,0.000,181182,133153,0.0,0.0,0.0,0.000,0.004,66320,77710,60.5,0.720,48.000,600.0,2400.0,1200.0,100.0,0.0,0.0,0.0,0.0,0.0,0.0,0.0,0.0,125,2,16.0,86,いいえ,いいえ,いいえ,63.4,70.0,71.5,84.0,1.100,12.256,12.259,12.215,12.293,12.258,1444,1443,154.038,34.307,68.518,15.447,22.232,76.410,7.710,29.891,24.824,29.428,220.000,220.000,2775.0,1281.5,2130.0,2764.1,2235.0,2773.8,1280.5,2228.9,85.0,34.0,2.0,0.0,92.0,25.2,100.0,0.0,1.0,0.0,36,36,はい,いいえ,いいえ,はい,いいえ,いいえ,いいえ,44.7,27.8,0,0,0,0,0,0,0,0,0,0,0,0,0,0,0,0,0,0,0,0,0,0,0,0,0,0,0,0,0,0,980,11302,11025,598,16.0,8.4,17.5,3.2,3.1,3.1,3.1,2.4,4.9,1.5,1.5,1.5,1.5,118.35,314.33,57.14,57.05,325.31,325.31,0.82,28.90,118.30,0.05,118.18,0,0,0.0,0.0,44292,39006,6.8,176.9,0,
19.7.2026,0:56:19.129,27845,6066,82.1,14005,17858,43.9,3.5,2048,71,1.240,1.240,1.240,1.240,1.240,1.240,1.240,3884.1,4112.6,4112.6,4112.6,4112.6,3427.2,3427.2,99.8,661.7,1228.7,127.8,1492.2,2721.5,774.7,835.4,248.1,170.4,46.6,174.7,58.7,62.0,661.7,12.7,22.6,2.4,28.8,52.7,13.3,15.8,3.8,3.3,1.3,4.1,2.4,1.7,52.7,12.7,16.5,27.6,3.2,39.2,71.1,18.0,21.3,5.4,4.2,1.1,4.4,1.4,1.5,16.5,38.9,41.2,41.2,41.2,41.2,34.3,34.3,0.0,26.7,29.2,81.8,32.7,9.3,4.7,2.7,46.2,70.8,18.2,67.3,90.7,13.9,16.1,27.1,0.0,0.0,0.0,0.0,81.4,81.3,2395.7,24.00,40,39,39,77,116,708,1,71.1,67.7,64.4,58.3,57.0,66.2,60.9,57.2,53.9,54.5,56.6,56.6,64.0,58.4,44.9,44.0,46.0,1.240,1.015,1.100,16.127,7.868,16.122,39.000,6.096,40.551,2.303,2.598,4.987,3.362,2.057,0.455,0.361,20.012,7.986,34.703,39.698,1996.4,2395.7,5147.7,5147.7,5147.3,45.1,21.5,26.0,45.1,79.7,いいえ,いいえ,いいえ,0.445,0.145,1.6,42.0,71.1,40.0,71.0,1.240,12.091,3.440,3.296,5.016,1.064,1.024,3.440,3.328,1.808,1.024,1.120,1.032,1.792,1.096,0.712,1.824,0.256,2033,いいえ,59.2,42.5,1.110,1.110,1.800,1.800,1.005,5.040,0.250,いいえ,いいえ,いいえ,41.2,1.110,1.110,1.800,1.815,1.005,5.040,0.375,いいえ,いいえ,いいえ,37,37,いいえ,はい,15388,14039,128,128,34,100.0,いいえ,いいえ,3868,2528,9990,39,41,49,100.0,100.0,いいえ,いいえ,7032,7744,0.0,0.0,0.0,0.000,0.004,1392,1009,0.0,0.0,0.0,0.000,0.000,181182,133153,0.0,0.0,0.0,0.000,0.002,66320,77710,60.4,0.720,17.000,600.0,2400.0,1200.0,100.0,0.0,0.0,0.0,0.0,0.0,0.0,0.0,0.0,125,2,16.0,86,いいえ,いいえ,いいえ,66.6,68.0,75.7,84.0,1.100,12.260,12.260,12.227,12.292,12.259,1448,1449,145.869,53.609,70.841,12.309,19.870,77.366,6.154,25.977,88.943,127.413,220.000,220.000,2775.0,1281.5,2130.0,2764.6,2235.0,2766.4,1280.1,2224.1,79.0,26.0,1.0,0.0,92.0,25.2,100.0,0.0,0.9,0.0,36,36,はい,いいえ,いいえ,はい,いいえ,いいえ,いいえ,44.0,74.9,0,0,0,0,0,0,0,0,0,0,0,0,0,0,0,0,0,0,0,0,0,0,0,0,0,0,0,0,0,0,980,11302,11025,599,16.0,2.7,2.7,2.7,2.7,2.7,2.7,2.9,2.9,2.9,2.9,2.9,2.9,372.60,372.60,372.60,372.60,372.60,372.60,366.63,5.71,372.33,0.27,216.66,0,0,0.0,0.0,44292,39006,6.4,164.9,0,
19.7.2026,0:56:21.132,27856,6055,82.1,14047,17816,44.0,3.5,2048,71,1.240,1.240,1.240,1.240,1.240,1.240,1.240,4055.5,4112.6,5140.7,4112.6,4112.6,3427.2,3427.2,99.8,661.5,1184.0,112.0,677.5,3710.2,706.5,764.9,246.9,172.2,73.8,146.0,57.0,87.1,661.5,12.5,22.4,2.2,12.9,72.2,11.9,14.6,3.9,3.4,1.4,2.7,0.9,1.6,72.2,12.5,16.6,26.9,2.8,17.7,97.6,16.1,19.3,5.4,4.2,1.8,3.6,1.3,2.2,16.6,40.6,41.2,51.5,41.2,41.2,34.3,34.3,0.0,26.8,28.4,84.8,30.3,9.3,4.7,3.2,46.9,71.6,15.2,69.7,90.7,16.1,17.9,26.4,0.0,0.0,0.0,0.0,79.3,78.9,2395.7,24.00,40,39,39,77,116,708,1,70.5,67.6,68.4,58.2,56.8,66.4,60.4,57.1,53.9,54.5,56.6,56.6,64.0,58.5,44.9,44.0,46.0,1.240,1.015,1.100,15.960,7.895,15.958,36.500,6.130,40.443,2.300,2.551,5.089,3.208,2.068,0.475,0.410,19.794,8.013,34.550,39.549,1996.4,2395.7,5146.7,5146.7,5147.0,44.9,21.3,24.3,44.9,79.5,いいえ,いいえ,いいえ,0.426,0.150,1.6,42.0,70.5,40.0,70.0,1.264,12.144,3.440,3.312,5.016,1.064,1.024,3.440,3.328,1.808,1.024,1.120,1.032,1.792,1.096,0.712,1.824,0.256,1991,いいえ,59.2,42.5,1.110,1.110,1.800,1.800,0.990,5.040,0.250,いいえ,いいえ,いいえ,41.2,1.110,1.110,1.800,1.800,1.005,5.040,0.500,いいえ,いいえ,いいえ,37,37,いいえ,はい,15388,14039,128,128,34,100.0,いいえ,いいえ,3868,2528,9990,39,41,49,100.0,100.0,いいえ,いいえ,7032,7744,0.0,0.1,0.1,0.000,0.008,1392,1009,0.0,0.0,0.0,0.000,0.000,181182,133153,0.0,0.1,0.1,0.000,0.024,66320,77710,60.4,0.720,17.000,600.0,2400.0,1200.0,100.0,0.0,0.0,0.0,0.0,0.0,0.0,0.0,0.0,125,2,16.0,86,いいえ,いいえ,いいえ,67.0,66.0,76.2,84.0,1.100,12.240,12.238,12.212,12.274,12.237,1458,1459,143.723,61.026,85.382,13.951,21.127,92.813,6.987,28.060,114.861,125.026,220.000,220.000,2775.0,1281.5,2130.0,2764.8,2235.0,2767.8,1281.1,2226.9,75.0,16.0,1.0,0.0,92.0,25.3,100.0,0.0,1.4,0.0,36,36,はい,いいえ,いいえ,はい,いいえ,いいえ,いいえ,51.6,73.0,0,0,0,0,0,0,0,0,0,0,0,0,0,0,0,0,0,0,0,0,0,0,0,0,0,0,0,0,0,0,980,11302,11026,599,16.0,2.7,2.7,2.7,2.7,2.7,2.7,2.7,2.7,2.7,2.7,2.7,2.7,373.10,373.10,373.10,373.10,373.10,373.10,366.35,6.89,372.81,0.29,266.92,0,0,0.0,0.0,44292,39007,7.4,353.6,0,
19.7.2026,0:56:23.142,27851,6060,82.1,14121,17742,44.3,3.5,2048,71,1.240,1.240,1.240,1.240,1.240,1.240,1.240,4169.7,3427.2,4112.6,5140.7,4112.6,4112.6,4112.6,99.8,680.7,1371.3,91.9,1069.5,2550.2,1582.8,687.9,296.2,196.7,70.6,111.2,69.1,70.8,680.7,13.1,26.2,1.9,20.9,48.9,29.9,13.2,5.1,4.2,1.5,2.2,1.4,1.5,48.9,13.1,17.1,32.0,2.2,28.0,66.4,39.9,17.4,6.5,4.9,1.7,2.7,1.6,1.7,17.1,41.8,34.3,41.2,51.5,41.2,41.2,41.2,0.0,27.6,31.9,70.7,45.3,10.7,3.8,3.0,46.3,68.1,29.3,54.7,89.3,15.2,21.4,26.1,0.0,0.0,0.0,0.0,81.0,75.6,2395.7,24.00,40,39,39,77,116,708,1,70.2,67.7,64.0,58.5,57.3,65.2,62.3,57.5,53.9,54.7,56.7,56.7,64.8,58.5,44.9,44.0,46.0,1.240,1.015,1.100,16.262,7.879,16.267,43.500,6.130,40.882,2.404,2.772,4.693,3.875,2.163,0.436,0.484,20.188,7.997,34.928,39.938,1996.4,2395.7,5145.0,5145.0,5147.2,45.4,21.7,29.0,45.4,79.7,いいえ,いいえ,いいえ,0.486,0.169,1.7,42.0,70.4,40.0,70.0,1.248,12.091,3.440,3.296,5.016,1.064,1.024,3.440,3.328,1.808,1.024,1.120,1.032,1.792,1.096,0.712,1.824,0.256,1965,いいえ,59.2,42.5,1.110,1.110,1.800,1.800,0.990,5.040,0.250,いいえ,いいえ,いいえ,41.2,1.110,1.110,1.800,1.800,0.990,5.040,0.250,いいえ,いいえ,いいえ,37,37,いいえ,はい,15388,14039,128,128,34,100.0,いいえ,いいえ,3868,2528,9990,39,41,49,100.0,100.0,いいえ,いいえ,7032,7744,0.0,0.0,0.0,0.000,0.004,1392,1009,0.0,0.0,0.0,0.000,0.000,181182,133153,0.0,0.6,0.6,0.000,0.016,66320,77710,60.4,0.720,29.000,600.0,2400.0,1200.0,100.0,0.0,0.0,0.0,0.0,0.0,0.0,0.0,0.0,125,2,16.0,86,いいえ,いいえ,いいえ,66.7,70.0,75.4,84.0,1.100,12.201,12.199,12.159,12.247,12.198,1462,1464,138.340,67.383,104.471,25.496,29.779,117.439,12.735,42.475,109.555,97.119,220.000,220.000,2775.0,1281.5,2130.0,2764.9,2235.0,2765.4,1280.1,2225.3,90.0,52.0,2.0,0.0,92.0,25.3,100.0,0.0,1.2,0.0,36,36,はい,いいえ,いいえ,はい,いいえ,いいえ,いいえ,66.8,74.6,0,0,0,0,0,0,0,0,0,0,0,0,0,0,0,0,0,0,0,0,0,0,0,0,0,0,0,0,0,0,980,11302,11026,599,16.0,17.5,17.5,17.5,17.5,17.5,17.5,0.0,0.0,0.0,0.0,0.0,0.0,57.06,57.06,57.06,57.06,57.06,57.06,0.56,0.00,57.02,0.04,0.00,0,0,0.0,0.0,44292,39007,6.6,240.4,0,
19.7.2026,0:56:25.137,27797,6113,81.9,14598,17265,45.8,3.5,2048,71,1.167,1.135,1.155,1.175,1.175,1.180,1.180,4845.4,4816.3,4791.4,4841.3,4841.3,4891.2,4891.2,99.8,1675.1,1996.9,1241.5,2095.1,2215.2,2922.4,1810.2,1422.0,1358.1,1260.0,1277.3,1252.6,1249.3,1675.1,33.6,39.7,25.7,42.4,43.5,58.1,36.3,28.4,27.6,25.4,25.6,25.2,25.0,58.1,33.6,43.0,49.6,32.6,54.8,57.1,76.3,46.9,36.2,34.9,31.9,32.4,31.7,31.6,43.0,48.5,48.2,48.0,48.5,48.5,49.0,49.0,0.0,43.6,43.5,61.7,69.9,32.7,27.5,26.6,37.3,52.6,38.3,30.1,64.8,17.3,20.9,19.0,3.9,0.0,0.0,2.6,55.2,52.5,2395.7,24.00,40,39,39,77,116,708,1,80.1,72.4,82.0,63.7,61.2,67.8,69.0,64.0,58.9,61.2,57.5,57.5,66.2,59.1,45.0,44.0,46.0,1.228,1.015,1.100,22.926,8.107,22.868,68.500,6.128,49.162,3.900,3.805,5.309,5.699,3.768,2.374,2.447,28.050,8.228,43.019,48.379,1996.4,2395.7,5067.1,5067.1,5092.0,55.0,30.5,45.7,55.0,85.2,いいえ,いいえ,いいえ,6.610,2.897,2.6,42.0,80.1,40.0,80.0,1.240,12.144,3.440,3.312,5.016,1.064,1.024,3.440,3.328,1.808,1.024,1.120,1.032,1.792,1.104,0.712,1.824,0.256,1970,いいえ,59.2,42.5,1.110,1.110,1.800,1.800,0.990,5.040,0.250,いいえ,いいえ,いいえ,41.2,1.095,1.110,1.800,1.800,0.990,5.040,0.875,いいえ,いいえ,いいえ,37,37,いいえ,はい,15388,14039,128,128,34,100.0,いいえ,いいえ,3868,2528,9990,39,41,49,100.0,100.0,いいえ,いいえ,7032,7744,0.0,0.1,0.1,0.000,0.008,1392,1009,0.0,0.0,0.0,0.000,0.000,181182,133153,0.0,0.1,0.1,0.000,0.050,66320,77710,60.5,0.720,18.000,600.0,2400.0,1200.0,100.0,0.0,0.0,0.0,0.0,0.0,0.0,0.0,0.0,125,2,16.0,86,いいえ,いいえ,いいえ,57.1,66.0,67.8,84.0,1.095,12.299,12.311,12.247,12.329,12.310,1476,1478,74.211,19.108,27.574,7.584,16.509,31.365,3.791,20.303,22.733,23.006,220.000,220.000,2775.0,1281.5,2145.0,2771.6,2235.0,2774.7,1280.3,2235.1,1.0,0.0,1.0,0.0,87.5,21.6,85.5,0.0,0.9,0.0,36,36,はい,いいえ,いいえ,はい,いいえ,いいえ,いいえ,21.8,21.6,0,0,0,0,0,0,0,0,0,0,0,0,0,0,0,0,0,0,0,0,0,0,0,0,0,0,0,0,0,0,1538,10744,10468,599,16.0,4.3,17.5,2.3,2.2,2.2,2.2,3.3,24.7,2.1,2.1,2.1,2.1,232.40,444.17,57.27,57.11,446.69,446.69,1.14,80.34,232.32,0.08,309.68,0,0,0.0,0.0,44292,39007,6.4,222.1,0,
19.7.2026,0:56:27.135,28047,5864,82.7,13660,18203,42.8,3.5,2048,71,1.274,1.270,1.275,1.275,1.275,1.275,1.275,4226.8,5140.7,4112.6,5140.7,4112.6,3427.2,3427.2,99.8,1424.5,2391.1,972.8,2050.1,1787.0,2765.2,1889.9,1147.8,1113.8,742.9,747.0,735.6,750.9,1424.5,28.2,41.1,19.3,41.5,34.3,54.9,37.7,22.6,23.1,15.8,16.4,16.1,15.8,54.9,28.2,36.9,54.5,25.2,53.9,45.7,72.4,49.7,29.3,29.5,20.7,20.7,20.4,20.9,36.9,42.3,51.5,41.2,51.5,41.2,34.3,34.3,0.0,44.2,49.8,61.5,75.8,33.4,22.8,21.9,43.0,41.8,38.5,24.2,66.6,36.3,50.3,12.9,8.4,0.0,0.0,0.0,40.8,27.9,2395.7,24.00,40,39,39,77,116,708,1,80.5,76.0,71.2,65.6,62.6,70.7,72.5,65.6,60.0,62.3,59.2,59.2,66.0,59.1,45.0,44.0,46.0,1.246,1.015,1.100,23.665,8.030,23.709,58.000,6.125,51.037,4.111,3.950,5.852,6.281,3.951,2.227,2.402,29.424,8.150,44.312,49.707,1996.4,2395.7,5075.4,5075.4,5079.8,56.5,31.6,38.7,56.5,89.5,いいえ,いいえ,いいえ,5.228,3.103,2.7,42.0,80.6,40.0,80.0,1.296,12.144,3.440,3.312,5.016,1.064,1.024,3.440,3.328,1.808,1.024,1.120,1.032,1.792,1.096,0.712,1.824,0.256,2045,いいえ,59.2,42.8,1.110,1.110,1.800,1.800,0.990,5.040,0.250,いいえ,いいえ,いいえ,41.5,1.110,1.110,1.800,1.800,0.990,5.040,0.250,いいえ,いいえ,いいえ,37,37,いいえ,はい,15388,14039,128,128,34,100.0,いいえ,いいえ,3868,2528,9990,39,41,49,100.0,100.0,いいえ,いいえ,7032,7744,0.0,0.0,0.0,0.000,0.004,1392,1010,0.0,0.0,0.0,0.000,0.000,181182,133153,0.0,0.0,0.0,0.000,0.012,66320,77710,61.1,0.720,19.000,600.0,2400.0,1200.0,100.0,0.0,0.0,0.0,0.0,0.0,0.0,0.0,0.0,125,2,16.0,86,いいえ,いいえ,いいえ,63.3,64.0,71.8,84.0,1.095,12.197,12.195,12.161,12.239,12.195,1476,1476,34.900,53.302,97.823,21.781,26.912,109.059,10.902,37.750,24.762,97.429,220.000,220.000,2775.0,1281.5,2145.0,1219.0,2235.0,2766.9,1279.8,2227.3,47.0,22.0,1.0,1.0,92.7,24.7,98.0,0.0,1.0,0.0,36,36,はい,いいえ,いいえ,はい,いいえ,いいえ,いいえ,61.6,71.2,0,0,0,0,0,0,0,0,0,0,0,0,0,0,0,0,0,0,0,0,0,0,0,0,0,0,0,0,0,0,902,11380,11104,599,16.0,4.3,17.5,2.3,2.2,2.2,2.2,3.3,24.7,2.1,2.1,2.1,2.1,232.40,444.17,57.27,57.11,446.69,446.69,1.14,80.34,232.32,0.08,309.68,0,0,0.0,0.0,44292,39008,6.5,111.5,0,
19.7.2026,0:56:29.138,28046,5865,82.7,13824,18039,43.3,3.5,2048,71,1.241,1.245,1.240,1.240,1.240,1.240,1.240,4055.5,4112.6,4112.6,5140.7,4112.6,3427.2,3427.2,99.8,698.0,1540.2,173.4,1042.1,1334.7,2863.6,578.9,301.2,190.8,83.2,143.6,76.5,48.0,698.0,12.9,27.6,3.2,20.1,24.2,55.6,10.4,4.4,3.6,1.9,2.5,0.3,1.2,55.6,12.9,17.5,35.2,4.4,27.1,33.5,74.9,14.6,6.4,4.7,2.0,3.6,1.8,1.1,17.5,40.6,41.2,41.2,51.5,41.2,34.3,34.3,0.0,28.0,34.8,47.1,67.4,11.0,4.8,2.8,48.2,65.2,52.9,32.6,89.0,26.8,22.8,23.8,0.0,0.0,0.0,0.0,68.4,74.4,2395.7,24.00,40,39,39,77,116,708,1,77.4,68.5,64.9,59.6,58.7,63.8,65.6,58.9,55.2,55.7,57.6,57.6,64.2,58.7,45.0,44.0,46.0,1.245,1.015,1.100,16.895,7.815,16.911,38.000,6.088,41.748,2.513,2.981,4.014,4.602,2.273,0.719,0.486,21.051,7.933,35.680,40.717,1996.4,2395.7,5148.5,5148.5,5148.1,46.3,22.5,25.3,46.3,80.6,いいえ,いいえ,いいえ,0.745,0.250,1.7,42.0,77.4,40.0,77.0,1.240,12.091,3.440,3.296,5.016,1.064,1.024,3.440,3.328,1.808,1.024,1.120,1.032,1.792,1.096,0.712,1.824,0.256,2048,いいえ,59.2,42.8,1.110,1.110,1.800,1.800,0.990,5.040,0.250,いいえ,いいえ,いいえ,41.5,1.110,1.110,1.800,1.800,0.990,5.040,0.375,いいえ,いいえ,いいえ,37,37,いいえ,はい,15388,14039,128,128,34,100.0,いいえ,いいえ,3868,2528,9990,39,41,49,100.0,100.0,いいえ,いいえ,7032,7744,0.0,0.1,0.1,0.000,0.004,1392,1010,0.0,0.0,0.0,0.000,0.000,181182,133153,0.0,0.0,0.0,0.000,0.004,66320,77710,60.9,0.720,41.000,600.0,2400.0,1200.0,100.0,0.0,0.0,0.0,0.0,0.0,0.0,0.0,0.0,125,2,16.0,86,いいえ,いいえ,いいえ,67.1,68.0,76.7,84.0,1.100,12.189,12.187,12.152,12.230,12.185,1462,1466,130.031,58.738,105.975,24.227,28.764,118.413,12.112,40.810,96.028,43.575,220.000,220.000,2775.0,1281.5,2130.0,2768.0,2235.0,2765.5,1280.8,2225.4,89.0,49.0,1.0,0.0,92.0,25.3,100.0,0.0,1.3,0.0,36,36,はい,いいえ,いいえ,はい,いいえ,いいえ,いいえ,66.7,78.2,0,0,0,0,0,0,0,0,0,0,0,0,0,0,0,0,0,0,0,0,0,0,0,0,0,0,0,0,0,0,980,11302,11026,599,16.0,2.2,15.5,1.2,1.2,1.2,1.2,0.0,0.0,0.0,0.0,0.0,0.0,462.49,860.31,64.68,57.37,868.43,868.43,1.73,39.89,462.45,0.04,0.00,0,0,0.0,0.0,44292,39008,7.0,148.4,0,
19.7.2026,0:56:31.138,27943,5968,82.4,13856,18007,43.4,3.5,2048,71,1.244,1.240,1.245,1.245,1.245,1.245,1.245,4283.9,4112.6,4112.6,5140.7,4112.6,4112.6,4112.6,99.8,644.5,1071.2,88.7,565.2,1215.6,1192.1,2774.5,279.5,187.6,74.6,159.9,56.6,68.2,644.5,12.4,20.5,1.8,11.2,22.1,22.4,54.3,5.0,4.0,1.4,3.2,1.8,1.3,54.3,12.4,16.2,24.5,2.2,14.6,30.0,30.4,73.0,6.4,4.7,1.8,4.0,1.3,1.7,16.2,42.9,41.2,41.2,51.5,41.2,41.2,41.2,0.0,26.0,25.8,36.1,76.4,10.4,4.8,2.7,47.0,73.9,63.9,23.6,89.6,12.2,19.0,27.0,0.4,0.0,0.0,0.0,83.0,78.3,2395.7,24.00,40,39,39,77,116,708,1,75.0,67.9,66.4,58.8,57.1,61.9,65.9,58.3,54.2,55.3,57.0,57.0,65.2,58.8,45.0,44.0,46.0,1.240,1.015,1.100,16.121,7.863,16.115,38.500,6.075,40.528,2.263,2.451,3.377,4.814,2.089,0.425,0.421,20.001,7.981,34.664,39.658,1996.4,2395.7,5146.0,5146.0,5148.1,45.1,21.5,25.7,45.1,79.8,いいえ,いいえ,いいえ,0.409,0.149,1.6,42.0,74.1,40.0,74.0,1.280,12.091,3.440,3.296,5.016,1.064,1.024,3.440,3.328,1.808,1.024,1.120,1.032,1.792,1.096,0.712,1.824,0.256,2020,いいえ,59.2,42.8,1.110,1.110,1.800,1.800,0.990,5.040,0.375,いいえ,いいえ,いいえ,41.5,1.110,1.110,1.800,1.815,0.990,5.040,0.250,いいえ,いいえ,いいえ,37,37,いいえ,はい,15388,14039,128,128,34,100.0,いいえ,いいえ,3868,2528,9990,39,41,49,100.0,100.0,いいえ,いいえ,7032,7744,0.0,35.0,35.0,0.000,0.010,1392,1010,0.0,0.0,0.0,0.000,0.000,181182,133153,0.0,0.0,0.0,0.000,0.241,66320,77710,60.8,0.720,19.000,600.0,2400.0,1200.0,100.0,0.0,0.0,0.0,0.0,0.0,0.0,0.0,0.0,125,2,16.0,86,いいえ,いいえ,いいえ,66.0,68.0,75.1,84.0,1.100,12.281,12.287,12.240,12.311,12.286,1466,1468,152.347,33.435,46.216,9.092,17.675,50.858,4.546,22.201,79.586,37.304,220.000,220.000,2775.0,1281.5,2130.0,2764.0,2235.0,2765.2,1280.3,2224.6,74.0,17.0,1.0,0.0,92.0,25.2,100.0,0.0,1.0,0.0,36,36,はい,いいえ,いいえ,はい,いいえ,いいえ,いいえ,31.1,72.4,0,0,0,0,0,0,0,0,0,0,0,0,0,0,0,0,0,0,0,0,0,0,0,0,0,0,0,0,0,0,980,11302,11026,599,16.0,2.2,15.5,1.2,1.2,1.2,1.2,0.0,0.0,0.0,0.0,0.0,0.0,462.49,860.31,64.68,57.37,868.43,868.43,1.73,39.89,462.45,0.04,0.00,0,0,0.0,0.0,44292,39008,6.5,258.4,0,
19.7.2026,0:56:33.143,27866,6044,82.1,13947,17916,43.7,3.5,2048,71,1.245,1.245,1.245,1.245,1.245,1.245,1.245,4283.9,4112.6,5140.7,4112.6,4112.6,4112.6,4112.6,99.8,671.2,1326.8,103.9,964.2,1475.8,725.8,2684.2,234.4,181.9,76.7,136.2,67.1,77.1,671.2,13.2,26.0,2.7,19.4,27.8,12.9,52.7,4.2,4.4,2.0,2.5,1.1,2.1,52.7,13.2,16.8,30.7,2.6,25.1,37.3,17.3,70.5,5.0,4.5,1.8,3.4,1.6,1.9,16.8,42.9,41.2,51.5,41.2,41.2,41.2,41.2,0.0,27.2,31.5,48.6,65.9,9.2,4.4,3.2,46.5,68.5,51.4,34.1,90.8,18.4,16.0,26.3,0.0,0.0,0.0,0.0,77.2,80.8,2395.7,24.00,40,39,39,77,116,708,1,73.2,68.0,67.0,58.9,57.5,63.3,64.9,58.1,54.3,55.1,57.0,57.0,65.0,58.8,45.0,44.0,46.0,1.241,1.015,1.100,16.379,7.800,16.377,38.500,6.098,40.822,2.376,2.718,3.911,4.581,2.128,0.531,0.387,20.330,7.917,34.955,39.955,1996.4,2395.7,5147.6,5147.6,5147.6,45.4,21.8,25.7,45.4,80.0,いいえ,いいえ,いいえ,0.452,0.164,1.6,42.0,73.4,40.0,73.0,1.256,12.144,3.440,3.312,5.016,1.064,1.024,3.440,3.328,1.808,1.024,1.120,1.032,1.792,1.096,0.712,1.824,0.256,2045,いいえ,59.2,42.8,1.110,1.110,1.800,1.800,0.990,5.040,0.375,いいえ,いいえ,いいえ,41.5,1.110,1.110,1.800,1.800,1.005,5.040,0.750,いいえ,いいえ,いいえ,37,37,いいえ,はい,15388,14039,128,128,34,100.0,いいえ,いいえ,3868,2528,9990,39,41,49,100.0,100.0,いいえ,いいえ,7032,7744,0.0,0.0,0.0,0.000,0.002,1392,1010,0.0,0.0,0.0,0.000,0.000,181182,133153,0.0,0.0,0.0,0.000,0.002,66320,77710,60.8,0.720,16.000,600.0,2400.0,1200.0,100.0,0.0,0.0,0.0,0.0,0.0,0.0,0.0,0.0,125,2,16.0,86,いいえ,いいえ,いいえ,66.9,68.0,76.2,84.0,1.100,12.234,12.235,12.196,12.272,12.234,1468,1466,144.396,56.404,75.828,16.469,23.147,84.343,8.234,31.306,108.382,103.525,220.000,220.000,2775.0,1281.5,2130.0,2764.3,2235.0,2763.3,1280.2,2225.2,80.0,27.0,2.0,0.0,92.0,25.5,100.0,0.0,1.8,0.0,36,36,はい,いいえ,いいえ,はい,いいえ,いいえ,いいえ,48.7,75.6,0,0,0,0,0,0,0,0,0,0,0,0,0,0,0,0,0,0,0,0,0,0,0,0,0,0,0,0,0,0,980,11302,11026,599,16.0,1.1,1.1,1.1,1.1,1.1,1.1,1.1,1.1,1.1,1.1,1.1,1.1,941.07,941.07,941.07,941.07,941.07,941.07,926.22,14.60,940.83,0.23,373.66,0,0,0.0,0.0,44292,39009,7.4,244.6,0,
19.7.2026,0:56:35.138,27872,6039,82.1,13952,17911,43.7,3.5,2048,71,1.240,1.240,1.240,1.240,1.240,1.240,1.240,4169.7,4112.6,5140.7,4112.6,4112.6,3427.2,4112.6,99.8,651.3,1083.5,118.4,1996.8,1429.8,664.2,1707.2,269.0,181.1,98.4,134.2,77.1,56.0,651.3,12.3,20.2,2.3,39.0,27.1,11.4,33.3,4.6,3.7,1.0,2.5,2.2,1.0,39.0,12.3,16.4,24.4,3.0,52.5,36.8,15.5,44.6,6.1,4.5,2.5,3.3,1.9,1.4,16.4,41.8,41.2,51.5,41.2,41.2,34.3,41.2,0.0,26.0,25.8,66.4,46.8,9.5,4.4,3.0,47.6,74.2,33.6,53.2,90.5,14.2,20.1,26.4,0.0,0.0,0.0,0.0,81.3,77.0,2395.7,24.00,40,39,39,77,116,708,1,72.2,68.0,68.4,58.6,57.1,65.0,62.6,57.8,54.3,55.1,57.0,57.0,65.8,58.8,45.0,44.0,46.0,1.240,1.015,1.100,16.351,7.857,16.351,38.500,6.116,40.917,2.273,2.477,4.447,3.751,2.043,0.472,0.449,20.285,7.975,34.987,39.986,1996.4,2395.7,5145.2,5145.2,5146.2,45.4,21.8,25.7,45.4,80.0,いいえ,いいえ,いいえ,0.381,0.140,1.6,42.0,72.2,40.0,72.0,1.248,12.091,3.440,3.296,5.016,1.064,1.024,3.440,3.328,1.808,1.024,1.120,1.032,1.792,1.096,0.704,1.824,0.256,2036,いいえ,59.2,42.8,1.110,1.110,1.800,1.800,0.990,5.040,0.250,いいえ,いいえ,いいえ,41.5,1.110,1.110,1.800,1.800,0.990,4.970,0.250,いいえ,いいえ,いいえ,37,37,いいえ,はい,15388,14039,128,128,34,100.0,いいえ,いいえ,3868,2528,9990,40,42,49,100.0,100.0,いいえ,いいえ,7032,7744,0.0,0.0,0.0,0.000,0.004,1392,1010,0.0,0.0,0.0,0.000,0.000,181182,133153,0.0,0.1,0.1,0.000,0.010,66320,77710,60.7,0.720,17.000,600.0,2400.0,1200.0,100.0,0.0,0.0,0.0,0.0,0.0,0.0,0.0,0.0,125,2,16.0,86,いいえ,いいえ,いいえ,68.7,70.0,78.5,84.0,1.100,12.181,12.178,12.143,12.225,12.177,1466,1465,149.766,70.080,110.702,25.891,30.055,123.909,12.944,42.947,111.065,103.128,220.000,220.000,2775.0,1281.5,2130.0,2764.8,2235.0,2767.9,1280.6,2226.8,93.0,56.0,1.0,0.0,92.0,25.2,100.0,0.0,1.0,0.0,36,36,はい,いいえ,いいえ,はい,いいえ,いいえ,いいえ,69.8,72.6,0,0,0,0,0,0,0,0,0,0,0,0,0,0,0,0,0,0,0,0,0,0,0,0,0,0,0,0,0,0,980,11302,11026,599,16.0,2.4,15.0,1.3,1.3,1.3,1.3,1.2,1.2,1.2,1.2,1.2,1.2,419.49,772.52,66.46,59.98,779.72,779.72,1.11,32.97,419.38,0.11,64.60,0,0,0.0,0.0,44292,39009,7.1,204.0,0,
19.7.2026,0:56:37.139,27886,6024,82.2,14010,17853,43.9,3.5,2048,71,1.240,1.240,1.240,1.240,1.240,1.240,1.240,4055.5,4112.6,5140.7,4112.6,4112.6,3427.2,3427.2,99.8,710.7,1255.0,178.8,3308.4,1246.1,986.2,500.3,340.1,250.6,81.1,167.1,133.9,80.5,710.7,13.5,23.1,3.3,64.4,23.8,18.1,9.7,6.2,4.6,1.8,3.6,2.2,1.0,64.4,13.5,17.7,27.6,4.5,87.1,32.2,23.6,12.4,7.8,6.2,1.9,4.2,3.3,1.9,17.7,40.6,41.2,51.5,41.2,41.2,34.3,34.3,0.0,28.5,29.8,88.0,30.5,13.0,5.2,4.8,50.4,70.2,11.9,69.5,87.0,28.9,35.0,21.1,0.0,0.2,0.0,0.0,65.9,60.2,2395.7,24.00,40,39,39,77,116,708,1,71.8,68.5,68.4,59.3,57.6,67.5,61.6,58.4,54.7,56.0,57.2,57.2,65.0,58.9,45.0,44.0,46.0,1.242,1.015,1.100,16.967,7.933,16.972,42.500,6.103,41.829,2.553,2.725,5.251,3.452,2.338,0.739,0.815,21.099,8.052,35.864,40.881,1996.4,2395.7,5147.7,5147.7,5147.9,46.5,22.6,28.3,46.5,80.6,いいえ,いいえ,いいえ,0.574,0.195,1.7,42.0,71.8,40.0,71.0,1.264,12.091,3.440,3.296,5.016,1.064,1.024,3.440,3.328,1.808,1.024,1.120,1.032,1.792,1.096,0.704,1.824,0.256,2042,いいえ,59.2,42.8,1.110,1.110,1.800,1.800,0.990,5.040,0.375,いいえ,いいえ,いいえ,41.5,1.110,1.110,1.800,1.800,0.990,5.040,0.250,いいえ,いいえ,いいえ,37,37,いいえ,はい,15388,14039,128,128,34,100.0,いいえ,いいえ,3868,2528,9990,40,42,50,100.0,100.0,いいえ,いいえ,7032,7744,0.0,0.1,0.1,0.000,0.008,1392,1010,0.0,0.0,0.0,0.000,0.000,181182,133153,0.0,0.0,0.0,0.000,0.032,66320,77710,60.8,0.720,42.000,600.0,2400.0,1200.0,100.0,0.0,0.0,0.0,0.0,0.0,0.0,0.0,0.0,125,2,16.0,86,いいえ,いいえ,いいえ,67.5,70.0,76.5,84.0,1.100,12.174,12.166,12.147,12.219,12.165,1472,1472,140.453,67.970,116.007,23.163,27.889,127.787,11.581,39.420,109.874,88.040,220.000,220.000,2775.0,1281.5,2130.0,2764.4,2235.0,2768.9,1280.2,2226.0,95.0,43.0,1.0,0.0,92.0,25.4,100.0,0.0,1.7,0.0,37,37,はい,いいえ,いいえ,はい,いいえ,いいえ,いいえ,70.6,66.0,0,0,0,0,0,0,0,0,0,0,0,0,0,0,0,0,0,0,0,0,0,0,0,0,0,0,0,0,0,0,980,11302,11026,602,16.0,35.1,252.3,5.4,4.7,4.6,4.6,35.1,60.2,5.4,4.7,4.6,4.6,28.45,185.70,3.96,0.67,216.02,216.02,1.35,26.74,28.45,0.00,61.28,0,0,0.0,0.0,44292,39010,12.9,313.2,0,
19.7.2026,0:56:39.136,27875,6036,82.2,14053,17810,44.1,3.5,2048,71,1.240,1.240,1.240,1.240,1.240,1.240,1.240,4055.5,4112.6,5140.7,4112.6,4112.6,3427.2,3427.2,99.8,651.5,1101.1,122.1,2632.4,1795.7,872.7,522.0,262.0,139.8,91.0,137.1,71.6,69.9,651.5,12.4,20.8,3.3,51.5,34.6,15.7,9.2,3.7,2.9,1.9,2.7,1.4,1.5,51.5,12.4,16.3,24.9,3.0,69.3,46.9,20.8,13.0,5.8,3.4,2.2,3.4,1.7,1.7,16.3,40.6,41.2,51.5,41.2,41.2,34.3,34.3,0.0,26.3,26.3,85.9,28.7,8.8,4.8,3.2,46.7,73.7,14.1,71.3,91.2,14.3,15.5,27.0,0.0,0.0,0.0,0.0,80.9,81.3,2395.7,24.00,40,39,39,77,116,708,1,71.2,68.1,67.9,58.6,57.1,66.9,60.8,57.5,54.2,54.9,57.0,57.0,65.0,59.0,45.0,44.0,46.0,1.240,1.015,1.100,16.188,8.032,16.186,38.500,6.086,40.819,2.268,2.485,5.106,3.171,2.029,0.458,0.359,20.082,8.153,34.930,39.929,1996.4,2395.7,5145.7,5145.7,5147.2,45.4,21.6,25.7,45.4,80.1,いいえ,いいえ,いいえ,0.455,0.149,1.6,42.0,71.2,40.0,71.0,1.248,12.091,3.440,3.296,5.016,1.064,1.024,3.440,3.328,1.808,1.024,1.120,1.032,1.792,1.096,0.704,1.824,0.256,2054,いいえ,59.2,42.8,1.110,1.110,1.800,1.800,0.990,5.040,0.250,いいえ,いいえ,いいえ,41.5,1.110,1.110,1.800,1.800,0.990,5.040,0.375,いいえ,いいえ,いいえ,37,37,いいえ,はい,15388,14039,128,128,34,100.0,いいえ,いいえ,3868,2528,9990,40,42,50,100.0,100.0,いいえ,いいえ,7032,7744,0.0,0.0,0.0,0.000,0.000,1392,1010,0.0,0.0,0.0,0.000,0.000,181182,133153,0.0,0.0,0.0,0.000,0.022,66320,77710,60.8,0.720,17.000,600.0,2400.0,1200.0,100.0,0.0,0.0,0.0,0.0,0.0,0.0,0.0,0.0,125,2,16.0,86,いいえ,いいえ,いいえ,65.8,70.0,74.2,84.0,1.100,12.181,12.177,12.143,12.226,12.176,1478,1478,145.478,66.426,109.999,25.962,30.152,123.189,12.980,43.080,99.518,86.529,220.000,220.000,2775.0,1281.5,2130.0,2764.5,2235.0,2755.6,1280.9,2224.0,93.0,52.0,3.0,0.0,92.0,25.3,100.0,0.0,1.2,0.0,37,37,はい,いいえ,いいえ,はい,いいえ,いいえ,いいえ,69.6,81.8,0,0,0,0,0,0,0,0,0,0,0,0,0,0,0,0,0,0,0,0,0,0,0,0,0,0,0,0,0,0,980,11302,11026,602,16.0,1.1,1.1,1.1,1.1,1.1,1.1,1.1,1.1,1.1,1.1,1.1,1.1,925.14,925.14,925.14,925.14,925.14,925.14,915.15,10.43,924.91,0.23,883.61,0,0,0.0,0.0,44292,39010,6.7,208.2,0,
19.7.2026,0:56:41.143,27874,6037,82.1,14102,17760,44.2,3.5,2048,71,1.244,1.240,1.245,1.245,1.245,1.245,1.245,3941.2,4112.6,4112.6,5140.7,3427.2,3427.2,3427.2,99.8,679.1,1301.4,115.7,826.5,3438.5,783.5,872.8,241.0,175.4,106.0,139.8,76.1,72.7,679.1,13.1,24.9,1.5,16.4,66.5,13.4,17.4,4.4,4.0,2.7,3.3,1.3,1.3,66.5,13.1,17.0,30.2,2.9,21.6,90.1,18.2,22.3,5.1,4.3,2.6,3.5,1.8,1.8,17.0,39.5,41.2,41.2,51.5,34.3,34.3,34.3,0.0,27.4,30.8,82.6,33.6,9.1,5.1,3.3,46.4,69.2,17.4,66.4,90.9,14.0,20.4,26.2,0.0,0.0,0.0,0.0,80.9,76.4,2395.7,24.00,40,39,39,77,116,708,1,71.0,68.5,68.4,58.9,57.5,66.9,61.6,57.8,54.3,55.2,57.0,57.0,65.0,59.0,45.0,44.0,46.0,1.242,1.015,1.100,16.639,8.005,16.639,38.500,6.080,41.378,2.403,2.711,5.099,3.505,2.131,0.487,0.485,20.684,8.125,35.496,40.500,1996.4,2395.7,5147.5,5147.5,5146.8,46.0,22.2,25.7,46.0,80.6,いいえ,いいえ,いいえ,0.468,0.158,1.6,42.0,71.0,40.0,71.0,1.240,12.091,3.440,3.296,5.016,1.064,1.024,3.440,3.328,1.808,1.024,1.120,1.032,1.792,1.096,0.704,1.824,0.256,2002,いいえ,59.2,42.8,1.110,1.110,1.800,1.800,0.990,5.040,0.250,いいえ,いいえ,いいえ,41.5,1.110,1.110,1.800,1.800,0.990,5.040,0.375,いいえ,いいえ,いいえ,37,37,いいえ,はい,15388,14039,128,128,34,100.0,いいえ,いいえ,3868,2528,9990,40,42,50,100.0,100.0,いいえ,いいえ,7032,7744,0.0,0.0,0.0,0.000,0.004,1392,1010,0.0,0.0,0.0,0.000,0.000,181182,133153,0.0,0.1,0.1,0.000,0.165,66320,77711,60.9,0.720,19.000,600.0,2400.0,1200.0,100.0,0.0,0.0,0.0,0.0,0.0,0.0,0.0,0.0,125,2,16.0,86,いいえ,いいえ,いいえ,65.0,68.0,73.8,84.0,1.100,12.224,12.223,12.187,12.263,12.222,1488,1489,150.409,43.501,87.942,19.337,24.996,97.846,9.668,34.596,25.803,47.822,220.000,220.000,2775.0,1281.5,2130.0,2764.5,2235.0,2764.3,1280.8,2225.2,86.0,41.0,1.0,0.0,92.0,25.3,100.0,0.0,1.2,0.0,37,37,はい,いいえ,いいえ,はい,いいえ,いいえ,いいえ,55.7,71.2,0,0,0,0,0,0,0,0,0,0,0,0,0,0,0,0,0,0,0,0,0,0,0,0,0,0,0,0,0,0,980,11302,11026,602,16.0,1.1,1.1,1.1,1.1,1.1,1.1,1.1,1.1,1.1,1.1,1.1,1.1,929.76,929.76,929.76,929.76,929.76,929.76,918.05,11.47,929.40,0.36,883.75,0,0,0.0,0.0,44292,39011,7.1,389.4,0,
19.7.2026,0:56:43.149,27257,6654,80.3,14061,17802,44.1,3.5,2048,71,1.117,1.255,1.090,1.090,1.090,1.090,1.090,4791.4,5040.9,4741.4,4741.4,4741.4,4741.4,4741.4,99.8,809.1,1257.8,331.1,1031.8,3176.0,878.7,966.6,453.6,429.6,313.3,301.0,296.4,273.8,809.1,15.7,23.9,7.4,19.9,62.0,15.3,18.4,8.0,8.5,6.2,5.8,6.6,6.0,62.0,15.7,20.3,29.1,8.5,26.7,83.4,20.5,24.4,10.6,10.7,7.8,7.4,7.4,6.8,20.3,48.0,50.5,47.5,47.5,47.5,47.5,47.5,0.0,28.4,29.4,76.4,33.2,14.2,9.0,7.8,45.9,62.2,23.6,66.8,79.5,20.6,22.6,25.8,8.4,0.0,0.0,6.3,70.4,69.6,2395.7,24.00,40,39,39,77,116,708,1,73.6,69.2,84.0,59.5,57.8,67.0,62.1,58.8,55.2,56.4,57.0,57.0,65.5,59.1,45.0,44.0,46.0,1.232,1.015,1.100,17.382,8.131,17.320,67.000,6.080,42.266,2.646,2.633,5.202,3.747,2.395,0.942,0.956,21.494,8.253,36.435,41.456,1996.4,2395.7,5102.4,5102.4,5136.5,47.1,23.1,44.7,47.1,81.4,いいえ,いいえ,いいえ,1.780,0.813,1.7,43.0,72.5,40.0,72.0,1.280,12.144,3.440,3.312,5.016,1.064,1.024,3.440,3.328,1.808,1.024,1.120,1.032,1.792,1.096,0.704,1.824,0.256,1985,いいえ,59.2,42.8,1.110,1.110,1.800,1.800,0.990,5.040,2.000,いいえ,いいえ,いいえ,41.5,1.110,1.110,1.800,1.800,0.990,5.040,1.625,いいえ,いいえ,いいえ,37,37,いいえ,はい,15388,14039,128,128,34,100.0,いいえ,いいえ,3868,2528,9990,39,41,50,100.0,100.0,いいえ,いいえ,7032,7744,0.0,0.1,0.1,0.000,0.012,1392,1010,0.0,0.0,0.0,0.000,0.000,181182,133153,0.0,0.0,0.0,0.000,0.042,66320,77711,60.8,0.720,55.000,600.0,2400.0,1200.0,100.0,0.0,0.0,0.0,0.0,0.0,0.0,0.0,0.0,125,2,16.0,86,いいえ,いいえ,いいえ,57.8,66.0,68.6,84.0,1.095,12.296,12.308,12.244,12.326,12.307,1503,1503,116.438,19.078,27.448,7.409,16.505,31.148,3.704,20.215,22.967,23.227,220.000,220.000,2775.0,1281.5,2145.0,2766.9,2235.0,2775.4,1280.2,2235.8,0.0,0.0,1.0,0.0,87.5,24.3,96.2,0.0,1.1,0.0,37,37,はい,いいえ,いいえ,はい,いいえ,いいえ,いいえ,21.7,24.4,0,0,0,0,0,0,0,0,0,0,0,0,0,0,0,0,0,0,0,0,0,0,0,0,0,0,0,0,0,0,1538,10744,10468,602,16.0,5.2,15.9,2.5,2.4,2.4,2.4,2.2,2.2,2.2,2.2,2.2,2.2,193.50,403.48,62.76,61.91,409.49,409.49,2.92,52.21,193.45,0.05,79.07,0,0,0.0,0.0,44292,39012,7.0,248.4,0,
19.7.2026,0:56:45.148,28351,5560,83.6,14008,17854,43.9,3.5,2048,71,1.264,1.250,1.265,1.265,1.265,1.265,1.275,4455.3,4112.6,5140.7,4112.6,5140.7,4112.6,4112.6,99.8,2193.3,2617.1,1804.8,3135.9,2412.5,3105.3,2331.4,2091.5,1991.0,1642.8,1719.7,1773.6,1693.6,2193.3,44.2,47.8,36.7,63.5,48.7,62.5,46.8,42.2,40.7,34.0,35.6,36.5,34.8,63.5,44.2,57.0,61.7,47.3,82.6,63.3,81.5,60.9,54.5,52.3,43.4,45.4,46.7,44.7,57.0,44.6,41.2,51.5,41.2,51.5,41.2,41.2,0.0,55.8,54.8,75.4,74.4,49.1,40.0,41.0,33.5,37.2,24.6,25.6,50.9,25.8,36.7,10.8,8.0,0.0,0.0,0.0,34.2,22.3,2395.7,24.00,40,39,39,77,116,708,1,81.4,79.1,70.8,69.0,64.4,74.3,74.8,69.9,63.3,67.1,59.7,59.7,65.5,59.7,45.0,44.0,46.0,1.229,1.015,1.100,27.551,8.608,27.607,60.500,6.096,56.211,4.920,4.296,6.641,6.533,4.913,3.359,3.780,33.674,8.735,49.115,54.843,1996.4,2395.7,5017.9,5017.9,5029.3,62.3,36.8,40.3,62.3,93.1,いいえ,いいえ,いいえ,9.925,4.849,3.3,43.0,81.4,40.0,81.0,1.248,12.091,3.456,3.328,5.040,1.064,1.016,3.440,3.344,1.808,1.024,1.120,1.040,1.792,1.104,0.704,1.824,0.256,2030,いいえ,59.2,43.0,1.110,1.110,1.800,1.800,0.975,5.040,0.250,いいえ,いいえ,いいえ,41.5,1.110,1.110,1.800,1.800,1.005,5.040,0.250,いいえ,いいえ,いいえ,37,37,いいえ,はい,15388,14039,128,128,34,100.0,いいえ,いいえ,3868,2528,9990,40,42,50,100.0,100.0,いいえ,いいえ,7032,7744,0.0,30.8,30.8,0.000,0.004,1392,1010,0.0,0.0,0.0,0.000,0.000,181182,133153,0.0,0.0,0.0,0.000,0.120,66320,77711,61.5,0.720,52.000,600.0,2400.0,1200.0,100.0,0.0,0.0,0.0,0.0,0.0,0.0,0.0,0.0,125,2,16.0,86,いいえ,いいえ,いいえ,55.2,64.0,66.1,84.0,0.940,12.305,12.318,12.253,12.334,12.317,1509,1510,41.061,15.577,19.316,8.228,17.020,23.459,4.114,21.135,15.902,15.443,220.000,220.000,2475.0,1281.5,2010.0,2230.4,2010.0,2476.0,1280.2,2009.5,83.0,17.0,0.0,0.0,86.0,20.3,80.1,0.0,0.9,0.0,37,37,はい,いいえ,いいえ,いいえ,いいえ,はい,いいえ,18.4,20.8,0,0,0,0,0,0,0,0,0,0,0,0,0,0,0,0,0,0,0,0,0,0,0,0,0,0,0,0,0,0,1724,10558,10666,602,16.0,5.2,15.9,2.5,2.4,2.4,2.4,2.2,2.2,2.2,2.2,2.2,2.2,193.50,403.48,62.76,61.91,409.49,409.49,2.92,52.21,193.45,0.05,79.07,0,0,0.0,0.0,44292,39012,7.4,117.4,0,
19.7.2026,0:56:47.150,28075,5836,82.7,13793,18070,43.2,3.5,2048,71,1.245,1.245,1.245,1.245,1.245,1.245,1.245,4055.5,4112.6,5140.7,4112.6,4112.6,3427.2,3427.2,99.8,801.6,2058.2,152.6,1815.1,1656.0,1899.6,890.0,416.7,256.9,106.8,176.1,106.3,84.5,801.6,15.1,39.0,2.8,35.6,31.2,36.5,16.4,6.3,4.8,2.0,3.4,2.0,0.8,39.0,15.1,20.1,50.5,3.7,47.6,42.3,48.6,22.0,8.8,6.1,2.6,4.4,2.5,2.0,20.1,40.6,41.2,51.5,41.2,41.2,34.3,34.3,0.0,32.1,44.2,67.5,55.7,15.0,5.8,4.3,48.8,55.8,32.5,44.3,85.0,37.9,37.0,19.2,0.0,0.0,0.0,0.0,56.3,58.7,2395.7,24.00,40,39,39,77,116,708,1,78.4,69.8,69.8,61.0,60.3,66.7,65.3,60.1,56.4,57.1,58.3,58.3,65.0,59.3,45.0,44.0,46.0,1.250,1.015,1.100,18.357,8.170,18.366,41.500,6.088,44.054,2.947,3.357,4.899,4.522,2.768,1.148,0.989,22.998,8.293,37.987,43.035,1996.4,2395.7,5147.2,5147.2,5145.7,48.9,24.5,27.7,48.9,82.1,いいえ,いいえ,いいえ,0.932,0.589,1.9,43.0,78.6,40.0,78.0,1.288,12.144,3.440,3.312,5.016,1.064,1.016,3.440,3.328,1.808,1.024,1.120,1.032,1.792,1.096,0.704,1.824,0.256,2030,いいえ,59.2,43.0,1.110,1.110,1.800,1.800,0.975,5.040,0.250,いいえ,いいえ,いいえ,41.5,1.110,1.110,1.800,1.800,0.975,5.040,0.250,いいえ,いいえ,いいえ,37,37,いいえ,はい,15388,14039,128,128,34,100.0,いいえ,いいえ,3868,2528,9990,40,42,50,100.0,100.0,いいえ,いいえ,7032,7744,0.0,0.1,0.1,0.000,0.010,1392,1010,0.0,0.0,0.0,0.000,0.000,181182,133153,0.0,0.1,0.1,0.000,0.177,66320,77711,61.4,0.720,17.000,600.0,2400.0,1200.0,100.0,0.0,0.0,0.0,0.0,0.0,0.0,0.0,0.0,125,2,16.0,86,いいえ,いいえ,いいえ,65.5,68.0,74.1,84.0,1.100,12.181,12.177,12.141,12.226,12.178,1499,1499,150.133,72.869,110.672,26.692,30.742,124.288,13.347,44.034,150.874,82.303,220.000,220.000,2775.0,1281.5,2145.0,2764.9,2235.0,2765.4,1280.4,2225.5,84.0,55.0,0.0,2.0,92.0,25.2,100.0,0.0,0.9,0.0,37,37,はい,いいえ,いいえ,はい,いいえ,いいえ,いいえ,70.3,73.7,0,0,0,0,0,0,0,0,0,0,0,0,0,0,0,0,0,0,0,0,0,0,0,0,0,0,0,0,0,0,980,11302,11026,602,16.0,1.0,1.0,1.0,1.0,1.0,1.0,0.0,0.0,0.0,0.0,0.0,0.0,983.25,983.25,983.25,983.25,983.25,983.25,951.40,33.46,982.96,0.28,0.00,0,0,0.0,0.0,44292,39012,6.5,118.9,0,
19.7.2026,0:56:49.151,27947,5964,82.4,13858,18005,43.4,3.5,2048,71,1.239,1.240,1.235,1.240,1.240,1.240,1.240,4283.9,4112.6,4112.6,5140.7,4112.6,4112.6,4112.6,99.8,631.5,967.9,87.7,1161.1,1221.7,2396.4,967.0,256.3,165.7,77.3,137.3,68.9,70.6,631.5,12.1,18.3,1.7,22.7,22.5,46.2,18.6,4.4,3.4,1.5,2.7,1.3,2.1,46.2,12.1,15.9,21.8,2.1,30.3,30.8,62.3,25.1,5.7,4.1,1.9,3.4,1.7,1.7,15.9,42.9,41.2,41.2,51.5,41.2,41.2,41.2,0.0,25.4,23.3,47.0,65.3,9.2,4.5,3.1,47.4,76.7,53.0,34.7,90.8,13.3,16.1,27.2,0.0,0.0,0.0,0.0,82.1,80.8,2395.7,24.00,40,39,39,77,116,708,1,75.9,68.5,65.9,59.1,57.4,63.5,65.2,58.5,54.6,55.5,57.5,57.5,65.5,59.2,45.0,44.0,46.0,1.242,1.015,1.100,15.818,8.113,15.818,44.500,6.089,40.484,2.231,2.368,3.745,4.437,2.033,0.426,0.376,19.654,8.235,34.587,39.588,1996.4,2395.7,5149.3,5149.3,5148.6,45.0,21.1,29.7,45.0,80.5,いいえ,いいえ,いいえ,0.449,0.144,1.5,43.0,75.9,40.0,75.0,1.248,12.091,3.440,3.312,5.016,1.064,1.016,3.440,3.328,1.808,1.024,1.120,1.032,1.792,1.096,0.704,1.824,0.256,2039,いいえ,59.2,43.0,1.110,1.110,1.800,1.800,0.975,5.040,0.375,いいえ,いいえ,いいえ,41.5,1.110,1.110,1.800,1.800,0.975,5.040,0.250,いいえ,いいえ,いいえ,37,37,いいえ,はい,15388,14039,128,128,34,100.0,いいえ,いいえ,3868,2528,9990,40,42,50,100.0,100.0,いいえ,いいえ,7032,7744,0.0,0.0,0.0,0.000,0.002,1392,1010,0.0,0.0,0.0,0.000,0.000,181182,133153,0.0,0.0,0.0,0.000,0.043,66320,77712,61.2,0.720,16.000,600.0,2400.0,1200.0,100.0,0.0,0.0,0.0,0.0,0.0,0.0,0.0,0.0,125,2,16.0,86,いいえ,いいえ,いいえ,66.9,68.0,75.7,84.0,1.100,12.185,12.178,12.151,12.231,12.179,1497,1497,148.944,61.650,111.676,24.721,29.174,124.258,12.362,41.477,60.268,89.266,220.000,220.000,2775.0,1281.5,2145.0,2764.3,2235.0,2762.2,1279.7,2227.1,93.0,44.0,1.0,0.0,92.0,25.2,100.0,0.0,0.8,0.0,37,37,はい,いいえ,いいえ,はい,いいえ,いいえ,いいえ,69.6,67.4,0,0,0,0,0,0,0,0,0,0,0,0,0,0,0,0,0,0,0,0,0,0,0,0,0,0,0,0,0,0,980,11302,11026,602,16.0,6.7,6.7,6.7,6.7,6.7,6.7,0.0,0.0,0.0,0.0,0.0,0.0,149.82,149.82,149.82,149.82,149.82,149.82,1.29,122.22,149.76,0.06,0.00,0,0,0.0,0.0,44292,39012,6.3,139.5,0,
19.7.2026,0:56:51.161,27877,6034,82.2,13952,17911,43.7,3.5,2048,71,1.243,1.240,1.245,1.245,1.245,1.240,1.240,4055.5,4112.6,4112.6,5140.7,4112.6,3427.2,3427.2,99.8,649.1,1172.8,70.9,669.1,1409.1,2163.4,1511.2,284.8,166.3,88.5,123.5,62.4,67.8,649.1,12.6,23.2,1.6,13.4,25.8,41.9,29.4,5.3,3.7,2.0,2.6,1.4,1.5,41.9,12.6,16.4,27.4,1.7,17.3,35.3,56.4,39.5,6.5,4.1,2.2,3.1,1.5,1.7,16.4,40.6,41.2,41.2,51.5,41.2,34.3,34.3,0.0,26.4,28.1,41.7,71.2,10.1,4.2,2.8,45.8,71.9,58.3,28.8,89.9,12.3,13.5,27.9,0.0,0.0,0.0,0.0,83.5,83.6,2395.7,24.00,40,39,39,77,116,708,1,74.0,68.4,67.4,59.1,57.6,62.9,65.8,58.5,54.2,55.3,57.4,57.4,65.2,59.2,45.0,44.0,46.0,1.240,1.015,1.100,16.339,8.141,16.331,39.500,6.062,41.088,2.285,2.561,3.658,4.693,2.102,0.365,0.328,20.270,8.263,35.201,40.192,1996.4,2395.7,5145.4,5145.4,5147.3,45.7,21.8,26.3,45.7,80.4,いいえ,いいえ,いいえ,0.445,0.153,1.6,43.0,74.1,40.0,74.0,1.248,12.038,3.440,3.296,5.016,1.064,1.016,3.440,3.328,1.808,1.024,1.120,1.032,1.792,1.096,0.704,1.824,0.256,2045,いいえ,59.2,43.0,1.110,1.110,1.800,1.800,0.975,5.040,0.250,いいえ,いいえ,いいえ,41.5,1.110,1.110,1.800,1.800,0.975,5.040,0.250,いいえ,いいえ,いいえ,37,37,いいえ,はい,15388,14039,128,128,34,100.0,いいえ,いいえ,3868,2528,9990,40,42,50,100.0,100.0,いいえ,いいえ,7032,7744,0.0,0.0,0.0,0.000,0.004,1392,1010,0.0,0.0,0.0,0.000,0.000,181182,133153,0.0,0.0,0.0,0.000,0.024,66320,77712,61.1,0.720,20.000,600.0,2400.0,1200.0,100.0,0.0,0.0,0.0,0.0,0.0,0.0,0.0,0.0,125,2,16.0,86,いいえ,いいえ,いいえ,67.6,70.0,77.2,84.0,1.100,12.212,12.210,12.170,12.256,12.211,1499,1497,146.798,56.897,92.913,22.173,27.322,104.234,11.088,38.355,102.654,56.438,220.000,220.000,2775.0,1281.5,2145.0,2764.1,2235.0,2768.2,1280.5,2226.9,94.0,56.0,1.0,0.0,92.0,25.1,100.0,0.0,0.5,0.0,37,37,はい,いいえ,いいえ,はい,いいえ,いいえ,いいえ,59.7,90.4,0,0,0,0,0,0,0,0,0,0,0,0,0,0,0,0,0,0,0,0,0,0,0,0,0,0,0,0,0,0,980,11302,11026,602,16.0,2.6,14.5,1.4,1.4,1.4,1.4,0.0,0.0,0.0,0.0,0.0,0.0,387.28,705.51,69.04,63.20,712.01,712.01,1.51,69.38,387.23,0.05,0.00,0,0,0.0,0.0,44292,39013,5.6,96.6,0,
19.7.2026,0:56:53.158,27868,6043,82.1,13954,17909,43.7,3.5,2048,71,1.240,1.240,1.240,1.240,1.240,1.240,1.240,4169.7,4112.6,4112.6,5140.7,4112.6,3427.2,4112.6,99.8,648.9,1130.3,119.8,537.7,1082.4,528.1,3645.2,264.5,161.0,50.3,157.8,55.9,53.3,648.9,12.4,21.4,2.5,10.7,19.2,9.2,71.3,4.8,3.4,1.0,3.3,1.1,1.2,71.3,12.4,16.3,25.5,3.0,13.8,26.3,12.8,96.1,6.1,4.0,1.2,4.0,1.3,1.3,16.3,41.8,41.2,41.2,51.5,41.2,34.3,41.2,0.0,26.0,27.0,32.8,80.0,9.3,4.4,2.4,46.4,73.0,67.2,20.0,90.7,12.9,14.6,27.6,0.0,0.0,0.0,0.0,82.7,83.0,2395.7,24.00,40,39,39,77,116,708,1,72.8,68.3,65.4,59.0,57.6,61.9,66.6,58.6,54.3,55.2,57.4,57.4,65.0,59.3,45.0,44.0,46.1,1.241,1.015,1.100,16.257,8.030,16.265,39.000,6.057,40.937,2.283,2.533,3.344,4.999,2.095,0.396,0.331,20.191,8.151,35.004,40.012,1996.4,2395.7,5147.6,5147.6,5148.4,45.5,21.7,26.0,45.5,80.4,いいえ,いいえ,いいえ,0.361,0.137,1.6,43.0,72.8,40.0,72.0,1.248,12.091,3.440,3.296,5.016,1.064,1.016,3.440,3.328,1.808,1.024,1.120,1.032,1.792,1.096,0.696,1.824,0.256,2027,いいえ,59.2,43.0,1.110,1.110,1.800,1.800,0.975,5.040,0.625,いいえ,いいえ,いいえ,41.5,1.110,1.110,1.800,1.800,0.975,5.040,0.500,いいえ,いいえ,いいえ,37,37,いいえ,はい,15388,14039,128,128,34,100.0,いいえ,いいえ,3868,2528,9990,40,42,50,100.0,100.0,いいえ,いいえ,7032,7744,0.0,0.1,0.1,0.000,0.006,1392,1010,0.0,0.0,0.0,0.000,0.000,181182,133153,0.0,0.0,0.0,0.000,0.034,66320,77712,61.1,0.720,16.000,600.0,2400.0,1200.0,100.0,0.0,0.0,0.0,0.0,0.0,0.0,0.0,0.0,125,2,16.0,86,いいえ,いいえ,いいえ,66.4,70.0,75.3,84.0,1.100,12.178,12.175,12.136,12.225,12.175,1499,1497,148.346,70.680,106.604,26.834,30.825,120.219,13.417,44.204,127.885,95.454,220.000,220.000,2775.0,1281.5,2145.0,2764.9,2235.0,2760.0,1279.9,2223.2,94.0,58.0,0.0,0.0,92.0,25.2,100.0,0.0,0.7,0.0,37,37,はい,いいえ,いいえ,はい,いいえ,いいえ,いいえ,68.5,52.2,0,0,0,0,0,0,0,0,0,0,0,0,0,0,0,0,0,0,0,0,0,0,0,0,0,0,0,0,0,0,980,11302,11026,601,16.0,1.0,1.0,1.0,1.0,1.0,1.0,0.0,0.0,0.0,0.0,0.0,0.0,1009.93,1009.93,1009.93,1009.93,1009.93,1009.93,997.90,5.77,1009.63,0.29,0.00,0,0,0.0,0.0,44292,39013,5.8,211.1,0,
19.7.2026,0:56:55.168,27867,6044,82.1,14000,17863,43.9,3.5,2048,71,1.240,1.240,1.240,1.240,1.240,1.240,1.240,3827.0,4112.6,5140.7,3427.2,3427.2,3427.2,3427.2,99.8,643.5,1073.8,82.2,1679.7,1089.6,567.8,2448.8,265.3,150.0,65.3,174.2,54.2,71.1,643.5,12.4,20.7,1.8,33.1,20.4,9.6,47.9,4.8,3.3,1.4,3.7,1.2,1.6,47.9,12.4,16.2,24.5,2.0,44.1,27.6,13.1,64.2,6.0,3.7,1.6,4.4,1.3,1.8,16.2,38.3,41.2,51.5,34.3,34.3,34.3,34.3,0.0,26.0,25.9,54.5,58.8,9.1,5.0,2.7,47.4,74.1,45.5,41.2,90.9,15.2,17.2,26.7,0.0,0.0,0.0,0.0,79.9,80.1,2395.7,24.00,40,39,39,77,116,708,1,71.8,68.2,68.4,58.9,57.3,64.0,64.2,58.2,54.4,55.2,57.3,57.3,65.5,59.1,45.0,44.0,46.2,1.241,1.015,1.100,16.075,8.037,16.071,40.000,6.058,40.640,2.277,2.480,4.014,4.253,2.051,0.480,0.384,19.954,8.157,34.776,39.770,1996.4,2395.7,5149.0,5149.0,5148.3,45.2,21.4,26.7,45.2,80.2,いいえ,いいえ,いいえ,0.402,0.143,1.6,43.0,71.9,40.0,71.0,1.248,12.091,3.440,3.296,5.016,1.064,1.016,3.440,3.328,1.808,1.024,1.120,1.032,1.792,1.096,0.696,1.824,0.256,2042,いいえ,59.2,43.0,1.110,1.110,1.800,1.800,0.975,5.040,0.250,いいえ,いいえ,いいえ,41.5,1.110,1.110,1.800,1.800,0.975,5.040,0.250,いいえ,いいえ,いいえ,37,37,いいえ,はい,15388,14039,128,128,34,100.0,いいえ,いいえ,3868,2528,9990,40,42,50,100.0,100.0,いいえ,いいえ,7032,7744,0.0,0.0,0.0,0.000,0.004,1392,1010,0.0,0.0,0.0,0.000,0.000,181182,133153,0.0,0.0,0.0,0.000,0.012,66320,77712,61.1,0.720,16.000,600.0,2400.0,1200.0,100.0,0.0,0.0,0.0,0.0,0.0,0.0,0.0,0.0,125,2,16.0,86,いいえ,いいえ,いいえ,68.0,70.0,77.3,84.0,1.100,12.173,12.167,12.135,12.220,12.168,1499,1501,152.023,60.519,116.609,27.547,31.405,130.598,13.774,45.147,26.328,92.743,220.000,220.000,2775.0,1281.5,2145.0,2764.4,2235.0,2769.4,1280.2,2224.9,89.0,51.0,1.0,0.0,92.0,25.3,100.0,0.0,1.2,0.0,37,37,はい,いいえ,いいえ,はい,いいえ,いいえ,いいえ,73.5,70.4,0,0,0,0,0,0,0,0,0,0,0,0,0,0,0,0,0,0,0,0,0,0,0,0,0,0,0,0,0,0,980,11302,11026,601,16.0,2.0,2.1,1.9,1.9,1.9,1.9,2.0,2.1,1.9,1.9,1.9,1.9,502.01,516.49,487.53,487.27,516.79,516.79,1.78,83.78,502.01,0.00,250.02,0,0,0.0,0.0,44292,39014,6.4,263.3,0,
19.7.2026,0:56:57.168,27868,6043,82.1,14051,17812,44.0,3.5,2048,71,1.240,1.240,1.240,1.240,1.240,1.240,1.240,3827.0,3427.2,5140.7,4112.6,3427.2,3427.2,3427.2,99.8,648.2,1070.3,98.6,2876.1,1090.4,1025.4,850.0,269.2,140.0,62.6,164.8,60.9,70.3,648.2,12.1,20.4,1.6,56.1,20.7,18.5,15.9,4.2,2.4,0.7,2.9,0.7,1.0,56.1,12.1,16.3,24.6,2.4,75.7,27.9,25.1,21.7,6.0,3.4,1.5,4.1,1.4,1.7,16.3,38.3,34.3,51.5,41.2,34.3,34.3,34.3,0.0,26.1,25.8,76.9,37.6,8.8,4.7,2.9,48.2,74.1,23.1,62.4,91.2,18.5,19.8,25.7,0.1,0.0,0.0,0.0,76.8,77.3,2395.7,24.00,40,39,39,77,116,708,1,71.2,68.4,68.4,58.9,57.4,66.4,62.1,57.9,54.6,55.3,57.3,57.3,65.8,59.2,45.0,44.0,46.3,1.241,1.015,1.100,16.233,8.130,16.239,44.500,6.102,41.069,2.302,2.457,4.846,3.494,2.042,0.535,0.441,20.160,8.252,35.124,40.132,1996.4,2395.7,5147.5,5147.5,5147.2,45.6,21.7,29.7,45.6,80.5,いいえ,いいえ,いいえ,0.461,0.151,1.6,43.0,71.4,40.0,71.0,1.248,12.038,3.456,3.296,5.016,1.064,1.016,3.440,3.328,1.808,1.024,1.120,1.032,1.792,1.096,0.696,1.824,0.256,2042,いいえ,59.2,43.0,1.110,1.110,1.800,1.800,1.005,5.040,0.250,いいえ,いいえ,いいえ,41.5,1.110,1.110,1.800,1.800,1.005,5.040,0.500,いいえ,いいえ,いいえ,37,37,いいえ,はい,15388,14039,128,128,34,100.0,いいえ,いいえ,3868,2528,9990,40,42,50,100.0,100.0,いいえ,いいえ,7032,7744,0.0,0.1,0.1,0.000,0.010,1392,1010,0.0,0.0,0.0,0.000,0.000,181182,133153,0.0,0.1,0.1,0.000,0.134,66320,77712,61.1,0.720,42.000,600.0,2400.0,1200.0,100.0,0.0,0.0,0.0,0.0,0.0,0.0,0.0,0.0,125,2,16.0,86,いいえ,いいえ,いいえ,68.6,68.0,78.0,84.0,1.100,12.173,12.163,12.147,12.219,12.164,1507,1506,148.241,72.066,117.670,23.693,28.315,129.718,11.848,40.121,137.193,87.967,220.000,220.000,2775.0,1281.5,2145.0,2764.6,2235.0,2766.6,1280.2,2225.1,90.0,47.0,0.0,0.0,92.0,25.3,100.0,0.0,1.2,0.0,38,38,はい,いいえ,いいえ,はい,いいえ,いいえ,いいえ,71.7,68.8,0,0,0,0,0,0,0,0,0,0,0,0,0,0,0,0,0,0,0,0,0,0,0,0,0,0,0,0,0,0,980,11302,11026,601,16.0,1.9,1.9,1.9,1.9,1.9,1.9,1.9,1.9,1.9,1.9,1.9,1.9,514.73,514.73,514.73,514.73,514.73,514.73,506.42,8.41,514.50,0.23,29.66,0,0,0.0,0.0,44292,39014,8.7,275.1,0,
19.7.2026,0:56:59.167,27858,6053,82.1,14088,17775,44.2,3.5,2048,71,1.240,1.240,1.240,1.240,1.240,1.240,1.240,3941.2,4112.6,5140.7,4112.6,3427.2,3427.2,3427.2,99.8,669.8,1252.7,130.3,2574.8,1692.9,1039.2,577.3,268.0,159.1,76.9,124.8,69.7,72.4,669.8,12.9,24.3,2.6,50.5,32.3,19.3,11.0,5.1,3.2,1.4,2.4,1.3,1.3,50.5,12.9,16.8,28.8,3.3,67.8,44.0,25.0,14.4,5.9,3.9,1.9,3.1,1.7,1.8,16.8,39.5,41.2,51.5,41.2,34.3,34.3,34.3,0.0,27.0,29.5,82.7,33.2,9.4,4.3,3.1,46.2,70.5,17.2,66.8,90.6,12.1,20.3,26.7,0.0,0.1,0.0,0.0,83.6,76.6,2395.7,24.00,40,39,39,77,116,708,1,71.0,68.6,67.4,59.1,57.9,67.2,61.7,58.1,54.4,55.4,57.4,57.4,66.0,59.1,45.0,44.0,46.4,1.242,1.015,1.100,16.624,8.118,16.622,38.000,6.095,41.502,2.361,2.668,5.077,3.430,2.125,0.395,0.471,20.660,8.240,35.604,40.605,1996.4,2395.7,5146.5,5146.5,5146.9,46.1,22.2,25.3,46.1,80.7,いいえ,いいえ,いいえ,0.438,0.165,1.6,43.0,71.1,40.0,71.0,1.240,12.091,3.440,3.296,5.016,1.064,1.016,3.440,3.328,1.808,1.024,1.120,1.032,1.792,1.096,0.696,1.824,0.256,2033,いいえ,59.2,43.0,1.110,1.110,1.800,1.800,1.005,5.040,0.250,いいえ,いいえ,いいえ,41.5,1.110,1.110,1.800,1.800,1.005,5.040,0.250,いいえ,いいえ,いいえ,37,37,いいえ,はい,15388,14039,128,128,34,100.0,いいえ,いいえ,3868,2528,9990,40,42,50,100.0,100.0,いいえ,いいえ,7032,7744,0.0,0.0,0.0,0.000,0.006,1392,1010,0.0,0.0,0.0,0.000,0.000,181182,133153,0.0,0.0,0.0,0.000,0.002,66320,77712,61.1,0.720,36.000,600.0,2400.0,1200.0,100.0,0.0,0.0,0.0,0.0,0.0,0.0,0.0,0.0,125,2,16.0,86,いいえ,いいえ,いいえ,68.1,70.0,77.3,84.0,1.100,12.187,12.183,12.147,12.232,12.184,1511,1512,136.796,65.968,107.283,26.437,30.526,120.744,13.220,43.693,97.239,88.602,220.000,220.000,2775.0,1281.5,2145.0,2765.2,2235.0,2762.9,1279.6,2225.3,93.0,62.0,1.0,0.0,92.0,25.2,100.0,0.0,0.8,0.0,38,38,はい,いいえ,いいえ,はい,いいえ,いいえ,いいえ,68.6,69.0,0,0,0,0,0,0,0,0,0,0,0,0,0,0,0,0,0,0,0,0,0,0,0,0,0,0,0,0,0,0,980,11302,11026,601,16.0,2.0,2.0,2.0,2.0,2.0,2.0,2.1,2.1,2.1,2.1,2.1,2.1,499.38,499.38,499.38,499.38,499.38,499.38,493.79,5.61,499.14,0.24,11.55,0,0,0.0,0.0,44292,39014,6.7,214.8,0,
19.7.2026,0:57:1.176,27200,6711,80.2,14029,17834,44.0,3.5,2048,71,1.192,1.175,1.195,1.195,1.195,1.195,1.195,4150.8,5140.7,3294.1,4941.1,3294.1,4941.1,3294.1,99.8,651.2,1221.6,143.6,981.7,2790.9,1038.9,696.7,255.2,226.5,98.0,164.5,86.7,110.6,651.2,12.6,23.2,3.6,19.6,53.6,18.7,13.2,4.2,5.4,2.6,3.2,1.6,2.2,53.6,12.6,16.3,28.3,3.6,25.6,73.1,25.1,17.6,5.6,5.7,2.4,4.1,2.1,2.8,16.3,41.6,51.5,33.0,49.5,33.0,49.5,33.0,0.0,25.8,28.7,72.9,34.7,10.2,4.7,3.9,46.3,65.0,27.1,65.3,83.8,16.9,19.6,27.9,6.3,0.0,0.0,6.1,78.3,76.6,2395.7,24.00,40,39,39,77,116,708,1,71.5,68.5,69.9,59.0,57.8,66.1,62.0,58.1,54.6,55.4,57.4,57.4,66.0,59.2,45.0,44.0,46.6,1.235,1.015,1.100,16.086,8.094,16.058,63.500,6.081,40.582,2.347,2.579,4.724,3.644,2.085,0.537,0.514,19.932,8.216,34.837,39.822,1996.4,2395.7,5120.4,5120.4,5143.4,45.3,21.4,42.3,45.3,80.6,いいえ,いいえ,いいえ,0.664,0.359,1.6,43.0,71.5,40.0,71.0,1.256,12.144,3.440,3.328,5.040,1.064,1.016,3.440,3.328,1.808,1.024,1.120,1.040,1.792,1.096,0.696,1.824,0.256,2027,いいえ,59.2,43.0,1.095,1.110,1.800,1.800,1.005,5.040,2.000,いいえ,いいえ,いいえ,41.8,1.110,1.110,1.800,1.800,1.005,5.040,0.250,いいえ,いいえ,いいえ,37,37,いいえ,はい,15388,14039,128,128,34,100.0,いいえ,いいえ,3868,2528,9990,40,42,50,100.0,100.0,いいえ,いいえ,7032,7744,0.0,0.0,0.0,0.000,0.004,1392,1010,0.0,0.0,0.0,0.000,0.000,181182,133153,0.0,0.1,0.1,0.000,0.092,66320,77712,61.1,0.720,52.000,600.0,2400.0,1200.0,100.0,0.0,0.0,0.0,0.0,0.0,0.0,0.0,0.0,125,2,16.0,86,いいえ,いいえ,いいえ,58.7,66.0,69.2,84.0,1.095,12.305,12.314,12.256,12.334,12.316,1518,1521,150.392,19.374,27.927,7.635,16.546,31.736,3.818,20.365,23.447,23.520,220.000,220.000,2775.0,1281.5,2145.0,2764.3,2235.0,2775.3,1280.1,2235.8,4.0,1.0,1.0,0.0,87.5,25.3,100.0,0.0,1.2,0.0,38,38,はい,いいえ,いいえ,はい,いいえ,いいえ,いいえ,22.0,23.4,0,0,0,0,0,0,0,0,0,0,0,0,0,0,0,0,0,0,0,0,0,0,0,0,0,0,0,0,0,0,1538,10744,10468,601,16.0,2.0,2.0,2.0,2.0,2.0,2.0,2.0,2.1,1.9,1.9,1.9,1.9,496.27,502.79,489.75,489.63,502.92,502.92,481.86,6.37,495.99,0.28,263.54,0,0,0.0,0.0,44292,39015,7.3,276.2,0,
19.7.2026,0:57:3.175,19472,14438,57.4,13785,18077,43.2,3.5,2048,71,1.223,1.265,1.215,1.215,1.215,1.215,1.215,4782.2,4112.6,4916.1,4916.1,4916.1,4916.1,4916.1,99.8,2313.0,2624.6,1986.1,2419.1,3258.8,2957.0,2779.1,2213.9,2101.2,1853.3,1793.6,1877.5,1891.4,2313.0,46.8,47.6,40.5,49.0,66.2,59.7,56.1,44.9,42.9,38.3,37.4,39.1,39.3,66.2,46.8,60.1,61.7,52.2,63.5,85.7,77.6,72.9,57.7,55.1,48.7,47.1,49.3,49.7,60.1,47.9,41.2,49.2,49.2,49.2,49.2,49.2,0.0,57.6,54.5,75.7,77.0,51.0,42.9,44.3,32.4,37.9,24.3,23.0,49.0,30.4,29.9,10.0,7.6,0.0,0.0,0.0,26.8,25.8,2395.7,24.00,40,39,39,77,116,708,1,82.1,80.0,78.6,69.8,65.3,75.1,75.8,70.6,64.1,67.8,59.9,59.9,66.0,59.8,45.0,44.0,46.9,1.232,1.015,1.100,28.747,8.653,28.755,68.500,6.091,57.777,5.160,4.503,6.836,6.926,5.044,3.687,3.963,35.218,8.781,50.700,56.419,1996.4,2395.7,5014.1,5014.1,5028.9,64.1,38.3,45.7,64.1,94.2,いいえ,いいえ,いいえ,10.548,5.149,3.5,43.0,82.9,40.0,82.0,1.256,12.144,3.440,3.328,5.040,1.064,1.016,3.440,3.328,1.808,1.024,1.120,1.040,1.792,1.096,0.696,1.824,0.256,2042,いいえ,59.2,43.2,1.095,1.110,1.800,1.800,1.005,5.040,0.250,いいえ,いいえ,いいえ,41.8,1.095,1.110,1.800,1.800,1.005,5.040,0.250,いいえ,いいえ,いいえ,37,37,いいえ,はい,15388,14039,128,128,34,100.0,いいえ,いいえ,3868,2528,9990,40,42,50,100.0,100.0,いいえ,いいえ,7032,7744,0.0,0.1,0.1,0.000,0.012,1392,1010,0.0,0.0,0.0,0.000,0.000,181182,133153,0.0,0.0,0.0,0.000,0.040,66320,77712,61.7,0.720,18.000,600.0,2400.0,1200.0,100.0,0.0,0.0,0.0,0.0,0.0,0.0,0.0,0.0,125,2,16.0,86,いいえ,いいえ,いいえ,55.8,66.0,66.2,84.0,0.925,12.324,12.336,12.275,12.350,12.336,1526,1525,34.256,10.744,10.018,4.293,14.005,12.165,2.147,16.155,13.297,13.871,220.000,220.000,705.0,625.2,1995.0,2495.0,1995.0,705.1,624.6,1992.5,9.0,2.0,2.0,2.0,25.8,21.1,83.4,0.0,1.0,0.0,37,38,はい,いいえ,いいえ,いいえ,いいえ,はい,いいえ,11.9,20.6,0,0,0,0,0,0,0,0,0,0,0,0,0,0,0,0,0,0,0,0,0,0,0,0,0,0,0,0,0,0,9114,3168,2854,602,16.0,2.0,2.0,2.0,2.0,2.0,2.0,2.0,2.1,1.9,1.9,1.9,1.9,496.27,502.79,489.75,489.63,502.92,502.92,481.86,6.37,495.99,0.28,263.54,0,0,0.0,0.0,44293,39015,6.6,230.8,0,
19.7.2026,0:57:5.166,28136,5774,82.9,13747,18116,43.1,3.5,2048,71,1.245,1.245,1.245,1.245,1.245,1.245,1.245,4283.9,4112.6,5140.7,4112.6,4112.6,4112.6,4112.6,99.8,753.9,1628.1,191.1,481.9,3136.0,837.1,1652.1,405.2,268.3,105.6,171.9,86.5,82.6,753.9,14.2,29.7,3.5,9.4,61.0,15.4,31.4,6.7,5.1,2.0,3.4,1.6,1.6,61.0,14.2,18.8,37.8,4.6,12.4,82.0,20.2,42.2,9.0,6.5,2.6,4.3,2.0,2.0,18.8,42.9,41.2,51.5,41.2,41.2,41.2,41.2,0.0,30.2,35.8,71.2,49.9,15.1,5.4,3.8,50.6,64.2,28.8,50.1,84.9,31.0,44.7,19.2,0.0,0.0,0.0,0.0,63.6,51.5,2395.7,24.00,40,39,39,77,116,708,1,79.1,70.4,69.8,61.3,59.8,67.9,65.3,60.5,56.4,57.8,58.6,58.6,65.2,59.5,45.0,44.0,47.0,1.248,1.015,1.100,18.086,8.012,18.099,41.500,6.073,43.473,2.839,3.064,5.020,4.323,2.686,0.915,1.029,22.607,8.132,37.419,42.478,1996.4,2395.7,5141.0,5141.0,5141.6,48.3,24.1,27.7,48.3,82.8,いいえ,いいえ,いいえ,1.031,0.629,1.8,43.0,79.2,40.0,79.0,1.288,12.144,3.440,3.296,5.016,1.064,1.016,3.440,3.344,1.808,1.024,1.120,1.032,1.792,1.096,0.696,1.824,0.256,2036,いいえ,59.2,43.2,1.095,1.110,1.800,1.800,1.005,5.040,0.250,いいえ,いいえ,いいえ,41.8,1.095,1.110,1.815,1.800,1.005,5.040,0.375,いいえ,いいえ,いいえ,37,37,いいえ,はい,15388,14039,128,128,34,100.0,いいえ,いいえ,3868,2528,9990,40,42,50,100.0,100.0,いいえ,いいえ,7032,7744,0.0,0.0,0.0,0.000,0.000,1392,1010,0.0,0.0,0.0,0.000,0.000,181182,133153,0.0,0.0,0.0,0.000,0.010,66320,77712,61.7,0.720,42.000,600.0,2400.0,1200.0,100.0,0.0,0.0,0.0,0.0,0.0,0.0,0.0,0.0,125,2,16.0,86,いいえ,いいえ,いいえ,60.2,68.0,69.4,84.0,1.095,12.284,12.288,12.242,12.316,12.290,1512,1510,148.692,26.757,48.032,10.617,18.767,53.427,5.309,24.042,25.666,28.194,220.000,220.000,2775.0,1281.5,2145.0,2757.5,2235.0,2775.6,1280.0,2234.6,89.0,48.0,0.0,0.0,92.0,25.2,100.0,0.0,0.7,0.0,37,37,はい,いいえ,いいえ,はい,いいえ,いいえ,いいえ,32.8,26.1,0,0,0,0,0,0,0,0,0,0,0,0,0,0,0,0,0,0,0,0,0,0,0,0,0,0,0,0,0,0,980,11302,11026,602,16.0,3.4,16.1,1.9,1.9,1.9,1.9,0.0,0.0,0.0,0.0,0.0,0.0,297.74,533.42,62.07,57.74,538.23,538.23,3.15,39.39,297.68,0.07,0.00,0,0,0.0,0.0,44293,39016,5.7,104.3,0,
19.7.2026,0:57:7.179,27937,5974,82.3,13829,18034,43.4,3.5,2048,71,1.240,1.240,1.240,1.240,1.240,1.240,1.240,4055.5,4112.6,4112.6,5140.7,4112.6,3427.2,3427.2,99.8,679.2,1380.1,89.5,646.7,3628.2,711.7,876.1,277.6,201.7,94.5,121.6,55.4,67.0,679.2,12.8,26.5,1.6,12.3,70.5,12.2,16.2,4.2,4.1,1.8,2.2,0.8,1.1,70.5,12.8,17.1,33.0,2.2,16.9,95.5,16.4,21.9,5.9,5.0,2.3,3.0,1.3,1.6,17.1,40.6,41.2,41.2,51.5,41.2,34.3,34.3,0.0,27.5,31.5,83.1,32.5,10.7,4.5,2.7,47.3,68.4,16.9,67.5,89.3,17.0,24.8,25.2,0.0,0.0,0.0,0.0,78.4,72.5,2395.7,24.00,40,39,39,77,116,708,1,76.5,69.2,65.9,59.8,58.7,67.9,62.3,58.9,55.2,56.1,58.0,58.0,65.5,59.6,45.0,44.0,47.0,1.246,1.015,1.100,16.771,7.958,16.778,42.000,6.101,41.694,2.458,2.749,5.174,3.461,2.241,0.547,0.574,20.923,8.077,35.711,40.731,1996.4,2395.7,5150.4,5150.4,5148.8,46.3,22.4,28.0,46.3,81.4,いいえ,いいえ,いいえ,0.633,0.242,1.6,43.0,76.6,40.0,76.0,1.240,12.091,3.440,3.296,5.016,1.064,1.016,3.440,3.328,1.808,1.024,1.120,1.032,1.792,1.096,0.696,1.824,0.256,2039,いいえ,59.2,43.2,1.095,1.110,1.800,1.800,1.005,5.040,0.250,いいえ,いいえ,いいえ,41.8,1.095,1.110,1.800,1.815,1.005,5.040,0.375,いいえ,いいえ,いいえ,37,37,いいえ,はい,15388,14039,128,128,34,100.0,いいえ,いいえ,3868,2528,9990,40,42,51,100.0,100.0,いいえ,いいえ,7032,7744,0.0,0.1,0.1,0.000,0.008,1392,1010,0.0,0.0,0.0,0.000,0.000,181182,133153,0.0,0.0,0.0,0.000,0.239,66320,77713,61.6,0.720,17.000,600.0,2400.0,1200.0,100.0,0.0,0.0,0.0,0.0,0.0,0.0,0.0,0.0,125,2,16.0,86,いいえ,いいえ,いいえ,68.3,68.0,77.5,84.0,1.100,12.176,12.162,12.156,12.223,12.163,1507,1508,149.557,70.591,119.751,21.844,26.766,130.819,10.923,37.650,116.390,100.585,220.000,220.000,2775.0,1281.5,2130.0,2764.2,2235.0,2768.5,1280.3,2226.6,96.0,36.0,1.0,0.0,92.0,25.2,100.0,0.0,1.0,0.0,37,37,はい,いいえ,いいえ,はい,いいえ,いいえ,いいえ,71.5,69.8,0,0,0,0,0,0,0,0,0,0,0,0,0,0,0,0,0,0,0,0,0,0,0,0,0,0,0,0,0,0,980,11302,11026,602,16.0,1.2,1.2,1.2,1.2,1.2,1.2,1.2,1.2,1.2,1.2,1.2,1.2,842.57,842.57,842.57,842.57,842.57,842.57,830.83,10.24,842.33,0.24,682.04,0,0,0.0,0.0,44293,39016,6.6,157.2,0,
19.7.2026,0:57:9.180,27851,6060,82.1,13929,17934,43.7,3.5,2048,71,1.245,1.245,1.245,1.245,1.245,1.245,1.245,4055.5,4112.6,4112.6,5140.7,4112.6,3427.2,3427.2,99.8,659.9,1190.4,96.9,1068.1,1032.8,2615.0,1085.7,283.4,156.4,101.7,153.5,64.1,70.8,659.9,12.7,23.2,2.0,21.4,18.2,50.7,20.9,5.0,3.3,2.2,3.2,1.3,1.5,50.7,12.7,16.6,27.6,2.4,27.8,25.2,68.1,28.2,6.3,3.8,2.5,3.8,1.5,1.7,16.6,40.6,41.2,41.2,51.5,41.2,34.3,34.3,0.0,26.8,28.5,42.0,72.1,9.8,5.4,3.0,46.4,71.5,58.0,27.9,90.2,13.4,17.3,26.8,0.0,0.0,0.0,0.0,81.2,79.8,2395.7,24.00,40,39,39,77,116,708,1,74.6,68.7,69.4,59.4,58.0,63.2,66.1,58.8,54.7,55.6,57.7,57.7,65.8,59.4,45.0,44.0,47.0,1.242,1.015,1.100,16.226,8.036,16.223,38.000,6.087,40.873,2.350,2.612,3.690,4.789,2.136,0.462,0.408,20.160,8.157,35.012,40.011,1996.4,2395.7,5146.1,5146.1,5147.1,45.5,21.6,25.3,45.5,80.8,いいえ,いいえ,いいえ,0.488,0.161,1.6,43.0,74.6,40.0,74.0,1.272,12.144,3.440,3.312,5.040,1.064,1.016,3.440,3.328,1.808,1.024,1.120,1.032,1.792,1.096,0.696,1.824,0.256,2039,いいえ,60.1,43.2,1.095,1.110,1.800,1.800,1.005,5.040,0.500,いいえ,いいえ,いいえ,41.8,1.095,1.110,1.800,1.800,1.005,5.040,0.250,いいえ,いいえ,いいえ,37,37,いいえ,はい,15388,14039,128,128,34,100.0,いいえ,いいえ,3868,2528,9990,40,42,50,100.0,100.0,いいえ,いいえ,7032,7744,0.0,0.0,0.0,0.000,0.002,1392,1010,0.0,0.0,0.0,0.000,0.000,181182,133153,0.0,0.0,0.0,0.000,0.032,66320,77713,61.5,0.720,18.000,600.0,2400.0,1200.0,100.0,0.0,0.0,0.0,0.0,0.0,0.0,0.0,0.0,125,2,16.0,86,いいえ,いいえ,いいえ,67.4,68.0,76.6,84.0,1.100,12.167,12.163,12.128,12.215,12.163,1509,1508,146.111,69.982,119.384,29.022,32.454,134.050,14.510,46.943,90.313,93.179,220.000,220.000,2775.0,1281.5,2130.0,2763.7,2235.0,2763.3,1280.6,2225.3,93.0,61.0,2.0,0.0,92.0,25.4,100.0,0.0,1.4,0.0,37,37,はい,いいえ,いいえ,はい,いいえ,いいえ,いいえ,75.6,83.2,0,0,0,0,0,0,0,0,0,0,0,0,0,0,0,0,0,0,0,0,0,0,0,0,0,0,0,0,0,0,980,11302,11026,602,16.0,1.8,1.8,1.8,1.8,1.8,1.8,1.9,1.9,1.9,1.9,1.9,1.9,549.75,549.75,549.75,549.75,549.75,549.75,5.89,79.98,549.71,0.04,361.66,0,0,0.0,0.0,44293,39016,7.5,219.0,0,
19.7.2026,0:57:11.182,27852,6059,82.1,13935,17928,43.7,3.5,2048,71,1.240,1.240,1.240,1.240,1.240,1.240,1.240,4283.9,4112.6,4112.6,5140.7,4112.6,4112.6,4112.6,99.8,647.0,1106.6,98.8,1204.8,1252.3,2770.7,538.5,294.4,149.2,116.0,103.0,61.8,67.6,647.0,12.4,20.9,2.0,24.0,23.1,53.7,10.0,5.2,3.0,2.3,1.8,1.1,1.2,53.7,12.4,16.3,25.3,2.4,31.4,31.7,72.2,13.7,6.7,3.6,2.9,2.5,1.5,1.7,16.3,42.9,41.2,41.2,51.5,41.2,41.2,41.2,0.0,26.1,26.2,48.9,64.6,9.9,4.3,2.9,46.9,73.8,51.1,35.4,90.1,14.9,16.3,26.9,0.0,0.0,0.0,0.0,80.8,80.8,2395.7,24.00,40,39,39,77,116,708,1,73.1,68.5,65.9,59.2,57.7,63.8,65.2,58.6,54.5,55.5,57.6,57.6,65.8,59.6,45.0,44.0,47.0,1.241,1.015,1.100,16.078,8.000,16.078,40.500,6.081,40.676,2.272,2.495,3.833,4.412,2.085,0.420,0.384,19.963,8.120,34.773,39.771,1996.4,2395.7,5145.4,5145.4,5147.4,45.2,21.4,27.0,45.2,80.6,いいえ,いいえ,いいえ,0.343,0.136,1.6,43.0,73.2,40.0,73.0,1.280,12.038,3.440,3.296,5.016,1.064,1.016,3.440,3.328,1.808,1.024,1.120,1.032,1.792,1.096,0.696,1.824,0.256,2039,いいえ,60.1,43.2,1.095,1.110,1.800,1.800,1.005,5.040,0.375,いいえ,いいえ,いいえ,41.8,1.095,1.110,1.800,1.800,1.005,5.040,0.375,いいえ,いいえ,いいえ,37,37,いいえ,はい,15388,14039,128,128,34,100.0,いいえ,いいえ,3868,2528,9990,40,42,50,100.0,100.0,いいえ,いいえ,7032,7744,0.0,0.0,0.0,0.000,0.000,1392,1010,0.0,0.0,0.0,0.000,0.000,181182,133153,0.0,0.0,0.0,0.000,0.002,66320,77713,61.5,0.720,19.000,600.0,2400.0,1200.0,100.0,0.0,0.0,0.0,0.0,0.0,0.0,0.0,0.0,125,2,16.0,86,いいえ,いいえ,いいえ,68.1,70.0,77.4,84.0,1.100,12.167,12.164,12.126,12.216,12.163,1509,1506,146.809,73.113,119.694,29.607,32.947,134.662,14.802,47.732,110.951,94.508,220.000,220.000,2775.0,1281.5,2130.0,2764.6,2235.0,2769.6,1279.7,2226.8,95.0,67.0,1.0,0.0,92.0,25.2,100.0,0.0,0.8,0.0,37,37,はい,いいえ,いいえ,はい,いいえ,いいえ,いいえ,76.1,74.6,0,0,0,0,0,0,0,0,0,0,0,0,0,0,0,0,0,0,0,0,0,0,0,0,0,0,0,0,0,0,980,11302,11026,602,16.0,1.8,1.8,1.8,1.8,1.8,1.8,1.9,1.9,1.9,1.9,1.9,1.9,549.75,549.75,549.75,549.75,549.75,549.75,5.89,79.98,549.71,0.04,361.66,0,0,0.0,0.0,44293,39017,6.1,147.4,0,
19.7.2026,0:57:13.185,27851,6060,82.1,13962,17901,43.8,3.5,2048,71,1.244,1.240,1.245,1.245,1.245,1.245,1.245,4283.9,4112.6,4112.6,5140.7,4112.6,4112.6,4112.6,99.8,660.7,1010.3,104.6,1012.8,1065.2,1336.5,2507.6,314.6,222.0,112.0,118.3,56.8,68.3,660.7,12.6,19.0,2.1,19.9,19.2,25.3,48.9,5.8,4.7,2.3,2.3,1.1,1.3,48.9,12.6,16.6,22.7,2.6,26.3,26.5,34.2,65.9,7.4,5.5,2.8,2.9,1.3,1.6,16.6,42.9,41.2,41.2,51.5,41.2,41.2,41.2,0.0,26.4,24.2,41.2,74.0,11.6,4.8,2.7,47.0,75.8,58.8,26.0,88.4,15.8,17.0,26.6,0.0,0.0,0.0,0.0,79.4,80.2,2395.7,24.00,40,39,39,77,116,708,1,72.5,69.0,65.4,59.5,57.5,63.4,66.6,59.1,54.6,55.7,57.6,57.6,64.5,59.4,45.0,44.0,47.0,1.244,1.015,1.100,16.200,7.910,16.199,40.500,6.101,40.840,2.355,2.463,3.688,4.873,2.215,0.491,0.398,20.163,8.029,34.903,39.902,1996.4,2395.7,5147.3,5147.3,5147.3,45.3,21.6,27.0,45.3,81.2,いいえ,いいえ,いいえ,0.397,0.140,1.6,43.0,72.6,40.0,72.0,1.256,12.038,3.440,3.312,5.016,1.064,1.016,3.440,3.328,1.808,1.024,1.120,1.032,1.792,1.096,0.696,1.824,0.256,2039,いいえ,60.1,43.2,1.110,1.110,1.800,1.800,1.005,5.040,0.250,いいえ,いいえ,いいえ,41.8,1.110,1.110,1.800,1.800,1.005,5.040,0.375,いいえ,いいえ,いいえ,37,37,いいえ,はい,15388,14039,128,128,34,100.0,いいえ,いいえ,3868,2528,9990,40,42,50,100.0,100.0,いいえ,いいえ,7032,7744,0.0,0.1,0.1,0.000,0.008,1392,1010,0.0,0.0,0.0,0.000,0.000,181182,133153,0.0,0.1,0.1,0.000,0.144,66320,77713,61.5,0.720,17.000,600.0,2400.0,1200.0,100.0,0.0,0.0,0.0,0.0,0.0,0.0,0.0,0.0,125,2,16.0,86,いいえ,いいえ,いいえ,67.8,70.0,77.0,84.0,1.100,12.190,12.186,12.157,12.231,12.184,1507,1506,152.230,57.077,113.140,23.519,28.290,125.221,11.758,39.987,26.178,88.521,220.000,220.000,2775.0,1281.5,2130.0,2764.5,2235.0,2770.4,1280.4,2229.3,90.0,47.0,0.0,0.0,92.0,25.2,100.0,0.0,0.7,0.0,37,37,はい,いいえ,いいえ,はい,いいえ,いいえ,いいえ,69.6,66.0,0,0,0,0,0,0,0,0,0,0,0,0,0,0,0,0,0,0,0,0,0,0,0,0,0,0,0,0,0,0,980,11302,11026,584,16.0,1.9,15.5,0.7,0.7,0.7,0.7,0.7,0.7,0.7,0.7,0.7,0.7,521.23,1365.26,64.44,63.62,1390.90,1390.90,2.19,65.93,521.18,0.05,291.31,0,0,0.0,0.0,44293,39017,6.2,143.2,0,
19.7.2026,0:57:15.206,27859,6052,82.1,14020,17843,44.0,3.5,2048,71,1.241,1.245,1.240,1.240,1.240,1.240,1.240,4055.5,4112.6,4112.6,5140.7,3427.2,3427.2,4112.6,99.8,647.4,1061.0,114.4,689.8,1459.7,538.8,3115.5,255.0,184.3,124.1,106.0,50.0,69.6,647.4,12.5,20.3,2.2,14.3,27.3,9.8,61.2,5.0,4.5,2.2,1.8,0.6,1.1,61.2,12.5,16.3,23.8,2.9,17.9,36.8,12.9,82.0,5.7,4.6,3.1,2.6,1.2,1.7,16.3,40.6,41.2,41.2,51.5,34.3,34.3,41.2,0.0,26.0,25.4,43.1,70.5,9.8,4.4,2.6,46.8,74.6,56.9,29.5,90.2,15.1,14.3,27.3,0.0,0.0,0.0,0.0,80.5,83.1,2395.7,24.00,40,39,39,77,116,708,1,71.9,68.6,67.4,59.2,57.5,63.2,65.9,58.7,54.5,55.4,57.4,57.4,65.0,59.4,45.0,44.0,47.0,1.242,1.015,1.100,16.028,7.862,16.030,40.500,6.076,40.471,2.284,2.465,3.659,4.702,2.085,0.457,0.338,19.918,7.980,34.581,39.585,1996.4,2395.7,5146.5,5146.5,5147.5,45.0,21.4,27.0,45.0,80.7,いいえ,いいえ,いいえ,0.449,0.149,1.6,43.0,71.9,40.0,71.0,1.240,12.038,3.440,3.296,5.016,1.064,1.016,3.440,3.328,1.808,1.024,1.120,1.032,1.792,1.096,0.688,1.824,0.256,2033,いいえ,60.1,43.2,1.110,1.110,1.800,1.800,1.005,5.040,0.250,いいえ,いいえ,いいえ,41.8,1.110,1.110,1.800,1.800,1.005,5.040,0.375,いいえ,いいえ,いいえ,37,37,いいえ,はい,15388,14039,128,128,34,100.0,いいえ,いいえ,3868,2528,9990,40,42,50,100.0,100.0,いいえ,いいえ,7032,7744,0.0,10.3,10.3,0.000,0.004,1392,1010,0.0,0.0,0.0,0.000,0.000,181182,133153,0.0,0.0,0.0,0.000,0.002,66320,77713,61.4,0.720,21.000,600.0,2400.0,1200.0,100.0,0.0,0.0,0.0,0.0,0.0,0.0,0.0,0.0,125,2,16.0,86,いいえ,いいえ,いいえ,65.4,70.0,73.8,84.0,1.100,12.200,12.197,12.166,12.242,12.196,1512,1510,147.895,52.798,103.700,21.980,27.142,114.969,10.989,38.070,26.319,79.219,220.000,220.000,2775.0,1281.5,2130.0,2764.9,2235.0,2773.9,1280.3,2229.8,91.0,40.0,0.0,0.0,92.0,25.2,100.0,0.0,0.8,0.0,38,38,はい,いいえ,いいえ,はい,いいえ,いいえ,いいえ,64.4,29.7,0,0,0,0,0,0,0,0,0,0,0,0,0,0,0,0,0,0,0,0,0,0,0,0,0,0,0,0,0,0,980,11302,11026,590,16.0,1.3,1.3,1.3,1.3,1.3,1.3,0.0,0.0,0.0,0.0,0.0,0.0,784.22,784.22,784.22,784.22,784.22,784.22,4.26,79.55,784.18,0.04,0.00,0,0,0.0,0.0,44293,39017,6.4,247.4,0,
19.7.2026,0:57:17.224,27854,6057,82.1,14056,17807,44.1,3.5,2048,71,1.246,1.250,1.245,1.245,1.245,1.245,1.245,4169.7,4112.6,5140.7,4112.6,4112.6,4112.6,3427.2,99.8,670.5,1300.0,97.9,2231.8,1114.3,682.9,1861.8,290.0,135.6,77.7,120.0,58.8,74.7,670.5,12.8,25.1,2.5,43.4,20.1,11.2,35.8,4.7,2.5,2.0,2.8,1.6,2.0,43.4,12.8,16.8,30.3,2.4,58.6,28.0,15.7,48.5,6.4,3.3,1.9,3.0,1.4,1.9,16.8,41.8,41.2,51.5,41.2,41.2,41.2,34.3,0.0,27.1,31.0,65.2,49.9,9.4,4.1,2.9,45.4,68.8,34.7,50.1,90.6,12.2,15.8,27.5,0.2,0.0,0.0,0.0,83.7,81.3,2395.7,24.00,40,39,39,77,116,708,1,71.5,69.0,69.4,59.3,58.0,65.6,63.9,58.5,54.4,55.5,57.5,57.5,66.2,59.6,45.0,44.0,47.0,1.243,1.015,1.100,16.370,7.939,16.361,39.500,6.062,40.935,2.383,2.709,4.506,4.125,2.150,0.401,0.405,20.353,8.058,35.079,40.066,1996.4,2395.7,5147.6,5147.6,5147.1,45.5,21.8,26.3,45.5,81.2,いいえ,いいえ,いいえ,0.402,0.153,1.6,43.0,71.5,40.0,71.0,1.256,12.038,3.440,3.296,5.016,1.064,1.016,3.440,3.328,1.808,1.024,1.120,1.032,1.792,1.096,0.688,1.824,0.256,2030,いいえ,60.1,43.2,1.110,1.110,1.800,1.800,1.005,5.040,0.250,いいえ,いいえ,いいえ,41.8,1.110,1.110,1.815,1.800,1.005,5.040,0.250,いいえ,いいえ,いいえ,37,37,いいえ,はい,15388,14039,128,128,34,100.0,いいえ,いいえ,3868,2528,9990,40,42,50,100.0,100.0,いいえ,いいえ,7032,7744,0.0,0.0,0.0,0.000,0.004,1392,1010,0.0,0.0,0.0,0.000,0.000,181182,133153,0.0,0.0,0.0,0.000,0.008,66320,77713,61.4,0.720,33.000,600.0,2400.0,1200.0,100.0,0.0,0.0,0.0,0.0,0.0,0.0,0.0,0.0,125,2,16.0,86,いいえ,いいえ,いいえ,68.2,70.0,77.4,84.0,1.100,12.167,12.164,12.124,12.216,12.162,1516,1512,137.041,72.625,115.658,29.681,32.977,130.629,14.838,47.798,107.674,101.748,220.000,220.000,2775.0,1281.5,2130.0,2764.6,2235.0,2767.2,1281.0,2225.3,82.0,41.0,0.0,1.0,92.0,25.2,100.0,0.0,0.8,0.0,38,38,はい,いいえ,いいえ,はい,いいえ,いいえ,いいえ,74.3,75.8,0,0,0,0,0,0,0,0,0,0,0,0,0,0,0,0,0,0,0,0,0,0,0,0,0,0,0,0,0,0,980,11302,11026,590,16.0,2.4,17.5,0.6,0.6,0.6,0.6,0.5,0.5,0.5,0.5,0.5,0.5,423.54,1748.07,57.26,57.09,1815.88,1815.88,1.20,40.73,423.48,0.06,7.40,0,0,0.0,0.0,44293,39018,5.8,159.5,0,
19.7.2026,0:57:19.221,27855,6056,82.1,14133,17730,44.3,3.5,2048,71,1.266,1.245,1.270,1.270,1.270,1.270,1.270,4033.3,4112.6,4112.6,4112.6,5140.7,3427.2,3294.1,99.8,659.5,1184.3,115.7,3389.8,1107.6,825.5,514.1,251.2,141.0,137.0,123.2,72.5,51.6,659.5,12.5,22.4,2.3,66.4,20.7,14.5,9.5,4.1,2.8,2.8,2.3,1.4,1.0,66.4,12.5,16.5,27.1,2.9,89.3,28.5,19.2,12.8,5.5,3.4,3.5,3.0,1.7,1.2,16.5,40.4,41.2,41.2,41.2,51.5,34.3,33.0,0.0,26.7,28.0,87.2,27.7,8.7,5.5,2.8,46.3,72.0,12.8,72.3,91.3,13.4,16.0,27.1,0.0,0.0,0.0,0.0,81.1,81.2,2395.7,24.00,40,39,39,77,116,708,1,71.4,69.1,67.4,59.3,57.9,68.0,61.6,58.2,54.7,55.4,57.6,57.6,65.5,59.2,45.1,44.0,47.0,1.244,1.015,1.100,16.023,7.873,16.026,38.500,6.058,40.515,2.355,2.626,5.268,3.287,2.087,0.492,0.370,19.937,7.991,34.592,39.600,1996.4,2395.7,5147.5,5147.5,5145.8,45.0,21.4,25.7,45.0,81.2,いいえ,いいえ,いいえ,0.472,0.157,1.6,43.0,71.4,40.0,71.0,1.256,12.144,3.440,3.312,5.040,1.064,1.016,3.440,3.328,1.808,1.024,1.120,1.032,1.792,1.096,0.688,1.824,0.256,2039,いいえ,60.1,43.2,1.110,1.110,1.800,1.800,1.005,5.040,0.375,いいえ,いいえ,いいえ,41.8,1.110,1.110,1.800,1.800,1.005,5.040,0.375,いいえ,いいえ,いいえ,37,37,いいえ,はい,15388,14039,128,128,34,100.0,いいえ,いいえ,3868,2528,9990,40,42,51,100.0,100.0,いいえ,いいえ,7032,7744,0.0,0.1,0.1,0.000,0.010,1392,1010,0.0,0.0,0.0,0.000,0.000,181182,133153,0.0,0.0,0.0,0.000,0.008,66320,77713,61.5,0.720,20.000,600.0,2400.0,1200.0,100.0,0.0,0.0,0.0,0.0,0.0,0.0,0.0,0.0,125,2,16.0,86,いいえ,いいえ,いいえ,61.6,70.0,71.3,84.0,1.100,12.294,12.302,12.251,12.323,12.301,1516,1519,149.177,22.631,38.468,7.873,16.772,42.416,3.936,20.712,24.331,26.535,220.000,220.000,2775.0,1281.5,2130.0,2764.6,2235.0,2773.1,1279.8,2229.2,68.0,20.0,1.0,0.0,86.8,25.2,100.0,0.0,0.9,0.0,38,38,はい,いいえ,いいえ,はい,いいえ,いいえ,いいえ,26.9,22.9,0,0,0,0,0,0,0,0,0,0,0,0,0,0,0,0,0,0,0,0,0,0,0,0,0,0,0,0,0,0,1616,10666,10390,590,16.0,2.4,17.5,0.6,0.6,0.6,0.6,0.5,0.5,0.5,0.5,0.5,0.5,423.54,1748.07,57.26,57.09,1815.88,1815.88,1.20,40.73,423.48,0.06,7.40,0,0,0.0,0.0,44293,39018,6.4,188.5,0,
19.7.2026,0:57:21.226,28001,5910,82.5,13852,18011,43.4,3.5,2048,71,1.264,1.275,1.260,1.260,1.260,1.265,1.265,4860.4,5040.9,5016.0,5016.0,5016.0,5040.9,4032.7,99.8,2004.6,2315.1,1680.3,2702.4,2698.6,2347.1,2395.1,1905.3,1840.4,1547.8,1540.0,1523.4,1559.6,2004.6,40.7,43.7,34.7,54.8,54.7,47.2,48.3,38.6,37.8,32.3,32.0,31.8,32.5,54.8,40.7,52.0,55.7,44.0,71.1,70.9,60.9,62.4,49.4,48.1,40.5,40.2,39.9,40.9,52.0,48.7,50.5,50.2,50.2,50.2,50.5,40.4,0.0,51.4,49.0,77.4,65.3,46.1,35.4,35.2,33.9,37.2,22.6,34.7,50.6,31.5,27.2,14.6,13.8,0.0,0.0,3.4,33.1,37.7,2395.7,24.00,40,39,39,77,116,708,1,81.9,78.2,82.5,67.9,64.1,74.2,72.1,68.9,62.8,65.5,59.4,59.4,67.2,60.3,45.3,44.0,47.0,1.228,1.015,1.100,26.735,8.402,26.698,69.000,6.062,54.423,4.684,4.106,6.679,5.990,4.743,3.322,3.266,32.713,8.527,47.908,53.456,1996.4,2395.7,5015.2,5015.2,5041.2,60.7,35.6,46.0,60.7,92.0,いいえ,いいえ,いいえ,8.864,4.384,3.1,43.0,82.9,40.0,82.0,1.288,12.144,3.440,3.312,5.040,1.064,1.008,3.440,3.328,1.808,1.024,1.120,1.032,1.792,1.104,0.688,1.824,0.256,2045,いいえ,60.1,43.2,1.110,1.110,1.800,1.800,0.990,5.040,0.375,いいえ,いいえ,いいえ,41.8,1.110,1.110,1.800,1.800,1.005,5.040,0.500,いいえ,いいえ,いいえ,37,37,いいえ,はい,15388,14039,128,128,34,100.0,いいえ,いいえ,3868,2528,9990,40,42,50,100.0,100.0,いいえ,いいえ,7032,7744,0.0,0.0,0.0,0.000,0.004,1392,1010,0.0,0.0,0.0,0.000,0.000,181182,133153,0.0,0.1,0.1,0.000,0.014,66320,77713,61.8,0.720,22.000,600.0,2400.0,1200.0,100.0,0.0,0.0,0.0,0.0,0.0,0.0,0.0,0.0,125,2,16.0,86,いいえ,いいえ,いいえ,55.6,64.0,66.8,84.0,0.925,12.311,12.324,12.260,12.336,12.323,1527,1526,46.925,11.181,11.224,3.870,13.706,13.162,1.935,15.644,13.447,16.456,220.000,220.000,1320.0,625.2,1995.0,2775.0,1995.0,1320.6,624.5,1994.6,6.0,1.0,0.0,2.0,22.2,16.0,63.2,0.0,0.8,0.0,38,38,はい,いいえ,いいえ,いいえ,いいえ,はい,いいえ,12.2,11.8,0,0,0,0,0,0,0,0,0,0,0,0,0,0,0,0,0,0,0,0,0,0,0,0,0,0,0,0,0,0,9560,2722,2446,590,16.0,2.4,17.5,0.6,0.6,0.6,0.6,0.5,0.5,0.5,0.5,0.5,0.5,423.54,1748.07,57.26,57.09,1815.88,1815.88,1.20,40.73,423.48,0.06,7.40,0,0,0.0,0.0,44293,39018,6.3,159.6,0,
19.7.2026,0:57:23.223,28039,5872,82.6,13724,18138,43.0,3.5,2048,71,1.245,1.245,1.245,1.245,1.245,1.245,1.245,4055.5,3427.2,5140.7,4112.6,4112.6,4112.6,3427.2,99.8,852.3,1735.2,264.8,2135.6,1926.4,1202.1,1301.7,471.3,420.8,225.0,199.0,181.1,164.1,852.3,16.0,31.5,4.9,41.7,37.1,22.2,24.5,7.6,8.1,4.3,3.7,3.4,3.1,41.7,16.0,21.5,40.8,6.7,56.1,50.2,29.8,33.1,10.7,10.6,5.9,5.1,4.6,4.3,21.5,40.6,34.3,51.5,41.2,41.2,41.2,34.3,0.0,32.5,37.9,77.2,48.5,18.0,7.1,6.1,50.1,62.1,22.8,51.5,82.0,32.2,49.9,17.5,0.0,0.0,0.0,0.0,60.7,44.0,2395.7,24.00,40,39,39,77,116,708,1,79.6,72.1,70.2,62.4,60.5,70.0,66.5,61.6,56.9,58.9,59.0,59.0,65.8,59.9,45.4,44.0,47.0,1.247,1.015,1.100,19.376,8.098,19.412,47.000,6.040,45.455,3.112,3.239,5.647,4.554,2.893,1.048,1.290,24.217,8.219,39.079,44.233,1996.4,2395.7,5127.0,5127.0,5127.2,50.3,25.9,31.3,50.3,84.8,いいえ,いいえ,いいえ,1.991,1.069,1.9,43.0,79.6,40.0,79.0,1.256,12.144,3.440,3.312,5.040,1.064,1.008,3.440,3.344,1.808,1.024,1.120,1.032,1.792,1.096,0.688,1.824,0.256,2039,いいえ,60.1,43.5,1.110,1.110,1.800,1.800,0.990,5.040,0.250,いいえ,いいえ,いいえ,42.0,1.110,1.110,1.800,1.800,0.990,5.040,0.375,いいえ,いいえ,いいえ,37,37,いいえ,はい,15388,14039,128,128,34,100.0,いいえ,いいえ,3868,2528,9990,40,42,51,100.0,100.0,いいえ,いいえ,7032,7744,0.0,0.0,0.0,0.000,0.002,1392,1010,0.0,0.0,0.0,0.000,0.000,181182,133153,0.0,0.0,0.0,0.000,0.253,66320,77714,62.0,0.720,26.000,600.0,2400.0,1200.0,100.0,0.0,0.0,0.0,0.0,0.0,0.0,0.0,0.0,125,2,16.0,86,いいえ,いいえ,いいえ,62.8,68.0,70.8,84.0,1.100,12.192,12.190,12.156,12.234,12.190,1511,1512,150.092,55.925,103.855,23.917,28.578,116.091,11.958,40.475,40.493,82.030,220.000,220.000,2775.0,1281.5,2130.0,2632.6,2235.0,2774.2,1280.2,2228.8,89.0,48.0,0.0,0.0,92.7,25.2,100.0,0.0,0.9,0.0,37,37,はい,いいえ,いいえ,はい,いいえ,いいえ,いいえ,28.4,26.2,0,0,0,0,0,0,0,0,0,0,0,0,0,0,0,0,0,0,0,0,0,0,0,0,0,0,0,0,0,0,902,11380,11022,590,16.0,2.8,2.8,2.8,2.8,2.8,2.8,2.7,2.7,2.7,2.7,2.7,2.7,362.51,362.51,362.51,362.51,362.51,362.51,348.69,12.91,362.27,0.24,1311.42,0,0,0.0,0.0,44293,39019,140.1,101.8,0,
19.7.2026,0:57:25.222,27891,6020,82.2,13809,18054,43.3,3.5,2048,71,1.245,1.245,1.245,1.245,1.245,1.245,1.245,4055.5,3427.2,4112.6,5140.7,4112.6,3427.2,4112.6,99.8,698.1,1392.4,139.4,1129.4,2699.8,775.2,1296.8,269.6,219.1,162.0,148.5,66.1,79.2,698.1,13.6,26.8,3.0,22.2,52.2,14.0,24.8,4.6,4.9,3.7,3.2,1.5,1.9,52.2,13.6,17.5,33.1,3.5,29.6,70.5,18.3,33.1,5.8,5.4,4.1,3.7,1.5,1.9,17.5,40.6,34.3,41.2,51.5,41.2,34.3,41.2,0.0,28.1,31.8,74.6,41.4,10.9,6.5,3.2,47.3,68.2,25.4,58.6,89.1,23.2,19.0,24.7,0.0,0.0,0.0,0.0,70.3,77.8,2395.7,24.00,40,39,39,77,116,708,1,77.0,69.6,66.4,60.1,58.9,67.3,63.6,59.2,55.8,56.2,58.1,58.1,65.8,59.8,45.4,44.0,47.0,1.246,1.015,1.100,16.783,7.964,16.792,43.000,6.057,41.674,2.504,2.792,4.880,3.858,2.242,0.767,0.487,20.941,8.083,35.686,40.711,1996.4,2395.7,5149.3,5149.3,5147.6,46.3,22.4,28.7,46.3,81.9,いいえ,いいえ,いいえ,0.672,0.256,1.7,43.0,77.0,40.0,77.0,1.248,12.091,3.456,3.312,5.016,1.064,1.008,3.440,3.328,1.808,1.024,1.120,1.032,1.792,1.096,0.688,1.824,0.256,2045,いいえ,60.1,43.5,1.110,1.110,1.800,1.800,0.990,5.040,0.250,いいえ,いいえ,いいえ,42.0,1.110,1.110,1.800,1.800,0.990,5.040,0.250,いいえ,いいえ,いいえ,37,37,いいえ,はい,15388,14039,128,128,34,100.0,いいえ,いいえ,3868,2528,9990,40,42,51,100.0,100.0,いいえ,いいえ,7032,7744,0.0,25.6,25.6,0.000,0.010,1392,1010,0.0,0.0,0.0,0.000,0.000,181182,133153,0.0,0.1,0.1,0.008,0.199,66320,77714,61.8,0.720,29.000,600.0,2400.0,1200.0,100.0,0.0,0.0,0.0,0.0,0.0,0.0,0.0,0.0,125,2,16.0,86,いいえ,いいえ,いいえ,68.3,68.0,77.7,84.0,1.100,12.173,12.162,12.150,12.218,12.161,1512,1512,149.445,71.274,121.082,22.671,27.507,132.591,11.322,38.784,113.750,102.484,220.000,220.000,2775.0,1281.5,2130.0,2764.1,2235.0,2768.1,1280.3,2226.6,96.0,36.0,1.0,0.0,92.0,25.2,100.0,0.0,0.9,0.0,37,37,はい,いいえ,いいえ,はい,いいえ,いいえ,いいえ,72.7,77.0,0,0,0,0,0,0,0,0,0,0,0,0,0,0,0,0,0,0,0,0,0,0,0,0,0,0,0,0,0,0,980,11302,11026,590,16.0,1.3,1.3,1.3,1.3,1.3,1.3,1.3,1.3,1.3,1.3,1.3,1.3,766.36,766.36,766.36,766.36,766.36,766.36,757.38,8.86,766.12,0.24,541.20,0,0,0.0,0.0,44293,39019,7.0,152.1,0,
19.7.2026,0:57:27.221,27813,6097,82.0,13902,17961,43.6,3.5,2048,71,1.241,1.245,1.240,1.240,1.240,1.240,1.240,4283.9,4112.6,4112.6,5140.7,4112.6,4112.6,4112.6,99.8,652.0,1158.9,104.4,916.1,3560.6,610.2,752.9,256.8,134.1,101.3,116.9,52.1,59.7,652.0,12.4,22.4,2.0,17.7,69.3,10.0,14.3,4.2,2.6,1.9,2.1,0.8,1.1,69.3,12.4,16.4,26.7,2.6,24.0,93.7,13.5,19.0,5.6,3.3,2.5,2.9,1.2,1.5,16.4,42.9,41.2,41.2,51.5,41.2,41.2,41.2,0.0,26.3,27.8,86.6,28.2,8.6,4.2,2.4,46.4,72.2,13.4,71.8,91.4,13.8,15.9,27.3,0.0,0.0,0.0,0.0,82.0,81.6,2395.7,24.00,40,39,39,77,116,708,1,75.1,69.3,67.9,59.5,58.1,68.2,61.8,58.5,54.9,55.6,57.8,57.8,66.0,59.6,45.5,44.0,47.0,1.244,1.015,1.100,16.557,8.059,16.547,41.000,6.065,41.295,2.330,2.585,5.253,3.239,2.083,0.441,0.378,20.605,8.180,35.457,40.446,1996.4,2395.7,5149.1,5149.1,5147.9,46.0,22.1,27.3,46.0,81.5,いいえ,いいえ,いいえ,0.474,0.149,1.6,43.0,75.2,40.0,75.0,1.248,12.038,3.440,3.312,5.016,1.064,1.008,3.440,3.344,1.808,1.024,1.120,1.032,1.792,1.096,0.688,1.824,0.256,2051,いいえ,60.1,43.5,1.110,1.110,1.800,1.800,0.990,5.040,0.250,いいえ,いいえ,いいえ,42.0,1.110,1.110,1.800,1.800,0.990,5.040,0.375,いいえ,いいえ,いいえ,37,37,いいえ,はい,15388,14039,128,128,34,100.0,いいえ,いいえ,3868,2528,9990,40,42,51,100.0,100.0,いいえ,いいえ,7032,7744,0.0,0.0,0.0,0.000,0.002,1392,1010,0.0,0.0,0.0,0.000,0.000,181182,133153,0.0,0.0,0.0,0.000,0.079,66320,77714,61.7,0.720,16.000,600.0,2400.0,1200.0,100.0,0.0,0.0,0.0,0.0,0.0,0.0,0.0,0.0,125,2,16.0,86,いいえ,いいえ,いいえ,67.4,68.0,76.5,84.0,1.100,12.247,12.248,12.210,12.281,12.248,1514,1514,148.104,44.852,70.957,14.429,21.576,78.477,7.226,28.735,26.663,110.754,220.000,220.000,2775.0,1281.5,2130.0,2763.8,2235.0,2767.0,1280.3,2224.0,78.0,21.0,1.0,0.0,92.0,25.2,100.0,0.0,0.7,0.0,37,37,はい,いいえ,いいえ,はい,いいえ,いいえ,いいえ,45.3,77.0,0,0,0,0,0,0,0,0,0,0,0,0,0,0,0,0,0,0,0,0,0,0,0,0,0,0,0,0,0,0,980,11302,11026,590,16.0,2.1,7.9,1.2,1.2,1.2,1.2,0.0,0.0,0.0,0.0,0.0,0.0,474.20,822.14,126.26,119.87,829.24,829.24,1.07,32.02,474.14,0.06,0.00,0,0,0.0,0.0,44293,39019,6.2,119.0,0,
19.7.2026,0:57:29.223,27812,6099,82.0,13915,17948,43.6,3.5,2048,71,1.244,1.245,1.240,1.245,1.245,1.245,1.245,4169.7,4112.6,5140.7,4112.6,4112.6,3427.2,4112.6,99.8,645.2,1171.0,113.0,905.4,1999.1,1961.3,829.1,267.9,136.8,105.7,122.9,84.2,45.6,645.2,12.5,22.6,2.5,17.8,37.8,37.6,15.9,4.8,3.0,2.2,2.5,1.8,1.0,37.8,12.5,16.2,26.8,2.8,23.5,51.5,50.4,21.4,6.0,3.4,2.6,3.0,2.1,1.1,16.2,41.8,41.2,51.5,41.2,41.2,34.3,41.2,0.0,25.9,28.0,56.8,54.2,9.0,4.4,2.9,47.3,72.0,43.2,45.8,91.0,15.7,16.0,26.8,0.0,0.0,0.0,0.0,79.9,81.1,2395.7,24.00,40,39,39,77,116,708,1,73.8,69.1,70.2,59.6,58.1,65.1,64.7,58.9,54.9,55.8,57.8,57.8,66.2,59.7,45.5,44.0,47.0,1.243,1.015,1.100,16.282,8.018,16.281,39.500,6.063,40.943,2.306,2.560,4.161,4.148,2.069,0.501,0.396,20.242,8.138,35.050,40.045,1996.4,2395.7,5145.4,5145.4,5146.4,45.5,21.7,26.3,45.5,81.3,いいえ,いいえ,いいえ,0.362,0.138,1.6,44.0,73.8,40.0,73.0,1.240,12.038,3.440,3.296,5.016,1.064,1.008,3.440,3.328,1.808,1.024,1.120,1.032,1.792,1.096,0.688,1.824,0.256,2045,いいえ,60.1,43.5,1.110,1.110,1.800,1.800,0.990,5.040,0.250,いいえ,いいえ,いいえ,42.0,1.110,1.110,1.800,1.800,0.990,5.040,0.250,いいえ,いいえ,いいえ,37,37,いいえ,はい,15388,14039,128,128,34,100.0,いいえ,いいえ,3868,2528,9990,41,43,51,100.0,100.0,いいえ,いいえ,7032,7744,0.0,0.0,0.0,0.000,0.004,1392,1010,0.0,0.0,0.0,0.000,0.000,181182,133153,0.0,0.1,0.1,0.000,0.099,66320,77714,61.6,0.720,19.000,600.0,2400.0,1200.0,100.0,0.0,0.0,0.0,0.0,0.0,0.0,0.0,0.0,125,2,16.0,86,いいえ,いいえ,いいえ,68.6,68.0,78.6,84.0,1.100,12.203,12.203,12.164,12.244,12.201,1516,1512,152.137,58.806,94.897,21.891,27.150,106.152,10.957,38.022,66.410,104.966,220.000,220.000,2775.0,1281.5,2130.0,2764.6,2235.0,2763.6,1280.2,2223.5,81.0,28.0,1.0,0.0,92.0,25.2,100.0,0.0,0.8,0.0,37,37,はい,いいえ,いいえ,はい,いいえ,いいえ,いいえ,60.4,86.2,0,0,0,0,0,0,0,0,0,0,0,0,0,0,0,0,0,0,0,0,0,0,0,0,0,0,0,0,0,0,980,11302,11026,590,16.0,1.5,1.5,1.5,1.5,1.5,1.5,0.0,0.0,0.0,0.0,0.0,0.0,659.95,659.95,659.95,659.95,659.95,659.95,4.48,77.46,659.88,0.06,0.00,0,0,0.0,0.0,44293,39020,5.6,200.0,0,
19.7.2026,0:57:31.223,27814,6097,82.0,13943,17920,43.7,3.5,2048,71,1.241,1.245,1.240,1.240,1.240,1.240,1.240,4283.9,4112.6,5140.7,4112.6,4112.6,4112.6,4112.6,99.8,637.7,1024.7,105.9,1337.1,570.7,3003.9,786.3,287.1,161.4,87.6,140.8,76.0,71.3,637.7,12.1,18.9,2.0,26.4,9.1,58.5,15.1,5.1,3.1,1.6,2.5,1.3,1.2,58.5,12.1,16.1,22.9,2.6,34.9,13.2,78.7,20.5,6.6,4.0,2.2,3.5,1.8,1.8,16.0,42.9,41.2,51.5,41.2,41.2,41.2,41.2,0.0,25.7,24.5,38.4,73.7,10.1,4.4,3.3,47.6,75.5,61.6,26.3,89.9,14.0,17.9,26.7,0.0,0.0,0.0,0.0,81.5,78.9,2395.7,24.00,40,39,39,77,116,708,1,72.8,68.8,67.9,59.5,57.8,63.0,66.5,59.0,54.9,55.9,57.8,57.8,65.2,59.6,45.5,44.0,47.0,1.242,1.015,1.100,15.965,7.932,15.975,36.500,6.060,40.525,2.269,2.452,3.487,4.716,2.077,0.452,0.429,19.835,8.051,34.552,39.565,1996.4,2395.7,5144.8,5144.8,5146.6,45.0,21.3,24.3,45.0,80.9,いいえ,いいえ,いいえ,0.402,0.140,1.5,44.0,72.8,40.0,72.0,1.248,12.091,3.440,3.312,5.016,1.064,1.008,3.440,3.328,1.808,1.024,1.120,1.032,1.792,1.096,0.688,1.824,0.256,2048,いいえ,60.1,43.5,1.110,1.110,1.800,1.800,0.990,5.040,0.500,いいえ,いいえ,いいえ,42.0,1.110,1.110,1.800,1.800,0.990,5.040,0.250,いいえ,いいえ,いいえ,37,37,いいえ,はい,15388,14039,128,128,34,100.0,いいえ,いいえ,3868,2528,9990,41,43,51,100.0,100.0,いいえ,いいえ,7032,7744,0.0,0.1,0.1,0.000,0.012,1392,1010,0.0,0.0,0.0,0.000,0.000,181182,133153,0.0,0.0,0.0,0.000,0.034,66320,77714,61.6,0.720,17.000,600.0,2400.0,1200.0,100.0,0.0,0.0,0.0,0.0,0.0,0.0,0.0,0.0,125,2,16.0,86,いいえ,いいえ,いいえ,69.6,70.0,79.9,84.0,1.100,12.196,12.193,12.164,12.236,12.191,1516,1512,152.655,63.649,109.199,22.556,27.527,120.827,11.277,38.748,83.263,95.796,220.000,220.000,2775.0,1281.5,2130.0,2764.5,2235.0,2765.0,1280.0,2226.9,90.0,47.0,1.0,0.0,92.0,25.3,100.0,0.0,1.1,0.0,38,38,はい,いいえ,いいえ,はい,いいえ,いいえ,いいえ,67.2,89.5,0,0,0,0,0,0,0,0,0,0,0,0,0,0,0,0,0,0,0,0,0,0,0,0,0,0,0,0,0,0,980,11302,11026,591,16.0,5.8,15.7,2.9,2.8,2.8,2.8,5.5,19.4,2.8,2.7,2.7,2.7,172.62,350.79,63.61,63.17,355.69,355.69,3.11,84.14,172.55,0.07,215.94,0,0,0.0,0.0,44293,39020,7.1,266.3,0,
19.7.2026,0:57:33.220,27818,6093,82.0,14003,17860,43.9,3.5,2048,71,1.240,1.240,1.240,1.240,1.240,1.240,1.240,3941.2,4112.6,4112.6,5140.7,3427.2,3427.2,3427.2,99.8,645.0,1070.3,101.6,803.0,1424.3,1887.8,1646.3,286.4,150.0,89.1,129.4,81.7,70.2,645.0,12.4,20.5,2.1,16.0,26.3,36.6,31.9,5.2,3.1,1.8,2.6,1.7,1.4,36.6,12.4,16.2,24.3,2.5,20.8,35.9,49.0,43.0,6.5,3.7,2.2,3.2,2.0,1.7,16.2,39.5,41.2,41.2,51.5,34.3,34.3,34.3,0.0,26.0,25.8,44.6,68.3,9.4,4.5,3.3,46.8,74.2,55.4,31.7,90.6,13.8,15.3,27.2,0.0,0.0,0.0,0.0,81.7,81.4,2395.7,24.00,40,39,39,77,116,708,1,72.1,68.9,66.4,59.5,57.9,63.6,66.1,59.0,54.8,55.8,57.8,57.8,65.5,59.5,45.6,44.0,47.0,1.243,1.015,1.100,16.095,7.929,16.093,40.000,6.087,40.643,2.293,2.493,3.675,4.664,2.089,0.450,0.386,20.007,8.048,34.751,39.750,1996.4,2395.7,5147.0,5147.0,5146.7,45.2,21.5,26.7,45.2,81.1,いいえ,いいえ,いいえ,0.447,0.152,1.6,44.0,72.1,40.0,72.0,1.248,12.091,3.440,3.312,5.016,1.064,1.008,3.440,3.344,1.808,1.024,1.120,1.032,1.792,1.096,0.688,1.824,0.256,2033,いいえ,60.1,43.5,1.110,1.110,1.800,1.800,0.990,5.040,0.250,いいえ,いいえ,いいえ,42.0,1.110,1.110,1.800,1.800,1.005,5.040,0.250,いいえ,いいえ,いいえ,37,37,いいえ,はい,15388,14039,128,128,34,100.0,いいえ,いいえ,3868,2528,9990,41,43,51,100.0,100.0,いいえ,いいえ,7032,7744,0.0,0.0,0.0,0.000,0.000,1392,1010,0.0,0.0,0.0,0.000,0.000,181182,133153,0.0,0.1,0.1,0.000,0.002,66320,77714,61.6,0.720,17.000,600.0,2400.0,1200.0,100.0,0.0,0.0,0.0,0.0,0.0,0.0,0.0,0.0,125,2,16.0,86,いいえ,いいえ,いいえ,67.5,70.0,76.5,84.0,1.100,12.198,12.193,12.164,12.240,12.195,1518,1517,147.714,57.568,103.886,22.046,27.161,115.183,11.024,38.130,61.675,81.437,220.000,220.000,2775.0,1281.5,2130.0,2764.5,2235.0,2763.4,1280.2,2223.5,91.0,42.0,0.0,0.0,92.0,25.3,100.0,0.0,1.1,0.0,38,38,はい,いいえ,いいえ,はい,いいえ,いいえ,いいえ,64.6,49.5,0,0,0,0,0,0,0,0,0,0,0,0,0,0,0,0,0,0,0,0,0,0,0,0,0,0,0,0,0,0,980,11302,11026,591,16.0,3.6,8.1,2.3,2.3,2.3,2.3,2.4,4.2,1.7,1.7,1.7,1.7,280.85,439.41,123.62,120.70,442.74,442.74,2.62,58.74,280.80,0.05,106.58,0,0,0.0,0.0,44293,39021,7.3,251.2,0,
19.7.2026,0:57:35.212,27818,6093,82.0,14035,17828,44.0,3.5,2048,71,1.249,1.270,1.245,1.245,1.245,1.245,1.245,4455.3,5140.7,4112.6,5140.7,4112.6,4112.6,4112.6,99.8,670.3,1311.9,110.9,523.1,1324.2,610.4,3380.3,254.1,180.9,99.3,113.8,50.7,84.4,670.3,12.9,25.5,2.5,10.6,23.8,10.9,66.3,4.4,4.0,1.4,2.4,1.1,1.9,66.3,12.9,16.8,30.5,2.8,13.5,32.5,14.7,89.0,5.6,4.5,2.5,2.8,1.2,2.1,16.8,44.6,51.5,41.2,51.5,41.2,41.2,41.2,0.0,27.1,31.1,37.6,77.0,9.7,4.5,3.0,45.8,68.9,62.4,23.0,90.3,15.4,14.7,27.1,0.0,0.0,0.0,0.0,80.1,82.3,2395.7,24.00,40,39,39,77,116,708,1,71.8,69.1,71.2,59.7,58.3,63.1,67.1,59.2,54.9,55.8,57.8,57.8,65.2,59.6,45.6,44.0,47.0,1.243,1.015,1.100,16.499,8.109,16.492,36.500,6.074,41.283,2.412,2.735,3.628,5.081,2.183,0.479,0.364,20.522,8.231,35.434,40.425,1996.4,2395.7,5146.0,5146.0,5146.2,45.9,22.0,24.3,45.9,81.3,いいえ,いいえ,いいえ,0.419,0.150,1.6,44.0,71.9,40.0,71.0,1.256,12.038,3.440,3.312,5.016,1.064,1.008,3.440,3.344,1.808,1.024,1.120,1.032,1.792,1.096,0.688,1.824,0.256,2020,いいえ,60.1,43.5,1.110,1.110,1.800,1.800,0.990,5.040,0.250,いいえ,いいえ,いいえ,42.0,1.110,1.110,1.800,1.800,0.990,5.040,0.250,いいえ,いいえ,いいえ,37,37,いいえ,はい,15388,14039,128,128,34,100.0,いいえ,いいえ,3868,2528,9990,40,42,51,100.0,100.0,いいえ,いいえ,7032,7744,0.0,0.1,0.1,0.000,0.008,1392,1010,0.0,0.0,0.0,0.000,0.000,181182,133153,0.0,0.1,0.1,0.000,0.014,66320,77714,61.6,0.720,17.000,600.0,2400.0,1200.0,100.0,0.0,0.0,0.0,0.0,0.0,0.0,0.0,0.0,125,2,16.0,86,いいえ,いいえ,いいえ,67.6,70.0,77.0,84.0,1.100,12.163,12.158,12.122,12.212,12.159,1516,1519,143.816,78.820,115.443,29.131,32.596,130.145,14.567,47.151,161.389,100.135,220.000,220.000,2775.0,1281.5,2130.0,2764.4,2235.0,2770.2,1280.2,2226.4,74.0,21.0,1.0,1.0,92.0,25.2,100.0,0.0,0.8,0.0,38,38,はい,いいえ,いいえ,はい,いいえ,いいえ,いいえ,73.9,82.9,0,0,0,0,0,0,0,0,0,0,0,0,0,0,0,0,0,0,0,0,0,0,0,0,0,0,0,0,0,0,980,11302,11026,591,16.0,2.1,14.2,1.1,1.1,1.1,1.1,1.0,1.0,1.0,1.0,1.0,1.0,473.29,875.95,70.63,63.24,884.17,884.17,2.33,85.19,473.24,0.05,52.28,0,0,0.0,0.0,44293,39021,5.7,149.0,0,
19.7.2026,0:57:37.220,27822,6089,82.0,14116,17746,44.3,3.5,2048,71,1.245,1.245,1.245,1.245,1.245,1.245,1.245,4055.5,4112.6,5140.7,4112.6,4112.6,3427.2,3427.2,99.8,668.8,1212.6,110.0,720.4,1166.6,632.4,3346.2,269.3,166.5,108.7,141.0,72.2,79.4,668.8,12.6,23.2,1.8,14.6,20.3,11.3,65.4,4.8,2.9,2.3,2.3,0.9,1.1,65.4,12.6,16.8,27.8,2.7,18.6,28.8,15.4,88.1,6.0,4.1,2.7,3.5,1.7,2.0,16.8,40.6,41.2,51.5,41.2,41.2,34.3,34.3,0.0,26.9,28.7,38.2,76.4,9.7,5.0,3.3,47.1,71.3,61.8,23.6,90.3,16.7,18.9,26.0,0.0,0.0,0.0,0.0,78.3,77.8,2395.7,24.00,40,39,39,77,116,708,1,71.6,69.4,69.8,59.9,58.2,63.5,67.2,59.4,55.0,56.2,57.9,57.9,66.2,59.7,45.7,44.0,47.0,1.244,1.015,1.100,16.657,8.054,16.661,38.500,6.083,41.569,2.413,2.659,3.670,4.966,2.198,0.510,0.478,20.731,8.175,35.597,40.607,1996.4,2395.7,5147.2,5147.2,5146.6,46.1,22.2,25.7,46.1,81.6,いいえ,いいえ,いいえ,0.492,0.174,1.6,44.0,71.8,40.0,71.0,1.256,12.091,3.440,3.296,5.016,1.064,1.008,3.440,3.344,1.808,1.024,1.120,1.032,1.792,1.096,0.688,1.824,0.256,2036,いいえ,60.1,43.5,1.095,1.110,1.800,1.800,0.990,5.040,0.500,いいえ,いいえ,いいえ,42.0,1.110,1.110,1.800,1.800,0.990,5.040,0.250,いいえ,いいえ,いいえ,37,37,いいえ,はい,15388,14039,128,128,34,100.0,いいえ,いいえ,3868,2528,9990,41,43,51,100.0,100.0,いいえ,いいえ,7032,7744,0.0,0.1,0.1,0.000,0.008,1392,1010,0.0,0.0,0.0,0.000,0.000,181182,133153,0.0,0.0,0.0,0.000,0.012,66320,77714,61.6,0.720,12.000,600.0,2400.0,1200.0,100.0,0.0,0.0,0.0,0.0,0.0,0.0,0.0,0.0,125,2,16.0,86,いいえ,いいえ,いいえ,61.6,70.0,71.3,84.0,1.100,12.297,12.303,12.254,12.326,12.304,1518,1519,152.009,21.819,35.699,7.628,16.666,39.516,3.814,20.488,25.320,25.422,220.000,220.000,2775.0,1281.5,2130.0,2764.3,2235.0,2774.1,1280.3,2228.5,87.0,38.0,0.0,0.0,86.9,25.3,100.0,0.0,1.1,0.0,38,38,はい,いいえ,いいえ,はい,いいえ,いいえ,いいえ,25.5,22.0,0,0,0,0,0,0,0,0,0,0,0,0,0,0,0,0,0,0,0,0,0,0,0,0,0,0,0,0,0,0,1610,10672,10396,591,16.0,2.4,17.2,0.9,0.9,0.9,0.9,0.8,0.8,0.8,0.8,0.8,0.8,411.19,1092.09,58.08,58.00,1113.10,1113.10,2.86,25.24,411.15,0.05,543.86,0,0,0.0,0.0,44293,39021,7.1,260.2,0,
19.7.2026,0:57:39.238,28825,5086,85.0,13915,17948,43.6,3.5,2048,71,1.169,1.290,1.145,1.145,1.145,1.145,1.145,4887.0,5115.8,4841.3,4841.3,4841.3,4841.3,4841.3,99.8,1980.0,2290.8,1593.8,2354.4,2192.5,2586.5,2849.1,1839.5,1755.3,1630.4,1527.2,1595.4,1545.2,1980.0,40.3,44.0,33.1,47.6,44.5,51.7,57.3,37.2,36.5,34.3,32.0,33.5,32.3,57.3,40.3,51.6,56.6,41.8,61.8,57.1,67.5,74.7,47.8,46.0,42.8,40.0,41.9,40.6,51.6,49.0,51.2,48.5,48.5,48.5,48.5,48.5,0.0,51.0,48.3,61.6,78.5,44.4,37.0,36.4,34.6,35.9,38.4,21.5,50.3,31.8,29.9,14.3,15.8,0.0,0.0,5.3,31.2,33.8,2395.7,24.00,40,39,39,77,116,708,1,82.0,78.1,83.5,68.3,64.2,71.9,75.1,69.0,63.4,66.2,59.7,59.7,66.8,60.3,45.8,44.0,47.0,1.228,1.015,1.100,26.446,8.434,26.405,65.000,6.082,54.112,4.664,3.960,5.769,6.920,4.515,3.400,3.418,32.333,8.560,47.584,53.136,1996.4,2395.7,5015.5,5015.5,5045.0,60.4,35.2,43.3,60.4,91.9,いいえ,いいえ,いいえ,8.742,4.462,3.1,44.0,82.0,40.0,82.0,1.280,12.144,3.456,3.328,5.040,1.064,1.008,3.440,3.344,1.808,1.024,1.120,1.040,1.792,1.104,0.688,1.824,0.256,2054,いいえ,60.1,43.5,1.095,1.110,1.800,1.800,0.990,5.040,1.125,いいえ,いいえ,いいえ,42.0,1.095,1.110,1.800,1.800,0.990,5.040,1.750,いいえ,いいえ,いいえ,37,37,いいえ,はい,15388,14039,128,128,34,100.0,いいえ,いいえ,3868,2528,9990,41,43,51,100.0,100.0,いいえ,いいえ,7032,7744,0.0,0.0,0.0,0.000,0.006,1392,1010,0.0,0.0,0.0,0.000,0.000,181182,133153,0.0,0.0,0.0,0.000,0.051,66320,77715,62.0,0.720,22.000,600.0,2400.0,1200.0,100.0,0.0,0.0,0.0,0.0,0.0,0.0,0.0,0.0,125,2,16.0,86,いいえ,いいえ,いいえ,55.4,66.0,67.0,84.0,0.925,12.303,12.315,12.252,12.328,12.317,1526,1530,45.975,11.080,10.063,4.089,13.857,12.107,2.045,15.904,15.291,15.287,220.000,220.000,690.0,625.2,1995.0,2775.0,1995.0,689.9,624.5,1994.6,18.0,1.0,0.0,1.0,87.5,17.9,70.7,0.0,0.8,0.0,38,38,はい,いいえ,いいえ,いいえ,いいえ,はい,いいえ,11.8,11.7,0,0,0,0,0,0,0,0,0,0,0,0,0,0,0,0,0,0,0,0,0,0,0,0,0,0,0,0,0,0,1532,10750,10474,591,16.0,2.4,17.2,0.9,0.9,0.9,0.9,0.8,0.8,0.8,0.8,0.8,0.8,411.19,1092.09,58.08,58.00,1113.10,1113.10,2.86,25.24,411.15,0.05,543.86,0,0,0.0,0.0,44293,39022,6.4,183.9,0,
19.7.2026,0:57:41.240,28007,5904,82.5,13718,18145,43.0,3.5,2048,71,1.245,1.245,1.245,1.245,1.245,1.245,1.245,4283.9,4112.6,5140.7,4112.6,4112.6,4112.6,4112.6,99.8,1097.0,2030.4,535.3,2054.9,1591.5,2724.4,980.5,833.1,707.7,414.9,469.0,402.8,419.2,1097.0,21.2,36.3,10.4,40.7,30.0,53.6,18.8,15.5,14.1,8.5,9.6,8.2,8.6,53.6,21.2,27.8,47.1,13.7,53.9,40.4,71.0,25.2,20.4,18.1,10.7,12.1,10.3,10.9,27.8,42.9,41.2,51.5,41.2,41.2,41.2,41.2,0.0,37.5,43.5,64.0,65.3,24.9,14.0,12.9,47.7,56.5,36.0,34.7,75.1,35.5,48.3,14.9,0.0,0.0,0.0,0.0,50.5,38.8,2395.7,24.00,40,39,39,77,116,708,1,80.2,73.5,70.2,64.1,61.9,68.9,70.1,64.0,58.7,60.8,59.6,59.6,66.2,60.1,45.9,44.0,47.0,1.245,1.015,1.100,20.442,8.190,20.488,47.000,6.086,46.966,3.433,3.554,5.042,5.420,3.360,1.520,1.701,25.437,8.312,40.445,45.683,1996.4,2395.7,5109.4,5109.4,5111.1,51.9,27.3,31.3,51.9,86.5,いいえ,いいえ,いいえ,3.197,1.766,2.2,44.0,80.2,40.0,80.0,1.264,12.038,3.440,3.296,5.016,1.064,1.008,3.440,3.344,1.808,1.024,1.120,1.032,1.792,1.096,0.688,1.824,0.256,2048,いいえ,60.1,43.5,1.095,1.110,1.800,1.800,0.990,5.040,0.250,いいえ,いいえ,いいえ,42.0,1.095,1.110,1.800,1.800,0.990,5.040,0.250,いいえ,いいえ,いいえ,37,37,いいえ,はい,15388,14039,128,128,34,100.0,いいえ,いいえ,3868,2528,9990,41,43,51,100.0,100.0,いいえ,いいえ,7032,7744,0.0,0.0,0.0,0.000,0.002,1392,1010,0.0,0.0,0.0,0.000,0.000,181182,133153,0.0,0.0,0.0,0.000,0.262,66320,77715,62.2,0.720,20.000,600.0,2400.0,1200.0,100.0,0.0,0.0,0.0,0.0,0.0,0.0,0.0,0.0,125,2,16.0,86,いいえ,いいえ,いいえ,67.2,70.0,76.5,84.0,1.100,12.161,12.155,12.131,12.204,12.156,1513,1517,124.813,76.221,127.842,27.591,31.370,141.966,13.797,45.131,121.922,100.152,220.000,220.000,2775.0,1281.5,2130.0,2167.8,2235.0,2769.2,1280.1,2227.3,91.0,54.0,3.0,0.0,92.7,25.2,100.0,0.0,0.7,0.0,37,37,はい,いいえ,いいえ,はい,いいえ,いいえ,いいえ,78.6,54.9,0,0,0,0,0,0,0,0,0,0,0,0,0,0,0,0,0,0,0,0,0,0,0,0,0,0,0,0,0,0,902,11380,11104,591,16.0,12.1,17.4,5.6,5.5,5.5,5.5,1.0,6.6,0.5,0.5,0.5,0.5,82.57,177.08,57.28,57.27,182.50,182.50,1.51,21.48,82.50,0.06,216.44,0,0,0.0,0.0,44293,39022,5.4,155.5,0,
19.7.2026,0:57:43.254,27910,6001,82.3,13789,18074,43.2,3.5,2048,71,1.245,1.245,1.245,1.245,1.245,1.245,1.245,4055.5,4112.6,5140.7,4112.6,4112.6,3427.2,3427.2,99.8,697.0,1452.6,123.2,3336.3,982.7,1102.5,480.1,277.7,167.5,125.1,173.1,67.2,75.8,697.0,13.1,27.5,2.4,65.2,18.1,20.1,8.5,4.2,3.3,2.4,3.3,1.1,1.4,65.2,13.1,17.4,34.3,3.1,87.9,24.9,26.6,11.6,5.9,4.1,3.1,4.3,1.6,1.9,17.4,40.6,41.2,51.5,41.2,41.2,34.3,34.3,0.0,28.1,33.2,83.9,32.5,10.0,5.9,3.1,47.8,66.8,16.1,67.5,90.0,22.5,23.9,24.1,0.0,0.0,0.0,0.0,71.6,72.9,2395.7,24.00,40,39,39,77,116,708,1,77.6,70.0,69.8,60.6,59.3,68.7,63.2,59.5,56.1,56.8,58.5,58.5,66.2,59.9,45.9,44.0,47.0,1.247,1.015,1.100,16.861,7.994,16.861,38.500,6.097,41.807,2.559,2.859,5.294,3.565,2.286,0.757,0.590,21.055,8.114,35.875,40.889,1996.4,2395.7,5148.9,5148.9,5147.6,46.5,22.5,25.7,46.5,82.4,いいえ,いいえ,いいえ,0.661,0.244,1.7,44.0,77.9,40.0,77.0,1.256,12.091,3.440,3.296,5.016,1.064,1.008,3.440,3.344,1.808,1.024,1.120,1.032,1.792,1.096,0.680,1.824,0.256,2051,いいえ,60.1,43.5,1.095,1.110,1.800,1.800,0.990,5.040,0.250,いいえ,いいえ,いいえ,42.0,1.095,1.110,1.800,1.800,0.990,5.040,0.250,いいえ,いいえ,いいえ,37,37,いいえ,はい,15388,14039,128,128,34,100.0,いいえ,いいえ,3868,2528,9990,41,43,51,100.0,100.0,いいえ,いいえ,7032,7744,0.0,0.0,0.0,0.000,0.008,1392,1010,0.0,0.0,0.0,0.000,0.000,181182,133153,0.0,0.0,0.0,0.000,0.006,66320,77715,62.0,0.720,16.000,600.0,2400.0,1200.0,100.0,0.0,0.0,0.0,0.0,0.0,0.0,0.0,0.0,125,2,16.0,86,いいえ,いいえ,いいえ,67.3,68.0,76.3,84.0,1.100,12.173,12.168,12.136,12.220,12.169,1511,1512,148.044,70.558,117.238,27.524,31.396,131.230,13.775,45.127,103.773,94.398,220.000,220.000,2775.0,1281.5,2130.0,2766.5,2235.0,2768.6,1280.1,2226.2,94.0,51.0,1.0,0.0,92.0,25.2,100.0,0.0,0.7,0.0,37,37,はい,いいえ,いいえ,はい,いいえ,いいえ,いいえ,73.8,61.9,0,0,0,0,0,0,0,0,0,0,0,0,0,0,0,0,0,0,0,0,0,0,0,0,0,0,0,0,0,0,980,11302,11026,591,16.0,6.7,17.5,2.1,2.0,2.0,2.0,2.9,7.3,1.8,1.8,1.8,1.8,148.73,482.63,57.26,56.99,501.94,501.94,1.90,47.53,148.68,0.05,687.60,0,0,0.0,0.0,44293,39022,6.3,154.8,0,
19.7.2026,0:57:45.256,27846,6065,82.1,13888,17975,43.5,3.5,2048,71,1.241,1.245,1.240,1.240,1.240,1.240,1.240,4283.9,4112.6,5140.7,4112.6,4112.6,4112.6,4112.6,99.8,691.6,1124.2,168.5,1988.4,2159.8,1258.2,620.3,316.4,216.6,176.9,127.6,80.7,61.7,691.6,13.2,20.5,3.5,38.7,41.5,23.8,11.6,5.5,4.4,3.5,2.4,1.5,1.2,41.5,13.2,17.3,24.6,4.2,52.2,56.3,31.3,15.7,7.2,5.4,4.5,3.2,1.9,1.5,17.3,42.9,41.2,51.5,41.2,41.2,41.2,41.2,0.0,27.7,26.9,80.4,38.0,11.7,5.9,3.2,48.6,72.9,19.6,62.0,88.3,23.1,25.7,23.7,0.3,0.0,0.0,0.0,71.0,71.2,2395.7,24.00,40,39,39,77,116,708,1,75.8,70.1,69.8,60.5,58.5,68.4,63.8,59.7,55.8,56.8,58.3,58.3,66.8,60.2,45.9,44.0,47.0,1.246,1.015,1.100,16.829,7.987,16.831,38.500,6.099,41.741,2.518,2.616,5.151,3.711,2.318,0.709,0.603,20.980,8.107,35.796,40.809,1996.4,2395.7,5147.2,5147.2,5146.7,46.4,22.4,25.7,46.4,82.5,いいえ,いいえ,いいえ,0.604,0.192,1.7,44.0,75.9,40.0,75.0,1.256,12.038,3.440,3.312,5.016,1.064,1.008,3.440,3.344,1.808,1.024,1.120,1.032,1.792,1.096,0.680,1.824,0.256,2048,いいえ,60.1,43.5,1.095,1.110,1.800,1.800,1.005,5.040,0.250,いいえ,いいえ,いいえ,42.0,1.095,1.110,1.800,1.800,1.005,5.040,0.250,いいえ,いいえ,いいえ,37,37,いいえ,はい,15388,14039,128,128,34,100.0,いいえ,いいえ,3868,2528,9990,41,43,51,100.0,100.0,いいえ,いいえ,7032,7744,0.0,0.0,0.0,0.000,0.000,1392,1010,0.0,0.0,0.0,0.000,0.000,181182,133153,11.1,0.0,11.1,12.723,0.010,66345,77715,61.9,0.720,18.000,600.0,2400.0,1200.0,100.0,0.0,0.0,0.0,0.0,0.0,0.0,0.0,0.0,125,2,16.0,86,いいえ,いいえ,いいえ,67.4,70.0,76.3,84.0,1.100,12.189,12.185,12.156,12.229,12.186,1511,1512,146.078,72.697,105.305,22.202,27.254,116.767,11.114,38.308,154.266,106.362,220.000,220.000,2775.0,1281.5,2130.0,2764.6,2235.0,2766.8,1280.2,2223.7,89.0,53.0,0.0,0.0,92.0,25.3,100.0,0.0,1.1,0.0,37,37,はい,いいえ,いいえ,はい,いいえ,いいえ,いいえ,65.3,59.4,0,0,0,0,0,0,0,0,0,0,0,0,0,0,0,0,0,0,0,0,0,0,0,0,0,0,0,0,0,0,980,11302,11026,591,16.0,5.4,11.5,2.9,2.9,2.9,2.9,4.3,8.4,2.9,2.9,2.9,2.9,184.26,342.04,86.73,86.11,346.57,346.57,7.02,86.44,184.21,0.05,247.39,0,0,0.0,0.0,44293,39023,6.7,159.5,0,
19.7.2026,0:57:47.252,27854,6056,82.1,13924,17939,43.6,3.5,2048,71,1.240,1.240,1.240,1.240,1.240,1.240,1.240,4055.5,4112.6,4112.6,5140.7,4112.6,3427.2,3427.2,99.8,649.0,1139.5,115.8,736.7,3963.5,510.7,622.0,207.6,182.6,119.2,59.5,61.4,68.9,649.0,12.6,21.8,2.6,14.2,77.1,8.7,12.1,3.4,4.0,2.7,1.2,1.4,1.6,77.1,12.6,16.3,25.9,2.9,19.3,104.4,10.9,15.7,4.4,4.5,3.0,1.4,1.5,1.7,16.3,40.6,41.2,41.2,51.5,41.2,34.3,34.3,0.0,26.2,27.2,90.8,23.8,8.5,3.8,2.8,47.0,72.8,9.2,76.2,91.5,14.6,17.5,26.9,0.0,0.0,0.0,0.0,81.6,79.6,2395.7,24.00,40,39,39,77,116,708,1,74.4,69.8,68.9,59.9,58.3,69.1,61.9,59.0,54.9,56.1,58.1,58.1,65.5,59.9,45.9,44.0,47.0,1.245,1.015,1.100,16.426,7.942,16.422,41.000,6.100,41.111,2.334,2.574,5.415,3.107,2.104,0.390,0.412,20.455,8.061,35.226,40.220,1996.4,2395.7,5150.9,5150.9,5147.9,45.7,21.9,27.3,45.7,82.1,いいえ,いいえ,いいえ,0.393,0.140,1.6,44.0,74.4,40.0,74.0,1.272,12.038,3.440,3.312,5.016,1.064,1.008,3.440,3.344,1.808,1.024,1.120,1.032,1.792,1.096,0.680,1.824,0.256,2054,いいえ,60.1,43.5,1.095,1.110,1.800,1.800,1.005,5.040,0.250,いいえ,いいえ,いいえ,42.0,1.095,1.110,1.800,1.800,1.005,5.040,0.250,いいえ,いいえ,いいえ,37,37,いいえ,はい,15388,14039,128,128,34,100.0,いいえ,いいえ,3868,2528,9990,41,43,51,100.0,100.0,いいえ,いいえ,7032,7744,0.0,0.1,0.1,0.000,0.006,1392,1010,0.0,0.0,0.0,0.000,0.000,181182,133153,0.0,0.1,0.1,0.000,0.130,66345,77715,61.9,0.720,33.000,600.0,2400.0,1200.0,100.0,0.0,0.0,0.0,0.0,0.0,0.0,0.0,0.0,125,2,16.0,86,いいえ,いいえ,いいえ,67.9,72.0,77.2,84.0,1.100,12.160,12.154,12.123,12.208,12.154,1511,1515,150.031,76.725,124.677,28.975,32.477,139.351,14.488,46.947,112.931,113.957,220.000,220.000,2775.0,1281.5,2130.0,2764.4,2235.0,2769.0,1280.7,2228.5,92.0,49.0,1.0,0.0,92.0,25.2,100.0,0.0,0.7,0.0,38,38,はい,いいえ,いいえ,はい,いいえ,いいえ,いいえ,78.0,48.5,0,0,0,0,0,0,0,0,0,0,0,0,0,0,0,0,0,0,0,0,0,0,0,0,0,0,0,0,0,0,980,11302,11026,591,16.0,2.4,15.7,1.3,1.3,1.3,1.3,1.2,1.2,1.2,1.2,1.2,1.2,418.60,773.31,63.89,57.38,780.55,780.55,3.48,40.85,418.56,0.05,10.74,0,0,0.0,0.0,44293,39023,5.9,139.3,0,
19.7.2026,0:57:49.256,27845,6066,82.1,13943,17920,43.7,3.5,2048,71,1.245,1.245,1.245,1.245,1.245,1.245,1.245,4283.9,4112.6,5140.7,4112.6,4112.6,4112.6,4112.6,99.8,641.0,1058.1,111.6,949.5,3200.4,920.4,675.1,223.8,174.9,95.0,140.4,56.6,86.2,641.0,12.2,20.0,2.5,18.6,62.4,16.6,13.1,4.1,3.9,1.3,2.2,0.5,1.3,62.4,12.2,16.1,23.8,2.7,24.8,84.1,21.9,17.2,5.0,4.3,2.3,3.5,1.3,2.2,16.1,42.9,41.2,51.5,41.2,41.2,41.2,41.2,0.0,25.8,25.2,80.5,32.4,8.9,4.6,3.2,46.9,74.8,19.5,67.6,91.1,14.2,14.4,27.3,0.0,0.0,0.0,0.0,81.2,82.4,2395.7,24.00,40,39,39,77,116,708,1,73.4,69.6,69.8,59.8,58.1,67.9,62.7,58.9,55.1,56.0,58.0,58.0,65.5,60.0,45.9,44.0,47.0,1.244,1.015,1.100,16.272,7.951,16.270,37.500,6.078,40.895,2.301,2.489,4.996,3.387,2.071,0.479,0.382,20.251,8.071,35.007,40.002,1996.4,2395.7,5146.1,5146.1,5146.9,45.5,21.7,25.0,45.5,81.8,いいえ,いいえ,いいえ,0.369,0.136,1.5,44.0,73.4,40.0,73.0,1.248,12.038,3.440,3.296,5.016,1.064,1.008,3.440,3.344,1.808,1.024,1.120,1.032,1.792,1.096,0.680,1.824,0.256,2048,いいえ,60.1,43.5,1.110,1.110,1.800,1.800,1.005,5.040,0.250,いいえ,いいえ,いいえ,42.0,1.110,1.110,1.800,1.800,1.005,5.040,0.250,いいえ,いいえ,いいえ,37,37,いいえ,はい,15388,14039,128,128,34,100.0,いいえ,いいえ,3868,2528,9990,41,43,51,100.0,100.0,いいえ,いいえ,7032,7744,0.0,56.7,56.7,0.000,0.006,1392,1010,0.0,0.0,0.0,0.000,0.000,181182,133153,0.0,0.0,0.0,0.000,0.012,66345,77715,61.9,0.720,45.000,600.0,2400.0,1200.0,100.0,0.0,0.0,0.0,0.0,0.0,0.0,0.0,0.0,125,2,16.0,86,いいえ,いいえ,いいえ,69.2,70.0,78.9,84.0,1.100,12.171,12.164,12.139,12.216,12.166,1514,1515,153.564,72.265,121.982,27.004,31.014,135.758,13.504,44.469,108.833,95.556,220.000,220.000,2775.0,1281.5,2130.0,2763.8,2235.0,2765.1,1280.4,2224.7,94.0,62.0,0.0,0.0,92.0,25.2,100.0,0.0,0.7,0.0,38,38,はい,いいえ,いいえ,はい,いいえ,いいえ,いいえ,75.7,69.2,0,0,0,0,0,0,0,0,0,0,0,0,0,0,0,0,0,0,0,0,0,0,0,0,0,0,0,0,0,0,980,11302,11026,591,16.0,3.9,17.0,1.2,1.2,1.2,1.2,1.0,1.0,1.0,1.0,1.0,1.0,255.79,842.61,58.71,58.58,868.22,868.22,1.68,42.97,255.75,0.05,39.06,0,0,0.0,0.0,44293,39023,5.8,147.8,0,
19.7.2026,0:57:51.256,27846,6065,82.1,14007,17856,43.9,3.5,2048,71,1.241,1.245,1.240,1.240,1.240,1.240,1.240,4055.5,4112.6,4112.6,5140.7,4112.6,3427.2,3427.2,99.8,643.0,1079.2,119.2,1203.3,1232.5,2473.6,840.8,239.6,178.2,97.0,127.6,49.4,75.4,643.0,12.1,19.9,2.1,23.3,22.2,47.6,15.6,3.5,3.2,2.2,2.8,1.2,1.8,47.6,12.1,16.2,24.3,3.0,31.4,30.8,64.3,21.8,5.3,4.4,2.4,3.2,1.1,1.9,16.2,40.6,41.2,41.2,51.5,41.2,34.3,34.3,0.0,25.9,25.9,48.3,64.7,8.9,4.6,2.8,46.8,74.1,51.7,35.3,91.1,13.3,15.4,27.3,0.0,0.0,0.0,0.0,82.1,81.9,2395.7,24.00,40,39,39,77,116,708,1,72.8,69.4,66.9,59.8,58.1,64.5,66.0,59.2,55.1,56.1,58.0,58.0,66.2,59.9,45.9,44.1,47.0,1.244,1.015,1.100,15.939,7.851,15.943,37.500,6.114,40.437,2.298,2.505,3.871,4.493,2.070,0.463,0.383,19.831,7.969,34.526,39.532,1996.4,2395.7,5147.9,5147.9,5146.8,44.9,21.3,25.0,44.9,81.6,いいえ,いいえ,いいえ,0.432,0.142,1.6,44.0,72.6,40.0,72.0,1.256,12.091,3.440,3.312,5.016,1.064,1.008,3.440,3.344,1.808,1.024,1.120,1.032,1.792,1.096,0.680,1.824,0.256,2048,いいえ,60.1,43.8,1.110,1.110,1.800,1.800,1.005,5.040,0.250,いいえ,いいえ,いいえ,42.2,1.110,1.110,1.800,1.800,1.005,5.040,0.250,いいえ,いいえ,いいえ,37,37,いいえ,はい,15388,14039,128,128,34,100.0,いいえ,いいえ,3868,2528,9990,41,43,51,100.0,100.0,いいえ,いいえ,7032,7744,0.0,0.1,0.1,0.000,0.012,1392,1010,0.0,0.0,0.0,0.000,0.000,181182,133153,0.0,0.0,0.0,0.000,0.018,66345,77715,61.9,0.720,16.000,600.0,2400.0,1200.0,100.0,0.0,0.0,0.0,0.0,0.0,0.0,0.0,0.0,125,2,16.0,86,いいえ,いいえ,いいえ,69.1,70.0,78.6,84.0,1.100,12.179,12.173,12.144,12.226,12.173,1520,1521,148.288,69.694,115.635,25.880,30.106,128.745,12.940,43.012,108.289,92.948,220.000,220.000,2775.0,1281.5,2130.0,2764.5,2235.0,2752.0,1280.3,2216.3,93.0,52.0,0.0,0.0,92.0,25.1,100.0,0.0,0.5,0.0,38,38,はい,いいえ,いいえ,はい,いいえ,いいえ,いいえ,72.1,73.8,0,0,0,0,0,0,0,0,0,0,0,0,0,0,0,0,0,0,0,0,0,0,0,0,0,0,0,0,0,0,980,11302,11026,591,16.0,13.1,17.6,5.8,5.6,5.6,5.6,1.4,1.4,1.4,1.4,1.4,1.4,76.48,173.72,56.82,56.80,179.86,179.86,0.80,7.31,76.44,0.04,10.55,0,0,0.0,0.0,44293,39023,5.8,111.5,0,
19.7.2026,0:57:53.257,27845,6066,82.1,14038,17825,44.0,3.5,2048,71,1.299,1.320,1.295,1.295,1.295,1.295,1.295,4452.0,4092.6,4112.6,5140.7,4112.6,5140.7,4112.6,99.8,684.7,1147.3,125.5,829.1,1629.9,2856.7,467.7,338.4,165.0,246.3,264.3,81.2,65.1,684.7,13.2,21.6,2.6,16.4,30.3,55.6,8.8,6.3,3.4,5.0,5.2,1.6,1.3,55.6,13.2,17.2,25.8,3.1,21.5,41.1,74.7,11.9,7.9,4.0,6.3,6.7,2.0,1.6,17.2,44.6,41.0,41.2,51.5,41.2,51.5,41.2,0.0,27.6,27.5,49.0,64.8,11.0,10.0,3.1,46.2,72.5,51.0,35.2,89.0,14.0,15.6,26.2,0.0,0.1,0.0,0.0,76.0,81.4,2395.7,24.00,40,39,39,77,116,708,1,72.5,69.4,80.0,60.1,58.2,64.6,66.1,59.5,56.0,56.1,58.0,58.0,66.5,60.1,46.0,44.2,47.0,1.246,1.015,1.100,16.781,7.906,16.763,38.500,6.104,41.486,2.438,2.605,4.011,4.521,2.210,0.864,0.415,20.947,8.025,35.686,40.666,1996.4,2395.7,5145.1,5145.1,5146.6,46.2,22.4,25.7,46.2,81.7,いいえ,いいえ,いいえ,0.528,0.160,1.7,44.0,72.2,40.0,72.0,1.336,12.038,3.440,3.312,5.016,1.064,1.008,3.440,3.344,1.808,1.024,1.120,1.032,1.792,1.096,0.680,1.824,0.256,2051,いいえ,60.1,43.8,1.110,1.110,1.800,1.800,1.005,5.040,0.250,いいえ,いいえ,いいえ,42.2,1.110,1.110,1.800,1.800,1.005,5.040,0.250,いいえ,いいえ,いいえ,37,37,いいえ,はい,15388,14039,128,128,34,100.0,いいえ,いいえ,3868,2528,9990,41,43,51,100.0,100.0,いいえ,いいえ,7032,7744,0.0,0.1,0.1,0.000,0.006,1392,1010,0.0,0.0,0.0,0.000,0.000,181182,133153,0.0,0.1,0.1,0.000,0.014,66345,77715,61.9,0.720,29.000,600.0,2400.0,1200.0,100.0,0.0,0.0,0.0,0.0,0.0,0.0,0.0,0.0,125,2,16.0,86,いいえ,いいえ,いいえ,68.9,70.0,78.4,84.0,1.100,12.193,12.191,12.155,12.237,12.191,1522,1523,148.579,56.245,102.448,24.210,28.806,114.785,12.106,40.871,27.353,99.379,220.000,220.000,2775.0,1281.5,2130.0,2764.4,2235.0,2758.2,1280.4,2217.9,93.0,57.0,0.0,0.0,92.0,25.2,100.0,0.0,0.8,0.0,38,38,はい,いいえ,いいえ,はい,いいえ,いいえ,いいえ,65.1,78.2,0,0,0,0,0,0,0,0,0,0,0,0,0,0,0,0,0,0,0,0,0,0,0,0,0,0,0,0,0,0,980,11302,11026,591,16.0,5.5,17.5,1.6,1.6,1.6,1.6,1.5,1.5,1.5,1.5,1.5,1.5,183.44,616.47,57.27,57.09,638.09,638.09,2.59,28.18,183.39,0.05,12.49,0,0,0.0,0.0,44293,39024,5.8,150.7,0,
19.7.2026,0:57:55.262,27848,6063,82.1,14120,17743,44.3,3.5,2048,71,1.245,1.245,1.245,1.245,1.245,1.245,1.245,4055.5,4112.6,4112.6,5140.7,4112.6,3427.2,3427.2,99.8,696.4,1330.7,127.1,715.5,1303.4,1157.0,2794.3,305.3,224.2,107.3,134.4,79.5,77.6,696.4,13.3,25.3,2.4,14.1,23.7,21.6,54.6,5.3,4.6,2.1,2.6,1.5,1.6,54.6,13.3,17.5,30.9,3.1,18.6,32.3,29.3,73.5,6.9,5.5,2.7,3.4,1.9,1.9,17.5,40.6,41.2,41.2,51.5,41.2,34.3,34.3,0.0,27.7,31.1,39.8,76.1,11.6,4.5,3.2,46.2,68.9,60.2,23.9,88.4,16.8,19.2,26.1,0.0,0.0,0.0,0.0,78.7,77.6,2395.7,24.00,40,39,39,77,116,708,1,72.6,69.9,67.4,60.5,58.9,64.1,67.9,60.0,55.5,56.6,58.3,58.3,66.5,60.3,46.0,44.2,47.0,1.245,1.015,1.100,16.826,8.032,16.841,54.000,6.089,41.882,2.526,2.842,3.760,5.192,2.345,0.522,0.493,20.960,8.153,35.811,40.841,1996.4,2395.7,5143.5,5143.5,5145.1,46.4,22.5,36.0,46.4,82.3,いいえ,いいえ,いいえ,0.557,0.195,1.7,44.0,72.6,40.0,72.0,1.248,12.038,3.440,3.296,5.016,1.064,1.008,3.440,3.344,1.808,1.024,1.120,1.032,1.792,1.096,0.680,1.824,0.256,2054,いいえ,60.1,43.8,1.110,1.110,1.800,1.800,1.005,5.040,0.375,いいえ,いいえ,いいえ,42.2,1.110,1.110,1.800,1.800,1.005,5.040,0.250,いいえ,いいえ,いいえ,37,37,いいえ,はい,15388,14039,128,128,34,100.0,いいえ,いいえ,3868,2528,9990,41,43,51,100.0,100.0,いいえ,いいえ,7032,7744,0.0,0.0,0.0,0.000,0.004,1392,1010,0.0,0.0,0.0,0.000,0.000,181182,133153,0.0,1.1,1.1,0.000,0.020,66345,77715,62.0,0.720,19.000,600.0,2400.0,1200.0,100.0,0.0,0.0,0.0,0.0,0.0,0.0,0.0,0.0,125,2,16.0,86,いいえ,いいえ,いいえ,68.9,72.0,78.4,84.0,1.100,12.172,12.167,12.134,12.219,12.169,1526,1528,142.856,68.132,114.968,27.571,31.427,128.976,13.799,45.188,89.534,93.594,220.000,220.000,2775.0,1281.5,2130.0,2764.0,2235.0,2761.1,1280.8,2223.6,93.0,59.0,0.0,0.0,92.0,25.2,100.0,0.0,0.9,0.0,38,38,はい,いいえ,いいえ,はい,いいえ,いいえ,いいえ,72.8,69.2,0,0,0,0,0,0,0,0,0,0,0,0,0,0,0,0,0,0,0,0,0,0,0,0,0,0,0,0,0,0,980,11302,11026,591,16.0,3.2,16.1,1.1,1.0,1.0,1.0,1.0,1.0,1.0,1.0,1.0,1.0,315.76,947.69,62.07,62.06,971.86,971.86,1.96,54.11,315.71,0.05,626.49,0,0,0.0,0.0,44293,39024,6.3,258.0,0,
19.7.2026,0:57:57.265,27851,6060,82.1,14589,17274,45.7,3.5,2048,71,1.278,1.270,1.280,1.280,1.280,1.280,1.280,4324.1,5140.7,4092.6,5115.8,4092.6,3410.5,4092.6,99.8,1900.3,2033.8,1596.1,2147.2,2690.9,2209.4,2709.5,1686.6,1639.9,1572.8,1479.1,1510.8,1528.0,1900.3,38.7,39.0,33.0,43.9,54.2,44.7,54.9,34.8,33.6,32.7,30.5,31.2,31.6,54.9,38.7,49.4,48.6,41.9,56.3,70.6,57.5,71.1,43.9,42.9,41.3,38.8,39.7,40.2,49.4,43.3,51.5,41.0,51.2,41.0,34.2,41.0,0.0,48.2,43.9,67.7,69.0,39.9,34.9,34.1,35.4,47.2,32.3,31.0,57.0,22.7,22.1,16.4,8.9,0.0,0.0,3.1,42.4,43.8,2395.7,24.00,40,39,39,77,116,708,1,82.2,76.9,78.6,67.2,63.3,72.3,72.6,67.8,62.4,65.1,59.5,59.5,68.0,60.7,46.0,44.7,47.0,1.221,1.015,1.100,24.997,8.398,24.984,65.500,6.093,52.041,4.311,3.743,5.907,6.063,4.199,2.968,2.984,30.352,8.523,45.578,51.120,1996.4,2395.7,5016.6,5016.6,5049.5,58.1,33.3,43.7,58.1,90.5,いいえ,いいえ,いいえ,8.382,3.890,2.9,44.0,82.2,40.0,82.0,1.264,12.144,3.440,3.312,5.040,1.064,1.000,3.440,3.344,1.808,1.024,1.120,1.032,1.792,1.096,0.680,1.824,0.256,2064,いいえ,60.1,43.8,1.110,1.110,1.800,1.800,1.005,5.040,1.625,いいえ,いいえ,いいえ,42.2,1.110,1.110,1.800,1.800,0.990,5.040,0.250,いいえ,いいえ,いいえ,37,37,いいえ,はい,15388,14039,128,128,34,100.0,いいえ,いいえ,3868,2528,9990,41,43,51,100.0,100.0,いいえ,いいえ,7032,7744,0.0,0.0,0.0,0.000,0.002,1392,1010,0.0,0.0,0.0,0.000,0.000,181182,133153,0.0,0.0,0.0,0.000,0.026,66345,77715,62.2,0.720,45.000,600.0,2400.0,1200.0,100.0,0.0,0.0,0.0,0.0,0.0,0.0,0.0,0.0,125,2,16.0,86,いいえ,いいえ,いいえ,57.8,66.0,68.4,84.0,1.095,12.307,12.316,12.257,12.336,12.318,1535,1537,47.827,19.089,27.317,7.611,16.547,31.123,3.806,20.355,23.012,22.939,220.000,220.000,2775.0,1281.5,2145.0,2773.4,2235.0,2774.7,1280.2,2234.0,1.0,0.0,1.0,0.0,87.5,19.1,75.3,0.0,1.0,0.0,38,38,はい,いいえ,いいえ,はい,いいえ,いいえ,いいえ,23.1,26.3,0,0,0,0,0,0,0,0,0,0,0,0,0,0,0,0,0,0,0,0,0,0,0,0,0,0,0,0,0,0,1538,10744,10468,591,16.0,4.9,17.5,2.1,2.1,2.1,2.1,3.9,19.4,1.9,1.9,1.9,1.9,203.66,466.86,57.13,57.02,472.06,472.06,1.42,50.03,203.53,0.13,329.33,0,0,0.0,0.0,44293,39025,7.0,183.4,0,
19.7.2026,0:57:59.283,28041,5870,82.6,13750,18113,43.1,3.5,2048,71,1.245,1.245,1.245,1.245,1.245,1.245,1.245,3941.2,3427.2,4112.6,5140.7,4112.6,3427.2,3427.2,99.8,1198.0,2254.9,672.7,1614.9,1643.3,1032.2,3383.9,834.6,886.1,498.6,557.0,491.7,505.8,1198.0,23.3,39.3,13.7,32.3,31.6,19.4,66.7,15.1,18.1,10.7,11.9,10.4,10.9,66.7,23.3,30.3,51.8,17.3,42.4,41.5,26.1,89.0,20.3,22.7,12.9,14.4,12.6,13.1,30.3,39.5,34.3,41.2,51.5,41.2,34.3,34.3,0.0,39.8,47.4,55.6,76.9,27.1,16.5,15.2,48.1,50.4,44.4,23.1,72.9,43.6,54.0,12.2,2.2,0.0,0.0,0.0,39.9,30.8,2395.7,24.00,40,39,39,77,116,708,1,81.0,75.0,66.9,65.3,62.8,69.1,72.7,65.2,59.7,62.1,60.0,60.0,66.5,60.5,46.0,44.8,47.0,1.250,1.015,1.100,21.816,8.239,21.832,45.500,6.080,48.830,3.728,3.746,4.960,6.152,3.588,1.900,2.021,27.234,8.361,42.283,47.523,1996.4,2395.7,5102.6,5102.6,5103.5,54.0,29.1,30.3,54.0,88.2,いいえ,いいえ,いいえ,3.607,2.061,2.4,44.0,80.2,40.0,80.0,1.256,12.091,3.440,3.312,5.040,1.064,1.000,3.440,3.344,1.808,1.024,1.120,1.032,1.792,1.096,0.680,1.824,0.256,2054,いいえ,60.1,43.8,1.110,1.110,1.800,1.800,1.005,5.040,0.250,いいえ,いいえ,いいえ,42.2,1.110,1.110,1.800,1.800,1.005,5.040,0.250,いいえ,いいえ,いいえ,37,37,いいえ,はい,15388,14039,128,128,34,100.0,いいえ,いいえ,3868,2528,9990,41,43,51,100.0,100.0,いいえ,いいえ,7032,7744,0.0,33.8,33.8,0.000,0.012,1392,1010,0.0,0.0,0.0,0.000,0.000,181182,133153,0.0,0.1,0.1,0.000,0.279,66345,77716,62.5,0.720,17.000,600.0,2400.0,1200.0,100.0,0.0,0.0,0.0,0.0,0.0,0.0,0.0,0.0,125,2,16.0,86,いいえ,いいえ,いいえ,66.1,70.0,75.1,84.0,1.095,12.189,12.187,12.151,12.232,12.186,1526,1528,97.151,72.635,111.378,25.909,30.025,124.641,12.954,42.923,161.952,71.299,220.000,220.000,2775.0,1281.5,2145.0,1387.0,2235.0,2770.8,1280.6,2231.9,89.0,51.0,2.0,0.0,92.7,25.3,100.0,0.0,1.1,0.0,38,38,はい,いいえ,いいえ,はい,いいえ,いいえ,いいえ,70.1,64.9,0,0,0,0,0,0,0,0,0,0,0,0,0,0,0,0,0,0,0,0,0,0,0,0,0,0,0,0,0,0,902,11380,11104,591,16.0,0.6,0.6,0.6,0.6,0.6,0.6,0.5,0.5,0.5,0.5,0.5,0.5,1797.45,1797.45,1797.45,1797.45,1797.45,1797.45,2.53,75.98,1797.39,0.07,1716.42,0,0,0.0,0.0,44293,39025,6.8,119.3,0,
19.7.2026,0:58:1.284,28007,5904,82.5,13823,18040,43.3,3.5,2048,71,1.250,1.250,1.250,1.250,1.250,1.250,1.250,4169.7,4112.6,5140.7,4112.6,4112.6,3427.2,4112.6,99.8,696.3,1474.8,128.5,862.2,1593.0,583.2,2837.7,293.1,205.3,117.6,118.7,65.4,76.0,696.3,13.1,27.7,2.6,16.8,29.6,10.1,55.5,4.5,4.2,2.3,2.2,1.1,1.4,55.5,13.1,17.4,34.6,3.2,22.5,40.1,13.7,74.6,6.2,5.1,2.9,2.9,1.5,1.9,17.4,41.8,41.2,51.5,41.2,41.2,34.3,41.2,0.0,28.0,33.6,48.9,66.5,11.3,4.9,3.1,46.9,66.4,51.1,33.5,88.7,22.8,18.7,25.1,0.0,0.0,0.0,0.0,72.4,78.2,2395.7,24.00,40,39,39,77,116,708,1,78.2,70.2,72.8,61.0,59.7,65.3,67.2,60.3,56.3,57.1,58.8,58.8,66.5,60.4,46.0,44.9,47.0,1.247,1.015,1.100,17.077,8.085,17.068,38.500,6.107,42.123,2.546,2.899,4.030,4.794,2.357,0.702,0.494,21.314,8.206,36.238,41.238,1996.4,2395.7,5146.1,5146.1,5147.3,46.9,22.8,25.7,46.9,82.6,いいえ,いいえ,いいえ,0.635,0.227,1.7,44.0,78.2,40.0,78.0,1.248,12.091,3.440,3.312,5.040,1.064,1.000,3.440,3.344,1.808,1.024,1.120,1.032,1.792,1.096,0.680,1.824,0.256,2054,いいえ,60.1,43.8,1.110,1.110,1.800,1.800,1.005,5.040,0.250,いいえ,いいえ,いいえ,42.2,1.110,1.110,1.800,1.800,1.005,5.040,0.375,いいえ,いいえ,いいえ,37,37,いいえ,はい,15388,14039,128,128,34,100.0,いいえ,いいえ,3868,2528,9990,41,43,51,100.0,100.0,いいえ,いいえ,7032,7744,0.0,0.0,0.0,0.000,0.002,1392,1010,0.0,0.0,0.0,0.000,0.000,181182,133153,0.0,0.0,0.0,0.000,0.012,66345,77716,62.3,0.720,21.000,600.0,2400.0,1200.0,100.0,0.0,0.0,0.0,0.0,0.0,0.0,0.0,0.0,125,2,16.0,86,いいえ,いいえ,いいえ,66.6,70.0,75.5,84.0,1.100,12.178,12.173,12.136,12.229,12.173,1522,1519,152.694,68.183,111.662,27.146,31.069,125.301,13.560,44.616,100.240,91.873,220.000,220.000,2775.0,1281.5,2130.0,2768.6,2235.0,2767.5,1280.3,2226.1,87.0,37.0,0.0,0.0,92.0,25.2,100.0,0.0,0.8,0.0,38,38,はい,いいえ,いいえ,はい,いいえ,いいえ,いいえ,71.0,67.0,0,0,0,0,0,0,0,0,0,0,0,0,0,0,0,0,0,0,0,0,0,0,0,0,0,0,0,0,0,0,980,11302,11026,591,16.0,1.7,15.8,0.6,0.6,0.6,0.6,0.0,0.0,0.0,0.0,0.0,0.0,600.93,1591.44,63.48,62.46,1621.49,1621.49,2.43,31.66,600.88,0.05,0.00,0,0,0.0,0.0,44293,39025,6.6,130.9,0,
19.7.2026,0:58:3.279,27880,6031,82.2,13891,17972,43.5,3.5,2048,71,1.245,1.245,1.245,1.245,1.245,1.245,1.245,4169.7,4112.6,5140.7,4112.6,4112.6,3427.2,4112.6,99.8,652.2,1048.7,157.2,2994.2,1456.0,849.5,537.4,237.2,187.1,109.3,128.8,65.8,55.0,652.2,12.5,19.1,3.4,58.5,27.8,15.6,10.2,4.1,4.0,2.3,2.6,1.4,1.2,58.5,12.5,16.3,23.0,3.9,78.9,37.9,20.3,13.4,5.2,4.6,2.7,3.2,1.6,1.3,16.3,41.8,41.2,51.5,41.2,41.2,34.3,41.2,0.0,26.1,25.0,85.9,28.5,9.4,4.9,2.7,48.2,75.0,14.1,71.5,90.6,18.9,18.8,25.8,0.0,0.0,0.0,0.0,76.2,78.5,2395.7,24.00,40,39,39,77,116,708,1,76.1,69.9,70.2,60.2,58.5,68.9,62.5,59.3,55.7,56.4,58.4,58.4,66.0,60.0,46.0,44.9,47.0,1.245,1.015,1.100,16.371,8.114,16.381,40.500,6.123,41.329,2.342,2.508,5.290,3.140,2.128,0.563,0.421,20.391,8.236,35.362,40.379,1996.4,2395.7,5149.4,5149.4,5147.6,45.9,21.8,27.0,45.9,82.3,いいえ,いいえ,いいえ,0.496,0.160,1.6,44.0,76.1,40.0,76.0,1.256,12.091,3.440,3.296,5.016,1.064,1.000,3.440,3.328,1.808,1.024,1.120,1.032,1.792,1.096,0.680,1.824,0.256,2054,いいえ,60.1,43.8,1.110,1.110,1.800,1.800,1.005,5.040,0.250,いいえ,いいえ,いいえ,42.2,1.110,1.110,1.800,1.800,1.005,5.040,0.250,いいえ,いいえ,いいえ,37,37,いいえ,はい,15388,14039,128,128,34,100.0,いいえ,いいえ,3868,2528,9990,41,43,51,100.0,100.0,いいえ,いいえ,7032,7744,0.0,0.0,0.0,0.000,0.004,1392,1010,0.0,0.0,0.0,0.000,0.000,181182,133153,0.1,0.1,0.1,0.013,0.154,66345,77716,62.2,0.720,19.000,600.0,2400.0,1200.0,100.0,0.0,0.0,0.0,0.0,0.0,0.0,0.0,0.0,125,2,16.0,86,いいえ,いいえ,いいえ,68.1,70.0,77.3,84.0,1.100,12.197,12.196,12.154,12.242,12.194,1520,1521,147.274,69.622,103.155,25.611,29.864,116.176,12.791,42.604,122.405,104.367,220.000,220.000,2775.0,1281.5,2130.0,2764.1,2235.0,2767.1,1279.8,2223.1,88.0,53.0,1.0,1.0,92.0,25.3,100.0,0.0,1.0,0.0,38,38,はい,いいえ,いいえ,はい,いいえ,いいえ,いいえ,66.3,69.5,0,0,0,0,0,0,0,0,0,0,0,0,0,0,0,0,0,0,0,0,0,0,0,0,0,0,0,0,0,0,980,11302,11026,592,16.0,1.0,1.0,1.0,1.0,1.0,1.0,1.0,1.0,1.0,1.0,1.0,1.0,1006.68,1006.68,1006.68,1006.68,1006.68,1006.68,994.80,12.53,1006.41,0.27,642.85,0,0,0.0,0.0,44293,39025,6.6,152.9,0,
19.7.2026,0:58:5.277,27858,6053,82.1,13950,17912,43.7,3.5,2048,71,1.264,1.245,1.265,1.265,1.270,1.270,1.270,4283.9,4112.6,5140.7,4112.6,4112.6,4112.6,4112.6,99.8,659.6,1185.7,141.9,3134.6,1212.0,881.2,625.7,243.7,139.7,111.8,106.5,57.9,74.8,659.6,12.5,22.6,3.3,61.4,22.6,16.0,12.0,4.3,3.1,1.9,1.6,0.6,1.0,61.4,12.5,16.5,26.7,3.5,82.6,31.3,20.7,15.7,5.3,3.4,2.8,2.6,1.4,1.8,16.5,42.9,41.2,51.5,41.2,41.2,41.2,41.2,0.0,26.6,28.4,84.2,31.1,8.5,4.6,2.9,46.7,71.6,15.8,68.9,91.5,14.6,17.9,26.7,0.0,0.0,0.0,0.0,80.8,79.2,2395.7,24.00,40,39,39,77,116,708,1,74.6,70.0,69.8,60.2,58.7,68.6,62.9,59.2,55.6,56.4,58.5,58.5,66.8,60.1,46.0,44.9,47.0,1.245,1.015,1.100,16.061,8.064,16.053,37.000,6.102,40.784,2.384,2.633,5.195,3.449,2.122,0.474,0.432,20.006,8.185,34.902,39.894,1996.4,2395.7,5150.4,5150.4,5147.6,45.3,21.4,24.7,45.3,82.3,いいえ,いいえ,いいえ,0.448,0.154,1.6,44.0,74.6,40.0,74.0,1.248,12.091,3.440,3.312,5.016,1.064,1.000,3.440,3.344,1.808,1.024,1.120,1.032,1.792,1.096,0.680,1.824,0.256,2036,いいえ,60.1,43.8,1.110,1.110,1.800,1.800,1.005,5.040,0.500,いいえ,いいえ,いいえ,42.2,1.110,1.110,1.800,1.800,1.005,5.040,0.250,いいえ,いいえ,いいえ,37,37,いいえ,はい,15388,14039,128,128,34,100.0,いいえ,いいえ,3868,2528,9990,41,43,51,100.0,100.0,いいえ,いいえ,7032,7744,0.0,0.1,0.1,0.000,0.010,1392,1010,0.0,0.0,0.0,0.000,0.000,181182,133153,0.0,0.0,0.0,0.000,0.042,66345,77716,62.2,0.720,18.000,600.0,2400.0,1200.0,100.0,0.0,0.0,0.0,0.0,0.0,0.0,0.0,0.0,125,2,16.0,86,いいえ,いいえ,いいえ,66.6,72.0,75.5,84.0,1.100,12.177,12.173,12.136,12.226,12.172,1522,1523,150.100,64.813,117.490,28.435,32.089,131.878,14.217,46.284,57.858,90.251,220.000,220.000,2775.0,1281.5,2130.0,2764.2,2235.0,2766.9,1280.0,2224.7,94.0,53.0,1.0,0.0,92.0,25.3,100.0,0.0,1.1,0.0,38,38,はい,いいえ,いいえ,はい,いいえ,いいえ,いいえ,74.4,46.7,0,0,0,0,0,0,0,0,0,0,0,0,0,0,0,0,0,0,0,0,0,0,0,0,0,0,0,0,0,0,980,11302,11026,592,16.0,1.1,1.1,1.1,1.1,1.1,1.1,1.2,1.2,1.2,1.2,1.2,1.2,872.07,872.07,872.07,872.07,872.07,872.07,865.05,6.84,871.80,0.27,716.04,0,0,0.0,0.0,44293,39026,6.7,209.4,0,
19.7.2026,0:58:7.301,27856,6055,82.1,13951,17912,43.7,3.5,2048,71,1.250,1.250,1.250,1.250,1.250,1.250,1.250,4055.5,4112.6,4112.6,5140.7,4112.6,3427.2,3427.2,99.8,636.7,1085.7,134.5,1045.8,3600.5,494.3,598.8,210.4,161.4,130.0,69.5,48.8,61.1,636.7,12.1,19.9,2.7,20.2,70.3,7.9,10.7,3.3,3.3,2.6,1.2,1.5,1.8,70.3,12.1,15.9,24.0,3.4,27.5,94.8,10.5,15.1,4.6,4.0,3.3,1.6,1.1,1.5,15.9,40.6,41.2,41.2,51.5,41.2,34.3,34.3,0.0,25.6,25.9,90.0,22.7,8.2,4.2,2.4,47.2,74.1,10.0,77.3,91.8,12.8,17.0,27.3,0.0,0.0,0.0,0.0,83.1,80.6,2395.7,24.00,40,39,39,77,116,708,1,73.5,69.8,67.9,60.0,58.5,69.1,61.9,59.0,55.4,56.2,58.4,58.4,66.8,60.1,46.0,45.0,47.0,1.245,1.015,1.100,16.004,7.940,16.005,37.500,6.115,40.580,2.293,2.520,5.329,3.024,2.051,0.419,0.413,19.926,8.059,34.712,39.710,1996.4,2395.7,5149.3,5149.3,5148.2,45.1,21.3,25.0,45.1,82.2,いいえ,いいえ,いいえ,0.322,0.121,1.5,44.0,73.6,40.0,73.0,1.248,12.091,3.440,3.312,5.016,1.064,1.000,3.440,3.344,1.808,1.024,1.120,1.032,1.792,1.096,0.680,1.824,0.256,2036,いいえ,60.1,43.8,1.110,1.110,1.800,1.800,1.005,5.040,0.250,いいえ,いいえ,いいえ,42.2,1.110,1.110,1.800,1.800,1.005,5.040,0.250,いいえ,いいえ,いいえ,37,37,いいえ,はい,15388,14039,128,128,34,100.0,いいえ,いいえ,3868,2528,9990,41,43,51,100.0,100.0,いいえ,いいえ,7032,7744,0.0,0.0,0.0,0.000,0.004,1392,1010,0.0,0.0,0.0,0.000,0.000,181182,133153,0.0,0.0,0.0,0.000,0.002,66345,77716,62.1,0.720,41.000,600.0,2400.0,1200.0,100.0,0.0,0.0,0.0,0.0,0.0,0.0,0.0,0.0,125,2,16.0,86,いいえ,いいえ,いいえ,67.9,70.0,77.4,84.0,1.100,12.165,12.160,12.129,12.211,12.158,1524,1523,160.920,71.037,121.018,27.238,31.123,134.813,13.605,44.703,94.867,100.926,220.000,220.000,2775.0,1281.5,2130.0,2764.1,2235.0,2755.6,1280.0,2218.3,81.0,33.0,1.0,0.0,92.0,25.3,100.0,0.0,1.0,0.0,38,38,はい,いいえ,いいえ,はい,いいえ,いいえ,いいえ,75.3,78.4,0,0,0,0,0,0,0,0,0,0,0,0,0,0,0,0,0,0,0,0,0,0,0,0,0,0,0,0,0,0,980,11302,11026,592,16.0,1.1,1.1,1.1,1.1,1.1,1.1,1.2,1.2,1.2,1.2,1.2,1.2,872.07,872.07,872.07,872.07,872.07,872.07,865.05,6.84,871.80,0.27,716.04,0,0,0.0,0.0,44293,39026,6.0,285.1,0,
19.7.2026,0:58:9.289,27859,6052,82.1,14028,17835,44.0,3.5,2048,71,1.245,1.245,1.245,1.245,1.245,1.245,1.245,4055.5,4112.6,4112.6,5140.7,4112.6,3427.2,3427.2,99.8,664.0,1153.6,125.6,1128.9,3246.9,690.7,791.0,239.9,181.9,160.2,123.8,51.8,73.9,664.0,12.6,21.5,2.2,21.5,63.0,11.6,15.4,3.6,3.5,3.8,2.7,0.5,1.1,63.0,12.6,16.7,26.1,3.1,29.6,85.4,15.7,20.1,5.3,4.5,4.1,3.1,1.2,1.8,16.7,40.6,41.2,41.2,51.5,41.2,34.3,34.3,0.0,26.8,27.6,84.7,30.3,9.2,6.0,2.7,46.6,72.3,15.3,69.7,90.8,14.9,16.5,26.7,0.2,0.0,0.0,0.0,79.1,80.7,2395.7,24.00,40,39,39,77,116,708,1,73.0,70.0,68.4,60.2,58.6,68.7,62.9,59.3,55.6,56.4,58.4,58.4,66.2,60.2,46.0,45.0,47.0,1.244,1.015,1.100,16.362,7.964,16.370,39.000,6.072,41.110,2.375,2.588,5.207,3.380,2.121,0.547,0.404,20.369,8.084,35.131,40.145,1996.4,2395.7,5147.4,5147.4,5146.4,45.6,21.8,26.0,45.6,82.4,いいえ,いいえ,いいえ,0.485,0.163,1.6,44.0,72.0,40.0,72.0,1.240,12.091,3.440,3.296,5.016,1.064,1.000,3.440,3.344,1.808,1.024,1.120,1.032,1.792,1.096,0.680,1.824,0.256,2036,いいえ,60.1,43.8,1.110,1.110,1.800,1.800,1.005,5.040,0.250,いいえ,いいえ,いいえ,42.2,1.110,1.110,1.800,1.800,1.005,5.040,0.375,いいえ,いいえ,いいえ,37,37,いいえ,はい,15388,14039,128,128,34,100.0,いいえ,いいえ,3868,2528,9990,41,43,51,100.0,100.0,いいえ,いいえ,7032,7744,0.0,0.0,0.0,0.000,0.006,1392,1010,0.0,0.0,0.0,0.000,0.000,181182,133153,0.0,0.0,0.0,0.000,0.008,66345,77716,62.1,0.720,17.000,600.0,2400.0,1200.0,100.0,0.0,0.0,0.0,0.0,0.0,0.0,0.0,0.0,125,2,16.0,86,いいえ,いいえ,いいえ,69.1,70.0,78.9,84.0,1.100,12.185,12.170,12.167,12.232,12.169,1526,1526,145.869,72.755,117.059,19.034,24.613,126.642,9.504,34.090,147.535,103.559,220.000,220.000,2775.0,1281.5,2130.0,2763.8,2235.0,2765.6,1280.9,2224.5,96.0,46.0,1.0,0.0,92.0,25.2,100.0,0.0,1.0,0.0,38,38,はい,いいえ,いいえ,はい,いいえ,いいえ,いいえ,68.7,82.5,0,0,0,0,0,0,0,0,0,0,0,0,0,0,0,0,0,0,0,0,0,0,0,0,0,0,0,0,0,0,980,11302,11026,592,16.0,4.6,16.0,1.4,1.4,1.4,1.4,3.2,28.3,1.3,1.3,1.3,1.3,215.87,696.56,62.59,62.53,719.41,719.41,3.22,58.27,215.83,0.05,379.16,0,0,0.0,0.0,44293,39027,6.6,198.2,0,
19.7.2026,0:58:11.302,27859,6052,82.1,14063,17800,44.1,3.5,2048,71,1.245,1.245,1.245,1.245,1.245,1.245,1.245,4169.7,4112.6,4112.6,5140.7,4112.6,4112.6,3427.2,99.8,653.0,1133.0,125.9,842.5,2189.9,1984.5,788.3,261.0,171.7,134.0,85.6,63.9,55.9,653.0,12.4,21.3,2.6,16.4,41.5,38.0,15.1,4.3,3.5,2.7,1.5,1.2,1.1,41.5,12.4,16.4,25.6,3.1,21.9,56.5,51.1,20.3,5.8,4.2,3.4,2.1,1.5,1.4,16.4,41.8,41.2,41.2,51.5,41.2,41.2,34.3,0.0,26.3,27.0,59.7,54.6,9.5,4.3,2.7,46.4,72.9,40.3,45.4,90.5,15.3,14.0,27.3,0.1,0.0,0.0,0.0,80.4,83.3,2395.7,24.00,40,39,39,77,116,708,1,72.5,69.7,67.4,60.1,58.5,65.9,65.4,59.4,55.3,56.2,58.3,58.3,66.5,60.1,46.0,45.0,47.0,1.244,1.015,1.100,15.888,7.957,15.882,33.500,6.096,40.417,2.330,2.569,4.285,4.204,2.134,0.450,0.335,19.775,8.076,34.558,39.551,1996.4,2395.7,5147.5,5147.5,5147.2,44.9,21.2,22.3,44.9,82.0,いいえ,いいえ,いいえ,0.421,0.149,1.6,44.0,72.5,40.0,72.0,1.248,12.038,3.440,3.296,5.016,1.064,1.000,3.440,3.344,1.808,1.024,1.120,1.032,1.792,1.096,0.680,1.824,0.256,2039,いいえ,60.1,43.8,1.110,1.110,1.800,1.800,1.005,5.040,0.250,いいえ,いいえ,いいえ,42.2,1.110,1.110,1.800,1.800,1.005,5.040,0.500,いいえ,いいえ,いいえ,37,37,いいえ,はい,15388,14039,128,128,34,100.0,いいえ,いいえ,3868,2528,9990,41,43,51,100.0,100.0,いいえ,いいえ,7032,7744,0.0,0.1,0.1,0.000,0.006,1392,1010,0.0,0.0,0.0,0.000,0.000,181182,133153,0.0,0.0,0.0,0.000,0.008,66345,77716,62.0,0.720,18.000,600.0,2400.0,1200.0,100.0,0.0,0.0,0.0,0.0,0.0,0.0,0.0,0.0,125,2,16.0,86,いいえ,いいえ,いいえ,68.6,72.0,78.0,84.0,1.100,12.168,12.165,12.128,12.216,12.163,1526,1528,142.635,75.854,117.999,28.830,32.344,132.570,14.413,46.724,139.461,94.491,220.000,220.000,2775.0,1281.5,2130.0,2764.5,2235.0,2765.3,1280.2,2221.5,95.0,64.0,1.0,0.0,92.0,25.2,100.0,0.0,0.9,0.0,38,38,はい,いいえ,いいえ,はい,いいえ,いいえ,いいえ,74.9,71.9,0,0,0,0,0,0,0,0,0,0,0,0,0,0,0,0,0,0,0,0,0,0,0,0,0,0,0,0,0,0,980,11302,11026,574,16.0,4.7,17.3,1.6,1.6,1.6,1.6,1.5,1.5,1.5,1.5,1.5,1.5,210.88,616.85,57.86,57.73,633.15,633.15,2.11,39.18,210.84,0.05,35.05,0,0,0.0,0.0,44293,39027,6.5,188.4,0,
19.7.2026,0:58:13.301,27861,6050,82.1,14132,17731,44.3,3.5,2048,71,1.241,1.245,1.240,1.240,1.240,1.240,1.240,4283.9,4112.6,4112.6,5140.7,4112.6,4112.6,4112.6,99.8,673.0,1251.6,114.7,1423.2,1429.6,2260.3,718.7,276.3,199.7,84.1,147.7,84.3,86.3,673.0,12.8,23.7,2.2,27.9,26.3,43.4,13.6,4.7,4.1,1.6,2.8,1.6,1.7,43.4,12.8,16.9,28.8,2.8,37.2,36.1,58.3,18.4,6.1,4.9,2.0,3.7,2.0,2.1,16.9,42.9,41.2,41.2,51.5,41.2,41.2,41.2,0.0,27.3,29.6,56.4,58.4,10.5,4.9,3.8,47.5,70.4,43.6,41.6,89.5,20.6,19.3,25.2,0.0,0.0,0.0,0.0,74.5,76.8,2395.7,24.00,40,39,39,77,116,708,1,72.4,69.8,67.4,60.4,58.7,65.6,66.0,59.7,55.6,56.6,58.3,58.3,66.0,59.8,46.0,45.0,47.0,1.244,1.015,1.100,16.804,8.000,16.805,38.500,6.089,41.653,2.455,2.720,4.223,4.478,2.226,0.582,0.502,20.911,8.120,35.729,40.732,1996.4,2395.7,5144.3,5144.3,5145.6,46.3,22.4,25.7,46.3,82.1,いいえ,いいえ,いいえ,0.473,0.162,1.6,44.0,72.4,40.0,72.0,1.248,12.038,3.440,3.312,5.016,1.064,1.000,3.440,3.328,1.808,1.024,1.120,1.032,1.792,1.096,0.680,1.824,0.256,2042,いいえ,60.1,43.8,1.110,1.110,1.800,1.800,1.005,5.040,0.250,いいえ,いいえ,いいえ,42.2,1.095,1.110,1.800,1.800,1.005,5.040,0.375,いいえ,いいえ,いいえ,37,37,いいえ,はい,15388,14039,128,128,34,100.0,いいえ,いいえ,3868,2528,9990,41,43,51,100.0,100.0,いいえ,いいえ,7032,7744,0.0,3.9,3.9,0.000,0.006,1392,1010,0.0,0.0,0.0,0.000,0.000,181182,133153,0.0,0.0,0.0,0.000,0.004,66345,77716,62.1,0.720,18.000,600.0,2400.0,1200.0,100.0,0.0,0.0,0.0,0.0,0.0,0.0,0.0,0.0,125,2,16.0,86,いいえ,いいえ,いいえ,67.9,70.0,77.2,84.0,1.100,12.241,12.242,12.207,12.276,12.241,1531,1530,149.958,53.967,76.256,14.568,21.692,83.867,7.296,28.923,88.475,110.659,220.000,220.000,2775.0,1281.5,2130.0,2764.3,2235.0,2766.2,1279.9,2225.1,80.0,31.0,2.0,0.0,92.0,25.2,100.0,0.0,0.9,0.0,38,38,はい,いいえ,いいえ,はい,いいえ,いいえ,いいえ,47.8,74.5,0,0,0,0,0,0,0,0,0,0,0,0,0,0,0,0,0,0,0,0,0,0,0,0,0,0,0,0,0,0,980,11302,11026,588,16.0,8.0,17.6,2.7,2.6,2.6,2.6,1.4,1.4,1.4,1.4,1.4,1.4,124.83,368.53,56.85,56.67,381.28,381.28,0.85,27.49,124.78,0.05,75.29,0,0,0.0,0.0,44293,39028,6.3,211.2,0,
19.7.2026,0:58:15.294,27771,6140,81.8,14514,17348,45.5,3.5,2048,71,1.230,1.255,1.225,1.225,1.225,1.225,1.225,4033.6,3344.0,3972.8,4966.0,3972.8,3972.8,3972.8,99.8,1851.2,2148.3,1536.0,1932.3,2068.5,2940.8,2564.0,1639.7,1611.2,1450.0,1440.2,1427.7,1456.1,1851.2,37.9,41.8,32.2,39.9,41.5,58.9,51.9,33.8,33.8,30.0,30.2,30.0,30.6,58.9,37.9,48.1,52.1,40.3,50.6,53.4,77.1,67.4,42.5,42.2,38.1,37.8,37.5,38.3,48.1,40.4,33.5,39.8,49.8,39.8,39.8,39.8,0.0,47.7,46.6,53.4,82.1,39.3,32.7,32.2,35.8,48.5,46.6,17.9,58.7,19.4,23.8,16.5,4.9,0.0,0.0,2.1,47.9,44.1,2395.7,24.00,40,39,39,77,116,708,1,81.6,75.5,80.1,66.7,63.5,69.2,73.3,67.5,61.7,64.7,59.4,59.4,66.8,60.6,46.0,45.0,47.0,1.221,1.015,1.100,24.562,8.408,24.558,68.000,6.092,51.630,4.153,3.932,4.920,6.428,4.100,2.692,2.847,29.787,8.533,45.021,50.545,1996.4,2395.7,5036.8,5036.8,5062.5,57.4,32.7,45.3,57.4,88.8,いいえ,いいえ,いいえ,7.954,3.670,2.9,44.0,81.2,40.0,81.0,1.232,12.144,3.440,3.312,5.016,1.064,1.000,3.440,3.328,1.808,1.024,1.120,1.032,1.792,1.104,0.672,1.824,0.256,2045,いいえ,61.0,44.0,1.110,1.110,1.800,1.800,1.005,5.040,0.375,いいえ,いいえ,いいえ,42.2,1.110,1.110,1.800,1.800,1.005,5.040,0.875,いいえ,いいえ,いいえ,37,37,いいえ,はい,15388,14039,128,128,34,100.0,いいえ,いいえ,3868,2528,9990,41,43,52,100.0,100.0,いいえ,いいえ,7032,7744,0.0,0.0,0.0,0.000,0.002,1392,1010,0.0,0.0,0.0,0.000,0.000,181182,133153,0.0,0.0,0.1,0.065,0.032,66345,77717,62.2,0.720,20.000,600.0,2400.0,1200.0,100.0,0.0,0.0,0.0,0.0,0.0,0.0,0.0,0.0,125,2,16.0,86,いいえ,いいえ,いいえ,57.7,66.0,68.6,84.0,1.095,12.310,12.321,12.260,12.339,12.320,1538,1539,48.586,19.034,27.062,7.589,16.588,30.861,3.795,20.393,22.889,23.091,220.000,220.000,2775.0,1281.5,2145.0,2769.4,2235.0,2776.7,1280.1,2234.9,1.0,0.0,1.0,0.0,87.5,18.0,70.7,0.0,1.1,0.0,38,38,はい,いいえ,いいえ,はい,いいえ,いいえ,いいえ,21.6,23.8,0,0,0,0,0,0,0,0,0,0,0,0,0,0,0,0,0,0,0,0,0,0,0,0,0,0,0,0,0,0,1538,10744,10468,590,16.0,1.6,13.6,0.9,0.9,0.9,0.9,1.6,22.3,0.8,0.8,0.8,0.8,617.95,1162.19,73.72,63.73,1173.29,1173.29,1.19,39.07,617.88,0.07,935.32,0,0,0.0,0.0,44293,39028,10.8,247.5,0,
19.7.2026,0:58:17.304,28087,5824,82.8,13743,18120,43.1,3.5,2048,71,1.254,1.250,1.255,1.255,1.255,1.255,1.255,4283.9,4112.6,5140.7,4112.6,4112.6,4112.6,4112.6,99.8,1187.2,2114.1,689.0,1136.4,3227.2,1490.2,1832.1,824.0,920.0,538.7,480.3,495.8,498.8,1187.2,23.0,35.8,13.7,22.6,64.0,29.0,35.4,15.3,18.4,12.1,9.9,10.2,10.4,64.0,23.0,30.0,47.4,17.7,29.6,84.8,37.8,46.6,20.2,23.6,14.0,12.3,12.8,12.9,30.0,42.9,41.2,51.5,41.2,41.2,41.2,41.2,0.0,39.4,44.2,75.7,56.9,27.4,16.4,16.1,46.0,46.9,23.8,43.1,72.6,38.1,51.7,14.5,8.9,0.6,0.0,0.0,45.5,32.1,2395.7,24.00,40,39,39,77,116,708,1,81.5,76.7,71.8,65.8,62.9,73.6,70.7,65.4,59.8,62.3,60.4,60.4,66.8,60.7,46.0,45.0,47.0,1.249,1.015,1.100,22.240,8.334,22.240,47.500,6.065,49.243,3.816,3.560,6.336,5.434,3.632,1.856,2.081,27.766,8.458,42.895,48.131,1996.4,2395.7,5081.7,5081.7,5084.2,54.7,29.7,31.7,54.7,90.3,いいえ,いいえ,いいえ,3.819,2.182,2.4,44.0,81.6,40.0,81.0,1.264,12.038,3.440,3.296,5.016,1.064,1.000,3.440,3.328,1.808,1.024,1.120,1.032,1.792,1.096,0.672,1.824,0.256,2048,いいえ,61.0,44.0,1.110,1.110,1.800,1.800,1.005,5.040,0.250,いいえ,いいえ,いいえ,42.5,1.110,1.110,1.800,1.800,1.005,5.040,0.500,いいえ,いいえ,いいえ,37,37,いいえ,はい,15388,14039,128,128,34,100.0,いいえ,いいえ,3868,2528,9990,41,43,51,100.0,100.0,いいえ,いいえ,7032,7744,0.0,0.1,0.1,0.000,0.008,1392,1010,0.0,0.0,0.0,0.000,0.000,181182,133153,0.0,0.0,0.0,0.000,0.014,66345,77717,62.7,0.720,43.000,600.0,2400.0,1200.0,100.0,0.0,0.0,0.0,0.0,0.0,0.0,0.0,0.0,125,2,16.0,86,いいえ,いいえ,いいえ,64.6,68.0,73.1,84.0,1.095,12.184,12.182,12.143,12.230,12.182,1535,1535,38.304,67.470,111.484,27.508,31.292,125.509,13.753,45.003,95.521,89.689,220.000,220.000,2775.0,1281.5,2145.0,1184.5,2235.0,2770.8,1280.5,2231.6,89.0,59.0,1.0,0.0,92.7,23.1,91.7,0.0,0.8,0.0,38,38,はい,いいえ,いいえ,はい,いいえ,いいえ,いいえ,71.1,70.6,0,0,0,0,0,0,0,0,0,0,0,0,0,0,0,0,0,0,0,0,0,0,0,0,0,0,0,0,0,0,902,11380,11104,590,16.0,0.4,0.4,0.4,0.4,0.4,0.4,0.0,0.0,0.0,0.0,0.0,0.0,2330.93,2330.93,2330.93,2330.93,2330.93,2330.93,2.16,77.62,2330.85,0.08,0.00,0,0,0.0,0.0,44293,39028,6.4,203.8,0,
19.7.2026,0:58:19.290,28007,5904,82.5,13817,18046,43.3,3.5,2048,71,1.245,1.245,1.245,1.245,1.245,1.245,1.245,4169.7,4112.6,4112.6,5140.7,4112.6,3427.2,4112.6,99.8,697.0,1436.2,144.2,1339.1,1105.7,2033.4,1410.1,332.3,173.9,94.0,105.3,91.4,98.7,697.0,13.2,26.8,3.3,26.4,20.2,39.4,27.2,5.9,3.0,1.4,1.5,1.3,1.5,39.4,13.2,17.4,33.3,3.6,35.0,27.2,52.6,36.5,7.4,4.2,2.3,2.6,2.2,2.5,17.4,41.8,41.2,41.2,51.5,41.2,34.3,41.2,0.0,28.0,32.7,48.6,67.3,11.3,4.1,4.1,48.2,67.3,51.3,32.7,88.7,24.4,24.9,23.7,0.0,0.0,0.0,0.0,71.5,71.0,2395.7,24.00,40,39,39,77,116,708,1,78.6,70.5,67.9,61.4,60.1,65.7,67.5,60.7,56.6,57.8,59.3,59.3,66.2,60.4,46.0,45.0,47.1,1.248,1.015,1.100,17.298,8.195,17.303,41.500,6.117,42.654,2.572,2.894,4.075,4.770,2.358,0.673,0.659,21.610,8.318,36.656,41.678,1996.4,2395.7,5148.3,5148.3,5148.4,47.4,23.1,27.7,47.4,83.0,いいえ,いいえ,いいえ,0.711,0.270,1.7,44.0,78.6,40.0,78.0,1.256,12.091,3.440,3.312,5.016,1.064,1.000,3.440,3.344,1.808,1.024,1.120,1.032,1.792,1.096,0.672,1.824,0.256,2051,いいえ,61.0,44.0,1.110,1.110,1.800,1.800,1.005,5.040,0.250,いいえ,いいえ,いいえ,42.5,1.110,1.110,1.800,1.815,1.005,5.040,0.250,いいえ,いいえ,いいえ,37,37,いいえ,はい,15388,14039,128,128,34,100.0,いいえ,いいえ,3868,2528,9990,41,43,52,100.0,100.0,いいえ,いいえ,7032,7744,0.0,0.0,0.0,0.000,0.000,1392,1010,0.0,0.0,0.0,0.000,0.000,181182,133153,0.0,0.1,0.1,0.000,0.401,66345,77717,62.5,0.720,20.000,600.0,2400.0,1200.0,100.0,0.0,0.0,0.0,0.0,0.0,0.0,0.0,0.0,125,2,16.0,86,いいえ,いいえ,いいえ,67.8,70.0,77.1,84.0,1.100,12.177,12.173,12.142,12.221,12.172,1522,1521,130.704,69.228,121.349,26.805,30.781,135.070,13.402,44.145,67.884,114.386,220.000,220.000,2775.0,1281.5,2130.0,2767.9,2235.0,2769.6,1280.2,2229.7,92.0,55.0,0.0,0.0,92.0,25.3,100.0,0.0,1.0,0.0,38,38,はい,いいえ,いいえ,はい,いいえ,いいえ,いいえ,73.1,58.5,0,0,0,0,0,0,0,0,0,0,0,0,0,0,0,0,0,0,0,0,0,0,0,0,0,0,0,0,0,0,980,11302,11026,590,16.0,2.1,8.4,0.9,0.9,0.9,0.9,0.8,0.8,0.8,0.8,0.8,0.8,465.49,1132.44,118.48,118.36,1152.99,1152.99,3.54,55.89,465.44,0.06,28.15,0,0,0.0,0.0,44293,39029,6.3,125.7,0,
19.7.2026,0:58:21.301,27912,5999,82.3,13854,18009,43.4,3.5,2048,71,1.245,1.245,1.245,1.245,1.245,1.245,1.245,4055.5,4112.6,5140.7,4112.6,4112.6,3427.2,3427.2,99.8,644.1,1073.0,120.4,892.1,1757.7,505.4,2677.7,219.4,179.6,133.6,52.7,48.0,69.8,644.1,12.1,20.1,1.7,16.9,33.2,8.6,52.2,3.4,3.7,2.7,0.8,0.8,1.3,52.2,12.1,16.2,24.2,3.0,23.3,45.1,11.8,70.3,4.7,4.4,3.4,1.2,1.1,1.7,16.2,40.6,41.2,51.5,41.2,41.2,34.3,34.3,0.0,25.9,25.7,52.4,61.7,8.9,4.0,2.5,46.2,74.3,47.3,38.3,91.1,12.0,14.4,27.9,0.0,0.3,0.0,0.0,84.0,83.1,2395.7,24.00,40,39,39,77,116,708,1,76.4,69.9,70.2,60.4,58.8,65.6,66.3,59.7,55.6,56.6,58.7,58.7,66.5,60.1,46.0,45.0,47.0,1.244,1.015,1.100,16.244,8.017,16.246,37.500,6.099,40.969,2.312,2.533,4.059,4.430,2.109,0.392,0.348,20.224,8.137,35.070,40.072,1996.4,2395.7,5148.8,5148.8,5148.0,45.5,21.7,25.0,45.5,82.3,いいえ,いいえ,いいえ,0.402,0.149,1.6,44.0,76.4,40.0,76.0,1.248,12.038,3.440,3.296,5.016,1.064,1.000,3.440,3.344,1.808,1.024,1.120,1.032,1.792,1.096,0.672,1.824,0.264,2048,いいえ,61.0,44.0,1.110,1.110,1.800,1.800,0.990,5.040,0.375,いいえ,いいえ,いいえ,42.5,1.110,1.110,1.800,1.800,1.005,5.040,0.250,いいえ,いいえ,いいえ,37,37,いいえ,はい,15388,14039,128,128,34,100.0,いいえ,いいえ,3868,2528,9990,41,43,51,100.0,100.0,いいえ,いいえ,7032,7744,0.0,0.1,0.1,0.000,0.006,1392,1010,0.0,0.0,0.0,0.000,0.000,181182,133153,0.0,0.0,0.0,0.000,0.032,66345,77717,62.3,0.720,42.000,600.0,2400.0,1200.0,100.0,0.0,0.0,0.0,0.0,0.0,0.0,0.0,0.0,125,2,16.0,86,いいえ,いいえ,いいえ,67.6,70.0,76.8,84.0,1.100,12.173,12.169,12.135,12.220,12.168,1522,1524,143.270,75.187,121.264,28.404,32.048,135.683,14.200,46.225,118.793,104.882,220.000,220.000,2775.0,1281.5,2130.0,2764.5,2235.0,2765.8,1280.8,2225.3,95.0,63.0,1.0,0.0,92.0,25.3,100.0,0.0,1.0,0.0,38,38,はい,いいえ,いいえ,はい,いいえ,いいえ,いいえ,72.5,71.5,0,0,0,0,0,0,0,0,0,0,0,0,0,0,0,0,0,0,0,0,0,0,0,0,0,0,0,0,0,0,980,11302,11026,590,16.0,1.0,1.0,1.0,1.0,1.0,1.0,1.0,1.0,1.0,1.0,1.0,1.0,994.09,994.09,994.09,994.09,994.09,994.09,984.56,9.50,993.77,0.32,960.44,0,0,0.0,0.0,44293,39029,6.8,173.1,0,
19.7.2026,0:58:23.301,27833,6078,82.0,13936,17927,43.7,3.5,2048,71,1.241,1.245,1.240,1.240,1.240,1.240,1.240,3941.2,3427.2,5140.7,4112.6,4112.6,3427.2,3427.2,99.8,652.7,1141.0,128.8,819.5,1523.2,937.6,2525.7,269.0,164.0,85.7,121.9,52.0,63.6,652.7,12.5,20.8,3.0,16.5,28.0,16.7,49.0,4.2,3.7,2.1,2.7,1.3,1.5,49.0,12.5,16.4,25.5,3.2,21.3,38.5,23.3,66.3,6.1,4.0,2.1,3.0,1.2,1.6,16.4,39.5,34.3,51.5,41.2,41.2,34.3,34.3,0.0,26.3,27.3,46.9,67.1,9.7,4.4,2.5,46.0,72.7,53.1,32.9,90.3,11.2,15.7,27.7,0.0,0.1,0.0,0.0,84.3,81.8,2395.7,24.00,40,39,39,77,116,708,1,74.9,69.8,69.8,60.4,58.8,64.7,66.8,59.8,55.6,56.5,58.6,58.6,66.5,60.5,46.0,45.0,47.0,1.244,1.015,1.100,16.413,8.158,16.415,38.500,6.076,41.288,2.346,2.606,3.835,4.700,2.152,0.409,0.373,20.420,8.280,35.383,40.387,1996.4,2395.7,5146.5,5146.5,5146.7,45.9,21.9,25.7,45.9,82.1,いいえ,いいえ,いいえ,0.440,0.148,1.6,44.0,74.0,40.0,74.0,1.248,12.038,3.440,3.296,5.016,1.064,1.000,3.440,3.328,1.808,1.024,1.120,1.032,1.792,1.096,0.672,1.824,0.256,2033,いいえ,61.0,44.0,1.110,1.110,1.800,1.800,0.990,5.040,0.375,いいえ,いいえ,いいえ,42.5,1.110,1.110,1.800,1.800,0.990,4.970,0.250,いいえ,いいえ,いいえ,37,37,いいえ,はい,15388,14039,128,128,34,100.0,いいえ,いいえ,3868,2528,9990,41,43,52,100.0,100.0,いいえ,いいえ,7032,7744,0.0,54.7,54.7,0.000,0.010,1392,1010,0.0,0.0,0.0,0.000,0.000,181182,133153,0.0,0.0,0.0,0.000,0.038,66345,77717,62.3,0.720,22.000,600.0,2400.0,1200.0,100.0,0.0,0.0,0.0,0.0,0.0,0.0,0.0,0.0,125,2,16.0,86,いいえ,いいえ,いいえ,68.1,72.0,77.3,84.0,1.100,12.178,12.173,12.137,12.226,12.174,1522,1526,140.318,60.482,115.508,27.950,31.774,129.649,13.976,45.719,26.698,92.584,220.000,220.000,2775.0,1281.5,2130.0,2764.3,2235.0,2763.6,1279.7,2222.3,96.0,62.0,0.0,0.0,92.0,25.1,100.0,0.0,0.6,0.0,38,38,はい,いいえ,いいえ,はい,いいえ,いいえ,いいえ,73.3,67.1,0,0,0,0,0,0,0,0,0,0,0,0,0,0,0,0,0,0,0,0,0,0,0,0,0,0,0,0,0,0,980,11302,11026,590,16.0,5.1,17.3,1.2,1.1,1.1,1.1,1.0,1.0,1.0,1.0,1.0,1.0,196.02,855.46,57.82,57.58,899.53,899.53,2.46,33.82,195.97,0.05,921.67,0,0,0.0,0.0,44293,39029,5.7,104.6,0,
19.7.2026,0:58:25.297,27832,6079,82.0,13938,17925,43.7,3.5,2048,71,1.245,1.245,1.245,1.245,1.245,1.245,1.245,4055.5,4112.6,5140.7,4112.6,4112.6,3427.2,3427.2,99.8,628.1,996.7,126.3,3388.9,1326.9,770.4,255.8,219.9,116.8,103.5,101.9,65.6,64.2,628.1,11.9,18.2,2.8,66.2,25.5,13.8,4.7,3.9,2.4,2.2,1.3,0.7,1.4,66.2,11.9,15.7,21.8,3.1,89.3,34.5,17.9,6.1,4.9,2.8,2.6,2.5,1.6,1.6,15.7,40.6,41.2,51.5,41.2,41.2,34.3,34.3,0.0,25.0,23.8,90.4,21.5,7.4,4.2,2.9,46.3,76.2,9.6,78.5,92.6,11.0,9.9,28.7,0.0,0.0,0.0,0.0,84.8,87.2,2395.7,24.00,40,39,39,77,116,708,1,73.9,70.0,69.8,60.1,58.5,69.4,61.8,59.0,55.5,56.2,58.5,58.5,66.5,60.1,46.0,45.0,47.1,1.244,1.015,1.100,15.801,8.020,15.800,40.500,6.097,40.418,2.228,2.433,5.409,2.859,1.980,0.407,0.280,19.671,8.141,34.519,39.513,1996.4,2395.7,5148.5,5148.5,5146.8,44.9,21.1,27.0,44.9,82.4,いいえ,いいえ,いいえ,0.301,0.117,1.5,44.0,73.0,40.0,73.0,1.256,12.038,3.440,3.296,5.016,1.064,1.000,3.440,3.344,1.808,1.024,1.120,1.032,1.792,1.096,0.672,1.824,0.264,2023,いいえ,61.0,44.0,1.110,1.110,1.800,1.800,0.990,5.040,0.250,いいえ,いいえ,いいえ,42.5,1.110,1.110,1.800,1.800,0.990,5.040,0.250,いいえ,いいえ,いいえ,37,37,いいえ,はい,15388,14039,128,128,34,100.0,いいえ,いいえ,3868,2528,9990,41,43,52,100.0,100.0,いいえ,いいえ,7032,7744,0.0,0.0,0.0,0.000,0.002,1392,1010,0.0,0.0,0.0,0.000,0.000,181182,133153,0.0,0.1,0.1,0.000,0.016,66345,77717,62.2,0.720,24.000,600.0,2400.0,1200.0,100.0,0.0,0.0,0.0,0.0,0.0,0.0,0.0,0.0,125,2,16.0,86,いいえ,いいえ,いいえ,70.3,70.0,80.4,84.0,1.100,12.170,12.163,12.134,12.217,12.164,1522,1521,152.856,82.541,126.151,28.972,32.532,140.874,14.488,46.999,166.249,104.061,220.000,220.000,2775.0,1281.5,2130.0,2764.7,2235.0,2768.7,1280.8,2224.4,95.0,58.0,0.0,0.0,92.0,25.1,100.0,0.0,0.6,0.0,38,38,はい,いいえ,いいえ,はい,いいえ,いいえ,いいえ,78.7,86.0,0,0,0,0,0,0,0,0,0,0,0,0,0,0,0,0,0,0,0,0,0,0,0,0,0,0,0,0,0,0,980,11302,11026,591,16.0,1.4,1.4,1.4,1.4,1.4,1.4,0.0,0.0,0.0,0.0,0.0,0.0,722.53,722.53,722.53,722.53,722.53,722.53,3.09,78.84,722.48,0.05,0.00,0,0,0.0,0.0,44293,39029,5.4,109.3,0,
19.7.2026,0:58:27.300,27836,6075,82.0,14000,17863,43.9,3.5,2048,71,1.245,1.245,1.245,1.245,1.245,1.245,1.245,4055.5,4112.6,4112.6,5140.7,4112.6,3427.2,3427.2,99.8,650.9,1103.4,129.5,2829.8,1470.4,888.7,685.8,265.7,167.7,84.2,53.2,65.9,66.4,650.9,12.7,20.8,2.9,55.5,28.3,16.1,13.1,4.8,3.7,1.9,1.9,2.3,1.5,55.5,12.7,16.3,24.8,3.2,74.5,38.2,21.1,17.3,5.9,4.1,2.1,1.2,1.6,1.6,16.3,40.6,41.2,41.2,51.5,41.2,34.3,34.3,0.0,26.1,26.3,83.0,32.0,9.6,2.9,2.9,46.5,73.6,17.0,68.0,90.4,13.9,15.9,27.4,0.0,0.0,0.0,0.0,83.2,81.2,2395.7,24.00,40,39,39,77,116,708,1,73.2,70.0,67.9,60.2,58.8,68.6,62.9,59.2,55.3,56.3,58.6,58.6,66.2,60.2,46.0,45.0,47.2,1.244,1.015,1.100,16.515,8.152,16.514,38.000,6.099,41.471,2.327,2.584,5.190,3.350,2.114,0.343,0.383,20.551,8.274,35.534,40.533,1996.4,2395.7,5147.9,5147.9,5146.2,46.1,22.0,25.3,46.1,82.4,いいえ,いいえ,いいえ,0.440,0.144,1.6,44.0,73.2,40.0,73.0,1.248,12.091,3.440,3.296,5.016,1.064,1.000,3.440,3.344,1.808,1.024,1.120,1.032,1.792,1.096,0.672,1.824,0.264,2051,いいえ,61.0,44.0,1.110,1.110,1.800,1.800,0.990,5.040,0.250,いいえ,いいえ,いいえ,42.5,1.110,1.110,1.800,1.800,0.990,5.040,0.250,いいえ,いいえ,いいえ,37,37,いいえ,はい,15388,14039,128,128,34,100.0,いいえ,いいえ,3868,2528,9990,41,43,52,100.0,100.0,いいえ,いいえ,7032,7744,0.0,0.0,0.0,0.000,0.004,1392,1010,0.0,0.0,0.0,0.000,0.000,181182,133153,0.0,0.0,0.0,0.000,0.002,66345,77717,62.2,0.720,16.000,600.0,2400.0,1200.0,100.0,0.0,0.0,0.0,0.0,0.0,0.0,0.0,0.0,125,2,16.0,86,いいえ,いいえ,いいえ,68.5,70.0,77.8,84.0,1.100,12.190,12.185,12.153,12.234,12.186,1527,1526,148.260,71.049,108.662,24.444,29.071,121.143,12.222,41.240,141.705,89.903,220.000,220.000,2775.0,1281.5,2130.0,2764.4,2235.0,2766.5,1280.3,2227.3,92.0,44.0,0.0,0.0,92.0,25.2,100.0,0.0,0.9,0.0,38,38,はい,いいえ,いいえ,はい,いいえ,いいえ,いいえ,68.1,61.5,0,0,0,0,0,0,0,0,0,0,0,0,0,0,0,0,0,0,0,0,0,0,0,0,0,0,0,0,0,0,980,11302,11026,591,16.0,1.0,1.0,1.0,1.0,1.0,1.0,1.0,1.0,1.0,1.0,1.0,1.0,970.60,970.60,970.60,970.60,970.60,970.60,955.62,14.35,970.37,0.23,948.40,0,0,0.0,0.0,44293,39030,6.3,166.5,0,
19.7.2026,0:58:29.298,27849,6062,82.1,14039,17824,44.0,3.5,2048,71,1.245,1.245,1.245,1.245,1.245,1.245,1.245,4169.7,4112.6,5140.7,4112.6,4112.6,3427.2,4112.6,99.8,655.7,1116.9,147.3,1403.3,2829.5,543.1,1072.9,239.6,174.6,55.9,147.5,62.8,74.5,655.7,12.3,20.8,2.8,27.1,54.5,9.0,20.6,3.7,3.3,0.7,2.7,0.9,1.2,54.5,12.3,16.5,25.1,3.7,36.8,74.1,12.1,27.8,5.2,4.3,1.3,3.7,1.5,1.8,16.5,41.8,41.2,51.5,41.2,41.2,34.3,41.2,0.0,26.3,26.7,81.8,32.7,9.2,4.2,3.0,47.7,73.0,18.2,67.3,90.8,15.9,21.1,26.0,0.3,0.0,0.0,0.0,79.9,75.9,2395.7,24.00,40,39,39,77,116,708,1,72.8,69.9,70.8,60.3,58.8,68.4,63.1,59.3,55.7,56.4,58.6,58.6,66.5,60.2,46.0,45.0,47.4,1.245,1.015,1.100,16.434,8.045,16.431,38.000,6.108,41.242,2.365,2.573,5.117,3.419,2.127,0.480,0.474,20.461,8.166,35.346,40.344,1996.4,2395.7,5149.2,5149.2,5147.1,45.8,21.9,25.3,45.8,82.2,いいえ,いいえ,いいえ,0.437,0.151,1.6,44.0,72.8,40.0,72.0,1.248,12.091,3.440,3.296,5.016,1.064,1.000,3.440,3.344,1.808,1.024,1.120,1.032,1.792,1.096,0.672,1.824,0.264,2039,いいえ,61.0,44.0,1.110,1.110,1.800,1.800,0.990,5.040,0.250,いいえ,いいえ,いいえ,42.5,1.110,1.110,1.800,1.800,0.990,5.040,0.625,いいえ,いいえ,いいえ,37,37,いいえ,はい,15388,14039,128,128,34,100.0,いいえ,いいえ,3868,2528,9990,41,43,52,100.0,100.0,いいえ,いいえ,7032,7744,0.0,34.4,34.4,0.000,0.008,1392,1010,0.0,0.0,0.0,0.000,0.000,181182,133153,0.0,0.1,0.1,0.000,0.085,66345,77718,62.2,0.720,19.000,600.0,2400.0,1200.0,100.0,0.0,0.0,0.0,0.0,0.0,0.0,0.0,0.0,125,2,16.0,86,いいえ,いいえ,いいえ,66.1,70.0,74.7,84.0,1.100,12.216,12.213,12.179,12.257,12.213,1535,1535,145.290,48.095,95.690,20.908,26.319,106.393,10.455,36.714,26.909,61.374,220.000,220.000,2775.0,1281.5,2130.0,2764.9,2235.0,2774.5,1280.4,2227.9,93.0,50.0,1.0,0.0,92.0,25.3,100.0,0.0,1.3,0.0,38,38,はい,いいえ,いいえ,はい,いいえ,いいえ,いいえ,60.2,35.7,0,0,0,0,0,0,0,0,0,0,0,0,0,0,0,0,0,0,0,0,0,0,0,0,0,0,0,0,0,0,980,11302,11026,591,16.0,12.0,12.5,11.5,11.5,11.5,11.5,11.5,20.0,8.6,8.6,8.6,8.6,83.38,86.48,80.22,80.21,86.52,86.52,3.04,77.63,83.30,0.08,29.71,0,0,0.0,0.0,44293,39030,7.4,247.4,0,
19.7.2026,0:58:31.302,27839,6072,82.0,14107,17756,44.2,3.5,2048,71,1.241,1.245,1.240,1.240,1.240,1.240,1.240,4283.9,4112.6,5140.7,4112.6,4112.6,4112.6,4112.6,99.8,680.0,1328.5,141.2,850.2,3279.5,737.2,1094.2,218.0,175.6,101.0,95.5,64.0,75.8,680.0,13.0,24.9,3.1,16.6,63.8,12.6,21.3,3.2,3.7,2.1,1.8,1.3,1.6,63.8,13.0,17.0,30.2,3.5,22.2,86.2,16.9,28.1,4.5,4.3,2.5,2.3,1.5,1.9,17.0,42.9,41.2,51.5,41.2,41.2,41.2,41.2,0.0,27.5,31.3,80.5,37.0,8.5,4.2,3.1,44.9,68.7,19.5,63.0,91.5,11.1,15.6,27.7,0.0,0.0,0.0,0.0,84.8,81.2,2395.7,24.00,40,39,39,77,116,708,1,72.6,70.1,69.8,60.4,59.2,68.4,63.7,59.3,55.5,56.3,58.6,58.6,66.2,60.4,46.0,45.0,47.6,1.245,1.015,1.100,16.553,8.065,16.555,39.000,6.087,41.431,2.444,2.818,5.116,3.769,2.177,0.398,0.390,20.618,8.186,35.500,40.505,1996.4,2395.7,5147.1,5147.1,5145.8,46.0,22.1,26.0,46.0,82.5,いいえ,いいえ,いいえ,0.469,0.170,1.6,44.0,72.5,40.0,72.0,1.256,12.038,3.440,3.312,5.016,1.064,1.000,3.440,3.344,1.808,1.024,1.120,1.032,1.792,1.096,0.672,1.824,0.264,2033,いいえ,61.0,44.0,1.110,1.110,1.800,1.800,0.990,5.040,0.250,いいえ,いいえ,いいえ,42.5,1.110,1.110,1.800,1.800,0.990,5.040,0.250,いいえ,いいえ,いいえ,37,37,いいえ,はい,15388,14039,128,128,34,100.0,いいえ,いいえ,3868,2528,9990,42,44,52,100.0,100.0,いいえ,いいえ,7032,7744,0.0,0.0,0.0,0.000,0.004,1392,1010,0.0,0.0,0.0,0.000,0.000,181182,133153,0.0,0.0,0.0,0.000,0.002,66345,77718,62.3,0.720,18.000,600.0,2400.0,1200.0,100.0,0.0,0.0,0.0,0.0,0.0,0.0,0.0,0.0,125,2,16.0,86,いいえ,いいえ,いいえ,69.3,72.0,79.1,84.0,1.100,12.179,12.174,12.142,12.225,12.175,1537,1539,139.951,69.934,116.854,27.392,31.302,130.791,13.697,44.956,106.521,87.960,220.000,220.000,2775.0,1281.5,2130.0,2764.5,2235.0,2767.0,1280.1,2224.8,93.0,60.0,3.0,0.0,92.0,25.3,100.0,0.0,1.1,0.0,38,38,はい,いいえ,いいえ,はい,いいえ,いいえ,いいえ,73.5,76.6,0,0,0,0,0,0,0,0,0,0,0,0,0,0,0,0,0,0,0,0,0,0,0,0,0,0,0,0,0,0,980,11302,11026,591,16.0,8.1,17.7,4.0,4.0,4.0,4.0,5.7,27.7,3.2,3.2,3.2,3.2,122.92,247.06,56.50,56.41,250.84,250.84,1.71,26.48,122.88,0.04,45.09,0,0,0.0,0.0,44293,39031,6.7,292.1,0,
19.7.2026,0:58:33.290,27684,6227,81.6,14509,17353,45.5,3.5,2048,71,1.140,1.080,1.150,1.120,1.140,1.185,1.165,4845.4,4866.2,4791.4,4766.4,4891.2,4866.2,4891.2,99.8,1302.6,1630.9,881.7,1213.6,2735.0,1755.9,1993.3,1001.4,925.2,867.7,900.0,852.7,873.5,1302.6,25.8,31.5,18.3,24.3,53.9,34.2,39.5,19.6,18.7,17.5,17.9,17.0,17.4,53.9,25.8,33.1,38.8,23.0,31.4,71.2,44.8,51.8,25.1,23.5,22.0,22.7,21.4,21.9,33.1,48.5,48.8,48.0,47.8,49.0,48.8,49.0,0.0,37.1,36.7,63.0,58.6,24.2,20.4,19.5,40.3,56.9,37.0,41.4,70.2,15.8,20.7,22.6,6.4,0.0,0.0,5.6,63.7,59.9,2395.7,24.00,40,39,39,77,116,708,1,78.9,72.6,86.4,63.4,61.0,68.6,68.0,63.2,59.0,60.6,58.9,58.9,67.2,60.5,46.0,45.0,47.7,1.226,1.015,1.100,20.579,8.286,20.525,67.500,6.091,46.214,3.330,3.186,5.109,4.907,3.169,1.768,1.842,25.128,8.410,40.238,45.470,1996.4,2395.7,5071.1,5071.1,5101.0,51.7,27.4,45.0,51.7,85.4,いいえ,いいえ,いいえ,4.617,2.108,2.2,44.0,80.4,40.0,80.0,1.160,12.144,3.440,3.312,5.016,1.064,1.000,3.440,3.344,1.808,1.024,1.120,1.032,1.792,1.104,0.672,1.824,0.256,2042,いいえ,61.0,44.0,1.110,1.110,1.800,1.800,1.005,5.040,0.625,いいえ,いいえ,いいえ,42.5,1.110,1.110,1.800,1.800,1.005,5.040,0.875,いいえ,いいえ,いいえ,37,37,いいえ,はい,15388,14039,128,128,34,100.0,いいえ,いいえ,3868,2528,9990,41,43,52,100.0,100.0,いいえ,いいえ,7032,7744,0.0,8.4,8.4,0.000,0.002,1392,1010,0.0,0.0,0.0,0.000,0.000,181182,133153,0.0,0.1,0.1,0.000,0.018,66345,77718,62.2,0.720,4.000,600.0,2400.0,1200.0,100.0,0.0,0.0,0.0,0.0,0.0,0.0,0.0,0.0,125,2,16.0,86,いいえ,いいえ,いいえ,58.1,66.0,68.8,84.0,1.095,12.297,12.307,12.246,12.326,12.308,1546,1551,78.064,19.138,27.542,7.482,16.556,31.284,3.742,20.299,23.037,23.160,220.000,220.000,2775.0,1281.5,2145.0,2765.5,2235.0,2775.4,1280.3,2235.3,1.0,0.0,1.0,0.0,87.5,22.2,88.1,0.0,0.9,0.0,38,38,はい,いいえ,いいえ,はい,いいえ,いいえ,いいえ,21.7,21.9,0,0,0,0,0,0,0,0,0,0,0,0,0,0,0,0,0,0,0,0,0,0,0,0,0,0,0,0,0,0,1538,10744,10468,591,16.0,12.9,17.6,8.4,8.3,8.3,8.3,3.9,27.8,1.4,1.4,1.4,1.4,77.77,119.31,56.97,56.60,121.02,121.02,0.70,29.60,77.70,0.06,43.88,0,0,0.0,0.0,44293,39031,6.5,253.1,0,
19.7.2026,0:58:35.292,28343,5568,83.5,13826,18037,43.3,3.5,2048,71,1.275,1.275,1.275,1.275,1.275,1.275,1.275,4455.3,5140.7,4112.6,5140.7,4112.6,4112.6,4112.6,99.8,1658.0,2135.4,1240.8,2049.3,2006.7,3217.4,2110.3,1458.2,1442.0,1040.0,985.3,1153.7,1057.1,1658.0,33.5,38.4,25.3,42.1,40.2,64.5,42.7,29.3,29.7,21.7,21.2,24.5,22.6,64.5,33.5,43.2,49.6,32.4,54.0,52.1,84.6,55.5,37.8,38.0,27.9,26.6,31.0,28.6,43.2,44.6,51.5,41.2,51.5,41.2,41.2,41.2,0.0,47.2,45.0,59.8,83.1,39.9,26.5,29.1,38.6,46.8,40.2,16.9,60.1,30.5,37.3,14.1,8.2,0.0,0.0,0.0,43.0,33.6,2395.7,24.00,40,39,39,77,116,708,1,81.9,78.9,70.2,68.1,64.2,71.9,76.5,68.7,62.0,65.5,60.9,60.9,66.2,60.6,46.0,45.0,48.0,1.234,1.015,1.100,24.894,8.498,24.928,59.000,6.051,52.700,4.246,3.775,5.441,6.888,4.217,2.388,2.768,30.587,8.624,45.868,51.362,1996.4,2395.7,5035.3,5035.3,5042.7,58.4,33.2,39.3,58.4,92.9,いいえ,いいえ,いいえ,6.952,3.582,2.8,45.0,82.0,40.0,82.0,1.272,12.144,3.440,3.328,5.040,1.064,1.000,3.440,3.344,1.808,1.024,1.120,1.040,1.792,1.096,0.672,1.824,0.256,2042,いいえ,61.0,44.0,1.110,1.110,1.800,1.800,1.005,4.970,0.500,いいえ,いいえ,いいえ,42.5,1.110,1.110,1.800,1.800,1.005,5.040,0.375,いいえ,いいえ,いいえ,37,37,いいえ,はい,15388,14039,128,128,34,100.0,いいえ,いいえ,3868,2528,9990,41,43,51,100.0,100.0,いいえ,いいえ,7032,7744,0.0,5.0,5.0,0.000,0.012,1392,1010,0.0,0.0,0.0,0.000,0.000,181182,133153,0.0,0.1,0.1,0.000,0.461,66345,77719,62.8,0.720,33.000,600.0,2400.0,1200.0,100.0,0.0,0.0,0.0,0.0,0.0,0.0,0.0,0.0,125,2,16.0,86,いいえ,いいえ,いいえ,57.1,64.0,67.2,84.0,1.100,12.304,12.311,12.259,12.334,12.312,1546,1548,30.909,19.639,34.421,7.510,16.563,38.174,3.755,20.332,18.896,17.460,220.000,220.000,2790.0,1281.5,2145.0,2081.0,2250.0,2788.1,1279.8,2244.6,80.0,11.0,1.0,0.0,92.7,19.0,75.3,0.0,0.6,0.0,38,38,はい,いいえ,いいえ,はい,いいえ,いいえ,いいえ,24.9,25.8,0,0,0,0,0,0,0,0,0,0,0,0,0,0,0,0,0,0,0,0,0,0,0,0,0,0,0,0,0,0,902,11380,11104,591,16.0,12.9,17.6,8.4,8.3,8.3,8.3,3.9,27.8,1.4,1.4,1.4,1.4,77.77,119.31,56.97,56.60,121.02,121.02,0.70,29.60,77.70,0.06,43.88,0,0,0.0,0.0,44293,39031,5.7,75.6,0,
19.7.2026,0:58:37.291,28042,5868,82.6,13823,18040,43.3,3.5,2048,71,1.261,1.245,1.240,1.270,1.270,1.270,1.270,4455.3,4112.6,5140.7,4112.6,5140.7,4112.6,4112.6,99.8,756.4,1936.6,151.6,1144.9,1632.7,2305.7,913.5,353.2,212.0,124.0,160.3,75.0,67.1,756.4,14.1,36.0,2.7,22.3,29.7,45.1,17.0,4.8,3.9,2.9,2.9,1.1,1.0,45.1,14.1,18.9,47.0,3.8,29.9,40.9,60.0,23.3,7.1,5.1,3.0,4.0,1.7,1.6,19.0,44.6,41.2,51.5,41.2,51.5,41.2,41.2,0.0,30.3,41.7,55.5,63.3,12.2,5.9,3.2,48.4,58.3,44.5,36.7,87.8,32.1,31.1,21.3,0.0,0.0,0.0,0.0,62.0,65.7,2395.7,24.00,40,39,39,77,116,708,1,79.1,71.2,69.9,62.3,61.5,67.0,67.9,61.4,57.6,58.4,59.6,59.6,66.0,60.4,46.0,45.0,48.0,1.254,1.015,1.100,18.331,8.096,18.351,42.000,6.076,44.071,2.847,3.323,4.514,4.794,2.608,1.035,0.806,23.023,8.218,37.925,42.982,1996.4,2395.7,5150.4,5150.4,5148.0,48.8,24.5,28.0,48.8,83.7,いいえ,いいえ,いいえ,0.881,0.471,1.8,44.0,79.1,40.0,79.0,1.256,12.038,3.440,3.296,5.016,1.064,1.000,3.440,3.344,1.808,1.024,1.120,1.032,1.792,1.096,0.672,1.824,0.264,2042,いいえ,61.0,44.0,1.110,1.110,1.800,1.800,1.005,4.970,0.625,いいえ,いいえ,いいえ,42.5,1.110,1.110,1.800,1.800,1.005,4.970,0.375,いいえ,いいえ,いいえ,37,37,いいえ,はい,15388,14039,128,128,34,100.0,いいえ,いいえ,3868,2528,9990,41,43,52,100.0,100.0,いいえ,いいえ,7032,7744,0.0,0.0,0.0,0.000,0.000,1392,1010,0.0,0.0,0.0,0.000,0.000,181182,133153,0.0,0.7,0.7,0.000,0.006,66345,77719,62.6,0.720,18.000,600.0,2400.0,1200.0,100.0,0.0,0.0,0.0,0.0,0.0,0.0,0.0,0.0,125,2,16.0,86,いいえ,いいえ,いいえ,66.7,70.0,75.7,84.0,1.100,12.198,12.196,12.155,12.243,12.197,1533,1532,131.364,55.363,99.204,24.831,29.368,111.854,12.417,41.726,62.258,61.246,220.000,220.000,2775.0,1281.5,2130.0,2769.2,2235.0,2761.5,1280.0,2222.4,89.0,57.0,0.0,1.0,92.0,25.2,100.0,0.0,0.9,0.0,38,38,はい,いいえ,いいえ,はい,いいえ,いいえ,いいえ,64.1,72.1,0,0,0,0,0,0,0,0,0,0,0,0,0,0,0,0,0,0,0,0,0,0,0,0,0,0,0,0,0,0,980,11302,11026,591,16.0,2.3,16.4,0.4,0.4,0.4,0.4,0.3,0.3,0.3,0.3,0.3,0.3,433.98,2641.59,60.94,60.87,2828.65,2828.65,0.89,19.13,433.94,0.05,419.26,0,0,0.0,0.0,44293,39032,6.4,118.3,0,
19.7.2026,0:58:39.297,27936,5975,82.3,13854,18009,43.4,3.5,2048,71,1.245,1.245,1.245,1.245,1.245,1.245,1.245,4055.5,4112.6,5140.7,4112.6,4112.6,3427.2,3427.2,99.8,635.3,997.9,132.5,1578.9,1067.3,2232.0,875.2,226.2,179.3,115.5,104.1,56.9,57.2,635.3,12.3,18.8,2.7,31.0,20.1,43.4,17.4,4.6,4.4,2.3,1.8,0.2,0.9,43.4,12.3,16.0,21.8,3.3,41.4,26.7,58.1,22.6,5.2,4.4,2.9,2.5,1.3,1.4,16.0,40.6,41.2,51.5,41.2,41.2,34.3,34.3,0.0,25.6,24.0,52.3,60.9,9.2,4.7,2.5,46.2,75.8,47.6,39.1,90.8,11.6,12.4,28.2,0.2,0.0,0.0,0.0,83.7,85.1,2395.7,24.00,40,39,39,77,116,708,1,76.8,69.9,70.8,60.6,58.9,65.6,66.3,59.8,56.1,56.7,59.0,59.0,66.2,60.4,46.0,45.0,48.0,1.244,1.015,1.100,16.215,8.144,16.214,37.500,6.117,41.073,2.269,2.463,4.018,4.309,2.083,0.431,0.312,20.182,8.266,35.177,40.176,1996.4,2395.7,5147.4,5147.4,5147.3,45.7,21.6,25.0,45.7,82.3,いいえ,いいえ,いいえ,0.436,0.145,1.5,45.0,76.9,40.0,76.0,1.256,12.144,3.440,3.296,5.016,1.064,1.000,3.440,3.344,1.808,1.024,1.120,1.032,1.792,1.096,0.672,1.824,0.256,2023,いいえ,61.0,44.0,1.110,1.110,1.800,1.800,1.005,4.970,0.500,いいえ,いいえ,いいえ,42.5,1.110,1.110,1.800,1.800,1.005,4.970,0.375,いいえ,いいえ,いいえ,37,37,いいえ,はい,15388,14039,128,128,34,100.0,いいえ,いいえ,3868,2528,9990,41,43,52,100.0,100.0,いいえ,いいえ,7032,7744,0.0,0.1,0.1,0.000,0.012,1392,1010,0.0,0.0,0.0,0.000,0.000,181182,133153,0.0,0.1,0.1,0.000,0.049,66345,77719,62.5,0.720,17.000,600.0,2400.0,1200.0,100.0,0.0,0.0,0.0,0.0,0.0,0.0,0.0,0.0,125,2,16.0,86,いいえ,いいえ,いいえ,66.6,70.0,76.2,84.0,1.100,12.183,12.177,12.146,12.230,12.178,1531,1530,149.907,69.030,111.662,25.621,29.939,124.693,12.823,42.716,96.018,108.770,220.000,220.000,2775.0,1281.5,2130.0,2764.1,2235.0,2767.4,1280.5,2225.3,91.0,46.0,0.0,0.0,92.0,25.3,100.0,0.0,1.1,0.0,38,38,はい,いいえ,いいえ,はい,いいえ,いいえ,いいえ,70.2,68.6,0,0,0,0,0,0,0,0,0,0,0,0,0,0,0,0,0,0,0,0,0,0,0,0,0,0,0,0,0,0,980,11302,11026,591,16.0,2.3,16.4,0.4,0.4,0.4,0.4,0.3,0.3,0.3,0.3,0.3,0.3,433.98,2641.59,60.94,60.87,2828.65,2828.65,0.89,19.13,433.94,0.05,419.26,0,0,0.0,0.0,44293,39032,6.7,156.2,0,
19.7.2026,0:58:41.301,27860,6051,82.1,13951,17912,43.7,3.5,2048,71,1.224,1.245,1.190,1.190,1.240,1.240,1.240,3941.2,3427.2,4112.6,5140.7,4112.6,3427.2,3427.2,99.8,667.0,1188.1,133.0,1015.7,1586.3,938.6,2346.1,242.8,185.1,98.5,138.1,56.9,74.9,667.0,12.9,22.0,3.3,20.5,29.4,16.9,45.6,3.8,3.6,2.4,2.5,2.3,2.0,45.6,12.9,16.7,26.7,3.3,26.5,40.2,23.2,61.6,5.3,4.6,2.4,3.4,1.3,1.8,16.7,39.5,34.3,41.2,51.5,41.2,34.3,34.3,0.0,26.7,28.3,51.4,63.4,9.5,5.0,2.9,46.3,71.7,48.6,36.6,90.5,12.6,17.8,27.0,0.0,0.0,0.0,0.0,82.4,79.3,2395.7,24.00,40,39,39,77,116,708,1,75.2,70.1,66.9,60.7,59.2,65.5,66.7,60.0,56.0,56.9,58.9,58.9,66.2,60.4,46.0,45.0,48.0,1.245,1.015,1.100,16.457,8.201,16.459,37.000,6.114,41.482,2.410,2.686,4.078,4.593,2.197,0.467,0.437,20.491,8.324,35.541,40.547,1996.4,2395.7,5147.4,5147.4,5147.1,46.1,21.9,24.7,46.1,82.5,いいえ,いいえ,いいえ,0.486,0.164,1.6,45.0,75.2,40.0,75.0,1.248,12.091,3.440,3.296,5.016,1.064,1.000,3.440,3.344,1.808,1.024,1.120,1.032,1.792,1.096,0.672,1.824,0.264,2030,いいえ,61.0,44.0,1.110,1.110,1.800,1.800,1.005,4.970,0.250,いいえ,いいえ,いいえ,42.5,1.110,1.110,1.800,1.800,1.005,4.970,0.250,いいえ,いいえ,いいえ,37,37,いいえ,はい,15388,14039,128,128,34,100.0,いいえ,いいえ,3868,2528,9990,41,43,52,100.0,100.0,いいえ,いいえ,7032,7744,0.0,13.2,13.2,0.000,0.008,1392,1010,0.0,0.0,0.0,0.000,0.000,181182,133153,0.0,0.1,0.1,0.000,0.008,66345,77719,62.4,0.720,18.000,600.0,2400.0,1200.0,100.0,0.0,0.0,0.0,0.0,0.0,0.0,0.0,0.0,125,2,16.0,86,いいえ,いいえ,いいえ,64.8,70.0,73.1,84.0,1.100,12.193,12.189,12.154,12.238,12.191,1533,1530,147.815,55.086,103.632,24.086,28.805,115.889,12.032,40.792,26.749,88.701,220.000,220.000,2775.0,1281.5,2130.0,2763.5,2235.0,2774.0,1280.7,2229.5,91.0,48.0,1.0,0.0,92.0,25.2,100.0,0.0,1.0,0.0,38,38,はい,いいえ,いいえ,はい,いいえ,いいえ,いいえ,65.6,27.9,0,0,0,0,0,0,0,0,0,0,0,0,0,0,0,0,0,0,0,0,0,0,0,0,0,0,0,0,0,0,980,11302,11026,591,16.0,7.2,15.8,4.3,4.3,4.3,4.3,0.0,0.0,0.0,0.0,0.0,0.0,138.53,230.72,63.39,62.35,232.98,232.98,1.77,45.97,138.48,0.06,0.00,0,0,0.0,0.0,44293,39032,6.4,152.8,0,
19.7.2026,0:58:43.288,27858,6053,82.1,13951,17912,43.7,3.5,2048,71,1.245,1.245,1.245,1.245,1.245,1.245,1.245,3941.2,4112.6,5140.7,4112.6,3427.2,3427.2,3427.2,99.8,691.6,1095.6,172.0,749.6,1116.0,633.5,3445.7,353.3,242.3,176.2,100.0,91.2,123.7,691.6,13.1,20.1,3.3,14.6,20.2,11.0,67.4,6.3,4.9,3.4,2.4,1.5,2.3,67.4,13.1,17.4,24.6,4.3,19.5,27.8,15.4,90.8,8.4,6.1,4.5,2.4,2.2,3.1,17.4,39.5,41.2,51.5,41.2,34.3,34.3,34.3,0.0,26.8,25.9,36.2,77.7,12.2,5.0,3.8,46.9,74.1,63.8,22.3,87.8,15.6,18.1,26.3,0.0,0.0,0.0,0.0,79.4,78.1,2395.7,24.00,40,39,39,77,116,708,1,74.5,70.3,70.8,60.9,59.0,64.3,68.5,60.7,55.9,57.3,58.8,58.8,66.5,60.4,46.1,45.0,48.0,1.244,1.015,1.100,16.639,8.317,16.634,51.000,6.093,41.744,2.423,2.586,3.543,5.078,2.291,0.523,0.518,20.706,8.442,35.851,40.862,1996.4,2395.7,5142.4,5142.4,5144.7,46.4,22.2,34.0,46.4,82.8,いいえ,いいえ,いいえ,0.633,0.253,1.6,45.0,74.5,40.0,74.0,1.248,12.091,3.440,3.296,5.016,1.064,0.992,3.440,3.344,1.808,1.024,1.120,1.032,1.792,1.096,0.672,1.824,0.264,2030,いいえ,61.0,44.0,1.110,1.110,1.800,1.800,1.005,4.970,0.250,いいえ,いいえ,いいえ,42.5,1.110,1.110,1.800,1.815,1.005,4.970,0.375,いいえ,いいえ,いいえ,37,37,いいえ,はい,15388,14039,128,128,34,100.0,いいえ,いいえ,3868,2528,9990,42,44,52,100.0,100.0,いいえ,いいえ,7032,7744,0.0,0.0,0.0,0.000,0.006,1392,1010,0.0,0.0,0.0,0.000,0.000,181182,133153,0.0,0.0,0.0,0.000,0.002,66345,77719,62.4,0.720,18.000,600.0,2400.0,1200.0,100.0,0.0,0.0,0.0,0.0,0.0,0.0,0.0,0.0,125,2,16.0,86,いいえ,いいえ,いいえ,68.4,70.0,77.8,84.0,1.100,12.168,12.163,12.128,12.217,12.163,1531,1528,149.548,78.954,122.455,29.944,33.280,137.605,14.973,48.239,152.436,92.701,220.000,220.000,2775.0,1281.5,2130.0,2764.7,2235.0,2762.6,1279.8,2223.3,93.0,52.0,0.0,0.0,92.0,25.2,100.0,0.0,0.9,0.0,38,38,はい,いいえ,いいえ,はい,いいえ,いいえ,いいえ,77.6,69.1,0,0,0,0,0,0,0,0,0,0,0,0,0,0,0,0,0,0,0,0,0,0,0,0,0,0,0,0,0,0,980,11302,11026,591,16.0,4.9,17.7,1.2,1.2,1.2,1.2,1.0,1.0,1.0,1.0,1.0,1.0,202.72,806.24,56.38,56.35,843.94,843.94,1.71,31.11,202.67,0.05,29.99,0,0,0.0,0.0,44293,39033,5.7,226.1,0,
19.7.2026,0:58:45.296,27856,6055,82.1,13993,17870,43.9,3.5,2048,71,1.249,1.270,1.245,1.245,1.245,1.245,1.245,4055.5,4112.6,5140.7,4112.6,4112.6,3427.2,3427.2,99.8,661.5,1130.5,143.7,1876.6,1752.6,919.4,1315.1,214.6,179.5,180.1,96.6,59.5,69.6,661.5,12.7,21.3,2.8,37.1,33.1,17.2,25.4,4.0,3.5,3.6,1.7,0.9,1.2,37.1,12.7,16.5,25.0,3.6,49.3,45.2,22.2,34.2,4.6,4.4,4.6,2.3,1.4,1.7,16.5,40.6,41.2,51.5,41.2,41.2,34.3,34.3,0.0,26.5,27.0,70.8,44.4,8.7,5.5,2.8,47.0,73.0,29.2,55.6,91.3,16.5,16.4,26.5,0.0,0.0,0.0,0.0,77.9,80.8,2395.7,24.00,40,39,39,77,116,708,1,73.8,70.4,70.8,60.7,59.0,67.8,64.7,59.8,56.1,56.9,58.8,58.8,66.5,60.4,46.1,45.0,48.0,1.245,1.015,1.100,16.372,8.264,16.370,40.000,6.088,41.416,2.398,2.615,4.807,3.842,2.153,0.558,0.414,20.399,8.388,35.484,40.486,1996.4,2395.7,5148.6,5148.6,5146.4,46.0,21.8,26.7,46.0,82.8,いいえ,いいえ,いいえ,0.478,0.165,1.6,45.0,73.8,40.0,73.0,1.256,12.091,3.440,3.296,5.016,1.064,1.000,3.440,3.344,1.808,1.024,1.120,1.032,1.792,1.096,0.672,1.824,0.264,2023,いいえ,61.0,44.0,1.110,1.110,1.800,1.800,1.005,4.970,0.250,いいえ,いいえ,いいえ,42.5,1.110,1.110,1.800,1.800,1.005,4.970,0.250,いいえ,いいえ,いいえ,37,37,いいえ,はい,15388,14039,128,128,34,100.0,いいえ,いいえ,3868,2528,9990,41,43,52,100.0,100.0,いいえ,いいえ,7032,7744,0.0,0.0,0.0,0.000,0.000,1392,1010,0.0,0.0,0.0,0.000,0.000,181182,133153,0.0,0.0,0.0,0.000,0.044,66345,77719,62.4,0.720,19.000,600.0,2400.0,1200.0,100.0,0.0,0.0,0.0,0.0,0.0,0.0,0.0,0.0,125,2,16.0,86,いいえ,いいえ,いいえ,68.9,70.0,78.4,84.0,1.100,12.180,12.171,12.148,12.229,12.172,1533,1535,143.090,70.784,114.973,24.513,28.998,127.362,12.257,41.215,117.624,99.332,220.000,220.000,2775.0,1281.5,2130.0,2764.0,2235.0,2769.7,1280.4,2225.9,92.0,55.0,0.0,0.0,92.0,25.2,100.0,0.0,1.0,0.0,38,38,はい,いいえ,いいえ,はい,いいえ,いいえ,いいえ,71.0,76.2,0,0,0,0,0,0,0,0,0,0,0,0,0,0,0,0,0,0,0,0,0,0,0,0,0,0,0,0,0,0,980,11302,11026,591,16.0,7.0,17.6,2.7,2.7,2.6,2.6,2.0,2.5,1.7,1.7,1.7,1.7,141.94,370.74,56.67,56.63,377.89,377.89,1.62,26.18,141.89,0.05,297.91,0,0,0.0,0.0,44293,39033,7.0,275.0,0,
19.7.2026,0:58:47.301,27845,6066,82.1,14041,17822,44.0,3.5,2048,71,1.235,1.185,1.245,1.245,1.245,1.245,1.245,3941.2,4112.6,5140.7,4112.6,3427.2,3427.2,3427.2,99.8,643.7,1046.3,103.8,3150.6,1224.3,797.3,656.9,227.7,155.2,138.4,93.3,73.5,57.7,643.7,12.4,19.5,2.5,61.5,23.5,13.8,12.8,3.3,3.5,3.1,2.1,1.8,1.4,61.5,12.4,16.2,23.9,2.5,83.0,31.6,18.8,16.6,5.0,3.8,3.5,2.3,1.8,1.4,16.2,39.5,41.2,51.5,41.2,34.3,34.3,34.3,0.0,25.9,25.0,84.9,29.6,8.4,4.6,2.9,46.9,74.9,15.0,70.4,91.6,14.4,15.3,27.2,0.0,0.1,0.0,0.0,81.0,81.8,2395.7,24.00,40,39,39,77,116,708,1,73.1,70.3,70.2,60.5,58.8,69.0,63.1,59.5,55.9,56.7,58.8,58.8,67.0,60.6,46.1,45.0,48.0,1.245,1.015,1.100,16.089,8.140,16.091,36.500,6.085,40.910,2.324,2.503,5.177,3.317,2.089,0.484,0.376,20.039,8.262,34.994,39.998,1996.4,2395.7,5148.5,5148.5,5147.2,45.5,21.5,24.3,45.5,82.7,いいえ,いいえ,いいえ,0.429,0.146,1.6,45.0,73.1,40.0,73.0,1.256,12.091,3.440,3.296,5.016,1.064,1.000,3.440,3.344,1.808,1.024,1.120,1.032,1.792,1.096,0.672,1.824,0.264,2023,いいえ,61.0,44.0,1.110,1.110,1.800,1.800,1.005,5.040,0.250,いいえ,いいえ,いいえ,42.5,1.110,1.110,1.800,1.800,1.005,5.040,0.250,いいえ,いいえ,いいえ,37,37,いいえ,はい,15388,14039,128,128,34,100.0,いいえ,いいえ,3868,2528,9990,41,43,52,100.0,100.0,いいえ,いいえ,7032,7744,0.0,34.0,34.0,0.000,0.010,1392,1010,0.0,0.0,0.0,0.000,0.000,181182,133153,0.0,0.1,0.1,0.000,0.071,66345,77719,62.4,0.720,18.000,600.0,2400.0,1200.0,100.0,0.0,0.0,0.0,0.0,0.0,0.0,0.0,0.0,125,2,16.0,86,いいえ,いいえ,いいえ,69.2,70.0,78.7,84.0,1.100,12.179,12.173,12.143,12.228,12.174,1535,1537,144.066,74.174,119.185,27.388,31.316,133.075,13.696,44.989,127.795,95.946,220.000,220.000,2775.0,1281.5,2130.0,2764.5,2235.0,2766.7,1280.1,2221.1,95.0,50.0,1.0,0.0,92.0,25.2,100.0,0.0,1.0,0.0,38,38,はい,いいえ,いいえ,はい,いいえ,いいえ,いいえ,74.6,71.3,0,0,0,0,0,0,0,0,0,0,0,0,0,0,0,0,0,0,0,0,0,0,0,0,0,0,0,0,0,0,980,11302,11026,591,16.0,1.9,1.9,1.9,1.9,1.9,1.9,1.9,1.9,1.9,1.9,1.9,1.9,539.41,539.41,539.41,539.41,539.41,539.41,536.34,3.01,539.12,0.29,79.12,0,0,0.0,0.0,44293,39034,6.3,178.6,0,
19.7.2026,0:58:49.302,27851,6060,82.1,14083,17780,44.1,3.5,2048,71,1.245,1.245,1.245,1.245,1.245,1.245,1.245,3827.0,4112.6,5140.7,3427.2,3427.2,3427.2,3427.2,99.8,666.6,1243.2,132.8,2533.8,1943.0,851.9,530.2,241.2,176.2,151.3,70.9,61.5,63.1,666.6,12.5,23.2,2.7,49.4,37.2,14.9,9.8,3.8,3.5,2.3,1.1,1.0,1.1,49.4,12.5,16.7,28.2,3.3,66.7,50.6,19.9,13.2,5.2,4.3,3.8,1.7,1.5,1.5,16.7,38.3,41.2,51.5,34.3,34.3,34.3,34.3,0.0,26.8,29.3,86.8,28.4,9.1,4.7,2.7,46.0,70.7,13.2,71.6,90.9,13.9,15.6,27.2,0.0,0.0,0.0,0.0,81.4,81.7,2395.7,24.00,40,39,39,77,116,708,1,73.0,70.4,69.8,60.6,59.3,69.3,63.1,59.5,56.0,56.6,58.8,58.8,66.2,60.4,46.1,45.0,48.0,1.246,1.015,1.100,16.581,8.191,16.581,36.500,6.078,41.574,2.413,2.710,5.320,3.403,2.182,0.477,0.387,20.663,8.314,35.662,40.665,1996.4,2395.7,5147.7,5147.7,5146.5,46.2,22.1,24.3,46.2,82.8,いいえ,いいえ,いいえ,0.447,0.158,1.6,45.0,72.0,40.0,72.0,1.256,12.091,3.440,3.296,5.016,1.064,0.992,3.440,3.344,1.808,1.024,1.120,1.032,1.792,1.096,0.672,1.824,0.264,2033,いいえ,61.0,44.0,1.110,1.110,1.800,1.800,1.005,5.040,0.250,いいえ,いいえ,いいえ,42.5,1.095,1.110,1.800,1.800,1.005,5.040,0.375,いいえ,いいえ,いいえ,37,37,いいえ,はい,15388,14039,128,128,34,100.0,いいえ,いいえ,3868,2528,9990,42,44,52,100.0,100.0,いいえ,いいえ,7032,7744,0.0,0.0,0.0,0.000,0.000,1392,1010,0.0,0.0,0.0,0.000,0.000,181182,133153,0.0,0.0,0.0,0.000,0.002,66345,77719,62.4,0.720,18.000,600.0,2400.0,1200.0,100.0,0.0,0.0,0.0,0.0,0.0,0.0,0.0,0.0,125,2,16.0,86,いいえ,いいえ,いいえ,68.3,70.0,77.4,84.0,1.100,12.195,12.190,12.159,12.239,12.191,1535,1537,150.091,58.102,110.909,25.891,30.045,124.120,12.947,42.936,27.420,90.552,220.000,220.000,2775.0,1281.5,2130.0,2764.3,2235.0,2762.6,1280.6,2223.5,91.0,59.0,1.0,0.0,92.0,25.2,100.0,0.0,0.8,0.0,38,38,はい,いいえ,いいえ,はい,いいえ,いいえ,いいえ,69.9,69.6,0,0,0,0,0,0,0,0,0,0,0,0,0,0,0,0,0,0,0,0,0,0,0,0,0,0,0,0,0,0,980,11302,11026,591,16.0,1.9,1.9,1.9,1.9,1.9,1.9,1.8,1.8,1.8,1.8,1.8,1.8,535.72,535.72,535.72,535.72,535.72,535.72,531.88,3.75,535.43,0.29,447.38,0,0,0.0,0.0,44293,39034,6.2,186.0,0,
19.7.2026,0:58:51.301,27255,6656,80.3,14086,17776,44.2,3.5,2048,71,1.224,1.240,1.290,1.265,1.180,1.180,1.190,4351.0,3427.2,4032.7,3972.8,4891.2,4891.2,4891.2,99.8,750.9,1219.8,217.0,1011.4,2965.7,614.2,1317.8,374.4,323.3,295.8,242.8,209.1,219.2,750.9,14.1,23.3,4.7,19.6,57.6,10.1,25.5,5.7,5.6,5.9,3.9,3.3,3.6,57.6,14.1,18.0,28.0,5.5,26.0,77.6,13.4,33.7,7.3,6.6,6.1,4.6,3.7,4.0,18.0,43.6,34.3,40.4,39.8,49.0,49.0,49.0,0.0,27.4,28.9,75.4,36.4,11.0,7.2,5.2,47.7,66.2,24.6,63.6,86.2,21.6,24.1,24.9,4.9,0.0,0.0,2.8,71.2,70.7,2395.7,24.00,40,39,39,77,116,708,1,74.1,70.7,82.5,61.1,59.4,68.6,64.2,60.2,56.6,57.6,58.9,58.9,67.2,60.8,46.2,45.0,48.0,1.239,1.015,1.100,17.069,8.194,17.030,63.500,6.071,42.113,2.655,2.694,5.214,3.885,2.394,0.915,0.830,21.217,8.317,36.212,41.204,1996.4,2395.7,5120.3,5120.3,5141.1,46.8,22.7,42.3,46.8,83.1,いいえ,いいえ,いいえ,1.020,0.506,1.6,45.0,73.9,40.0,73.0,1.272,12.144,3.440,3.328,5.040,1.064,0.992,3.440,3.328,1.808,1.024,1.120,1.032,1.792,1.096,0.672,1.824,0.264,2030,いいえ,61.0,44.0,1.110,1.110,1.800,1.800,1.005,5.040,1.500,いいえ,いいえ,いいえ,42.5,1.110,1.110,1.800,1.800,1.005,5.040,0.375,いいえ,いいえ,いいえ,37,37,いいえ,はい,15388,14039,128,128,34,100.0,いいえ,いいえ,3868,2528,9990,42,44,52,100.0,100.0,いいえ,いいえ,7032,7744,0.0,0.0,0.0,0.000,0.006,1392,1010,0.0,0.0,0.0,0.000,0.000,181182,133153,0.0,0.1,0.1,0.000,0.046,66345,77719,62.4,0.720,53.000,600.0,2400.0,1200.0,100.0,0.0,0.0,0.0,0.0,0.0,0.0,0.0,0.0,125,2,16.0,86,いいえ,いいえ,いいえ,58.8,66.0,69.6,84.0,1.095,12.310,12.319,12.260,12.339,12.320,1542,1542,121.581,19.374,27.699,7.712,16.662,31.550,3.856,20.523,23.377,23.614,220.000,220.000,2775.0,1281.5,2145.0,2770.4,2235.0,2776.9,1279.8,2235.9,1.0,0.0,1.0,0.0,87.5,23.7,93.6,0.0,1.1,0.0,38,38,はい,いいえ,いいえ,はい,いいえ,いいえ,いいえ,21.9,23.6,0,0,0,0,0,0,0,0,0,0,0,0,0,0,0,0,0,0,0,0,0,0,0,0,0,0,0,0,0,0,1538,10744,10468,591,16.0,3.6,1063.0,1.1,1.0,1.0,1.0,3.7,60.1,1.1,1.1,1.1,1.1,274.06,945.61,0.94,0.46,970.34,970.34,0.97,102.86,274.06,0.00,514.26,0,0,0.0,0.0,44293,39035,6.9,263.8,0,
19.7.2026,0:58:53.305,19847,14064,58.5,13791,18072,43.2,3.5,2048,71,1.260,1.260,1.260,1.260,1.260,1.260,1.260,4055.5,4112.6,4112.6,5140.7,4112.6,3427.2,3427.2,99.8,2231.9,2587.6,1933.9,2552.5,2567.7,2690.9,3301.8,2045.0,2059.6,1750.0,1710.5,1832.2,1751.4,2231.9,45.6,47.1,39.8,52.5,52.2,54.7,67.0,42.3,43.0,36.8,36.3,38.6,37.0,67.0,45.6,58.5,60.6,50.8,67.3,67.4,70.8,87.1,54.2,54.9,47.0,46.0,49.2,47.1,58.5,40.6,41.2,41.2,51.5,41.2,34.3,34.3,0.0,56.6,54.3,67.4,83.0,49.6,42.4,42.8,31.3,36.0,32.6,17.0,50.4,23.2,28.5,12.1,9.7,0.0,0.0,0.0,34.4,28.7,2395.7,24.00,40,39,39,77,116,708,1,82.8,81.3,71.2,70.5,65.7,73.9,78.0,71.5,65.0,68.6,61.0,61.0,66.8,61.1,46.3,45.0,48.0,1.221,1.015,1.100,27.961,8.655,27.994,67.500,6.111,56.419,4.875,4.187,5.858,7.285,4.814,3.435,3.673,33.905,8.783,49.410,55.165,1996.4,2395.7,4987.6,4987.6,4998.4,62.7,37.3,45.0,62.7,95.6,いいえ,いいえ,いいえ,10.597,5.222,3.4,45.0,82.6,40.0,82.0,1.208,12.144,3.440,3.328,5.040,1.064,0.992,3.440,3.344,1.808,1.024,1.120,1.040,1.792,1.096,0.672,1.824,0.264,2039,いいえ,61.0,44.2,1.110,1.110,1.815,1.800,1.005,5.040,0.375,いいえ,いいえ,いいえ,42.8,1.110,1.110,1.800,1.800,1.005,5.040,0.375,いいえ,いいえ,いいえ,37,37,いいえ,はい,15388,14039,128,128,34,100.0,いいえ,いいえ,3868,2528,9990,42,44,52,100.0,100.0,いいえ,いいえ,7032,7744,0.0,0.1,0.1,0.000,0.006,1392,1010,0.0,0.0,0.0,0.000,0.000,181182,133153,0.0,0.0,0.0,0.000,0.039,66345,77719,62.9,0.720,22.000,600.0,2400.0,1200.0,100.0,0.0,0.0,0.0,0.0,0.0,0.0,0.0,0.0,125,2,16.0,86,いいえ,いいえ,いいえ,55.7,64.0,66.8,84.0,0.925,12.315,12.326,12.268,12.342,12.326,1547,1546,40.742,13.895,19.274,5.300,14.697,21.931,2.650,17.343,13.429,16.539,220.000,220.000,705.0,625.2,1995.0,1276.2,1995.0,705.3,624.7,1994.4,21.0,3.0,0.0,6.0,26.2,20.6,81.4,0.0,0.9,0.0,38,38,はい,いいえ,いいえ,いいえ,いいえ,はい,いいえ,15.0,14.3,0,0,0,0,0,0,0,0,0,0,0,0,0,0,0,0,0,0,0,0,0,0,0,0,0,0,0,0,0,0,9064,3218,2954,591,16.0,0.8,0.8,0.8,0.8,0.8,0.8,0.0,0.0,0.0,0.0,0.0,0.0,1326.89,1326.89,1326.89,1326.89,1326.89,1326.89,2.56,80.05,1326.80,0.10,0.00,0,0,0.0,0.0,44293,39035,6.6,122.9,0,
19.7.2026,0:58:55.307,28011,5900,82.6,13750,18113,43.1,3.5,2048,71,1.276,1.275,1.280,1.275,1.275,1.275,1.275,4055.5,5140.7,4112.6,4112.6,4112.6,3427.2,3427.2,99.8,768.0,1828.0,210.1,787.3,1305.4,655.3,3292.5,341.6,350.5,159.0,101.1,67.1,118.0,768.0,14.6,34.0,3.9,15.7,23.7,11.5,64.4,5.3,7.0,3.9,1.9,1.2,2.5,64.4,14.6,19.2,43.9,5.1,20.4,32.2,15.9,86.6,7.2,8.7,4.0,2.4,1.5,2.9,19.2,40.6,51.5,41.2,41.2,41.2,34.3,34.3,0.0,30.6,39.8,43.0,76.0,15.6,5.4,4.1,50.5,60.2,57.0,24.0,84.4,34.4,43.1,18.8,0.0,0.0,0.0,0.0,60.2,52.8,2395.7,24.00,40,39,39,77,116,708,1,79.9,72.0,69.8,62.9,61.7,66.3,70.0,62.5,57.8,59.4,60.0,60.0,66.2,61.0,46.5,45.0,48.0,1.255,1.015,1.100,18.677,8.146,18.667,43.000,6.107,44.400,2.982,3.351,4.196,5.403,2.836,1.035,1.073,23.485,8.268,38.471,43.485,1996.4,2395.7,5147.3,5147.3,5146.7,49.4,24.9,28.7,49.4,84.7,いいえ,いいえ,いいえ,0.778,0.472,1.8,45.0,79.1,40.0,79.0,1.288,12.144,3.440,3.296,5.016,1.064,0.992,3.440,3.344,1.808,1.024,1.120,1.032,1.792,1.096,0.672,1.824,0.264,2027,いいえ,61.0,44.2,1.110,1.110,1.815,1.800,1.005,5.040,0.250,いいえ,いいえ,いいえ,42.8,1.110,1.110,1.815,1.800,1.005,5.040,0.250,いいえ,いいえ,いいえ,37,37,いいえ,はい,15388,14039,128,128,34,100.0,いいえ,いいえ,3868,2528,9990,42,44,52,100.0,100.0,いいえ,いいえ,7032,7744,0.0,1.7,1.7,0.000,0.008,1392,1010,0.0,0.0,0.0,0.000,0.000,181182,133153,0.0,0.0,0.0,0.000,0.008,66345,77719,62.8,0.720,18.000,600.0,2400.0,1200.0,100.0,0.0,0.0,0.0,0.0,0.0,0.0,0.0,0.0,125,2,16.0,86,いいえ,いいえ,いいえ,64.9,66.0,73.6,84.0,1.095,12.296,12.302,12.253,12.325,12.302,1533,1532,153.590,21.824,37.196,7.578,16.652,40.994,3.789,20.455,23.828,24.100,220.000,220.000,2775.0,1281.5,2145.0,2769.9,2235.0,2770.0,1280.5,2232.1,47.0,22.0,0.0,2.0,92.0,25.2,100.0,0.0,1.0,0.0,38,38,はい,いいえ,いいえ,はい,いいえ,いいえ,いいえ,57.7,74.7,0,0,0,0,0,0,0,0,0,0,0,0,0,0,0,0,0,0,0,0,0,0,0,0,0,0,0,0,0,0,980,11302,11026,591,16.0,0.8,0.8,0.8,0.8,0.8,0.8,0.0,0.0,0.0,0.0,0.0,0.0,1326.89,1326.89,1326.89,1326.89,1326.89,1326.89,2.56,80.05,1326.80,0.10,0.00,0,0,0.0,0.0,44293,39035,6.4,222.1,0,
19.7.2026,0:58:57.304,27917,5994,82.3,13832,18030,43.4,3.5,2048,71,1.241,1.245,1.240,1.240,1.240,1.240,1.240,4283.9,4112.6,4112.6,5140.7,4112.6,4112.6,4112.6,99.8,654.6,1119.4,124.1,482.6,935.4,808.0,3513.3,286.3,262.1,105.9,74.7,68.3,75.5,654.6,12.7,20.6,3.1,9.9,16.8,15.2,68.8,5.5,6.0,1.8,1.8,1.8,1.2,68.8,12.7,16.4,24.8,3.1,12.4,22.5,20.3,92.6,6.5,6.6,2.6,1.8,1.6,1.9,16.4,42.9,41.2,41.2,51.5,41.2,41.2,41.2,0.0,26.1,26.1,29.2,83.0,11.7,3.7,3.1,47.5,73.9,70.8,17.0,88.3,16.0,19.1,26.3,0.0,0.0,0.0,0.0,80.3,77.7,2395.7,24.00,40,39,39,77,116,708,1,77.5,70.6,69.9,61.3,59.6,63.8,69.3,61.0,56.5,57.6,59.4,59.4,66.2,60.6,46.5,45.0,48.0,1.247,1.015,1.100,16.624,8.164,16.638,37.000,6.119,41.810,2.400,2.589,3.291,5.275,2.259,0.492,0.492,20.746,8.287,35.763,40.788,1996.4,2395.7,5146.1,5146.1,5147.5,46.3,22.2,24.7,46.3,83.1,いいえ,いいえ,いいえ,0.557,0.155,1.6,45.0,77.6,40.0,77.0,1.256,12.038,3.440,3.296,5.016,1.064,0.992,3.440,3.344,1.808,1.024,1.120,1.032,1.792,1.096,0.672,1.824,0.256,2027,いいえ,61.0,44.2,1.110,1.110,1.815,1.800,0.990,5.040,0.250,いいえ,いいえ,いいえ,42.8,1.110,1.110,1.815,1.800,1.005,5.040,0.375,いいえ,いいえ,いいえ,37,37,いいえ,はい,15388,14039,128,128,34,100.0,いいえ,いいえ,3868,2528,9990,42,44,52,100.0,100.0,いいえ,いいえ,7032,7744,0.0,0.1,0.1,0.000,0.008,1392,1010,0.0,0.0,0.0,0.000,0.000,181182,133153,0.0,0.0,0.0,0.000,0.234,66345,77720,62.7,0.720,35.000,600.0,2400.0,1200.0,100.0,0.0,0.0,0.0,0.0,0.0,0.0,0.0,0.0,125,2,16.0,86,いいえ,いいえ,いいえ,67.4,70.0,76.3,84.0,1.095,12.194,12.190,12.156,12.239,12.189,1527,1528,150.020,63.930,102.306,22.771,27.704,113.850,11.372,39.030,100.879,93.531,220.000,220.000,2775.0,1281.5,2145.0,2769.6,2235.0,2773.6,1280.3,2234.2,92.0,46.0,2.0,0.0,92.0,25.2,100.0,0.0,0.9,0.0,38,38,はい,いいえ,いいえ,はい,いいえ,いいえ,いいえ,64.2,64.5,0,0,0,0,0,0,0,0,0,0,0,0,0,0,0,0,0,0,0,0,0,0,0,0,0,0,0,0,0,0,980,11302,11026,591,16.0,1.1,1.1,1.1,1.1,1.1,1.1,1.2,1.2,1.2,1.2,1.2,1.2,870.71,870.71,870.71,870.71,870.71,870.71,860.06,11.36,870.45,0.26,713.32,0,0,0.0,0.0,44293,39035,6.1,128.2,0,
19.7.2026,0:58:59.322,27841,6070,82.1,13924,17938,43.7,3.5,2048,71,1.218,1.245,1.195,1.195,1.195,1.240,1.240,4055.5,4112.6,5140.7,4112.6,4112.6,3427.2,3427.2,99.8,658.8,1202.8,127.6,1773.4,1045.3,1041.7,1938.9,242.9,200.7,117.2,82.6,63.1,68.9,658.8,12.3,22.6,1.9,34.8,18.4,19.0,37.5,4.1,4.2,2.3,0.7,0.5,1.4,37.5,12.3,16.5,27.2,3.2,46.6,26.2,25.6,50.7,5.3,5.0,2.9,2.0,1.5,1.7,16.5,40.6,41.2,51.5,41.2,41.2,34.3,34.3,0.0,26.4,28.6,55.7,57.8,9.8,3.8,2.9,46.0,71.4,44.3,42.2,90.2,12.0,15.8,27.6,0.0,0.0,0.0,0.0,84.2,81.3,2395.7,24.00,40,39,39,77,116,708,1,75.8,70.4,69.8,60.8,59.4,66.2,66.3,60.1,56.0,57.0,59.1,59.1,66.5,60.5,46.4,45.0,48.0,1.246,1.015,1.100,16.634,8.102,16.634,40.000,6.102,41.589,2.389,2.690,4.252,4.391,2.213,0.390,0.397,20.733,8.224,35.669,40.671,1996.4,2395.7,5148.2,5148.2,5148.2,46.2,22.2,26.7,46.2,82.8,いいえ,いいえ,いいえ,0.466,0.157,1.6,45.0,75.8,40.0,75.0,1.248,12.144,3.440,3.328,5.016,1.064,0.992,3.440,3.344,1.808,1.024,1.120,1.032,1.792,1.096,0.664,1.824,0.264,2033,いいえ,61.0,44.2,1.110,1.110,1.815,1.800,0.990,5.040,0.250,いいえ,いいえ,いいえ,42.8,1.110,1.110,1.815,1.800,0.990,5.040,0.250,いいえ,いいえ,いいえ,37,37,いいえ,はい,15388,14039,128,128,34,100.0,いいえ,いいえ,3868,2528,9990,42,44,52,100.0,100.0,いいえ,いいえ,7032,7744,0.0,0.0,0.0,0.000,0.006,1392,1010,0.0,0.0,0.0,0.000,0.000,181182,133153,0.0,0.0,0.0,0.000,0.010,66345,77720,62.6,0.720,25.000,600.0,2400.0,1200.0,100.0,0.0,0.0,0.0,0.0,0.0,0.0,0.0,0.0,125,2,16.0,86,いいえ,いいえ,いいえ,68.4,70.0,77.7,84.0,1.100,12.165,12.161,12.128,12.213,12.160,1529,1530,149.036,70.740,120.877,28.117,31.895,135.121,14.057,45.926,97.219,92.709,220.000,220.000,2775.0,1281.5,2130.0,2759.7,2235.0,2767.6,1279.9,2223.2,96.0,57.0,0.0,0.0,92.0,25.1,100.0,0.0,0.5,0.0,38,38,はい,いいえ,いいえ,はい,いいえ,いいえ,いいえ,75.8,72.6,0,0,0,0,0,0,0,0,0,0,0,0,0,0,0,0,0,0,0,0,0,0,0,0,0,0,0,0,0,0,980,11302,11026,591,16.0,16.4,17.6,16.0,16.0,16.0,16.0,0.0,0.0,0.0,0.0,0.0,0.0,60.96,62.57,56.75,56.60,62.57,62.57,0.81,0.00,60.91,0.05,0.00,0,0,0.0,0.0,44294,39036,6.1,112.5,0,
19.7.2026,0:59:1.327,27837,6074,82.0,13932,17930,43.7,3.5,2048,71,1.245,1.245,1.245,1.245,1.245,1.245,1.245,4283.9,4112.6,5140.7,4112.6,4112.6,4112.6,4112.6,99.8,646.4,1110.3,130.9,3011.7,1236.0,1165.4,374.0,204.8,165.8,157.4,70.1,63.3,66.6,646.4,12.6,20.7,3.4,58.8,24.0,21.5,6.8,3.1,3.3,3.8,1.9,1.9,2.0,58.8,12.6,16.2,25.0,3.3,79.3,31.9,28.5,9.2,4.4,4.1,4.0,1.6,1.5,1.6,16.2,42.9,41.2,51.5,41.2,41.2,41.2,41.2,0.0,25.9,26.4,82.5,30.8,8.2,4.7,2.9,47.4,73.6,17.5,69.2,91.8,13.4,18.8,26.7,0.0,0.0,0.0,0.0,81.8,78.3,2395.7,24.00,40,39,39,77,116,708,1,74.6,70.4,70.8,60.7,59.3,68.9,63.4,59.7,56.3,56.9,59.1,59.1,66.2,60.1,46.4,45.0,48.0,1.245,1.015,1.100,16.505,7.996,16.502,35.500,6.085,41.263,2.350,2.588,5.111,3.407,2.091,0.466,0.436,20.557,8.116,35.366,40.360,1996.4,2395.7,5145.6,5145.6,5146.4,45.9,22.0,23.7,45.9,82.8,いいえ,いいえ,いいえ,0.368,0.138,1.6,45.0,74.5,40.0,74.0,1.256,12.038,3.440,3.296,5.016,1.064,0.992,3.440,3.328,1.808,1.024,1.120,1.032,1.792,1.096,0.664,1.824,0.256,2030,いいえ,61.0,44.2,1.110,1.110,1.815,1.800,0.990,5.040,0.250,いいえ,いいえ,いいえ,42.8,1.095,1.110,1.815,1.800,0.990,5.040,0.250,いいえ,いいえ,いいえ,37,37,いいえ,はい,15388,14039,128,128,34,100.0,いいえ,いいえ,3868,2528,9990,42,44,52,100.0,100.0,いいえ,いいえ,7032,7744,0.0,0.0,0.0,0.000,0.000,1392,1010,0.0,0.0,0.0,0.000,0.000,181182,133153,0.0,0.0,0.0,0.000,0.002,66345,77720,62.5,0.720,18.000,600.0,2400.0,1200.0,100.0,0.0,0.0,0.0,0.0,0.0,0.0,0.0,0.0,125,2,16.0,86,いいえ,いいえ,いいえ,68.6,70.0,78.0,84.0,1.100,12.167,12.163,12.130,12.213,12.161,1531,1530,153.985,74.042,122.553,28.656,32.289,137.115,14.326,46.588,99.421,111.390,220.000,220.000,2775.0,1281.5,2130.0,2765.4,2235.0,2768.8,1280.5,2228.4,95.0,59.0,2.0,0.0,92.0,25.3,100.0,0.0,1.1,0.0,38,38,はい,いいえ,いいえ,はい,いいえ,いいえ,いいえ,76.9,71.4,0,0,0,0,0,0,0,0,0,0,0,0,0,0,0,0,0,0,0,0,0,0,0,0,0,0,0,0,0,0,980,11302,11026,591,16.0,7.3,17.5,2.8,2.7,2.7,2.7,0.0,0.0,0.0,0.0,0.0,0.0,137.89,360.78,57.21,57.09,370.00,370.00,1.11,19.00,137.86,0.04,0.00,0,0,0.0,0.0,44294,39036,6.5,162.9,0,
19.7.2026,0:59:3.334,27841,6070,82.0,13966,17897,43.8,3.5,2048,71,1.245,1.245,1.245,1.245,1.245,1.245,1.245,4055.5,4112.6,5140.7,4112.6,4112.6,3427.2,3427.2,99.8,657.3,1072.3,166.8,2233.8,1938.4,939.1,743.3,268.8,142.3,154.0,60.0,77.4,91.9,657.3,12.5,19.0,3.6,43.7,37.3,17.2,14.3,4.8,2.8,3.1,1.0,1.5,1.9,43.7,12.5,16.4,22.9,4.2,58.8,50.5,22.6,19.0,6.1,3.4,3.9,1.4,1.9,2.3,16.4,40.6,41.2,51.5,41.2,41.2,34.3,34.3,0.0,26.3,25.7,80.9,34.1,9.1,4.5,3.7,47.2,74.3,19.1,65.9,90.9,15.6,17.0,26.5,0.0,0.0,0.0,0.0,80.0,79.2,2395.7,24.00,40,39,39,77,116,708,1,73.8,70.3,70.8,60.7,59.1,68.8,63.6,59.7,56.2,56.9,59.1,59.1,67.0,60.6,46.6,45.0,48.0,1.245,1.015,1.100,16.665,7.990,16.668,39.000,6.091,41.481,2.359,2.560,5.119,3.415,2.120,0.489,0.453,20.749,8.110,35.559,40.566,1996.4,2395.7,5147.4,5147.4,5146.3,46.1,22.2,26.0,46.1,82.7,いいえ,いいえ,いいえ,0.465,0.158,1.6,45.0,73.9,40.0,73.0,1.248,12.144,3.440,3.296,5.016,1.064,0.992,3.440,3.344,1.808,1.024,1.120,1.032,1.792,1.096,0.664,1.824,0.264,2036,いいえ,61.0,44.2,1.110,1.110,1.815,1.800,0.990,5.040,0.375,いいえ,いいえ,いいえ,42.8,1.110,1.110,1.815,1.800,0.990,5.040,0.250,いいえ,いいえ,いいえ,37,37,いいえ,はい,15388,14039,128,128,34,100.0,いいえ,いいえ,3868,2528,9990,42,44,52,100.0,100.0,いいえ,いいえ,7032,7744,0.0,0.1,0.1,0.000,0.010,1392,1010,0.0,0.0,0.0,0.000,0.000,181182,133153,0.0,0.1,0.1,0.000,0.059,66345,77720,62.5,0.720,18.000,600.0,2400.0,1200.0,100.0,0.0,0.0,0.0,0.0,0.0,0.0,0.0,0.0,125,2,16.0,86,いいえ,いいえ,いいえ,67.9,70.0,77.1,84.0,1.100,12.238,12.239,12.198,12.274,12.238,1531,1532,153.420,51.443,73.598,16.278,23.030,81.981,8.138,31.106,79.355,98.058,220.000,220.000,2775.0,1281.5,2130.0,2764.4,2235.0,2765.6,1279.9,2225.4,82.0,30.0,2.0,0.0,92.0,25.2,100.0,0.0,1.0,0.0,38,38,はい,いいえ,いいえ,はい,いいえ,いいえ,いいえ,47.6,73.3,0,0,0,0,0,0,0,0,0,0,0,0,0,0,0,0,0,0,0,0,0,0,0,0,0,0,0,0,0,0,980,11302,11026,592,16.0,7.3,17.5,2.8,2.7,2.7,2.7,0.0,0.0,0.0,0.0,0.0,0.0,137.89,360.78,57.21,57.09,370.00,370.00,1.11,19.00,137.86,0.04,0.00,0,0,0.0,0.0,44294,39036,9.3,203.6,0,
19.7.2026,0:59:5.327,27851,6060,82.1,14025,17838,44.0,3.5,2048,71,1.249,1.245,1.250,1.250,1.250,1.250,1.250,4055.5,4112.6,5140.7,4112.6,4112.6,3427.2,3427.2,99.8,671.6,1129.9,166.2,1068.1,3345.2,546.6,985.4,247.0,199.9,111.7,97.9,71.7,89.1,671.6,12.6,20.8,3.1,20.6,65.0,9.0,18.9,3.9,3.9,2.0,1.7,1.1,1.6,65.0,12.6,16.9,25.4,4.2,28.0,88.0,12.1,25.3,5.5,5.0,2.8,2.4,1.7,2.2,16.9,40.6,41.2,51.5,41.2,41.2,34.3,34.3,0.0,26.8,26.7,85.0,31.1,9.8,4.4,3.6,48.9,73.3,15.0,68.9,90.2,21.1,25.1,24.3,0.0,0.0,0.0,0.0,74.5,71.3,2395.7,24.00,40,39,39,77,116,708,1,73.4,70.7,71.2,61.0,59.3,69.5,63.6,59.9,56.3,57.3,59.1,59.1,67.2,60.7,46.5,45.0,48.0,1.246,1.015,1.100,16.905,8.219,16.903,40.000,6.098,42.056,2.457,2.641,5.306,3.427,2.192,0.584,0.594,21.080,8.343,36.131,41.136,1996.4,2395.7,5147.9,5147.9,5146.1,46.7,22.5,26.7,46.7,83.1,いいえ,いいえ,いいえ,0.562,0.176,1.6,45.0,73.5,40.0,73.0,1.296,12.091,3.440,3.296,5.016,1.064,0.992,3.440,3.344,1.808,1.024,1.120,1.032,1.792,1.096,0.664,1.824,0.264,2027,いいえ,61.0,44.2,1.110,1.110,1.800,1.800,0.990,5.040,0.250,いいえ,いいえ,いいえ,42.8,1.110,1.110,1.800,1.800,0.990,5.040,0.375,いいえ,いいえ,いいえ,37,37,いいえ,はい,15388,14039,128,128,34,100.0,いいえ,いいえ,3868,2528,9990,42,44,52,100.0,100.0,いいえ,いいえ,7032,7744,0.0,0.0,0.0,0.000,0.006,1392,1010,0.0,0.0,0.0,0.000,0.000,181182,133153,0.0,0.0,0.0,0.000,0.014,66345,77720,62.5,0.720,17.000,600.0,2400.0,1200.0,100.0,0.0,0.0,0.0,0.0,0.0,0.0,0.0,0.0,125,2,16.0,86,いいえ,いいえ,いいえ,68.3,68.0,77.6,84.0,1.100,12.240,12.241,12.209,12.270,12.240,1533,1535,148.775,54.294,77.271,12.241,19.950,83.819,6.132,26.033,73.099,135.806,220.000,220.000,2775.0,1281.5,2130.0,2765.0,2235.0,2767.9,1280.6,2225.1,79.0,18.0,0.0,0.0,92.0,25.3,100.0,0.0,1.2,0.0,38,38,はい,いいえ,いいえ,はい,いいえ,いいえ,いいえ,47.0,75.6,0,0,0,0,0,0,0,0,0,0,0,0,0,0,0,0,0,0,0,0,0,0,0,0,0,0,0,0,0,0,980,11302,11026,592,16.0,2.3,109.2,1.1,1.1,1.1,1.1,2.3,39.8,1.2,1.2,1.2,1.2,440.92,872.69,9.16,1.23,881.50,881.50,1.06,90.72,440.92,0.00,499.10,0,0,0.0,0.0,44294,39037,141.5,252.4,0,
19.7.2026,0:59:7.318,27840,6071,82.0,14079,17784,44.1,3.5,2048,71,1.241,1.245,1.240,1.240,1.240,1.240,1.240,4169.7,4112.6,4112.6,5140.7,4112.6,3427.2,4112.6,99.8,669.4,1308.8,140.7,884.9,3410.4,589.8,945.5,224.3,177.0,136.9,88.3,60.8,65.3,669.4,12.8,24.7,3.1,17.1,66.4,9.7,18.3,3.6,3.8,2.9,1.7,1.2,0.6,66.4,12.8,16.7,29.9,3.5,23.2,89.6,12.8,24.1,4.8,4.4,3.5,2.1,1.4,1.6,16.7,41.8,41.2,41.2,51.5,41.2,34.3,41.2,0.0,26.8,30.8,82.9,31.1,8.9,4.3,2.8,46.5,69.2,17.1,68.9,91.1,13.3,19.1,26.7,0.0,0.0,0.0,0.0,82.4,78.1,2395.7,24.00,40,39,39,77,116,708,1,73.0,70.6,69.9,60.9,59.6,69.3,63.6,59.9,56.0,57.0,59.1,59.1,67.0,60.6,46.6,45.0,48.0,1.247,1.015,1.100,16.891,8.152,16.898,40.000,6.075,42.002,2.446,2.792,5.266,3.523,2.207,0.436,0.453,21.077,8.274,36.034,41.044,1996.4,2395.7,5148.9,5148.9,5146.8,46.6,22.5,26.7,46.6,83.1,いいえ,いいえ,いいえ,0.443,0.157,1.6,45.0,73.0,40.0,73.0,1.256,12.038,3.440,3.296,5.016,1.064,0.992,3.440,3.328,1.808,1.024,1.120,1.032,1.792,1.096,0.664,1.824,0.264,2030,いいえ,61.0,44.2,1.110,1.110,1.800,1.800,0.990,5.040,0.250,いいえ,いいえ,いいえ,42.8,1.110,1.110,1.800,1.800,0.990,5.040,0.500,いいえ,いいえ,いいえ,37,37,いいえ,はい,15388,14039,128,128,34,100.0,いいえ,いいえ,3868,2528,9990,42,44,52,100.0,100.0,いいえ,いいえ,7032,7744,0.0,0.0,0.0,0.000,0.002,1392,1010,0.0,0.0,0.0,0.000,0.000,181182,133153,0.0,0.2,0.2,0.000,0.354,66345,77720,62.5,0.720,46.000,600.0,2400.0,1200.0,100.0,0.0,0.0,0.0,0.0,0.0,0.0,0.0,0.0,125,2,16.0,86,いいえ,いいえ,いいえ,68.8,70.0,78.3,84.0,1.100,12.163,12.159,12.124,12.210,12.159,1535,1535,146.235,72.588,118.276,28.939,32.468,132.941,14.457,46.901,99.194,107.532,220.000,220.000,2775.0,1281.5,2130.0,2764.4,2235.0,2766.9,1280.9,2227.5,95.0,62.0,2.0,0.0,92.0,25.2,100.0,0.0,1.0,0.0,38,38,はい,いいえ,いいえ,はい,いいえ,いいえ,いいえ,75.1,75.3,0,0,0,0,0,0,0,0,0,0,0,0,0,0,0,0,0,0,0,0,0,0,0,0,0,0,0,0,0,0,980,11302,11026,592,16.0,1.1,1.1,1.1,1.1,1.1,1.1,1.1,1.1,1.1,1.1,1.1,1.1,893.75,893.75,893.75,893.75,893.75,893.75,885.21,8.11,893.51,0.24,772.20,0,0,0.0,0.0,44294,39037,17.0,236.0,0,
19.7.2026,0:59:9.327,27385,6526,80.7,14127,17736,44.3,3.5,2048,71,1.190,1.265,1.175,1.175,1.175,1.175,1.175,3865.3,3427.2,4941.1,4941.1,3294.1,3294.1,3294.1,99.8,674.6,1268.0,119.1,908.0,1372.6,2105.2,1547.1,250.6,181.5,158.4,61.6,62.5,60.5,674.6,12.5,24.2,1.9,18.0,24.6,40.7,29.6,3.5,3.2,2.9,0.6,0.0,1.5,40.7,12.5,16.9,29.2,2.9,23.6,34.1,54.6,40.4,5.4,4.4,4.0,1.4,1.5,1.5,16.9,38.7,34.3,49.5,49.5,33.0,33.0,33.0,0.0,27.3,29.8,45.8,71.1,9.6,4.7,2.8,47.4,70.2,54.2,28.9,90.3,18.1,22.4,25.4,0.0,0.0,0.0,0.1,77.2,74.8,2395.7,24.00,40,39,39,77,116,708,1,73.0,70.7,62.5,61.1,59.5,65.5,67.9,60.3,56.2,57.2,59.1,59.1,66.2,60.6,46.6,45.0,48.0,1.245,1.015,1.100,17.162,8.124,17.169,39.000,6.114,42.355,2.508,2.771,4.066,4.923,2.253,0.531,0.505,21.389,8.246,36.360,41.376,1996.4,2395.7,5144.1,5144.1,5145.2,47.0,22.9,26.0,47.0,83.2,いいえ,いいえ,いいえ,0.511,0.182,1.6,45.0,73.0,40.0,73.0,1.248,12.091,3.440,3.312,5.040,1.064,0.992,3.440,3.344,1.808,1.024,1.120,1.032,1.792,1.096,0.664,1.824,0.264,2030,いいえ,61.0,44.2,1.110,1.110,1.800,1.800,1.005,5.040,0.375,いいえ,いいえ,いいえ,42.8,1.110,1.110,1.800,1.800,1.005,5.040,0.625,いいえ,いいえ,いいえ,37,37,いいえ,はい,15388,14039,128,128,34,100.0,いいえ,いいえ,3868,2528,9990,42,44,52,100.0,100.0,いいえ,いいえ,7032,7744,0.0,0.2,0.2,0.000,0.010,1392,1010,0.0,0.0,0.0,0.000,0.000,181182,133153,0.0,0.1,0.1,0.000,0.154,66345,77721,62.5,0.720,42.000,600.0,2400.0,1200.0,100.0,0.0,0.0,0.0,0.0,0.0,0.0,0.0,0.0,125,2,16.0,86,いいえ,いいえ,いいえ,60.5,68.0,70.8,84.0,1.095,12.306,12.314,12.261,12.334,12.313,1542,1542,147.334,21.335,33.919,7.881,16.748,37.939,3.940,20.701,24.180,25.367,220.000,220.000,2775.0,1281.5,2145.0,2765.7,2235.0,2775.9,1280.2,2235.5,18.0,1.0,0.0,0.0,87.5,25.3,100.0,0.0,1.2,0.0,38,38,はい,いいえ,いいえ,はい,いいえ,いいえ,いいえ,24.8,25.1,0,0,0,0,0,0,0,0,0,0,0,0,0,0,0,0,0,0,0,0,0,0,0,0,0,0,0,0,0,0,1538,10744,10468,592,16.0,1.7,1.7,1.7,1.7,1.7,1.7,1.7,1.7,1.7,1.7,1.7,1.7,598.35,598.35,598.35,598.35,598.35,598.35,588.23,9.72,598.12,0.24,195.20,0,0,0.0,0.0,44294,39038,7.0,292.8,0,
19.7.2026,0:59:11.330,28444,5467,83.8,13955,17908,43.7,3.5,2048,71,1.254,1.265,1.255,1.245,1.245,1.265,1.250,4974.4,5065.9,4966.0,4966.0,4891.2,4966.0,4991.0,99.8,2181.9,2423.3,1818.3,2516.3,2721.3,2331.1,3365.1,2057.3,1981.1,1760.1,1673.8,1800.9,1733.9,2181.9,44.3,44.7,38.0,51.2,55.4,46.8,68.2,41.9,40.8,36.4,34.5,37.6,35.7,68.2,44.3,56.3,57.6,47.7,66.0,71.0,60.6,88.4,53.2,51.5,45.4,43.0,46.5,44.6,56.3,49.8,50.8,49.8,49.8,49.0,49.8,50.0,0.0,54.5,51.0,69.8,77.8,47.3,40.0,41.1,32.0,37.3,30.2,22.2,51.2,26.8,24.1,13.5,11.7,0.0,0.0,1.5,33.2,34.8,2395.7,24.00,40,39,39,77,116,708,1,82.6,79.9,80.6,69.9,65.6,74.8,76.1,70.4,64.5,67.6,60.9,60.9,67.5,60.9,46.8,45.0,48.0,1.220,1.015,1.100,27.274,8.567,27.224,68.500,6.094,54.955,4.795,4.082,6.372,6.666,4.622,3.467,3.559,33.054,8.694,48.451,54.033,1996.4,2395.7,4990.3,4990.3,5015.7,61.4,36.3,45.7,61.4,94.0,いいえ,いいえ,いいえ,9.799,4.531,3.3,45.0,82.5,40.0,82.0,1.160,12.144,3.440,3.328,5.040,1.064,0.992,3.440,3.344,1.808,1.024,1.120,1.032,1.792,1.104,0.664,1.824,0.264,2048,いいえ,61.0,44.2,1.110,1.110,1.800,1.800,1.005,5.040,0.250,いいえ,いいえ,いいえ,42.8,1.110,1.110,1.800,1.800,1.005,5.040,0.500,いいえ,いいえ,いいえ,37,37,いいえ,はい,15388,14039,128,128,34,100.0,いいえ,いいえ,3868,2528,9990,42,44,52,100.0,100.0,いいえ,いいえ,7032,7744,0.0,0.0,0.0,0.000,0.000,1392,1010,0.0,0.0,0.0,0.000,0.000,181182,133153,0.0,0.0,0.0,0.000,0.010,66345,77721,62.9,0.720,28.000,600.0,2400.0,1200.0,100.0,0.0,0.0,0.0,0.0,0.0,0.0,0.0,0.0,125,2,16.0,86,いいえ,いいえ,いいえ,55.4,66.0,66.9,84.0,0.925,12.315,12.328,12.264,12.339,12.327,1549,1551,47.695,10.357,9.270,3.871,13.711,11.204,1.935,15.647,13.557,13.664,220.000,220.000,630.0,625.2,1995.0,2055.1,1995.0,630.2,624.3,1994.1,10.0,2.0,1.0,3.0,22.2,18.1,71.7,0.0,0.8,0.0,38,38,はい,いいえ,いいえ,いいえ,いいえ,はい,いいえ,11.3,12.6,0,0,0,0,0,0,0,0,0,0,0,0,0,0,0,0,0,0,0,0,0,0,0,0,0,0,0,0,0,0,9554,2728,2464,584,16.0,2.2,2.2,2.2,2.2,2.2,2.2,0.0,0.0,0.0,0.0,0.0,0.0,445.84,445.84,445.84,445.84,445.84,445.84,2.19,78.48,445.74,0.09,0.00,0,0,0.0,0.0,44294,39038,6.3,144.9,0,
19.7.2026,0:59:13.320,28001,5910,82.5,13750,18113,43.1,3.5,2048,71,1.249,1.245,1.250,1.250,1.250,1.250,1.250,4283.9,4112.6,4112.6,5140.7,4112.6,4112.6,4112.6,99.8,837.7,1733.2,336.8,1271.1,1247.6,1862.7,2020.4,475.8,414.3,153.3,196.0,168.5,173.2,837.7,16.3,31.0,6.4,25.5,23.2,36.1,39.6,8.6,8.4,3.9,4.7,4.1,4.4,39.6,16.3,21.7,40.2,8.5,33.4,31.3,48.6,53.2,11.6,11.1,5.2,6.2,5.5,5.7,21.7,42.9,41.2,41.2,51.5,41.2,41.2,41.2,0.0,32.3,37.7,49.9,73.7,18.4,6.9,7.2,50.4,62.3,50.1,26.3,81.6,35.5,46.7,17.3,0.0,0.0,0.0,0.0,57.6,46.1,2395.7,24.00,40,39,39,77,116,708,1,80.5,73.5,69.4,63.9,62.1,68.3,70.7,63.5,58.4,60.5,60.5,60.5,67.2,60.9,46.8,45.0,48.0,1.250,1.015,1.100,19.427,8.309,19.468,42.500,6.072,45.840,3.109,3.307,4.669,5.405,2.965,1.025,1.282,24.310,8.433,39.423,44.589,1996.4,2395.7,5121.9,5121.9,5121.5,50.7,26.0,28.3,50.7,86.5,いいえ,いいえ,いいえ,1.928,1.283,1.9,45.0,80.6,40.0,80.0,1.256,12.038,3.440,3.296,5.016,1.064,0.992,3.440,3.344,1.808,1.024,1.120,1.032,1.792,1.096,0.664,1.824,0.264,2036,いいえ,61.0,44.2,1.110,1.110,1.800,1.800,1.005,5.040,0.250,いいえ,いいえ,いいえ,42.8,1.110,1.110,1.800,1.800,1.005,5.040,0.500,いいえ,いいえ,いいえ,37,37,いいえ,はい,15388,14039,128,128,34,100.0,いいえ,いいえ,3868,2528,9990,42,44,52,100.0,100.0,いいえ,いいえ,7032,7744,0.0,0.1,0.1,0.000,0.016,1392,1010,0.0,0.0,0.0,0.000,0.000,181182,133153,0.0,0.0,0.0,0.000,0.237,66345,77721,63.0,0.720,26.000,600.0,2400.0,1200.0,100.0,0.0,0.0,0.0,0.0,0.0,0.0,0.0,0.0,125,2,16.0,86,いいえ,いいえ,いいえ,66.4,68.0,75.2,84.0,1.100,12.208,12.207,12.170,12.249,12.206,1537,1535,115.409,60.462,96.943,21.876,27.042,108.180,10.937,37.918,95.116,85.681,220.000,220.000,2775.0,1281.5,2130.0,2767.5,2235.0,2773.0,1279.8,2228.7,91.0,51.0,1.0,0.0,92.7,25.2,100.0,0.0,1.0,0.0,38,38,はい,いいえ,いいえ,はい,いいえ,いいえ,いいえ,61.3,56.4,0,0,0,0,0,0,0,0,0,0,0,0,0,0,0,0,0,0,0,0,0,0,0,0,0,0,0,0,0,0,902,11380,11104,589,16.0,1.1,1.1,1.1,1.1,1.1,1.1,0.0,0.0,0.0,0.0,0.0,0.0,905.73,905.73,905.73,905.73,905.73,905.73,6.67,214.72,905.66,0.07,0.00,0,0,0.0,0.0,44294,39038,6.5,109.5,0,
19.7.2026,0:59:15.341,27909,6002,82.2,13827,18036,43.3,3.5,2048,71,1.241,1.245,1.240,1.240,1.240,1.240,1.240,4055.5,4112.6,5140.7,4112.6,4112.6,3427.2,3427.2,99.8,688.6,1432.2,115.9,1122.5,1137.0,2027.4,1541.8,306.5,182.8,157.3,80.4,86.9,72.2,688.6,13.2,27.4,2.2,22.0,20.9,39.4,30.1,5.6,3.7,3.1,1.3,1.7,1.3,39.4,13.2,17.3,33.7,2.9,29.3,27.9,52.5,40.1,6.6,4.5,4.0,1.9,2.1,1.8,17.3,40.6,41.2,51.5,41.2,41.2,34.3,34.3,0.0,27.8,32.6,45.4,69.7,10.7,4.9,3.6,46.8,67.4,54.6,30.3,89.3,18.5,20.5,25.4,0.0,0.0,0.0,0.0,76.6,75.9,2395.7,24.00,40,39,39,77,116,708,1,78.0,70.8,70.2,61.6,60.3,65.7,68.1,60.9,56.9,57.8,59.5,59.5,66.8,60.8,46.8,45.0,48.0,1.248,1.015,1.100,17.139,8.205,17.141,39.000,6.096,42.400,2.549,2.905,4.000,4.853,2.352,0.642,0.541,21.420,8.328,36.454,41.468,1996.4,2395.7,5146.8,5146.8,5147.7,47.1,22.9,26.0,47.1,83.3,いいえ,いいえ,いいえ,0.648,0.249,1.7,45.0,78.0,40.0,78.0,1.256,12.091,3.440,3.296,5.016,1.064,0.992,3.440,3.344,1.808,1.024,1.120,1.032,1.792,1.096,0.664,1.824,0.264,2042,いいえ,61.0,44.2,1.110,1.110,1.800,1.800,1.005,5.040,0.250,いいえ,いいえ,いいえ,42.8,1.110,1.110,1.800,1.800,1.005,5.040,0.250,いいえ,いいえ,いいえ,37,37,いいえ,はい,15388,14039,128,128,34,100.0,いいえ,いいえ,3868,2528,9990,42,44,52,100.0,100.0,いいえ,いいえ,7032,7744,0.0,0.0,0.0,0.000,0.000,1392,1010,0.0,0.0,0.0,0.000,0.000,181182,133153,0.0,0.0,0.0,0.000,0.006,66345,77721,62.9,0.720,18.000,600.0,2400.0,1200.0,100.0,0.0,0.0,0.0,0.0,0.0,0.0,0.0,0.0,125,2,16.0,86,いいえ,いいえ,いいえ,68.7,68.0,78.2,84.0,1.100,12.184,12.170,12.165,12.231,12.169,1533,1530,148.771,57.120,115.869,19.034,24.573,125.465,9.504,34.046,26.941,101.528,220.000,220.000,2775.0,1281.5,2130.0,2764.1,2235.0,2766.1,1279.8,2225.3,95.0,43.0,1.0,0.0,92.0,25.3,100.0,0.0,1.1,0.0,38,38,はい,いいえ,いいえ,はい,いいえ,いいえ,いいえ,68.1,74.2,0,0,0,0,0,0,0,0,0,0,0,0,0,0,0,0,0,0,0,0,0,0,0,0,0,0,0,0,0,0,980,11302,11026,590,16.0,2.4,17.4,1.0,0.9,0.9,0.9,1.0,1.0,1.0,1.0,1.0,1.0,408.71,1046.78,57.46,56.62,1066.03,1066.03,2.64,48.19,408.66,0.05,937.02,0,0,0.0,0.0,44294,39039,6.9,157.2,0,
19.7.2026,0:59:17.342,27828,6083,82.0,13916,17947,43.6,3.5,2048,71,1.242,1.250,1.240,1.240,1.240,1.240,1.240,4055.5,4112.6,5140.7,4112.6,4112.6,3427.2,3427.2,99.8,643.1,1044.1,108.1,885.6,1338.9,914.6,2676.5,261.7,173.2,112.7,84.7,47.9,68.7,643.1,12.5,19.3,2.8,17.9,24.5,16.5,52.1,4.4,4.2,2.9,2.2,1.4,1.9,52.1,12.5,16.2,23.4,2.7,23.1,33.7,22.7,70.4,5.9,4.3,2.8,2.1,1.1,1.7,16.2,40.6,41.2,51.5,41.2,41.2,34.3,34.3,0.0,25.8,25.0,44.4,69.3,9.7,4.2,2.5,47.3,75.0,55.6,30.7,90.3,16.3,15.9,26.8,0.0,0.0,0.0,0.0,79.5,81.6,2395.7,24.00,40,39,39,77,116,708,1,76.1,70.7,70.2,61.1,59.2,65.3,67.8,60.5,56.3,57.2,59.2,59.2,65.8,60.7,46.8,45.0,48.0,1.246,1.015,1.100,16.532,8.093,16.526,41.000,6.086,41.432,2.360,2.544,3.788,4.799,2.172,0.482,0.379,20.609,8.215,35.518,40.513,1996.4,2395.7,5148.5,5148.5,5147.5,46.0,22.0,27.3,46.0,83.1,いいえ,いいえ,いいえ,0.447,0.139,1.6,45.0,76.1,40.0,76.0,1.264,12.091,3.440,3.296,5.016,1.064,0.992,3.440,3.344,1.808,1.024,1.120,1.032,1.792,1.096,0.664,1.824,0.264,2039,いいえ,61.0,44.2,1.110,1.110,1.800,1.800,1.005,5.040,0.375,いいえ,いいえ,いいえ,42.8,1.110,1.110,1.800,1.800,1.005,5.040,0.250,いいえ,いいえ,いいえ,37,37,いいえ,はい,15388,14039,128,128,34,100.0,いいえ,いいえ,3868,2528,9990,42,44,52,100.0,100.0,いいえ,いいえ,7032,7744,0.0,14.8,14.8,0.000,0.006,1392,1010,0.0,0.0,0.0,0.000,0.000,181182,133153,0.0,0.0,0.0,0.000,0.006,66345,77721,62.7,0.720,30.000,600.0,2400.0,1200.0,100.0,0.0,0.0,0.0,0.0,0.0,0.0,0.0,0.0,125,2,16.0,86,いいえ,いいえ,いいえ,65.6,68.0,74.1,84.0,1.100,12.255,12.259,12.214,12.289,12.257,1535,1537,147.194,33.321,66.928,14.269,21.374,74.236,7.121,28.448,25.213,28.977,220.000,220.000,2775.0,1281.5,2130.0,2763.0,2235.0,2766.1,1280.1,2225.3,85.0,33.0,0.0,0.0,92.0,25.2,100.0,0.0,0.9,0.0,38,38,はい,いいえ,いいえ,はい,いいえ,いいえ,いいえ,43.4,70.4,0,0,0,0,0,0,0,0,0,0,0,0,0,0,0,0,0,0,0,0,0,0,0,0,0,0,0,0,0,0,980,11302,11026,590,16.0,1.3,1.3,1.3,1.3,1.3,1.3,1.3,1.3,1.3,1.3,1.3,1.3,780.74,780.74,780.74,780.74,780.74,780.74,772.84,7.82,780.49,0.25,63.77,0,0,0.0,0.0,44294,39039,6.4,254.3,0,
19.7.2026,0:59:19.342,27826,6085,82.0,13931,17932,43.7,3.5,2048,71,1.250,1.250,1.250,1.250,1.250,1.250,1.250,4169.7,4112.6,4112.6,5140.7,4112.6,3427.2,4112.6,99.8,647.7,1087.4,113.2,718.4,1141.8,898.9,3023.4,256.6,177.9,127.2,78.1,51.6,98.0,647.7,12.2,20.6,1.8,14.2,20.6,16.6,59.3,4.7,3.8,2.0,0.9,0.3,1.5,59.3,12.2,16.3,24.6,2.8,18.6,27.9,22.5,79.6,5.9,4.4,3.2,1.9,1.2,2.5,16.3,41.8,41.2,41.2,51.5,41.2,34.3,41.2,0.0,26.1,26.0,37.6,75.7,9.7,4.2,3.3,45.7,74.0,62.3,24.3,90.3,12.2,11.0,28.2,0.0,0.1,0.0,0.0,83.5,85.6,2395.7,24.00,40,39,39,77,116,708,1,74.9,70.5,68.9,61.0,59.3,64.6,68.4,60.5,56.2,57.2,59.2,59.2,67.0,60.9,46.8,45.0,48.0,1.245,1.015,1.100,16.745,8.038,16.744,40.500,6.093,41.632,2.348,2.565,3.597,4.997,2.160,0.434,0.334,20.856,8.158,35.717,40.714,1996.4,2395.7,5145.7,5145.7,5146.5,46.3,22.3,27.0,46.3,82.9,いいえ,いいえ,いいえ,0.382,0.146,1.6,45.0,74.9,40.0,74.0,1.256,12.091,3.440,3.312,5.040,1.064,0.992,3.440,3.344,1.808,1.024,1.120,1.032,1.792,1.096,0.664,1.824,0.264,2030,いいえ,61.0,44.2,1.110,1.110,1.800,1.800,1.005,5.040,0.250,いいえ,いいえ,いいえ,42.8,1.110,1.110,1.800,1.800,1.005,5.040,0.250,いいえ,いいえ,いいえ,37,37,いいえ,はい,15388,14039,128,128,34,100.0,いいえ,いいえ,3868,2528,9990,42,44,52,100.0,100.0,いいえ,いいえ,7032,7744,0.0,0.0,0.0,0.000,0.004,1392,1010,0.0,0.0,0.0,0.000,0.000,181182,133153,0.0,0.0,0.0,0.000,0.038,66345,77721,62.7,0.720,18.000,600.0,2400.0,1200.0,100.0,0.0,0.0,0.0,0.0,0.0,0.0,0.0,0.0,125,2,16.0,86,いいえ,いいえ,いいえ,66.4,70.0,75.0,84.0,1.100,12.256,12.260,12.213,12.291,12.259,1538,1537,149.191,32.684,64.232,14.197,21.312,71.473,7.086,28.360,25.576,29.239,220.000,220.000,2775.0,1281.5,2130.0,2764.4,2235.0,2767.0,1280.0,2223.1,87.0,35.0,2.0,0.0,92.0,25.2,100.0,0.0,0.9,0.0,38,38,はい,いいえ,いいえ,はい,いいえ,いいえ,いいえ,49.6,75.9,0,0,0,0,0,0,0,0,0,0,0,0,0,0,0,0,0,0,0,0,0,0,0,0,0,0,0,0,0,0,980,11302,11026,591,16.0,2.6,124.2,1.3,1.3,1.3,1.3,2.6,41.4,1.3,1.3,1.3,1.3,390.38,772.71,8.05,1.03,780.51,780.51,1.83,150.46,390.38,0.00,765.08,0,0,0.0,0.0,44294,39039,5.8,113.6,0,
19.7.2026,0:59:21.344,27827,6084,82.0,13957,17906,43.8,3.5,2048,71,1.245,1.245,1.245,1.245,1.245,1.245,1.245,4169.7,4112.6,5140.7,4112.6,4112.6,4112.6,3427.2,99.8,646.3,1090.5,143.2,2918.6,1320.9,707.8,827.7,247.1,133.5,145.8,88.6,63.2,69.0,646.3,12.4,19.6,3.6,57.0,24.6,12.3,15.7,4.1,2.5,3.5,2.2,1.8,1.9,57.0,12.4,16.1,23.9,3.6,76.8,33.9,16.5,21.3,5.5,3.2,3.7,2.1,1.5,1.7,16.1,41.8,41.2,51.5,41.2,41.2,41.2,34.3,0.0,25.8,25.9,82.4,31.0,8.4,4.5,2.8,46.9,74.1,17.6,69.0,91.6,15.0,13.8,27.3,0.0,0.0,0.0,0.0,80.5,83.3,2395.7,24.00,40,39,39,77,116,708,1,74.1,70.7,70.8,60.9,59.4,69.1,63.8,59.9,56.4,57.0,59.2,59.2,66.2,60.6,46.8,45.0,48.0,1.247,1.015,1.100,16.458,8.061,16.462,39.500,6.067,41.317,2.358,2.591,5.171,3.407,2.113,0.503,0.365,20.538,8.182,35.394,40.398,1996.4,2395.7,5149.7,5149.7,5147.5,45.9,21.9,26.3,45.9,83.2,いいえ,いいえ,いいえ,0.375,0.143,1.6,45.0,74.1,40.0,74.0,1.248,12.038,3.440,3.296,5.016,1.064,0.992,3.440,3.344,1.808,1.024,1.120,1.032,1.792,1.096,0.664,1.824,0.264,2030,いいえ,61.0,44.2,1.110,1.110,1.800,1.800,0.990,5.040,0.250,いいえ,いいえ,いいえ,42.8,1.110,1.110,1.800,1.800,0.990,5.040,0.375,いいえ,いいえ,いいえ,37,37,いいえ,はい,15388,14039,128,128,34,100.0,いいえ,いいえ,3868,2528,9990,42,44,52,100.0,100.0,いいえ,いいえ,7032,7744,0.0,0.0,0.0,0.000,0.000,1392,1010,0.0,0.0,0.0,0.000,0.000,181182,133153,0.0,0.0,0.0,0.000,0.069,66345,77721,62.7,0.720,23.000,600.0,2400.0,1200.0,100.0,0.0,0.0,0.0,0.0,0.0,0.0,0.0,0.0,125,2,16.0,86,いいえ,いいえ,いいえ,68.6,72.0,77.9,84.0,1.100,12.191,12.185,12.157,12.236,12.187,1535,1537,152.459,58.871,114.036,25.102,29.528,126.883,12.553,42.026,27.221,93.617,220.000,220.000,2775.0,1281.5,2130.0,2764.1,2235.0,2762.5,1280.5,2226.9,91.0,55.0,0.0,0.0,92.0,25.2,100.0,0.0,0.8,0.0,38,38,はい,いいえ,いいえ,はい,いいえ,いいえ,いいえ,70.9,63.3,0,0,0,0,0,0,0,0,0,0,0,0,0,0,0,0,0,0,0,0,0,0,0,0,0,0,0,0,0,0,980,11302,11026,591,16.0,4.4,10.8,2.2,2.1,2.1,2.1,2.1,2.1,2.1,2.1,2.1,2.1,226.87,459.69,92.86,92.33,466.59,466.59,2.86,67.36,226.81,0.06,404.04,0,0,0.0,0.0,44294,39040,6.5,196.4,0,
19.7.2026,0:59:23.343,27830,6081,82.0,14017,17846,43.9,3.5,2048,71,1.245,1.245,1.245,1.245,1.245,1.245,1.245,4055.5,4112.6,5140.7,4112.6,4112.6,3427.2,3427.2,99.8,645.5,1075.7,129.2,2793.4,1543.4,795.0,692.2,227.9,135.2,135.5,94.1,55.6,69.1,645.5,12.3,19.8,2.7,54.6,29.5,14.2,13.1,3.7,2.7,2.7,1.7,1.0,1.4,54.6,12.3,16.2,24.0,3.2,73.6,40.1,18.7,17.5,5.0,3.3,3.4,2.3,1.3,1.7,16.2,40.6,41.2,51.5,41.2,41.2,34.3,34.3,0.0,25.8,25.5,83.9,30.5,8.0,4.4,2.7,47.0,74.1,16.1,69.5,92.0,12.6,17.9,27.1,0.3,0.0,0.0,0.0,83.0,79.4,2395.7,24.00,40,39,39,77,116,708,1,73.6,70.7,70.2,60.8,59.2,69.4,63.4,59.7,56.2,57.0,59.1,59.1,66.2,60.8,46.9,45.0,48.0,1.246,1.015,1.100,16.412,8.038,16.411,38.500,6.030,41.162,2.356,2.558,5.258,3.320,2.091,0.473,0.439,20.467,8.159,35.259,40.257,1996.4,2395.7,5148.3,5148.3,5145.9,45.7,21.9,25.7,45.7,83.2,いいえ,いいえ,いいえ,0.435,0.146,1.6,45.0,73.5,40.0,73.0,1.256,12.091,3.440,3.296,5.016,1.064,0.992,3.440,3.344,1.808,1.024,1.120,1.032,1.792,1.096,0.664,1.824,0.264,2033,いいえ,61.0,44.2,1.110,1.110,1.800,1.800,0.990,4.970,0.250,いいえ,いいえ,いいえ,42.8,1.110,1.110,1.800,1.800,0.990,5.040,0.500,いいえ,いいえ,いいえ,37,37,いいえ,はい,15388,14039,128,128,34,100.0,いいえ,いいえ,3868,2528,9990,42,44,52,100.0,100.0,いいえ,いいえ,7032,7744,0.0,0.1,0.1,0.000,0.014,1392,1010,0.0,0.0,0.0,0.000,0.000,181182,133153,0.0,0.0,0.0,0.000,0.004,66345,77721,62.6,0.720,40.000,600.0,2400.0,1200.0,100.0,0.0,0.0,0.0,0.0,0.0,0.0,0.0,0.0,125,2,16.0,86,いいえ,いいえ,いいえ,68.9,70.0,78.1,84.0,1.100,12.194,12.189,12.161,12.239,12.189,1537,1537,147.727,59.720,113.042,23.792,28.530,125.189,11.884,40.375,29.456,105.496,220.000,220.000,2775.0,1281.5,2130.0,2764.6,2235.0,2765.9,1279.4,2226.8,94.0,44.0,0.0,0.0,92.0,25.2,100.0,0.0,0.9,0.0,38,38,はい,いいえ,いいえ,はい,いいえ,いいえ,いいえ,69.7,67.3,0,0,0,0,0,0,0,0,0,0,0,0,0,0,0,0,0,0,0,0,0,0,0,0,0,0,0,0,0,0,980,11302,11026,591,16.0,1.8,8.1,1.0,1.0,1.0,1.0,1.8,7.0,1.0,1.0,1.0,1.0,555.13,986.59,123.66,115.74,995.40,995.40,2.47,70.94,555.08,0.05,899.80,0,0,0.0,0.0,44294,39040,6.0,158.6,0,
19.7.2026,0:59:25.349,27831,6080,82.0,14051,17812,44.0,3.5,2048,71,1.246,1.250,1.245,1.245,1.245,1.245,1.245,4283.9,4112.6,5140.7,4112.6,4112.6,4112.6,4112.6,99.8,658.2,1192.8,122.6,1567.8,2494.1,966.5,830.3,222.4,143.1,160.9,54.4,63.0,80.9,658.2,12.5,22.5,2.5,30.5,47.9,17.5,15.8,3.4,2.8,3.2,0.8,1.1,1.6,47.9,12.5,16.5,27.1,3.0,41.2,65.1,23.4,21.2,4.8,3.5,4.1,1.2,1.5,2.0,16.5,42.9,41.2,51.5,41.2,41.2,41.2,41.2,0.0,26.4,28.5,78.1,36.2,8.0,4.4,3.2,47.2,71.5,21.9,63.8,92.0,14.2,20.0,26.4,0.0,0.0,0.0,0.0,81.3,76.8,2395.7,24.00,40,39,39,77,116,708,1,73.2,70.7,70.2,60.9,59.5,68.8,64.1,59.9,56.2,57.2,59.1,59.1,66.5,60.9,46.9,45.0,48.0,1.246,1.015,1.100,16.702,8.065,16.705,41.000,6.074,41.609,2.414,2.686,5.077,3.597,2.148,0.488,0.487,20.820,8.186,35.687,40.692,1996.4,2395.7,5148.1,5148.1,5146.4,46.2,22.3,27.3,46.2,83.2,いいえ,いいえ,いいえ,0.403,0.149,1.6,45.0,73.4,40.0,73.0,1.256,12.038,3.440,3.296,5.016,1.064,0.992,3.440,3.344,1.808,1.024,1.120,1.032,1.792,1.096,0.664,1.824,0.264,2036,いいえ,61.0,44.2,1.095,1.110,1.800,1.800,0.990,4.970,0.250,いいえ,いいえ,いいえ,42.8,1.095,1.110,1.800,1.800,0.990,4.970,0.875,いいえ,いいえ,いいえ,37,37,いいえ,はい,15388,14039,128,128,34,100.0,いいえ,いいえ,3868,2528,9990,42,44,52,100.0,100.0,いいえ,いいえ,7032,7744,0.0,0.0,0.0,0.000,0.000,1392,1010,0.0,0.0,0.0,0.000,0.000,181182,133153,0.0,0.1,0.1,0.000,0.077,66345,77722,62.6,0.720,18.000,600.0,2400.0,1200.0,100.0,0.0,0.0,0.0,0.0,0.0,0.0,0.0,0.0,125,2,16.0,86,いいえ,いいえ,いいえ,63.4,70.0,72.1,84.0,1.100,12.274,12.277,12.235,12.307,12.278,1542,1542,148.008,30.072,58.238,12.031,19.760,64.389,6.016,25.745,26.533,27.863,220.000,220.000,2775.0,1281.5,2130.0,2764.6,2235.0,2773.0,1280.5,2228.2,88.0,43.0,2.0,0.0,92.0,25.2,100.0,0.0,0.9,0.0,38,38,はい,いいえ,いいえ,はい,いいえ,いいえ,いいえ,38.2,27.4,0,0,0,0,0,0,0,0,0,0,0,0,0,0,0,0,0,0,0,0,0,0,0,0,0,0,0,0,0,0,980,11302,11026,591,16.0,1.4,1.4,1.4,1.4,1.4,1.4,1.4,1.4,1.4,1.4,1.4,1.4,698.69,698.69,698.69,698.69,698.69,698.69,694.58,4.24,698.41,0.28,405.96,0,0,0.0,0.0,44294,39041,6.7,228.8,0,
19.7.2026,0:59:27.347,27834,6077,82.0,14130,17733,44.3,3.5,2048,71,1.245,1.245,1.245,1.245,1.245,1.245,1.245,4283.9,4112.6,5140.7,4112.6,4112.6,4112.6,4112.6,99.8,672.3,1265.9,138.7,741.8,3241.3,832.5,1066.6,236.5,153.5,159.9,95.7,56.2,79.0,672.3,12.4,23.4,2.5,14.0,62.9,14.2,20.3,3.3,2.7,2.8,1.5,0.0,1.2,62.9,12.4,16.8,28.9,3.5,19.3,84.9,19.3,27.4,5.0,3.7,4.1,2.3,1.3,2.0,16.8,42.9,41.2,51.5,41.2,41.2,41.2,41.2,0.0,27.0,29.8,77.3,38.4,8.5,5.2,3.0,45.7,70.2,22.7,61.6,91.5,12.7,15.7,27.2,0.0,0.0,0.0,0.0,82.2,81.3,2395.7,24.00,40,39,39,77,116,708,1,73.1,70.7,70.8,61.1,59.7,68.9,64.4,60.0,56.3,57.1,59.2,59.2,66.2,60.7,46.9,45.0,48.0,1.247,1.015,1.100,16.732,8.142,16.732,37.000,6.084,41.758,2.461,2.783,5.118,3.744,2.225,0.488,0.406,20.878,8.264,35.835,40.837,1996.4,2395.7,5148.3,5148.3,5145.5,46.4,22.3,24.7,46.4,83.2,いいえ,いいえ,いいえ,0.480,0.168,1.6,45.0,73.1,40.0,73.0,1.256,12.038,3.440,3.296,5.016,1.064,0.992,3.440,3.344,1.808,1.024,1.120,1.032,1.792,1.096,0.664,1.824,0.264,2033,いいえ,61.0,44.2,1.095,1.110,1.800,1.800,0.990,4.970,0.500,いいえ,いいえ,いいえ,42.8,1.095,1.110,1.800,1.800,0.990,4.970,0.250,いいえ,いいえ,いいえ,37,37,いいえ,はい,15388,14039,128,128,34,100.0,いいえ,いいえ,3868,2528,9990,42,44,52,100.0,100.0,いいえ,いいえ,7032,7744,0.0,0.0,0.0,0.000,0.006,1392,1010,0.0,0.0,0.0,0.000,0.000,181182,133153,0.0,0.0,0.0,0.000,0.002,66345,77722,62.6,0.720,10.000,600.0,2400.0,1200.0,100.0,0.0,0.0,0.0,0.0,0.0,0.0,0.0,0.0,125,2,16.0,86,いいえ,いいえ,いいえ,67.8,70.0,76.6,84.0,1.100,12.203,12.199,12.167,12.246,12.199,1542,1542,141.701,52.926,106.346,23.592,28.386,118.415,11.797,40.119,32.377,62.376,220.000,220.000,2775.0,1281.5,2130.0,2764.3,2235.0,2764.7,1280.3,2223.8,93.0,54.0,0.0,0.0,92.0,25.3,100.0,0.0,1.3,0.0,38,38,はい,いいえ,いいえ,はい,いいえ,いいえ,いいえ,66.6,52.4,0,0,0,0,0,0,0,0,0,0,0,0,0,0,0,0,0,0,0,0,0,0,0,0,0,0,0,0,0,0,980,11302,11026,591,16.0,15.3,17.7,11.2,11.0,11.0,11.0,1.9,1.9,1.9,1.9,1.9,1.9,65.18,89.61,56.50,56.47,90.70,90.70,1.75,15.85,65.14,0.04,96.35,0,0,0.0,0.0,44294,39041,6.6,239.2,0,
19.7.2026,0:59:29.349,27526,6385,81.1,13785,18078,43.2,3.5,2048,71,1.195,1.295,1.175,1.175,1.175,1.175,1.175,4232.6,4092.6,4916.1,4916.1,4916.1,3277.4,3277.4,99.8,1852.1,1982.7,1526.0,2146.4,2918.0,1992.1,2579.6,1661.7,1624.4,1461.4,1406.7,1452.7,1473.8,1852.1,38.1,38.9,32.0,43.9,59.2,40.2,52.4,34.3,34.0,31.0,29.7,31.1,31.1,59.2,38.1,48.2,48.5,40.1,56.3,76.8,51.6,67.6,43.2,42.5,38.4,36.9,38.1,38.7,48.2,42.4,41.0,49.2,49.2,49.2,32.8,32.8,0.0,47.5,43.1,72.3,63.7,39.8,33.1,33.3,34.9,39.8,27.7,36.3,57.1,24.5,24.0,17.5,17.1,0.0,0.0,3.1,42.5,42.6,2395.7,24.00,40,39,39,77,116,708,1,82.2,78.1,83.5,68.0,64.1,74.1,72.9,68.4,62.9,65.7,60.5,60.5,67.2,61.1,46.9,45.0,48.0,1.214,1.015,1.100,24.898,8.416,24.896,62.000,6.097,51.996,4.218,3.562,6.107,5.861,4.096,2.821,2.863,30.049,8.541,45.296,50.852,1996.4,2395.7,4995.9,4995.9,5032.1,57.8,33.2,41.3,57.8,91.9,いいえ,いいえ,いいえ,8.244,4.040,2.9,45.0,82.2,40.0,82.0,1.288,12.144,3.440,3.328,5.040,1.064,0.984,3.440,3.344,1.808,1.024,1.120,1.032,1.792,1.096,0.664,1.824,0.264,2036,いいえ,61.0,44.5,1.095,1.110,1.800,1.800,0.990,4.970,0.500,いいえ,いいえ,いいえ,43.0,1.095,1.110,1.800,1.800,0.990,4.970,2.375,いいえ,いいえ,いいえ,37,37,いいえ,はい,15388,14039,128,128,34,100.0,いいえ,いいえ,3868,2528,9990,42,44,52,100.0,100.0,いいえ,いいえ,7032,7744,0.0,0.0,0.0,0.000,0.004,1392,1010,0.0,0.0,0.0,0.000,0.000,181182,133153,0.0,0.0,0.0,0.000,0.040,66345,77722,62.9,0.720,47.000,600.0,2400.0,1200.0,100.0,0.0,0.0,0.0,0.0,0.0,0.0,0.0,0.0,125,2,16.0,86,いいえ,いいえ,いいえ,56.3,66.0,67.7,84.0,0.925,12.319,12.330,12.272,12.345,12.331,1553,1553,46.132,13.231,14.868,4.291,14.076,17.011,2.146,16.221,17.869,19.366,220.000,220.000,675.0,625.2,1995.0,2775.0,1995.0,674.8,624.5,1995.2,0.0,0.0,0.0,0.0,87.5,16.8,66.1,0.0,1.0,0.0,38,38,はい,いいえ,いいえ,いいえ,いいえ,はい,いいえ,14.1,13.1,0,0,0,0,0,0,0,0,0,0,0,0,0,0,0,0,0,0,0,0,0,0,0,0,0,0,0,0,0,0,1538,10744,10468,591,16.0,3.9,7.7,2.6,2.6,2.5,2.5,0.0,0.0,0.0,0.0,0.0,0.0,259.63,389.60,129.67,127.28,392.25,392.25,1.66,102.01,259.54,0.09,0.00,0,0,0.0,0.0,44294,39042,6.7,316.1,0,
19.7.2026,0:59:31.345,28087,5823,82.8,13745,18118,43.1,3.5,2048,71,1.243,1.255,1.240,1.240,1.240,1.240,1.240,4169.7,4112.6,5140.7,4112.6,4112.6,3427.2,4112.6,99.8,1175.4,2263.4,623.6,1229.4,2406.5,1047.4,2923.0,828.0,803.2,535.0,456.2,468.4,520.3,1175.4,22.5,40.0,12.1,24.6,46.0,19.8,57.7,15.0,15.8,10.8,9.0,9.2,10.5,57.7,22.5,29.8,52.8,16.0,32.1,61.7,26.3,76.7,20.0,20.5,13.9,11.7,12.1,13.5,29.8,41.8,41.2,51.5,41.2,41.2,34.3,41.2,0.0,39.3,47.6,63.0,69.3,25.6,15.3,15.2,45.5,51.4,37.0,30.7,74.4,35.8,43.7,15.2,0.9,0.0,0.0,0.0,48.9,41.1,2395.7,24.00,40,39,39,77,116,708,1,81.1,75.5,71.2,65.9,63.8,70.8,72.1,65.5,60.4,62.5,60.9,60.9,67.0,61.1,47.0,45.0,48.0,1.250,1.015,1.100,21.807,8.234,21.801,45.000,6.055,48.500,3.691,3.826,5.332,5.762,3.550,1.762,1.915,27.228,8.357,42.245,47.442,1996.4,2395.7,5102.2,5102.2,5102.3,53.9,29.1,30.0,53.9,88.8,いいえ,いいえ,いいえ,3.475,1.887,2.4,45.0,81.0,40.0,81.0,1.256,12.091,3.440,3.280,5.016,1.064,0.984,3.440,3.344,1.808,1.024,1.120,1.032,1.792,1.096,0.664,1.824,0.264,2036,いいえ,61.0,44.5,1.095,1.110,1.800,1.800,0.990,4.970,0.250,いいえ,いいえ,いいえ,43.0,1.095,1.110,1.800,1.800,0.990,4.970,0.250,いいえ,いいえ,いいえ,37,37,いいえ,はい,15388,14039,128,128,34,100.0,いいえ,いいえ,3868,2528,9990,42,44,52,100.0,100.0,いいえ,いいえ,7032,7744,0.0,0.0,0.0,0.000,0.000,1392,1010,0.0,0.0,0.0,0.000,0.000,181182,133153,0.0,0.0,0.0,0.000,0.006,66345,77722,63.1,0.720,20.000,600.0,2400.0,1200.0,100.0,0.0,0.0,0.0,0.0,0.0,0.0,0.0,0.0,125,2,16.0,86,いいえ,いいえ,いいえ,66.3,68.0,75.1,84.0,1.100,12.193,12.189,12.157,12.235,12.190,1544,1542,124.529,75.363,110.562,25.085,29.504,123.431,12.543,41.993,164.366,95.418,220.000,220.000,2775.0,1281.5,2130.0,2758.8,2235.0,2763.2,1280.7,2224.3,90.0,53.0,1.0,0.0,92.7,25.2,100.0,0.0,0.8,0.0,38,38,はい,いいえ,いいえ,はい,いいえ,いいえ,いいえ,69.3,71.7,0,0,0,0,0,0,0,0,0,0,0,0,0,0,0,0,0,0,0,0,0,0,0,0,0,0,0,0,0,0,902,11380,11104,591,16.0,0.5,0.5,0.5,0.5,0.5,0.5,0.5,0.5,0.5,0.5,0.5,0.5,1923.32,1923.32,1923.32,1923.32,1923.32,1923.32,760.42,1163.86,1923.10,0.23,1676.68,0,0,0.0,0.0,44294,39042,6.1,101.2,0,
19.7.2026,0:59:33.336,27924,5987,82.3,13821,18042,43.3,3.5,2048,71,1.246,1.250,1.245,1.245,1.245,1.245,1.245,4055.5,4112.6,4112.6,5140.7,4112.6,3427.2,3427.2,99.8,695.8,1483.5,115.6,1123.5,1097.6,2915.3,727.8,300.5,183.1,126.8,125.7,70.5,79.4,695.8,13.1,28.1,2.2,21.9,19.3,56.8,13.4,4.7,3.7,2.5,2.3,1.2,1.5,56.8,13.1,17.4,35.2,2.8,29.3,26.5,76.2,18.5,6.4,4.5,3.2,3.1,1.7,2.0,17.4,40.6,41.2,41.2,51.5,41.2,34.3,34.3,0.0,28.2,33.7,44.8,71.2,10.8,5.1,3.3,48.1,66.3,55.2,28.8,89.2,24.5,24.5,23.8,0.0,0.0,0.0,0.0,70.4,72.1,2395.7,24.00,40,39,39,77,116,708,1,78.5,71.4,68.4,62.1,60.9,66.1,68.7,61.4,57.3,58.3,59.9,59.9,66.8,60.7,47.0,45.0,48.0,1.251,1.015,1.100,17.429,8.110,17.437,41.500,6.075,42.736,2.626,2.980,4.064,4.942,2.393,0.742,0.635,21.830,8.231,36.744,41.766,1996.4,2395.7,5149.2,5149.2,5147.7,47.5,23.2,27.7,47.5,83.9,いいえ,いいえ,いいえ,0.634,0.237,1.7,45.0,78.8,40.0,78.0,1.256,12.091,3.440,3.296,5.016,1.064,0.984,3.440,3.344,1.808,1.024,1.120,1.032,1.792,1.096,0.664,1.824,0.264,2030,いいえ,61.0,44.5,1.095,1.110,1.800,1.800,0.990,4.970,0.250,いいえ,いいえ,いいえ,43.0,1.095,1.110,1.800,1.800,1.005,4.970,0.250,いいえ,いいえ,いいえ,37,37,いいえ,はい,15388,14039,128,128,34,100.0,いいえ,いいえ,3868,2528,9990,42,44,52,100.0,100.0,いいえ,いいえ,7032,7744,0.0,0.1,0.1,0.000,0.010,1392,1011,0.0,0.0,0.0,0.000,0.000,181182,133153,0.0,0.1,0.1,0.000,0.245,66345,77722,62.9,0.720,48.000,600.0,2400.0,1200.0,100.0,0.0,0.0,0.0,0.0,0.0,0.0,0.0,0.0,125,2,16.0,86,いいえ,いいえ,いいえ,67.2,70.0,76.3,84.0,1.100,12.182,12.172,12.154,12.228,12.173,1537,1539,149.359,71.574,119.699,23.760,28.452,131.783,11.881,40.293,98.895,117.832,220.000,220.000,2775.0,1281.5,2130.0,2764.2,2235.0,2764.1,1280.8,2217.9,84.0,34.0,1.0,0.0,92.0,25.3,100.0,0.0,1.0,0.0,38,38,はい,いいえ,いいえ,はい,いいえ,いいえ,いいえ,72.7,82.7,0,0,0,0,0,0,0,0,0,0,0,0,0,0,0,0,0,0,0,0,0,0,0,0,0,0,0,0,0,0,980,11302,11026,591,16.0,1.3,1.3,1.3,1.3,1.3,1.3,1.4,1.4,1.4,1.4,1.4,1.4,741.54,741.54,741.54,741.54,741.54,741.54,702.49,39.86,741.28,0.26,35.12,0,0,0.0,0.0,44294,39042,6.4,115.4,0,
19.7.2026,0:59:35.337,27853,6058,82.1,13907,17956,43.6,3.5,2048,71,1.241,1.245,1.240,1.240,1.240,1.240,1.240,4055.5,4112.6,4112.6,5140.7,4112.6,3427.2,3427.2,99.8,640.3,1009.8,114.2,920.0,937.0,2790.5,1096.9,270.8,205.3,145.1,89.9,60.4,43.7,640.3,12.3,18.7,2.4,18.1,16.7,54.4,21.2,4.8,4.3,3.0,1.7,1.1,0.8,54.4,12.3,16.1,22.5,2.8,23.9,22.8,73.2,28.7,6.1,5.1,3.7,2.2,1.4,1.0,16.1,40.6,41.2,41.2,51.5,41.2,34.3,34.3,0.0,25.7,24.1,37.6,75.0,10.5,4.6,2.4,47.1,75.5,62.4,25.0,89.5,14.5,15.9,27.2,0.4,0.0,0.0,0.0,80.9,81.8,2395.7,24.00,40,39,39,77,116,708,1,76.6,70.7,67.9,61.2,59.4,64.7,68.5,60.9,56.5,57.4,59.4,59.4,66.2,60.9,47.0,45.0,48.0,1.246,1.015,1.100,16.436,8.100,16.433,39.000,6.080,41.313,2.338,2.491,3.563,4.892,2.221,0.484,0.378,20.489,8.222,35.399,40.399,1996.4,2395.7,5145.7,5145.7,5146.6,45.9,21.9,26.0,45.9,83.2,いいえ,いいえ,いいえ,0.468,0.142,1.5,45.0,76.6,40.0,76.0,1.248,12.091,3.440,3.312,5.016,1.064,0.984,3.440,3.344,1.808,1.024,1.120,1.032,1.792,1.096,0.664,1.824,0.264,2033,いいえ,61.0,44.5,1.095,1.110,1.800,1.800,0.990,5.040,0.375,いいえ,いいえ,いいえ,43.0,1.095,1.110,1.800,1.800,0.990,5.040,0.250,いいえ,いいえ,いいえ,37,37,いいえ,はい,15388,14039,128,128,34,100.0,いいえ,いいえ,3868,2528,9990,42,44,52,100.0,100.0,いいえ,いいえ,7032,7744,0.0,42.2,42.2,0.000,0.006,1392,1011,0.0,0.0,0.0,0.000,0.000,181182,133153,0.0,0.0,0.0,0.000,0.020,66345,77722,62.8,0.720,18.000,600.0,2400.0,1200.0,100.0,0.0,0.0,0.0,0.0,0.0,0.0,0.0,0.0,125,2,16.0,86,いいえ,いいえ,いいえ,68.4,70.0,78.0,84.0,1.100,12.181,12.177,12.144,12.226,12.178,1537,1537,146.281,55.631,109.037,25.694,29.995,122.121,12.848,42.786,25.960,76.609,220.000,220.000,2775.0,1281.5,2130.0,2763.8,2235.0,2767.1,1280.2,2225.2,86.0,51.0,1.0,1.0,92.0,25.3,100.0,0.0,1.1,0.0,38,38,はい,いいえ,いいえ,はい,いいえ,いいえ,いいえ,69.0,79.6,0,0,0,0,0,0,0,0,0,0,0,0,0,0,0,0,0,0,0,0,0,0,0,0,0,0,0,0,0,0,980,11302,11026,591,16.0,6.0,15.1,3.5,3.4,3.4,3.4,2.4,4.2,1.7,1.7,1.7,1.7,168.01,289.40,66.20,64.72,292.30,292.30,1.91,75.07,167.95,0.05,84.92,0,0,0.0,0.0,44294,39042,6.3,165.8,0,
19.7.2026,0:59:37.348,27843,6068,82.1,13942,17921,43.7,3.5,2048,71,1.241,1.245,1.240,1.240,1.240,1.240,1.240,3941.2,4112.6,4112.6,5140.7,3427.2,3427.2,3427.2,99.8,657.4,1150.3,120.1,1049.8,1001.3,1143.7,2670.7,250.8,184.9,121.4,69.5,54.4,71.8,657.4,12.6,21.7,2.5,21.0,17.8,21.4,52.2,4.3,3.9,2.4,1.2,1.0,1.4,52.2,12.6,16.5,26.0,3.0,27.4,24.2,29.1,70.2,5.6,4.6,3.1,1.6,1.3,1.8,16.5,39.5,41.2,41.2,51.5,34.3,34.3,34.3,0.0,26.5,27.5,41.4,73.8,9.7,4.0,2.7,46.4,72.5,58.6,26.2,90.3,14.7,16.3,27.0,0.0,0.0,0.0,0.0,81.3,81.0,2395.7,24.00,40,39,39,77,116,708,1,75.2,70.8,68.4,61.4,59.6,65.2,68.5,60.8,56.4,57.5,59.4,59.4,66.8,60.8,47.0,45.0,48.0,1.247,1.015,1.100,16.633,7.967,16.636,39.000,6.067,41.441,2.407,2.661,3.782,4.925,2.221,0.448,0.406,20.748,8.086,35.508,40.511,1996.4,2395.7,5147.6,5147.6,5147.2,46.0,22.2,26.0,46.0,83.3,いいえ,いいえ,いいえ,0.412,0.150,1.6,45.0,75.2,40.0,75.0,1.248,12.091,3.440,3.296,5.016,1.064,0.984,3.440,3.344,1.808,1.024,1.120,1.032,1.792,1.096,0.664,1.824,0.264,2033,いいえ,61.0,44.5,1.110,1.110,1.800,1.800,0.990,5.040,0.250,いいえ,いいえ,いいえ,43.0,1.095,1.110,1.800,1.800,0.990,5.040,0.375,いいえ,いいえ,いいえ,37,37,いいえ,はい,15388,14039,128,128,34,100.0,いいえ,いいえ,3868,2528,9990,42,44,52,100.0,100.0,いいえ,いいえ,7032,7744,0.0,0.0,0.0,0.000,0.006,1392,1011,0.0,0.0,0.0,0.000,0.000,181182,133153,0.0,0.0,0.0,0.000,0.010,66345,77722,62.8,0.720,22.000,600.0,2400.0,1200.0,100.0,0.0,0.0,0.0,0.0,0.0,0.0,0.0,0.0,125,2,16.0,86,いいえ,いいえ,いいえ,68.6,70.0,78.0,84.0,1.100,12.188,12.185,12.149,12.234,12.186,1537,1535,150.146,60.881,109.802,25.978,30.202,123.016,12.990,43.146,34.465,107.448,220.000,220.000,2775.0,1281.5,2130.0,2764.6,2235.0,2767.6,1279.6,2225.5,94.0,54.0,0.0,0.0,92.0,25.2,100.0,0.0,0.9,0.0,38,38,はい,いいえ,いいえ,はい,いいえ,いいえ,いいえ,69.5,68.8,0,0,0,0,0,0,0,0,0,0,0,0,0,0,0,0,0,0,0,0,0,0,0,0,0,0,0,0,0,0,980,11302,11026,591,16.0,1.3,1.3,1.3,1.3,1.3,1.3,1.3,1.3,1.3,1.3,1.3,1.3,751.76,751.76,751.76,751.76,751.76,751.76,748.56,2.57,751.45,0.31,522.91,0,0,0.0,0.0,44294,39043,6.7,184.8,0,
19.7.2026,0:59:39.348,27841,6070,82.1,13955,17908,43.7,3.5,2048,71,1.245,1.245,1.245,1.245,1.245,1.245,1.245,4055.5,4112.6,4112.6,5140.7,4112.6,3427.2,3427.2,99.8,653.2,1080.6,131.6,411.3,1492.7,629.9,3331.0,203.8,213.3,136.0,85.1,56.6,67.0,653.2,12.6,20.1,2.9,8.3,28.1,11.1,65.1,3.5,4.7,2.9,1.6,1.1,1.4,65.1,12.6,16.4,24.0,3.3,10.5,37.5,15.2,87.7,4.5,5.3,3.5,2.1,1.3,1.6,16.4,40.6,41.2,41.2,51.5,41.2,34.3,34.3,0.0,26.1,25.9,38.5,76.0,9.3,4.3,2.7,46.7,74.1,61.5,24.0,90.7,13.4,16.7,27.2,0.0,0.0,0.0,0.0,82.4,80.6,2395.7,24.00,40,39,39,77,116,708,1,74.2,70.8,68.4,61.2,59.5,64.7,68.7,60.7,56.4,57.5,59.3,59.3,66.0,60.6,47.0,45.0,48.0,1.246,1.015,1.100,16.509,7.946,16.509,39.500,6.114,41.265,2.374,2.593,3.552,5.076,2.164,0.456,0.403,20.581,8.065,35.371,40.370,1996.4,2395.7,5146.0,5146.0,5146.8,45.9,22.0,26.3,45.9,83.2,いいえ,いいえ,いいえ,0.378,0.138,1.6,45.0,74.2,40.0,74.0,1.280,12.091,3.440,3.296,5.016,1.064,0.984,3.440,3.344,1.808,1.024,1.120,1.032,1.792,1.096,0.664,1.824,0.264,2027,いいえ,61.0,44.5,1.110,1.110,1.800,1.800,0.990,5.040,0.375,いいえ,いいえ,いいえ,43.0,1.110,1.110,1.800,1.800,0.990,5.040,0.375,いいえ,いいえ,いいえ,37,37,いいえ,はい,15388,14039,128,128,34,100.0,いいえ,いいえ,3868,2528,9990,42,44,52,100.0,100.0,いいえ,いいえ,7032,7744,0.0,0.0,0.0,0.000,0.004,1392,1011,0.0,0.0,0.0,0.000,0.000,181182,133153,0.0,0.0,0.0,0.000,0.040,66345,77722,62.7,0.720,18.000,600.0,2400.0,1200.0,100.0,0.0,0.0,0.0,0.0,0.0,0.0,0.0,0.0,125,2,16.0,86,いいえ,いいえ,いいえ,69.2,72.0,79.0,84.0,1.100,12.169,12.164,12.127,12.219,12.165,1537,1537,153.832,71.082,117.610,29.461,32.865,132.492,14.732,47.581,93.989,99.927,220.000,220.000,2775.0,1281.5,2130.0,2764.3,2235.0,2765.9,1279.8,2223.3,80.0,27.0,1.0,0.0,92.0,25.2,100.0,0.0,1.0,0.0,38,38,はい,いいえ,いいえ,はい,いいえ,いいえ,いいえ,75.1,82.9,0,0,0,0,0,0,0,0,0,0,0,0,0,0,0,0,0,0,0,0,0,0,0,0,0,0,0,0,0,0,980,11302,11026,591,16.0,1.0,1.0,1.0,1.0,1.0,1.0,0.0,0.0,0.0,0.0,0.0,0.0,981.50,981.50,981.50,981.50,981.50,981.50,3.30,77.36,981.45,0.05,0.00,0,0,0.0,0.0,44294,39043,6.5,174.0,0,
19.7.2026,0:59:41.347,27847,6064,82.1,14020,17843,44.0,3.5,2048,71,1.245,1.245,1.245,1.245,1.245,1.245,1.245,4055.5,3427.2,5140.7,4112.6,4112.6,3427.2,4112.6,99.8,656.9,1105.9,130.0,1832.0,1191.7,963.1,1816.1,250.2,216.7,150.3,94.3,55.9,77.2,656.9,12.5,20.5,2.7,35.8,21.9,17.6,35.3,4.2,4.5,3.0,1.7,1.0,1.5,35.8,12.5,16.4,24.6,3.2,48.1,30.0,23.7,47.4,5.6,5.4,3.8,2.3,1.3,1.9,16.4,40.6,34.3,51.5,41.2,41.2,34.3,41.2,0.0,26.2,26.4,59.1,54.1,10.2,4.7,2.9,46.8,73.6,40.9,45.9,89.8,15.5,15.1,27.0,0.0,0.0,0.0,0.0,79.8,82.0,2395.7,24.00,40,39,39,77,116,708,1,73.8,70.8,70.8,61.1,59.5,66.9,66.3,60.5,56.5,57.2,59.3,59.3,66.5,60.9,47.0,45.0,48.0,1.247,1.015,1.100,16.505,8.112,16.504,38.500,6.089,41.457,2.399,2.621,4.377,4.264,2.214,0.524,0.396,20.586,8.234,35.517,40.519,1996.4,2395.7,5147.1,5147.1,5146.8,46.0,22.0,25.7,46.0,83.2,いいえ,いいえ,いいえ,0.464,0.150,1.6,45.0,73.8,40.0,73.0,1.256,12.038,3.440,3.296,5.016,1.064,0.984,3.440,3.344,1.808,1.024,1.120,1.032,1.792,1.096,0.664,1.824,0.264,2030,いいえ,61.0,44.5,1.110,1.110,1.815,1.800,0.990,5.040,0.250,いいえ,いいえ,いいえ,43.0,1.110,1.110,1.800,1.800,0.990,5.040,0.250,いいえ,いいえ,いいえ,37,37,いいえ,はい,15388,14039,128,128,34,100.0,いいえ,いいえ,3868,2528,9990,42,44,52,100.0,100.0,いいえ,いいえ,7032,7744,0.0,0.0,0.0,0.000,0.006,1392,1011,0.0,0.0,0.0,0.000,0.000,181182,133153,0.0,0.1,0.1,0.000,0.126,66345,77722,62.7,0.720,17.000,600.0,2400.0,1200.0,100.0,0.0,0.0,0.0,0.0,0.0,0.0,0.0,0.0,125,2,16.0,86,いいえ,いいえ,いいえ,69.0,70.0,78.6,84.0,1.100,12.176,12.163,12.153,12.222,12.164,1542,1542,147.904,68.405,124.426,22.964,27.782,136.095,11.495,39.230,89.627,95.619,220.000,220.000,2775.0,1281.5,2130.0,2764.5,2235.0,2763.2,1279.9,2224.0,93.0,48.0,0.0,0.0,92.0,25.1,100.0,0.0,0.6,0.0,38,38,はい,いいえ,いいえ,はい,いいえ,いいえ,いいえ,75.1,87.0,0,0,0,0,0,0,0,0,0,0,0,0,0,0,0,0,0,0,0,0,0,0,0,0,0,0,0,0,0,0,980,11302,11026,591,16.0,2.0,7.9,1.1,1.1,1.1,1.1,0.0,0.0,0.0,0.0,0.0,0.0,500.03,873.28,126.78,119.93,880.90,880.90,4.60,55.17,499.97,0.06,0.00,0,0,0.0,0.0,44294,39043,5.7,131.5,0,
19.7.2026,0:59:43.349,27848,6063,82.1,14058,17805,44.1,3.5,2048,71,1.250,1.250,1.250,1.250,1.250,1.250,1.250,4055.5,4112.6,5140.7,4112.6,3427.2,4112.6,3427.2,99.8,655.4,1136.6,106.1,3015.1,1299.3,784.5,760.1,229.1,151.8,137.7,107.3,62.9,75.0,655.4,12.5,21.7,2.2,59.0,24.4,13.9,14.6,3.7,3.2,2.8,2.1,1.2,1.6,59.0,12.5,16.4,26.0,2.6,79.4,33.4,18.4,19.4,5.0,3.7,3.5,2.6,1.5,1.9,16.4,40.6,41.2,51.5,41.2,34.3,41.2,34.3,0.0,26.3,27.1,82.8,31.4,8.4,4.8,3.1,46.8,72.9,17.2,68.6,91.6,12.5,17.8,27.0,0.0,0.0,0.0,0.0,82.7,79.1,2395.7,24.00,40,39,39,77,116,708,1,73.5,71.0,71.2,61.1,59.5,69.5,63.9,60.0,56.3,57.2,59.2,59.2,67.2,61.0,47.0,45.0,48.0,1.247,1.015,1.100,16.523,8.136,16.521,36.500,6.132,41.526,2.398,2.623,5.282,3.447,2.143,0.458,0.436,20.621,8.258,35.624,40.621,1996.4,2395.7,5148.0,5148.0,5145.5,46.2,22.0,24.3,46.2,83.5,いいえ,いいえ,いいえ,0.424,0.144,1.6,45.0,73.5,40.0,73.0,1.256,12.038,3.440,3.296,5.016,1.064,0.984,3.440,3.344,1.808,1.024,1.120,1.032,1.792,1.096,0.664,1.824,0.264,2033,いいえ,61.0,44.5,1.110,1.110,1.815,1.800,0.990,5.040,0.375,いいえ,いいえ,いいえ,43.0,1.110,1.110,1.815,1.800,0.990,5.040,0.250,いいえ,いいえ,いいえ,37,37,いいえ,はい,15388,14039,128,128,34,100.0,いいえ,いいえ,3868,2528,9990,42,44,52,100.0,100.0,いいえ,いいえ,7032,7744,0.0,0.0,0.0,0.000,0.000,1392,1011,0.0,0.0,0.0,0.000,0.000,181182,133153,0.0,0.0,0.0,0.000,0.002,66345,77722,62.7,0.720,46.000,600.0,2400.0,1200.0,100.0,0.0,0.0,0.0,0.0,0.0,0.0,0.0,0.0,125,2,16.0,86,いいえ,いいえ,いいえ,69.4,72.0,79.0,84.0,1.100,12.176,12.173,12.138,12.222,12.171,1542,1544,148.466,79.682,120.285,28.071,31.815,134.519,14.021,45.805,150.357,112.583,220.000,220.000,2775.0,1281.5,2130.0,2764.6,2235.0,2764.6,1279.8,2224.8,94.0,58.0,2.0,0.0,92.0,25.3,100.0,0.0,1.2,0.0,38,38,はい,いいえ,いいえ,はい,いいえ,いいえ,いいえ,75.5,68.7,0,0,0,0,0,0,0,0,0,0,0,0,0,0,0,0,0,0,0,0,0,0,0,0,0,0,0,0,0,0,980,11302,11026,591,16.0,1.8,8.1,1.0,1.0,1.0,1.0,1.0,1.0,1.0,1.0,1.0,1.0,543.17,962.57,123.77,116.06,971.13,971.13,2.99,68.76,543.12,0.05,941.91,0,0,0.0,0.0,44294,39044,6.6,291.4,0,
19.7.2026,0:59:45.344,27849,6062,82.1,14125,17738,44.3,3.5,2048,71,1.250,1.270,1.245,1.245,1.245,1.245,1.250,4112.6,5140.7,5140.7,4112.6,3427.2,3427.2,3427.2,99.8,682.9,1383.7,135.9,2728.7,1802.5,887.8,473.8,251.5,178.5,132.0,79.0,63.3,78.0,682.9,13.0,26.0,2.8,53.2,34.5,15.6,8.8,4.0,3.8,2.6,1.4,1.2,1.6,53.2,13.0,17.0,31.9,3.4,71.8,46.9,20.6,11.6,5.4,4.4,3.3,1.9,1.5,1.9,17.0,41.2,51.5,51.5,41.2,34.3,34.3,34.3,0.0,27.6,32.2,87.7,28.5,9.6,4.3,3.2,46.8,67.8,12.3,71.5,90.4,17.4,21.4,25.6,0.0,0.0,0.0,0.0,78.3,75.4,2395.7,24.00,40,39,39,77,116,708,1,73.4,71.2,71.2,61.3,60.0,70.3,63.6,60.2,56.5,57.4,59.3,59.3,66.5,60.9,47.0,45.0,48.0,1.248,1.015,1.100,17.276,7.999,17.271,37.500,6.093,42.284,2.537,2.895,5.543,3.444,2.262,0.553,0.523,21.574,8.119,36.394,41.392,1996.4,2395.7,5146.3,5146.3,5145.0,47.0,23.0,25.0,47.0,83.8,いいえ,いいえ,いいえ,0.486,0.168,1.7,45.0,73.4,40.0,73.0,1.256,12.038,3.440,3.296,5.016,1.064,0.984,3.440,3.344,1.808,1.024,1.120,1.032,1.792,1.096,0.664,1.824,0.264,2030,いいえ,61.0,44.5,1.110,1.110,1.815,1.800,1.005,5.040,0.375,いいえ,いいえ,いいえ,43.0,1.110,1.110,1.815,1.800,1.005,5.040,0.250,いいえ,いいえ,いいえ,37,37,いいえ,はい,15388,14039,128,128,34,100.0,いいえ,いいえ,3868,2528,9990,42,44,52,100.0,100.0,いいえ,いいえ,7032,7744,0.0,0.1,0.1,0.000,0.012,1392,1011,0.0,0.0,0.0,0.000,0.000,181182,133153,0.0,0.0,0.0,0.000,0.034,66345,77723,62.7,0.720,18.000,600.0,2400.0,1200.0,100.0,0.0,0.0,0.0,0.0,0.0,0.0,0.0,0.0,125,2,16.0,86,いいえ,いいえ,いいえ,69.1,70.0,78.5,84.0,1.100,12.171,12.167,12.133,12.218,12.166,1542,1544,141.905,77.386,118.714,27.934,31.716,132.874,13.954,45.651,153.354,94.895,220.000,220.000,2775.0,1281.5,2130.0,2764.3,2235.0,2767.6,1280.1,2225.6,90.0,55.0,0.0,0.0,92.0,25.3,100.0,0.0,1.3,0.0,38,38,はい,いいえ,いいえ,はい,いいえ,いいえ,いいえ,74.7,75.4,0,0,0,0,0,0,0,0,0,0,0,0,0,0,0,0,0,0,0,0,0,0,0,0,0,0,0,0,0,0,980,11302,11026,591,16.0,1.7,1.7,1.7,1.7,1.7,1.7,0.0,0.0,0.0,0.0,0.0,0.0,601.30,601.30,601.30,601.30,601.30,601.30,4.02,79.03,601.24,0.06,0.00,0,0,0.0,0.0,44294,39045,7.8,319.5,0,
19.7.2026,0:59:47.349,27457,6454,80.9,14256,17606,44.7,3.5,2048,71,1.207,1.145,1.220,1.220,1.220,1.220,1.220,4389.3,3277.4,4941.1,4941.1,4941.1,4941.1,3294.1,99.8,1879.1,2070.1,1558.5,2338.3,2929.6,2019.3,2431.7,1649.5,1682.0,1503.7,1424.1,1481.6,1461.2,1879.1,38.3,38.8,32.5,47.7,59.1,40.5,49.3,33.9,35.1,31.6,29.8,31.1,30.6,59.1,38.3,48.8,48.4,40.9,61.5,77.1,52.1,63.7,42.9,44.1,39.5,37.4,39.0,38.4,48.8,44.0,32.8,49.5,49.5,49.5,49.5,33.0,0.0,48.6,44.8,77.1,61.2,41.1,34.0,33.7,36.2,50.7,22.9,38.8,55.1,23.9,25.5,15.2,4.5,0.0,0.0,3.7,42.1,40.8,2395.7,24.00,40,39,39,77,116,708,1,82.4,76.8,81.5,67.8,64.1,73.4,72.1,68.4,63.2,65.7,60.5,60.5,68.2,61.6,47.0,45.0,48.0,1.217,1.015,1.100,24.891,8.472,24.896,66.000,6.109,52.135,4.212,3.763,5.998,5.635,4.124,2.869,2.880,30.065,8.597,45.382,50.950,1996.4,2395.7,5018.9,5018.9,5046.1,57.9,33.2,44.0,57.9,90.3,いいえ,いいえ,いいえ,8.222,4.210,2.9,45.0,82.4,40.0,82.0,1.216,12.144,3.440,3.312,5.040,1.064,0.984,3.440,3.344,1.808,1.024,1.120,1.032,1.792,1.096,0.664,1.824,0.264,2036,いいえ,61.0,44.5,1.110,1.110,1.815,1.800,1.005,4.970,1.125,いいえ,いいえ,いいえ,43.0,1.110,1.110,1.815,1.800,1.005,5.040,0.625,いいえ,いいえ,いいえ,37,37,いいえ,はい,15388,14039,128,128,34,100.0,いいえ,いいえ,3868,2528,9990,42,44,52,100.0,100.0,いいえ,いいえ,7032,7744,0.0,0.0,0.0,0.000,0.000,1392,1011,0.0,0.0,0.0,0.000,0.000,181182,133153,0.0,0.0,0.0,0.000,0.048,66345,77723,62.9,0.720,47.000,600.0,2400.0,1200.0,100.0,0.0,0.0,0.0,0.0,0.0,0.0,0.0,0.0,125,2,16.0,86,いいえ,いいえ,いいえ,57.8,66.0,68.7,84.0,1.095,12.312,12.323,12.263,12.340,12.322,1553,1555,47.805,19.006,27.090,7.492,16.567,30.839,3.746,20.320,22.933,23.059,220.000,220.000,2775.0,1281.5,2145.0,2775.0,2235.0,2775.4,1279.9,2234.2,0.0,0.0,0.0,0.0,87.5,18.0,71.1,0.0,1.0,0.0,38,38,はい,いいえ,いいえ,はい,いいえ,いいえ,いいえ,21.6,22.0,0,0,0,0,0,0,0,0,0,0,0,0,0,0,0,0,0,0,0,0,0,0,0,0,0,0,0,0,0,0,1538,10744,10468,591,16.0,5.6,16.0,1.7,1.7,1.7,1.7,12.0,29.1,7.6,7.5,7.5,7.5,178.33,573.08,62.52,62.50,593.32,593.32,1.40,59.12,178.24,0.10,47.74,0,0,0.0,0.0,44294,39045,6.5,205.4,0,
19.7.2026,0:59:49.347,28055,5856,82.7,13740,18123,43.1,3.5,2048,71,1.172,1.270,1.155,1.155,1.150,1.150,1.150,4209.6,4112.6,4866.2,4866.2,4891.2,3260.8,3260.8,99.8,1196.1,2164.7,667.5,1228.3,1877.8,1170.6,3297.1,898.8,904.8,541.6,551.4,528.2,522.0,1196.1,23.0,37.3,13.0,24.8,35.9,22.2,65.3,16.5,18.0,11.0,11.1,10.6,10.6,65.3,23.0,30.3,49.8,17.2,32.0,47.7,29.7,86.7,22.0,23.3,14.1,14.2,13.6,13.5,30.3,42.2,41.2,48.8,48.8,49.0,32.7,32.7,0.0,39.2,45.2,52.8,76.7,27.3,17.1,16.1,44.6,48.5,47.2,23.3,72.7,31.1,44.7,16.2,6.3,0.0,0.0,0.0,51.8,39.2,2395.7,24.00,40,39,39,77,116,708,1,81.6,76.7,79.1,66.3,63.8,70.2,74.2,66.3,60.6,62.8,61.2,61.2,66.2,61.1,47.0,45.0,48.0,1.249,1.015,1.100,21.813,8.325,21.813,47.500,6.102,48.648,3.750,3.680,5.024,6.373,3.688,1.761,1.974,27.207,8.448,42.367,47.579,1996.4,2395.7,5083.9,5083.9,5086.9,54.1,29.1,31.7,54.1,90.2,いいえ,いいえ,いいえ,3.596,1.910,2.4,45.0,81.5,40.0,81.0,1.272,12.091,3.440,3.296,4.992,1.064,0.984,3.440,3.344,1.808,1.024,1.120,1.032,1.792,1.096,0.664,1.824,0.264,2048,いいえ,61.0,44.5,1.110,1.110,1.815,1.800,1.005,4.970,0.250,いいえ,いいえ,いいえ,43.0,1.110,1.110,1.815,1.800,1.005,4.970,0.500,いいえ,いいえ,いいえ,37,37,いいえ,はい,15388,14039,128,128,34,100.0,いいえ,いいえ,3868,2528,9990,42,44,52,100.0,100.0,いいえ,いいえ,7032,7744,0.0,0.1,0.1,0.000,0.004,1392,1011,0.0,0.0,0.0,0.000,0.000,181182,133153,0.0,0.1,0.1,0.000,0.255,66345,77723,63.3,0.720,18.000,600.0,2400.0,1200.0,100.0,0.0,0.0,0.0,0.0,0.0,0.0,0.0,0.0,125,2,16.0,86,いいえ,いいえ,いいえ,64.9,68.0,73.6,84.0,1.095,12.180,12.177,12.140,12.226,12.176,1544,1544,85.506,64.286,114.932,27.618,31.418,128.967,13.807,45.176,64.175,88.192,220.000,220.000,2775.0,1281.5,2145.0,2182.5,2235.0,2772.4,1279.9,2231.5,89.0,57.0,1.0,1.0,92.7,25.2,100.0,0.0,0.6,0.0,38,38,はい,いいえ,いいえ,はい,いいえ,いいえ,いいえ,72.8,67.1,0,0,0,0,0,0,0,0,0,0,0,0,0,0,0,0,0,0,0,0,0,0,0,0,0,0,0,0,0,0,902,11380,11104,591,16.0,7.2,17.6,1.7,1.6,1.6,1.6,0.9,0.9,0.9,0.9,0.9,0.9,138.97,592.40,56.76,56.67,627.94,627.94,0.63,12.22,138.92,0.06,11.20,0,0,0.0,0.0,44294,39045,5.6,72.1,0,
19.7.2026,0:59:51.350,28018,5893,82.6,13832,18031,43.4,3.5,2048,71,1.249,1.245,1.250,1.250,1.250,1.250,1.250,4055.5,4112.6,5140.7,4112.6,4112.6,3427.2,3427.2,99.8,686.2,1403.4,145.2,934.3,3171.2,679.7,1078.2,281.8,188.4,134.0,81.3,53.8,83.3,686.2,13.2,26.7,2.9,18.7,61.7,12.3,20.4,4.5,3.9,2.7,1.5,0.9,1.7,61.7,13.2,17.2,32.6,3.6,24.4,83.3,15.5,27.2,6.0,4.6,3.4,1.9,1.2,2.1,17.2,40.6,41.2,51.5,41.2,41.2,34.3,34.3,0.0,27.6,32.0,79.8,35.7,10.4,4.4,3.0,47.8,68.0,20.2,64.3,89.6,21.3,23.3,24.7,0.0,0.0,0.0,0.0,74.3,73.7,2395.7,24.00,40,39,39,77,116,708,1,79.0,71.6,71.8,62.1,60.9,70.0,65.1,61.0,57.4,58.2,60.0,60.0,67.0,61.1,47.0,45.0,48.0,1.252,1.015,1.100,17.323,8.210,17.324,41.000,6.128,42.753,2.590,2.918,5.245,3.754,2.351,0.670,0.600,21.702,8.334,36.776,41.791,1996.4,2395.7,5148.4,5148.4,5147.2,47.5,23.1,27.3,47.5,84.2,いいえ,いいえ,いいえ,0.655,0.237,1.7,45.0,78.1,40.0,78.0,1.256,12.091,3.440,3.312,5.016,1.064,0.984,3.440,3.344,1.808,1.024,1.120,1.032,1.792,1.096,0.664,1.824,0.264,2036,いいえ,61.9,44.5,1.110,1.110,1.815,1.800,1.005,4.970,0.250,いいえ,いいえ,いいえ,43.0,1.110,1.110,1.815,1.800,1.005,4.970,0.375,いいえ,いいえ,いいえ,37,37,いいえ,はい,15388,14039,128,128,34,100.0,いいえ,いいえ,3868,2528,9990,42,44,52,100.0,100.0,いいえ,いいえ,7032,7744,0.0,53.4,53.4,0.000,0.010,1392,1011,0.0,0.0,0.0,0.000,0.000,181182,133153,0.0,0.0,0.0,0.000,0.067,66345,77723,63.1,0.720,22.000,600.0,2400.0,1200.0,100.0,0.0,0.0,0.0,0.0,0.0,0.0,0.0,0.0,125,2,16.0,86,いいえ,いいえ,いいえ,64.7,70.0,73.1,84.0,1.095,12.208,12.207,12.171,12.249,12.206,1538,1537,145.875,47.600,99.408,22.070,27.227,110.753,11.022,38.188,27.016,45.118,220.000,220.000,2775.0,1281.5,2145.0,2769.8,2235.0,2773.1,1280.3,2234.2,90.0,46.0,1.0,0.0,92.0,25.2,100.0,0.0,0.9,0.0,38,38,はい,いいえ,いいえ,はい,いいえ,いいえ,いいえ,62.5,27.9,0,0,0,0,0,0,0,0,0,0,0,0,0,0,0,0,0,0,0,0,0,0,0,0,0,0,0,0,0,0,980,11302,11026,591,16.0,7.2,17.6,1.7,1.6,1.6,1.6,0.9,0.9,0.9,0.9,0.9,0.9,138.97,592.40,56.76,56.67,627.94,627.94,0.63,12.22,138.92,0.06,11.20,0,0,0.0,0.0,44294,39045,6.5,131.0,0,
19.7.2026,0:59:53.357,27864,6047,82.1,13887,17976,43.5,3.5,2048,71,1.250,1.250,1.250,1.250,1.250,1.250,1.250,4055.5,4112.6,5140.7,4112.6,4112.6,3427.2,3427.2,99.8,646.9,1105.1,136.3,1169.1,1992.4,1544.8,1069.1,267.2,150.3,122.2,83.8,55.8,67.2,646.9,12.4,20.5,2.9,22.1,38.2,29.4,21.3,5.3,3.1,2.4,1.5,1.0,1.3,38.2,12.4,16.2,24.6,3.4,30.6,51.3,39.3,27.8,6.0,3.7,3.1,2.0,1.3,1.7,16.2,40.6,41.2,51.5,41.2,41.2,34.3,34.3,0.0,26.0,26.5,61.7,51.6,9.2,4.3,2.7,46.9,73.5,38.3,48.4,90.8,14.8,15.8,27.1,0.0,0.0,0.0,0.0,80.9,81.5,2395.7,24.00,40,39,39,77,116,708,1,77.0,71.1,71.8,61.4,59.9,67.6,66.3,60.7,56.7,57.5,59.6,59.6,66.8,61.0,47.0,45.0,48.0,1.248,1.015,1.100,16.548,8.094,16.547,37.000,6.106,41.487,2.386,2.624,4.504,4.128,2.202,0.472,0.387,20.664,8.216,35.596,40.595,1996.4,2395.7,5148.5,5148.5,5147.2,46.1,22.1,24.7,46.1,83.6,いいえ,いいえ,いいえ,0.437,0.149,1.6,45.0,77.0,40.0,77.0,1.256,12.038,3.440,3.296,5.016,1.064,0.984,3.440,3.344,1.808,1.024,1.120,1.032,1.792,1.096,0.664,1.824,0.264,2027,いいえ,61.9,44.5,1.110,1.110,1.800,1.800,1.005,4.970,0.250,いいえ,いいえ,いいえ,43.0,1.110,1.110,1.800,1.800,1.005,4.970,0.375,いいえ,いいえ,いいえ,37,37,いいえ,はい,15388,14039,128,128,34,100.0,いいえ,いいえ,3868,2528,9990,42,44,52,100.0,100.0,いいえ,いいえ,7032,7744,0.0,0.0,0.0,0.000,0.000,1392,1011,0.0,0.0,0.0,0.000,0.000,181182,133153,0.0,0.0,0.0,0.000,0.006,66345,77723,63.0,0.720,18.000,600.0,2400.0,1200.0,100.0,0.0,0.0,0.0,0.0,0.0,0.0,0.0,0.0,125,2,16.0,86,いいえ,いいえ,いいえ,68.6,70.0,78.0,84.0,1.100,12.170,12.167,12.136,12.214,12.165,1537,1537,146.952,71.322,122.795,27.667,31.540,136.911,13.831,45.332,104.514,87.987,220.000,220.000,2775.0,1281.5,2130.0,2764.8,2235.0,2765.1,1280.3,2220.7,92.0,57.0,3.0,0.0,92.0,25.3,100.0,0.0,1.2,0.0,38,38,はい,いいえ,いいえ,はい,いいえ,いいえ,いいえ,76.4,73.8,0,0,0,0,0,0,0,0,0,0,0,0,0,0,0,0,0,0,0,0,0,0,0,0,0,0,0,0,0,0,980,11302,11026,591,16.0,1.1,1.1,1.1,1.1,1.1,1.1,1.2,1.2,1.2,1.2,1.2,1.2,874.38,874.38,874.38,874.38,874.38,874.38,864.86,9.42,874.13,0.25,732.51,0,0,0.0,0.0,44294,39046,6.9,263.6,0,
19.7.2026,0:59:55.359,27864,6046,82.1,13958,17905,43.8,3.5,2048,71,1.240,1.240,1.240,1.240,1.240,1.240,1.240,4169.7,4112.6,4112.6,5140.7,4112.6,3427.2,4112.6,99.8,656.7,1154.2,127.8,990.8,1018.0,3156.0,591.8,276.6,170.9,146.8,93.1,68.3,85.7,656.7,12.7,21.4,3.1,19.9,17.8,61.2,11.0,4.7,4.0,3.4,2.2,1.8,2.2,61.2,12.7,16.5,26.0,3.2,25.8,24.8,82.6,15.2,6.3,4.2,3.7,2.3,1.6,2.1,16.5,41.8,41.2,41.2,51.5,41.2,34.3,41.2,0.0,26.5,27.5,40.6,72.9,10.1,4.7,3.3,46.9,72.5,59.4,27.1,89.9,14.7,17.7,26.6,0.0,0.0,0.0,0.0,80.6,78.9,2395.7,24.00,40,39,39,77,116,708,1,75.6,70.9,69.9,61.5,59.8,65.2,68.5,60.8,56.7,57.6,59.6,59.6,66.8,61.0,47.0,45.0,48.0,1.248,1.015,1.100,16.527,8.158,16.527,39.000,6.095,41.561,2.419,2.685,3.762,4.904,2.215,0.495,0.452,20.630,8.280,35.614,40.617,1996.4,2395.7,5147.9,5147.9,5147.8,46.2,22.0,26.0,46.2,83.4,いいえ,いいえ,いいえ,0.452,0.151,1.6,45.0,75.5,40.0,75.0,1.248,12.091,3.440,3.296,5.016,1.064,0.984,3.440,3.344,1.808,1.024,1.120,1.032,1.792,1.096,0.664,1.824,0.264,2027,いいえ,61.9,44.5,1.110,1.110,1.800,1.800,1.005,4.970,0.250,いいえ,いいえ,いいえ,43.0,1.110,1.110,1.800,1.800,1.005,4.970,0.250,いいえ,いいえ,いいえ,37,37,いいえ,はい,15388,14039,128,128,34,100.0,いいえ,いいえ,3868,2528,9990,42,44,52,100.0,100.0,いいえ,いいえ,7032,7744,0.0,0.0,0.0,0.000,0.006,1392,1011,0.0,0.0,0.0,0.000,0.000,181182,133153,0.0,0.0,0.0,0.000,0.002,66345,77723,62.9,0.720,25.000,600.0,2400.0,1200.0,100.0,0.0,0.0,0.0,0.0,0.0,0.0,0.0,0.0,125,2,16.0,86,いいえ,いいえ,いいえ,68.5,70.0,77.8,84.0,1.100,12.196,12.195,12.153,12.241,12.194,1537,1542,152.458,65.132,104.406,25.829,30.127,117.551,12.913,42.982,98.271,88.980,220.000,220.000,2775.0,1281.5,2130.0,2764.9,2235.0,2767.0,1279.4,2226.5,93.0,54.0,0.0,0.0,92.0,25.2,100.0,0.0,0.9,0.0,38,38,はい,いいえ,いいえ,はい,いいえ,いいえ,いいえ,67.0,71.8,0,0,0,0,0,0,0,0,0,0,0,0,0,0,0,0,0,0,0,0,0,0,0,0,0,0,0,0,0,0,980,11302,11026,591,16.0,2.7,2.7,2.7,2.7,2.7,2.7,2.7,2.7,2.7,2.7,2.7,2.7,373.12,373.12,373.12,373.12,373.12,373.12,371.07,1.16,372.85,0.27,257.53,0,0,0.0,0.0,44294,39046,10.5,213.9,0,
19.7.2026,0:59:57.364,27877,6034,82.2,13962,17901,43.8,3.5,2048,71,1.246,1.250,1.245,1.245,1.245,1.245,1.245,3941.2,4112.6,5140.7,4112.6,3427.2,3427.2,3427.2,99.8,633.3,1021.5,133.8,992.5,1061.0,2267.1,1387.9,242.5,163.7,134.2,60.5,56.5,78.5,633.3,12.0,18.6,2.7,19.4,19.2,44.0,26.9,4.2,3.3,2.7,1.0,1.0,1.5,44.0,12.0,15.9,22.4,3.3,25.9,26.3,59.1,36.4,5.5,4.0,3.4,1.4,1.3,1.9,15.9,39.5,41.2,51.5,41.2,34.3,34.3,34.3,0.0,25.3,24.4,40.9,70.6,9.1,3.9,2.9,47.5,75.6,59.1,29.4,90.9,13.4,16.5,27.2,0.0,0.0,0.0,0.0,82.7,80.6,2395.7,24.00,40,39,39,77,116,708,1,74.5,70.6,70.2,61.2,59.5,65.0,68.0,60.6,56.5,57.5,59.5,59.5,66.2,60.8,47.0,45.0,48.0,1.245,1.015,1.100,16.012,8.135,16.014,39.000,6.088,40.806,2.310,2.518,3.647,4.737,2.116,0.431,0.410,19.948,8.257,34.901,39.902,1996.4,2395.7,5145.3,5145.3,5146.7,45.3,21.4,26.0,45.3,83.0,いいえ,いいえ,いいえ,0.354,0.126,1.5,45.0,74.5,40.0,74.0,1.248,12.091,3.440,3.312,5.040,1.064,0.984,3.440,3.344,1.808,1.024,1.120,1.032,1.792,1.096,0.664,1.824,0.264,2042,いいえ,61.9,44.5,1.110,1.110,1.800,1.800,1.005,4.970,0.250,いいえ,いいえ,いいえ,43.0,1.110,1.110,1.800,1.800,0.990,4.970,0.250,いいえ,いいえ,いいえ,37,37,いいえ,はい,15388,14039,128,128,34,100.0,いいえ,いいえ,3868,2528,9990,42,44,52,100.0,100.0,いいえ,いいえ,7032,7744,0.0,0.1,0.1,0.000,0.006,1392,1011,0.0,0.0,0.0,0.000,0.000,181182,133153,0.0,0.0,0.0,0.000,0.098,66345,77723,62.9,0.720,17.000,600.0,2400.0,1200.0,100.0,0.0,0.0,0.0,0.0,0.0,0.0,0.0,0.0,125,2,16.0,86,いいえ,いいえ,いいえ,65.6,72.0,74.1,84.0,1.100,12.208,12.208,12.166,12.252,12.206,1538,1537,163.702,52.494,99.952,23.805,28.553,112.090,11.901,40.390,48.090,55.170,220.000,220.000,2775.0,1281.5,2130.0,2764.1,2235.0,2773.1,1280.2,2229.4,92.0,50.0,0.0,0.0,92.0,25.2,100.0,0.0,0.7,0.0,38,38,はい,いいえ,いいえ,はい,いいえ,いいえ,いいえ,63.8,28.9,0,0,0,0,0,0,0,0,0,0,0,0,0,0,0,0,0,0,0,0,0,0,0,0,0,0,0,0,0,0,980,11302,11026,591,16.0,2.7,2.7,2.7,2.7,2.7,2.7,2.7,2.7,2.7,2.7,2.7,2.7,373.12,373.12,373.12,373.12,373.12,373.12,371.07,1.16,372.85,0.27,257.53,0,0,0.0,0.0,44294,39047,5.9,146.2,0,
19.7.2026,0:59:59.355,27858,6053,82.1,14017,17846,43.9,3.5,2048,71,1.248,1.240,1.250,1.250,1.250,1.250,1.250,4455.3,5140.7,4112.6,5140.7,4112.6,4112.6,4112.6,99.8,655.2,1129.9,124.1,421.6,1354.0,682.7,3339.6,237.1,192.7,127.9,100.8,81.5,71.2,655.2,12.6,21.5,2.7,8.5,24.9,12.2,65.3,4.1,4.2,2.7,2.1,1.7,1.6,65.3,12.6,16.5,25.6,3.1,10.8,33.9,16.7,87.9,5.2,4.8,3.2,2.5,2.0,1.8,16.5,44.6,51.5,41.2,51.5,41.2,41.2,41.2,0.0,26.2,27.0,35.7,77.4,9.5,4.4,3.3,46.4,73.0,64.3,22.6,90.5,14.9,12.9,27.4,0.0,0.0,0.0,0.0,80.7,83.7,2395.7,24.00,40,39,39,77,116,708,1,73.8,70.8,67.4,61.3,59.6,64.7,68.8,60.7,56.4,57.5,59.4,59.4,67.0,60.9,47.0,45.0,48.0,1.247,1.015,1.100,16.339,8.123,16.339,37.000,6.088,41.233,2.396,2.643,3.578,5.108,2.204,0.464,0.377,20.381,8.245,35.323,40.324,1996.4,2395.7,5148.7,5148.7,5147.6,45.8,21.8,24.7,45.8,83.3,いいえ,いいえ,いいえ,0.446,0.155,1.6,45.0,73.8,40.0,73.0,1.256,12.038,3.440,3.312,5.016,1.064,0.984,3.440,3.344,1.808,1.024,1.120,1.032,1.792,1.096,0.664,1.824,0.264,2042,いいえ,61.9,44.5,1.110,1.110,1.800,1.800,1.005,5.040,0.250,いいえ,いいえ,いいえ,43.0,1.110,1.110,1.800,1.800,1.005,5.040,0.250,いいえ,いいえ,いいえ,37,37,いいえ,はい,15388,14039,128,128,34,100.0,いいえ,いいえ,3868,2528,9990,43,45,52,100.0,100.0,いいえ,いいえ,7032,7744,0.0,0.0,0.0,0.000,0.006,1392,1011,0.0,0.0,0.0,0.000,0.000,181182,133153,0.0,0.1,0.1,0.000,0.089,66345,77724,62.9,0.720,18.000,600.0,2400.0,1200.0,100.0,0.0,0.0,0.0,0.0,0.0,0.0,0.0,0.0,125,2,16.0,86,いいえ,いいえ,いいえ,68.0,70.0,77.1,84.0,1.100,12.267,12.270,12.227,12.300,12.269,1544,1544,146.371,32.070,63.500,13.374,20.798,70.358,6.675,27.425,24.804,29.628,220.000,220.000,2775.0,1281.5,2130.0,2764.7,2235.0,2765.3,1279.3,2223.9,83.0,30.0,0.0,0.0,92.0,25.2,100.0,0.0,1.0,0.0,38,38,はい,いいえ,いいえ,はい,いいえ,いいえ,いいえ,41.3,77.2,0,0,0,0,0,0,0,0,0,0,0,0,0,0,0,0,0,0,0,0,0,0,0,0,0,0,0,0,0,0,980,11302,11026,591,16.0,3.5,8.8,1.3,1.3,1.3,1.3,1.9,8.0,1.1,1.1,1.1,1.1,284.80,771.41,114.14,114.12,791.60,791.60,2.07,51.74,284.74,0.06,2.96,0,0,0.0,0.0,44294,39047,6.2,187.5,0,
19.7.2026,1:0:1.353,27865,6045,82.1,14064,17799,44.1,3.5,2048,71,1.247,1.255,1.245,1.245,1.245,1.245,1.245,4226.8,5140.7,5140.7,4112.6,4112.6,3427.2,3427.2,99.8,659.0,1114.3,133.6,520.9,1374.3,619.2,3404.0,251.0,208.8,91.1,70.9,53.4,66.4,659.0,12.3,20.7,2.1,10.4,24.7,11.0,66.6,4.4,3.8,1.8,1.4,0.3,0.6,66.6,12.3,16.5,24.9,3.3,13.4,34.4,15.1,89.6,5.6,5.2,2.3,1.7,1.2,1.6,16.5,42.3,51.5,51.5,41.2,41.2,34.3,34.3,0.0,26.4,26.6,37.9,77.6,10.0,3.4,2.6,46.5,73.4,62.1,22.4,90.0,14.3,17.1,27.1,0.0,0.0,0.0,0.0,82.3,80.3,2395.7,24.00,40,39,39,77,116,708,1,73.5,71.1,72.2,61.3,59.5,65.0,68.9,60.8,56.2,57.4,59.3,59.3,66.2,60.9,47.0,45.1,48.0,1.247,1.015,1.100,16.617,8.275,16.613,38.000,6.114,41.754,2.411,2.628,3.691,5.121,2.219,0.403,0.401,20.730,8.399,35.854,40.851,1996.4,2395.7,5147.5,5147.5,5146.0,46.4,22.2,25.3,46.4,83.7,いいえ,いいえ,いいえ,0.458,0.154,1.6,45.0,73.5,40.0,73.0,1.256,12.038,3.440,3.296,5.016,1.064,0.984,3.440,3.344,1.808,1.024,1.120,1.032,1.792,1.096,0.656,1.824,0.264,2045,いいえ,61.9,44.5,1.095,1.110,1.800,1.800,1.005,5.040,0.250,いいえ,いいえ,いいえ,43.0,1.095,1.110,1.800,1.800,1.005,5.040,0.375,いいえ,いいえ,いいえ,37,37,いいえ,はい,15388,14039,128,128,34,100.0,いいえ,いいえ,3868,2528,9990,42,44,53,100.0,100.0,いいえ,いいえ,7032,7744,0.0,0.0,0.0,0.000,0.000,1392,1011,0.0,0.0,0.0,0.000,0.000,181182,133153,0.0,0.0,0.0,0.000,0.002,66345,77724,62.8,0.720,36.000,600.0,2400.0,1200.0,100.0,0.0,0.0,0.0,0.0,0.0,0.0,0.0,0.0,125,2,16.0,86,いいえ,いいえ,いいえ,68.3,68.0,77.6,84.0,1.100,12.243,12.242,12.214,12.273,12.241,1544,1544,141.922,58.211,78.803,11.948,19.761,85.236,5.986,25.698,103.228,135.026,220.000,220.000,2775.0,1281.5,2130.0,2764.7,2235.0,2767.3,1280.1,2223.2,78.0,17.0,1.0,0.0,92.0,25.2,100.0,0.0,1.0,0.0,38,38,はい,いいえ,いいえ,はい,いいえ,いいえ,いいえ,47.5,74.0,0,0,0,0,0,0,0,0,0,0,0,0,0,0,0,0,0,0,0,0,0,0,0,0,0,0,0,0,0,0,980,11302,11026,591,16.0,1.2,1.2,1.2,1.2,1.2,1.2,1.2,1.2,1.2,1.2,1.2,1.2,869.20,869.20,869.20,869.20,869.20,869.20,857.69,10.48,868.92,0.28,744.13,0,0,0.0,0.0,44294,39047,6.9,202.5,0,
19.7.2026,1:0:3.364,27865,6046,82.1,14134,17729,44.3,3.5,2048,71,1.250,1.250,1.250,1.250,1.250,1.250,1.250,3827.0,4112.6,5140.7,3427.2,3427.2,3427.2,3427.2,99.8,673.9,1272.5,148.7,3210.0,1127.6,1028.1,599.5,252.7,160.6,99.7,78.6,61.7,47.4,673.9,12.8,23.3,3.6,62.6,21.5,18.1,11.0,3.8,3.7,1.6,1.1,1.6,1.3,62.6,12.8,16.8,28.7,3.7,84.6,29.1,24.5,15.0,5.5,3.9,2.5,1.9,1.5,1.1,16.8,38.3,41.2,51.5,34.3,34.3,34.3,34.3,0.0,27.1,30.0,83.7,33.3,9.2,3.7,2.4,46.8,70.0,16.3,66.7,90.8,17.9,19.1,26.1,0.0,0.0,0.0,0.0,78.4,78.4,2395.7,24.00,40,39,39,77,116,708,1,73.5,71.5,71.2,61.5,60.0,70.1,64.5,60.4,56.5,57.5,59.4,59.4,66.8,61.0,47.0,45.2,48.0,1.249,1.015,1.100,16.836,8.278,16.840,39.500,6.098,42.103,2.499,2.816,5.358,3.642,2.225,0.511,0.440,21.038,8.402,36.149,41.156,1996.4,2395.7,5148.0,5148.0,5145.7,46.8,22.5,26.3,46.8,84.1,いいえ,いいえ,いいえ,0.467,0.166,1.6,45.0,73.5,40.0,73.0,1.256,12.038,3.440,3.312,5.016,1.064,0.984,3.440,3.344,1.808,1.024,1.120,1.032,1.792,1.096,0.664,1.824,0.264,2042,いいえ,61.9,44.5,1.095,1.110,1.800,1.800,1.005,5.040,0.250,いいえ,いいえ,いいえ,43.0,1.095,1.110,1.800,1.800,1.005,5.040,0.500,いいえ,いいえ,いいえ,37,37,いいえ,はい,15388,14039,128,128,34,100.0,いいえ,いいえ,3868,2528,9990,42,44,52,100.0,100.0,いいえ,いいえ,7032,7744,0.0,0.1,0.1,0.000,0.010,1392,1011,0.0,0.0,0.0,0.000,0.000,181182,133153,0.0,0.0,0.0,0.000,0.036,66345,77724,62.8,0.720,20.000,600.0,2400.0,1200.0,100.0,0.0,0.0,0.0,0.0,0.0,0.0,0.0,0.0,125,2,16.0,86,いいえ,いいえ,いいえ,67.7,70.0,76.9,84.0,1.100,12.202,12.201,12.160,12.246,12.200,1542,1542,152.683,55.685,100.365,24.159,28.867,112.687,12.078,40.891,54.097,72.337,220.000,220.000,2775.0,1281.5,2130.0,2764.2,2235.0,2763.2,1280.2,2224.9,90.0,50.0,1.0,0.0,92.0,25.2,100.0,0.0,0.7,0.0,38,38,はい,いいえ,いいえ,はい,いいえ,いいえ,いいえ,64.2,51.1,0,0,0,0,0,0,0,0,0,0,0,0,0,0,0,0,0,0,0,0,0,0,0,0,0,0,0,0,0,0,980,11302,11026,591,16.0,6.9,16.1,2.7,2.6,2.6,2.6,2.6,2.7,2.4,2.4,2.4,2.4,145.01,377.34,62.10,62.06,388.04,388.04,1.12,28.64,144.96,0.05,298.49,0,0,0.0,0.0,44294,39048,5.6,149.2,0,
19.7.2026,1:0:5.363,27701,6210,81.6,14499,17364,45.5,3.5,2048,71,1.133,1.200,1.145,1.095,1.150,1.090,1.120,4820.5,4891.2,4891.2,4716.5,4791.4,4791.4,4841.3,99.8,1712.0,2027.3,1304.9,3035.3,2132.8,1733.1,2167.4,1439.4,1405.1,1358.2,1302.4,1328.8,1309.4,1712.0,34.7,40.4,27.6,61.1,42.9,34.2,43.7,29.1,28.8,28.0,26.6,27.3,26.8,61.1,34.7,43.8,50.0,34.2,79.7,55.3,43.5,56.0,36.4,35.8,34.6,33.0,33.8,33.2,43.8,48.3,49.0,49.0,47.2,48.0,48.0,48.5,0.0,44.5,44.2,78.0,53.4,33.1,29.4,28.6,37.0,53.1,22.0,46.6,64.7,15.3,20.2,18.6,2.7,0.0,0.0,2.2,55.3,51.2,2395.7,24.00,40,39,39,77,116,708,1,81.4,75.1,90.2,66.2,63.3,72.0,69.6,66.5,61.6,63.9,60.0,60.0,67.5,61.7,47.0,45.2,48.0,1.222,1.015,1.100,22.812,8.586,22.765,69.500,6.095,49.287,3.869,3.717,5.798,4.998,3.771,2.463,2.469,27.629,8.713,43.047,48.446,1996.4,2395.7,5045.9,5045.9,5070.8,55.1,30.4,46.3,55.1,88.3,いいえ,いいえ,いいえ,6.903,3.181,2.7,45.0,81.8,40.0,81.0,1.168,12.144,3.440,3.312,5.016,1.064,0.984,3.440,3.344,1.808,1.024,1.120,1.032,1.792,1.096,0.664,1.824,0.264,2051,いいえ,61.9,44.5,1.095,1.110,1.800,1.800,1.005,5.040,0.500,いいえ,いいえ,いいえ,43.0,1.095,1.110,1.800,1.800,1.005,5.040,0.500,いいえ,いいえ,いいえ,37,37,いいえ,はい,15388,14039,128,128,34,100.0,いいえ,いいえ,3868,2528,9990,42,44,53,100.0,100.0,いいえ,いいえ,7032,7744,0.0,0.0,0.0,0.000,0.000,1392,1011,0.0,0.0,0.0,0.000,0.000,181182,133153,0.0,0.0,0.0,0.000,0.018,66345,77724,63.0,0.720,23.000,600.0,2400.0,1200.0,100.0,0.0,0.0,0.0,0.0,0.0,0.0,0.0,0.0,125,2,16.0,86,いいえ,いいえ,いいえ,58.1,64.0,68.9,84.0,1.095,12.301,12.313,12.250,12.330,12.312,1551,1551,49.136,19.173,27.488,7.535,16.599,31.256,3.767,20.379,23.048,23.314,220.000,220.000,2775.0,1281.5,2145.0,2774.2,2235.0,2774.7,1280.3,2234.4,0.0,0.0,1.0,0.0,87.5,23.0,90.8,0.0,1.0,0.0,38,38,はい,いいえ,いいえ,はい,いいえ,いいえ,いいえ,21.8,21.9,0,0,0,0,0,0,0,0,0,0,0,0,0,0,0,0,0,0,0,0,0,0,0,0,0,0,0,0,0,0,1538,10744,10468,591,16.0,4.5,136.9,1.3,1.2,1.2,1.2,4.5,60.2,1.3,1.2,1.2,1.2,220.65,785.64,7.50,7.26,808.36,808.36,145.69,74.84,220.33,0.33,377.70,0,0,0.0,0.0,44294,39048,7.1,336.3,0,
19.7.2026,1:0:7.375,28246,5665,83.2,13851,18012,43.4,3.5,2048,71,1.258,1.280,1.250,1.250,1.255,1.255,1.255,4226.8,5140.7,5140.7,4112.6,4112.6,3427.2,3427.2,99.8,1368.8,2291.9,872.0,1345.1,2030.9,1637.5,3328.3,1108.6,1012.7,643.9,709.7,722.9,722.5,1368.8,26.9,39.5,17.1,26.9,39.7,32.2,66.3,21.2,20.8,13.8,15.0,15.2,15.4,66.3,26.9,35.7,52.9,22.7,35.5,52.6,42.9,87.9,28.3,27.1,18.0,19.7,20.1,20.2,35.7,42.3,51.5,51.5,41.2,41.2,34.3,34.3,0.0,43.2,47.7,53.6,84.0,32.6,20.7,20.8,44.7,45.2,46.4,16.0,67.4,41.2,51.9,12.1,7.1,0.0,0.0,0.0,38.1,27.3,2395.7,24.00,40,39,39,77,116,708,1,82.1,78.5,73.2,67.9,64.6,71.6,76.7,68.0,61.9,64.8,61.5,61.5,67.5,61.6,47.0,45.4,48.0,1.242,1.015,1.100,23.550,8.562,23.587,60.500,6.061,51.148,4.087,3.802,5.219,6.936,3.951,2.161,2.451,29.161,8.689,44.517,49.874,1996.4,2395.7,5054.8,5054.8,5059.8,56.7,31.4,40.3,56.7,92.3,いいえ,いいえ,いいえ,4.906,2.763,2.6,45.0,81.2,40.0,81.0,1.288,12.144,3.440,3.312,5.040,1.064,0.984,3.440,3.344,1.808,1.024,1.120,1.032,1.792,1.096,0.664,1.824,0.264,2051,いいえ,61.9,44.8,1.095,1.110,1.800,1.800,1.005,5.040,0.250,いいえ,いいえ,いいえ,43.2,1.095,1.110,1.800,1.800,1.005,5.040,0.500,いいえ,いいえ,いいえ,37,37,いいえ,はい,15388,14039,128,128,34,100.0,いいえ,いいえ,3868,2528,9990,43,45,52,100.0,100.0,いいえ,いいえ,7032,7744,0.0,0.1,0.1,0.000,0.018,1392,1011,0.0,0.0,0.0,0.000,0.000,181182,133153,0.0,0.0,0.0,0.000,0.247,66345,77724,63.4,0.720,17.000,600.0,2400.0,1200.0,100.0,0.0,0.0,0.0,0.0,0.0,0.0,0.0,0.0,125,2,16.0,86,いいえ,いいえ,いいえ,65.0,66.0,73.3,84.0,1.095,12.198,12.196,12.161,12.240,12.195,1549,1548,40.364,65.042,102.812,22.782,27.765,114.555,11.402,39.105,107.117,94.800,220.000,220.000,2775.0,1281.5,2145.0,1473.5,2235.0,2768.3,1280.4,2231.4,52.0,25.0,1.0,1.0,92.7,22.7,90.1,0.0,0.9,0.0,38,38,はい,いいえ,いいえ,はい,いいえ,いいえ,いいえ,71.8,76.6,0,0,0,0,0,0,0,0,0,0,0,0,0,0,0,0,0,0,0,0,0,0,0,0,0,0,0,0,0,0,902,11380,11104,591,16.0,1.3,1.3,1.3,1.3,1.3,1.3,0.0,0.0,0.0,0.0,0.0,0.0,782.33,782.33,782.33,782.33,782.33,782.33,2.52,76.50,782.20,0.12,0.00,0,0,0.0,0.0,44294,39049,6.1,124.0,0,
19.7.2026,1:0:9.372,28003,5908,82.5,13812,18051,43.3,3.5,2048,71,1.255,1.255,1.255,1.255,1.255,1.255,1.255,4283.9,4112.6,5140.7,4112.6,4112.6,4112.6,4112.6,99.8,708.3,1450.6,137.1,2511.5,1807.5,903.1,790.7,300.0,193.2,159.8,100.2,62.6,83.8,708.3,13.9,27.6,3.3,49.3,34.9,16.7,15.4,5.3,4.3,3.7,2.3,1.6,2.2,49.3,13.9,17.7,34.0,3.4,66.1,47.1,21.5,19.5,6.4,4.7,4.0,2.4,1.5,2.1,17.7,42.9,41.2,51.5,41.2,41.2,41.2,41.2,0.0,28.2,33.0,82.7,34.3,11.0,5.3,3.2,47.3,67.0,17.3,65.7,89.0,19.7,25.0,24.5,0.0,0.0,0.0,0.0,74.9,71.8,2395.7,24.00,40,39,39,77,116,708,1,79.5,72.3,71.8,62.6,61.2,70.9,65.3,61.6,57.7,58.8,60.2,60.2,66.8,61.2,47.0,45.5,48.1,1.254,1.015,1.100,17.261,8.382,17.270,45.000,6.047,42.908,2.656,2.990,5.443,3.721,2.444,0.693,0.642,21.663,8.508,36.821,41.856,1996.4,2395.7,5146.3,5146.3,5144.7,47.6,23.0,30.0,47.6,85.1,いいえ,いいえ,いいえ,0.758,0.361,1.7,45.0,79.6,40.0,79.0,1.248,12.038,3.440,3.296,5.016,1.064,0.984,3.440,3.344,1.808,1.024,1.120,1.032,1.792,1.096,0.656,1.824,0.264,2048,いいえ,61.9,44.8,1.095,1.110,1.800,1.800,1.005,5.040,0.375,いいえ,いいえ,いいえ,43.2,1.095,1.110,1.800,1.800,1.005,5.040,0.250,いいえ,いいえ,いいえ,37,37,いいえ,はい,15388,14039,128,128,34,100.0,いいえ,いいえ,3868,2528,9990,42,44,53,100.0,100.0,いいえ,いいえ,7032,7744,0.0,0.0,0.0,0.000,0.000,1392,1011,0.0,0.0,0.0,0.000,0.000,181182,133153,0.0,0.0,0.0,0.000,0.016,66345,77724,63.3,0.720,21.000,600.0,2400.0,1200.0,100.0,0.0,0.0,0.0,0.0,0.0,0.0,0.0,0.0,125,2,16.0,86,いいえ,いいえ,いいえ,69.2,70.0,79.2,84.0,1.100,12.174,12.169,12.139,12.219,12.171,1535,1535,130.873,79.011,117.790,26.894,30.869,131.520,13.437,44.271,168.000,99.304,220.000,220.000,2775.0,1281.5,2130.0,2767.1,2235.0,2767.1,1280.1,2226.6,91.0,53.0,0.0,0.0,92.0,25.2,100.0,0.0,0.9,0.0,38,38,はい,いいえ,いいえ,はい,いいえ,いいえ,いいえ,73.7,86.0,0,0,0,0,0,0,0,0,0,0,0,0,0,0,0,0,0,0,0,0,0,0,0,0,0,0,0,0,0,0,980,11302,11026,591,16.0,1.4,7.5,0.8,0.7,0.7,0.7,0.0,0.0,0.0,0.0,0.0,0.0,729.77,1326.79,132.75,121.78,1338.97,1338.97,4.65,38.91,729.70,0.07,0.00,0,0,0.0,0.0,44294,39049,6.5,129.9,0,
19.7.2026,1:0:11.371,27904,6007,82.2,13854,18009,43.4,3.5,2048,71,1.253,1.265,1.250,1.250,1.250,1.250,1.250,3827.0,4112.6,5140.7,3427.2,3427.2,3427.2,3427.2,99.8,644.7,1105.2,94.4,904.1,3606.8,445.9,848.0,229.5,156.2,145.1,75.9,57.2,68.3,644.7,12.2,21.3,1.8,17.3,70.0,6.9,16.1,3.6,3.1,2.8,1.2,0.9,1.2,70.0,12.2,16.2,25.6,2.3,23.7,94.9,9.3,21.5,5.0,3.8,3.7,1.8,1.3,1.7,16.2,38.3,41.2,51.5,34.3,34.3,34.3,34.3,0.0,25.9,26.4,86.9,26.4,8.6,4.5,2.8,47.5,73.6,13.1,73.6,91.4,16.1,16.9,26.6,0.0,0.0,0.0,0.0,79.4,80.3,2395.7,24.00,40,39,39,77,116,708,1,77.5,71.7,71.8,61.6,59.9,70.6,63.8,60.5,56.8,57.8,59.6,59.6,66.8,61.1,47.0,45.5,48.0,1.251,1.015,1.100,16.651,8.320,16.651,39.500,6.093,41.885,2.410,2.629,5.422,3.275,2.170,0.533,0.432,20.840,8.444,35.987,40.987,1996.4,2395.7,5150.0,5150.0,5148.0,46.6,22.2,26.3,46.6,84.3,いいえ,いいえ,いいえ,0.403,0.145,1.6,45.0,77.5,40.0,77.0,1.272,12.144,3.440,3.312,5.016,1.064,0.984,3.440,3.344,1.808,1.024,1.120,1.032,1.792,1.096,0.664,1.824,0.264,2039,いいえ,61.9,44.8,1.095,1.110,1.800,1.800,1.005,4.970,0.250,いいえ,いいえ,いいえ,43.2,1.095,1.110,1.800,1.800,1.005,5.040,0.250,いいえ,いいえ,いいえ,37,37,いいえ,はい,15388,14039,128,128,34,100.0,いいえ,いいえ,3868,2528,9990,42,44,52,100.0,100.0,いいえ,いいえ,7032,7744,0.0,0.0,0.0,0.000,0.006,1392,1011,0.0,0.0,0.0,0.000,0.000,181182,133153,0.0,0.0,0.0,0.000,0.032,66345,77724,63.1,0.720,17.000,600.0,2400.0,1200.0,100.0,0.0,0.0,0.0,0.0,0.0,0.0,0.0,0.0,125,2,16.0,86,いいえ,いいえ,いいえ,68.0,70.0,77.3,84.0,1.100,12.169,12.164,12.129,12.216,12.165,1535,1539,143.075,69.433,117.871,28.391,32.068,132.275,14.197,46.242,94.812,89.604,220.000,220.000,2775.0,1281.5,2130.0,2764.3,2235.0,2766.2,1280.3,2226.9,81.0,32.0,0.0,0.0,92.0,25.2,100.0,0.0,0.9,0.0,38,38,はい,いいえ,いいえ,はい,いいえ,いいえ,いいえ,74.6,69.6,0,0,0,0,0,0,0,0,0,0,0,0,0,0,0,0,0,0,0,0,0,0,0,0,0,0,0,0,0,0,980,11302,11026,580,16.0,3.1,17.2,1.2,1.2,1.2,1.2,0.0,0.0,0.0,0.0,0.0,0.0,320.96,830.36,58.14,58.13,846.11,846.11,1.47,26.90,320.91,0.04,0.00,0,0,0.0,0.0,44294,39049,6.3,122.3,0,
19.7.2026,1:0:13.370,27827,6084,82.0,13938,17925,43.7,3.5,2048,71,1.245,1.245,1.245,1.245,1.245,1.245,1.245,4169.7,4112.6,5140.7,4112.6,4112.6,4112.6,3427.2,99.8,658.5,1211.4,117.9,833.5,3144.7,797.5,1028.6,240.9,173.5,156.0,77.9,63.5,56.6,658.5,12.6,23.3,2.5,16.2,60.9,14.0,20.0,4.1,3.6,3.3,1.4,1.2,1.2,60.9,12.6,16.5,27.7,2.9,21.8,82.5,18.6,26.4,5.3,4.3,4.0,1.8,1.5,1.4,16.5,41.8,41.2,51.5,41.2,41.2,41.2,34.3,0.0,26.6,29.0,77.4,36.8,9.1,4.9,2.6,47.4,71.0,22.6,63.2,90.9,16.7,19.8,26.0,0.0,0.0,0.0,0.0,78.4,77.6,2395.7,24.00,40,39,39,77,116,708,1,76.1,71.5,70.8,61.7,60.0,69.6,65.1,60.9,56.7,57.9,59.6,59.6,66.8,60.9,47.0,45.5,48.1,1.250,1.015,1.100,16.759,8.184,16.762,39.000,6.070,41.924,2.473,2.744,5.092,3.739,2.256,0.536,0.467,20.963,8.307,35.947,40.953,1996.4,2395.7,5149.7,5149.7,5147.9,46.5,22.3,26.0,46.5,84.1,いいえ,いいえ,いいえ,0.456,0.147,1.6,45.0,76.0,40.0,76.0,1.280,12.091,3.440,3.296,5.016,1.064,0.984,3.440,3.344,1.808,1.024,1.120,1.032,1.792,1.096,0.656,1.824,0.264,2033,いいえ,61.9,44.8,1.110,1.110,1.800,1.800,1.005,4.970,0.375,いいえ,いいえ,いいえ,43.2,1.095,1.110,1.800,1.800,1.005,4.970,0.500,いいえ,いいえ,いいえ,37,37,いいえ,はい,15388,14039,128,128,34,100.0,いいえ,いいえ,3868,2528,9990,43,45,53,100.0,100.0,いいえ,いいえ,7032,7744,0.0,0.0,0.0,0.000,0.006,1392,1011,0.0,0.0,0.0,0.000,0.000,181182,133153,0.0,0.1,0.1,0.000,0.123,66345,77725,63.0,0.720,18.000,600.0,2400.0,1200.0,100.0,0.0,0.0,0.0,0.0,0.0,0.0,0.0,0.0,125,2,16.0,86,いいえ,いいえ,いいえ,68.4,70.0,77.8,84.0,1.100,12.166,12.161,12.127,12.214,12.162,1540,1537,139.540,75.483,120.614,28.772,32.439,135.188,14.387,46.809,114.415,111.241,220.000,220.000,2775.0,1281.5,2130.0,2764.7,2235.0,2766.7,1280.0,2224.5,92.0,59.0,0.0,0.0,92.0,25.2,100.0,0.0,0.8,0.0,38,38,はい,いいえ,いいえ,はい,いいえ,いいえ,いいえ,76.1,72.9,0,0,0,0,0,0,0,0,0,0,0,0,0,0,0,0,0,0,0,0,0,0,0,0,0,0,0,0,0,0,980,11302,11026,588,16.0,1.0,1.0,1.0,1.0,1.0,1.0,1.1,1.1,1.1,1.1,1.1,1.1,967.51,967.51,967.51,967.51,967.51,967.51,940.13,28.11,967.24,0.27,926.32,0,0,0.0,0.0,44294,39049,6.3,152.9,0,
19.7.2026,1:0:15.376,27824,6087,82.0,13939,17924,43.7,3.5,2048,71,1.251,1.250,1.255,1.250,1.250,1.250,1.250,4055.5,4112.6,4112.6,5140.7,4112.6,3427.2,3427.2,99.8,630.3,1008.0,98.0,859.2,1448.0,2296.0,1094.1,228.3,178.8,132.9,93.6,59.6,67.4,630.3,12.2,19.1,2.1,17.1,27.2,44.5,21.2,4.0,3.8,2.8,1.8,1.2,1.4,44.5,12.2,15.9,22.7,2.4,22.3,36.9,59.7,28.5,5.1,4.4,3.4,2.3,1.4,1.6,15.9,40.6,41.2,41.2,51.5,41.2,34.3,34.3,0.0,25.4,24.2,45.9,66.2,9.0,4.6,2.8,48.1,75.8,54.1,33.8,91.0,15.0,18.8,26.5,0.0,0.0,0.0,0.0,80.4,78.4,2395.7,24.00,40,39,39,77,116,708,1,74.9,70.9,69.4,61.4,59.5,65.9,67.8,60.8,56.5,57.7,59.5,59.5,66.2,60.8,47.0,45.6,48.2,1.247,1.015,1.100,16.164,8.181,16.159,43.000,6.048,41.000,2.337,2.509,3.825,4.620,2.148,0.478,0.442,20.165,8.304,35.122,40.113,1996.4,2395.7,5146.9,5146.9,5147.7,45.6,21.5,28.7,45.6,83.4,いいえ,いいえ,いいえ,0.342,0.129,1.5,45.0,74.0,40.0,74.0,1.248,12.091,3.456,3.296,5.016,1.064,0.984,3.440,3.344,1.808,1.024,1.120,1.032,1.792,1.096,0.656,1.824,0.264,2042,いいえ,61.9,44.8,1.110,1.110,1.800,1.800,1.005,4.970,0.375,いいえ,いいえ,いいえ,43.2,1.110,1.110,1.800,1.800,1.005,4.970,0.250,いいえ,いいえ,いいえ,37,37,いいえ,はい,15388,14039,128,128,34,100.0,いいえ,いいえ,3868,2528,9990,42,44,52,100.0,100.0,いいえ,いいえ,7032,7744,0.0,0.0,0.0,0.000,0.000,1392,1011,0.0,0.0,0.0,0.000,0.000,181182,133153,0.0,0.0,0.0,0.000,0.004,66345,77725,63.0,0.720,18.000,600.0,2400.0,1200.0,100.0,0.0,0.0,0.0,0.0,0.0,0.0,0.0,0.0,125,2,16.0,86,いいえ,いいえ,いいえ,69.5,72.0,79.1,84.0,1.100,12.165,12.159,12.128,12.213,12.160,1537,1537,152.886,77.802,126.379,29.351,32.807,141.255,14.677,47.457,128.828,101.662,220.000,220.000,2775.0,1281.5,2130.0,2764.5,2235.0,2766.0,1280.0,2225.2,94.0,59.0,2.0,0.0,92.0,25.3,100.0,0.0,1.2,0.0,38,38,はい,いいえ,いいえ,はい,いいえ,いいえ,いいえ,79.0,86.9,0,0,0,0,0,0,0,0,0,0,0,0,0,0,0,0,0,0,0,0,0,0,0,0,0,0,0,0,0,0,980,11302,11026,590,16.0,1.0,1.0,1.0,1.0,1.0,1.0,1.1,1.1,1.1,1.1,1.1,1.1,967.51,967.51,967.51,967.51,967.51,967.51,940.13,28.11,967.24,0.27,926.32,0,0,0.0,0.0,44294,39050,7.3,199.4,0,
19.7.2026,1:0:17.377,27847,6064,82.1,13999,17864,43.9,3.5,2048,71,1.242,1.250,1.240,1.240,1.240,1.240,1.240,3941.2,4112.6,3427.2,5140.7,4112.6,3427.2,3427.2,99.8,649.0,1095.7,97.7,1484.7,1046.7,2445.0,797.7,285.1,168.1,143.0,89.7,61.5,73.7,649.0,12.4,20.9,1.9,29.2,19.0,47.4,15.1,5.1,3.4,2.8,1.6,1.2,1.4,47.4,12.4,16.3,25.1,2.4,38.9,26.0,63.4,20.6,6.5,4.1,3.6,2.2,1.5,1.8,16.3,39.5,41.2,34.3,51.5,41.2,34.3,34.3,0.0,26.3,26.2,50.2,63.6,10.0,4.6,3.0,47.0,73.8,49.8,36.4,90.0,12.3,19.8,26.7,0.0,0.0,0.0,0.0,83.1,77.2,2395.7,24.00,40,39,39,77,116,708,1,74.2,70.9,67.4,61.4,59.6,66.3,67.5,60.8,56.6,57.7,59.5,59.5,66.2,60.9,47.0,45.6,48.2,1.246,1.015,1.100,16.172,8.235,16.179,38.500,6.082,41.156,2.392,2.595,4.081,4.549,2.202,0.456,0.468,20.160,8.359,35.209,40.220,1996.4,2395.7,5144.3,5144.3,5145.8,45.7,21.6,25.7,45.7,83.4,いいえ,いいえ,いいえ,0.469,0.155,1.6,45.0,74.2,40.0,74.0,1.256,12.091,3.440,3.296,5.016,1.064,0.984,3.440,3.344,1.808,1.024,1.120,1.032,1.792,1.096,0.656,1.824,0.264,2039,いいえ,61.9,44.8,1.110,1.110,1.800,1.800,1.005,4.970,0.250,いいえ,いいえ,いいえ,43.2,1.110,1.110,1.800,1.800,1.005,4.970,0.625,いいえ,いいえ,いいえ,37,37,いいえ,はい,15388,14039,128,128,34,100.0,いいえ,いいえ,3868,2528,9990,42,44,53,100.0,100.0,いいえ,いいえ,7032,7744,0.0,0.1,0.1,0.000,0.014,1392,1011,0.0,0.0,0.0,0.000,0.000,181182,133153,0.0,0.0,0.0,0.000,0.040,66345,77725,63.0,0.720,20.000,600.0,2400.0,1200.0,100.0,0.0,0.0,0.0,0.0,0.0,0.0,0.0,0.0,125,2,16.0,86,いいえ,いいえ,いいえ,68.5,70.0,77.7,84.0,1.100,12.190,12.185,12.153,12.235,12.186,1537,1539,149.492,65.778,108.614,24.833,29.314,121.272,12.417,41.686,97.724,90.367,220.000,220.000,2775.0,1281.5,2130.0,2764.1,2235.0,2764.5,1279.1,2224.4,92.0,46.0,1.0,0.0,92.0,25.2,100.0,0.0,1.0,0.0,38,38,はい,いいえ,いいえ,はい,いいえ,いいえ,いいえ,68.3,74.3,0,0,0,0,0,0,0,0,0,0,0,0,0,0,0,0,0,0,0,0,0,0,0,0,0,0,0,0,0,0,980,11302,11026,590,16.0,2.9,2.9,2.9,2.9,2.9,2.9,0.0,0.0,0.0,0.0,0.0,0.0,347.20,347.20,347.20,347.20,347.20,347.20,7.62,77.34,347.15,0.05,0.00,0,0,0.0,0.0,44294,39050,7.1,307.4,0,
19.7.2026,1:0:19.373,27828,6083,82.0,14043,17819,44.0,3.5,2048,71,1.249,1.245,1.250,1.250,1.250,1.250,1.250,3941.2,3427.2,5140.7,4112.6,4112.6,3427.2,3427.2,99.8,645.1,1073.5,89.1,701.2,1334.7,1202.2,2495.6,251.2,218.0,165.1,85.7,70.6,53.8,645.1,12.2,20.4,1.6,13.8,24.1,22.4,48.6,4.2,4.5,3.1,1.4,1.2,0.8,48.6,12.2,16.2,24.6,2.2,18.1,33.3,30.6,65.6,5.7,5.5,4.2,2.1,1.7,1.3,16.2,39.5,34.3,51.5,41.2,41.2,34.3,34.3,0.0,26.0,25.7,40.9,71.6,10.3,5.0,2.8,46.8,74.2,59.1,28.4,89.7,14.7,14.7,27.1,0.1,0.0,0.0,0.0,80.3,82.5,2395.7,24.00,40,39,39,77,116,708,1,73.6,70.8,69.4,61.3,59.5,65.2,68.3,60.8,56.6,57.5,59.4,59.4,66.2,60.9,47.0,45.5,48.2,1.246,1.015,1.100,16.690,8.355,16.686,41.000,6.080,41.872,2.374,2.564,3.709,4.863,2.188,0.528,0.391,20.801,8.481,35.970,40.964,1996.4,2395.7,5144.7,5144.7,5146.4,46.5,22.2,27.3,46.5,83.3,いいえ,いいえ,いいえ,0.420,0.147,1.6,45.0,73.6,40.0,73.0,1.264,12.038,3.440,3.296,5.016,1.064,0.984,3.440,3.344,1.808,1.024,1.120,1.032,1.792,1.096,0.656,1.824,0.264,2045,いいえ,61.9,44.8,1.110,1.110,1.800,1.800,1.005,4.970,0.375,いいえ,いいえ,いいえ,43.2,1.110,1.110,1.800,1.815,1.005,4.970,0.500,いいえ,いいえ,いいえ,37,37,いいえ,はい,15388,14039,128,128,34,100.0,いいえ,いいえ,3868,2528,9990,43,45,52,100.0,100.0,いいえ,いいえ,7032,7744,0.0,0.0,0.0,0.000,0.000,1392,1011,0.0,0.0,0.0,0.000,0.000,181182,133153,0.0,0.1,0.1,0.000,0.018,66345,77725,63.0,0.720,23.000,600.0,2400.0,1200.0,100.0,0.0,0.0,0.0,0.0,0.0,0.0,0.0,0.0,125,2,16.0,86,いいえ,いいえ,いいえ,67.4,70.0,76.3,84.0,1.100,12.193,12.188,12.158,12.236,12.189,1544,1542,145.889,67.022,111.847,24.572,29.118,124.417,12.286,41.352,98.628,93.952,220.000,220.000,2775.0,1281.5,2130.0,2764.7,2235.0,2768.6,1280.5,2229.0,92.0,48.0,0.0,0.0,92.0,25.2,100.0,0.0,0.9,0.0,38,38,はい,いいえ,いいえ,はい,いいえ,いいえ,いいえ,69.6,77.5,0,0,0,0,0,0,0,0,0,0,0,0,0,0,0,0,0,0,0,0,0,0,0,0,0,0,0,0,0,0,980,11302,11026,590,16.0,16.6,17.2,16.1,16.1,16.1,16.1,0.0,0.0,0.0,0.0,0.0,0.0,60.08,62.03,58.13,58.09,62.07,62.07,1.30,0.00,60.04,0.04,0.00,0,0,0.0,0.0,44294,39051,6.1,171.1,0,
19.7.2026,1:0:21.377,27830,6081,82.0,14101,17762,44.2,3.5,2048,71,1.246,1.250,1.245,1.245,1.245,1.245,1.245,4055.5,4112.6,4112.6,5140.7,4112.6,3427.2,3427.2,99.8,678.5,1337.8,104.3,659.6,1514.4,664.6,3007.3,245.5,207.2,177.9,68.6,73.1,81.4,678.5,13.0,25.8,1.7,13.3,28.1,11.9,59.1,4.4,4.7,3.4,0.8,1.1,1.2,59.1,13.0,17.0,31.4,2.6,17.1,38.0,15.9,79.1,5.4,5.1,4.5,1.6,1.8,2.0,17.0,40.6,41.2,41.2,51.5,41.2,34.3,34.3,0.0,27.5,31.2,43.8,71.1,10.0,5.2,3.5,45.8,68.8,56.2,28.9,90.0,12.7,18.3,26.7,0.0,0.0,0.0,0.0,82.1,78.2,2395.7,24.00,40,39,39,77,116,708,1,73.4,71.0,69.4,61.6,60.3,65.6,68.5,61.0,56.7,57.7,59.6,59.6,67.8,61.2,47.0,45.6,48.3,1.248,1.015,1.100,16.720,8.333,16.722,35.500,6.098,41.975,2.525,2.895,3.929,5.056,2.320,0.479,0.471,20.881,8.458,36.047,41.053,1996.4,2395.7,5146.4,5146.4,5145.5,46.7,22.3,23.7,46.7,83.6,いいえ,いいえ,いいえ,0.467,0.163,1.6,45.0,73.4,40.0,73.0,1.256,12.038,3.440,3.312,5.016,1.064,0.984,3.440,3.344,1.808,1.024,1.120,1.032,1.792,1.096,0.656,1.824,0.264,2039,いいえ,61.9,44.8,1.110,1.110,1.800,1.800,1.005,4.970,0.250,いいえ,いいえ,いいえ,43.2,1.110,1.110,1.800,1.800,1.005,4.970,0.375,いいえ,いいえ,いいえ,37,37,いいえ,はい,15388,14039,128,128,34,100.0,いいえ,いいえ,3868,2528,9990,43,45,53,100.0,100.0,いいえ,いいえ,7032,7744,0.0,0.4,0.4,0.000,0.006,1392,1011,0.0,0.0,0.0,0.000,0.000,181182,133153,0.0,0.0,0.0,0.000,0.004,66345,77725,63.0,0.720,16.000,600.0,2400.0,1200.0,100.0,0.0,0.0,0.0,0.0,0.0,0.0,0.0,0.0,125,2,16.0,86,いいえ,いいえ,いいえ,69.6,70.0,79.6,84.0,1.100,12.170,12.164,12.132,12.218,12.165,1544,1546,139.838,67.902,118.389,28.244,31.955,132.686,14.123,46.052,67.637,104.126,220.000,220.000,2775.0,1281.5,2130.0,2764.4,2235.0,2765.4,1280.3,2226.0,80.0,34.0,0.0,0.0,92.0,25.2,100.0,0.0,0.9,0.0,39,39,はい,いいえ,いいえ,はい,いいえ,いいえ,いいえ,74.7,76.5,0,0,0,0,0,0,0,0,0,0,0,0,0,0,0,0,0,0,0,0,0,0,0,0,0,0,0,0,0,0,980,11302,11026,590,16.0,2.0,2.0,2.0,2.0,2.0,2.0,2.0,2.0,2.0,2.0,2.0,2.0,501.90,501.90,501.90,501.90,501.90,501.90,491.55,10.03,501.61,0.30,15.89,0,0,0.0,0.0,44294,39051,6.8,211.1,0,
19.7.2026,1:0:23.382,27671,6239,81.5,14478,17385,45.4,3.5,2048,71,1.203,1.230,1.180,1.210,1.180,1.210,1.210,4903.7,4941.1,4916.1,4866.2,4866.2,4916.1,4916.1,99.8,1157.5,1528.0,684.3,1623.7,2050.2,1251.8,2327.8,839.0,763.7,777.3,647.0,702.5,694.1,1157.5,22.8,29.3,14.8,32.5,39.9,23.6,45.9,16.2,15.0,16.0,12.8,14.1,13.9,45.9,22.8,29.1,36.6,17.8,42.5,53.1,31.2,60.6,20.7,19.0,18.9,15.4,16.9,16.6,29.1,49.1,49.5,49.2,48.8,48.8,49.2,49.2,0.0,34.7,34.2,60.8,59.6,21.0,16.8,15.6,43.7,60.3,39.2,40.4,76.6,20.7,25.0,21.6,5.5,0.0,0.0,2.4,62.4,59.5,2395.7,24.00,40,39,39,77,116,708,1,78.9,73.2,83.9,63.9,61.7,69.0,69.2,63.6,59.3,60.9,59.8,59.8,68.2,61.6,47.0,45.6,48.4,1.235,1.015,1.100,19.913,8.441,19.863,67.500,6.081,45.655,3.259,3.168,4.874,5.237,2.992,1.619,1.664,24.506,8.567,39.761,44.941,1996.4,2395.7,5086.7,5086.7,5108.5,51.1,26.5,45.0,51.1,86.1,いいえ,いいえ,いいえ,3.827,1.722,2.1,45.0,80.2,40.0,80.0,1.224,12.144,3.440,3.312,5.016,1.064,0.984,3.440,3.344,1.808,1.024,1.120,1.032,1.792,1.104,0.656,1.824,0.264,2039,いいえ,61.9,44.8,1.110,1.110,1.800,1.800,1.005,5.040,0.250,いいえ,いいえ,いいえ,43.2,1.110,1.110,1.800,1.800,1.005,5.040,1.250,いいえ,いいえ,いいえ,37,37,いいえ,はい,15388,14039,128,128,34,100.0,いいえ,いいえ,3868,2528,9990,43,45,52,100.0,100.0,いいえ,いいえ,7032,7744,0.0,0.0,0.0,0.000,0.004,1392,1011,0.0,0.0,0.0,0.000,0.000,181182,133153,0.0,0.1,0.1,0.000,0.145,66345,77725,63.0,0.720,32.000,600.0,2400.0,1200.0,100.0,0.0,0.0,0.0,0.0,0.0,0.0,0.0,0.0,125,2,16.0,86,いいえ,いいえ,いいえ,58.5,68.0,69.4,84.0,1.095,12.301,12.311,12.250,12.330,12.312,1555,1555,79.647,19.185,27.428,7.534,16.611,31.195,3.767,20.382,23.157,23.408,220.000,220.000,2775.0,1281.5,2145.0,2770.1,2235.0,2775.4,1280.8,2235.1,1.0,0.0,1.0,0.0,87.5,22.2,87.9,0.0,0.9,0.0,39,39,はい,いいえ,いいえ,はい,いいえ,いいえ,いいえ,21.7,22.7,0,0,0,0,0,0,0,0,0,0,0,0,0,0,0,0,0,0,0,0,0,0,0,0,0,0,0,0,0,0,1538,10744,10468,590,16.0,5.0,135.7,1.9,1.9,1.9,1.9,3.7,45.5,2.0,1.9,1.9,1.9,200.33,515.23,7.41,7.23,523.22,523.22,145.74,54.44,200.11,0.21,179.47,0,0,0.0,0.0,44295,39052,139.3,235.2,0,
19.7.2026,1:0:25.376,28153,5758,83.0,13646,18216,42.8,3.5,2048,71,1.281,1.275,1.285,1.285,1.280,1.280,1.280,4455.3,5140.7,5140.7,4112.6,4112.6,4112.6,4112.6,99.8,1851.1,2374.7,1455.8,3106.8,2119.2,2474.6,2302.0,1636.2,1663.5,1263.7,1247.3,1302.3,1266.8,1851.1,37.7,42.6,29.8,63.1,42.8,49.9,46.6,33.3,34.6,27.3,26.9,28.1,27.3,63.1,37.7,48.3,54.9,38.0,81.9,55.5,64.6,60.1,42.5,44.1,34.4,33.9,35.4,34.5,48.3,44.6,51.5,51.5,41.2,41.2,41.2,41.2,0.0,50.6,50.1,76.9,69.5,42.8,31.6,32.6,36.6,41.7,23.1,30.5,57.2,26.3,40.8,12.8,8.1,0.0,0.0,0.0,42.1,26.6,2395.7,24.00,40,39,39,77,116,708,1,82.4,79.8,73.2,69.6,65.7,75.7,75.4,70.1,63.8,67.2,61.8,61.8,68.0,61.5,47.0,45.6,48.9,1.225,1.015,1.100,25.553,8.711,25.588,64.500,6.086,53.581,4.452,4.015,6.401,6.143,4.424,2.679,3.047,31.087,8.840,46.621,52.177,1996.4,2395.7,5012.9,5012.9,5021.7,59.3,34.1,43.0,59.3,93.9,いいえ,いいえ,いいえ,7.787,4.075,3.0,45.0,82.5,40.0,82.0,1.288,12.144,3.440,3.312,5.040,1.064,0.976,3.440,3.344,1.808,1.024,1.120,1.032,1.792,1.096,0.656,1.824,0.264,2067,いいえ,61.9,44.8,1.110,1.110,1.800,1.800,1.005,5.040,0.375,いいえ,いいえ,いいえ,43.2,1.110,1.110,1.800,1.800,1.005,5.040,0.625,いいえ,いいえ,いいえ,37,37,いいえ,はい,15388,14039,128,128,34,100.0,いいえ,いいえ,3868,2528,9990,43,45,52,100.0,100.0,いいえ,いいえ,7032,7744,0.0,0.0,0.0,0.000,0.000,1392,1011,0.0,0.0,0.0,0.000,0.000,181182,133153,0.0,0.0,0.0,0.000,0.068,66345,77725,63.6,0.720,19.000,600.0,2400.0,1200.0,100.0,0.0,0.0,0.0,0.0,0.0,0.0,0.0,0.0,125,2,16.0,86,いいえ,いいえ,いいえ,57.5,66.0,67.7,84.0,1.100,12.300,12.306,12.254,12.330,12.308,1558,1560,36.305,19.360,33.265,7.581,16.592,37.051,3.791,20.387,18.868,17.349,220.000,220.000,2790.0,1281.5,2145.0,1511.4,2250.0,2790.1,1280.5,2243.4,69.0,9.0,1.0,0.0,92.7,20.7,82.3,0.0,0.6,0.0,38,38,はい,いいえ,いいえ,はい,いいえ,いいえ,いいえ,24.4,25.9,0,0,0,0,0,0,0,0,0,0,0,0,0,0,0,0,0,0,0,0,0,0,0,0,0,0,0,0,0,0,902,11380,11104,590,16.0,1.7,11.0,1.0,0.9,0.9,0.9,1.0,1.0,1.0,1.0,1.0,1.0,571.56,1052.00,91.12,82.30,1061.80,1061.80,2.92,78.58,571.49,0.07,987.96,0,0,0.0,0.0,44295,39052,6.0,92.6,0,
19.7.2026,1:0:27.368,27995,5916,82.5,13788,18075,43.2,3.5,2048,71,1.256,1.260,1.255,1.255,1.255,1.255,1.255,4169.7,4112.6,5140.7,4112.6,4112.6,4112.6,3427.2,99.8,750.8,1860.0,97.0,3217.0,1009.6,1071.4,768.5,342.3,202.2,131.5,123.5,87.5,99.1,750.8,13.8,35.5,1.0,62.5,18.4,19.5,13.8,5.5,3.3,1.9,1.7,1.0,1.3,62.5,13.8,18.8,45.6,2.3,84.7,25.4,25.8,18.5,7.3,4.9,3.3,3.0,2.1,2.5,18.8,41.8,41.2,51.5,41.2,41.2,41.2,34.3,0.0,30.3,40.4,81.8,37.6,12.2,5.5,4.1,47.4,59.6,18.2,62.4,87.8,28.3,27.8,22.4,0.0,0.0,0.0,0.0,66.2,68.0,2395.7,24.00,40,39,39,77,116,708,1,79.9,72.5,72.8,63.2,62.4,71.1,66.1,62.2,58.3,59.2,60.6,60.6,67.8,61.4,47.0,45.8,48.9,1.259,1.015,1.100,18.181,8.297,18.194,40.500,6.105,44.167,2.891,3.321,5.576,4.062,2.680,0.911,0.797,22.919,8.422,38.055,43.100,1996.4,2395.7,5150.3,5150.3,5148.3,49.0,24.3,27.0,49.0,85.3,いいえ,いいえ,いいえ,0.895,0.383,1.8,45.0,79.8,40.0,79.0,1.272,12.038,3.440,3.312,5.016,1.064,0.976,3.440,3.344,1.808,1.024,1.120,1.032,1.792,1.096,0.656,1.824,0.264,2051,いいえ,61.9,44.8,1.110,1.110,1.800,1.800,1.005,5.040,0.250,いいえ,いいえ,いいえ,43.2,1.110,1.110,1.800,1.800,1.005,5.040,0.250,いいえ,いいえ,いいえ,37,37,いいえ,はい,15388,14039,128,128,34,100.0,いいえ,いいえ,3868,2528,9990,43,45,53,100.0,100.0,いいえ,いいえ,7032,7744,0.0,1.3,1.3,0.000,0.010,1392,1011,0.0,0.0,0.0,0.000,0.000,181182,133153,0.0,0.1,0.1,0.000,0.262,66345,77726,63.4,0.720,18.000,600.0,2400.0,1200.0,100.0,0.0,0.0,0.0,0.0,0.0,0.0,0.0,0.0,125,2,16.0,86,いいえ,いいえ,いいえ,66.9,70.0,76.2,84.0,1.100,12.195,12.194,12.154,12.238,12.195,1546,1544,133.446,54.832,98.301,24.047,28.804,110.586,12.024,40.764,26.491,97.638,220.000,220.000,2775.0,1281.5,2130.0,2767.8,2235.0,2763.3,1280.1,2225.6,91.0,58.0,0.0,0.0,92.0,25.2,100.0,0.0,0.9,0.0,38,38,はい,いいえ,いいえ,はい,いいえ,いいえ,いいえ,63.2,81.2,0,0,0,0,0,0,0,0,0,0,0,0,0,0,0,0,0,0,0,0,0,0,0,0,0,0,0,0,0,0,980,11302,11026,590,16.0,16.6,17.5,15.8,15.8,15.8,15.8,1.4,1.4,1.4,1.4,1.4,1.4,60.21,63.36,57.07,57.01,63.42,63.42,0.96,31.63,60.17,0.04,22.57,0,0,0.0,0.0,44295,39052,6.3,103.2,0,
19.7.2026,1:0:29.379,27904,6007,82.2,13830,18033,43.4,3.5,2048,71,1.251,1.255,1.250,1.250,1.250,1.250,1.250,4055.5,4112.6,5140.7,4112.6,4112.6,3427.2,3427.2,99.8,629.8,1003.9,108.3,3277.8,903.1,1055.3,483.3,252.9,157.1,106.7,63.7,62.0,83.0,629.8,12.3,18.8,2.8,64.3,16.8,19.3,8.8,4.3,3.7,2.7,1.7,1.7,2.2,64.3,12.3,15.8,22.6,2.7,86.3,23.3,25.7,12.0,5.7,3.8,2.7,1.5,1.5,2.1,15.8,40.6,41.2,51.5,41.2,41.2,34.3,34.3,0.0,25.3,24.1,80.9,31.3,8.8,3.6,3.1,46.7,75.8,19.1,68.7,91.2,12.4,12.9,28.0,0.1,0.0,0.0,0.0,84.0,84.0,2395.7,24.00,40,39,39,77,116,708,1,77.8,71.6,72.2,61.7,60.1,70.0,64.5,60.8,56.9,57.8,60.0,60.0,67.2,61.1,47.0,45.8,48.9,1.250,1.015,1.100,16.025,8.353,16.023,38.500,6.119,41.135,2.328,2.540,5.168,3.393,2.149,0.361,0.355,20.037,8.478,35.246,40.243,1996.4,2395.7,5149.6,5149.6,5147.4,45.7,21.4,25.7,45.7,84.2,いいえ,いいえ,いいえ,0.400,0.139,1.5,45.0,77.9,40.0,77.0,1.264,12.038,3.440,3.312,5.016,1.064,0.984,3.440,3.344,1.808,1.024,1.120,1.032,1.792,1.096,0.656,1.824,0.264,2045,いいえ,61.9,44.8,1.110,1.110,1.800,1.800,1.005,5.040,0.375,いいえ,いいえ,いいえ,43.2,1.110,1.110,1.800,1.800,1.005,5.040,0.375,いいえ,いいえ,いいえ,37,37,いいえ,はい,15388,14039,128,128,34,100.0,いいえ,いいえ,3868,2528,9990,43,45,52,100.0,100.0,いいえ,いいえ,7032,7744,0.0,48.0,48.0,0.000,0.006,1392,1011,0.0,0.0,0.0,0.000,0.000,181182,133153,0.0,0.1,0.1,0.000,0.110,66345,77726,63.2,0.720,18.000,600.0,2400.0,1200.0,100.0,0.0,0.0,0.0,0.0,0.0,0.0,0.0,0.0,125,2,16.0,86,いいえ,いいえ,いいえ,64.0,70.0,72.2,84.0,1.100,12.183,12.178,12.148,12.228,12.180,1547,1546,156.700,63.423,110.188,24.917,29.398,122.875,12.472,41.821,106.556,59.160,220.000,220.000,2775.0,1281.5,2130.0,2764.3,2235.0,2772.9,1279.4,2229.0,91.0,45.0,0.0,0.0,92.0,25.2,100.0,0.0,0.8,0.0,38,38,はい,いいえ,いいえ,はい,いいえ,いいえ,いいえ,69.1,27.4,0,0,0,0,0,0,0,0,0,0,0,0,0,0,0,0,0,0,0,0,0,0,0,0,0,0,0,0,0,0,980,11302,11026,590,16.0,0.8,0.8,0.8,0.8,0.8,0.8,0.0,0.0,0.0,0.0,0.0,0.0,1184.74,1184.74,1184.74,1184.74,1184.74,1184.74,6.10,169.25,1184.66,0.07,0.00,0,0,0.0,0.0,44295,39052,6.3,132.3,0,
19.7.2026,1:0:31.370,27825,6086,82.0,13922,17941,43.6,3.5,2048,71,1.253,1.250,1.255,1.255,1.255,1.255,1.250,4169.7,4112.6,5140.7,4112.6,4112.6,4112.6,3427.2,99.8,656.6,1230.0,110.5,717.5,3192.4,1109.5,789.9,218.5,160.6,106.8,96.2,63.2,84.4,656.6,12.4,23.6,2.1,13.8,61.5,20.3,15.1,3.3,3.0,2.0,1.6,1.0,1.6,61.5,12.4,16.5,28.6,2.7,18.7,83.5,27.3,20.1,4.7,3.9,2.7,2.3,1.5,2.1,16.5,41.8,41.2,51.5,41.2,41.2,41.2,34.3,0.0,26.5,29.1,75.7,38.2,8.3,4.2,3.3,46.5,70.9,24.3,61.8,91.7,11.1,18.8,27.1,0.0,0.0,0.0,0.0,84.6,77.9,2395.7,24.00,40,39,39,77,116,708,1,76.4,71.7,72.8,61.8,60.5,69.6,65.3,60.8,56.9,58.0,59.9,59.9,67.5,61.2,47.0,45.8,48.9,1.250,1.015,1.100,16.338,8.381,16.335,37.500,6.121,41.601,2.467,2.810,5.092,3.776,2.203,0.430,0.488,20.444,8.507,35.683,40.682,1996.4,2395.7,5148.0,5148.0,5145.9,46.2,21.8,25.0,46.2,84.3,いいえ,いいえ,いいえ,0.468,0.157,1.6,45.0,76.5,40.0,76.0,1.264,12.144,3.440,3.296,5.016,1.064,0.984,3.440,3.344,1.808,1.024,1.120,1.032,1.792,1.096,0.656,1.824,0.264,2042,いいえ,61.9,44.8,1.110,1.110,1.800,1.800,1.005,5.040,0.375,いいえ,いいえ,いいえ,43.2,1.110,1.110,1.800,1.800,1.005,5.040,0.250,いいえ,いいえ,いいえ,37,37,いいえ,はい,15388,14039,128,128,34,100.0,いいえ,いいえ,3868,2528,9990,43,45,53,100.0,100.0,いいえ,いいえ,7032,7744,0.0,0.0,0.0,0.000,0.006,1392,1011,0.0,0.0,0.0,0.000,0.000,181182,133153,0.0,0.0,0.0,0.000,0.004,66345,77726,63.2,0.720,40.000,600.0,2400.0,1200.0,100.0,0.0,0.0,0.0,0.0,0.0,0.0,0.0,0.0,125,2,16.0,86,いいえ,いいえ,いいえ,65.3,70.0,73.2,84.0,1.100,12.220,12.218,12.182,12.260,12.219,1547,1549,146.378,44.853,91.510,19.988,25.679,101.778,9.983,35.600,36.276,38.008,220.000,220.000,2775.0,1281.5,2130.0,2764.2,2235.0,2766.0,1280.3,2225.8,91.0,44.0,1.0,0.0,92.0,25.3,100.0,0.0,1.2,0.0,38,38,はい,いいえ,いいえ,はい,いいえ,いいえ,いいえ,57.8,65.0,0,0,0,0,0,0,0,0,0,0,0,0,0,0,0,0,0,0,0,0,0,0,0,0,0,0,0,0,0,0,980,11302,11026,590,16.0,2.6,14.6,1.4,1.4,1.4,1.4,1.0,1.0,1.0,1.0,1.0,1.0,387.43,706.26,68.60,62.74,712.77,712.77,2.27,39.67,387.39,0.04,82.28,0,0,0.0,0.0,44295,39053,6.8,273.8,0,
19.7.2026,1:0:33.367,27828,6083,82.0,13927,17936,43.7,3.5,2048,71,1.241,1.245,1.240,1.240,1.240,1.240,1.240,4055.5,4112.6,4112.6,5140.7,4112.6,3427.2,3427.2,99.8,642.4,1070.1,89.4,814.9,3456.2,649.6,896.7,212.2,177.8,137.7,63.1,56.9,84.3,642.4,12.1,20.3,1.7,15.7,67.2,11.7,17.2,3.4,3.5,1.1,1.1,0.2,1.6,67.2,12.1,16.2,24.6,2.2,21.3,91.0,14.7,23.0,4.6,4.4,3.5,1.5,1.3,2.1,16.2,40.6,41.2,41.2,51.5,41.2,34.3,34.3,0.0,25.8,25.4,82.2,31.4,8.5,4.2,3.1,47.5,74.6,17.8,68.6,91.5,15.4,17.1,26.7,0.0,0.0,0.0,0.0,80.4,79.7,2395.7,24.00,40,39,39,77,116,708,1,75.4,71.6,69.4,61.7,60.1,70.2,64.4,60.7,57.0,57.8,59.9,59.9,67.2,61.0,47.0,45.8,48.9,1.251,1.015,1.100,16.622,8.379,16.628,40.000,6.087,41.958,2.410,2.624,5.259,3.458,2.174,0.497,0.448,20.804,8.505,36.005,41.010,1996.4,2395.7,5150.3,5150.3,5147.7,46.6,22.2,26.7,46.6,84.3,いいえ,いいえ,いいえ,0.350,0.139,1.5,45.0,75.4,40.0,75.0,1.248,12.091,3.440,3.296,5.016,1.064,0.976,3.440,3.344,1.808,1.024,1.120,1.032,1.792,1.096,0.656,1.824,0.264,2039,いいえ,61.9,44.8,1.110,1.110,1.800,1.800,1.005,5.040,0.250,いいえ,いいえ,いいえ,43.2,1.110,1.110,1.800,1.800,1.005,5.040,0.250,いいえ,いいえ,いいえ,37,37,いいえ,はい,15388,14039,128,128,34,100.0,いいえ,いいえ,3868,2528,9990,43,45,53,100.0,100.0,いいえ,いいえ,7032,7744,0.0,0.0,0.0,0.000,0.004,1392,1011,0.0,0.0,0.0,0.000,0.000,181182,133153,0.0,0.1,0.1,0.000,0.036,66345,77726,63.2,0.720,45.000,600.0,2400.0,1200.0,100.0,0.0,0.0,0.0,0.0,0.0,0.0,0.0,0.0,125,2,16.0,86,いいえ,いいえ,いいえ,69.4,72.0,79.3,84.0,1.100,12.168,12.164,12.127,12.216,12.164,1544,1546,152.142,72.247,118.424,28.999,32.562,133.097,14.500,47.034,111.242,92.117,220.000,220.000,2775.0,1281.5,2130.0,2764.6,2235.0,2766.7,1280.6,2225.4,95.0,57.0,0.0,0.0,92.0,25.2,100.0,0.0,0.8,0.0,38,38,はい,いいえ,いいえ,はい,いいえ,いいえ,いいえ,72.3,73.0,0,0,0,0,0,0,0,0,0,0,0,0,0,0,0,0,0,0,0,0,0,0,0,0,0,0,0,0,0,0,980,11302,11026,590,16.0,2.1,14.9,1.1,1.1,1.1,1.1,0.0,0.0,0.0,0.0,0.0,0.0,471.92,876.82,67.02,59.58,885.08,885.08,2.07,70.17,471.86,0.06,0.00,0,0,0.0,0.0,44295,39053,6.4,196.5,0,
19.7.2026,1:0:35.371,27833,6078,82.0,13983,17880,43.8,3.5,2048,71,1.250,1.250,1.250,1.250,1.250,1.250,1.250,4283.9,4112.6,4112.6,5140.7,4112.6,4112.6,4112.6,99.8,649.2,1147.9,158.5,827.3,2077.0,2090.3,774.4,264.2,149.1,88.8,84.5,62.8,66.1,649.2,13.0,21.3,3.8,16.7,39.6,39.9,15.3,5.1,3.5,3.7,2.2,2.5,1.8,39.9,13.0,16.2,25.1,4.0,21.5,53.6,53.8,19.9,5.9,3.6,2.2,2.1,1.5,1.6,16.2,42.9,41.2,41.2,51.5,41.2,41.2,41.2,0.0,26.1,27.3,57.3,56.4,9.2,3.4,2.9,46.7,72.7,42.7,43.6,90.8,14.1,16.2,27.2,0.0,0.0,0.0,0.0,82.4,81.0,2395.7,24.00,40,39,39,77,116,708,1,74.5,71.3,67.9,61.6,60.0,67.3,67.0,60.9,56.7,57.7,59.8,59.8,67.8,61.1,47.0,45.9,48.9,1.248,1.015,1.100,16.616,8.263,16.614,39.000,6.093,41.757,2.394,2.663,4.349,4.349,2.195,0.407,0.400,20.748,8.387,35.838,40.835,1996.4,2395.7,5146.7,5146.7,5146.1,46.4,22.2,26.0,46.4,83.9,いいえ,いいえ,いいえ,0.422,0.146,1.6,45.0,74.5,40.0,74.0,1.256,12.091,3.440,3.296,5.016,1.064,0.976,3.440,3.344,1.808,1.024,1.120,1.032,1.792,1.096,0.656,1.824,0.264,2048,いいえ,61.9,44.8,1.110,1.110,1.800,1.800,1.005,5.040,0.250,いいえ,いいえ,いいえ,43.2,1.110,1.110,1.800,1.800,1.005,4.970,0.375,いいえ,いいえ,いいえ,37,37,いいえ,はい,15388,14039,128,128,34,100.0,いいえ,いいえ,3868,2528,9990,43,45,53,100.0,100.0,いいえ,いいえ,7032,7744,0.0,0.0,0.0,0.000,0.006,1392,1011,0.0,0.0,0.0,0.000,0.000,181182,133153,0.0,0.0,0.0,0.000,0.002,66345,77726,63.1,0.720,21.000,600.0,2400.0,1200.0,100.0,0.0,0.0,0.0,0.0,0.0,0.0,0.0,0.0,125,2,16.0,86,いいえ,いいえ,いいえ,69.3,72.0,78.7,84.0,1.100,12.173,12.168,12.137,12.218,12.168,1549,1546,152.450,72.577,117.609,26.989,30.998,131.332,13.494,44.438,116.718,99.033,220.000,220.000,2775.0,1281.5,2130.0,2764.0,2235.0,2766.3,1279.8,2223.3,94.0,44.0,1.0,0.0,92.0,25.2,100.0,0.0,1.0,0.0,39,39,はい,いいえ,いいえ,はい,いいえ,いいえ,いいえ,73.7,78.5,0,0,0,0,0,0,0,0,0,0,0,0,0,0,0,0,0,0,0,0,0,0,0,0,0,0,0,0,0,0,980,11302,11026,591,16.0,5.6,5.6,5.6,5.6,5.6,5.6,6.0,6.0,6.0,6.0,6.0,6.0,179.30,179.30,179.30,179.30,179.30,179.30,176.47,2.81,179.03,0.27,650.57,0,0,0.0,0.0,44295,39054,6.2,194.7,0,
19.7.2026,1:0:37.368,27903,6008,82.2,14079,17784,44.1,3.5,2048,71,1.247,1.255,1.245,1.245,1.245,1.245,1.245,3712.7,3427.2,3427.2,5140.7,3427.2,3427.2,3427.2,99.8,772.1,1207.4,188.7,1394.2,831.9,2999.0,1284.2,437.4,444.1,130.6,94.1,128.6,125.4,772.1,14.4,21.4,3.0,27.3,14.2,58.7,24.6,7.6,8.5,2.0,1.4,1.9,2.0,58.7,14.4,19.4,26.5,4.6,36.4,20.0,78.8,33.5,10.4,11.2,3.2,2.3,3.0,3.1,19.4,37.2,34.3,34.3,51.5,34.3,34.3,34.3,0.0,30.5,28.3,44.1,81.9,18.8,4.5,5.5,45.9,71.7,55.9,18.1,81.2,20.5,27.9,23.6,0.0,0.0,0.0,0.0,75.0,66.6,2395.7,24.00,40,39,39,77,116,708,1,77.8,73.3,70.8,63.0,60.4,67.2,71.5,63.0,57.1,59.1,59.9,59.9,67.5,61.2,47.0,45.9,49.0,1.248,1.015,1.100,18.078,8.376,18.078,43.500,6.070,43.726,2.820,2.847,4.142,5.643,2.812,0.611,0.862,22.578,8.502,37.758,42.776,1996.4,2395.7,5125.9,5125.9,5127.7,48.6,24.1,29.0,48.6,86.2,いいえ,いいえ,いいえ,0.676,0.264,1.8,45.0,77.8,40.0,77.0,1.264,12.144,3.440,3.312,5.016,1.064,0.976,3.440,3.344,1.808,1.024,1.120,1.032,1.792,1.096,0.656,1.824,0.264,2042,いいえ,61.9,44.8,1.110,1.110,1.800,1.800,1.005,5.040,0.500,いいえ,いいえ,いいえ,43.2,1.110,1.110,1.800,1.800,1.005,5.040,0.250,いいえ,いいえ,いいえ,37,37,いいえ,はい,15388,14039,128,128,34,100.0,いいえ,いいえ,3868,2528,9990,43,45,53,100.0,100.0,いいえ,いいえ,7032,7744,0.0,0.0,0.0,0.000,0.000,1392,1011,0.0,0.0,0.0,0.000,0.000,181182,133153,0.0,0.1,0.1,0.000,0.052,66345,77726,63.1,0.720,18.000,600.0,2400.0,1200.0,100.0,0.0,0.0,0.0,0.0,0.0,0.0,0.0,0.0,125,2,16.0,86,いいえ,いいえ,いいえ,68.3,72.0,77.5,84.0,1.100,12.193,12.193,12.153,12.237,12.191,1546,1551,147.338,58.856,101.149,24.556,29.117,113.656,12.276,41.344,81.597,67.154,220.000,220.000,2775.0,1281.5,2130.0,2764.6,2235.0,2767.2,1280.1,2226.1,92.0,50.0,2.0,0.0,92.0,25.2,100.0,0.0,0.9,0.0,39,39,はい,いいえ,いいえ,はい,いいえ,いいえ,いいえ,64.8,75.5,0,0,0,0,0,0,0,0,0,0,0,0,0,0,0,0,0,0,0,0,0,0,0,0,0,0,0,0,0,0,980,11302,11026,591,16.0,8.3,8.3,8.3,8.3,8.3,8.3,5.0,5.0,5.0,5.0,5.0,5.0,119.97,119.97,119.97,119.97,119.97,119.97,0.36,0.00,119.91,0.05,57.03,0,0,0.0,0.0,44295,39054,6.4,165.9,0,
19.7.2026,1:0:39.378,27874,6037,82.1,14104,17759,44.2,3.5,2048,71,1.251,1.255,1.250,1.250,1.250,1.250,1.250,3827.0,4112.6,3427.2,5140.7,3427.2,3427.2,3427.2,99.8,746.8,1336.3,152.4,1348.7,1054.4,2269.6,1699.8,411.0,223.1,196.0,80.5,101.1,88.4,746.8,14.5,25.7,2.8,27.3,19.3,44.1,33.5,7.8,4.2,3.9,1.5,1.9,1.8,44.1,14.5,18.8,30.7,3.6,35.2,25.9,59.2,44.5,9.4,5.3,4.9,1.9,2.4,2.2,18.8,38.3,41.2,34.3,51.5,34.3,34.3,34.3,0.0,29.8,31.0,47.9,76.9,13.6,5.5,4.2,47.4,69.0,52.1,23.1,86.4,25.3,28.5,22.8,0.0,0.0,0.0,0.0,69.2,67.3,2395.7,24.00,40,39,39,77,116,708,1,77.8,73.1,68.9,63.0,60.7,67.4,70.8,62.4,57.5,58.9,60.0,60.0,66.8,61.0,47.0,45.9,49.0,1.250,1.015,1.100,18.125,8.482,18.124,39.500,6.118,43.967,2.814,2.965,4.334,5.419,2.630,0.765,0.767,22.663,8.610,38.002,43.019,1996.4,2395.7,5135.1,5135.1,5132.7,48.9,24.2,26.3,48.9,86.0,いいえ,いいえ,いいえ,0.661,0.296,1.8,45.0,77.9,40.0,77.0,1.256,12.091,3.440,3.312,5.016,1.064,0.976,3.440,3.344,1.808,1.024,1.120,1.032,1.792,1.096,0.656,1.824,0.264,2042,いいえ,61.9,44.8,1.110,1.110,1.800,1.800,1.005,5.040,0.250,いいえ,いいえ,いいえ,43.2,1.110,1.110,1.800,1.800,1.005,5.040,0.625,いいえ,いいえ,いいえ,37,37,いいえ,はい,15388,14039,128,128,34,100.0,いいえ,いいえ,3868,2528,9990,43,45,53,100.0,100.0,いいえ,いいえ,7032,7744,0.0,0.1,0.1,0.000,0.012,1392,1011,0.0,0.0,0.0,0.000,0.000,181182,133153,0.1,0.5,0.6,0.016,0.896,66345,77728,63.2,0.720,18.000,600.0,2400.0,1200.0,100.0,0.0,0.0,0.0,0.0,0.0,0.0,0.0,0.0,125,2,16.0,86,いいえ,いいえ,いいえ,64.5,70.0,72.8,84.0,1.100,12.219,12.219,12.181,12.257,12.218,1551,1553,149.779,43.483,87.160,19.111,24.972,96.957,9.542,34.455,26.117,49.553,220.000,220.000,2775.0,1281.5,2130.0,2764.1,2235.0,2774.1,1280.5,2229.3,86.0,40.0,1.0,0.0,92.0,25.3,100.0,0.0,1.1,0.0,39,39,はい,いいえ,いいえ,はい,いいえ,いいえ,いいえ,55.3,28.0,0,0,0,0,0,0,0,0,0,0,0,0,0,0,0,0,0,0,0,0,0,0,0,0,0,0,0,0,0,0,980,11302,11026,591,16.0,10.6,16.1,7.1,7.0,7.0,7.0,8.6,28.3,5.5,5.5,5.5,5.5,94.64,141.19,61.98,61.98,142.08,142.08,1.93,30.93,94.59,0.05,57.59,0,0,0.0,0.0,44295,39054,7.0,239.6,0,
19.7.2026,1:0:41.368,27234,6677,80.3,14062,17801,44.1,3.5,2048,71,1.218,1.185,1.290,1.140,1.230,1.230,1.230,4945.2,4941.1,5115.8,4891.2,4916.1,4916.1,4891.2,99.8,765.7,1231.5,188.9,962.5,1636.4,664.7,2691.3,454.1,349.3,299.1,236.5,226.1,247.9,765.7,13.7,23.2,4.0,18.1,29.5,10.1,52.0,6.6,5.9,4.9,3.6,3.3,3.9,52.0,13.7,18.1,28.9,4.7,24.4,40.6,14.6,69.9,9.1,7.0,5.8,4.1,3.8,4.4,18.1,49.5,49.5,51.2,49.0,49.2,49.2,49.0,0.0,27.2,28.7,48.7,61.4,12.5,6.6,5.6,46.8,66.2,51.2,38.6,83.5,18.2,22.8,26.0,5.1,0.0,0.0,4.0,75.2,71.6,2395.7,24.00,40,39,39,77,116,708,1,77.2,71.8,82.5,62.2,60.5,66.8,68.3,61.8,57.4,58.7,59.8,59.8,68.0,61.1,47.0,45.9,49.0,1.241,1.015,1.100,17.264,8.488,17.231,64.500,6.058,42.740,2.722,2.770,4.345,4.948,2.516,0.857,0.894,21.493,8.615,36.771,41.775,1996.4,2395.7,5113.7,5113.7,5139.7,47.5,23.0,43.0,47.5,84.4,いいえ,いいえ,いいえ,1.039,0.520,1.6,45.0,79.0,40.0,79.0,1.200,12.144,3.440,3.312,5.040,1.064,0.976,3.440,3.344,1.808,1.024,1.120,1.032,1.792,1.104,0.656,1.824,0.264,2045,いいえ,61.9,44.8,1.110,1.110,1.800,1.800,1.005,5.040,2.250,いいえ,いいえ,いいえ,43.2,1.110,1.110,1.800,1.800,1.005,5.040,1.500,いいえ,いいえ,いいえ,37,37,いいえ,はい,15388,14039,128,128,34,100.0,いいえ,いいえ,3868,2528,9990,43,45,53,100.0,100.0,いいえ,いいえ,7032,7744,0.0,0.0,0.0,0.000,0.002,1392,1011,0.0,0.0,0.0,0.000,0.000,181182,133153,0.0,0.0,0.0,0.000,0.044,66345,77728,63.1,0.720,36.000,600.0,2400.0,1200.0,100.0,0.0,0.0,0.0,0.0,0.0,0.0,0.0,0.0,125,2,16.0,86,いいえ,いいえ,いいえ,58.8,68.0,69.7,84.0,1.095,12.304,12.316,12.254,12.333,12.315,1558,1562,110.656,19.282,27.561,7.562,16.628,31.339,3.781,20.420,23.449,23.515,220.000,220.000,2775.0,1281.5,2145.0,2766.5,2235.0,2775.5,1279.7,2234.3,0.0,0.0,1.0,0.0,87.5,22.6,89.6,0.0,1.0,0.0,39,39,はい,いいえ,いいえ,はい,いいえ,いいえ,いいえ,21.8,23.6,0,0,0,0,0,0,0,0,0,0,0,0,0,0,0,0,0,0,0,0,0,0,0,0,0,0,0,0,0,0,1538,10744,10468,591,16.0,4.8,17.4,2.0,2.0,2.0,2.0,1.4,1.4,1.4,1.4,1.4,1.4,207.98,493.89,57.33,57.20,502.66,502.66,1.46,25.99,207.94,0.04,171.62,0,0,0.0,0.0,44295,39055,6.7,238.0,0,
19.7.2026,1:0:43.378,19684,14227,58.0,13645,18218,42.8,3.5,2048,71,1.245,1.270,1.240,1.240,1.240,1.240,1.240,4283.9,4112.6,4112.6,5140.7,4112.6,4112.6,4112.6,99.8,2169.7,2530.2,1787.9,2262.0,3424.8,2316.2,2981.7,1995.0,2030.2,1654.6,1670.0,1687.3,1696.6,2169.7,45.0,48.1,37.0,46.6,70.2,47.8,61.0,42.0,43.1,35.7,35.5,36.2,36.5,70.2,45.0,57.3,61.6,46.9,59.6,90.6,61.4,78.7,53.2,54.4,44.8,45.2,45.7,46.0,57.4,42.9,41.2,41.2,51.5,41.2,41.2,41.2,0.0,56.1,53.1,79.0,72.6,49.6,40.5,41.7,31.3,33.4,21.0,27.4,50.4,24.8,31.1,12.6,13.5,0.0,0.0,0.0,34.8,27.3,2395.7,24.00,40,39,39,77,116,708,1,83.1,81.4,70.8,71.1,66.7,77.1,76.7,71.8,65.6,68.9,61.9,61.9,68.2,61.7,47.1,46.0,49.0,1.216,1.015,1.100,27.762,8.869,27.795,66.500,6.081,56.186,4.822,4.172,6.812,6.323,4.723,3.379,3.521,33.533,8.999,49.221,54.964,1996.4,2395.7,4979.1,4979.1,4989.6,62.5,37.1,44.3,62.5,95.8,いいえ,いいえ,いいえ,10.406,5.246,3.4,45.0,83.1,40.0,83.0,1.256,12.144,3.440,3.328,5.040,1.064,0.976,3.440,3.344,1.808,1.024,1.120,1.040,1.792,1.096,0.656,1.824,0.264,2039,いいえ,61.9,44.8,1.110,1.110,1.800,1.800,1.005,5.040,0.250,いいえ,いいえ,いいえ,43.2,1.110,1.110,1.800,1.800,1.005,5.040,0.250,いいえ,いいえ,いいえ,37,37,いいえ,はい,15388,14039,128,128,34,100.0,いいえ,いいえ,3868,2528,9990,43,45,53,100.0,100.0,いいえ,いいえ,7032,7744,0.0,0.1,0.1,0.000,0.008,1392,1011,0.0,0.0,0.0,0.000,0.000,181182,133153,0.0,0.0,0.0,0.000,0.006,66345,77728,63.6,0.720,30.000,600.0,2400.0,1200.0,100.0,0.0,0.0,0.0,0.0,0.0,0.0,0.0,0.0,125,2,16.0,86,いいえ,いいえ,いいえ,56.4,66.0,67.1,84.0,0.940,12.313,12.324,12.265,12.338,12.324,1564,1563,38.752,13.157,16.774,4.264,14.043,18.914,2.132,16.182,14.053,18.896,220.000,220.000,2475.0,1281.5,2010.0,2115.0,2010.0,2476.4,1280.4,2011.0,82.0,6.0,1.0,0.0,40.6,19.4,77.1,0.0,0.5,0.0,39,39,はい,いいえ,いいえ,いいえ,いいえ,はい,いいえ,15.0,21.3,0,0,0,0,0,0,0,0,0,0,0,0,0,0,0,0,0,0,0,0,0,0,0,0,0,0,0,0,0,0,7292,4990,4970,591,16.0,4.8,17.4,2.0,2.0,2.0,2.0,1.4,1.4,1.4,1.4,1.4,1.4,207.98,493.89,57.33,57.20,502.66,502.66,1.46,25.99,207.94,0.04,171.62,0,0,0.0,0.0,44295,39055,5.7,158.2,0,
19.7.2026,1:0:45.367,28069,5842,82.7,13765,18098,43.2,3.5,2048,71,1.280,1.280,1.280,1.280,1.280,1.280,1.280,4626.7,5140.7,5140.7,5140.7,4112.6,4112.6,4112.6,99.8,779.0,1865.6,183.8,669.4,1512.2,1339.9,2640.0,357.5,358.0,144.4,85.2,95.7,96.8,779.0,14.5,34.3,3.1,12.8,27.5,25.4,51.6,5.4,6.7,2.6,2.1,1.5,1.6,51.6,14.5,19.5,44.7,4.5,17.0,37.5,34.7,69.3,7.6,8.8,3.6,2.0,2.2,2.3,19.5,46.3,51.5,51.5,51.5,41.2,41.2,41.2,0.0,31.1,40.4,44.1,77.4,15.9,4.7,4.3,50.4,59.6,55.9,22.6,84.1,36.8,43.6,18.5,0.0,0.0,0.0,0.0,58.6,52.2,2395.7,24.00,40,39,39,77,116,708,1,80.5,73.1,72.8,64.0,62.6,67.6,71.2,63.5,58.6,60.3,60.8,60.8,67.2,61.5,47.2,46.0,49.0,1.260,1.015,1.100,18.748,8.358,18.734,43.500,6.049,44.734,3.068,3.413,4.454,5.397,2.940,1.058,1.149,23.662,8.483,38.800,43.805,1996.4,2395.7,5147.7,5147.7,5146.4,49.8,25.0,29.0,49.8,86.0,いいえ,いいえ,いいえ,0.777,0.390,1.9,45.0,80.4,40.0,80.0,1.288,12.144,3.440,3.312,5.040,1.064,0.976,3.440,3.344,1.808,1.024,1.120,1.032,1.792,1.096,0.656,1.824,0.264,2033,いいえ,61.9,44.8,1.110,1.110,1.800,1.800,1.005,5.040,0.250,いいえ,いいえ,いいえ,43.2,1.110,1.110,1.800,1.800,0.990,5.040,0.500,いいえ,いいえ,いいえ,37,37,いいえ,はい,15388,14039,128,128,34,100.0,いいえ,いいえ,3868,2528,9990,43,45,53,100.0,100.0,いいえ,いいえ,7032,7744,0.0,41.8,41.8,0.000,0.004,1392,1011,0.0,0.0,0.0,0.000,0.000,181182,133153,0.0,0.1,0.1,0.000,0.429,66345,77729,63.5,0.720,17.000,600.0,2400.0,1200.0,100.0,0.0,0.0,0.0,0.0,0.0,0.0,0.0,0.0,125,2,16.0,86,いいえ,いいえ,いいえ,65.9,70.0,74.9,84.0,1.095,12.179,12.178,12.140,12.223,12.176,1551,1546,151.789,68.129,109.797,25.890,30.096,122.989,12.943,42.993,101.219,99.108,220.000,220.000,2775.0,1281.5,2145.0,2767.1,2235.0,2770.6,1280.7,2232.2,57.0,30.0,2.0,2.0,92.0,25.2,100.0,0.0,0.8,0.0,38,38,はい,いいえ,いいえ,はい,いいえ,いいえ,いいえ,69.5,70.8,0,0,0,0,0,0,0,0,0,0,0,0,0,0,0,0,0,0,0,0,0,0,0,0,0,0,0,0,0,0,980,11302,11026,591,16.0,4.8,17.4,2.0,2.0,2.0,2.0,1.4,1.4,1.4,1.4,1.4,1.4,207.98,493.89,57.33,57.20,502.66,502.66,1.46,25.99,207.94,0.04,171.62,0,0,0.0,0.0,44295,39055,6.4,118.0,0,
19.7.2026,1:0:47.376,27932,5979,82.3,13847,18016,43.4,3.5,2048,71,1.249,1.245,1.250,1.250,1.250,1.250,1.250,4169.7,4112.6,5140.7,4112.6,4112.6,3427.2,4112.6,99.8,648.4,1076.3,88.7,1994.0,1612.2,826.5,1422.0,268.8,183.3,106.8,85.3,55.9,61.0,648.4,12.6,20.6,2.2,39.1,30.7,15.5,28.0,4.9,4.1,2.5,2.1,0.6,0.8,39.1,12.6,16.3,24.5,2.2,52.2,41.6,20.6,37.0,6.0,4.5,2.6,2.1,1.3,1.5,16.3,41.8,41.2,51.5,41.2,41.2,34.3,41.2,0.0,26.1,25.5,70.1,44.5,10.1,4.1,2.6,47.2,74.5,29.9,55.4,89.9,15.7,17.6,26.7,0.0,0.0,0.1,0.0,80.2,79.8,2395.7,24.00,40,39,39,77,116,708,1,78.4,72.2,71.8,62.2,60.4,69.3,66.5,61.6,57.2,58.3,60.2,60.2,66.8,61.2,47.2,46.0,49.0,1.253,1.015,1.100,16.748,8.337,16.756,39.000,6.033,42.110,2.446,2.631,4.878,3.957,2.309,0.471,0.432,20.997,8.462,36.096,41.112,1996.4,2395.7,5149.5,5149.5,5147.1,46.7,22.3,26.0,46.7,84.9,いいえ,いいえ,いいえ,0.569,0.158,1.6,45.0,78.5,40.0,78.0,1.264,12.091,3.440,3.312,5.016,1.064,0.976,3.440,3.344,1.808,1.024,1.120,1.032,1.792,1.096,0.656,1.824,0.264,2023,いいえ,61.9,44.8,1.110,1.110,1.800,1.800,1.005,5.040,0.375,いいえ,いいえ,いいえ,43.2,1.110,1.110,1.800,1.800,1.005,5.040,0.500,いいえ,いいえ,いいえ,37,37,いいえ,はい,15388,14039,128,128,34,100.0,いいえ,いいえ,3868,2528,9990,43,45,53,100.0,100.0,いいえ,いいえ,7032,7744,0.0,0.0,0.0,0.000,0.004,1392,1011,0.0,0.0,0.0,0.000,0.000,181182,133153,0.0,0.0,0.0,0.000,0.004,66345,77729,63.4,0.720,17.000,600.0,2400.0,1200.0,100.0,0.0,0.0,0.0,0.0,0.0,0.0,0.0,0.0,125,2,16.0,86,いいえ,いいえ,いいえ,68.4,70.0,77.6,84.0,1.100,12.195,12.189,12.165,12.240,12.188,1544,1544,150.257,56.605,106.813,21.623,26.713,117.809,10.823,37.476,27.545,104.036,220.000,220.000,2775.0,1281.5,2130.0,2764.0,2235.0,2766.5,1280.3,2225.0,93.0,44.0,2.0,0.0,92.0,25.3,100.0,0.0,1.0,0.0,38,38,はい,いいえ,いいえ,はい,いいえ,いいえ,いいえ,65.6,68.0,0,0,0,0,0,0,0,0,0,0,0,0,0,0,0,0,0,0,0,0,0,0,0,0,0,0,0,0,0,0,980,11302,11026,591,16.0,15.9,15.9,15.9,15.9,15.9,15.9,1.2,1.2,1.2,1.2,1.2,1.2,63.07,63.07,63.07,63.07,63.07,63.07,3.22,0.00,63.03,0.04,8.42,0,0,0.0,0.0,44295,39056,6.6,151.0,0,
19.7.2026,1:0:49.379,27853,6058,82.1,13945,17918,43.7,3.5,2048,71,1.242,1.250,1.240,1.240,1.240,1.240,1.240,4169.7,4112.6,5140.7,4112.6,4112.6,3427.2,4112.6,99.8,657.3,1220.0,116.4,3283.5,1063.5,1068.7,409.9,257.9,131.0,109.8,74.5,76.5,76.5,657.3,12.2,22.7,2.0,64.1,19.7,19.0,7.1,4.0,2.1,1.8,1.0,1.9,1.1,64.1,12.2,16.5,27.7,2.9,86.5,27.3,26.1,9.9,5.7,3.1,2.7,1.8,1.8,1.9,16.5,41.8,41.2,51.5,41.2,41.2,34.3,41.2,0.0,26.6,29.0,84.2,30.6,8.6,3.7,3.4,45.7,71.0,15.8,69.4,91.4,12.6,14.2,27.7,0.0,0.0,0.0,0.0,83.7,82.4,2395.7,24.00,40,39,39,77,116,708,1,76.8,71.7,70.8,61.8,60.4,70.5,64.4,60.8,56.9,57.9,59.9,59.9,67.2,61.2,47.2,46.0,49.0,1.251,1.015,1.100,16.489,8.259,16.498,38.000,6.053,41.629,2.449,2.785,5.415,3.462,2.226,0.419,0.388,20.632,8.383,35.673,40.687,1996.4,2395.7,5148.1,5148.1,5147.2,46.2,22.0,25.3,46.2,84.3,いいえ,いいえ,いいえ,0.455,0.157,1.6,45.0,76.8,40.0,76.0,1.256,12.091,3.440,3.296,5.016,1.064,0.976,3.440,3.344,1.808,1.024,1.120,1.032,1.792,1.096,0.656,1.824,0.264,2030,いいえ,61.9,44.8,1.110,1.110,1.800,1.800,1.005,5.040,0.500,いいえ,いいえ,いいえ,43.2,1.110,1.110,1.800,1.800,1.005,5.040,0.500,いいえ,いいえ,いいえ,37,37,いいえ,はい,15388,14039,128,128,34,100.0,いいえ,いいえ,3868,2528,9990,43,45,53,100.0,100.0,いいえ,いいえ,7032,7744,0.0,0.1,0.1,0.000,0.006,1392,1011,0.0,0.0,0.0,0.000,0.000,181182,133153,0.0,0.1,0.1,0.000,0.040,66345,77729,63.3,0.720,22.000,600.0,2400.0,1200.0,100.0,0.0,0.0,0.0,0.0,0.0,0.0,0.0,0.0,125,2,16.0,86,いいえ,いいえ,いいえ,69.1,70.0,79.2,84.0,1.100,12.170,12.165,12.134,12.218,12.164,1546,1544,147.333,68.822,122.434,28.004,31.766,136.642,14.001,45.737,80.942,91.046,220.000,220.000,2775.0,1281.5,2130.0,2763.3,2235.0,2762.3,1279.9,2222.0,95.0,56.0,1.0,0.0,92.0,25.2,100.0,0.0,0.8,0.0,38,38,はい,いいえ,いいえ,はい,いいえ,いいえ,いいえ,76.4,79.6,0,0,0,0,0,0,0,0,0,0,0,0,0,0,0,0,0,0,0,0,0,0,0,0,0,0,0,0,0,0,980,11302,11026,591,16.0,4.5,17.4,1.1,1.0,1.0,1.0,0.0,0.0,0.0,0.0,0.0,0.0,220.28,947.93,57.36,57.06,1000.76,1000.76,0.93,30.65,220.23,0.05,0.00,0,0,0.0,0.0,44295,39056,6.4,162.0,0,
19.7.2026,1:0:51.376,27847,6063,82.1,13950,17913,43.7,3.5,2048,71,1.250,1.250,1.250,1.250,1.250,1.250,1.250,4055.5,4112.6,5140.7,4112.6,4112.6,3427.2,3427.2,99.8,641.4,1105.4,105.1,1983.6,1827.4,954.3,941.3,233.4,162.1,162.1,82.2,74.9,64.6,641.4,12.3,21.2,2.6,38.8,34.7,17.8,18.6,4.4,2.9,3.0,1.2,1.1,0.9,38.8,12.3,16.2,25.1,2.6,51.9,47.4,23.7,24.4,5.3,4.0,4.1,2.0,1.8,1.6,16.2,40.6,41.2,51.5,41.2,41.2,34.3,34.3,0.0,25.9,26.3,74.0,38.3,8.8,4.9,3.1,46.5,73.7,26.0,61.7,91.2,11.8,14.4,27.6,0.0,0.0,0.0,0.0,83.3,82.5,2395.7,24.00,40,39,39,77,116,708,1,75.5,71.4,71.8,61.7,60.1,69.2,65.3,60.8,56.9,57.8,59.8,59.8,67.5,61.3,47.2,46.0,49.0,1.249,1.015,1.100,16.320,8.276,16.317,37.500,6.036,41.327,2.383,2.649,4.986,3.670,2.162,0.455,0.376,20.394,8.400,35.434,40.427,1996.4,2395.7,5146.2,5146.2,5146.4,45.9,21.8,25.0,45.9,84.0,いいえ,いいえ,いいえ,0.360,0.135,1.6,46.0,75.5,40.0,75.0,1.256,12.091,3.440,3.296,5.016,1.064,0.976,3.440,3.344,1.808,1.024,1.120,1.032,1.792,1.096,0.656,1.824,0.264,2027,いいえ,61.9,44.8,1.110,1.110,1.800,1.800,1.005,5.040,0.250,いいえ,いいえ,いいえ,43.2,1.110,1.110,1.800,1.800,1.005,5.040,0.250,いいえ,いいえ,いいえ,37,37,いいえ,はい,15388,14039,128,128,34,100.0,いいえ,いいえ,3868,2528,9990,43,45,53,100.0,100.0,いいえ,いいえ,7032,7744,0.0,0.0,0.0,0.000,0.002,1392,1011,0.0,0.0,0.0,0.000,0.000,181182,133153,0.0,0.0,0.0,0.000,0.004,66345,77729,63.3,0.720,17.000,600.0,2400.0,1200.0,100.0,0.0,0.0,0.0,0.0,0.0,0.0,0.0,0.0,125,2,16.0,86,いいえ,いいえ,いいえ,68.4,72.0,77.6,84.0,1.100,12.168,12.165,12.128,12.214,12.164,1546,1544,149.367,71.033,118.234,28.344,32.055,132.610,14.171,46.198,105.673,90.978,220.000,220.000,2775.0,1281.5,2130.0,2764.5,2235.0,2767.6,1280.5,2226.4,95.0,59.0,0.0,0.0,92.0,25.2,100.0,0.0,0.7,0.0,38,38,はい,いいえ,いいえ,はい,いいえ,いいえ,いいえ,74.7,69.5,0,0,0,0,0,0,0,0,0,0,0,0,0,0,0,0,0,0,0,0,0,0,0,0,0,0,0,0,0,0,980,11302,11026,591,16.0,7.3,16.1,3.2,3.1,3.1,3.1,2.6,2.6,2.6,2.6,2.6,2.6,136.45,310.92,62.06,62.04,318.89,318.89,1.99,50.83,136.41,0.05,19.79,0,0,0.0,0.0,44295,39056,5.7,118.0,0,
19.7.2026,1:0:53.377,27846,6065,82.1,13977,17886,43.8,3.5,2048,71,1.272,1.260,1.275,1.275,1.275,1.275,1.275,4283.9,4112.6,5140.7,4112.6,4112.6,4112.6,4112.6,99.8,643.0,1066.0,92.7,603.0,4102.4,624.1,490.8,247.2,161.7,119.3,75.1,55.7,77.9,643.0,12.3,20.0,1.6,10.6,80.1,10.2,9.0,4.1,3.8,2.8,1.9,1.5,2.7,80.1,12.3,16.2,24.3,2.3,15.2,108.1,14.4,12.2,5.6,4.0,3.0,1.8,1.3,1.9,16.2,42.9,41.2,51.5,41.2,41.2,41.2,41.2,0.0,25.7,25.5,89.7,23.1,9.1,4.0,2.9,46.8,74.5,10.3,76.9,90.9,15.7,12.8,27.4,0.0,0.0,0.0,0.0,80.3,84.3,2395.7,24.00,40,39,39,77,116,708,1,74.8,71.8,74.2,61.6,60.0,71.1,63.5,60.6,56.9,57.7,59.9,59.9,67.2,61.3,47.2,46.0,49.0,1.251,1.015,1.100,16.379,8.340,16.371,37.000,6.074,41.517,2.402,2.627,5.659,3.104,2.180,0.483,0.356,20.500,8.465,35.647,40.633,1996.4,2395.7,5149.7,5149.7,5147.6,46.2,21.8,24.7,46.2,84.4,いいえ,いいえ,いいえ,0.366,0.132,1.5,45.0,74.9,40.0,74.0,1.256,12.038,3.440,3.312,5.016,1.064,0.976,3.440,3.344,1.808,1.024,1.120,1.032,1.792,1.096,0.656,1.824,0.264,2027,いいえ,61.9,44.8,1.110,1.110,1.800,1.800,1.005,5.040,0.375,いいえ,いいえ,いいえ,43.2,1.110,1.110,1.800,1.800,1.005,5.040,0.250,いいえ,いいえ,いいえ,37,37,いいえ,はい,15388,14039,128,128,34,100.0,いいえ,いいえ,3868,2528,9990,43,45,53,100.0,100.0,いいえ,いいえ,7032,7744,0.0,0.0,0.0,0.000,0.006,1392,1011,0.0,0.0,0.0,0.000,0.000,181182,133153,0.0,0.0,0.0,0.000,0.028,66345,77729,63.2,0.720,24.000,600.0,2400.0,1200.0,100.0,0.0,0.0,0.0,0.0,0.0,0.0,0.0,0.0,125,2,16.0,86,いいえ,いいえ,いいえ,68.1,70.0,77.4,84.0,1.100,12.193,12.192,12.154,12.238,12.190,1549,1549,152.715,65.140,99.589,23.652,28.512,111.635,11.837,40.290,106.591,99.013,220.000,220.000,2775.0,1281.5,2130.0,2764.1,2235.0,2767.0,1279.6,2226.1,83.0,32.0,1.0,0.0,92.0,25.3,100.0,0.0,1.0,0.0,39,39,はい,いいえ,いいえ,はい,いいえ,いいえ,いいえ,73.4,79.4,0,0,0,0,0,0,0,0,0,0,0,0,0,0,0,0,0,0,0,0,0,0,0,0,0,0,0,0,0,0,980,11302,11026,591,16.0,1.0,1.0,1.0,1.0,1.0,1.0,1.0,1.0,1.0,1.0,1.0,1.0,997.11,997.11,997.11,997.11,997.11,997.11,995.14,1.78,996.80,0.31,678.39,0,0,0.0,0.0,44295,39057,7.1,216.5,0,
19.7.2026,1:0:55.375,27847,6064,82.1,14034,17829,44.0,3.5,2048,71,1.267,1.255,1.270,1.270,1.270,1.270,1.270,4055.5,4112.6,4112.6,5140.7,4112.6,3427.2,3427.2,99.8,644.1,1118.4,130.7,618.6,3158.8,612.3,1368.9,209.9,162.0,149.2,91.6,48.2,60.1,644.1,12.3,20.8,2.8,11.5,61.0,10.8,26.7,3.5,3.4,2.9,1.8,0.9,1.2,61.0,12.3,16.2,25.2,3.3,15.6,82.8,14.8,35.6,4.6,4.0,3.8,2.3,1.1,1.5,16.2,40.6,41.2,41.2,51.5,41.2,34.3,34.3,0.0,25.7,26.4,72.8,39.7,8.2,4.7,2.3,45.5,73.6,27.2,60.3,91.8,10.6,9.6,28.8,0.0,0.0,0.0,0.0,84.6,88.1,2395.7,24.00,40,39,39,77,116,708,1,74.2,71.5,70.8,61.6,60.2,69.2,65.4,60.7,56.9,57.6,59.8,59.8,67.0,61.4,47.3,46.0,49.0,1.250,1.015,1.100,16.245,8.347,16.249,38.000,6.081,41.396,2.376,2.650,5.033,3.695,2.144,0.449,0.284,20.315,8.472,35.476,40.481,1996.4,2395.7,5146.9,5146.9,5146.2,46.0,21.7,25.3,46.0,84.2,いいえ,いいえ,いいえ,0.417,0.142,1.5,46.0,74.2,40.0,74.0,1.256,12.091,3.440,3.312,5.016,1.064,0.976,3.440,3.344,1.808,1.024,1.120,1.032,1.792,1.096,0.656,1.824,0.264,2033,いいえ,61.9,44.8,1.110,1.110,1.800,1.800,1.005,5.040,0.375,いいえ,いいえ,いいえ,43.2,1.110,1.110,1.800,1.815,1.005,5.040,0.375,いいえ,いいえ,いいえ,37,37,いいえ,はい,15388,14039,128,128,34,100.0,いいえ,いいえ,3868,2528,9990,43,45,53,100.0,100.0,いいえ,いいえ,7032,7744,0.0,0.0,0.0,0.000,0.006,1392,1011,0.0,0.0,0.0,0.000,0.000,181182,133153,0.0,0.0,0.0,0.000,0.036,66345,77729,63.2,0.720,23.000,600.0,2400.0,1200.0,100.0,0.0,0.0,0.0,0.0,0.0,0.0,0.0,0.0,125,2,16.0,86,いいえ,いいえ,いいえ,69.1,70.0,78.9,84.0,1.100,12.179,12.169,12.147,12.230,12.171,1549,1549,148.681,68.062,113.975,23.924,28.534,126.003,11.964,40.469,98.096,101.530,220.000,220.000,2775.0,1281.5,2130.0,2764.6,2235.0,2768.9,1280.3,2224.3,81.0,26.0,0.0,0.0,92.0,25.1,100.0,0.0,0.4,0.0,39,39,はい,いいえ,いいえ,はい,いいえ,いいえ,いいえ,70.2,76.2,0,0,0,0,0,0,0,0,0,0,0,0,0,0,0,0,0,0,0,0,0,0,0,0,0,0,0,0,0,0,980,11302,11026,591,16.0,12.8,15.6,10.8,10.8,10.8,10.8,1.2,1.2,1.2,1.2,1.2,1.2,78.19,92.37,64.01,63.75,92.66,92.66,0.88,30.69,78.14,0.05,101.87,0,0,0.0,0.0,44295,39057,4.9,66.4,0,
19.7.2026,1:0:57.370,27850,6061,82.1,14087,17776,44.2,3.5,2048,71,1.255,1.255,1.255,1.255,1.255,1.255,1.255,3941.2,4112.6,5140.7,4112.6,3427.2,3427.2,3427.2,99.8,671.2,1231.9,104.0,1097.1,1176.0,2562.3,1094.5,278.6,157.3,149.0,65.7,65.8,72.5,671.2,12.7,23.4,1.9,21.3,21.4,49.3,21.3,4.6,2.9,2.9,1.1,1.1,1.3,49.3,12.7,16.9,28.5,2.6,28.4,29.5,66.7,28.4,6.2,3.7,3.8,1.6,1.6,1.8,16.9,39.5,41.2,51.5,41.2,34.3,34.3,34.3,0.0,27.2,29.0,45.0,72.1,9.7,4.4,3.0,46.1,71.0,55.0,27.9,90.3,15.4,16.7,26.7,0.0,0.0,0.0,0.0,80.2,80.2,2395.7,24.00,40,39,39,77,116,708,1,74.1,71.6,69.9,62.0,60.4,66.5,68.7,61.3,56.8,58.0,59.9,59.9,66.8,61.2,47.3,46.0,49.0,1.249,1.015,1.100,16.732,8.240,16.739,40.500,6.061,41.912,2.487,2.784,4.091,4.865,2.280,0.469,0.431,20.902,8.364,35.933,40.944,1996.4,2395.7,5145.3,5145.3,5144.5,46.5,22.3,27.0,46.5,84.3,いいえ,いいえ,いいえ,0.446,0.154,1.6,46.0,74.1,40.0,74.0,1.256,11.986,3.440,3.296,5.016,1.064,0.976,3.440,3.344,1.808,1.024,1.120,1.032,1.792,1.096,0.656,1.824,0.264,2030,いいえ,61.9,44.8,1.110,1.110,1.800,1.800,1.005,5.040,0.375,いいえ,いいえ,いいえ,43.2,1.110,1.110,1.800,1.800,1.005,5.040,0.375,いいえ,いいえ,いいえ,37,37,いいえ,はい,15388,14039,128,128,34,100.0,いいえ,いいえ,3868,2528,9990,43,45,53,100.0,100.0,いいえ,いいえ,7032,7744,0.0,0.0,0.0,0.000,0.006,1392,1011,0.0,0.0,0.0,0.000,0.000,181182,133153,0.0,0.0,0.0,0.000,0.004,66345,77729,63.1,0.720,21.000,600.0,2400.0,1200.0,100.0,0.0,0.0,0.0,0.0,0.0,0.0,0.0,0.0,125,2,16.0,86,いいえ,いいえ,いいえ,69.5,72.0,78.9,84.0,1.100,12.173,12.168,12.140,12.217,12.169,1551,1553,136.696,70.647,119.757,28.084,31.770,134.092,14.043,45.762,96.733,94.933,220.000,220.000,2775.0,1281.5,2130.0,2764.6,2235.0,2765.5,1280.2,2228.2,94.0,59.0,1.0,0.0,92.0,25.3,100.0,0.0,1.2,0.0,39,39,はい,いいえ,いいえ,はい,いいえ,いいえ,いいえ,75.2,70.3,0,0,0,0,0,0,0,0,0,0,0,0,0,0,0,0,0,0,0,0,0,0,0,0,0,0,0,0,0,0,980,11302,11026,591,16.0,1.2,1.2,1.2,1.2,1.2,1.2,1.2,1.2,1.2,1.2,1.2,1.2,824.17,824.17,824.17,824.17,824.17,824.17,815.08,8.19,823.84,0.33,631.68,0,0,0.0,0.0,44295,39057,6.9,293.8,0,
19.7.2026,1:0:59.379,27369,6542,80.7,14118,17745,44.3,3.5,2048,71,1.191,1.170,1.195,1.195,1.195,1.195,1.195,4117.6,3294.1,4941.1,4941.1,4941.1,3294.1,3294.1,99.8,643.2,1237.0,98.3,1067.3,756.9,3087.5,639.6,310.1,181.9,134.4,73.1,65.1,67.1,643.2,12.1,23.9,1.5,21.1,12.8,60.4,12.4,5.1,3.2,2.3,0.9,0.8,0.8,60.4,12.1,16.2,28.9,2.4,27.6,17.7,81.1,16.5,7.1,4.4,3.4,1.8,1.6,1.6,16.2,41.2,33.0,49.5,49.5,49.5,33.0,33.0,0.0,26.1,29.0,36.8,72.7,10.6,4.4,2.9,45.6,67.2,63.2,27.2,86.0,13.9,16.0,28.3,3.8,0.0,0.0,3.4,81.7,81.1,2395.7,24.00,40,39,39,77,116,708,1,73.9,71.3,63.0,61.8,60.3,65.4,69.0,61.4,56.8,58.0,59.8,59.8,67.8,61.3,47.3,46.0,49.0,1.245,1.015,1.100,16.705,8.232,16.721,37.500,6.064,41.922,2.432,2.746,3.786,4.921,2.270,0.456,0.413,20.852,8.355,35.877,40.901,1996.4,2395.7,5131.4,5131.4,5145.5,46.5,22.3,25.0,46.5,83.9,いいえ,いいえ,いいえ,0.449,0.178,1.6,45.0,73.9,40.0,73.0,1.224,12.144,3.440,3.312,5.040,1.064,0.976,3.440,3.344,1.808,1.024,1.120,1.032,1.792,1.096,0.656,1.824,0.264,2030,いいえ,61.9,44.8,1.110,1.110,1.800,1.800,1.005,5.040,0.500,いいえ,いいえ,いいえ,43.2,1.110,1.110,1.800,1.800,1.005,5.040,0.500,いいえ,いいえ,いいえ,37,37,いいえ,はい,15388,14039,128,128,34,100.0,いいえ,いいえ,3868,2528,9990,43,45,53,100.0,100.0,いいえ,いいえ,7032,7744,0.0,0.0,0.0,0.000,0.000,1392,1011,0.0,0.0,0.0,0.000,0.000,181182,133153,0.0,0.0,0.0,0.000,0.002,66345,77729,63.1,0.720,33.000,600.0,2400.0,1200.0,100.0,0.0,0.0,0.0,0.0,0.0,0.0,0.0,0.0,125,2,16.0,86,いいえ,いいえ,いいえ,60.0,68.0,70.5,84.0,1.095,12.301,12.308,12.256,12.330,12.310,1558,1558,150.848,21.076,33.892,7.803,16.741,37.867,3.902,20.651,23.776,23.976,220.000,220.000,2775.0,1281.5,2145.0,2764.1,2235.0,2775.9,1280.6,2233.7,3.0,0.0,1.0,0.0,87.5,25.2,100.0,0.0,0.9,0.0,39,39,はい,いいえ,いいえ,はい,いいえ,いいえ,いいえ,24.8,22.5,0,0,0,0,0,0,0,0,0,0,0,0,0,0,0,0,0,0,0,0,0,0,0,0,0,0,0,0,0,0,1538,10744,10468,591,16.0,3.3,3.3,3.3,3.3,3.3,3.3,3.3,3.3,3.3,3.3,3.3,3.3,304.53,304.53,304.53,304.53,304.53,304.53,300.36,3.68,304.21,0.32,206.92,0,0,0.0,0.0,44295,39058,6.2,218.6,0,
19.7.2026,1:1:1.378,27217,6694,80.2,13895,17968,43.6,3.5,2048,71,1.268,1.260,1.270,1.270,1.270,1.270,1.270,4193.8,5040.9,4092.6,5115.8,4092.6,3410.5,3410.5,99.8,2325.2,2575.3,1989.6,2728.7,3177.1,2372.2,3152.6,2158.2,2158.8,1887.7,1888.0,1896.4,1917.7,2325.2,47.6,47.1,41.6,55.6,64.7,48.3,64.4,44.5,45.0,39.9,39.9,39.9,40.3,64.7,47.6,60.4,60.4,52.3,71.6,83.6,62.2,82.9,56.3,56.7,49.6,49.6,49.8,50.4,60.4,42.0,50.5,41.0,51.2,41.0,34.2,34.2,0.0,57.7,54.1,79.0,72.7,50.4,45.1,45.1,30.6,37.6,21.0,27.3,49.0,25.2,23.5,11.7,8.3,0.0,0.0,0.5,29.7,31.5,2395.7,24.00,40,39,39,77,116,708,1,82.9,80.1,84.4,70.8,66.4,76.5,75.5,71.6,65.8,68.8,61.6,61.6,67.8,61.8,47.4,46.0,49.0,1.213,1.015,1.100,27.745,8.799,27.711,68.500,6.090,55.648,4.881,4.190,6.715,6.259,4.807,3.632,3.684,33.414,8.928,49.041,54.710,1996.4,2395.7,4977.9,4977.9,5004.2,62.2,36.9,45.7,62.2,94.3,いいえ,いいえ,いいえ,10.671,4.996,3.5,46.0,83.0,40.0,83.0,1.272,12.144,3.440,3.328,5.040,1.064,0.976,3.440,3.344,1.808,1.024,1.120,1.040,1.792,1.096,0.656,1.824,0.264,2048,いいえ,61.9,44.8,1.110,1.110,1.800,1.800,1.005,5.040,0.500,いいえ,いいえ,いいえ,43.5,1.095,1.110,1.800,1.800,1.005,5.040,1.000,いいえ,いいえ,いいえ,37,37,いいえ,はい,15388,14039,128,128,34,100.0,いいえ,いいえ,3868,2528,9990,43,45,53,100.0,100.0,いいえ,いいえ,7032,7744,0.0,28.6,28.6,0.000,0.016,1392,1011,0.0,0.0,0.0,0.000,0.000,181182,133153,0.0,0.1,0.1,0.000,0.335,66345,77729,63.5,0.720,19.000,600.0,2400.0,1200.0,100.0,0.0,0.0,0.0,0.0,0.0,0.0,0.0,0.0,125,2,16.0,86,いいえ,いいえ,いいえ,55.5,64.0,67.0,84.0,0.925,12.317,12.328,12.268,12.342,12.330,1564,1563,46.788,10.800,10.331,4.216,13.998,12.441,2.108,16.122,13.483,13.696,220.000,220.000,810.0,625.2,1995.0,2775.0,1995.0,810.1,624.8,1994.5,8.0,2.0,1.0,2.0,24.8,18.5,73.0,0.0,1.0,0.0,39,39,はい,いいえ,いいえ,いいえ,いいえ,はい,いいえ,12.0,12.1,0,0,0,0,0,0,0,0,0,0,0,0,0,0,0,0,0,0,0,0,0,0,0,0,0,0,0,0,0,0,9232,3050,2774,591,16.0,17.4,17.4,17.4,17.4,17.4,17.4,1.3,1.3,1.3,1.3,1.3,1.3,57.63,57.63,57.63,57.63,57.63,57.63,0.18,0.22,57.48,0.15,500.44,0,0,0.0,0.0,44295,39058,6.8,216.1,0,
19.7.2026,1:1:3.380,28014,5897,82.6,13768,18095,43.2,3.5,2048,71,1.246,1.250,1.245,1.245,1.245,1.245,1.245,4055.5,4112.6,4112.6,5140.7,4112.6,3427.2,3427.2,99.8,751.3,1607.7,190.8,648.5,1992.2,1334.8,2052.3,366.6,352.9,162.5,136.7,90.4,80.5,751.3,14.2,28.8,3.6,12.3,38.3,25.2,39.7,5.8,7.1,3.1,2.8,1.7,1.6,39.7,14.2,18.8,37.1,4.7,16.5,51.5,34.2,53.0,8.0,8.7,4.1,3.4,2.1,1.9,18.8,40.6,41.2,41.2,51.5,41.2,34.3,34.3,0.0,30.1,35.3,52.4,66.9,16.1,6.3,3.9,51.9,64.7,47.6,33.1,83.9,37.4,45.0,17.9,0.0,0.0,0.1,0.0,56.3,51.1,2395.7,24.00,40,39,39,77,116,708,1,80.9,74.1,70.8,64.3,62.3,69.2,70.9,63.8,59.2,60.6,61.1,61.1,67.2,61.6,47.5,46.0,49.0,1.252,1.015,1.100,19.110,8.391,19.129,42.000,6.099,45.482,3.052,3.196,4.718,5.323,2.877,1.109,1.089,23.956,8.516,39.181,44.267,1996.4,2395.7,5122.9,5122.9,5125.4,50.3,25.5,28.0,50.3,87.2,いいえ,いいえ,いいえ,1.304,0.888,1.8,46.0,80.9,40.0,80.0,1.264,12.091,3.440,3.296,5.016,1.064,0.976,3.440,3.344,1.808,1.024,1.120,1.032,1.792,1.096,0.656,1.824,0.264,2045,いいえ,61.9,45.0,1.110,1.110,1.800,1.800,1.005,5.040,0.250,いいえ,いいえ,いいえ,43.5,1.110,1.110,1.800,1.800,1.005,5.040,0.375,いいえ,いいえ,いいえ,37,37,いいえ,はい,15388,14039,128,128,34,100.0,いいえ,いいえ,3868,2528,9990,43,45,53,100.0,100.0,いいえ,いいえ,7032,7744,0.0,0.0,0.0,0.000,0.000,1392,1011,0.0,0.0,0.0,0.000,0.000,181182,133153,0.0,0.0,0.0,0.000,0.004,66345,77729,63.6,0.720,21.000,600.0,2400.0,1200.0,100.0,0.0,0.0,0.0,0.0,0.0,0.0,0.0,0.0,125,2,16.0,86,いいえ,いいえ,いいえ,61.4,68.0,70.4,84.0,1.095,12.264,12.268,12.223,12.297,12.269,1549,1547,129.822,29.233,55.024,11.924,19.789,61.127,5.963,25.700,26.059,28.281,220.000,220.000,2775.0,1281.5,2145.0,2758.2,2235.0,2774.8,1280.2,2234.7,89.0,48.0,0.0,0.0,92.0,25.2,100.0,0.0,0.6,0.0,38,38,はい,いいえ,いいえ,はい,いいえ,いいえ,いいえ,36.7,25.9,0,0,0,0,0,0,0,0,0,0,0,0,0,0,0,0,0,0,0,0,0,0,0,0,0,0,0,0,0,0,980,11302,11026,591,16.0,0.5,0.5,0.5,0.5,0.5,0.5,0.5,0.5,0.5,0.5,0.5,0.5,1860.61,1860.61,1860.61,1860.61,1860.61,1860.61,746.58,1114.10,1860.36,0.25,1690.99,0,0,0.0,0.0,44295,39058,5.8,89.3,0,
19.7.2026,1:1:5.367,27928,5983,82.3,13850,18013,43.4,3.5,2048,71,1.251,1.255,1.250,1.250,1.250,1.250,1.250,4283.9,4112.6,4112.6,5140.7,4112.6,4112.6,4112.6,99.8,694.6,1419.4,112.8,410.1,1004.5,961.2,3558.4,268.4,225.9,153.4,85.7,61.2,73.7,694.6,13.5,27.4,2.8,8.5,17.8,18.2,69.6,5.1,4.8,2.9,1.4,1.0,2.0,69.6,13.5,17.5,33.6,2.7,10.2,24.0,25.0,93.8,5.9,5.3,3.8,2.1,1.4,1.8,17.5,42.9,41.2,41.2,51.5,41.2,41.2,41.2,0.0,28.0,32.3,29.4,87.3,10.9,5.0,3.0,46.6,67.7,70.6,12.7,89.1,19.0,20.6,25.4,0.0,0.0,0.0,0.0,76.0,76.4,2395.7,24.00,40,39,39,77,116,708,1,78.6,72.5,69.8,62.8,61.2,65.2,71.5,62.3,57.6,58.8,60.3,60.3,67.8,61.5,47.5,46.0,49.0,1.255,1.015,1.100,17.293,8.423,17.289,38.000,6.106,42.903,2.639,2.959,3.605,5.616,2.451,0.636,0.571,21.722,8.549,36.988,41.996,1996.4,2395.7,5148.2,5148.2,5146.6,47.7,23.1,25.3,47.7,85.3,いいえ,いいえ,いいえ,0.669,0.247,1.7,46.0,78.6,40.0,78.0,1.256,12.144,3.440,3.296,5.016,1.064,0.976,3.440,3.344,1.808,1.024,1.120,1.032,1.792,1.096,0.656,1.824,0.264,2051,いいえ,61.9,45.0,1.110,1.110,1.800,1.800,1.005,5.040,0.375,いいえ,いいえ,いいえ,43.5,1.110,1.110,1.800,1.800,1.005,5.040,0.375,いいえ,いいえ,いいえ,37,37,いいえ,はい,15388,14039,128,128,34,100.0,いいえ,いいえ,3868,2528,9990,43,45,53,100.0,100.0,いいえ,いいえ,7032,7744,0.0,0.1,0.1,0.000,0.006,1392,1011,0.0,0.0,0.0,0.000,0.000,181182,133153,0.0,0.0,0.0,0.000,0.004,66345,77730,63.4,0.720,20.000,600.0,2400.0,1200.0,100.0,0.0,0.0,0.0,0.0,0.0,0.0,0.0,0.0,125,2,16.0,86,いいえ,いいえ,いいえ,68.7,70.0,78.1,84.0,1.100,12.174,12.160,12.154,12.220,12.161,1546,1544,148.622,68.916,120.291,21.426,26.508,131.146,10.714,37.183,104.050,100.005,220.000,220.000,2775.0,1281.5,2130.0,2764.6,2235.0,2768.1,1279.5,2224.1,95.0,36.0,1.0,0.0,92.0,25.2,100.0,0.0,1.0,0.0,38,38,はい,いいえ,いいえ,はい,いいえ,いいえ,いいえ,71.6,75.7,0,0,0,0,0,0,0,0,0,0,0,0,0,0,0,0,0,0,0,0,0,0,0,0,0,0,0,0,0,0,980,11302,11026,591,16.0,3.1,3.1,3.1,3.1,3.1,3.1,2.9,2.9,2.9,2.9,2.9,2.9,326.62,326.62,326.62,326.62,326.62,326.62,321.31,4.70,326.19,0.44,156.31,0,0,0.0,0.0,44295,39059,6.6,158.6,0,
19.7.2026,1:1:7.379,27845,6066,82.1,13942,17921,43.7,3.5,2048,71,1.255,1.255,1.270,1.270,1.245,1.245,1.245,4169.7,4112.6,4112.6,5140.7,4112.6,3427.2,4112.6,99.8,644.3,1117.8,99.7,765.8,1891.8,540.9,2531.4,183.8,219.0,170.0,70.5,62.8,78.2,644.3,12.4,21.2,1.8,14.5,35.6,11.0,48.7,3.5,3.5,4.0,1.9,1.9,1.3,48.7,12.4,16.2,25.7,2.4,19.6,48.6,14.0,66.0,4.4,4.8,4.3,1.7,1.5,1.9,16.2,41.8,41.2,41.2,51.5,41.2,34.3,41.2,0.0,26.1,26.7,52.2,60.3,9.1,5.1,3.1,46.5,73.3,47.8,39.6,90.9,12.7,14.5,27.4,0.0,0.0,0.1,0.0,82.2,82.3,2395.7,24.00,40,39,39,77,116,708,1,76.9,71.5,71.2,61.8,60.2,66.9,67.6,61.1,57.1,57.9,59.9,59.9,67.0,61.5,47.5,46.0,49.0,1.250,1.015,1.100,16.312,8.378,16.307,36.500,6.093,41.507,2.402,2.692,4.220,4.440,2.210,0.473,0.376,20.398,8.504,35.604,40.598,1996.4,2395.7,5148.3,5148.3,5148.1,46.1,21.7,24.3,46.1,84.1,いいえ,いいえ,いいえ,0.443,0.138,1.6,46.0,76.9,40.0,76.0,1.280,12.144,3.440,3.312,5.040,1.064,0.976,3.440,3.344,1.808,1.024,1.120,1.032,1.792,1.096,0.656,1.824,0.264,2048,いいえ,61.9,44.8,1.110,1.110,1.800,1.800,1.005,5.040,0.500,いいえ,いいえ,いいえ,43.5,1.110,1.110,1.800,1.815,1.005,5.040,0.250,いいえ,いいえ,いいえ,37,37,いいえ,はい,15388,14039,128,128,34,100.0,いいえ,いいえ,3868,2528,9990,43,45,53,100.0,100.0,いいえ,いいえ,7032,7744,0.0,0.1,0.1,0.000,0.006,1392,1011,0.0,0.0,0.0,0.000,0.000,181182,133153,0.0,0.0,0.0,0.000,0.028,66345,77730,63.3,0.720,17.000,600.0,2400.0,1200.0,100.0,0.0,0.0,0.0,0.0,0.0,0.0,0.0,0.0,125,2,16.0,86,いいえ,いいえ,いいえ,67.8,70.0,77.0,84.0,1.100,12.176,12.172,12.137,12.223,12.173,1546,1544,148.746,73.627,114.069,26.997,30.987,127.795,13.512,44.455,131.878,99.322,220.000,220.000,2775.0,1281.5,2130.0,2764.0,2235.0,2770.3,1280.1,2225.1,80.0,21.0,1.0,0.0,92.0,25.2,100.0,0.0,1.0,0.0,38,38,はい,いいえ,いいえ,はい,いいえ,いいえ,いいえ,72.1,86.0,0,0,0,0,0,0,0,0,0,0,0,0,0,0,0,0,0,0,0,0,0,0,0,0,0,0,0,0,0,0,980,11302,11026,591,16.0,7.5,16.0,3.3,3.2,3.2,3.2,2.7,5.9,1.6,1.5,1.5,1.5,133.63,305.46,62.41,62.40,311.90,311.90,1.42,35.16,133.58,0.05,73.15,0,0,0.0,0.0,44295,39059,6.3,147.1,0,
19.7.2026,1:1:9.372,27847,6064,82.1,13955,17908,43.7,3.5,2048,71,1.267,1.255,1.270,1.270,1.270,1.270,1.270,4169.7,4112.6,5140.7,4112.6,4112.6,4112.6,3427.2,99.8,650.3,1105.7,95.1,2844.9,1263.1,933.8,790.2,191.7,201.1,188.7,57.3,63.0,69.0,650.3,12.2,21.3,1.2,55.5,23.4,18.5,13.7,3.9,3.4,3.3,1.1,0.7,0.6,55.5,12.2,16.4,25.5,2.3,74.8,32.6,24.2,18.8,4.6,4.4,4.8,1.3,1.5,1.7,16.4,41.8,41.2,51.5,41.2,41.2,41.2,34.3,0.0,26.3,26.4,79.2,35.1,8.7,5.3,2.9,46.7,73.6,20.8,64.9,91.3,14.5,14.8,27.1,0.0,0.0,0.0,0.0,80.2,82.3,2395.7,24.00,40,39,39,77,116,708,1,75.8,71.9,73.8,61.8,60.1,70.1,65.0,60.8,57.0,57.9,59.9,59.9,67.0,61.4,47.5,46.0,49.0,1.251,1.015,1.100,16.596,8.227,16.597,38.500,6.127,41.782,2.437,2.666,5.306,3.546,2.190,0.521,0.393,20.771,8.351,35.862,40.863,1996.4,2395.7,5148.6,5148.6,5146.1,46.4,22.1,25.7,46.4,84.6,いいえ,いいえ,いいえ,0.384,0.138,1.6,46.0,75.8,40.0,75.0,1.256,12.038,3.440,3.296,5.016,1.064,0.976,3.440,3.344,1.808,1.024,1.120,1.032,1.792,1.096,0.656,1.824,0.264,2054,いいえ,61.9,44.8,1.110,1.110,1.800,1.800,1.005,5.040,0.250,いいえ,いいえ,いいえ,43.5,1.110,1.110,1.800,1.800,1.005,5.040,0.250,いいえ,いいえ,いいえ,37,37,いいえ,はい,15388,14039,128,128,34,100.0,いいえ,いいえ,3868,2528,9990,43,45,53,100.0,100.0,いいえ,いいえ,7032,7744,0.0,0.0,0.0,0.000,0.006,1392,1011,0.0,0.0,0.0,0.000,0.000,181182,133153,0.0,0.0,0.0,0.000,0.018,66345,77730,63.3,0.720,32.000,600.0,2400.0,1200.0,100.0,0.0,0.0,0.0,0.0,0.0,0.0,0.0,0.0,125,2,16.0,86,いいえ,いいえ,いいえ,68.6,72.0,78.0,84.0,1.100,12.155,12.150,12.116,12.204,12.150,1546,1544,150.617,77.903,124.841,30.447,33.524,140.202,15.224,48.754,127.337,102.894,220.000,220.000,2775.0,1281.5,2130.0,2764.5,2235.0,2763.3,1280.2,2225.4,80.0,22.0,0.0,0.0,92.0,25.2,100.0,0.0,1.0,0.0,38,38,はい,いいえ,いいえ,はい,いいえ,いいえ,いいえ,78.9,70.6,0,0,0,0,0,0,0,0,0,0,0,0,0,0,0,0,0,0,0,0,0,0,0,0,0,0,0,0,0,0,980,11302,11026,591,16.0,2.0,96.6,1.0,1.0,1.0,1.0,2.0,37.7,1.0,1.0,1.0,1.0,500.82,991.29,10.35,1.34,1001.30,1001.30,1.69,157.76,500.82,0.00,992.19,0,0,0.0,0.0,44295,39059,6.6,252.8,0,
19.7.2026,1:1:11.380,27853,6058,82.1,13979,17884,43.8,3.5,2048,71,1.251,1.255,1.250,1.250,1.250,1.250,1.250,4055.5,4112.6,5140.7,4112.6,4112.6,3427.2,3427.2,99.8,643.7,1064.2,129.8,3573.0,829.8,667.7,669.5,166.3,218.2,157.2,93.2,75.1,80.7,643.7,12.3,19.3,3.2,69.7,15.9,13.1,11.1,2.9,3.5,3.7,1.6,2.1,2.1,69.7,12.3,16.2,23.7,3.2,94.1,21.2,17.1,15.6,3.9,4.9,4.0,2.3,1.8,1.9,16.2,40.6,41.2,51.5,41.2,41.2,34.3,34.3,0.0,25.9,25.2,85.3,27.6,8.6,5.3,3.5,48.0,74.8,14.7,72.4,91.4,17.5,17.2,26.1,0.0,0.0,0.0,0.0,77.1,79.3,2395.7,24.00,40,39,39,77,116,708,1,74.9,71.6,71.8,61.7,60.1,70.5,64.0,60.7,57.1,57.9,59.9,59.9,67.0,61.4,47.5,46.0,49.0,1.250,1.015,1.100,16.422,8.237,16.428,38.500,6.108,41.583,2.411,2.628,5.419,3.221,2.167,0.573,0.457,20.538,8.360,35.616,40.626,1996.4,2395.7,5147.5,5147.5,5147.0,46.2,21.9,25.7,46.2,84.2,いいえ,いいえ,いいえ,0.399,0.142,1.6,46.0,74.9,40.0,74.0,1.264,12.091,3.440,3.296,5.016,1.064,0.976,3.440,3.344,1.808,1.024,1.120,1.032,1.792,1.096,0.656,1.824,0.264,2054,いいえ,61.9,44.8,1.110,1.110,1.800,1.800,1.005,5.040,0.250,いいえ,いいえ,いいえ,43.5,1.110,1.110,1.800,1.800,1.005,5.040,0.375,いいえ,いいえ,いいえ,37,37,いいえ,はい,15388,14039,128,128,34,100.0,いいえ,いいえ,3868,2528,9990,43,45,53,100.0,100.0,いいえ,いいえ,7032,7744,0.0,0.1,0.1,0.000,0.010,1392,1011,0.0,0.0,0.0,0.000,0.000,181182,133153,0.0,0.0,0.0,0.000,0.012,66345,77730,63.3,0.720,17.000,600.0,2400.0,1200.0,100.0,0.0,0.0,0.0,0.0,0.0,0.0,0.0,0.0,125,2,16.0,86,いいえ,いいえ,いいえ,69.4,70.0,79.0,84.0,1.100,12.190,12.186,12.156,12.232,12.187,1546,1549,154.750,58.167,109.979,23.762,28.481,122.171,11.870,40.298,30.521,98.254,220.000,220.000,2775.0,1281.5,2130.0,2764.1,2235.0,2770.2,1280.1,2227.4,89.0,51.0,1.0,0.0,92.0,25.2,100.0,0.0,0.7,0.0,38,38,はい,いいえ,いいえ,はい,いいえ,いいえ,いいえ,68.3,63.8,0,0,0,0,0,0,0,0,0,0,0,0,0,0,0,0,0,0,0,0,0,0,0,0,0,0,0,0,0,0,980,11302,11026,581,16.0,7.7,17.2,3.0,2.9,2.9,2.9,1.2,1.2,1.2,1.2,1.2,1.2,129.33,334.19,57.98,57.83,343.11,343.11,1.30,15.02,129.28,0.05,137.66,0,0,0.0,0.0,44295,39060,6.1,187.1,0,
19.7.2026,1:1:13.367,27849,6062,82.1,14040,17823,44.0,3.5,2048,71,1.254,1.250,1.255,1.255,1.255,1.255,1.255,4283.9,4112.6,5140.7,4112.6,4112.6,4112.6,4112.6,99.8,648.0,1086.3,115.6,1042.4,3238.7,524.9,1006.5,173.9,211.3,183.2,65.0,46.7,82.0,648.0,12.5,20.8,2.5,20.0,62.8,10.6,18.3,3.7,3.8,3.3,1.4,1.1,1.9,62.8,12.5,16.3,24.8,2.8,26.9,84.9,13.5,24.5,4.2,4.6,4.7,1.5,1.1,2.0,16.3,42.9,41.2,51.5,41.2,41.2,41.2,41.2,0.0,26.0,25.9,82.2,31.3,8.7,5.3,2.8,46.4,74.1,17.8,68.7,91.3,13.3,13.3,27.6,0.0,0.0,0.0,0.0,81.4,83.9,2395.7,24.00,40,39,39,77,116,708,1,74.4,71.6,72.2,61.7,60.1,70.2,64.5,60.7,57.0,57.7,59.8,59.8,67.5,61.4,47.5,46.0,49.0,1.250,1.015,1.100,16.417,8.188,16.412,41.000,6.135,41.492,2.409,2.639,5.344,3.439,2.172,0.499,0.363,20.524,8.311,35.583,40.579,1996.4,2395.7,5146.7,5146.7,5146.0,46.1,21.9,27.3,46.1,84.3,いいえ,いいえ,いいえ,0.446,0.147,1.6,46.0,74.4,40.0,74.0,1.256,12.091,3.440,3.296,5.016,1.064,0.976,3.440,3.344,1.808,1.024,1.120,1.032,1.792,1.096,0.656,1.824,0.264,2057,いいえ,61.9,44.8,1.110,1.110,1.800,1.800,1.005,5.040,0.750,いいえ,いいえ,いいえ,43.5,1.110,1.110,1.800,1.800,1.005,5.040,0.250,いいえ,いいえ,いいえ,37,37,いいえ,はい,15388,14039,128,128,34,100.0,いいえ,いいえ,3868,2528,9990,43,45,53,100.0,100.0,いいえ,いいえ,7032,7744,0.0,0.0,0.0,0.000,0.004,1392,1011,0.0,0.0,0.0,0.000,0.000,181182,133153,0.0,0.0,0.0,0.000,0.008,66345,77730,63.3,0.720,18.000,600.0,2400.0,1200.0,100.0,0.0,0.0,0.0,0.0,0.0,0.0,0.0,0.0,125,2,16.0,86,いいえ,いいえ,いいえ,67.8,70.0,77.0,84.0,1.100,12.184,12.177,12.152,12.228,12.179,1549,1549,148.209,54.598,114.805,24.038,28.727,127.075,12.020,40.695,25.846,63.575,220.000,220.000,2775.0,1281.5,2130.0,2764.6,2235.0,2765.4,1279.3,2225.1,93.0,38.0,2.0,0.0,92.0,25.2,100.0,0.0,0.9,0.0,38,38,はい,いいえ,いいえ,はい,いいえ,いいえ,いいえ,70.7,57.8,0,0,0,0,0,0,0,0,0,0,0,0,0,0,0,0,0,0,0,0,0,0,0,0,0,0,0,0,0,0,980,11302,11026,589,16.0,3.1,3.1,3.1,3.1,3.1,3.1,3.0,3.0,3.0,3.0,3.0,3.0,320.11,320.11,320.11,320.11,320.11,320.11,315.85,3.29,319.84,0.27,344.03,0,0,0.0,0.0,44295,39060,6.5,186.3,0,
19.7.2026,1:1:15.367,27852,6059,82.1,14075,17788,44.1,3.5,2048,71,1.261,1.255,1.260,1.260,1.260,1.265,1.265,4341.1,4112.6,5140.7,5140.7,4112.6,3427.2,4112.6,99.8,670.3,1241.7,125.9,589.7,3688.9,479.5,1183.4,183.5,229.2,137.1,57.3,41.1,86.7,670.3,12.7,23.7,2.5,10.8,71.9,8.8,21.0,3.7,3.9,3.6,0.3,0.0,1.8,71.9,12.7,16.8,28.5,3.1,14.9,97.1,12.3,28.8,4.5,5.0,3.4,1.3,1.0,2.1,16.8,43.5,41.2,51.5,51.5,41.2,34.3,41.2,0.0,26.8,29.4,81.0,34.1,9.2,4.1,2.8,46.4,70.6,19.0,65.9,90.8,15.4,16.8,26.8,0.0,0.0,0.0,0.0,80.6,80.4,2395.7,24.00,40,39,39,77,116,708,1,74.5,72.3,73.2,62.0,60.4,70.6,65.1,60.9,56.8,57.9,59.9,59.9,66.8,61.1,47.5,46.0,49.0,1.252,1.015,1.100,16.795,8.089,16.789,40.000,6.113,41.863,2.508,2.836,5.456,3.633,2.265,0.448,0.411,21.035,8.210,35.969,40.963,1996.4,2395.7,5147.2,5147.2,5144.2,46.5,22.4,26.7,46.5,85.0,いいえ,いいえ,いいえ,0.434,0.150,1.6,46.0,74.5,40.0,74.0,1.256,12.091,3.440,3.312,5.016,1.064,0.976,3.440,3.344,1.808,1.024,1.120,1.032,1.792,1.096,0.656,1.824,0.264,2051,いいえ,61.9,45.0,1.110,1.110,1.800,1.800,1.005,5.040,0.250,いいえ,いいえ,いいえ,43.5,1.110,1.110,1.800,1.800,1.005,5.040,0.250,いいえ,いいえ,いいえ,37,37,いいえ,はい,15388,14039,128,128,34,100.0,いいえ,いいえ,3868,2528,9990,43,45,53,100.0,100.0,いいえ,いいえ,7032,7744,0.0,0.0,0.0,0.000,0.004,1392,1011,0.0,0.0,0.0,0.000,0.000,181182,133153,0.0,0.0,0.0,0.000,0.004,66345,77730,63.2,0.720,45.000,600.0,2400.0,1200.0,100.0,0.0,0.0,0.0,0.0,0.0,0.0,0.0,0.0,125,2,16.0,86,いいえ,いいえ,いいえ,68.1,70.0,77.2,84.0,1.100,12.162,12.160,12.120,12.210,12.159,1549,1549,148.695,74.612,114.755,29.378,32.809,129.586,14.688,47.478,133.199,95.006,220.000,220.000,2775.0,1281.5,2130.0,2764.3,2235.0,2765.1,1280.3,2224.5,83.0,44.0,0.0,1.0,92.0,25.2,100.0,0.0,0.9,0.0,38,38,はい,いいえ,いいえ,はい,いいえ,いいえ,いいえ,73.7,74.4,0,0,0,0,0,0,0,0,0,0,0,0,0,0,0,0,0,0,0,0,0,0,0,0,0,0,0,0,0,0,980,11302,11026,590,16.0,3.1,3.1,3.1,3.1,3.1,3.1,3.0,3.0,3.0,3.0,3.0,3.0,320.11,320.11,320.11,320.11,320.11,320.11,315.85,3.29,319.84,0.27,344.03,0,0,0.0,0.0,44295,39061,9.8,193.3,0,
19.7.2026,1:1:17.385,27853,6058,82.1,14155,17708,44.4,3.5,2048,71,1.250,1.250,1.250,1.250,1.250,1.250,1.250,4226.8,4112.6,5140.7,5140.7,4112.6,3427.2,3427.2,99.8,670.1,1244.3,108.0,895.5,2214.4,1900.4,889.2,195.4,250.5,133.3,82.8,74.3,52.8,670.1,12.6,23.1,1.8,16.9,41.9,37.8,15.6,3.6,4.0,2.5,1.3,2.1,0.7,41.9,12.6,16.8,28.7,2.6,23.0,57.2,49.9,21.7,4.8,5.6,3.3,2.0,1.8,1.2,16.8,42.3,41.2,51.5,51.5,41.2,34.3,34.3,0.0,27.0,29.0,60.3,55.4,9.9,4.6,2.9,45.6,71.0,39.7,44.6,90.1,13.7,14.8,27.3,0.0,0.0,0.0,0.0,81.8,82.3,2395.7,24.00,40,39,39,77,116,708,1,74.2,71.9,72.2,62.0,60.3,68.3,67.3,61.3,56.8,57.9,59.8,59.8,67.2,61.2,47.5,46.0,49.0,1.251,1.015,1.100,16.993,8.166,16.996,38.500,6.103,42.202,2.513,2.829,4.706,4.388,2.309,0.454,0.394,21.266,8.288,36.267,41.275,1996.4,2395.7,5144.7,5144.7,5144.9,46.9,22.7,25.7,46.9,84.6,いいえ,いいえ,いいえ,0.483,0.165,1.6,46.0,74.2,40.0,74.0,1.256,12.144,3.440,3.312,5.040,1.064,0.976,3.440,3.344,1.808,1.024,1.120,1.032,1.792,1.096,0.656,1.824,0.264,2048,いいえ,61.9,44.8,1.110,1.110,1.815,1.800,1.005,5.040,1.000,いいえ,いいえ,いいえ,43.5,1.110,1.110,1.800,1.800,1.005,5.040,0.250,いいえ,いいえ,いいえ,37,37,いいえ,はい,15388,14039,128,128,34,100.0,いいえ,いいえ,3868,2528,9990,43,45,53,100.0,100.0,いいえ,いいえ,7032,7744,0.0,0.2,0.2,0.000,0.016,1392,1011,0.0,0.0,0.0,0.000,0.000,181182,133153,0.0,0.0,0.0,0.000,0.036,66345,77730,63.3,0.720,12.000,600.0,2400.0,1200.0,100.0,0.0,0.0,0.0,0.0,0.0,0.0,0.0,0.0,125,2,16.0,86,いいえ,いいえ,いいえ,62.5,70.0,71.8,84.0,1.100,12.299,12.307,12.255,12.327,12.306,1549,1549,143.476,22.346,37.288,7.753,16.741,41.173,3.876,20.625,24.452,26.858,220.000,220.000,2775.0,1281.5,2130.0,2764.5,2235.0,2774.4,1280.3,2228.6,64.0,17.0,0.0,0.0,86.8,25.2,100.0,0.0,0.6,0.0,39,39,はい,いいえ,いいえ,はい,いいえ,いいえ,いいえ,26.3,24.1,0,0,0,0,0,0,0,0,0,0,0,0,0,0,0,0,0,0,0,0,0,0,0,0,0,0,0,0,0,0,1616,10666,10390,590,16.0,5.3,5.3,5.3,5.3,5.3,5.3,6.0,6.0,6.0,6.0,6.0,6.0,188.07,188.07,188.07,188.07,188.07,188.07,184.57,3.73,187.84,0.23,640.18,0,0,0.0,0.0,44295,39061,5.6,146.2,0,
19.7.2026,1:1:19.368,27663,6247,81.5,13715,18148,43.0,3.5,2048,71,1.279,1.275,1.280,1.280,1.280,1.280,1.280,4455.3,5140.7,4112.6,5140.7,4112.6,4112.6,4112.6,99.8,1868.7,2071.8,1567.1,2082.5,2333.1,2670.7,2427.9,1631.0,1699.1,1487.4,1484.6,1483.1,1485.9,1868.7,38.2,39.7,32.5,42.5,47.2,54.1,49.0,33.7,35.0,31.0,31.6,30.9,30.9,54.1,38.2,48.6,50.4,41.1,54.5,60.9,70.2,63.5,42.7,44.2,39.1,39.0,39.0,39.0,48.6,44.6,51.5,41.2,51.5,41.2,41.2,41.2,0.0,48.0,44.3,61.0,73.7,40.4,34.7,34.1,35.8,46.3,39.0,26.3,54.3,26.0,22.8,16.2,9.4,0.0,0.0,5.3,39.3,43.1,2395.7,24.00,40,39,39,77,116,708,1,82.6,78.5,76.1,68.8,65.0,72.8,75.0,69.3,63.8,66.6,61.2,61.2,67.8,61.4,47.7,46.0,49.0,1.213,1.015,1.100,24.812,8.714,24.803,68.000,6.098,52.068,4.279,3.797,5.531,6.317,4.122,2.951,2.957,29.899,8.842,45.448,51.002,1996.4,2395.7,4991.3,4991.3,5026.2,58.0,33.1,45.3,58.0,92.3,いいえ,いいえ,いいえ,8.355,4.164,2.9,46.0,82.6,40.0,82.0,1.224,12.144,3.440,3.312,5.040,1.064,0.976,3.440,3.344,1.808,1.024,1.120,1.032,1.792,1.104,0.656,1.824,0.264,2061,いいえ,61.9,45.0,1.110,1.110,1.815,1.800,1.005,5.040,0.375,いいえ,いいえ,いいえ,43.5,1.110,1.110,1.815,1.800,1.005,5.040,2.125,いいえ,いいえ,いいえ,37,37,いいえ,はい,15388,14039,128,128,34,100.0,いいえ,いいえ,3868,2528,9990,43,45,53,100.0,100.0,いいえ,いいえ,7032,7744,0.0,0.0,0.0,0.000,0.004,1392,1011,0.0,0.0,0.0,0.000,0.000,181182,133153,0.0,0.1,0.1,0.000,0.103,66345,77730,63.5,0.720,27.000,600.0,2400.0,1200.0,100.0,0.0,0.0,0.0,0.0,0.0,0.0,0.0,0.0,125,2,16.0,86,いいえ,いいえ,いいえ,56.1,66.0,67.7,84.0,0.925,12.310,12.323,12.261,12.335,12.322,1560,1558,47.861,11.547,11.766,4.140,13.904,13.827,2.070,15.976,13.531,17.165,220.000,220.000,855.0,625.2,1995.0,2775.0,1995.0,855.1,624.5,1994.8,13.0,1.0,1.0,2.0,87.5,14.8,58.0,0.0,1.1,0.0,38,38,はい,いいえ,いいえ,いいえ,いいえ,はい,いいえ,12.6,11.6,0,0,0,0,0,0,0,0,0,0,0,0,0,0,0,0,0,0,0,0,0,0,0,0,0,0,0,0,0,0,1538,10744,10468,590,16.0,7.3,17.5,2.1,2.0,2.0,2.0,2.8,4.9,2.0,2.0,2.0,2.0,137.15,482.15,57.13,57.13,500.75,500.75,0.96,33.63,137.05,0.11,272.37,0,0,0.0,0.0,44295,39061,6.8,208.0,0,
19.7.2026,1:1:21.379,28040,5871,82.6,13772,18091,43.2,3.5,2048,71,1.254,1.260,1.250,1.250,1.255,1.255,1.255,4055.5,4112.6,4112.6,5140.7,4112.6,3427.2,3427.2,99.8,1170.0,2189.1,611.0,1518.5,1613.2,3025.1,1441.0,768.4,904.2,487.4,487.7,513.7,480.6,1170.0,22.7,38.8,11.9,30.3,30.6,60.0,27.6,15.5,16.9,10.0,9.9,10.6,9.9,60.0,22.7,29.6,50.6,15.6,39.5,40.4,79.5,36.8,19.7,22.1,12.6,12.6,13.3,12.4,29.6,40.6,41.2,41.2,51.5,41.2,34.3,34.3,0.0,38.9,46.2,53.9,78.6,25.9,14.4,14.4,47.1,53.3,46.1,21.4,74.1,38.0,49.3,14.1,0.5,0.0,0.0,0.0,47.6,36.3,2395.7,24.00,40,39,39,77,116,708,1,81.4,75.6,70.2,66.5,64.2,70.3,73.6,66.3,60.9,63.3,61.5,61.5,67.2,61.5,47.8,46.0,49.0,1.250,1.015,1.100,21.528,8.507,21.542,46.000,6.117,48.623,3.682,3.770,5.013,6.013,3.535,1.770,1.989,26.880,8.633,42.241,47.459,1996.4,2395.7,5101.7,5101.7,5104.2,53.9,28.7,30.7,53.9,89.0,いいえ,いいえ,いいえ,3.422,1.757,2.3,46.0,81.4,40.0,81.0,1.280,12.091,3.440,3.296,5.016,1.064,0.976,3.440,3.344,1.808,1.024,1.120,1.032,1.792,1.096,0.656,1.824,0.264,2061,いいえ,61.9,45.0,1.110,1.110,1.815,1.800,0.990,5.040,0.750,いいえ,いいえ,いいえ,43.5,1.110,1.110,1.815,1.800,1.005,5.040,0.250,いいえ,いいえ,いいえ,37,37,いいえ,はい,15388,14039,128,128,34,100.0,いいえ,いいえ,3868,2528,9990,43,45,53,100.0,100.0,いいえ,いいえ,7032,7744,0.0,0.0,0.0,0.000,0.004,1392,1011,0.0,0.0,0.0,0.000,0.000,181182,133153,0.0,0.0,0.0,0.000,0.240,66345,77730,63.8,0.720,18.000,600.0,2400.0,1200.0,100.0,0.0,0.0,0.0,0.0,0.0,0.0,0.0,0.0,125,2,16.0,86,いいえ,いいえ,いいえ,68.1,70.0,77.8,84.0,1.100,12.161,12.158,12.125,12.206,12.156,1544,1544,95.428,66.642,126.634,29.373,32.798,141.579,14.684,47.453,26.730,113.885,220.000,220.000,2775.0,1281.5,2130.0,2213.4,2235.0,2764.5,1279.8,2225.2,92.0,57.0,0.0,0.0,92.7,25.2,100.0,0.0,0.7,0.0,38,38,はい,いいえ,いいえ,はい,いいえ,いいえ,いいえ,79.1,71.7,0,0,0,0,0,0,0,0,0,0,0,0,0,0,0,0,0,0,0,0,0,0,0,0,0,0,0,0,0,0,902,11380,11104,590,16.0,0.5,0.5,0.5,0.5,0.5,0.5,0.5,0.5,0.5,0.5,0.5,0.5,1920.84,1920.84,1920.84,1920.84,1920.84,1920.84,760.11,1160.77,1920.57,0.26,1447.43,0,0,0.0,0.0,44295,39062,6.3,203.2,0,
19.7.2026,1:1:23.375,27943,5968,82.4,13846,18017,43.4,3.5,2048,71,1.198,1.260,1.185,1.185,1.185,1.185,1.185,4605.6,3427.2,4841.3,4841.3,4841.3,4841.3,4841.3,99.8,688.5,1445.3,127.6,942.1,1403.4,2716.3,741.5,207.4,283.4,154.1,103.5,67.6,70.4,688.5,13.3,27.5,2.7,18.6,25.8,53.6,13.4,4.4,4.8,3.4,2.2,1.6,1.5,53.6,13.3,17.3,34.1,3.1,24.3,35.1,71.5,18.3,5.0,6.1,3.9,2.5,1.6,1.7,17.3,46.1,34.3,48.5,48.5,48.5,48.5,48.5,0.0,27.8,32.8,46.5,68.0,11.1,5.4,3.0,47.3,67.2,53.5,31.8,88.9,22.1,20.5,24.8,0.0,0.0,0.1,0.0,72.5,76.5,2395.7,24.00,40,39,39,77,116,708,1,79.0,72.0,73.8,62.7,61.4,67.0,69.1,62.1,57.9,58.7,60.4,60.4,67.5,61.7,47.7,46.0,49.0,1.254,1.015,1.100,17.061,8.047,17.054,36.500,6.091,42.224,2.633,3.003,4.194,4.865,2.458,0.733,0.546,21.417,8.168,36.286,41.290,1996.4,2395.7,5147.6,5147.6,5148.3,46.9,22.7,24.3,46.9,84.7,いいえ,いいえ,いいえ,0.629,0.249,1.7,46.0,78.9,40.0,78.0,1.272,12.038,3.440,3.296,5.016,1.064,0.976,3.440,3.344,1.808,1.024,1.120,1.032,1.792,1.096,0.656,1.824,0.264,2061,いいえ,61.9,45.0,1.110,1.110,1.815,1.800,0.990,4.970,0.250,いいえ,いいえ,いいえ,43.5,1.110,1.110,1.815,1.800,0.990,5.040,0.250,いいえ,いいえ,いいえ,37,37,いいえ,はい,15388,14039,128,128,34,100.0,いいえ,いいえ,3868,2528,9990,43,45,53,100.0,100.0,いいえ,いいえ,7032,7744,0.0,33.7,33.7,0.000,0.008,1392,1011,0.0,0.0,0.0,0.000,0.000,181182,133153,0.0,0.0,0.0,0.000,0.012,66345,77730,63.5,0.720,49.000,600.0,2400.0,1200.0,100.0,0.0,0.0,0.0,0.0,0.0,0.0,0.0,0.0,125,2,16.0,86,いいえ,いいえ,いいえ,67.8,70.0,77.2,84.0,1.100,12.174,12.170,12.137,12.219,12.169,1540,1540,148.849,74.314,116.128,27.164,31.107,129.951,13.569,44.637,140.581,91.377,220.000,220.000,2775.0,1281.5,2130.0,2765.9,2235.0,2765.8,1280.7,2226.2,91.0,55.0,1.0,0.0,92.0,25.2,100.0,0.0,1.0,0.0,38,38,はい,いいえ,いいえ,はい,いいえ,いいえ,いいえ,73.1,68.5,0,0,0,0,0,0,0,0,0,0,0,0,0,0,0,0,0,0,0,0,0,0,0,0,0,0,0,0,0,0,980,11302,11026,590,16.0,0.5,0.5,0.5,0.5,0.5,0.5,0.5,0.5,0.5,0.5,0.5,0.5,1920.84,1920.84,1920.84,1920.84,1920.84,1920.84,760.11,1160.77,1920.57,0.26,1447.43,0,0,0.0,0.0,44295,39062,6.4,124.0,0,
19.7.2026,1:1:25.377,27859,6051,82.1,13934,17929,43.7,3.5,2048,71,1.255,1.255,1.255,1.255,1.255,1.255,1.255,3941.2,4112.6,5140.7,4112.6,3427.2,3427.2,3427.2,99.8,634.3,1037.3,104.6,615.5,1256.4,787.8,3048.8,224.8,230.2,141.2,65.1,51.4,48.0,634.3,12.0,19.5,1.9,11.8,23.0,15.2,59.1,4.3,3.9,2.7,1.0,0.8,0.7,59.1,12.0,16.0,23.5,2.6,15.6,31.6,20.6,79.8,5.5,5.2,3.6,1.6,1.2,1.1,16.0,39.5,41.2,51.5,41.2,34.3,34.3,34.3,0.0,25.6,24.9,37.4,74.8,9.9,4.3,2.2,46.3,74.9,62.6,25.2,90.1,11.7,13.2,28.2,0.2,0.0,0.0,0.0,84.0,84.6,2395.7,24.00,40,39,39,77,116,708,1,77.0,71.4,72.2,61.9,60.2,65.5,69.2,61.5,57.0,57.9,60.1,60.1,67.8,61.2,47.8,46.0,49.0,1.249,1.015,1.100,16.423,8.046,16.432,40.000,6.125,41.364,2.348,2.568,3.656,4.914,2.217,0.408,0.325,20.518,8.167,35.423,40.435,1996.4,2395.7,5147.3,5147.3,5147.0,45.9,21.9,26.7,45.9,84.0,いいえ,いいえ,いいえ,0.443,0.136,1.5,46.0,76.9,40.0,76.0,1.256,12.038,3.440,3.296,5.016,1.064,0.976,3.440,3.344,1.808,1.024,1.120,1.032,1.792,1.096,0.656,1.824,0.264,2051,いいえ,61.9,45.0,1.110,1.110,1.815,1.800,0.990,4.970,0.500,いいえ,いいえ,いいえ,43.5,1.110,1.110,1.815,1.800,0.990,4.970,0.250,いいえ,いいえ,いいえ,37,37,いいえ,はい,15388,14039,128,128,34,100.0,いいえ,いいえ,3868,2528,9990,43,45,53,100.0,100.0,いいえ,いいえ,7032,7744,0.0,0.0,0.0,0.000,0.004,1392,1011,0.0,0.0,0.0,0.000,0.000,181182,133153,0.0,0.0,0.0,0.000,0.002,66345,77730,63.4,0.720,21.000,600.0,2400.0,1200.0,100.0,0.0,0.0,0.0,0.0,0.0,0.0,0.0,0.0,125,2,16.0,86,いいえ,いいえ,いいえ,68.4,70.0,77.7,84.0,1.100,12.202,12.202,12.165,12.241,12.200,1542,1544,147.293,51.576,99.072,22.037,27.164,110.393,11.017,38.114,34.102,70.712,220.000,220.000,2775.0,1281.5,2130.0,2764.5,2235.0,2772.6,1279.7,2224.9,87.0,47.0,0.0,0.0,92.0,25.2,100.0,0.0,0.7,0.0,38,38,はい,いいえ,いいえ,はい,いいえ,いいえ,いいえ,62.4,57.8,0,0,0,0,0,0,0,0,0,0,0,0,0,0,0,0,0,0,0,0,0,0,0,0,0,0,0,0,0,0,980,11302,11026,590,16.0,1.9,1.9,1.9,1.9,1.9,1.9,1.9,1.9,1.9,1.9,1.9,1.9,526.64,526.64,526.64,526.64,526.64,526.64,520.12,6.61,526.41,0.22,442.49,0,0,0.0,0.0,44295,39062,6.0,129.9,0,
19.7.2026,1:1:27.366,27859,6052,82.1,13962,17901,43.8,3.5,2048,71,1.272,1.255,1.275,1.275,1.275,1.275,1.275,4158.1,4112.6,5040.9,5040.9,4032.7,3360.6,3360.6,99.8,658.0,1142.8,102.2,790.7,1022.7,553.3,3477.8,213.9,276.6,106.6,70.7,58.0,80.7,658.0,12.7,22.2,2.4,15.8,18.4,10.3,68.2,4.8,5.4,1.8,1.0,0.7,1.3,68.2,12.7,16.6,26.3,2.5,20.3,24.8,14.4,91.4,5.2,6.4,2.6,1.7,1.4,2.0,16.6,41.7,41.2,50.5,50.5,40.4,33.7,33.7,0.0,26.7,27.2,36.8,78.7,10.7,3.7,3.0,46.7,72.8,63.2,21.3,89.3,16.3,17.1,26.7,0.0,0.0,0.0,0.0,80.0,79.9,2395.7,24.00,40,39,39,77,116,708,1,75.8,71.7,78.6,62.1,60.4,65.5,69.8,61.7,57.0,58.2,60.1,60.1,68.0,61.6,47.7,46.0,49.0,1.250,1.015,1.100,16.501,8.087,16.498,39.000,6.120,41.509,2.453,2.728,3.737,5.100,2.284,0.452,0.416,20.635,8.209,35.575,40.571,1996.4,2395.7,5146.9,5146.9,5146.9,46.1,22.0,26.0,46.1,84.3,いいえ,いいえ,いいえ,0.393,0.148,1.6,46.0,75.9,40.0,75.0,1.264,12.091,3.440,3.312,5.016,1.064,0.976,3.440,3.344,1.808,1.024,1.120,1.032,1.792,1.096,0.656,1.824,0.264,2054,いいえ,61.9,45.0,1.110,1.110,1.815,1.800,0.990,4.970,0.250,いいえ,いいえ,いいえ,43.5,1.110,1.110,1.815,1.800,0.990,4.970,0.250,いいえ,いいえ,いいえ,37,37,いいえ,はい,15388,14039,128,128,34,100.0,いいえ,いいえ,3868,2528,9990,43,45,53,100.0,100.0,いいえ,いいえ,7032,7744,0.0,0.1,0.1,0.000,0.006,1392,1011,0.0,0.0,0.0,0.000,0.000,181182,133153,0.0,0.0,0.0,0.000,0.034,66345,77730,63.3,0.720,24.000,600.0,2400.0,1200.0,100.0,0.0,0.0,0.0,0.0,0.0,0.0,0.0,0.0,125,2,16.0,86,いいえ,いいえ,いいえ,68.8,72.0,78.2,84.0,1.100,12.179,12.177,12.140,12.225,12.176,1540,1542,152.486,75.048,110.383,26.034,30.277,123.624,13.016,43.254,163.189,90.605,220.000,220.000,2775.0,1281.5,2130.0,2764.6,2235.0,2761.3,1280.5,2222.4,94.0,53.0,2.0,0.0,92.0,25.3,100.0,0.0,1.3,0.0,38,38,はい,いいえ,いいえ,はい,いいえ,いいえ,いいえ,69.8,66.9,0,0,0,0,0,0,0,0,0,0,0,0,0,0,0,0,0,0,0,0,0,0,0,0,0,0,0,0,0,0,980,11302,11026,590,16.0,1.9,1.9,1.9,1.9,1.9,1.9,1.9,1.9,1.9,1.9,1.9,1.9,514.06,514.06,514.06,514.06,514.06,514.06,511.64,2.76,513.86,0.20,35.28,0,0,0.0,0.0,44295,39063,6.9,197.9,0,
19.7.2026,1:1:29.372,27862,6049,82.1,13979,17884,43.8,3.5,2048,71,1.259,1.255,1.260,1.260,1.260,1.260,1.260,4169.7,4112.6,5140.7,4112.6,4112.6,3427.2,4112.6,99.8,644.0,1073.7,113.1,2109.6,1175.1,746.5,1757.0,189.9,198.6,157.8,78.0,56.1,72.2,644.0,12.3,19.9,1.9,40.9,21.7,15.0,33.2,3.3,2.9,3.6,1.9,1.5,1.7,40.9,12.3,16.2,24.4,2.7,55.3,30.1,19.4,45.2,4.5,4.3,4.0,1.9,1.3,1.7,16.2,41.8,41.2,51.5,41.2,41.2,34.3,41.2,0.0,26.0,25.5,64.1,49.8,8.6,5.0,2.8,47.5,74.5,35.9,50.2,91.4,13.7,19.4,26.5,0.0,0.0,0.0,0.0,81.3,77.7,2395.7,24.00,40,39,39,77,116,708,1,75.0,71.7,73.8,61.9,60.2,68.4,66.7,61.0,57.1,58.1,60.0,60.0,67.0,61.4,47.8,46.0,49.0,1.251,1.015,1.100,16.482,8.172,16.481,37.000,6.157,41.558,2.425,2.651,4.653,4.092,2.179,0.495,0.479,20.622,8.295,35.690,40.686,1996.4,2395.7,5148.1,5148.1,5146.6,46.2,22.0,24.7,46.2,84.4,いいえ,いいえ,いいえ,0.364,0.138,1.6,46.0,74.9,40.0,74.0,1.256,12.038,3.440,3.296,5.016,1.064,0.976,3.440,3.344,1.808,1.024,1.120,1.032,1.792,1.096,0.656,1.824,0.264,2057,いいえ,61.9,45.0,1.110,1.110,1.800,1.800,0.990,4.970,0.250,いいえ,いいえ,いいえ,43.5,1.110,1.110,1.800,1.800,0.990,4.970,0.250,いいえ,いいえ,いいえ,37,37,いいえ,はい,15388,14039,128,128,34,100.0,いいえ,いいえ,3868,2528,9990,43,45,53,100.0,100.0,いいえ,いいえ,7032,7744,0.0,0.0,0.0,0.000,0.000,1392,1011,0.0,0.0,0.0,0.000,0.000,181182,133153,0.0,0.0,0.0,0.000,0.061,66345,77731,63.4,0.720,17.000,600.0,2400.0,1200.0,100.0,0.0,0.0,0.0,0.0,0.0,0.0,0.0,0.0,125,2,16.0,86,いいえ,いいえ,いいえ,69.0,72.0,78.6,84.0,1.100,12.177,12.174,12.142,12.221,12.172,1542,1544,162.161,60.072,118.019,26.613,30.669,131.589,13.304,43.933,27.672,88.775,220.000,220.000,2775.0,1281.5,2130.0,2763.7,2235.0,2765.2,1280.1,2224.6,93.0,56.0,2.0,0.0,92.0,25.3,100.0,0.0,1.1,0.0,38,38,はい,いいえ,いいえ,はい,いいえ,いいえ,いいえ,73.6,70.8,0,0,0,0,0,0,0,0,0,0,0,0,0,0,0,0,0,0,0,0,0,0,0,0,0,0,0,0,0,0,980,11302,11026,591,16.0,4.6,12.7,2.8,2.8,2.8,2.8,4.7,19.2,2.9,2.9,2.9,2.9,218.32,359.52,78.95,78.77,359.84,359.84,2.98,78.11,218.27,0.05,137.01,0,0,0.0,0.0,44295,39063,6.9,218.7,0,
19.7.2026,1:1:31.375,27869,6042,82.1,14042,17821,44.0,3.5,2048,71,1.263,1.255,1.265,1.265,1.265,1.265,1.265,4169.7,4112.6,4112.6,5140.7,4112.6,3427.2,4112.6,99.8,654.1,1111.9,125.7,2864.8,1356.1,849.8,784.4,159.9,235.6,136.3,65.8,76.8,82.1,654.1,12.4,20.8,2.5,55.9,25.6,16.7,13.4,3.0,4.0,2.8,1.1,1.5,1.5,55.9,12.4,16.4,25.0,3.1,75.4,35.1,22.0,18.6,3.8,5.3,3.4,1.6,1.9,2.0,16.4,41.8,41.2,41.2,51.5,41.2,34.3,41.2,0.0,26.3,26.6,81.2,33.4,8.8,4.4,3.5,46.8,73.4,18.8,66.6,91.2,13.7,17.0,26.9,0.0,0.0,0.0,0.0,81.9,79.5,2395.7,24.00,40,39,39,77,116,708,1,74.6,71.9,71.8,61.9,60.3,70.3,64.9,60.9,57.0,58.1,60.0,60.0,67.2,61.6,47.8,46.0,49.0,1.251,1.015,1.100,16.626,8.203,16.625,38.000,6.117,41.828,2.450,2.692,5.312,3.569,2.216,0.448,0.463,20.816,8.326,35.870,40.873,1996.4,2395.7,5149.0,5149.0,5146.4,46.4,22.2,25.3,46.4,84.6,いいえ,いいえ,いいえ,0.470,0.153,1.6,46.0,74.6,40.0,74.0,1.256,12.091,3.440,3.296,5.016,1.064,0.976,3.440,3.344,1.808,1.024,1.120,1.032,1.792,1.096,0.656,1.824,0.264,2051,いいえ,61.9,45.0,1.110,1.110,1.800,1.800,0.990,4.970,0.250,いいえ,いいえ,いいえ,43.5,1.110,1.110,1.800,1.800,0.990,4.970,0.250,いいえ,いいえ,いいえ,37,37,いいえ,はい,15388,14039,128,128,34,100.0,いいえ,いいえ,3868,2528,9990,43,45,53,100.0,100.0,いいえ,いいえ,7032,7744,0.0,0.0,0.0,0.000,0.004,1392,1011,0.0,0.0,0.0,0.000,0.000,181182,133153,0.0,0.0,0.0,0.000,0.010,66345,77731,63.3,0.720,48.000,600.0,2400.0,1200.0,100.0,0.0,0.0,0.0,0.0,0.0,0.0,0.0,0.0,125,2,16.0,86,いいえ,いいえ,いいえ,70.3,70.0,81.0,84.0,1.100,12.164,12.159,12.130,12.209,12.158,1544,1544,144.471,62.674,124.235,27.138,31.150,138.021,13.568,44.692,27.049,95.539,220.000,220.000,2775.0,1281.5,2130.0,2764.4,2235.0,2767.4,1280.3,2226.6,93.0,53.0,0.0,0.0,92.0,25.2,100.0,0.0,1.0,0.0,38,38,はい,いいえ,いいえ,はい,いいえ,いいえ,いいえ,76.8,80.7,0,0,0,0,0,0,0,0,0,0,0,0,0,0,0,0,0,0,0,0,0,0,0,0,0,0,0,0,0,0,980,11302,11026,591,16.0,1.1,1.1,1.1,1.1,1.1,1.1,0.0,0.0,0.0,0.0,0.0,0.0,918.75,918.75,918.75,918.75,918.75,918.75,3.98,79.61,918.70,0.04,0.00,0,0,0.0,0.0,44295,39063,6.7,225.5,0,
19.7.2026,1:1:33.374,27865,6046,82.1,14076,17787,44.1,3.5,2048,71,1.260,1.235,1.265,1.265,1.265,1.265,1.265,3941.2,4112.6,3427.2,5140.7,3427.2,3427.2,4112.6,99.8,650.8,1125.4,99.7,2171.8,1876.8,1115.0,665.7,204.3,197.7,161.6,77.6,45.3,68.8,650.8,12.4,21.7,2.0,42.4,35.7,22.2,11.0,4.1,3.3,3.2,1.5,0.9,1.3,42.4,12.4,16.4,25.9,2.4,57.0,48.7,29.0,15.5,4.9,4.3,4.1,1.9,1.1,1.7,16.4,39.5,41.2,34.3,51.5,34.3,34.3,41.2,0.0,26.3,27.0,78.4,36.1,8.9,4.9,2.5,46.6,73.0,21.6,63.9,91.1,15.0,14.8,27.1,0.0,0.0,0.0,0.0,80.1,82.7,2395.7,24.00,40,39,39,77,116,708,1,74.2,71.9,72.8,61.9,60.4,70.0,65.1,60.9,57.2,57.8,60.1,60.1,68.0,61.7,47.8,46.0,49.0,1.252,1.015,1.100,16.821,8.120,16.823,39.000,6.107,41.934,2.446,2.697,5.258,3.598,2.230,0.523,0.371,21.060,8.241,36.019,41.021,1996.4,2395.7,5148.7,5148.7,5146.4,46.6,22.4,26.0,46.6,84.6,いいえ,いいえ,いいえ,0.398,0.146,1.6,46.0,74.1,40.0,74.0,1.240,12.091,3.440,3.296,5.016,1.064,0.976,3.440,3.344,1.808,1.024,1.120,1.032,1.792,1.096,0.656,1.824,0.264,2051,いいえ,61.9,45.0,1.110,1.110,1.800,1.800,1.005,4.970,0.500,いいえ,いいえ,いいえ,43.5,1.110,1.110,1.800,1.800,1.005,4.970,0.375,いいえ,いいえ,いいえ,37,37,いいえ,はい,15388,14039,128,128,34,100.0,いいえ,いいえ,3868,2528,9990,43,45,54,100.0,100.0,いいえ,いいえ,7032,7744,0.0,0.1,0.1,0.000,0.006,1392,1011,0.0,0.0,0.0,0.000,0.000,181182,133153,0.0,0.0,0.0,0.000,0.004,66345,77731,63.3,0.720,44.000,600.0,2400.0,1200.0,100.0,0.0,0.0,0.0,0.0,0.0,0.0,0.0,0.0,125,2,16.0,86,いいえ,いいえ,いいえ,68.9,70.0,78.3,84.0,1.100,12.184,12.182,12.145,12.227,12.182,1549,1544,146.927,63.251,106.767,25.290,29.659,119.670,12.645,42.248,94.251,75.482,220.000,220.000,2775.0,1281.5,2130.0,2764.4,2235.0,2757.6,1279.9,2223.9,91.0,53.0,1.0,0.0,92.0,25.2,100.0,0.0,0.7,0.0,39,39,はい,いいえ,いいえ,はい,いいえ,いいえ,いいえ,68.5,76.3,0,0,0,0,0,0,0,0,0,0,0,0,0,0,0,0,0,0,0,0,0,0,0,0,0,0,0,0,0,0,980,11302,11026,591,16.0,1.1,1.1,1.1,1.1,1.1,1.1,1.1,1.1,1.1,1.1,1.1,1.1,946.94,946.94,946.94,946.94,946.94,946.94,938.00,8.75,946.36,0.58,905.46,0,0,0.0,0.0,44295,39064,5.8,211.8,0,
19.7.2026,1:1:35.376,27870,6041,82.1,14160,17703,44.4,3.5,2048,71,1.233,1.170,1.245,1.245,1.245,1.245,1.245,4071.0,4891.2,5140.7,4112.6,3427.2,3427.2,3427.2,99.8,685.6,1296.7,119.0,862.9,3070.3,511.7,1531.1,173.8,264.7,163.8,95.6,54.4,83.7,685.6,13.0,24.3,2.2,16.3,59.5,10.1,28.0,3.3,4.4,3.2,1.8,1.0,1.5,59.5,13.0,17.2,30.1,2.9,22.2,80.4,13.2,38.3,4.2,5.9,4.1,2.3,1.3,2.0,17.2,40.8,49.0,51.5,41.2,34.3,34.3,34.3,0.0,27.4,30.1,75.1,41.5,9.7,5.2,2.9,46.5,69.9,24.9,58.5,90.3,16.7,18.7,26.1,0.0,0.0,0.0,0.0,78.1,78.4,2395.7,24.00,40,39,39,77,116,708,1,74.5,72.3,71.8,62.3,60.9,70.1,66.0,61.2,57.4,58.1,60.2,60.2,67.5,61.5,47.8,46.0,49.0,1.252,1.015,1.100,17.121,8.026,17.126,43.000,6.093,42.260,2.592,2.931,5.325,3.935,2.329,0.569,0.459,21.452,8.146,36.301,41.312,1996.4,2395.7,5145.2,5145.2,5143.1,46.9,22.8,28.7,46.9,85.0,いいえ,いいえ,いいえ,0.506,0.175,1.6,46.0,74.2,40.0,74.0,1.264,12.091,3.440,3.296,5.016,1.064,0.976,3.440,3.344,1.808,1.024,1.120,1.032,1.792,1.096,0.656,1.824,0.264,2051,いいえ,61.9,45.0,1.110,1.110,1.800,1.800,1.005,5.040,0.250,いいえ,いいえ,いいえ,43.5,1.110,1.110,1.800,1.800,1.005,5.040,0.250,いいえ,いいえ,いいえ,37,37,いいえ,はい,15388,14039,128,128,34,100.0,いいえ,いいえ,3868,2528,9990,43,45,53,100.0,100.0,いいえ,いいえ,7032,7744,0.0,55.7,55.7,0.000,0.006,1392,1011,0.0,0.0,0.0,0.000,0.000,181182,133153,0.1,0.1,0.1,0.024,0.079,66345,77731,63.3,0.720,21.000,600.0,2400.0,1200.0,100.0,0.0,0.0,0.0,0.0,0.0,0.0,0.0,0.0,125,2,16.0,86,いいえ,いいえ,いいえ,68.9,72.0,78.2,84.0,1.100,12.165,12.161,12.128,12.211,12.160,1549,1549,143.580,71.684,119.958,27.872,31.703,134.104,13.923,45.600,106.562,93.750,220.000,220.000,2775.0,1281.5,2130.0,2763.8,2235.0,2765.9,1280.9,2225.3,94.0,57.0,2.0,0.0,92.0,25.3,100.0,0.0,1.2,0.0,39,39,はい,いいえ,いいえ,はい,いいえ,いいえ,いいえ,72.4,68.3,0,0,0,0,0,0,0,0,0,0,0,0,0,0,0,0,0,0,0,0,0,0,0,0,0,0,0,0,0,0,980,11302,11026,591,16.0,3.1,12.6,1.8,1.8,1.8,1.8,1.8,1.8,1.8,1.8,1.8,1.8,322.64,566.19,79.10,74.63,571.16,571.16,2.35,101.23,322.58,0.06,487.06,0,0,0.0,0.0,44295,39064,7.0,244.2,0,
19.7.2026,1:1:37.367,27827,6084,82.0,14645,17218,45.9,3.5,2048,71,1.203,1.165,1.225,1.225,1.225,1.190,1.190,4916.1,4916.1,4916.1,4916.1,4916.1,4916.1,4916.1,99.8,1998.0,2256.9,1697.9,2372.1,3066.4,2036.6,2612.6,1786.0,1797.2,1615.7,1540.1,1584.5,1609.6,1998.0,40.9,42.9,35.8,48.6,62.3,42.0,52.9,37.4,37.4,33.7,32.0,32.9,33.5,62.3,40.9,51.9,53.4,44.5,62.2,80.7,53.3,68.1,46.8,46.9,42.4,40.4,41.6,42.3,51.9,49.2,49.2,49.2,49.2,49.2,49.2,49.2,0.0,51.1,48.7,76.1,62.9,44.3,37.1,37.6,33.3,44.6,23.9,37.1,52.0,21.9,20.5,15.5,6.6,0.0,0.0,3.7,41.0,41.9,2395.7,24.00,40,39,39,77,116,708,1,82.9,77.4,81.5,68.8,65.4,74.1,73.0,69.6,64.1,66.9,61.3,61.3,69.0,62.0,47.9,46.0,49.0,1.209,1.015,1.100,24.898,8.452,24.894,68.500,6.117,51.881,4.335,4.016,6.104,5.560,4.292,2.960,3.081,29.846,8.577,45.153,50.727,1996.4,2395.7,4998.3,4998.3,5030.6,57.6,33.2,45.7,57.6,91.1,いいえ,いいえ,いいえ,8.710,3.915,3.1,46.0,83.9,40.0,83.0,1.224,12.144,3.440,3.312,5.040,1.064,0.968,3.440,3.344,1.808,1.024,1.120,1.032,1.792,1.096,0.656,1.824,0.264,2054,いいえ,61.9,45.0,1.095,1.110,1.800,1.800,1.005,5.040,0.750,いいえ,いいえ,いいえ,43.5,1.095,1.110,1.800,1.800,1.005,5.040,0.375,いいえ,いいえ,いいえ,37,37,いいえ,はい,15388,14039,128,128,34,100.0,いいえ,いいえ,3868,2528,9990,43,45,53,100.0,100.0,いいえ,いいえ,7032,7744,0.0,0.0,0.0,0.000,0.006,1392,1011,0.0,0.0,0.0,0.000,0.000,181182,133153,0.0,0.1,0.1,0.066,0.105,66345,77731,63.5,0.720,30.000,600.0,2400.0,1200.0,100.0,0.0,0.0,0.0,0.0,0.0,0.0,0.0,0.0,125,2,16.0,86,いいえ,いいえ,いいえ,57.8,66.0,68.7,84.0,1.095,12.307,12.317,12.257,12.336,12.318,1558,1560,47.719,19.133,27.491,7.538,16.584,31.260,3.769,20.361,22.972,23.087,220.000,220.000,2775.0,1281.5,2145.0,2774.3,2235.0,2774.5,1280.3,2233.9,1.0,0.0,2.0,0.0,87.5,17.0,66.8,0.0,1.1,0.0,39,39,はい,いいえ,いいえ,はい,いいえ,いいえ,いいえ,21.8,21.7,0,0,0,0,0,0,0,0,0,0,0,0,0,0,0,0,0,0,0,0,0,0,0,0,0,0,0,0,0,0,1538,10744,10468,591,16.0,2.5,2.5,2.5,2.5,2.5,2.5,2.4,2.4,2.4,2.4,2.4,2.4,405.22,405.22,405.22,405.22,405.22,405.22,0.48,404.67,404.21,1.01,294.06,0,0,0.0,0.0,44295,39065,7.1,222.8,0,
19.7.2026,1:1:39.381,28036,5875,82.6,13749,18114,43.1,3.5,2048,71,1.244,1.265,1.240,1.240,1.240,1.240,1.240,3941.2,3427.2,4112.6,5140.7,4112.6,3427.2,3427.2,99.8,1200.2,2200.6,679.0,1168.2,1888.8,1342.3,3285.5,759.7,1047.2,534.3,499.5,437.7,559.3,1200.2,23.2,38.2,12.5,23.4,36.6,26.2,64.7,15.3,19.7,11.0,10.2,8.9,11.5,64.7,23.2,30.4,50.4,17.3,30.4,48.1,34.8,86.2,19.5,25.6,13.8,12.9,11.3,14.4,30.4,39.5,34.3,41.2,51.5,41.2,34.3,34.3,0.0,39.8,46.2,52.2,80.4,28.6,16.3,15.3,46.1,48.7,47.8,19.6,71.4,39.8,49.1,14.1,5.0,0.0,0.0,0.0,43.9,35.6,2395.7,24.00,40,39,39,77,116,708,1,82.4,77.7,72.2,67.3,64.8,70.7,75.9,67.3,61.5,63.6,62.0,62.0,68.0,61.9,47.9,46.0,49.0,1.250,1.015,1.100,22.182,8.265,22.180,49.000,6.073,49.041,3.849,3.804,4.928,6.690,3.778,1.891,2.005,27.682,8.388,42.751,47.967,1996.4,2395.7,5081.9,5081.9,5083.8,54.5,29.6,32.7,54.5,91.5,いいえ,いいえ,いいえ,3.587,2.087,2.4,46.0,82.2,40.0,82.0,1.272,12.038,3.440,3.296,5.016,1.064,0.968,3.440,3.344,1.808,1.024,1.120,1.032,1.792,1.096,0.656,1.824,0.264,2057,いいえ,61.9,45.0,1.095,1.110,1.800,1.800,1.005,5.040,0.250,いいえ,いいえ,いいえ,43.5,1.095,1.110,1.800,1.800,1.005,5.040,0.250,いいえ,いいえ,いいえ,37,37,いいえ,はい,15388,14039,128,128,34,100.0,いいえ,いいえ,3868,2528,9990,43,45,53,100.0,100.0,いいえ,いいえ,7032,7744,0.0,0.1,0.1,0.000,0.006,1392,1011,0.0,0.0,0.0,0.000,0.000,181182,133153,0.0,0.1,0.1,0.000,0.089,66345,77731,63.9,0.720,20.000,600.0,2400.0,1200.0,100.0,0.0,0.0,0.0,0.0,0.0,0.0,0.0,0.0,125,2,16.0,86,いいえ,いいえ,いいえ,66.9,68.0,76.0,84.0,1.095,12.195,12.194,12.154,12.237,12.195,1549,1549,95.385,53.661,99.745,23.705,28.464,111.892,11.853,40.245,28.676,84.710,220.000,220.000,2775.0,1281.5,2145.0,1291.3,2235.0,2769.7,1280.8,2228.9,89.0,57.0,0.0,1.0,92.7,25.2,100.0,0.0,0.8,0.0,38,38,はい,いいえ,いいえ,はい,いいえ,いいえ,いいえ,63.6,79.8,0,0,0,0,0,0,0,0,0,0,0,0,0,0,0,0,0,0,0,0,0,0,0,0,0,0,0,0,0,0,902,11380,11104,591,16.0,1.1,13.2,0.6,0.6,0.6,0.6,1.2,21.1,0.6,0.6,0.6,0.6,873.35,1793.71,75.69,63.44,1815.15,1815.15,2.65,93.71,873.29,0.06,1294.57,0,0,0.0,0.0,44295,39065,6.3,102.1,0,
19.7.2026,1:1:41.370,28003,5908,82.5,13831,18032,43.4,3.5,2048,71,1.251,1.255,1.250,1.250,1.250,1.250,1.250,3941.2,4112.6,4112.6,5140.7,3427.2,3427.2,3427.2,99.8,704.5,1446.1,131.1,622.9,2258.4,1948.5,1054.8,276.3,329.7,119.2,91.7,72.8,102.4,704.5,13.3,27.2,2.2,12.1,43.1,38.2,18.4,5.4,5.5,2.2,1.6,2.1,1.8,43.1,13.3,17.7,34.1,3.1,16.1,58.3,51.0,26.3,6.8,7.3,2.9,2.2,1.7,2.5,17.7,39.5,41.2,41.2,51.5,34.3,34.3,34.3,0.0,28.4,32.8,57.1,58.8,13.2,4.4,3.8,48.2,67.2,42.9,41.2,86.8,25.1,26.1,23.4,0.0,0.0,0.0,0.0,70.5,70.0,2395.7,24.00,40,39,39,77,116,708,1,79.9,72.7,69.4,63.2,61.9,68.6,68.7,62.8,58.1,59.4,60.8,60.8,68.2,61.8,47.9,46.0,49.0,1.256,1.015,1.100,17.769,8.142,17.768,40.500,6.125,43.318,2.715,3.066,4.523,4.661,2.587,0.728,0.725,22.332,8.265,37.334,42.350,1996.4,2395.7,5147.3,5147.3,5146.6,48.1,23.7,27.0,48.1,85.5,いいえ,いいえ,いいえ,0.721,0.259,1.7,46.0,79.6,40.0,79.0,1.256,12.038,3.440,3.312,5.016,1.064,0.976,3.440,3.344,1.808,1.024,1.120,1.032,1.792,1.096,0.656,1.824,0.264,2045,いいえ,61.9,45.0,1.095,1.110,1.800,1.800,1.005,5.040,0.375,いいえ,いいえ,いいえ,43.5,1.095,1.110,1.800,1.800,1.005,5.040,0.500,いいえ,いいえ,いいえ,37,37,いいえ,はい,15388,14039,128,128,34,100.0,いいえ,いいえ,3868,2528,9990,43,45,53,100.0,100.0,いいえ,いいえ,7032,7744,0.0,10.4,10.4,0.000,0.006,1392,1011,0.0,0.0,0.0,0.000,0.000,181182,133153,0.0,0.1,0.1,0.000,0.255,66345,77732,63.7,0.720,19.000,600.0,2400.0,1200.0,100.0,0.0,0.0,0.0,0.0,0.0,0.0,0.0,0.0,125,2,16.0,86,いいえ,いいえ,いいえ,65.5,70.0,73.9,84.0,1.100,12.269,12.273,12.228,12.302,12.274,1542,1540,151.728,28.904,54.246,11.586,19.491,60.155,5.781,25.241,26.236,28.494,220.000,220.000,2775.0,1281.5,2130.0,2767.4,2235.0,2769.3,1280.8,2226.5,92.0,52.0,1.0,0.0,92.0,25.2,100.0,0.0,0.9,0.0,38,38,はい,いいえ,いいえ,はい,いいえ,いいえ,いいえ,36.1,75.3,0,0,0,0,0,0,0,0,0,0,0,0,0,0,0,0,0,0,0,0,0,0,0,0,0,0,0,0,0,0,980,11302,11026,591,16.0,6.2,17.4,2.1,2.1,2.1,2.1,3.0,3.0,3.0,3.0,3.0,3.0,161.71,471.17,57.38,57.21,484.86,484.86,1.53,54.99,161.64,0.07,45.47,0,0,0.0,0.0,44295,39065,6.7,127.3,0,
19.7.2026,1:1:43.378,27840,6071,82.0,13887,17976,43.5,3.5,2048,71,1.249,1.245,1.250,1.250,1.250,1.250,1.250,4169.7,4112.6,4112.6,5140.7,4112.6,3427.2,4112.6,99.8,653.3,1121.4,155.0,1275.9,931.2,2956.0,563.7,221.7,226.7,183.8,77.7,48.4,78.5,653.3,12.6,20.6,3.7,24.9,16.6,58.0,10.3,4.4,3.6,4.3,1.9,0.7,2.0,58.0,12.6,16.4,25.0,3.8,33.3,22.9,77.8,13.7,5.4,5.0,4.7,1.9,1.1,1.9,16.4,41.8,41.2,41.2,51.5,41.2,34.3,41.2,0.0,26.3,26.7,44.0,69.0,10.0,5.3,2.7,47.6,73.3,56.0,31.0,90.0,14.5,21.1,26.0,0.0,0.0,0.0,0.0,80.2,76.1,2395.7,24.00,40,39,39,77,116,708,1,77.9,72.0,70.2,62.4,60.7,66.5,69.1,61.8,57.6,58.6,60.4,60.4,68.0,61.6,47.9,46.0,49.0,1.252,1.015,1.100,16.897,8.054,16.902,41.500,6.151,42.057,2.472,2.713,3.891,4.884,2.283,0.560,0.500,21.165,8.175,36.106,41.113,1996.4,2395.7,5146.6,5146.6,5146.7,46.7,22.5,27.7,46.7,84.7,いいえ,いいえ,いいえ,0.450,0.152,1.6,46.0,77.0,40.0,77.0,1.240,12.091,3.440,3.296,5.016,1.064,0.976,3.440,3.344,1.808,1.024,1.120,1.032,1.792,1.096,0.656,1.824,0.264,2042,いいえ,61.9,45.0,1.095,1.110,1.800,1.800,1.005,5.040,0.250,いいえ,いいえ,いいえ,43.8,1.095,1.110,1.800,1.800,1.005,5.040,0.500,いいえ,いいえ,いいえ,37,37,いいえ,はい,15388,14039,128,128,34,100.0,いいえ,いいえ,3868,2528,9990,43,45,53,100.0,100.0,いいえ,いいえ,7032,7744,0.0,0.1,0.1,0.000,0.004,1392,1011,0.0,0.0,0.0,0.000,0.000,181182,133153,0.0,0.0,0.0,0.000,0.014,66345,77732,63.5,0.720,26.000,600.0,2400.0,1200.0,100.0,0.0,0.0,0.0,0.0,0.0,0.0,0.0,0.0,125,2,16.0,86,いいえ,いいえ,いいえ,67.5,70.0,76.4,84.0,1.100,12.177,12.172,12.138,12.223,12.174,1542,1542,147.334,69.363,113.126,27.483,31.328,127.119,13.744,45.025,105.773,91.308,220.000,220.000,2775.0,1281.5,2130.0,2764.2,2235.0,2763.5,1279.8,2224.5,91.0,56.0,0.0,0.0,92.0,25.4,100.0,0.0,1.5,0.0,38,38,はい,いいえ,いいえ,はい,いいえ,いいえ,いいえ,71.9,59.9,0,0,0,0,0,0,0,0,0,0,0,0,0,0,0,0,0,0,0,0,0,0,0,0,0,0,0,0,0,0,980,11302,11026,591,16.0,1.1,1.1,1.1,1.1,1.1,1.1,1.1,1.1,1.1,1.1,1.1,1.1,922.33,922.33,922.33,922.33,922.33,922.33,912.48,10.26,922.08,0.25,324.00,0,0,0.0,0.0,44295,39066,7.6,324.0,0,
19.7.2026,1:1:45.366,27841,6070,82.1,13958,17904,43.8,3.5,2048,71,1.255,1.255,1.255,1.255,1.255,1.255,1.255,4169.7,4112.6,4112.6,5140.7,4112.6,4112.6,3427.2,99.8,647.9,1128.4,90.8,572.3,1530.7,2057.7,1670.4,187.2,221.1,110.0,86.4,53.3,66.4,647.9,12.4,21.8,1.3,11.5,28.6,40.4,31.8,4.1,4.2,1.8,1.3,0.6,0.8,40.4,12.4,16.3,25.9,2.2,14.7,38.7,53.9,43.0,4.5,4.9,2.7,2.1,1.3,1.6,16.3,41.8,41.2,41.2,51.5,41.2,41.2,34.3,0.0,26.1,26.9,42.2,71.5,9.2,4.1,2.6,46.0,73.1,57.8,28.5,90.8,13.2,12.5,27.9,0.0,0.0,0.0,0.0,82.8,84.8,2395.7,24.00,40,39,39,77,116,708,1,76.6,72.2,69.8,62.3,60.7,66.5,69.5,61.7,57.2,58.2,60.3,60.3,67.5,61.6,47.9,46.0,49.0,1.252,1.015,1.100,16.792,8.065,16.789,37.500,6.139,41.865,2.436,2.734,3.860,5.041,2.248,0.406,0.328,21.030,8.186,35.970,40.966,1996.4,2395.7,5147.1,5147.1,5145.6,46.6,22.4,25.0,46.6,84.9,いいえ,いいえ,いいえ,0.416,0.145,1.6,46.0,76.6,40.0,76.0,1.256,12.038,3.440,3.312,5.040,1.064,0.968,3.440,3.344,1.808,1.024,1.120,1.032,1.792,1.096,0.656,1.824,0.264,2036,いいえ,61.9,45.0,1.095,1.110,1.800,1.800,1.005,5.040,0.250,いいえ,いいえ,いいえ,43.5,1.095,1.110,1.800,1.800,1.005,5.040,0.375,いいえ,いいえ,いいえ,37,37,いいえ,はい,15388,14039,128,128,34,100.0,いいえ,いいえ,3868,2528,9990,43,45,53,100.0,100.0,いいえ,いいえ,7032,7744,0.0,0.0,0.0,0.000,0.006,1392,1011,0.0,0.0,0.0,0.000,0.000,181182,133153,0.0,0.0,0.0,0.000,0.008,66345,77732,63.5,0.720,25.000,600.0,2400.0,1200.0,100.0,0.0,0.0,0.0,0.0,0.0,0.0,0.0,0.0,125,2,16.0,86,いいえ,いいえ,いいえ,68.9,72.0,78.2,84.0,1.100,12.184,12.182,12.142,12.230,12.183,1544,1542,151.121,69.212,106.142,25.947,30.245,119.318,12.975,43.174,159.706,56.191,220.000,220.000,2775.0,1281.5,2130.0,2764.4,2235.0,2768.6,1279.7,2225.0,93.0,53.0,0.0,0.0,92.0,25.2,100.0,0.0,0.7,0.0,38,38,はい,いいえ,いいえ,はい,いいえ,いいえ,いいえ,67.9,80.5,0,0,0,0,0,0,0,0,0,0,0,0,0,0,0,0,0,0,0,0,0,0,0,0,0,0,0,0,0,0,980,11302,11026,591,16.0,2.2,7.9,1.3,1.3,1.3,1.3,1.1,1.1,1.1,1.1,1.1,1.1,459.44,792.57,126.32,120.20,799.37,799.37,1.79,40.80,459.40,0.04,26.81,0,0,0.0,0.0,44295,39066,6.1,138.7,0,
19.7.2026,1:1:47.373,27870,6041,82.1,13959,17904,43.8,3.5,2048,71,1.250,1.250,1.250,1.250,1.250,1.250,1.250,4055.5,4112.6,4112.6,5140.7,4112.6,3427.2,3427.2,99.8,654.0,1026.9,98.8,614.2,1359.1,772.6,3137.3,232.1,259.9,137.1,82.3,59.3,68.7,654.0,12.7,19.1,2.5,12.0,25.1,14.4,60.9,4.6,4.7,3.3,2.2,1.8,1.8,60.9,12.7,16.5,23.3,2.4,15.9,34.3,19.7,82.4,5.7,6.1,3.4,2.0,1.4,1.7,16.5,40.6,41.2,41.2,51.5,41.2,34.3,34.3,0.0,26.2,24.4,39.8,74.6,10.8,4.6,2.8,47.2,75.6,60.2,25.4,89.2,16.6,16.5,26.6,0.0,0.0,0.0,0.0,78.9,80.7,2395.7,24.00,40,39,39,77,116,708,1,75.6,72.2,67.9,62.4,60.5,66.2,69.9,61.9,57.4,58.4,60.3,60.3,67.5,61.5,47.9,46.0,49.0,1.253,1.015,1.100,16.708,8.082,16.711,41.000,6.102,41.821,2.474,2.649,3.793,5.150,2.302,0.522,0.426,20.950,8.203,35.865,40.870,1996.4,2395.7,5148.3,5148.3,5147.2,46.4,22.3,27.3,46.4,84.9,いいえ,いいえ,いいえ,0.417,0.138,1.6,46.0,75.6,40.0,75.0,1.256,12.038,3.440,3.296,5.016,1.064,0.968,3.440,3.344,1.808,1.024,1.120,1.032,1.792,1.096,0.656,1.824,0.264,2042,いいえ,61.9,45.0,1.095,1.110,1.800,1.800,1.005,5.040,0.250,いいえ,いいえ,いいえ,43.5,1.095,1.110,1.800,1.800,1.005,5.040,0.375,いいえ,いいえ,いいえ,37,37,いいえ,はい,15388,14039,128,128,34,100.0,いいえ,いいえ,3868,2528,9990,43,45,53,100.0,100.0,いいえ,いいえ,7032,7744,0.0,0.0,0.0,0.000,0.002,1392,1011,0.0,0.0,0.0,0.000,0.000,181182,133153,0.0,0.0,0.0,0.000,0.044,66345,77732,63.4,0.720,18.000,600.0,2400.0,1200.0,100.0,0.0,0.0,0.0,0.0,0.0,0.0,0.0,0.0,125,2,16.0,86,いいえ,いいえ,いいえ,65.7,70.0,73.9,84.0,1.100,12.271,12.275,12.230,12.303,12.275,1542,1544,162.329,29.350,55.776,11.391,19.287,61.589,5.696,24.955,26.620,29.489,220.000,220.000,2775.0,1281.5,2130.0,2764.4,2235.0,2755.9,1279.9,2219.9,94.0,54.0,1.0,0.0,92.0,25.2,100.0,0.0,0.8,0.0,38,38,はい,いいえ,いいえ,はい,いいえ,いいえ,いいえ,36.7,70.6,0,0,0,0,0,0,0,0,0,0,0,0,0,0,0,0,0,0,0,0,0,0,0,0,0,0,0,0,0,0,980,11302,11026,591,16.0,1.0,13.4,0.5,0.5,0.5,0.5,0.0,0.0,0.0,0.0,0.0,0.0,953.70,1832.90,74.50,58.35,1850.85,1850.85,2.19,40.46,953.66,0.04,0.00,0,0,0.0,0.0,44295,39066,6.3,161.6,0,
19.7.2026,1:1:49.369,27841,6070,82.0,14022,17841,44.0,3.5,2048,71,1.254,1.250,1.255,1.255,1.255,1.255,1.255,4169.7,4112.6,4112.6,5140.7,4112.6,3427.2,4112.6,99.8,654.7,1138.3,121.0,750.3,1057.6,629.9,3342.3,213.4,232.2,190.6,59.9,53.1,67.6,654.7,12.5,21.5,2.5,14.9,18.8,11.7,65.0,4.4,4.1,4.0,1.1,1.1,1.3,65.0,12.5,16.4,25.7,3.0,19.5,25.8,16.0,87.7,5.3,5.2,4.9,1.4,1.3,1.6,16.4,41.8,41.2,41.2,51.5,41.2,34.3,41.2,0.0,26.3,27.2,36.6,76.3,10.0,5.2,2.6,46.5,72.7,63.4,23.7,90.0,13.2,16.1,27.1,0.0,0.0,0.0,0.0,81.6,81.2,2395.7,24.00,40,39,39,77,116,708,1,75.0,72.0,70.2,62.2,60.5,65.7,69.8,61.7,57.4,58.2,60.2,60.2,67.2,61.4,47.9,46.0,49.0,1.251,1.015,1.100,16.520,8.066,16.518,39.000,6.116,41.495,2.460,2.722,3.682,5.183,2.278,0.500,0.394,20.675,8.187,35.591,40.590,1996.4,2395.7,5147.4,5147.4,5146.5,46.1,22.0,26.0,46.1,84.7,いいえ,いいえ,いいえ,0.444,0.152,1.6,46.0,74.9,40.0,74.0,1.264,12.038,3.440,3.312,5.016,1.064,0.968,3.440,3.344,1.808,1.024,1.120,1.032,1.792,1.096,0.656,1.824,0.264,2042,いいえ,61.9,45.0,1.110,1.110,1.800,1.800,1.005,5.040,0.250,いいえ,いいえ,いいえ,43.5,1.095,1.110,1.800,1.800,1.005,5.040,0.250,いいえ,いいえ,いいえ,37,37,いいえ,はい,15388,14039,128,128,34,100.0,いいえ,いいえ,3868,2528,9990,43,45,53,100.0,100.0,いいえ,いいえ,7032,7744,0.0,0.1,0.1,0.000,0.016,1392,1011,0.0,0.0,0.0,0.000,0.000,181182,133153,0.0,0.1,0.1,0.000,0.075,66345,77732,63.4,0.720,38.000,600.0,2400.0,1200.0,100.0,0.0,0.0,0.0,0.0,0.0,0.0,0.0,0.0,125,2,16.0,86,いいえ,いいえ,いいえ,68.4,70.0,77.8,84.0,1.100,12.186,12.182,12.153,12.228,12.182,1546,1544,142.912,66.105,108.353,22.634,27.720,120.003,11.330,38.983,100.432,99.388,220.000,220.000,2775.0,1281.5,2130.0,2763.7,2235.0,2767.5,1279.8,2225.9,85.0,31.0,0.0,0.0,92.0,25.3,100.0,0.0,1.0,0.0,38,38,はい,いいえ,いいえ,はい,いいえ,いいえ,いいえ,67.0,65.4,0,0,0,0,0,0,0,0,0,0,0,0,0,0,0,0,0,0,0,0,0,0,0,0,0,0,0,0,0,0,980,11302,11026,591,16.0,2.5,2.5,2.5,2.5,2.5,2.5,2.5,2.5,2.5,2.5,2.5,2.5,401.93,401.93,401.93,401.93,401.93,401.93,392.42,9.12,401.70,0.23,203.78,0,0,0.0,0.0,44295,39067,6.6,222.5,0,
19.7.2026,1:1:51.375,27836,6075,82.0,14054,17809,44.1,3.5,2048,71,1.256,1.260,1.255,1.255,1.255,1.255,1.255,4055.5,4112.6,5140.7,4112.6,4112.6,3427.2,3427.2,99.8,664.0,1158.3,141.7,3061.0,1412.7,748.1,650.6,191.4,252.4,114.6,68.7,72.4,96.4,664.0,12.4,21.5,2.6,59.8,26.5,14.7,10.4,3.5,4.2,2.1,1.0,0.5,1.7,59.8,12.4,16.6,26.1,3.5,80.6,36.4,19.2,14.9,4.6,5.7,2.8,1.6,1.8,2.4,16.6,40.6,41.2,51.5,41.2,41.2,34.3,34.3,0.0,26.8,27.5,86.8,28.9,9.6,3.9,3.7,46.9,72.5,13.2,71.1,90.4,18.3,15.7,26.4,0.0,0.0,0.0,0.0,77.7,80.5,2395.7,24.00,40,39,39,77,116,708,1,74.6,72.2,73.8,62.2,60.6,71.2,64.7,61.2,57.2,58.2,60.2,60.2,67.2,61.4,48.0,46.0,49.0,1.253,1.015,1.100,16.741,8.236,16.738,43.500,6.135,41.971,2.501,2.772,5.590,3.439,2.264,0.495,0.445,20.979,8.360,36.088,41.085,1996.4,2395.7,5147.9,5147.9,5145.6,46.7,22.3,29.0,46.7,85.0,いいえ,いいえ,いいえ,0.463,0.159,1.6,46.0,74.6,40.0,74.0,1.248,12.038,3.440,3.296,5.016,1.064,0.968,3.440,3.344,1.808,1.024,1.120,1.032,1.792,1.096,0.656,1.824,0.264,2036,いいえ,61.9,45.0,1.110,1.110,1.800,1.800,1.005,5.040,0.250,いいえ,いいえ,いいえ,43.5,1.110,1.110,1.800,1.800,1.005,5.040,0.375,いいえ,いいえ,いいえ,37,37,いいえ,はい,15388,14039,128,128,34,100.0,いいえ,いいえ,3868,2528,9990,43,45,53,100.0,100.0,いいえ,いいえ,7032,7744,0.0,0.0,0.0,0.000,0.002,1392,1011,0.0,0.0,0.0,0.000,0.000,181182,133153,0.0,0.2,0.2,0.000,0.261,66345,77732,63.4,0.720,38.000,600.0,2400.0,1200.0,100.0,0.0,0.0,0.0,0.0,0.0,0.0,0.0,0.0,125,2,16.0,86,いいえ,いいえ,いいえ,69.6,70.0,79.4,84.0,1.100,12.156,12.150,12.118,12.203,12.151,1551,1544,141.304,72.026,121.255,28.553,32.150,135.672,14.290,46.428,102.446,95.412,220.000,220.000,2775.0,1281.5,2130.0,2764.4,2235.0,2761.2,1279.9,2222.4,78.0,16.0,0.0,0.0,92.0,25.1,100.0,0.0,0.4,0.0,38,38,はい,いいえ,いいえ,はい,いいえ,いいえ,いいえ,76.2,73.4,0,0,0,0,0,0,0,0,0,0,0,0,0,0,0,0,0,0,0,0,0,0,0,0,0,0,0,0,0,0,980,11302,11026,591,16.0,7.6,17.7,2.9,2.8,2.8,2.8,2.5,2.5,2.5,2.5,2.5,2.5,131.50,348.94,56.58,56.55,354.41,354.41,1.19,22.42,131.45,0.04,50.32,0,0,0.0,0.0,44295,39067,5.4,86.1,0,
19.7.2026,1:1:53.378,27832,6079,82.0,14127,17735,44.3,3.5,2048,71,1.248,1.260,1.245,1.245,1.245,1.245,1.245,4055.5,4112.6,5140.7,4112.6,4112.6,3427.2,3427.2,99.8,671.7,1252.0,110.4,2528.6,1251.7,1059.1,1035.8,179.9,237.3,141.9,134.3,59.5,70.1,671.7,12.7,23.6,2.0,49.6,22.9,20.7,18.2,3.4,3.8,2.8,2.5,1.8,1.2,49.6,12.7,16.8,29.0,2.7,66.6,31.7,27.4,25.3,4.3,5.2,3.6,3.4,1.4,1.7,16.8,40.6,41.2,51.5,41.2,41.2,34.3,34.3,0.0,27.2,29.4,73.9,42.1,9.2,5.6,2.8,46.4,70.6,26.1,57.9,90.8,16.1,16.9,26.4,0.0,0.0,0.0,0.0,78.2,80.2,2395.7,24.00,40,39,39,77,116,708,1,74.5,72.2,72.2,62.3,60.8,69.8,66.2,61.3,57.5,58.2,60.2,60.2,67.0,61.3,47.9,46.0,49.0,1.252,1.015,1.100,16.722,8.299,16.727,36.500,6.126,42.100,2.553,2.863,5.085,4.026,2.290,0.604,0.447,20.950,8.423,36.112,41.123,1996.4,2395.7,5147.1,5147.1,5144.9,46.7,22.3,24.3,46.7,84.9,いいえ,いいえ,いいえ,0.460,0.167,1.6,46.0,74.5,40.0,74.0,1.256,12.038,3.440,3.312,5.016,1.064,0.968,3.440,3.344,1.808,1.024,1.120,1.032,1.792,1.096,0.656,1.824,0.264,2039,いいえ,61.9,45.0,1.110,1.110,1.800,1.800,1.005,5.040,0.250,いいえ,いいえ,いいえ,43.5,1.110,1.110,1.800,1.800,1.005,5.040,0.375,いいえ,いいえ,いいえ,37,37,いいえ,はい,15388,14039,128,128,34,100.0,いいえ,いいえ,3868,2528,9990,43,45,53,100.0,100.0,いいえ,いいえ,7032,7744,0.0,0.1,0.1,0.000,0.008,1392,1011,0.0,0.0,0.0,0.000,0.000,181182,133153,0.0,0.0,0.0,0.000,0.044,66345,77732,63.4,0.720,19.000,600.0,2400.0,1200.0,100.0,0.0,0.0,0.0,0.0,0.0,0.0,0.0,0.0,125,2,16.0,86,いいえ,いいえ,いいえ,65.0,70.0,73.2,84.0,1.100,12.205,12.203,12.165,12.248,12.204,1549,1549,150.337,60.721,96.034,22.601,27.639,107.574,11.301,38.875,115.477,66.269,220.000,220.000,2775.0,1281.5,2130.0,2764.3,2235.0,2774.4,1280.5,2228.7,92.0,53.0,0.0,0.0,92.0,25.2,100.0,0.0,0.8,0.0,39,39,はい,いいえ,いいえ,はい,いいえ,いいえ,いいえ,61.3,28.0,0,0,0,0,0,0,0,0,0,0,0,0,0,0,0,0,0,0,0,0,0,0,0,0,0,0,0,0,0,0,980,11302,11026,591,16.0,2.2,2.4,2.0,2.0,2.0,2.0,2.1,2.4,1.9,1.9,1.9,1.9,456.26,502.00,410.52,409.68,502.94,502.94,448.59,7.30,456.02,0.24,137.99,0,0,0.0,0.0,44295,39067,6.0,179.2,0,
19.7.2026,1:1:55.376,27834,6077,82.0,14648,17215,45.9,3.5,2048,71,1.139,1.170,1.155,1.105,1.080,1.185,1.140,4812.2,4716.5,4791.4,4791.4,4891.2,4866.2,4816.3,99.8,1689.2,2003.8,1291.2,2459.0,2674.7,1632.1,2159.8,1418.6,1420.9,1318.3,1301.0,1288.6,1302.4,1689.2,34.0,39.9,27.0,49.8,53.5,33.0,42.4,28.8,28.3,26.9,26.5,26.2,26.3,53.5,34.0,43.4,49.7,33.8,64.5,70.0,42.1,55.3,36.3,35.9,33.7,33.1,32.8,33.1,43.3,48.2,47.2,48.0,48.0,49.0,48.8,48.2,0.0,43.9,43.9,77.9,52.2,32.9,29.0,27.8,36.9,48.6,22.1,47.8,62.2,20.5,20.0,19.2,7.5,0.0,0.0,4.9,50.5,52.2,2395.7,24.00,40,39,39,77,116,708,1,81.9,75.8,84.5,66.9,64.2,72.7,70.4,66.9,62.6,64.4,60.8,60.8,68.2,61.9,48.0,46.0,49.0,1.223,1.015,1.100,22.608,8.562,22.559,66.500,6.159,49.073,3.859,3.675,5.768,5.051,3.663,2.517,2.480,27.400,8.688,42.864,48.247,1996.4,2395.7,5041.0,5041.0,5069.0,54.8,30.1,44.3,54.8,89.2,いいえ,いいえ,いいえ,6.811,3.065,2.6,46.0,82.0,40.0,82.0,1.240,12.144,3.440,3.312,5.016,1.072,0.968,3.440,3.344,1.808,1.024,1.120,1.032,1.792,1.096,0.656,1.824,0.264,2051,いいえ,61.9,45.0,1.110,1.110,1.800,1.800,1.005,5.040,0.250,いいえ,いいえ,いいえ,43.8,1.110,1.110,1.800,1.800,1.005,5.040,0.750,いいえ,いいえ,いいえ,37,37,いいえ,はい,15388,14039,128,128,34,100.0,いいえ,いいえ,3868,2528,9990,43,45,53,100.0,100.0,いいえ,いいえ,7032,7744,0.0,0.0,0.0,0.000,0.002,1392,1011,0.0,0.0,0.0,0.000,0.000,181182,133153,0.0,0.0,0.0,0.000,0.002,66345,77732,63.5,0.720,20.000,600.0,2400.0,1200.0,100.0,0.0,0.0,0.0,0.0,0.0,0.0,0.0,0.0,125,2,16.0,86,いいえ,いいえ,いいえ,58.2,66.0,69.0,84.0,1.095,12.303,12.314,12.253,12.332,12.315,1558,1560,48.755,19.170,27.222,7.561,16.578,31.003,3.781,20.366,23.700,23.153,220.000,220.000,2775.0,1281.5,2145.0,2769.3,2235.0,2776.8,1280.1,2235.5,1.0,0.0,1.0,0.0,87.5,20.4,80.7,0.0,1.1,0.0,39,39,はい,いいえ,いいえ,はい,いいえ,いいえ,いいえ,21.6,22.0,0,0,0,0,0,0,0,0,0,0,0,0,0,0,0,0,0,0,0,0,0,0,0,0,0,0,0,0,0,0,1538,10744,10468,591,16.0,2.9,144.6,1.2,1.2,1.2,1.2,2.9,58.5,1.2,1.2,1.2,1.2,347.19,842.56,6.98,6.78,852.69,852.69,6.78,194.94,346.86,0.33,435.01,0,0,0.0,0.0,44295,39068,6.8,233.5,0,
19.7.2026,1:1:57.378,28108,5803,82.8,13723,18140,43.0,3.5,2048,71,1.280,1.280,1.280,1.280,1.280,1.280,1.280,4626.7,5140.7,5140.7,5140.7,4112.6,4112.6,4112.6,99.8,1325.2,2170.3,854.7,1426.1,2995.4,1461.1,2212.0,957.4,1180.9,660.3,650.6,639.7,694.3,1325.2,26.6,37.9,17.1,28.6,60.1,29.9,44.0,19.6,23.5,14.9,14.7,13.8,15.6,60.1,26.6,34.5,49.7,22.0,37.6,78.7,38.4,57.4,25.6,30.3,18.3,18.1,17.9,19.3,34.5,46.3,51.5,51.5,51.5,41.2,41.2,41.2,0.0,42.3,45.4,75.0,61.0,32.4,20.0,20.2,43.3,47.3,25.0,39.0,67.6,35.5,45.7,14.3,7.3,0.0,0.0,0.0,44.5,34.2,2395.7,24.00,40,39,39,77,116,708,1,82.5,78.9,83.5,68.1,64.9,75.6,73.4,68.1,62.0,64.8,62.1,62.1,68.0,62.2,48.0,46.0,49.0,1.238,1.015,1.100,22.846,8.519,22.878,59.000,6.126,50.200,3.957,3.701,6.330,5.654,3.899,1.955,2.205,28.193,8.645,43.577,48.927,1996.4,2395.7,5045.7,5045.7,5050.9,55.6,30.5,39.3,55.6,92.8,いいえ,いいえ,いいえ,4.831,2.722,2.5,46.0,82.4,40.0,82.0,1.280,12.091,3.440,3.296,5.016,1.064,0.968,3.440,3.344,1.808,1.024,1.120,1.032,1.792,1.096,0.648,1.824,0.264,2054,いいえ,61.9,45.2,1.110,1.110,1.800,1.800,0.990,5.040,0.250,いいえ,いいえ,いいえ,43.8,1.110,1.110,1.800,1.800,1.005,5.040,0.500,いいえ,いいえ,いいえ,37,37,いいえ,はい,15388,14039,128,128,34,100.0,いいえ,いいえ,3868,2528,9990,43,45,53,100.0,100.0,いいえ,いいえ,7032,7744,0.0,0.0,0.0,0.000,0.004,1392,1011,0.0,0.0,0.0,0.000,0.000,181182,133153,0.0,0.0,0.0,0.000,0.012,66345,77733,64.0,0.720,18.000,600.0,2400.0,1200.0,100.0,0.0,0.0,0.0,0.0,0.0,0.0,0.0,0.0,125,2,16.0,86,いいえ,いいえ,いいえ,64.9,66.0,73.3,84.0,1.095,12.181,12.176,12.145,12.224,12.177,1553,1553,38.062,69.837,110.384,24.474,29.002,122.938,12.238,41.184,119.539,98.938,220.000,220.000,2775.0,1281.5,2145.0,1190.9,2235.0,2768.9,1280.2,2231.3,86.0,57.0,1.0,1.0,92.7,24.1,95.3,0.0,1.1,0.0,38,38,はい,いいえ,いいえ,はい,いいえ,いいえ,いいえ,71.3,73.3,0,0,0,0,0,0,0,0,0,0,0,0,0,0,0,0,0,0,0,0,0,0,0,0,0,0,0,0,0,0,902,11380,11104,591,16.0,2.9,144.6,1.2,1.2,1.2,1.2,2.9,58.5,1.2,1.2,1.2,1.2,347.19,842.56,6.98,6.78,852.69,852.69,6.78,194.94,346.86,0.33,435.01,0,0,0.0,0.0,44295,39068,6.5,202.1,0,
19.7.2026,1:1:59.373,28015,5896,82.6,13815,18047,43.3,3.5,2048,71,1.248,1.260,1.245,1.245,1.245,1.245,1.245,3941.2,4112.6,4112.6,5140.7,3427.2,3427.2,3427.2,99.8,713.4,1534.0,131.7,552.1,3717.8,446.3,1220.0,167.9,298.6,195.4,125.9,68.3,103.1,713.4,13.6,28.9,2.8,11.4,72.6,8.8,21.9,4.1,4.2,3.6,2.0,1.7,1.5,72.6,13.6,17.9,36.0,3.2,14.3,97.9,11.1,29.9,4.0,6.3,5.0,3.1,1.7,2.5,17.9,39.5,41.2,41.2,51.5,34.3,34.3,34.3,0.0,28.8,34.5,83.1,33.9,10.4,6.8,3.9,47.7,65.5,16.9,66.1,89.6,24.2,23.7,23.6,0.0,0.0,0.0,0.0,69.0,72.5,2395.7,24.00,40,39,39,77,116,708,1,80.1,73.4,71.2,63.5,62.4,71.9,66.3,62.3,58.8,59.4,61.1,61.1,67.5,62.0,48.0,46.0,49.0,1.261,1.015,1.100,17.751,8.223,17.766,39.000,6.129,43.554,2.765,3.141,5.583,3.845,2.517,0.854,0.651,22.395,8.346,37.483,42.522,1996.4,2395.7,5150.9,5150.9,5147.1,48.3,23.7,26.0,48.3,86.3,いいえ,いいえ,いいえ,0.766,0.275,1.7,46.0,79.1,40.0,79.0,1.264,12.091,3.440,3.296,5.016,1.064,0.968,3.440,3.344,1.808,1.024,1.120,1.032,1.792,1.096,0.656,1.824,0.264,2051,いいえ,61.9,45.0,1.110,1.110,1.800,1.800,0.990,5.040,0.500,いいえ,いいえ,いいえ,43.8,1.110,1.110,1.800,1.800,0.990,4.970,0.250,いいえ,いいえ,いいえ,37,37,いいえ,はい,15388,14039,128,128,34,100.0,いいえ,いいえ,3868,2528,9990,43,45,54,100.0,100.0,いいえ,いいえ,7032,7744,0.0,0.1,0.1,0.000,0.008,1392,1011,0.0,0.0,0.0,0.000,0.000,181182,133153,0.0,0.0,0.0,0.000,0.236,66345,77733,63.8,0.720,26.000,600.0,2400.0,1200.0,100.0,0.0,0.0,0.0,0.0,0.0,0.0,0.0,0.0,125,2,16.0,86,いいえ,いいえ,いいえ,68.9,70.0,78.8,84.0,1.100,12.185,12.183,12.148,12.228,12.183,1542,1542,130.936,57.892,107.096,24.707,29.252,119.758,12.354,41.537,26.930,101.502,220.000,220.000,2775.0,1281.5,2130.0,2768.2,2235.0,2766.9,1280.4,2224.9,92.0,54.0,1.0,0.0,92.0,25.2,100.0,0.0,0.8,0.0,38,38,はい,いいえ,いいえ,はい,いいえ,いいえ,いいえ,74.7,73.8,0,0,0,0,0,0,0,0,0,0,0,0,0,0,0,0,0,0,0,0,0,0,0,0,0,0,0,0,0,0,980,11302,11026,591,16.0,1.3,1.3,1.3,1.3,1.3,1.3,1.2,1.2,1.2,1.2,1.2,1.2,795.35,795.35,795.35,795.35,795.35,795.35,758.03,36.92,795.10,0.25,92.68,0,0,0.0,0.0,44295,39068,6.2,131.7,0,
19.7.2026,1:2:1.376,27927,5984,82.3,13855,18008,43.4,3.5,2048,71,1.253,1.265,1.250,1.250,1.250,1.250,1.250,4169.7,4112.6,5140.7,4112.6,4112.6,3427.2,4112.6,99.8,641.1,1022.5,95.8,1001.3,3473.1,443.8,900.2,201.9,178.0,177.7,53.5,63.7,82.1,641.1,12.1,19.2,1.4,19.0,67.3,8.2,15.3,3.5,3.1,3.9,1.3,1.5,1.9,67.3,12.1,16.2,23.3,2.3,26.3,91.3,11.1,21.7,4.9,3.8,4.5,1.3,1.5,2.0,16.2,41.8,41.2,51.5,41.2,41.2,34.3,41.2,0.0,25.9,24.7,86.6,27.6,8.4,4.9,3.1,46.3,75.3,13.4,72.4,91.6,12.1,12.7,27.9,0.0,0.0,0.0,0.0,83.0,84.2,2395.7,24.00,40,39,39,77,116,708,1,78.1,72.5,74.2,62.3,60.7,71.4,64.7,61.2,57.6,58.3,60.5,60.5,67.8,61.8,48.0,46.0,49.0,1.255,1.015,1.100,16.466,8.220,16.461,38.500,6.124,41.668,2.423,2.641,5.489,3.361,2.203,0.478,0.366,20.673,8.343,35.753,40.747,1996.4,2395.7,5150.4,5150.4,5147.4,46.3,21.9,25.7,46.3,85.3,いいえ,いいえ,いいえ,0.425,0.139,1.6,46.0,78.1,40.0,78.0,1.264,12.038,3.440,3.296,5.016,1.064,0.968,3.440,3.344,1.808,1.024,1.120,1.032,1.792,1.096,0.656,1.824,0.264,2045,いいえ,61.9,45.0,1.110,1.110,1.800,1.800,0.990,5.040,0.375,いいえ,いいえ,いいえ,43.8,1.110,1.110,1.800,1.800,0.990,5.040,0.250,いいえ,いいえ,いいえ,37,37,いいえ,はい,15388,14039,128,128,34,100.0,いいえ,いいえ,3868,2528,9990,43,45,53,100.0,100.0,いいえ,いいえ,7032,7744,0.0,0.0,0.0,0.000,0.004,1392,1011,0.0,0.0,0.0,0.000,0.000,181182,133153,0.0,0.0,0.0,0.000,0.004,66345,77733,63.6,0.720,17.000,600.0,2400.0,1200.0,100.0,0.0,0.0,0.0,0.0,0.0,0.0,0.0,0.0,125,2,16.0,86,いいえ,いいえ,いいえ,68.9,70.0,78.7,84.0,1.100,12.157,12.152,12.121,12.204,12.153,1544,1542,143.608,62.563,120.960,28.752,32.289,135.488,14.377,46.658,25.378,96.605,220.000,220.000,2775.0,1281.5,2130.0,2764.4,2235.0,2765.8,1281.1,2222.9,95.0,63.0,1.0,0.0,92.0,25.1,100.0,0.0,0.6,0.0,38,38,はい,いいえ,いいえ,はい,いいえ,いいえ,いいえ,75.9,82.3,0,0,0,0,0,0,0,0,0,0,0,0,0,0,0,0,0,0,0,0,0,0,0,0,0,0,0,0,0,0,980,11302,11026,592,16.0,7.4,16.0,2.9,2.8,2.8,2.8,2.4,2.4,2.4,2.4,2.4,2.4,135.23,345.29,62.52,62.51,355.66,355.66,1.66,32.98,135.19,0.05,41.70,0,0,0.0,0.0,44295,39069,5.9,95.4,0,
19.7.2026,1:2:3.386,27851,6060,82.1,13943,17920,43.7,3.5,2048,71,1.247,1.255,1.245,1.245,1.245,1.245,1.245,3941.2,4112.6,4112.6,5140.7,3427.2,3427.2,3427.2,99.8,687.0,1283.7,160.9,1365.0,944.7,2640.3,910.8,281.6,268.1,145.8,66.8,79.8,97.0,687.0,13.2,23.8,3.3,27.0,16.8,51.8,16.6,5.9,4.8,3.1,1.3,1.7,2.0,51.8,13.2,17.2,28.7,3.9,35.7,23.1,69.3,22.7,6.9,6.1,3.6,1.6,1.9,2.4,17.2,39.5,41.2,41.2,51.5,34.3,34.3,34.3,0.0,27.7,30.2,46.1,69.4,12.3,4.6,3.9,47.3,69.8,53.9,30.6,87.7,20.4,21.6,24.9,0.0,0.0,0.0,0.0,75.0,74.5,2395.7,24.00,40,39,39,77,116,708,1,76.8,72.3,69.8,62.8,61.4,67.2,69.5,62.3,57.7,58.9,60.6,60.6,67.0,61.6,48.0,46.0,49.0,1.254,1.015,1.100,17.007,8.212,17.013,44.500,6.126,42.399,2.627,2.958,4.126,5.007,2.467,0.601,0.604,21.337,8.335,36.410,41.426,1996.4,2395.7,5147.8,5147.8,5147.2,47.1,22.7,29.7,47.1,85.1,いいえ,いいえ,いいえ,0.538,0.184,1.7,46.0,76.8,40.0,76.0,1.256,12.038,3.440,3.296,5.016,1.064,0.968,3.440,3.344,1.808,1.024,1.120,1.032,1.792,1.096,0.648,1.824,0.264,2042,いいえ,61.9,45.0,1.110,1.110,1.800,1.800,0.990,5.040,0.250,いいえ,いいえ,いいえ,43.8,1.110,1.110,1.800,1.800,0.990,5.040,0.250,いいえ,いいえ,いいえ,37,37,いいえ,はい,15388,14039,128,128,34,100.0,いいえ,いいえ,3868,2528,9990,43,45,53,100.0,100.0,いいえ,いいえ,7032,7744,0.0,0.0,0.0,0.000,0.002,1392,1011,0.0,0.0,0.0,0.000,0.000,181182,133153,0.0,0.0,0.0,0.000,0.008,66345,77733,63.5,0.720,17.000,600.0,2400.0,1200.0,100.0,0.0,0.0,0.0,0.0,0.0,0.0,0.0,0.0,125,2,16.0,86,いいえ,いいえ,いいえ,68.7,70.0,78.0,84.0,1.100,12.163,12.160,12.123,12.209,12.158,1544,1544,140.346,73.726,121.594,29.329,32.842,136.451,14.663,47.488,99.433,108.005,220.000,220.000,2775.0,1281.5,2130.0,2764.2,2235.0,2766.6,1280.2,2226.1,96.0,62.0,0.0,0.0,92.0,25.2,100.0,0.0,0.8,0.0,38,38,はい,いいえ,いいえ,はい,いいえ,いいえ,いいえ,76.9,66.4,0,0,0,0,0,0,0,0,0,0,0,0,0,0,0,0,0,0,0,0,0,0,0,0,0,0,0,0,0,0,980,11302,11026,592,16.0,10.8,17.5,5.9,5.8,5.8,5.8,4.7,29.5,2.5,2.5,2.5,2.5,92.30,169.44,57.15,57.12,173.68,173.68,2.95,33.11,92.24,0.05,38.27,0,0,0.0,0.0,44295,39069,6.5,165.3,0,
19.7.2026,1:2:5.391,27849,6062,82.1,13948,17915,43.7,3.5,2048,71,1.252,1.250,1.255,1.255,1.255,1.250,1.250,4283.9,4112.6,4112.6,5140.7,4112.6,4112.6,4112.6,99.8,643.7,1025.1,109.5,1760.9,1154.3,2360.7,523.1,193.2,228.4,159.1,66.3,63.0,81.0,643.7,12.4,19.1,2.2,34.6,21.6,46.5,9.0,3.8,4.2,3.3,1.2,1.3,1.6,46.5,12.4,16.2,22.9,2.6,46.2,29.4,62.0,12.6,4.6,5.2,4.0,1.6,1.5,2.0,16.2,42.9,41.2,41.2,51.5,41.2,41.2,41.2,0.0,26.0,24.5,57.2,56.9,9.3,4.8,3.2,47.4,75.5,42.8,43.1,90.7,16.4,16.0,26.6,0.0,0.0,0.0,0.0,78.8,80.8,2395.7,24.00,40,39,39,77,116,708,1,75.8,72.0,69.8,62.3,60.5,68.0,67.8,61.5,57.5,58.3,60.4,60.4,67.8,61.6,48.0,46.0,49.0,1.251,1.015,1.100,16.249,8.123,16.249,38.500,6.127,41.246,2.425,2.613,4.349,4.414,2.207,0.540,0.427,20.345,8.245,35.330,40.329,1996.4,2395.7,5146.1,5146.1,5146.3,45.8,21.7,25.7,45.8,84.7,いいえ,いいえ,いいえ,0.402,0.141,1.6,46.0,75.6,40.0,75.0,1.264,12.038,3.440,3.296,5.016,1.064,0.968,3.440,3.344,1.808,1.024,1.120,1.032,1.792,1.096,0.656,1.824,0.264,2045,いいえ,61.9,45.0,1.110,1.110,1.800,1.800,0.990,5.040,0.250,いいえ,いいえ,いいえ,43.8,1.110,1.110,1.800,1.800,0.990,5.040,0.250,いいえ,いいえ,いいえ,37,37,いいえ,はい,15388,14039,128,128,34,100.0,いいえ,いいえ,3868,2528,9990,43,45,53,100.0,100.0,いいえ,いいえ,7032,7744,0.0,0.1,0.1,0.000,0.008,1392,1011,0.0,0.0,0.0,0.000,0.000,181182,133153,0.0,0.1,0.1,0.024,0.241,66345,77733,63.5,0.720,18.000,600.0,2400.0,1200.0,100.0,0.0,0.0,0.0,0.0,0.0,0.0,0.0,0.0,125,2,16.0,86,いいえ,いいえ,いいえ,70.0,70.0,79.7,84.0,1.100,12.157,12.154,12.116,12.206,12.153,1544,1544,153.053,64.609,119.978,29.436,32.932,134.850,14.717,47.638,36.410,100.914,220.000,220.000,2775.0,1281.5,2130.0,2764.4,2235.0,2768.6,1279.8,2223.0,95.0,58.0,1.0,0.0,92.0,25.2,100.0,0.0,0.9,0.0,38,38,はい,いいえ,いいえ,はい,いいえ,いいえ,いいえ,76.2,88.4,0,0,0,0,0,0,0,0,0,0,0,0,0,0,0,0,0,0,0,0,0,0,0,0,0,0,0,0,0,0,980,11302,11026,592,16.0,3.2,3.2,3.2,3.2,3.2,3.2,3.5,3.5,3.5,3.5,3.5,3.5,310.41,310.41,310.41,310.41,310.41,310.41,306.69,3.87,310.15,0.26,413.36,0,0,0.0,0.0,44296,39069,140.7,166.1,0,
19.7.2026,1:2:7.393,27843,6068,82.1,14006,17857,43.9,3.5,2048,71,1.253,1.245,1.255,1.255,1.255,1.255,1.255,4193.5,4941.1,4112.6,5140.7,4112.6,3427.2,3427.2,99.8,653.1,1086.9,88.2,1119.2,1437.0,1044.7,2254.8,175.1,253.8,164.0,66.4,72.7,74.6,653.1,12.7,21.0,1.8,22.0,27.3,20.3,43.2,3.6,4.7,3.6,1.4,1.7,1.6,43.2,12.7,16.5,25.1,2.1,29.2,36.4,27.0,58.5,4.2,5.8,4.2,1.6,1.8,1.8,16.5,42.0,49.5,41.2,51.5,41.2,34.3,34.3,0.0,26.4,25.9,51.1,64.0,9.4,5.0,3.2,47.5,74.0,48.9,36.0,90.6,16.3,19.1,26.1,0.0,0.0,0.0,0.0,78.7,77.6,2395.7,24.00,40,39,39,77,116,708,1,75.0,72.0,70.2,62.3,60.6,67.2,68.6,61.6,57.5,58.4,60.3,60.3,68.0,61.7,48.0,46.0,49.0,1.252,1.015,1.100,16.506,8.158,16.500,39.000,6.106,41.534,2.473,2.683,4.141,4.730,2.259,0.537,0.485,20.677,8.281,35.674,40.668,1996.4,2395.7,5148.4,5148.4,5146.7,46.2,22.0,26.0,46.2,84.7,いいえ,いいえ,いいえ,0.434,0.154,1.6,46.0,74.0,40.0,74.0,1.248,12.091,3.440,3.312,5.016,1.064,0.968,3.440,3.344,1.808,1.024,1.120,1.032,1.792,1.096,0.656,1.824,0.264,2042,いいえ,61.9,45.0,1.110,1.110,1.800,1.800,0.990,5.040,0.250,いいえ,いいえ,いいえ,43.8,1.110,1.110,1.800,1.800,0.990,5.040,0.250,いいえ,いいえ,いいえ,37,37,いいえ,はい,15388,14039,128,128,34,100.0,いいえ,いいえ,3868,2528,9990,43,45,53,100.0,100.0,いいえ,いいえ,7032,7744,0.0,0.0,0.0,0.000,0.004,1392,1011,0.0,0.0,0.0,0.000,0.000,181182,133153,0.0,0.0,0.0,0.000,0.113,66345,77734,63.5,0.720,32.000,600.0,2400.0,1200.0,100.0,0.0,0.0,0.0,0.0,0.0,0.0,0.0,0.0,125,2,16.0,86,いいえ,いいえ,いいえ,68.3,70.0,77.3,84.0,1.100,12.197,12.196,12.159,12.239,12.194,1542,1544,148.216,67.553,102.944,23.636,28.331,115.023,11.816,40.084,141.356,77.239,220.000,220.000,2775.0,1281.5,2130.0,2764.2,2235.0,2765.0,1279.0,2225.3,92.0,44.0,1.0,0.0,92.0,25.3,100.0,0.0,1.3,0.0,38,38,はい,いいえ,いいえ,はい,いいえ,いいえ,いいえ,65.0,49.6,0,0,0,0,0,0,0,0,0,0,0,0,0,0,0,0,0,0,0,0,0,0,0,0,0,0,0,0,0,0,980,11302,11026,592,16.0,1.3,1.3,1.3,1.3,1.3,1.3,0.0,0.0,0.0,0.0,0.0,0.0,767.89,767.89,767.89,767.89,767.89,767.89,3.09,76.19,767.83,0.06,0.00,0,0,0.0,0.0,44296,39070,7.3,251.1,0,
19.7.2026,1:2:9.386,27843,6068,82.1,14050,17813,44.0,3.5,2048,71,1.247,1.255,1.245,1.245,1.245,1.245,1.245,4283.9,4112.6,4112.6,5140.7,4112.6,4112.6,4112.6,99.8,646.0,1133.4,102.8,510.1,1318.6,499.0,3447.4,203.0,258.2,96.6,64.3,47.6,71.6,646.0,12.4,22.1,1.6,10.4,24.3,9.5,67.5,4.6,5.0,1.6,0.8,0.5,1.0,67.5,12.4,16.3,26.2,2.5,13.1,32.7,12.4,90.7,5.0,5.9,2.4,1.5,1.1,1.7,16.3,42.9,41.2,41.2,51.5,41.2,41.2,41.2,0.0,26.1,26.9,37.2,76.0,10.4,3.4,2.6,46.3,73.1,62.8,24.0,89.6,13.1,15.1,27.6,0.0,0.0,0.0,0.0,83.5,82.3,2395.7,24.00,40,39,39,77,116,708,1,74.6,71.9,70.8,62.2,60.6,65.8,69.8,61.7,57.1,58.2,60.3,60.3,67.0,61.9,48.0,46.0,49.0,1.251,1.015,1.100,16.515,8.175,16.516,41.000,6.111,41.628,2.432,2.697,3.736,5.115,2.266,0.393,0.385,20.664,8.297,35.683,40.684,1996.4,2395.7,5145.5,5145.5,5145.3,46.2,22.0,27.3,46.2,84.6,いいえ,いいえ,いいえ,0.422,0.141,1.6,46.0,74.6,40.0,74.0,1.248,12.091,3.440,3.296,5.016,1.064,0.968,3.440,3.344,1.808,1.024,1.120,1.032,1.792,1.096,0.648,1.824,0.264,2039,いいえ,61.9,45.0,1.110,1.110,1.800,1.800,0.990,5.040,0.250,いいえ,いいえ,いいえ,43.8,1.110,1.110,1.800,1.800,1.005,5.040,0.250,いいえ,いいえ,いいえ,37,37,いいえ,はい,15388,14039,128,128,34,100.0,いいえ,いいえ,3868,2528,9990,43,45,53,100.0,100.0,いいえ,いいえ,7032,7744,0.0,19.7,19.7,0.000,0.010,1392,1011,0.0,0.0,0.0,0.000,0.000,181182,133153,0.0,0.1,0.1,0.000,0.093,66345,77734,63.5,0.720,21.000,600.0,2400.0,1200.0,100.0,0.0,0.0,0.0,0.0,0.0,0.0,0.0,0.0,125,2,16.0,86,いいえ,いいえ,いいえ,68.6,70.0,77.8,84.0,1.100,12.183,12.180,12.147,12.226,12.179,1544,1544,146.880,70.626,111.696,24.604,29.177,124.265,12.300,41.421,129.959,91.584,220.000,220.000,2775.0,1281.5,2130.0,2765.0,2235.0,2758.6,1280.5,2219.0,93.0,50.0,1.0,0.0,92.0,25.2,100.0,0.0,0.9,0.0,38,38,はい,いいえ,いいえ,はい,いいえ,いいえ,いいえ,69.6,79.8,0,0,0,0,0,0,0,0,0,0,0,0,0,0,0,0,0,0,0,0,0,0,0,0,0,0,0,0,0,0,980,11302,11026,592,16.0,7.7,17.3,2.9,2.8,2.8,2.8,5.8,28.3,2.8,2.7,2.7,2.7,130.34,341.75,57.79,57.58,353.43,353.43,1.95,36.43,130.29,0.04,157.48,0,0,0.0,0.0,44296,39070,6.5,278.0,0,
19.7.2026,1:2:11.383,27847,6064,82.1,14094,17769,44.2,3.5,2048,71,1.253,1.265,1.250,1.250,1.250,1.250,1.250,4455.3,5140.7,5140.7,4112.6,4112.6,4112.6,4112.6,99.8,692.6,1368.9,134.0,1964.4,870.7,862.8,2285.0,199.5,264.2,148.5,76.4,59.0,77.8,692.6,13.3,25.8,3.2,38.3,15.1,16.7,43.2,3.8,4.3,3.6,2.0,1.8,2.0,43.2,13.3,17.4,31.7,3.3,51.6,21.1,22.2,58.8,4.8,5.8,3.7,1.8,1.4,1.9,17.4,44.6,51.5,51.5,41.2,41.2,41.2,41.2,0.0,27.9,32.0,55.9,61.5,10.4,4.7,3.0,47.5,68.0,44.1,38.5,89.6,21.8,23.1,24.6,0.0,0.0,0.0,0.0,73.5,73.9,2395.7,24.00,40,39,39,77,116,708,1,74.5,72.7,72.2,62.7,61.2,68.2,68.5,61.9,57.6,58.6,60.4,60.4,67.8,61.5,48.0,46.0,49.0,1.255,1.015,1.100,17.259,8.227,17.254,37.500,6.126,42.663,2.664,3.020,4.560,4.778,2.408,0.650,0.568,21.677,8.350,36.765,41.760,1996.4,2395.7,5148.9,5148.9,5146.2,47.5,23.0,25.0,47.5,85.5,いいえ,いいえ,いいえ,0.443,0.162,1.7,46.0,74.5,40.0,74.0,1.264,12.091,3.440,3.312,5.040,1.064,0.968,3.440,3.344,1.808,1.024,1.120,1.032,1.792,1.096,0.648,1.824,0.264,2045,いいえ,61.9,45.0,1.110,1.110,1.800,1.800,0.990,5.040,0.500,いいえ,いいえ,いいえ,43.8,1.110,1.110,1.800,1.800,0.990,5.040,0.250,いいえ,いいえ,いいえ,37,37,いいえ,はい,15388,14039,128,128,34,100.0,いいえ,いいえ,3868,2528,9990,43,45,54,100.0,100.0,いいえ,いいえ,7032,7744,0.0,0.0,0.0,0.000,0.002,1392,1011,0.0,0.0,0.0,0.000,0.000,181182,133153,0.0,0.0,0.0,0.000,0.002,66345,77734,63.4,0.720,20.000,600.0,2400.0,1200.0,100.0,0.0,0.0,0.0,0.0,0.0,0.0,0.0,0.0,125,2,16.0,86,いいえ,いいえ,いいえ,69.9,70.0,79.9,84.0,1.100,12.162,12.159,12.124,12.208,12.158,1549,1547,140.075,80.247,120.634,28.597,32.215,135.139,14.297,46.479,161.142,103.470,220.000,220.000,2775.0,1281.5,2130.0,2764.6,2235.0,2766.6,1280.9,2224.9,95.0,61.0,1.0,0.0,92.0,25.3,100.0,0.0,1.2,0.0,39,39,はい,いいえ,いいえ,はい,いいえ,いいえ,いいえ,76.0,77.1,0,0,0,0,0,0,0,0,0,0,0,0,0,0,0,0,0,0,0,0,0,0,0,0,0,0,0,0,0,0,980,11302,11026,585,16.0,6.8,16.0,3.5,3.5,3.5,3.5,3.9,4.3,3.5,3.5,3.5,3.5,146.45,285.11,62.39,62.38,288.62,288.62,2.40,38.58,146.41,0.04,85.84,0,0,0.0,0.0,44296,39071,6.9,244.1,0,
19.7.2026,1:2:13.394,27542,6369,81.2,14380,17483,45.1,3.5,2048,71,1.173,1.090,1.235,1.245,1.140,1.165,1.165,4700.7,4741.4,3972.8,4966.0,4891.2,4816.3,4816.3,99.8,1017.8,1365.9,528.3,2526.9,1177.5,1335.2,1753.0,658.4,640.3,589.9,567.2,530.4,541.0,1017.8,19.6,26.0,11.1,50.1,22.7,26.2,33.3,12.7,11.6,11.1,10.5,9.8,9.9,50.1,19.6,25.0,32.1,13.7,66.2,29.9,34.1,44.2,15.6,14.5,13.4,12.9,11.9,12.1,25.0,47.1,47.5,39.8,49.8,49.0,48.2,48.2,0.0,31.9,31.0,64.1,53.1,17.4,13.8,12.0,46.5,64.8,35.9,46.9,81.2,25.7,24.3,21.6,4.2,0.0,0.0,1.4,60.5,63.7,2395.7,24.00,40,39,39,77,116,708,1,78.9,73.7,87.9,64.1,62.0,70.1,68.7,63.5,59.5,60.8,60.5,60.5,68.8,62.3,48.0,46.0,49.0,1.238,1.015,1.100,19.018,8.307,18.981,62.500,6.100,44.533,3.097,3.005,5.068,4.829,2.834,1.460,1.386,23.465,8.431,38.606,43.735,1996.4,2395.7,5092.2,5092.2,5113.2,49.7,25.3,41.7,49.7,86.7,いいえ,いいえ,いいえ,2.930,1.314,1.9,46.0,79.8,40.0,79.0,1.160,12.144,3.440,3.312,5.016,1.064,0.968,3.440,3.344,1.808,1.024,1.120,1.032,1.792,1.104,0.648,1.824,0.264,2039,いいえ,61.9,45.0,1.110,1.110,1.800,1.800,0.990,5.040,0.375,いいえ,いいえ,いいえ,43.8,1.095,1.110,1.800,1.800,0.990,5.040,1.750,いいえ,いいえ,いいえ,37,37,いいえ,はい,15388,14039,128,128,34,100.0,いいえ,いいえ,3868,2528,9990,43,45,53,100.0,100.0,いいえ,いいえ,7032,7744,0.0,0.0,0.0,0.000,0.003,1392,1011,0.0,0.0,0.0,0.000,0.000,181182,133153,0.0,0.1,0.1,0.000,0.029,66345,77734,63.5,0.720,45.000,600.0,2400.0,1200.0,100.0,0.0,0.0,0.0,0.0,0.0,0.0,0.0,0.0,125,2,16.0,86,いいえ,いいえ,いいえ,58.5,66.0,69.3,84.0,1.095,12.297,12.309,12.246,12.325,12.308,1555,1558,66.861,19.177,27.449,7.484,16.593,31.196,3.742,20.336,23.132,23.485,220.000,220.000,2775.0,1281.5,2145.0,2765.8,2235.0,2774.7,1280.6,2234.8,1.0,0.0,1.0,0.0,87.5,22.4,88.8,0.0,0.9,0.0,39,39,はい,いいえ,いいえ,はい,いいえ,いいえ,いいえ,21.7,22.6,0,0,0,0,0,0,0,0,0,0,0,0,0,0,0,0,0,0,0,0,0,0,0,0,0,0,0,0,0,0,1538,10744,10468,590,16.0,2.9,36.5,1.5,1.5,1.5,1.5,1.4,1.4,1.4,1.4,1.4,1.4,343.92,660.69,27.15,21.33,667.16,667.16,220.90,115.84,343.65,0.27,158.91,0,0,0.0,0.0,44296,39071,6.6,205.8,0,
19.7.2026,1:2:15.386,27967,5944,82.4,13631,18232,42.7,3.5,2048,71,1.274,1.270,1.275,1.275,1.275,1.275,1.275,4283.9,4112.6,4112.6,5140.7,4112.6,4112.6,4112.6,99.8,1753.1,2239.3,1460.5,2396.5,2017.3,3190.3,1871.8,1547.0,1623.6,1129.7,1165.7,1256.3,1139.1,1753.1,35.6,39.7,29.5,48.8,40.4,64.4,37.7,32.3,33.3,24.5,25.2,27.1,24.6,64.4,35.6,46.0,51.2,38.1,63.2,52.4,84.2,49.2,41.4,43.0,31.3,32.1,34.6,31.5,46.0,42.9,41.2,41.2,51.5,41.2,41.2,41.2,0.0,49.4,47.5,67.2,78.7,43.9,28.5,30.3,39.3,44.7,32.8,21.3,56.1,32.2,48.5,11.4,7.8,0.0,0.0,0.0,39.3,21.2,2395.7,24.00,40,39,39,77,116,708,1,82.6,80.1,72.2,69.9,65.9,74.6,76.8,70.8,64.0,67.4,62.4,62.4,68.5,62.0,48.0,46.0,49.0,1.225,1.015,1.100,25.198,8.556,25.234,60.500,6.122,53.003,4.403,3.936,5.889,6.478,4.508,2.574,3.034,30.667,8.683,46.085,51.644,1996.4,2395.7,5010.5,5010.5,5021.0,58.7,33.6,40.3,58.7,94.2,いいえ,いいえ,いいえ,7.707,4.000,3.0,46.0,82.8,40.0,82.0,1.296,12.144,3.440,3.312,5.040,1.064,0.968,3.440,3.344,1.808,1.024,1.120,1.032,1.792,1.096,0.648,1.824,0.264,2064,いいえ,61.9,45.2,1.110,1.110,1.800,1.800,0.990,5.040,0.500,いいえ,いいえ,いいえ,43.8,1.110,1.110,1.800,1.800,0.990,5.040,0.875,いいえ,いいえ,いいえ,37,37,いいえ,はい,15388,14039,128,128,34,100.0,いいえ,いいえ,3868,2528,9990,43,45,53,100.0,100.0,いいえ,いいえ,7032,7744,0.0,0.1,0.1,0.000,0.008,1392,1011,0.0,0.0,0.0,0.000,0.000,181182,133153,0.0,0.0,0.0,0.000,0.012,66345,77734,64.0,0.720,41.000,600.0,2400.0,1200.0,100.0,0.0,0.0,0.0,0.0,0.0,0.0,0.0,0.0,125,2,16.0,86,いいえ,いいえ,いいえ,57.9,66.0,67.9,84.0,1.100,12.298,12.307,12.252,12.328,12.306,1558,1560,35.525,20.646,34.758,7.655,16.626,38.587,3.827,20.454,23.074,20.186,220.000,220.000,2790.0,1281.5,2145.0,2078.1,2250.0,2789.3,1280.1,2244.7,22.0,0.0,2.0,1.0,92.7,24.0,94.4,0.0,1.5,0.0,38,38,はい,いいえ,いいえ,はい,いいえ,いいえ,いいえ,25.1,26.0,0,0,0,0,0,0,0,0,0,0,0,0,0,0,0,0,0,0,0,0,0,0,0,0,0,0,0,0,0,0,902,11380,11104,590,16.0,2.9,36.5,1.5,1.5,1.5,1.5,1.4,1.4,1.4,1.4,1.4,1.4,343.92,660.69,27.15,21.33,667.16,667.16,220.90,115.84,343.65,0.27,158.91,0,0,0.0,0.0,44296,39072,7.8,160.9,0,
19.7.2026,1:2:17.391,28009,5902,82.5,13768,18095,43.2,3.5,2048,71,1.260,1.255,1.265,1.260,1.260,1.260,1.260,4055.5,4112.6,5140.7,4112.6,4112.6,3427.2,3427.2,99.8,772.9,1965.6,122.6,2851.8,1077.6,1252.5,978.7,212.4,367.3,176.1,90.8,80.4,98.7,772.9,14.5,37.6,1.7,56.1,19.4,25.1,17.6,4.6,5.2,3.2,1.4,1.2,1.5,56.1,14.5,19.4,48.5,2.8,75.0,26.8,32.5,23.7,5.1,7.6,4.4,2.1,2.0,2.3,19.4,40.6,41.2,51.5,41.2,41.2,34.3,34.3,0.0,31.0,42.2,77.0,44.5,13.1,5.5,3.9,48.9,57.8,23.0,55.5,86.9,32.2,38.3,20.0,0.0,0.0,0.0,0.0,62.3,57.8,2395.7,24.00,40,39,39,77,116,708,1,80.4,73.8,72.2,64.3,63.4,71.5,67.9,63.2,59.2,60.4,61.4,61.4,68.0,61.8,48.0,46.0,49.0,1.264,1.015,1.100,18.670,8.283,18.683,42.000,6.111,44.861,3.051,3.515,5.522,4.343,2.809,1.053,1.065,23.622,8.407,38.752,43.799,1996.4,2395.7,5149.7,5149.7,5146.2,49.8,24.9,28.0,49.8,86.8,いいえ,いいえ,いいえ,0.926,0.420,1.9,46.0,80.4,40.0,80.0,1.272,12.091,3.440,3.296,5.016,1.064,0.968,3.440,3.344,1.808,1.024,1.120,1.032,1.792,1.096,0.648,1.824,0.264,2042,いいえ,61.9,45.0,1.110,1.110,1.800,1.800,0.990,5.040,0.500,いいえ,いいえ,いいえ,43.8,1.110,1.110,1.815,1.800,0.990,5.040,0.500,いいえ,いいえ,いいえ,37,37,いいえ,はい,15388,14039,128,128,34,100.0,いいえ,いいえ,3868,2528,9990,43,45,53,100.0,100.0,いいえ,いいえ,7032,7744,0.0,0.0,0.0,0.000,0.002,1392,1011,0.0,0.0,0.0,0.000,0.000,181182,133153,0.0,0.0,0.0,0.000,0.008,66345,77734,63.9,0.720,21.000,600.0,2400.0,1200.0,100.0,0.0,0.0,0.0,0.0,0.0,0.0,0.0,0.0,125,2,16.0,86,いいえ,いいえ,いいえ,68.3,68.0,77.9,84.0,1.100,12.191,12.191,12.149,12.236,12.190,1542,1544,134.148,65.310,101.222,24.797,29.376,113.852,12.385,41.714,98.768,100.366,220.000,220.000,2775.0,1281.5,2130.0,2766.5,2235.0,2765.8,1280.5,2224.3,92.0,55.0,0.0,0.0,92.0,25.2,100.0,0.0,1.0,0.0,38,38,はい,いいえ,いいえ,はい,いいえ,いいえ,いいえ,65.0,83.6,0,0,0,0,0,0,0,0,0,0,0,0,0,0,0,0,0,0,0,0,0,0,0,0,0,0,0,0,0,0,980,11302,11026,590,16.0,2.8,16.7,0.9,0.8,0.8,0.8,2.2,14.9,0.8,0.8,0.8,0.8,357.94,1163.89,59.69,58.95,1197.12,1197.12,2.10,53.97,357.89,0.06,392.80,0,0,0.0,0.0,44296,39072,7.2,143.0,0,
19.7.2026,1:2:19.381,27871,6039,82.1,13815,18048,43.3,3.5,2048,71,1.247,1.255,1.245,1.245,1.245,1.245,1.245,4055.5,4112.6,5140.7,4112.6,4112.6,3427.2,3427.2,99.8,636.6,1020.9,105.9,1458.8,2961.5,533.1,875.5,193.6,187.6,128.4,69.6,44.5,59.8,636.6,12.1,19.2,2.0,27.7,57.7,10.4,15.5,3.7,3.1,2.5,1.2,0.7,1.1,57.7,12.1,16.0,23.0,2.6,38.3,77.8,13.4,21.2,4.6,4.1,3.2,1.7,1.0,1.4,16.0,40.6,41.2,51.5,41.2,41.2,34.3,34.3,0.0,25.6,24.5,85.4,28.9,8.5,4.2,2.3,47.1,75.5,14.6,71.1,91.5,13.1,16.7,27.3,0.0,0.1,0.0,0.0,82.7,81.0,2395.7,24.00,40,39,39,77,116,708,1,78.4,72.7,71.2,62.6,60.9,71.7,65.2,61.6,57.6,58.6,60.7,60.7,67.8,61.8,48.0,46.0,49.0,1.256,1.015,1.100,16.494,8.223,16.495,39.000,6.139,41.754,2.436,2.651,5.480,3.408,2.224,0.451,0.401,20.729,8.346,35.828,40.828,1996.4,2395.7,5150.2,5150.2,5147.9,46.4,22.0,26.0,46.4,85.6,いいえ,いいえ,いいえ,0.412,0.145,1.5,46.0,78.4,40.0,78.0,1.264,12.091,3.440,3.312,5.040,1.064,0.968,3.440,3.344,1.808,1.024,1.120,1.032,1.792,1.096,0.648,1.824,0.264,2045,いいえ,61.9,45.0,1.110,1.110,1.800,1.800,0.990,5.040,0.250,いいえ,いいえ,いいえ,43.8,1.110,1.110,1.800,1.800,0.990,5.040,0.250,いいえ,いいえ,いいえ,37,37,いいえ,はい,15388,14039,128,128,34,100.0,いいえ,いいえ,3868,2528,9990,43,45,53,100.0,100.0,いいえ,いいえ,7032,7744,0.0,0.0,0.0,0.000,0.000,1392,1011,0.0,0.0,0.0,0.000,0.000,181182,133153,0.0,0.0,0.0,0.000,0.002,66345,77734,63.7,0.720,32.000,600.0,2400.0,1200.0,100.0,0.0,0.0,0.0,0.0,0.0,0.0,0.0,0.0,125,2,16.0,86,いいえ,いいえ,いいえ,63.4,68.0,71.5,84.0,1.100,12.195,12.194,12.157,12.236,12.193,1544,1542,155.354,51.774,98.695,21.924,27.135,109.903,10.961,38.045,46.020,61.511,220.000,220.000,2775.0,1281.5,2130.0,2764.0,2235.0,2772.0,1280.2,2228.1,91.0,43.0,0.0,0.0,92.0,25.3,100.0,0.0,1.2,0.0,38,38,はい,いいえ,いいえ,はい,いいえ,いいえ,いいえ,31.0,62.7,0,0,0,0,0,0,0,0,0,0,0,0,0,0,0,0,0,0,0,0,0,0,0,0,0,0,0,0,0,0,980,11302,11026,590,16.0,5.1,5.1,5.1,5.1,5.1,5.1,5.0,5.0,5.0,5.0,5.0,5.0,197.12,197.12,197.12,197.12,197.12,197.12,192.68,4.40,196.88,0.23,610.58,0,0,0.0,0.0,44296,39072,7.1,279.5,0,
19.7.2026,1:2:21.388,27788,6123,81.9,13906,17957,43.6,3.5,2048,71,1.261,1.260,1.265,1.260,1.260,1.260,1.260,3941.2,4112.6,5140.7,4112.6,3427.2,3427.2,3427.2,99.8,667.5,1226.3,120.4,894.3,3423.2,615.0,899.9,173.9,195.8,261.7,74.2,45.0,80.2,667.5,12.9,23.1,2.8,17.6,66.3,11.8,15.3,3.0,3.5,5.9,1.8,1.2,2.0,66.3,12.9,16.8,28.1,3.0,23.4,89.9,15.6,21.5,4.1,4.2,6.7,1.8,1.1,1.9,16.8,39.5,41.2,51.5,41.2,34.3,34.3,34.3,0.0,27.0,29.1,83.9,31.2,8.2,7.0,2.8,45.4,70.9,16.1,68.8,91.8,12.9,11.8,27.6,0.0,0.0,0.0,0.0,80.1,85.4,2395.7,24.00,40,39,39,77,116,708,1,77.0,72.7,73.2,62.6,61.1,71.4,65.3,61.4,57.8,58.3,60.5,60.5,67.5,61.7,48.0,46.0,49.0,1.256,1.015,1.100,16.804,8.247,16.803,36.500,6.141,42.161,2.526,2.860,5.497,3.619,2.270,0.587,0.320,21.119,8.370,36.244,41.244,1996.4,2395.7,5149.5,5149.5,5146.5,46.9,22.4,24.3,46.9,85.5,いいえ,いいえ,いいえ,0.467,0.159,1.6,46.0,77.0,40.0,77.0,1.264,12.091,3.440,3.296,5.016,1.064,0.968,3.440,3.344,1.808,1.024,1.120,1.032,1.792,1.096,0.648,1.824,0.264,2042,いいえ,61.9,45.0,1.110,1.110,1.800,1.800,0.990,5.040,0.250,いいえ,いいえ,いいえ,43.8,1.110,1.110,1.800,1.800,0.990,5.040,0.250,いいえ,いいえ,いいえ,37,37,いいえ,はい,15388,14039,128,128,34,100.0,いいえ,いいえ,3868,2528,9990,43,45,53,100.0,100.0,いいえ,いいえ,7032,7744,0.0,0.1,0.1,0.000,0.012,1392,1011,0.0,0.0,0.0,0.000,0.000,181182,133153,0.0,0.1,0.1,0.000,0.267,66345,77734,63.6,0.720,21.000,600.0,2400.0,1200.0,100.0,0.0,0.0,0.0,0.0,0.0,0.0,0.0,0.0,125,2,16.0,86,いいえ,いいえ,いいえ,67.4,68.0,76.4,84.0,1.100,12.274,12.279,12.232,12.305,12.278,1546,1547,146.885,28.726,54.835,11.223,19.192,60.553,5.599,24.758,25.193,28.454,220.000,220.000,2775.0,1281.5,2130.0,2763.2,2235.0,2762.2,1280.6,2222.7,85.0,27.0,1.0,0.0,92.0,25.3,100.0,0.0,1.1,0.0,38,38,はい,いいえ,いいえ,はい,いいえ,いいえ,いいえ,36.2,77.0,0,0,0,0,0,0,0,0,0,0,0,0,0,0,0,0,0,0,0,0,0,0,0,0,0,0,0,0,0,0,980,11302,11026,591,16.0,3.6,8.1,2.3,2.3,2.3,2.3,0.0,0.0,0.0,0.0,0.0,0.0,281.21,439.30,123.13,120.22,442.53,442.53,1.58,99.80,281.16,0.05,0.00,0,0,0.0,0.0,44296,39073,6.6,204.8,0,
19.7.2026,1:2:23.397,27784,6127,81.9,13908,17955,43.6,3.5,2048,71,1.245,1.250,1.240,1.245,1.245,1.245,1.245,4169.7,4112.6,5140.7,4112.6,4112.6,4112.6,3427.2,99.8,641.6,1091.3,93.6,588.9,2206.1,1589.9,1396.8,190.2,179.2,160.7,61.8,62.5,78.5,641.6,12.2,20.8,1.8,11.5,41.9,31.0,26.2,3.7,2.9,3.2,1.1,1.2,1.5,41.9,12.2,16.2,25.1,2.3,15.2,57.0,41.5,35.6,4.6,3.9,4.1,1.5,1.5,1.9,16.2,41.8,41.2,51.5,41.2,41.2,41.2,34.3,0.0,26.0,26.0,55.0,58.6,8.2,4.7,3.1,47.2,74.0,45.0,41.4,91.8,14.9,16.1,26.8,0.0,0.0,0.0,0.0,80.4,80.7,2395.7,24.00,40,39,39,77,116,708,1,76.0,72.4,71.2,62.4,60.7,68.1,68.1,61.6,57.5,58.5,60.4,60.4,67.8,61.4,48.0,46.0,49.0,1.254,1.015,1.100,16.369,8.219,16.370,38.500,6.146,41.567,2.447,2.709,4.367,4.480,2.207,0.501,0.418,20.532,8.342,35.635,40.634,1996.4,2395.7,5148.6,5148.6,5147.2,46.2,21.8,25.7,46.2,85.2,いいえ,いいえ,いいえ,0.347,0.136,1.6,46.0,75.0,40.0,75.0,1.264,12.091,3.440,3.296,5.016,1.064,0.968,3.440,3.344,1.808,1.024,1.120,1.032,1.792,1.096,0.648,1.824,0.264,2048,いいえ,61.9,45.0,1.110,1.110,1.800,1.800,0.990,5.040,0.250,いいえ,いいえ,いいえ,43.8,1.110,1.110,1.800,1.800,0.990,5.040,0.250,いいえ,いいえ,いいえ,37,37,いいえ,はい,15388,14039,128,128,34,100.0,いいえ,いいえ,3868,2528,9990,43,45,53,100.0,100.0,いいえ,いいえ,7032,7744,0.0,0.0,0.0,0.000,0.002,1392,1011,0.0,0.0,0.0,0.000,0.000,181182,133153,0.0,0.1,0.1,0.000,0.077,66345,77735,63.6,0.720,33.000,600.0,2400.0,1200.0,100.0,0.0,0.0,0.0,0.0,0.0,0.0,0.0,0.0,125,2,16.0,86,いいえ,いいえ,いいえ,69.6,70.0,79.3,84.0,1.100,12.183,12.181,12.144,12.227,12.180,1542,1544,152.654,74.956,112.255,26.700,30.711,125.843,13.349,44.009,132.621,114.156,220.000,220.000,2775.0,1281.5,2130.0,2764.7,2235.0,2769.2,1280.1,2224.6,95.0,58.0,1.0,0.0,92.0,25.2,100.0,0.0,0.9,0.0,38,38,はい,いいえ,いいえ,はい,いいえ,いいえ,いいえ,71.0,74.2,0,0,0,0,0,0,0,0,0,0,0,0,0,0,0,0,0,0,0,0,0,0,0,0,0,0,0,0,0,0,980,11302,11026,591,16.0,1.5,165.5,0.6,0.6,0.6,0.6,1.5,46.1,0.6,0.6,0.6,0.6,660.40,1663.71,6.04,0.84,1691.76,1691.76,0.96,103.90,660.40,0.00,869.41,0,0,0.0,0.0,44296,39073,6.2,161.8,0,
19.7.2026,1:2:25.384,27782,6128,81.9,13960,17903,43.8,3.5,2048,71,1.241,1.245,1.240,1.240,1.240,1.240,1.240,4782.2,4112.6,4916.1,4916.1,4916.1,4916.1,4916.1,99.8,647.1,1108.7,114.7,838.3,1769.8,2364.5,807.6,200.9,209.4,178.6,53.2,77.3,42.4,647.1,12.6,21.0,2.6,16.8,33.5,46.6,14.6,4.2,3.9,4.0,1.2,1.9,1.0,46.6,12.6,16.3,25.0,2.8,21.8,45.4,62.0,20.0,4.8,4.7,4.5,1.2,1.9,1.0,16.3,47.9,41.2,49.2,49.2,49.2,49.2,49.2,0.0,26.0,26.3,51.4,61.7,9.0,4.8,2.7,46.1,73.7,48.6,38.3,91.0,10.9,13.9,27.9,0.0,0.0,0.0,0.0,84.2,83.5,2395.7,24.00,40,39,39,77,116,708,1,75.2,72.0,77.6,62.2,60.7,67.4,68.2,61.5,57.4,58.2,60.4,60.4,66.8,61.6,48.0,46.0,49.0,1.251,1.015,1.100,16.484,8.148,16.475,39.500,6.123,41.540,2.419,2.708,4.176,4.609,2.217,0.439,0.362,20.635,8.270,35.641,40.630,1996.4,2395.7,5146.0,5146.0,5145.9,46.2,22.0,26.3,46.2,84.7,いいえ,いいえ,いいえ,0.424,0.144,1.6,46.0,75.2,40.0,75.0,1.256,12.091,3.440,3.296,5.016,1.064,0.968,3.440,3.344,1.808,1.024,1.120,1.032,1.792,1.096,0.648,1.824,0.264,2048,いいえ,61.9,45.0,1.110,1.110,1.800,1.800,0.990,5.040,0.250,いいえ,いいえ,いいえ,43.8,1.110,1.110,1.800,1.800,0.990,5.040,0.250,いいえ,いいえ,いいえ,37,37,いいえ,はい,15388,14039,128,128,34,100.0,いいえ,いいえ,3868,2528,9990,43,45,54,100.0,100.0,いいえ,いいえ,7032,7744,0.0,4.9,4.9,0.000,0.012,1392,1011,0.0,0.0,0.0,0.000,0.000,181182,133153,0.0,0.0,0.0,0.000,0.030,66345,77735,63.5,0.720,19.000,600.0,2400.0,1200.0,100.0,0.0,0.0,0.0,0.0,0.0,0.0,0.0,0.0,125,2,16.0,86,いいえ,いいえ,いいえ,68.1,70.0,77.2,84.0,1.100,12.180,12.174,12.147,12.225,12.173,1549,1547,150.821,60.029,117.020,25.469,29.809,129.980,12.733,42.485,26.912,95.828,220.000,220.000,2775.0,1281.5,2130.0,2764.1,2235.0,2768.8,1280.7,2226.5,93.0,41.0,1.0,0.0,92.0,25.2,100.0,0.0,0.7,0.0,39,39,はい,いいえ,いいえ,はい,いいえ,いいえ,いいえ,66.1,66.3,0,0,0,0,0,0,0,0,0,0,0,0,0,0,0,0,0,0,0,0,0,0,0,0,0,0,0,0,0,0,980,11302,11026,591,16.0,1.5,165.5,0.6,0.6,0.6,0.6,1.5,46.1,0.6,0.6,0.6,0.6,660.40,1663.71,6.04,0.84,1691.76,1691.76,0.96,103.90,660.40,0.00,869.41,0,0,0.0,0.0,44296,39073,6.7,176.5,0,
19.7.2026,1:2:27.390,27783,6128,81.9,14007,17856,43.9,3.5,2048,71,1.255,1.255,1.255,1.255,1.255,1.255,1.255,4169.7,4112.6,4112.6,5140.7,4112.6,4112.6,3427.2,99.8,642.8,1088.2,92.1,964.8,1037.0,2292.0,1415.5,215.7,226.7,177.1,64.1,55.3,84.9,642.8,12.2,21.0,1.7,18.8,18.4,44.8,26.8,4.3,3.9,3.6,1.1,1.0,1.6,44.8,12.2,16.2,25.2,2.2,25.1,25.4,60.2,36.5,5.2,5.1,4.5,1.5,1.3,2.1,16.2,41.8,41.2,41.2,51.5,41.2,41.2,34.3,0.0,26.1,26.0,40.3,72.1,9.9,5.1,3.0,48.1,73.6,59.7,27.9,90.1,15.6,21.8,25.8,0.4,0.0,0.0,0.0,79.3,75.1,2395.7,24.00,40,39,39,77,116,708,1,74.6,71.9,70.2,62.3,60.5,66.1,69.5,61.8,57.5,58.6,60.3,60.3,67.5,61.4,48.0,46.0,49.0,1.251,1.015,1.100,16.219,8.245,16.224,38.000,6.147,41.340,2.444,2.639,3.731,4.996,2.258,0.519,0.521,20.291,8.369,35.422,40.428,1996.4,2395.7,5144.9,5144.9,5146.7,45.9,21.6,25.3,45.9,84.6,いいえ,いいえ,いいえ,0.420,0.144,1.6,46.0,74.9,40.0,74.0,1.264,12.038,3.440,3.296,5.016,1.064,0.968,3.440,3.344,1.808,1.024,1.120,1.032,1.792,1.096,0.648,1.824,0.264,2033,いいえ,61.9,45.0,1.110,1.110,1.800,1.800,0.990,5.040,0.375,いいえ,いいえ,いいえ,43.8,1.110,1.110,1.800,1.800,0.990,5.040,0.250,いいえ,いいえ,いいえ,37,37,いいえ,はい,15388,14039,128,128,34,100.0,いいえ,いいえ,3868,2528,9990,43,45,53,100.0,100.0,いいえ,いいえ,7032,7744,0.0,0.0,0.0,0.000,0.004,1392,1011,0.0,0.0,0.0,0.000,0.000,181182,133153,0.0,0.0,0.0,0.000,0.004,66345,77735,63.5,0.720,17.000,600.0,2400.0,1200.0,100.0,0.0,0.0,0.0,0.0,0.0,0.0,0.0,0.0,125,2,16.0,86,いいえ,いいえ,いいえ,69.8,70.0,79.8,84.0,1.100,12.199,12.198,12.159,12.241,12.197,1553,1553,149.108,57.285,101.378,24.275,28.925,113.733,12.136,40.998,76.498,60.333,220.000,220.000,2775.0,1281.5,2130.0,2764.3,2235.0,2765.7,1280.8,2224.7,92.0,49.0,2.0,0.0,92.0,25.4,100.0,0.0,1.4,0.0,39,39,はい,いいえ,いいえ,はい,いいえ,いいえ,いいえ,71.3,79.1,0,0,0,0,0,0,0,0,0,0,0,0,0,0,0,0,0,0,0,0,0,0,0,0,0,0,0,0,0,0,980,11302,11026,591,16.0,4.6,4.6,4.6,4.6,4.6,4.6,4.6,4.6,4.6,4.6,4.6,4.6,218.60,218.60,218.60,218.60,218.60,218.60,216.09,1.53,218.36,0.24,574.21,0,0,0.0,0.0,44296,39074,7.3,247.8,0,
19.7.2026,1:2:29.392,27796,6115,81.9,14056,17807,44.1,3.5,2048,71,1.254,1.250,1.255,1.255,1.255,1.255,1.255,4169.7,4112.6,4112.6,5140.7,4112.6,4112.6,3427.2,99.8,673.5,1261.2,121.1,533.8,1635.2,557.1,3134.9,208.9,247.4,189.1,62.7,50.5,79.6,673.5,13.0,24.0,2.8,10.1,30.5,10.7,61.0,4.5,4.6,4.3,1.5,0.6,1.2,61.0,13.0,16.9,29.1,2.9,13.7,41.3,14.0,82.1,5.1,5.5,4.8,1.5,1.2,2.0,16.9,41.8,41.2,41.2,51.5,41.2,41.2,34.3,0.0,26.9,29.5,43.4,70.4,10.1,5.2,2.8,46.2,70.5,56.6,29.6,89.9,13.0,17.6,26.9,0.0,0.0,0.0,0.0,81.7,79.6,2395.7,24.00,40,39,39,77,116,708,1,74.8,72.4,70.8,62.6,61.0,66.7,69.7,62.0,57.5,58.5,60.4,60.4,67.0,61.8,48.0,46.0,49.0,1.252,1.015,1.100,16.761,8.206,16.752,43.000,6.147,41.976,2.551,2.890,4.024,5.104,2.351,0.504,0.432,21.003,8.330,36.094,41.084,1996.4,2395.7,5143.3,5143.3,5143.2,46.7,22.3,28.7,46.7,85.2,いいえ,いいえ,いいえ,0.453,0.158,1.6,46.0,74.8,40.0,74.0,1.272,12.091,3.440,3.296,5.016,1.064,0.968,3.440,3.344,1.808,1.024,1.120,1.032,1.792,1.096,0.648,1.824,0.264,2045,いいえ,61.9,45.0,1.110,1.110,1.800,1.800,0.990,5.040,0.250,いいえ,いいえ,いいえ,43.8,1.110,1.110,1.800,1.800,0.990,5.040,0.250,いいえ,いいえ,いいえ,37,37,いいえ,はい,15388,14039,128,128,34,100.0,いいえ,いいえ,3868,2528,9990,43,45,54,100.0,100.0,いいえ,いいえ,7032,7744,0.0,0.0,0.0,0.000,0.002,1392,1011,0.0,0.0,0.0,0.000,0.000,181182,133153,0.0,0.0,0.0,0.000,0.002,66345,77735,63.5,0.720,21.000,600.0,2400.0,1200.0,100.0,0.0,0.0,0.0,0.0,0.0,0.0,0.0,0.0,125,2,16.0,86,いいえ,いいえ,いいえ,67.8,70.0,77.0,84.0,1.100,12.224,12.223,12.184,12.264,12.225,1558,1558,146.721,59.808,84.158,19.484,25.453,94.174,9.755,35.126,113.516,96.799,220.000,220.000,2775.0,1281.5,2130.0,2764.5,2235.0,2766.0,1279.5,2225.8,85.0,37.0,2.0,0.0,92.0,25.2,100.0,0.0,1.0,0.0,39,39,はい,いいえ,いいえ,はい,いいえ,いいえ,いいえ,54.2,74.1,0,0,0,0,0,0,0,0,0,0,0,0,0,0,0,0,0,0,0,0,0,0,0,0,0,0,0,0,0,0,980,11302,11026,591,16.0,2.8,5.7,1.9,1.9,1.9,1.9,2.0,2.0,2.0,2.0,2.0,2.0,353.89,532.99,174.79,171.50,536.64,536.64,5.95,109.03,353.82,0.06,442.43,0,0,0.0,0.0,44296,39074,6.5,230.2,0,
19.7.2026,1:2:31.395,27183,6728,80.1,14029,17834,44.0,3.5,2048,71,1.236,1.140,1.255,1.255,1.255,1.255,1.255,4317.2,4816.3,4866.2,4866.2,4866.2,3244.1,3244.1,99.8,851.2,1345.7,337.6,871.0,1655.4,831.2,3007.9,499.0,508.0,347.9,252.2,288.2,270.6,851.2,16.4,24.9,6.4,17.7,31.0,15.4,58.5,9.7,9.2,6.9,4.7,6.2,5.8,58.5,16.4,21.6,31.1,8.7,22.6,42.1,21.3,78.8,12.7,12.4,9.0,6.5,7.5,7.0,21.6,43.2,48.2,48.8,48.8,48.8,32.5,32.5,0.0,30.3,31.1,45.7,70.7,16.9,9.2,8.1,46.2,67.3,54.3,29.3,81.9,21.1,23.1,23.6,1.7,0.0,0.0,1.3,69.7,68.8,2395.7,24.00,40,39,39,77,116,708,1,77.0,72.9,81.5,63.5,61.6,67.6,70.1,63.2,58.5,59.8,60.5,60.5,67.5,61.6,48.0,46.0,49.0,1.241,1.015,1.100,18.304,8.429,18.296,61.500,6.129,43.820,2.900,3.010,4.393,5.326,2.736,0.971,0.961,22.690,8.554,37.987,43.085,1996.4,2395.7,5106.5,5106.5,5124.8,49.0,24.4,41.0,49.0,85.8,いいえ,いいえ,いいえ,1.919,0.852,1.8,46.0,78.9,40.0,78.0,1.240,12.144,3.440,3.312,5.016,1.064,0.968,3.440,3.344,1.808,1.024,1.120,1.032,1.792,1.096,0.648,1.824,0.264,2042,いいえ,62.8,45.2,1.110,1.110,1.800,1.800,0.990,5.040,1.500,いいえ,いいえ,いいえ,43.8,1.110,1.110,1.800,1.800,0.990,5.040,1.375,いいえ,いいえ,いいえ,37,37,いいえ,はい,15388,14039,128,128,34,100.0,いいえ,いいえ,3868,2528,9990,43,45,53,100.0,100.0,いいえ,いいえ,7032,7744,0.0,17.5,17.5,0.000,0.010,1392,1011,0.0,0.0,0.0,0.000,0.000,181182,133153,0.0,0.0,0.0,0.000,0.018,66345,77735,63.5,0.720,37.000,600.0,2400.0,1200.0,100.0,0.0,0.0,0.0,0.0,0.0,0.0,0.0,0.0,125,2,16.0,86,いいえ,いいえ,いいえ,58.8,66.0,69.7,84.0,1.095,12.294,12.305,12.242,12.322,12.306,1567,1567,92.186,19.238,27.576,7.555,16.600,31.348,3.778,20.387,23.296,23.364,220.000,220.000,2775.0,1281.5,2145.0,2764.0,2235.0,2774.3,1280.0,2234.8,0.0,0.0,1.0,0.0,87.5,23.8,93.9,0.0,1.3,0.0,39,39,はい,いいえ,いいえ,はい,いいえ,いいえ,いいえ,21.8,24.0,0,0,0,0,0,0,0,0,0,0,0,0,0,0,0,0,0,0,0,0,0,0,0,0,0,0,0,0,0,0,1532,10750,10474,591,16.0,5.5,144.1,2.1,2.1,2.1,2.1,5.4,60.2,2.1,2.1,2.1,2.1,182.07,476.45,6.99,6.73,485.79,485.79,132.55,49.49,181.84,0.22,289.15,0,0,0.0,0.0,44296,39075,7.1,363.4,0,
19.7.2026,1:2:33.404,19750,14161,58.2,13656,18207,42.8,3.5,2048,71,1.266,1.270,1.265,1.265,1.265,1.265,1.265,4055.5,4112.6,4112.6,5140.7,4112.6,3427.2,3427.2,99.8,2102.7,2446.4,1754.0,2634.0,2559.9,2131.4,3290.6,1950.9,1940.5,1637.8,1581.7,1585.6,1719.6,2102.7,42.9,46.1,36.5,54.0,52.1,43.7,66.9,40.3,39.9,33.3,32.0,33.3,36.2,66.9,42.9,54.7,58.8,46.0,69.2,66.8,56.0,86.6,50.9,50.4,43.0,41.5,41.6,45.1,54.7,40.6,41.2,41.2,51.5,41.2,34.3,34.3,0.0,54.2,51.6,71.2,76.3,47.5,38.7,39.7,33.9,40.4,28.8,23.7,52.5,25.5,32.8,11.9,7.9,0.0,0.0,0.0,35.8,27.5,2395.7,24.00,40,39,39,77,116,708,1,83.4,81.7,71.8,71.2,67.1,76.4,77.5,71.6,65.6,68.8,62.6,62.6,68.0,62.1,48.0,46.0,49.0,1.219,1.015,1.100,26.739,8.738,26.752,63.500,6.123,55.036,4.713,4.152,6.345,6.579,4.574,3.179,3.452,32.345,8.866,47.946,53.606,1996.4,2395.7,4983.6,4983.6,4992.8,60.9,35.7,42.3,60.9,96.1,いいえ,いいえ,いいえ,9.666,4.867,3.3,46.0,83.5,40.0,83.0,1.272,12.144,3.440,3.328,5.040,1.064,0.968,3.440,3.344,1.808,1.024,1.120,1.032,1.792,1.096,0.648,1.824,0.264,2064,いいえ,61.9,45.2,1.110,1.110,1.800,1.800,1.005,5.040,0.375,いいえ,いいえ,いいえ,43.8,1.110,1.110,1.800,1.800,1.005,5.040,0.500,いいえ,いいえ,いいえ,37,37,いいえ,はい,15388,14039,128,128,34,100.0,いいえ,いいえ,3868,2528,9990,43,45,54,100.0,100.0,いいえ,いいえ,7032,7744,0.0,0.0,0.0,0.000,0.002,1392,1011,0.0,0.0,0.0,0.000,0.000,181182,133153,0.0,0.0,0.0,0.000,0.004,66345,77735,64.0,0.720,27.000,600.0,2400.0,1200.0,100.0,0.0,0.0,0.0,0.0,0.0,0.0,0.0,0.0,125,2,16.0,86,いいえ,いいえ,いいえ,56.2,64.0,67.1,84.0,0.940,12.297,12.313,12.232,12.328,12.314,1569,1570,37.418,16.938,19.385,11.500,19.180,25.138,5.750,24.933,13.803,15.816,220.000,220.000,2475.0,1281.5,2010.0,2775.0,2010.0,2476.4,1279.7,2009.9,82.0,16.0,0.0,0.0,92.7,20.3,80.2,0.0,1.0,0.0,39,39,はい,いいえ,いいえ,いいえ,いいえ,はい,いいえ,20.1,20.5,0,0,0,0,0,0,0,0,0,0,0,0,0,0,0,0,0,0,0,0,0,0,0,0,0,0,0,0,0,0,902,11380,11104,591,16.0,5.5,144.1,2.1,2.1,2.1,2.1,5.4,60.2,2.1,2.1,2.1,2.1,182.07,476.45,6.99,6.73,485.79,485.79,132.55,49.49,181.84,0.22,289.15,0,0,0.0,0.0,44296,39075,7.0,140.4,0,
19.7.2026,1:2:35.410,27994,5917,82.5,13765,18098,43.2,3.5,2048,71,1.265,1.265,1.265,1.265,1.265,1.265,1.265,4055.5,4112.6,5140.7,4112.6,4112.6,3427.2,3427.2,99.8,785.1,1977.0,168.7,2036.9,1350.1,852.9,1962.7,226.7,428.3,147.9,95.4,78.8,96.2,785.1,14.6,36.6,2.6,39.6,24.6,16.1,36.8,3.6,6.4,4.1,2.9,1.1,1.4,39.6,14.6,19.7,48.1,4.0,53.4,33.8,21.9,50.2,5.3,9.1,3.7,2.3,1.9,2.3,19.7,40.6,41.2,51.5,41.2,41.2,34.3,34.3,0.0,31.5,42.5,67.0,55.8,14.8,5.1,3.9,49.3,57.5,33.0,44.2,85.2,36.1,39.7,19.2,0.0,0.0,0.0,0.0,58.8,56.4,2395.7,24.00,40,39,39,77,116,708,1,81.0,74.2,68.4,64.7,63.7,71.0,69.8,63.9,59.2,60.8,61.5,61.5,68.0,61.8,48.0,46.0,49.0,1.265,1.015,1.100,18.990,8.263,18.997,40.500,6.111,45.248,3.159,3.581,5.285,4.899,3.035,1.072,1.081,24.053,8.387,39.161,44.199,1996.4,2395.7,5147.3,5147.3,5145.4,50.2,25.3,27.0,50.2,87.3,いいえ,いいえ,いいえ,0.894,0.433,1.9,46.0,81.0,40.0,81.0,1.264,12.091,3.440,3.312,5.040,1.064,0.968,3.440,3.344,1.808,1.024,1.120,1.032,1.792,1.096,0.648,1.824,0.264,2054,いいえ,61.9,45.2,1.110,1.110,1.800,1.800,1.005,5.040,0.250,いいえ,いいえ,いいえ,43.8,1.110,1.110,1.800,1.800,1.005,4.970,0.250,いいえ,いいえ,いいえ,37,37,いいえ,はい,15388,14039,128,128,34,100.0,いいえ,いいえ,3868,2528,9990,43,45,53,100.0,100.0,いいえ,いいえ,7032,7744,0.0,0.0,0.0,0.000,0.004,1392,1011,0.0,0.0,0.0,0.000,0.000,181182,133153,0.0,0.1,0.1,0.000,0.014,66345,77735,64.0,0.720,18.000,600.0,2400.0,1200.0,100.0,0.0,0.0,0.0,0.0,0.0,0.0,0.0,0.0,125,2,16.0,86,いいえ,いいえ,いいえ,67.4,68.0,76.7,84.0,1.095,12.185,12.182,12.144,12.230,12.183,1558,1553,131.998,57.204,109.499,26.849,30.894,123.178,13.425,44.264,27.278,82.242,220.000,220.000,2775.0,1281.5,2145.0,2756.3,2235.0,2771.4,1280.7,2233.3,83.0,54.0,1.0,2.0,92.0,25.2,100.0,0.0,0.7,0.0,39,39,はい,いいえ,いいえ,はい,いいえ,いいえ,いいえ,69.9,85.4,0,0,0,0,0,0,0,0,0,0,0,0,0,0,0,0,0,0,0,0,0,0,0,0,0,0,0,0,0,0,980,11302,11026,591,16.0,5.5,144.1,2.1,2.1,2.1,2.1,5.4,60.2,2.1,2.1,2.1,2.1,182.07,476.45,6.99,6.73,485.79,485.79,132.55,49.49,181.84,0.22,289.15,0,0,0.0,0.0,44296,39075,5.9,78.0,0,
19.7.2026,1:2:37.399,27895,6016,82.2,13837,18026,43.4,3.5,2048,71,1.255,1.255,1.255,1.255,1.255,1.255,1.255,3941.2,3427.2,5140.7,4112.6,4112.6,3427.2,3427.2,99.8,634.4,1000.9,111.2,3030.5,1213.8,913.5,574.2,213.4,210.1,132.8,76.0,68.0,68.2,634.4,12.5,19.2,2.8,59.5,23.4,18.6,9.9,4.8,4.2,3.3,1.2,1.2,1.1,59.5,12.5,15.9,22.4,2.7,79.8,31.3,23.5,13.2,5.2,4.7,3.3,1.8,1.7,1.7,15.9,39.5,34.3,51.5,41.2,41.2,34.3,34.3,0.0,25.6,24.1,82.5,30.5,9.3,4.4,3.0,46.9,75.9,17.5,69.5,90.7,13.6,14.1,27.5,0.1,0.0,0.0,0.0,82.0,82.9,2395.7,24.00,40,39,39,77,116,708,1,78.9,72.7,72.2,62.6,60.9,71.3,65.4,61.8,57.7,58.7,60.8,60.8,67.5,61.6,48.0,46.0,49.0,1.256,1.015,1.100,16.581,8.219,16.582,39.000,6.117,41.847,2.423,2.632,5.368,3.454,2.255,0.450,0.376,20.838,8.342,35.909,40.912,1996.4,2395.7,5150.1,5150.1,5147.8,46.5,22.1,26.0,46.5,85.5,いいえ,いいえ,いいえ,0.458,0.150,1.5,46.0,78.8,40.0,78.0,1.264,12.091,3.440,3.312,5.016,1.064,0.968,3.440,3.344,1.808,1.024,1.120,1.032,1.792,1.096,0.648,1.824,0.264,2054,いいえ,62.8,45.2,1.110,1.110,1.800,1.800,1.005,5.040,0.625,いいえ,いいえ,いいえ,43.8,1.095,1.110,1.800,1.800,1.005,5.040,0.375,いいえ,いいえ,いいえ,37,37,いいえ,はい,15388,14039,128,128,34,100.0,いいえ,いいえ,3868,2528,9990,43,45,54,100.0,100.0,いいえ,いいえ,7032,7744,0.0,0.1,0.1,0.000,0.008,1392,1011,0.0,0.0,0.0,0.000,0.000,181182,133153,0.0,0.0,0.0,0.000,0.257,66345,77735,63.8,0.720,18.000,600.0,2400.0,1200.0,100.0,0.0,0.0,0.0,0.0,0.0,0.0,0.0,0.0,125,2,16.0,86,いいえ,いいえ,いいえ,67.6,70.0,76.5,84.0,1.100,12.185,12.179,12.151,12.230,12.180,1553,1551,148.574,67.054,110.403,24.164,28.798,122.725,12.083,40.831,107.117,90.309,220.000,220.000,2775.0,1281.5,2130.0,2765.2,2235.0,2765.2,1280.1,2225.8,93.0,44.0,0.0,0.0,92.0,25.2,100.0,0.0,0.8,0.0,39,39,はい,いいえ,いいえ,はい,いいえ,いいえ,いいえ,68.7,55.3,0,0,0,0,0,0,0,0,0,0,0,0,0,0,0,0,0,0,0,0,0,0,0,0,0,0,0,0,0,0,980,11302,11026,591,16.0,2.5,2.5,2.5,2.5,2.5,2.5,2.4,2.4,2.4,2.4,2.4,2.4,400.85,400.85,400.85,400.85,400.85,400.85,394.38,6.57,400.62,0.23,179.64,0,0,0.0,0.0,44296,39076,6.1,134.6,0,
19.7.2026,1:2:39.404,27820,6091,82.0,13930,17933,43.7,3.5,2048,71,1.257,1.265,1.255,1.255,1.255,1.255,1.255,4055.5,4112.6,5140.7,4112.6,4112.6,3427.2,3427.2,99.8,671.1,1236.6,117.5,2116.8,1893.8,879.6,974.0,200.5,231.5,157.4,84.6,63.5,97.1,671.1,12.8,23.3,2.0,41.2,36.2,17.2,16.8,3.7,3.7,2.9,2.1,1.8,2.4,41.2,12.8,16.9,28.4,2.9,55.7,49.2,22.7,23.5,4.9,5.2,4.0,2.0,1.5,2.4,16.9,40.6,41.2,51.5,41.2,41.2,34.3,34.3,0.0,27.1,29.2,77.5,37.6,9.6,5.1,3.5,47.0,70.8,22.5,62.4,90.4,17.4,18.7,25.9,0.0,0.0,0.0,0.0,77.5,77.8,2395.7,24.00,40,39,39,77,116,708,1,77.4,72.5,72.2,62.7,61.2,70.7,66.0,61.7,57.8,58.6,60.6,60.6,68.0,62.0,48.0,46.0,49.0,1.254,1.015,1.100,16.907,8.248,16.905,41.500,6.108,42.227,2.560,2.866,5.284,3.834,2.313,0.560,0.500,21.214,8.372,36.305,41.308,1996.4,2395.7,5147.3,5147.3,5145.4,46.9,22.5,27.7,46.9,85.3,いいえ,いいえ,いいえ,0.520,0.169,1.6,46.0,77.4,40.0,77.0,1.264,12.038,3.440,3.296,5.016,1.064,0.968,3.440,3.344,1.808,1.024,1.120,1.032,1.792,1.096,0.648,1.824,0.264,2054,いいえ,61.9,45.2,1.110,1.110,1.800,1.800,1.005,5.040,0.250,いいえ,いいえ,いいえ,43.8,1.110,1.110,1.800,1.800,1.005,5.040,0.500,いいえ,いいえ,いいえ,37,37,いいえ,はい,15388,14039,128,128,34,100.0,いいえ,いいえ,3868,2528,9990,43,45,53,100.0,100.0,いいえ,いいえ,7032,7744,0.0,0.0,0.0,0.000,0.004,1392,1011,0.0,0.0,0.0,0.000,0.000,181182,133153,0.0,0.1,0.1,0.000,0.142,66345,77736,63.8,0.720,18.000,600.0,2400.0,1200.0,100.0,0.0,0.0,0.0,0.0,0.0,0.0,0.0,0.0,125,2,16.0,86,いいえ,いいえ,いいえ,69.5,70.0,79.7,84.0,1.100,12.201,12.200,12.158,12.246,12.201,1553,1556,147.762,55.085,97.507,23.862,28.632,109.638,11.933,40.513,29.225,99.367,220.000,220.000,2775.0,1281.5,2130.0,2764.8,2235.0,2766.4,1280.3,2223.5,94.0,56.0,0.0,0.0,92.0,25.2,100.0,0.0,0.9,0.0,39,39,はい,いいえ,いいえ,はい,いいえ,いいえ,いいえ,62.7,84.1,0,0,0,0,0,0,0,0,0,0,0,0,0,0,0,0,0,0,0,0,0,0,0,0,0,0,0,0,0,0,980,11302,11026,591,16.0,1.1,12.4,0.5,0.5,0.5,0.5,0.5,0.5,0.5,0.5,0.5,0.5,952.00,1823.04,80.97,64.97,1840.81,1840.81,4.29,100.54,951.95,0.05,1001.44,0,0,0.0,0.0,44296,39076,6.2,149.4,0,
19.7.2026,1:2:41.422,27827,6084,82.0,13937,17926,43.7,3.5,2048,71,1.243,1.255,1.240,1.240,1.240,1.240,1.240,3941.2,4112.6,5140.7,4112.6,3427.2,3427.2,3427.2,99.8,654.4,1123.9,155.3,982.7,2932.9,489.6,1367.8,165.5,249.0,164.4,95.6,46.3,80.0,654.4,12.4,20.4,3.1,18.9,56.7,9.5,25.4,3.0,4.4,3.3,1.8,0.8,1.4,56.7,12.4,16.4,24.9,3.8,25.7,76.7,12.3,34.5,3.9,5.7,4.2,2.3,1.1,1.9,16.4,39.5,41.2,51.5,41.2,34.3,34.3,34.3,0.0,26.1,26.6,76.1,37.1,9.0,5.3,2.7,46.9,73.4,23.9,62.9,91.0,15.2,14.8,27.0,0.0,0.0,0.0,0.0,79.5,82.4,2395.7,24.00,40,39,39,77,116,708,1,76.2,72.4,71.2,62.5,60.9,70.4,65.9,61.6,57.6,58.4,60.5,60.5,68.0,61.9,48.0,46.0,49.0,1.255,1.015,1.100,16.567,8.197,16.569,37.500,6.096,41.752,2.477,2.760,5.178,3.710,2.269,0.543,0.401,20.797,8.320,35.823,40.825,1996.4,2395.7,5148.5,5148.5,5146.7,46.4,22.1,25.0,46.4,85.2,いいえ,いいえ,いいえ,0.379,0.143,1.6,46.0,76.2,40.0,76.0,1.264,12.091,3.440,3.296,5.016,1.064,0.968,3.440,3.344,1.808,1.024,1.120,1.032,1.792,1.096,0.648,1.824,0.264,2054,いいえ,61.9,45.2,1.110,1.110,1.800,1.800,1.005,5.040,0.250,いいえ,いいえ,いいえ,43.8,1.110,1.110,1.800,1.800,1.005,5.040,0.250,いいえ,いいえ,いいえ,37,37,いいえ,はい,15388,14039,128,128,34,100.0,いいえ,いいえ,3868,2528,9990,43,45,54,100.0,100.0,いいえ,いいえ,7032,7744,0.0,0.1,0.1,0.000,0.004,1392,1011,0.0,0.0,0.0,0.000,0.000,181182,133153,0.0,0.0,0.0,0.000,0.161,66345,77736,63.7,0.720,17.000,600.0,2400.0,1200.0,100.0,0.0,0.0,0.0,0.0,0.0,0.0,0.0,0.0,125,2,16.0,86,いいえ,いいえ,いいえ,67.0,70.0,75.9,84.0,1.100,12.183,12.181,12.141,12.229,12.182,1553,1553,150.459,70.637,108.314,26.944,30.923,122.012,13.485,44.364,111.945,107.111,220.000,220.000,2775.0,1281.5,2130.0,2764.6,2235.0,2767.0,1280.5,2224.8,94.0,58.0,0.0,0.0,92.0,25.1,100.0,0.0,0.5,0.0,39,39,はい,いいえ,いいえ,はい,いいえ,いいえ,いいえ,69.4,62.2,0,0,0,0,0,0,0,0,0,0,0,0,0,0,0,0,0,0,0,0,0,0,0,0,0,0,0,0,0,0,980,11302,11026,591,16.0,9.0,17.5,2.6,2.5,2.4,2.4,0.0,0.0,0.0,0.0,0.0,0.0,110.54,388.58,57.07,57.04,409.39,409.39,1.11,19.39,110.50,0.04,0.00,0,0,0.0,0.0,44296,39076,5.8,111.7,0,
19.7.2026,1:2:43.427,27824,6087,82.0,13974,17889,43.8,3.5,2048,71,1.255,1.255,1.255,1.255,1.255,1.255,1.255,4283.9,4112.6,5140.7,4112.6,4112.6,4112.6,4112.6,99.8,654.0,1120.5,141.1,1089.5,2772.6,741.6,1191.3,157.1,237.7,135.8,85.4,51.2,124.0,654.0,12.5,21.0,2.5,20.8,54.0,14.8,21.9,3.4,4.6,2.4,2.1,0.6,2.1,54.0,12.5,16.4,25.0,3.5,28.5,72.8,19.0,29.5,3.7,5.4,3.4,2.1,1.2,3.1,16.4,42.9,41.2,51.5,41.2,41.2,41.2,41.2,0.0,26.3,26.6,75.1,38.7,8.7,4.6,3.8,47.0,73.4,24.9,61.3,91.3,16.0,15.1,26.8,0.0,0.0,0.0,0.0,79.4,81.1,2395.7,24.00,40,39,39,77,116,708,1,75.5,72.4,72.8,62.4,60.7,70.3,66.0,61.4,57.4,58.6,60.4,60.4,68.0,61.7,48.0,46.0,49.0,1.255,1.015,1.100,16.514,8.190,16.514,38.500,6.112,41.686,2.480,2.749,5.107,3.810,2.238,0.499,0.479,20.725,8.313,35.761,40.761,1996.4,2395.7,5149.9,5149.9,5146.7,46.3,22.0,25.7,46.3,85.2,いいえ,いいえ,いいえ,0.424,0.145,1.6,46.0,75.5,40.0,75.0,1.264,12.091,3.440,3.296,5.016,1.064,0.968,3.440,3.344,1.808,1.024,1.120,1.032,1.792,1.096,0.648,1.824,0.264,2048,いいえ,61.9,45.2,1.110,1.110,1.800,1.800,1.005,5.040,0.250,いいえ,いいえ,いいえ,43.8,1.110,1.110,1.800,1.800,1.005,5.040,0.500,いいえ,いいえ,いいえ,37,37,いいえ,はい,15388,14039,128,128,34,100.0,いいえ,いいえ,3868,2528,9990,43,45,53,100.0,100.0,いいえ,いいえ,7032,7744,0.0,0.1,0.1,0.000,0.012,1392,1012,0.0,0.0,0.0,0.000,0.000,181182,133153,0.0,0.4,0.4,0.008,0.713,66345,77737,63.7,0.720,17.000,600.0,2400.0,1200.0,100.0,0.0,0.0,0.0,0.0,0.0,0.0,0.0,0.0,125,2,16.0,86,いいえ,いいえ,いいえ,68.9,72.0,78.3,84.0,1.100,12.171,12.165,12.134,12.216,12.167,1553,1556,142.648,68.865,118.246,27.421,31.343,132.187,13.712,45.009,96.107,86.898,220.000,220.000,2775.0,1281.5,2130.0,2764.1,2235.0,2764.9,1280.6,2226.0,89.0,49.0,1.0,0.0,92.0,25.2,100.0,0.0,0.8,0.0,39,39,はい,いいえ,いいえ,はい,いいえ,いいえ,いいえ,74.2,74.6,0,0,0,0,0,0,0,0,0,0,0,0,0,0,0,0,0,0,0,0,0,0,0,0,0,0,0,0,0,0,980,11302,11026,591,16.0,9.7,16.1,8.3,8.3,8.3,8.3,0.7,0.7,0.7,0.7,0.7,0.7,102.79,121.16,62.18,62.16,121.20,121.20,1.12,9.01,102.73,0.05,21.06,0,0,0.0,0.0,44296,39077,5.7,126.8,0,
19.7.2026,1:2:45.413,27828,6083,82.0,14035,17828,44.0,3.5,2048,71,1.252,1.260,1.250,1.250,1.250,1.250,1.250,4055.5,4112.6,4112.6,5140.7,4112.6,3427.2,3427.2,99.8,648.7,1063.7,135.0,1074.1,883.6,2397.0,1434.9,187.0,232.0,147.9,83.3,71.2,74.1,648.7,12.6,19.7,3.4,21.7,15.7,46.8,27.0,3.6,4.0,3.6,1.5,2.1,2.1,46.8,12.6,16.3,23.8,3.3,28.0,21.3,62.9,36.9,4.5,5.2,3.7,2.0,1.8,1.8,16.3,40.6,41.2,41.2,51.5,41.2,34.3,34.3,0.0,26.2,25.5,39.7,74.4,9.3,4.8,3.2,46.8,74.5,60.3,25.6,90.7,15.3,14.7,27.0,0.0,0.0,0.0,0.0,79.8,82.1,2395.7,24.00,40,39,39,77,116,708,1,74.9,72.1,69.8,62.4,60.6,66.2,69.8,61.8,57.5,58.4,60.4,60.4,67.8,61.9,48.0,46.0,49.0,1.252,1.015,1.100,16.403,8.183,16.402,37.500,6.132,41.514,2.438,2.650,3.756,5.071,2.239,0.526,0.386,20.545,8.306,35.595,40.596,1996.4,2395.7,5146.6,5146.6,5146.1,46.1,21.9,25.0,46.1,84.8,いいえ,いいえ,いいえ,0.463,0.153,1.6,46.0,74.0,40.0,74.0,1.264,12.144,3.440,3.296,5.016,1.064,0.968,3.440,3.344,1.808,1.024,1.120,1.032,1.792,1.096,0.648,1.824,0.264,2039,いいえ,61.9,45.2,1.110,1.110,1.800,1.800,1.005,5.040,0.250,いいえ,いいえ,いいえ,43.8,1.110,1.110,1.800,1.800,1.005,5.040,0.250,いいえ,いいえ,いいえ,37,37,いいえ,はい,15388,14039,128,128,34,100.0,いいえ,いいえ,3868,2528,9990,44,46,54,100.0,100.0,いいえ,いいえ,7032,7744,0.0,0.0,0.0,0.000,0.002,1392,1012,0.0,0.0,0.0,0.000,0.000,181182,133153,0.0,0.0,0.0,0.000,0.002,66345,77737,63.7,0.720,18.000,600.0,2400.0,1200.0,100.0,0.0,0.0,0.0,0.0,0.0,0.0,0.0,0.0,125,2,16.0,86,いいえ,いいえ,いいえ,69.1,70.0,78.8,84.0,1.100,12.182,12.171,12.158,12.227,12.172,1555,1556,142.127,68.706,118.205,22.175,27.124,129.463,11.089,38.166,124.086,79.338,220.000,220.000,2775.0,1281.5,2130.0,2764.5,2235.0,2762.1,1280.3,2224.2,89.0,47.0,1.0,0.0,92.0,25.3,100.0,0.0,1.1,0.0,39,39,はい,いいえ,いいえ,はい,いいえ,いいえ,いいえ,71.1,68.5,0,0,0,0,0,0,0,0,0,0,0,0,0,0,0,0,0,0,0,0,0,0,0,0,0,0,0,0,0,0,980,11302,11026,591,16.0,2.8,2.8,2.8,2.8,2.8,2.8,2.9,2.9,2.9,2.9,2.9,2.9,359.95,359.95,359.95,359.95,359.95,359.95,353.76,6.96,359.73,0.22,284.09,0,0,0.0,0.0,44296,39077,6.6,300.3,0,
19.7.2026,1:2:47.415,27828,6082,82.0,14077,17786,44.1,3.5,2048,71,1.246,1.250,1.245,1.245,1.245,1.245,1.245,4055.5,4112.6,3427.2,5140.7,3427.2,4112.6,4112.6,99.8,668.4,1217.7,149.2,985.3,910.1,2823.9,1104.0,178.5,261.5,169.8,88.3,55.2,76.9,668.4,12.8,22.4,3.1,19.4,16.0,55.4,20.6,3.6,4.7,3.6,1.9,1.2,1.5,55.4,12.8,16.7,27.4,3.6,25.6,21.8,74.3,28.1,4.3,5.8,4.3,2.1,1.3,1.9,16.7,40.6,41.2,34.3,51.5,34.3,41.2,41.2,0.0,26.9,28.5,38.3,76.6,9.9,5.5,2.9,46.9,71.5,61.7,23.4,90.1,16.4,18.2,26.2,0.0,0.0,0.0,0.0,78.1,79.0,2395.7,24.00,40,39,39,77,116,708,1,74.6,72.2,71.2,62.5,60.9,66.2,70.0,61.9,57.7,58.5,60.4,60.4,67.5,61.7,48.0,46.0,49.0,1.253,1.015,1.100,16.978,8.229,16.977,40.000,6.114,42.279,2.539,2.834,3.832,5.187,2.316,0.590,0.475,21.279,8.352,36.357,41.357,1996.4,2395.7,5146.3,5146.3,5145.5,47.0,22.6,26.7,47.0,84.9,いいえ,いいえ,いいえ,0.441,0.155,1.6,46.0,74.6,40.0,74.0,1.264,12.038,3.440,3.296,5.016,1.064,0.968,3.440,3.344,1.808,1.024,1.120,1.032,1.792,1.096,0.648,1.824,0.264,2045,いいえ,61.9,45.2,1.110,1.110,1.800,1.800,1.005,5.040,0.375,いいえ,いいえ,いいえ,43.8,1.110,1.110,1.800,1.800,1.005,5.040,0.250,いいえ,いいえ,いいえ,37,37,いいえ,はい,15388,14039,128,128,34,100.0,いいえ,いいえ,3868,2528,9990,44,46,54,100.0,100.0,いいえ,いいえ,7032,7744,0.0,0.1,0.1,0.000,0.008,1392,1012,0.0,0.0,0.0,0.000,0.000,181182,133153,0.0,0.1,0.1,0.000,0.071,66345,77737,63.7,0.720,18.000,600.0,2400.0,1200.0,100.0,0.0,0.0,0.0,0.0,0.0,0.0,0.0,0.0,125,2,16.0,86,いいえ,いいえ,いいえ,69.1,72.0,78.3,84.0,1.100,12.180,12.177,12.141,12.224,12.177,1558,1556,145.974,66.679,110.093,27.105,31.033,123.895,13.553,44.536,103.544,79.670,220.000,220.000,2775.0,1281.5,2130.0,2764.3,2235.0,2768.6,1279.7,2226.0,93.0,61.0,2.0,0.0,92.0,25.3,100.0,0.0,1.3,0.0,39,39,はい,いいえ,いいえ,はい,いいえ,いいえ,いいえ,70.3,72.4,0,0,0,0,0,0,0,0,0,0,0,0,0,0,0,0,0,0,0,0,0,0,0,0,0,0,0,0,0,0,980,11302,11026,591,16.0,2.8,2.8,2.8,2.8,2.8,2.8,2.7,2.7,2.7,2.7,2.7,2.7,359.27,359.27,359.27,359.27,359.27,359.27,353.20,5.87,359.06,0.21,263.74,0,0,0.0,0.0,44296,39078,7.3,282.5,0,
19.7.2026,1:2:49.423,27353,6558,80.6,14110,17753,44.2,3.5,2048,71,1.127,1.170,0.810,1.195,1.195,1.195,1.195,4117.6,3294.1,4941.1,4941.1,4941.1,3294.1,3294.1,99.8,634.0,1243.1,150.1,728.0,1599.8,961.4,2153.7,153.9,282.8,133.9,71.8,61.0,68.2,634.0,11.9,23.0,2.9,14.1,29.9,18.2,41.2,2.8,4.8,2.5,1.1,1.0,1.0,41.2,11.9,15.9,28.3,3.7,18.9,40.7,24.7,56.0,3.7,6.4,3.4,1.7,1.5,1.6,15.9,41.2,33.0,49.5,49.5,49.5,33.0,33.0,0.0,25.4,29.1,45.6,60.6,9.8,4.2,2.8,46.5,66.4,54.4,39.4,85.0,16.3,17.6,28.1,4.4,0.0,0.0,5.2,79.5,79.6,2395.7,24.00,40,39,39,77,116,708,1,74.4,72.0,64.0,62.3,61.0,66.9,68.3,61.6,57.5,58.4,60.4,60.4,67.5,61.6,48.0,46.0,49.0,1.246,1.015,1.100,16.347,8.218,16.365,39.500,6.081,41.495,2.442,2.788,4.064,4.618,2.227,0.510,0.443,20.426,8.341,35.457,40.485,1996.4,2395.7,5124.1,5124.1,5143.5,46.0,21.8,26.3,46.0,84.6,いいえ,いいえ,いいえ,0.469,0.185,1.5,46.0,75.4,40.0,75.0,1.208,12.144,3.440,3.328,5.040,1.064,0.968,3.440,3.344,1.808,1.024,1.120,1.032,1.792,1.096,0.648,1.824,0.264,2036,いいえ,61.9,45.2,1.110,1.110,1.800,1.800,1.005,5.040,0.375,いいえ,いいえ,いいえ,43.8,1.110,1.110,1.800,1.800,1.005,5.040,0.500,いいえ,いいえ,いいえ,37,37,いいえ,はい,15388,14039,128,128,34,100.0,いいえ,いいえ,3868,2528,9990,43,45,53,100.0,100.0,いいえ,いいえ,7032,7744,0.0,0.0,0.0,0.000,0.000,1392,1012,0.0,0.0,0.0,0.000,0.000,181182,133153,0.0,0.1,0.1,0.000,0.012,66345,77737,63.7,0.720,44.000,600.0,2400.0,1200.0,100.0,0.0,0.0,0.0,0.0,0.0,0.0,0.0,0.0,125,2,16.0,86,いいえ,いいえ,いいえ,59.6,68.0,70.2,84.0,1.095,12.298,12.308,12.248,12.326,12.309,1562,1560,124.889,19.618,28.495,7.656,16.620,32.319,3.828,20.448,23.752,23.824,220.000,220.000,2775.0,1281.5,2145.0,2768.6,2235.0,2777.2,1280.3,2235.2,4.0,0.0,1.0,0.0,87.5,25.3,100.0,0.0,1.2,0.0,39,39,はい,いいえ,いいえ,はい,いいえ,いいえ,いいえ,22.2,21.9,0,0,0,0,0,0,0,0,0,0,0,0,0,0,0,0,0,0,0,0,0,0,0,0,0,0,0,0,0,0,1538,10744,10468,591,16.0,1.9,13.6,1.0,1.0,1.0,1.0,1.0,1.0,1.0,1.0,1.0,1.0,527.82,982.24,73.41,65.06,991.51,991.51,2.42,68.73,527.78,0.05,396.89,0,0,0.0,0.0,44296,39078,6.8,243.2,0,
19.7.2026,1:2:51.427,23885,10026,70.4,13902,17961,43.6,3.5,2048,71,1.253,1.215,1.260,1.260,1.260,1.260,1.260,4099.6,4966.0,3992.8,4991.0,3992.8,3327.3,3327.3,99.8,2291.1,2621.6,2005.4,2668.0,2573.9,2629.8,3429.2,2150.2,2188.3,1750.9,1816.4,1816.1,1843.9,2291.1,46.7,47.7,41.2,54.5,52.9,53.8,69.8,44.8,45.4,36.4,37.7,37.8,38.3,69.8,46.7,59.5,61.5,52.6,70.2,67.4,69.0,90.3,56.4,57.1,46.0,47.7,47.7,48.4,59.5,41.1,49.8,40.0,50.0,40.0,33.3,33.3,0.0,57.4,54.9,67.6,83.9,51.6,42.6,43.6,30.2,32.6,32.4,16.1,48.1,28.6,23.4,12.4,12.5,0.0,0.0,0.3,28.8,33.0,2395.7,24.00,40,39,39,77,116,708,1,83.0,80.8,84.9,71.3,67.5,75.0,78.1,72.2,66.2,68.8,62.3,62.3,68.8,62.3,48.0,46.0,49.0,1.213,1.015,1.100,27.549,8.689,27.518,67.000,6.124,55.409,4.860,4.276,6.005,7.036,4.772,3.570,3.504,33.164,8.818,48.718,54.380,1996.4,2395.7,4973.9,4973.9,4994.7,61.8,36.7,44.7,61.8,95.1,いいえ,いいえ,いいえ,10.449,4.967,3.4,46.0,83.2,40.0,83.0,1.208,12.144,3.456,3.312,5.016,1.064,0.968,3.440,3.344,1.808,1.024,1.120,1.040,1.792,1.096,0.648,1.824,0.264,2045,いいえ,61.9,45.2,1.110,1.110,1.800,1.800,1.005,5.040,0.250,いいえ,いいえ,いいえ,44.0,1.110,1.110,1.800,1.800,1.005,5.040,0.750,いいえ,いいえ,いいえ,37,37,いいえ,はい,15388,14039,128,128,34,100.0,いいえ,いいえ,3868,2528,9990,43,45,53,100.0,100.0,いいえ,いいえ,7032,7744,0.0,0.0,0.0,0.000,0.004,1392,1012,0.0,0.0,0.0,0.000,0.000,181182,133153,0.0,0.1,0.1,0.000,0.259,66345,77738,64.0,0.720,18.000,600.0,2400.0,1200.0,100.0,0.0,0.0,0.0,0.0,0.0,0.0,0.0,0.0,125,2,16.0,86,いいえ,いいえ,いいえ,55.5,66.0,67.1,84.0,0.925,12.314,12.326,12.264,12.338,12.326,1567,1567,42.578,10.548,9.763,3.969,13.859,11.746,1.985,15.854,13.473,13.737,220.000,220.000,765.0,625.2,1995.0,1674.2,1995.0,765.0,624.4,1990.4,10.0,2.0,2.0,2.0,24.8,17.8,70.4,0.0,0.8,0.0,39,39,はい,いいえ,いいえ,いいえ,いいえ,はい,いいえ,11.6,13.8,0,0,0,0,0,0,0,0,0,0,0,0,0,0,0,0,0,0,0,0,0,0,0,0,0,0,0,0,0,0,9232,3050,2780,591,16.0,1.9,13.6,1.0,1.0,1.0,1.0,1.0,1.0,1.0,1.0,1.0,1.0,527.82,982.24,73.41,65.06,991.51,991.51,2.42,68.73,527.78,0.05,396.89,0,0,0.0,0.0,44296,39079,6.9,189.4,0,
19.7.2026,1:2:53.425,28005,5905,82.5,13765,18098,43.2,3.5,2048,71,1.263,1.260,1.265,1.265,1.265,1.260,1.260,4283.9,4112.6,5140.7,4112.6,4112.6,4112.6,4112.6,99.8,769.7,1611.2,213.3,834.0,1689.2,624.7,3052.2,272.6,457.5,191.9,117.3,83.7,89.0,769.7,14.4,29.1,3.8,16.1,32.3,11.3,59.3,4.6,7.7,3.7,2.1,1.5,1.5,59.3,14.4,19.3,37.3,5.1,21.6,43.1,15.7,79.9,6.5,10.2,4.9,2.8,2.0,2.1,19.3,42.9,41.2,51.5,41.2,41.2,41.2,41.2,0.0,30.6,35.2,50.4,71.3,16.4,6.4,3.9,51.7,64.8,49.6,28.7,83.6,33.4,50.3,17.7,0.0,0.0,0.0,0.0,60.1,45.8,2395.7,24.00,40,39,39,77,116,708,1,81.2,75.3,72.8,65.1,63.2,69.7,72.4,64.5,59.7,61.3,61.8,61.8,67.8,62.2,48.0,46.0,49.1,1.257,1.015,1.100,18.997,8.397,19.013,41.000,6.119,45.348,3.176,3.349,4.708,5.670,3.021,1.077,1.231,23.910,8.523,39.164,44.245,1996.4,2395.7,5123.9,5123.9,5124.1,50.3,25.4,27.3,50.3,88.5,いいえ,いいえ,いいえ,1.329,0.901,1.8,46.0,81.1,40.0,81.0,1.264,12.144,3.440,3.312,5.016,1.064,0.968,3.440,3.344,1.808,1.024,1.120,1.032,1.792,1.096,0.648,1.824,0.264,2042,いいえ,61.9,45.2,1.110,1.110,1.800,1.800,1.005,5.040,0.250,いいえ,いいえ,いいえ,44.0,1.110,1.110,1.815,1.800,1.005,5.040,0.375,いいえ,いいえ,いいえ,37,37,いいえ,はい,15388,14039,128,128,34,100.0,いいえ,いいえ,3868,2528,9990,44,46,53,100.0,100.0,いいえ,いいえ,7032,7744,0.0,0.1,0.1,0.000,0.008,1392,1012,0.0,0.0,0.0,0.000,0.000,181182,133153,0.0,0.0,0.0,0.000,0.032,66345,77738,64.2,0.720,29.000,600.0,2400.0,1200.0,100.0,0.0,0.0,0.0,0.0,0.0,0.0,0.0,0.0,125,2,16.0,86,いいえ,いいえ,いいえ,61.4,68.0,70.4,84.0,1.100,12.244,12.246,12.201,12.279,12.247,1553,1554,147.500,34.236,67.583,15.601,22.487,75.592,7.802,30.219,26.231,28.375,220.000,220.000,2775.0,1281.5,2145.0,2768.6,2235.0,2774.7,1280.4,2230.6,91.0,52.0,0.0,0.0,92.0,25.2,100.0,0.0,1.0,0.0,38,38,はい,いいえ,いいえ,はい,いいえ,いいえ,いいえ,26.0,25.8,0,0,0,0,0,0,0,0,0,0,0,0,0,0,0,0,0,0,0,0,0,0,0,0,0,0,0,0,0,0,980,11302,11026,591,16.0,1.0,14.4,0.5,0.5,0.5,0.5,1.0,14.5,0.5,0.5,0.5,0.5,1002.77,1935.85,69.68,52.54,1954.90,1954.90,403.08,599.75,1002.43,0.34,1760.17,0,0,0.0,0.0,44296,39079,6.5,114.1,0,
19.7.2026,1:2:55.417,27913,5998,82.3,13848,18015,43.4,3.5,2048,71,1.247,1.255,1.245,1.245,1.245,1.245,1.245,4055.5,4112.6,5140.7,4112.6,4112.6,3427.2,3427.2,99.8,711.7,1460.3,191.5,501.7,1499.6,446.9,3468.5,182.5,384.5,152.3,85.0,52.3,115.8,711.7,13.5,26.9,3.8,9.8,28.2,8.1,67.4,3.6,6.2,3.1,1.7,1.1,2.4,67.4,13.5,17.8,33.6,4.7,12.9,37.5,11.0,91.2,4.4,8.7,3.8,2.0,1.2,2.8,17.8,40.6,41.2,51.5,41.2,41.2,34.3,34.3,0.0,28.4,33.0,40.7,75.3,12.7,4.9,3.7,47.7,67.0,59.3,24.7,87.3,21.8,26.1,23.9,0.0,0.0,0.0,0.0,73.3,70.2,2395.7,24.00,40,39,39,77,116,708,1,79.1,73.0,70.8,63.5,62.1,66.9,70.9,63.0,58.4,59.6,61.0,61.0,67.8,62.0,48.0,46.0,49.2,1.258,1.015,1.100,17.298,8.287,17.298,38.000,6.103,42.879,2.739,3.093,3.936,5.373,2.582,0.735,0.712,21.780,8.411,36.905,41.922,1996.4,2395.7,5145.9,5145.9,5145.8,47.6,23.1,25.3,47.6,85.9,いいえ,いいえ,いいえ,0.701,0.253,1.7,46.0,78.2,40.0,78.0,1.264,12.038,3.440,3.296,5.016,1.064,0.968,3.440,3.344,1.808,1.024,1.120,1.032,1.792,1.096,0.648,1.824,0.264,2036,いいえ,61.9,45.2,1.110,1.110,1.800,1.815,1.005,5.040,0.250,いいえ,いいえ,いいえ,43.8,1.110,1.110,1.800,1.815,1.005,5.040,0.250,いいえ,いいえ,いいえ,37,37,いいえ,はい,15388,14039,128,128,34,100.0,いいえ,いいえ,3868,2528,9990,43,45,53,100.0,100.0,いいえ,いいえ,7032,7744,0.0,0.0,0.0,0.000,0.004,1392,1012,0.0,0.0,0.0,0.000,0.000,181182,133153,0.0,0.1,0.1,0.000,0.138,66345,77738,64.0,0.720,47.000,600.0,2400.0,1200.0,100.0,0.0,0.0,0.0,0.0,0.0,0.0,0.0,0.0,125,2,16.0,86,いいえ,いいえ,いいえ,68.6,70.0,77.9,84.0,1.100,12.188,12.175,12.169,12.234,12.176,1547,1547,150.019,66.846,116.819,19.894,25.250,126.913,9.947,35.149,106.065,94.727,220.000,220.000,2775.0,1281.5,2145.0,2769.4,2235.0,2773.6,1280.6,2224.1,95.0,42.0,1.0,0.0,92.0,25.3,100.0,0.0,1.1,0.0,38,38,はい,いいえ,いいえ,はい,いいえ,いいえ,いいえ,74.3,74.8,0,0,0,0,0,0,0,0,0,0,0,0,0,0,0,0,0,0,0,0,0,0,0,0,0,0,0,0,0,0,980,11302,11026,591,16.0,1.5,14.6,0.6,0.6,0.6,0.6,0.6,0.6,0.6,0.6,0.6,0.6,687.66,1635.95,68.41,63.47,1662.45,1662.45,3.18,56.25,687.60,0.06,2574.37,0,0,0.0,0.0,44296,39079,9.9,275.0,0,
19.7.2026,1:2:57.419,27829,6081,82.0,13939,17924,43.7,3.5,2048,71,1.269,1.265,1.270,1.270,1.270,1.270,1.270,4283.9,4112.6,5140.7,4112.6,4112.6,4112.6,4112.6,99.8,648.4,1144.5,152.0,3077.5,1094.5,746.1,805.4,171.0,210.8,152.4,82.9,63.9,80.0,648.4,12.4,20.5,3.5,60.3,20.2,14.3,14.0,2.9,3.9,3.4,1.9,1.7,1.9,60.3,12.4,16.2,25.2,3.8,81.1,28.2,19.1,19.1,4.1,4.6,3.9,2.0,1.6,1.9,16.2,42.9,41.2,51.5,41.2,41.2,41.2,41.2,0.0,26.1,27.3,81.2,31.8,8.4,4.9,3.2,45.8,72.7,18.8,68.2,91.6,12.2,11.3,28.1,0.0,0.0,0.0,0.0,82.9,85.5,2395.7,24.00,40,39,39,77,116,708,1,77.5,72.5,73.8,62.5,61.0,71.0,65.4,61.5,57.6,58.4,60.6,60.6,67.2,62.0,48.0,46.0,49.1,1.255,1.015,1.100,16.575,8.089,16.572,40.000,6.087,41.621,2.447,2.773,5.331,3.552,2.242,0.453,0.330,20.812,8.211,35.718,40.715,1996.4,2395.7,5149.8,5149.8,5147.4,46.3,22.1,26.7,46.3,85.3,いいえ,いいえ,いいえ,0.441,0.140,1.6,46.0,77.5,40.0,77.0,1.256,12.038,3.440,3.312,5.016,1.064,0.968,3.440,3.344,1.808,1.024,1.120,1.032,1.792,1.096,0.648,1.824,0.264,2039,いいえ,62.8,45.2,1.110,1.110,1.800,1.815,1.005,5.040,0.250,いいえ,いいえ,いいえ,43.8,1.110,1.110,1.800,1.815,1.005,5.040,0.375,いいえ,いいえ,いいえ,37,37,いいえ,はい,15388,14039,128,128,34,100.0,いいえ,いいえ,3868,2528,9990,44,46,53,100.0,100.0,いいえ,いいえ,7032,7744,0.0,0.1,0.1,0.000,0.006,1392,1012,0.0,0.0,0.0,0.000,0.000,181182,133153,0.0,0.0,0.0,0.000,0.008,66345,77738,63.9,0.720,19.000,600.0,2400.0,1200.0,100.0,0.0,0.0,0.0,0.0,0.0,0.0,0.0,0.0,125,2,16.0,86,いいえ,いいえ,いいえ,68.4,70.0,77.7,84.0,1.100,12.233,12.234,12.195,12.270,12.235,1549,1551,148.738,54.975,78.207,16.442,23.122,86.736,8.234,31.281,91.892,103.888,220.000,220.000,2775.0,1281.5,2145.0,2768.5,2235.0,2771.9,1279.9,2227.0,87.0,50.0,1.0,0.0,92.0,25.2,100.0,0.0,1.0,0.0,38,38,はい,いいえ,いいえ,はい,いいえ,いいえ,いいえ,77.0,84.1,0,0,0,0,0,0,0,0,0,0,0,0,0,0,0,0,0,0,0,0,0,0,0,0,0,0,0,0,0,0,980,11302,11026,591,16.0,3.0,3.0,3.0,3.0,3.0,3.0,3.0,3.0,3.0,3.0,3.0,3.0,338.22,338.22,338.22,338.22,338.22,338.22,331.97,5.45,337.99,0.23,664.62,0,0,0.0,0.0,44296,39080,6.6,152.4,0,
19.7.2026,1:2:59.428,27829,6082,82.0,13950,17913,43.7,3.5,2048,71,1.264,1.260,1.265,1.265,1.265,1.265,1.265,4283.9,4112.6,5140.7,4112.6,4112.6,4112.6,4112.6,99.8,652.9,1141.8,157.9,2921.9,1031.9,885.2,965.9,160.5,188.8,190.3,58.0,61.6,71.2,652.9,12.7,21.4,3.9,57.5,19.2,17.9,17.4,2.9,3.6,3.7,1.6,1.8,1.1,57.5,12.7,16.3,25.3,3.9,76.9,26.4,22.8,23.5,3.8,4.1,4.9,1.4,1.5,1.7,16.3,42.9,41.2,51.5,41.2,41.2,41.2,41.2,0.0,26.1,27.1,76.3,37.3,7.8,5.2,2.9,46.5,72.9,23.7,62.7,92.2,12.7,14.9,27.4,0.0,0.0,0.0,0.0,82.1,82.2,2395.7,24.00,40,39,39,77,116,708,1,76.4,72.6,74.2,62.5,61.0,70.6,66.0,61.5,57.7,58.5,60.6,60.6,67.8,61.9,48.0,46.0,49.1,1.255,1.015,1.100,16.308,8.118,16.306,38.000,6.087,41.304,2.467,2.746,5.188,3.785,2.193,0.493,0.395,20.467,8.240,35.403,40.398,1996.4,2395.7,5147.9,5147.9,5145.5,45.9,21.7,25.3,45.9,85.4,いいえ,いいえ,いいえ,0.382,0.142,1.6,46.0,76.4,40.0,76.0,1.256,12.038,3.440,3.296,5.016,1.064,0.968,3.440,3.344,1.808,1.024,1.120,1.032,1.792,1.096,0.648,1.824,0.264,2039,いいえ,61.9,45.2,1.110,1.110,1.800,1.815,1.005,5.040,0.250,いいえ,いいえ,いいえ,44.0,1.110,1.110,1.800,1.815,1.005,5.040,0.375,いいえ,いいえ,いいえ,37,37,いいえ,はい,15388,14039,128,128,34,100.0,いいえ,いいえ,3868,2528,9990,43,45,54,100.0,100.0,いいえ,いいえ,7032,7744,0.0,0.0,0.0,0.000,0.006,1392,1012,0.0,0.0,0.0,0.000,0.000,181182,133153,0.0,0.0,0.0,0.000,0.091,66345,77738,63.9,0.720,16.000,600.0,2400.0,1200.0,100.0,0.0,0.0,0.0,0.0,0.0,0.0,0.0,0.0,125,2,16.0,86,いいえ,いいえ,いいえ,68.9,70.0,78.4,84.0,1.095,12.161,12.157,12.120,12.209,12.155,1546,1549,155.308,75.763,123.582,30.636,33.682,139.039,15.304,48.982,103.862,111.016,220.000,220.000,2775.0,1281.5,2145.0,2765.2,2235.0,2770.7,1280.5,2229.6,90.0,57.0,1.0,0.0,92.0,25.2,100.0,0.0,0.7,0.0,38,38,はい,いいえ,いいえ,はい,いいえ,いいえ,いいえ,78.4,84.0,0,0,0,0,0,0,0,0,0,0,0,0,0,0,0,0,0,0,0,0,0,0,0,0,0,0,0,0,0,0,980,11302,11026,591,16.0,2.9,2.9,2.9,2.9,2.9,2.9,3.2,3.2,3.2,3.2,3.2,3.2,340.00,340.00,340.00,340.00,340.00,340.00,337.11,3.77,339.78,0.22,150.68,0,0,0.0,0.0,44296,39080,6.2,131.1,0,
19.7.2026,1:3:1.428,27836,6075,82.0,13980,17883,43.8,3.5,2048,71,1.257,1.265,1.255,1.255,1.255,1.255,1.255,4341.1,3427.2,5140.7,5140.7,4112.6,4112.6,4112.6,99.8,643.7,1024.4,136.5,1324.0,3018.6,550.4,927.6,154.1,213.5,170.6,85.6,45.8,73.5,643.7,12.3,18.5,2.8,25.1,59.1,10.8,16.2,2.9,3.8,3.4,1.7,0.9,2.2,59.1,12.3,16.2,22.5,3.3,34.8,79.4,13.9,22.3,3.6,4.8,4.3,2.1,1.1,1.8,16.2,43.5,34.3,51.5,51.5,41.2,41.2,41.2,0.0,25.8,24.4,84.0,30.3,8.0,5.3,2.6,47.2,75.6,16.0,69.7,92.0,12.0,17.6,27.1,0.0,0.0,0.0,0.0,82.7,79.7,2395.7,24.00,40,39,39,77,116,708,1,75.6,72.5,81.5,62.4,60.7,71.2,65.0,61.3,57.6,58.4,60.5,60.5,67.8,61.7,48.0,46.0,49.1,1.255,1.015,1.100,16.486,8.082,16.487,41.000,6.107,41.558,2.435,2.647,5.387,3.476,2.177,0.498,0.424,20.690,8.203,35.611,40.612,1996.4,2395.7,5148.9,5148.9,5146.6,46.2,22.0,27.3,46.2,85.3,いいえ,いいえ,いいえ,0.391,0.144,1.5,46.0,75.6,40.0,75.0,1.256,12.038,3.440,3.296,5.016,1.064,0.968,3.440,3.344,1.808,1.024,1.120,1.032,1.792,1.096,0.648,1.824,0.264,2039,いいえ,62.8,45.2,1.110,1.110,1.800,1.815,1.005,5.040,0.250,いいえ,いいえ,いいえ,43.8,1.110,1.110,1.800,1.815,1.005,5.040,0.250,いいえ,いいえ,いいえ,37,37,いいえ,はい,15388,14039,128,128,34,100.0,いいえ,いいえ,3868,2528,9990,44,46,53,100.0,100.0,いいえ,いいえ,7032,7744,0.0,0.0,0.0,0.000,0.002,1392,1012,0.0,0.0,0.0,0.000,0.000,181182,133153,0.0,0.1,0.1,0.000,0.008,66345,77738,63.8,0.720,31.000,600.0,2400.0,1200.0,100.0,0.0,0.0,0.0,0.0,0.0,0.0,0.0,0.0,125,2,16.0,86,いいえ,いいえ,いいえ,69.8,72.0,79.8,84.0,1.100,12.170,12.165,12.140,12.212,12.164,1549,1551,154.385,76.404,123.698,25.425,29.780,136.721,12.711,42.451,122.776,117.672,220.000,220.000,2760.0,1281.5,2130.0,2756.4,2235.0,2757.7,1280.6,2226.7,91.0,47.0,1.0,0.0,92.0,25.2,100.0,0.0,0.7,0.0,39,39,はい,いいえ,いいえ,はい,いいえ,いいえ,いいえ,75.5,60.6,0,0,0,0,0,0,0,0,0,0,0,0,0,0,0,0,0,0,0,0,0,0,0,0,0,0,0,0,0,0,980,11302,11026,592,16.0,2.4,114.6,1.2,1.2,1.2,1.2,2.4,40.3,1.2,1.2,1.2,1.2,423.74,838.76,8.72,1.10,847.23,847.23,1.04,30.75,423.74,0.00,506.92,0,0,0.0,0.0,44296,39080,5.7,139.0,0,
19.7.2026,1:3:3.433,27833,6078,82.0,14038,17825,44.0,3.5,2048,71,1.255,1.255,1.255,1.255,1.255,1.255,1.255,4055.5,4112.6,4112.6,5140.7,4112.6,3427.2,3427.2,99.8,646.4,1066.0,142.2,884.2,3600.1,620.6,713.1,145.1,213.1,172.2,68.1,38.0,94.4,646.4,12.2,19.3,2.6,17.4,69.9,12.1,11.6,3.1,3.4,4.0,1.0,0.4,1.6,69.9,12.2,16.2,23.5,3.5,23.1,94.8,15.8,16.6,3.4,4.7,4.4,1.6,0.9,2.3,16.2,40.6,41.2,41.2,51.5,41.2,34.3,34.3,0.0,25.9,25.5,86.8,27.5,7.8,5.1,2.9,46.6,74.4,13.2,72.5,92.2,14.0,13.6,27.4,0.1,0.0,0.0,0.0,81.0,83.5,2395.7,24.00,40,39,39,77,116,708,1,75.1,72.6,69.8,62.4,60.8,71.5,64.8,61.2,57.6,58.3,60.5,60.5,68.0,62.0,48.0,46.0,49.1,1.255,1.015,1.100,16.382,8.175,16.383,37.500,6.123,41.521,2.443,2.677,5.519,3.413,2.185,0.495,0.367,20.566,8.297,35.599,40.600,1996.4,2395.7,5148.5,5148.5,5146.3,46.1,21.8,25.0,46.1,85.4,いいえ,いいえ,いいえ,0.425,0.145,1.6,46.0,75.1,40.0,75.0,1.256,12.038,3.440,3.296,5.016,1.064,0.968,3.440,3.344,1.808,1.024,1.120,1.032,1.792,1.096,0.648,1.824,0.264,2048,いいえ,62.8,45.2,1.110,1.110,1.800,1.815,1.005,5.040,0.250,いいえ,いいえ,いいえ,43.8,1.110,1.110,1.800,1.815,1.005,5.040,0.250,いいえ,いいえ,いいえ,37,37,いいえ,はい,15388,14039,128,128,34,100.0,いいえ,いいえ,3868,2528,9990,43,45,54,100.0,100.0,いいえ,いいえ,7032,7744,0.0,0.1,0.1,0.000,0.010,1392,1012,0.0,0.0,0.0,0.000,0.000,181182,133153,0.0,0.0,0.0,0.000,0.036,66345,77738,63.8,0.720,22.000,600.0,2400.0,1200.0,100.0,0.0,0.0,0.0,0.0,0.0,0.0,0.0,0.0,125,2,16.0,86,いいえ,いいえ,いいえ,68.4,70.0,77.5,84.0,1.100,12.196,12.193,12.161,12.238,12.193,1549,1551,148.909,64.273,105.212,22.240,27.362,116.629,11.120,38.432,93.987,99.198,220.000,220.000,2760.0,1281.5,2130.0,2757.0,2235.0,2759.3,1280.1,2228.7,92.0,42.0,0.0,0.0,92.0,25.2,100.0,0.0,0.6,0.0,39,39,はい,いいえ,いいえ,はい,いいえ,いいえ,いいえ,65.3,45.0,0,0,0,0,0,0,0,0,0,0,0,0,0,0,0,0,0,0,0,0,0,0,0,0,0,0,0,0,0,0,980,11302,11026,592,16.0,2.5,15.4,1.4,1.4,1.4,1.4,1.3,1.3,1.3,1.3,1.3,1.3,398.42,731.82,65.03,58.91,738.62,738.62,3.00,40.13,398.38,0.04,669.75,0,0,0.0,0.0,44296,39080,5.8,137.2,0,
19.7.2026,1:3:5.455,27836,6075,82.0,14072,17791,44.1,3.5,2048,71,1.247,1.255,1.245,1.245,1.245,1.245,1.245,4055.5,4112.6,4112.6,5140.7,4112.6,3427.2,3427.2,99.8,664.2,1224.2,145.1,676.1,2670.2,1479.7,985.4,225.9,262.2,106.1,61.6,53.8,80.0,664.2,12.5,22.6,2.8,12.9,51.3,28.9,17.6,4.2,4.5,1.9,0.9,0.9,1.3,51.3,12.5,16.6,27.5,3.5,17.6,69.4,38.6,24.4,5.5,5.9,2.6,1.4,1.3,1.9,16.6,40.6,41.2,41.2,51.5,41.2,34.3,34.3,0.0,26.7,28.9,65.8,48.9,10.4,3.5,3.0,46.5,71.1,34.2,51.1,89.6,14.3,18.4,26.8,0.0,0.0,0.0,0.0,82.2,78.7,2395.7,24.00,40,39,39,77,116,708,1,75.0,72.6,69.8,62.6,61.0,69.3,67.4,62.0,57.3,58.7,60.5,60.5,67.2,61.8,48.0,46.0,49.1,1.255,1.015,1.100,16.984,8.072,16.987,38.000,6.104,42.143,2.533,2.854,4.794,4.284,2.372,0.410,0.482,21.315,8.193,36.223,41.228,1996.4,2395.7,5146.1,5146.1,5145.0,46.9,22.6,25.3,46.9,85.4,いいえ,いいえ,いいえ,0.423,0.149,1.6,46.0,75.0,40.0,75.0,1.272,12.038,3.440,3.296,5.016,1.064,0.968,3.440,3.344,1.808,1.024,1.120,1.032,1.792,1.096,0.648,1.824,0.264,2045,いいえ,62.8,45.2,1.110,1.110,1.800,1.815,1.005,5.040,0.250,いいえ,いいえ,いいえ,43.8,1.110,1.110,1.800,1.815,1.005,5.040,0.250,いいえ,いいえ,いいえ,37,37,いいえ,はい,15388,14039,128,128,34,100.0,いいえ,いいえ,3868,2528,9990,44,46,54,100.0,100.0,いいえ,いいえ,7032,7744,0.0,0.0,0.0,0.000,0.002,1392,1012,0.0,0.0,0.0,0.000,0.000,181182,133153,0.0,0.1,0.1,0.000,0.012,66345,77738,63.8,0.720,18.000,600.0,2400.0,1200.0,100.0,0.0,0.0,0.0,0.0,0.0,0.0,0.0,0.0,125,2,16.0,86,いいえ,いいえ,いいえ,68.3,68.0,77.5,84.0,1.095,12.184,12.183,12.142,12.231,12.181,1553,1553,145.482,58.157,106.840,26.705,30.803,120.387,13.363,44.119,28.396,94.638,220.000,220.000,2775.0,1281.5,2145.0,2760.7,2235.0,2771.5,1280.7,2233.4,79.0,32.0,1.0,1.0,92.0,25.3,100.0,0.0,1.0,0.0,39,39,はい,いいえ,いいえ,はい,いいえ,いいえ,いいえ,68.6,80.2,0,0,0,0,0,0,0,0,0,0,0,0,0,0,0,0,0,0,0,0,0,0,0,0,0,0,0,0,0,0,980,11302,11026,592,16.0,5.2,11.7,2.9,2.8,2.8,2.8,4.4,8.4,3.0,3.0,3.0,3.0,193.44,349.90,85.73,84.70,354.15,354.15,2.69,98.66,193.38,0.06,254.14,0,0,0.0,0.0,44296,39081,6.7,189.4,0,
19.7.2026,1:3:7.458,27837,6074,82.0,14152,17711,44.4,3.5,2048,71,1.255,1.255,1.255,1.255,1.255,1.255,1.255,4169.7,4112.6,4112.6,5140.7,4112.6,4112.6,3427.2,99.8,679.9,1324.3,159.1,1383.8,1374.9,2473.6,649.6,171.7,266.9,133.9,73.7,76.7,71.1,679.9,13.1,24.4,3.7,27.5,25.8,49.0,11.2,3.8,5.1,3.3,1.1,1.4,1.0,49.0,13.1,17.0,29.7,3.9,36.2,34.7,65.0,15.8,4.1,5.9,3.3,1.8,1.9,1.7,17.0,41.8,41.2,41.2,51.5,41.2,41.2,34.3,0.0,27.4,30.7,54.5,61.6,9.7,4.3,3.3,46.6,69.3,45.5,38.4,90.3,16.6,19.6,26.0,0.0,0.0,0.0,0.0,79.1,77.1,2395.7,24.00,40,39,39,77,116,708,1,74.9,72.5,72.8,62.7,61.2,68.1,68.7,62.0,57.4,58.7,60.5,60.5,67.8,61.5,48.0,46.0,49.2,1.253,1.015,1.100,16.733,8.149,16.732,35.500,6.085,41.884,2.568,2.939,4.443,4.697,2.336,0.492,0.499,20.971,8.271,35.936,40.937,1996.4,2395.7,5144.0,5144.0,5143.7,46.5,22.3,23.7,46.5,85.3,いいえ,いいえ,いいえ,0.469,0.167,1.6,46.0,74.9,40.0,74.0,1.256,12.091,3.440,3.312,5.016,1.064,0.968,3.440,3.344,1.808,1.024,1.120,1.032,1.792,1.096,0.648,1.824,0.264,2036,いいえ,61.9,45.2,1.110,1.110,1.800,1.800,1.005,5.040,0.375,いいえ,いいえ,いいえ,43.8,1.110,1.110,1.800,1.800,1.005,5.040,0.375,いいえ,いいえ,いいえ,37,37,いいえ,はい,15388,14039,128,128,34,100.0,いいえ,いいえ,3868,2528,9990,44,46,54,100.0,100.0,いいえ,いいえ,7032,7744,0.0,0.0,0.0,0.000,0.004,1392,1012,0.0,0.0,0.0,0.000,0.000,181182,133153,0.0,0.0,0.0,0.000,0.004,66345,77738,63.8,0.720,15.000,600.0,2400.0,1200.0,100.0,0.0,0.0,0.0,0.0,0.0,0.0,0.0,0.0,125,2,16.0,86,いいえ,いいえ,いいえ,63.6,70.0,72.2,84.0,1.100,12.271,12.276,12.231,12.303,12.275,1556,1553,144.821,29.609,56.988,11.883,19.703,63.076,5.941,25.610,25.182,28.485,220.000,220.000,2760.0,1281.5,2130.0,2756.7,2235.0,2760.6,1279.7,2230.1,83.0,29.0,0.0,0.0,89.3,25.2,100.0,0.0,0.9,0.0,39,39,はい,いいえ,いいえ,はい,いいえ,いいえ,いいえ,37.5,26.3,0,0,0,0,0,0,0,0,0,0,0,0,0,0,0,0,0,0,0,0,0,0,0,0,0,0,0,0,0,0,1318,10964,10410,592,16.0,3.2,14.3,2.3,2.3,2.3,2.3,3.9,26.4,2.1,2.1,2.1,2.1,313.32,439.63,70.10,63.35,439.67,439.67,2.53,53.35,313.27,0.05,412.62,0,0,0.0,0.0,44296,39081,6.7,293.1,0,
19.7.2026,1:3:9.449,27946,5965,82.4,14194,17669,44.5,3.5,2048,71,1.245,1.175,1.255,1.255,1.255,1.265,1.265,3924.9,4916.1,5090.8,3393.9,3393.9,3377.2,3377.2,99.8,1851.6,1921.6,1524.4,2274.3,2201.0,2303.4,2723.5,1669.0,1623.9,1502.8,1544.6,1478.2,1452.0,1851.6,38.0,38.0,31.6,46.3,44.4,46.5,55.5,34.4,33.4,31.5,32.8,31.3,30.7,55.5,38.0,48.3,47.8,40.0,59.7,57.3,60.3,71.4,43.7,42.4,39.5,40.6,38.8,38.1,48.3,39.3,49.2,51.0,34.0,34.0,33.8,33.8,0.0,47.5,41.7,61.8,72.3,39.8,36.2,33.3,35.2,45.0,38.2,27.7,55.7,22.9,21.9,17.3,13.3,0.0,0.0,4.5,40.9,44.8,2395.7,24.00,40,39,39,77,116,708,1,82.9,79.1,73.2,69.0,65.2,73.4,75.1,69.6,64.3,66.6,61.8,61.8,67.5,61.9,48.0,46.0,49.3,1.211,1.015,1.100,24.355,8.575,24.347,68.500,6.092,51.290,4.178,3.565,5.695,6.123,4.064,2.827,2.795,29.252,8.702,44.655,50.204,1996.4,2395.7,4984.2,4984.2,5017.7,57.0,32.5,45.7,57.0,93.0,いいえ,いいえ,いいえ,8.370,3.843,2.9,46.0,82.9,40.0,82.0,1.264,12.144,3.440,3.312,5.040,1.064,0.968,3.440,3.344,1.808,1.024,1.120,1.032,1.792,1.096,0.648,1.824,0.264,2045,いいえ,62.8,45.2,1.110,1.110,1.800,1.800,1.005,5.040,0.625,いいえ,いいえ,いいえ,44.0,1.110,1.110,1.800,1.800,1.005,5.040,0.750,いいえ,いいえ,いいえ,37,37,いいえ,はい,15388,14039,128,128,34,100.0,いいえ,いいえ,3868,2528,9990,44,46,53,100.0,100.0,いいえ,いいえ,7032,7744,0.0,0.0,0.0,0.000,0.008,1392,1012,0.0,0.0,0.0,0.000,0.000,181182,133153,0.0,0.0,0.0,0.000,0.008,66345,77738,63.9,0.720,38.000,600.0,2400.0,1200.0,100.0,0.0,0.0,0.0,0.0,0.0,0.0,0.0,0.0,125,2,16.0,86,いいえ,いいえ,いいえ,56.0,64.0,67.6,84.0,0.925,12.313,12.326,12.263,12.337,12.326,1565,1565,47.668,10.886,10.205,3.895,13.710,12.152,1.947,15.666,13.348,16.164,220.000,220.000,615.0,625.2,1995.0,2469.5,1995.0,615.0,624.4,1988.2,18.0,1.0,0.0,1.0,87.5,15.9,62.9,0.0,0.8,0.0,39,39,はい,いいえ,いいえ,いいえ,いいえ,はい,いいえ,11.8,12.3,0,0,0,0,0,0,0,0,0,0,0,0,0,0,0,0,0,0,0,0,0,0,0,0,0,0,0,0,0,0,1538,10744,10468,592,16.0,3.2,3.2,3.2,3.2,3.2,3.2,3.2,3.2,3.2,3.2,3.2,3.2,309.53,309.53,309.53,309.53,309.53,309.53,0.50,308.98,308.72,0.81,125.69,0,0,0.0,0.0,44296,39082,6.2,147.6,0,
19.7.2026,1:3:11.461,28028,5882,82.6,13751,18112,43.1,3.5,2048,71,1.248,1.265,1.245,1.245,1.245,1.245,1.245,4283.9,4112.6,4112.6,5140.7,4112.6,4112.6,4112.6,99.8,1212.0,2311.4,702.8,1699.2,1512.0,1918.4,2556.3,808.7,984.5,481.9,495.1,536.5,536.7,1212.0,23.3,39.6,14.0,33.5,29.2,37.0,50.2,16.1,18.5,9.8,10.1,11.0,11.0,50.2,23.3,30.6,52.6,18.1,44.2,38.5,49.4,66.8,20.8,24.1,12.5,12.8,13.9,13.8,30.6,42.9,41.2,41.2,51.5,41.2,41.2,41.2,0.0,39.8,48.5,54.4,78.0,28.0,14.1,15.7,47.0,51.4,45.6,22.0,72.0,40.9,49.7,13.3,0.0,0.0,0.0,0.0,45.0,34.6,2395.7,24.00,40,39,39,77,116,708,1,81.8,76.4,70.8,67.2,65.1,71.1,74.3,67.2,61.4,63.9,62.1,62.1,68.0,62.2,48.0,46.0,49.6,1.252,1.015,1.100,21.725,8.442,21.734,46.000,6.104,48.770,3.773,3.964,5.028,6.150,3.703,1.765,2.030,27.144,8.568,42.426,47.653,1996.4,2395.7,5097.3,5097.3,5099.6,54.2,29.0,30.7,54.2,89.9,いいえ,いいえ,いいえ,3.534,2.092,2.4,46.0,81.9,40.0,81.0,1.264,12.091,3.440,3.296,5.016,1.064,0.960,3.440,3.344,1.808,1.024,1.120,1.032,1.792,1.096,0.648,1.824,0.264,2064,いいえ,62.8,45.2,1.110,1.110,1.800,1.800,1.005,5.040,0.375,いいえ,いいえ,いいえ,44.0,1.110,1.110,1.800,1.800,1.005,5.040,0.250,いいえ,いいえ,いいえ,37,37,いいえ,はい,15388,14039,128,128,34,100.0,いいえ,いいえ,3868,2528,9990,44,46,54,100.0,100.0,いいえ,いいえ,7032,7744,0.0,0.0,0.0,0.000,0.002,1392,1012,0.0,0.0,0.0,0.000,0.000,181182,133153,0.0,0.0,0.0,0.000,0.237,66345,77739,64.2,0.720,26.000,600.0,2400.0,1200.0,100.0,0.0,0.0,0.0,0.0,0.0,0.0,0.0,0.0,125,2,16.0,86,いいえ,いいえ,いいえ,68.2,68.0,77.7,84.0,1.100,12.174,12.170,12.140,12.215,12.169,1551,1551,104.481,74.086,117.569,25.752,29.997,130.753,12.875,42.829,132.117,100.794,220.000,220.000,2775.0,1281.5,2130.0,2772.3,2235.0,2771.1,1280.3,2229.3,91.0,53.0,1.0,0.0,92.7,25.2,100.0,0.0,1.0,0.0,38,38,はい,いいえ,いいえ,はい,いいえ,いいえ,いいえ,72.9,67.2,0,0,0,0,0,0,0,0,0,0,0,0,0,0,0,0,0,0,0,0,0,0,0,0,0,0,0,0,0,0,902,11380,11104,584,16.0,1.1,8.3,0.4,0.4,0.4,0.4,0.7,3.3,0.4,0.4,0.4,0.4,931.51,2457.10,121.13,120.22,2503.77,2503.77,5.28,81.15,931.44,0.06,2284.53,0,0,0.0,0.0,44296,39082,6.6,122.0,0,
19.7.2026,1:3:13.452,27921,5990,82.3,13820,18043,43.3,3.5,2048,71,1.257,1.265,1.255,1.255,1.255,1.255,1.255,4169.7,4112.6,4112.6,5140.7,4112.6,3427.2,4112.6,99.8,710.6,1475.6,170.9,778.4,1276.3,1155.7,2697.8,209.1,278.0,177.2,114.3,104.0,90.3,710.6,13.4,27.5,3.3,14.4,23.4,21.7,52.2,4.1,4.5,3.7,2.1,2.0,1.6,52.2,13.4,17.8,34.4,4.2,19.4,32.0,29.6,70.6,5.1,6.0,4.5,2.8,2.6,2.2,17.8,41.8,41.2,41.2,51.5,41.2,34.3,41.2,0.0,28.4,33.6,41.2,74.2,10.9,6.3,4.2,47.7,66.4,58.8,25.8,89.1,21.9,24.2,23.9,0.0,0.0,0.0,0.0,71.8,71.6,2395.7,24.00,40,39,39,77,116,708,1,79.6,73.3,70.2,63.6,62.3,67.2,70.9,63.0,58.5,59.8,61.2,61.2,67.5,62.0,48.0,46.0,49.5,1.260,1.015,1.100,17.636,8.264,17.636,40.000,6.111,43.296,2.754,3.115,4.105,5.308,2.531,0.741,0.721,22.232,8.388,37.343,42.357,1996.4,2395.7,5149.0,5149.0,5147.1,48.1,23.5,26.7,48.1,86.2,いいえ,いいえ,いいえ,0.661,0.252,1.7,46.0,79.6,40.0,79.0,1.256,12.038,3.440,3.296,5.016,1.064,0.968,3.440,3.344,1.808,1.024,1.120,1.032,1.792,1.096,0.648,1.824,0.264,2051,いいえ,62.8,45.2,1.110,1.110,1.800,1.800,1.005,5.040,0.250,いいえ,いいえ,いいえ,44.0,1.095,1.110,1.800,1.800,1.005,5.040,0.500,いいえ,いいえ,いいえ,37,37,いいえ,はい,15388,14039,128,128,34,100.0,いいえ,いいえ,3868,2528,9990,44,46,54,100.0,100.0,いいえ,いいえ,7032,7744,0.0,0.1,0.1,0.000,0.010,1392,1012,0.0,0.0,0.0,0.000,0.000,181182,133153,0.0,0.1,0.1,0.000,0.128,66345,77739,64.0,0.720,24.000,600.0,2400.0,1200.0,100.0,0.0,0.0,0.0,0.0,0.0,0.0,0.0,0.0,125,2,16.0,86,いいえ,いいえ,いいえ,68.0,70.0,77.1,84.0,1.100,12.170,12.167,12.130,12.217,12.166,1546,1544,150.345,68.328,115.587,28.301,31.974,129.943,14.149,46.083,89.411,91.171,220.000,220.000,2775.0,1281.5,2130.0,2764.1,2235.0,2766.7,1280.1,2224.3,94.0,52.0,2.0,0.0,92.0,25.3,100.0,0.0,1.1,0.0,38,38,はい,いいえ,いいえ,はい,いいえ,いいえ,いいえ,73.5,76.6,0,0,0,0,0,0,0,0,0,0,0,0,0,0,0,0,0,0,0,0,0,0,0,0,0,0,0,0,0,0,980,11302,11026,590,16.0,3.3,3.3,3.3,3.3,3.3,3.3,3.2,3.2,3.2,3.2,3.2,3.2,306.46,306.46,306.46,306.46,306.46,306.46,294.63,12.53,306.23,0.22,680.69,0,0,0.0,0.0,44296,39082,6.8,140.0,0,
19.7.2026,1:3:15.456,27837,6073,82.0,13905,17958,43.6,3.5,2048,71,1.260,1.260,1.260,1.260,1.260,1.260,1.260,4169.7,4112.6,5140.7,4112.6,4112.6,3427.2,4112.6,99.8,639.4,1002.8,130.1,962.2,1057.6,476.7,3266.1,218.8,220.2,115.7,111.8,44.8,65.7,639.4,12.4,18.9,2.5,18.2,20.1,9.1,63.7,5.1,4.5,2.1,2.0,0.6,1.7,63.7,12.4,16.1,22.2,3.2,24.7,26.6,11.6,85.7,5.4,5.0,2.9,2.8,1.1,1.6,16.1,41.8,41.2,51.5,41.2,41.2,34.3,41.2,0.0,25.6,24.0,40.4,72.0,9.8,4.8,2.4,46.0,75.8,59.6,28.0,90.2,9.6,13.1,28.4,0.2,0.0,0.0,0.0,85.7,84.6,2395.7,24.00,40,39,39,77,116,708,1,77.9,72.5,73.2,62.6,60.8,66.6,69.9,62.2,57.6,58.6,60.7,60.7,68.0,62.0,48.0,46.0,49.5,1.255,1.015,1.100,16.453,8.232,16.452,40.500,6.114,41.668,2.411,2.631,3.770,5.057,2.266,0.408,0.332,20.650,8.355,35.730,40.729,1996.4,2395.7,5148.8,5148.8,5147.1,46.3,21.9,27.0,46.3,85.3,いいえ,いいえ,いいえ,0.437,0.143,1.5,46.0,77.8,40.0,77.0,1.288,12.038,3.440,3.296,5.016,1.064,0.968,3.440,3.344,1.808,1.024,1.120,1.032,1.792,1.096,0.648,1.824,0.264,2033,いいえ,62.8,45.2,1.110,1.110,1.800,1.800,1.005,5.040,0.250,いいえ,いいえ,いいえ,44.0,1.110,1.110,1.800,1.800,1.005,5.040,0.250,いいえ,いいえ,いいえ,37,37,いいえ,はい,15388,14039,128,128,34,100.0,いいえ,いいえ,3868,2528,9990,44,46,54,100.0,100.0,いいえ,いいえ,7032,7744,0.0,0.1,0.1,0.000,0.008,1392,1012,0.0,0.0,0.0,0.000,0.000,181182,133153,0.0,0.0,0.0,0.000,0.006,66345,77739,63.9,0.720,50.000,600.0,2400.0,1200.0,100.0,0.0,0.0,0.0,0.0,0.0,0.0,0.0,0.0,125,2,16.0,86,いいえ,いいえ,いいえ,67.5,70.0,76.3,84.0,1.100,12.176,12.172,12.141,12.218,12.171,1544,1544,147.695,69.484,115.973,25.805,30.087,129.170,12.901,42.938,105.643,93.353,220.000,220.000,2775.0,1281.5,2130.0,2764.1,2235.0,2765.1,1279.8,2225.7,90.0,53.0,1.0,0.0,92.0,25.3,100.0,0.0,1.0,0.0,38,38,はい,いいえ,いいえ,はい,いいえ,いいえ,いいえ,72.2,83.6,0,0,0,0,0,0,0,0,0,0,0,0,0,0,0,0,0,0,0,0,0,0,0,0,0,0,0,0,0,0,980,11302,11026,590,16.0,4.8,16.1,1.1,1.0,1.0,1.0,3.6,28.3,1.0,1.0,1.0,1.0,210.19,918.09,62.09,62.03,970.14,970.14,2.68,53.53,210.14,0.05,31.68,0,0,0.0,0.0,44296,39082,7.5,183.1,0,
19.7.2026,1:3:17.448,27839,6072,82.0,13941,17922,43.7,3.5,2048,71,1.255,1.255,1.255,1.255,1.255,1.255,1.255,3827.0,4112.6,5140.7,3427.2,3427.2,3427.2,3427.2,99.8,658.0,1156.4,138.3,2010.5,1311.2,796.8,1716.7,181.8,275.5,69.3,121.8,48.9,68.5,658.0,12.6,21.4,3.3,39.4,24.3,14.9,32.6,3.4,4.9,1.8,3.0,1.5,1.1,39.4,12.6,16.5,26.0,3.4,52.6,33.4,20.2,44.1,4.4,6.4,1.7,3.0,1.2,1.7,16.5,38.3,41.2,51.5,34.3,34.3,34.3,34.3,0.0,26.5,27.5,65.2,49.6,10.1,4.0,2.5,45.9,72.5,34.8,50.4,89.9,13.2,14.8,27.6,0.0,0.0,0.0,0.0,82.8,82.7,2395.7,24.00,40,39,39,77,116,708,1,76.6,72.7,72.8,62.7,61.1,69.3,67.6,62.1,57.4,58.6,60.6,60.6,67.5,62.1,48.0,46.0,49.5,1.256,1.015,1.100,16.745,8.173,16.740,41.000,6.135,41.975,2.506,2.806,4.792,4.291,2.360,0.405,0.380,21.039,8.296,36.083,41.077,1996.4,2395.7,5149.4,5149.4,5146.5,46.7,22.3,27.3,46.7,85.5,いいえ,いいえ,いいえ,0.409,0.146,1.6,46.0,76.8,40.0,76.0,1.264,12.038,3.440,3.296,5.016,1.064,0.968,3.440,3.344,1.808,1.024,1.120,1.032,1.792,1.096,0.648,1.824,0.264,2045,いいえ,62.8,45.2,1.110,1.110,1.800,1.800,1.005,5.040,0.250,いいえ,いいえ,いいえ,44.0,1.110,1.110,1.800,1.800,1.005,5.040,0.250,いいえ,いいえ,いいえ,37,37,いいえ,はい,15388,14039,128,128,34,100.0,いいえ,いいえ,3868,2528,9990,44,46,54,100.0,100.0,いいえ,いいえ,7032,7744,0.0,0.0,0.0,0.000,0.004,1392,1012,0.0,0.0,0.0,0.000,0.000,181182,133153,0.0,0.1,0.1,0.000,0.085,66345,77739,63.9,0.720,45.000,600.0,2400.0,1200.0,100.0,0.0,0.0,0.0,0.0,0.0,0.0,0.0,0.0,125,2,16.0,86,いいえ,いいえ,いいえ,69.5,70.0,79.4,84.0,1.100,12.175,12.171,12.134,12.223,12.170,1549,1544,149.594,70.332,116.211,28.091,31.887,130.412,14.045,45.906,104.585,91.523,220.000,220.000,2775.0,1281.5,2130.0,2764.8,2235.0,2765.4,1280.4,2225.7,94.0,52.0,1.0,0.0,92.0,25.2,100.0,0.0,0.8,0.0,38,38,はい,いいえ,いいえ,はい,いいえ,いいえ,いいえ,73.7,79.7,0,0,0,0,0,0,0,0,0,0,0,0,0,0,0,0,0,0,0,0,0,0,0,0,0,0,0,0,0,0,980,11302,11026,590,16.0,6.4,17.5,1.8,1.7,1.7,1.7,1.2,1.2,1.2,1.2,1.2,1.2,156.55,567.90,57.18,57.14,592.13,592.13,1.15,23.59,156.51,0.04,6.53,0,0,0.0,0.0,44296,39083,6.2,154.1,0,
19.7.2026,1:3:19.460,27842,6069,82.1,13954,17909,43.7,3.5,2048,71,1.255,1.255,1.255,1.255,1.255,1.255,1.255,4283.9,4112.6,5140.7,4112.6,4112.6,4112.6,4112.6,99.8,646.1,1097.4,133.7,2981.8,1157.2,881.8,776.0,146.2,223.3,101.7,113.4,60.2,80.4,646.1,12.2,20.1,2.6,58.1,21.9,17.0,13.6,2.6,3.9,1.9,2.2,1.1,1.4,58.1,12.2,16.2,24.5,3.3,78.5,30.0,22.3,18.8,3.4,5.1,2.5,2.8,1.5,2.0,16.2,42.9,41.2,51.5,41.2,41.2,41.2,41.2,0.0,26.0,26.1,80.5,33.7,8.1,4.5,3.1,46.7,73.9,19.5,66.3,91.9,12.0,16.4,27.3,0.0,0.0,0.0,0.0,83.5,80.5,2395.7,24.00,40,39,39,77,116,708,1,75.6,72.4,73.2,62.4,60.8,70.8,65.5,61.4,57.4,58.4,60.5,60.5,68.0,62.0,48.0,46.0,49.5,1.255,1.015,1.100,16.442,8.165,16.445,45.500,6.133,41.623,2.447,2.712,5.261,3.640,2.207,0.431,0.432,20.640,8.288,35.674,40.674,1996.4,2395.7,5150.7,5150.7,5148.1,46.2,21.9,30.3,46.2,85.2,いいえ,いいえ,いいえ,0.363,0.140,1.6,46.0,75.6,40.0,75.0,1.272,12.144,3.440,3.296,5.016,1.064,0.960,3.440,3.344,1.808,1.024,1.120,1.032,1.792,1.096,0.648,1.824,0.264,2042,いいえ,62.8,45.2,1.110,1.110,1.800,1.800,1.005,5.040,0.375,いいえ,いいえ,いいえ,44.0,1.110,1.110,1.800,1.815,1.005,5.040,0.250,いいえ,いいえ,いいえ,37,37,いいえ,はい,15388,14039,128,128,34,100.0,いいえ,いいえ,3868,2528,9990,44,46,54,100.0,100.0,いいえ,いいえ,7032,7744,0.0,0.1,0.1,0.000,0.006,1392,1012,0.0,0.0,0.0,0.000,0.000,181182,133153,0.0,0.0,0.0,0.000,0.006,66345,77739,63.8,0.720,28.000,600.0,2400.0,1200.0,100.0,0.0,0.0,0.0,0.0,0.0,0.0,0.0,0.0,125,2,16.0,86,いいえ,いいえ,いいえ,70.5,72.0,80.9,84.0,1.100,12.160,12.156,12.121,12.207,12.156,1549,1549,156.781,63.657,119.092,29.249,32.715,133.924,14.623,47.308,27.432,104.916,220.000,220.000,2775.0,1281.5,2130.0,2764.8,2235.0,2765.2,1280.1,2223.9,95.0,63.0,1.0,0.0,92.0,25.3,100.0,0.0,1.0,0.0,38,38,はい,いいえ,いいえ,はい,いいえ,いいえ,いいえ,75.6,89.0,0,0,0,0,0,0,0,0,0,0,0,0,0,0,0,0,0,0,0,0,0,0,0,0,0,0,0,0,0,0,980,11302,11026,591,16.0,2.4,15.4,1.3,1.3,1.3,1.3,1.2,1.2,1.2,1.2,1.2,1.2,424.99,785.01,64.98,58.37,792.36,792.36,2.39,38.82,424.95,0.04,95.69,0,0,0.0,0.0,44296,39083,6.0,249.3,0,
19.7.2026,1:3:21.462,27839,6072,82.0,14019,17844,43.9,3.5,2048,71,1.245,1.245,1.245,1.245,1.245,1.245,1.245,4283.9,4112.6,5140.7,4112.6,4112.6,4112.6,4112.6,99.8,644.1,1056.2,114.9,2094.4,2279.4,667.7,787.2,160.9,206.4,148.5,101.1,50.7,62.1,644.1,12.4,19.8,2.4,40.8,44.1,12.8,14.1,3.1,3.7,3.0,2.2,1.1,1.2,44.1,12.4,16.2,23.8,2.8,54.9,59.8,16.6,19.3,3.8,4.6,3.8,2.5,1.2,1.5,16.2,42.9,41.2,51.5,41.2,41.2,41.2,41.2,0.0,25.9,25.3,84.6,29.8,8.0,5.2,2.4,45.5,74.7,15.4,70.2,92.0,11.2,9.5,28.6,0.0,0.0,0.0,0.0,83.6,88.1,2395.7,24.00,40,39,39,77,116,708,1,75.2,72.7,71.2,62.4,60.7,71.3,65.2,61.3,57.6,58.2,60.5,60.5,67.2,61.9,48.0,46.0,49.5,1.256,1.015,1.100,16.331,8.160,16.336,38.500,6.104,41.447,2.444,2.699,5.438,3.549,2.216,0.482,0.279,20.523,8.283,35.520,40.527,1996.4,2395.7,5149.8,5149.8,5146.8,46.1,21.8,25.7,46.1,85.6,いいえ,いいえ,いいえ,0.432,0.147,1.6,46.0,75.2,40.0,75.0,1.264,12.091,3.440,3.312,5.016,1.064,0.968,3.440,3.344,1.808,1.024,1.120,1.032,1.792,1.096,0.648,1.824,0.264,2042,いいえ,62.8,45.2,1.110,1.110,1.800,1.800,1.005,5.040,0.250,いいえ,いいえ,いいえ,44.0,1.110,1.110,1.800,1.800,1.005,5.040,0.375,いいえ,いいえ,いいえ,37,37,いいえ,はい,15388,14039,128,128,34,100.0,いいえ,いいえ,3868,2528,9990,44,46,54,100.0,100.0,いいえ,いいえ,7032,7744,0.0,0.0,0.0,0.000,0.004,1392,1012,0.0,0.0,0.0,0.000,0.000,181182,133153,0.0,0.0,0.0,0.000,0.018,66345,77739,63.8,0.720,20.000,600.0,2400.0,1200.0,100.0,0.0,0.0,0.0,0.0,0.0,0.0,0.0,0.0,125,2,16.0,86,いいえ,いいえ,いいえ,70.4,70.0,80.7,84.0,1.100,12.169,12.166,12.132,12.214,12.165,1549,1551,148.476,70.241,116.448,26.813,30.901,130.069,13.393,44.266,110.741,89.298,220.000,220.000,2775.0,1281.5,2130.0,2764.9,2235.0,2767.0,1280.3,2225.1,93.0,47.0,1.0,0.0,92.0,25.1,100.0,0.0,0.6,0.0,39,39,はい,いいえ,いいえ,はい,いいえ,いいえ,いいえ,73.1,82.2,0,0,0,0,0,0,0,0,0,0,0,0,0,0,0,0,0,0,0,0,0,0,0,0,0,0,0,0,0,0,980,11302,11026,591,16.0,8.0,17.6,3.9,3.8,3.8,3.8,0.0,0.0,0.0,0.0,0.0,0.0,124.48,257.26,56.92,56.71,262.97,262.97,1.17,15.39,124.43,0.05,0.00,0,0,0.0,0.0,44296,39083,5.7,109.6,0,
19.7.2026,1:3:23.462,27853,6058,82.1,14056,17807,44.1,3.5,2048,71,1.248,1.260,1.245,1.245,1.245,1.245,1.245,4055.5,4112.6,4112.6,5140.7,4112.6,3427.2,3427.2,99.8,665.7,1164.4,152.0,923.5,3532.0,669.0,803.3,165.3,249.3,82.8,121.0,55.2,71.2,665.7,12.7,21.6,3.1,17.7,68.8,12.9,14.1,3.2,4.6,1.6,2.5,1.1,1.3,68.8,12.7,16.7,26.2,3.7,24.1,92.9,16.6,19.3,3.9,5.7,2.0,3.0,1.3,1.7,16.7,40.6,41.2,41.2,51.5,41.2,34.3,34.3,0.0,26.7,27.5,86.2,30.1,9.2,4.3,2.7,47.9,72.4,13.8,69.9,90.8,19.0,21.7,25.4,0.1,0.0,0.0,0.0,76.7,75.5,2395.7,24.00,40,39,39,77,116,708,1,75.0,72.9,69.4,62.6,61.0,71.8,65.3,61.6,57.5,58.6,60.5,60.5,67.8,61.9,48.0,46.0,49.5,1.256,1.015,1.100,16.990,8.143,16.989,37.500,6.084,42.236,2.560,2.821,5.591,3.588,2.281,0.549,0.529,21.355,8.265,36.312,41.313,1996.4,2395.7,5149.5,5149.5,5146.5,46.9,22.7,25.0,46.9,85.7,いいえ,いいえ,いいえ,0.464,0.158,1.6,46.0,75.1,40.0,75.0,1.264,12.091,3.440,3.296,5.016,1.064,0.960,3.440,3.344,1.808,1.024,1.120,1.032,1.792,1.096,0.648,1.824,0.264,2036,いいえ,62.8,45.2,1.110,1.110,1.800,1.800,1.005,5.040,0.625,いいえ,いいえ,いいえ,44.0,1.110,1.110,1.800,1.800,1.005,5.040,0.250,いいえ,いいえ,いいえ,37,37,いいえ,はい,15388,14039,128,128,34,100.0,いいえ,いいえ,3868,2528,9990,44,46,54,100.0,100.0,いいえ,いいえ,7032,7744,0.0,0.1,0.1,0.000,0.010,1392,1012,0.0,0.0,0.0,0.000,0.000,181182,133153,0.0,0.1,0.1,0.000,0.044,66345,77740,63.8,0.720,31.000,600.0,2400.0,1200.0,100.0,0.0,0.0,0.0,0.0,0.0,0.0,0.0,0.0,125,2,16.0,86,いいえ,いいえ,いいえ,67.5,70.0,76.5,84.0,1.100,12.165,12.162,12.127,12.213,12.161,1555,1556,148.302,73.253,119.713,28.288,32.027,134.034,14.131,46.141,96.109,115.579,220.000,220.000,2775.0,1281.5,2130.0,2764.7,2235.0,2758.2,1280.5,2221.9,94.0,58.0,0.0,0.0,92.0,25.2,100.0,0.0,0.9,0.0,39,39,はい,いいえ,いいえ,はい,いいえ,いいえ,いいえ,75.4,50.1,0,0,0,0,0,0,0,0,0,0,0,0,0,0,0,0,0,0,0,0,0,0,0,0,0,0,0,0,0,0,980,11302,11026,591,16.0,7.0,16.2,3.1,3.1,3.1,3.1,0.0,0.0,0.0,0.0,0.0,0.0,142.22,319.49,61.74,61.72,325.69,325.69,1.06,31.06,142.17,0.05,0.00,0,0,0.0,0.0,44296,39084,140.0,234.8,0,
19.7.2026,1:3:25.471,27844,6067,82.1,14133,17730,44.3,3.5,2048,71,1.255,1.255,1.255,1.255,1.255,1.255,1.255,4055.5,4112.6,4112.6,5140.7,4112.6,3427.2,3427.2,99.8,681.5,1311.8,138.1,963.2,3251.1,574.4,1135.7,181.6,249.6,114.9,117.3,68.4,72.3,681.5,13.0,24.3,2.9,18.5,63.2,10.8,20.5,3.7,4.5,2.3,2.5,1.5,1.4,63.2,13.0,17.1,30.0,3.4,25.0,85.4,14.0,27.9,4.4,5.6,2.9,2.9,1.7,1.7,17.1,40.6,41.2,41.2,51.5,41.2,34.3,34.3,0.0,27.5,30.5,81.8,34.9,9.6,4.9,3.1,46.3,69.5,18.2,65.1,90.4,16.0,18.8,26.2,0.0,0.0,0.0,0.0,79.1,78.1,2395.7,24.00,40,39,39,77,116,708,1,75.0,73.0,72.8,62.8,61.3,71.4,66.0,61.8,57.7,58.7,60.6,60.6,67.2,61.8,48.0,46.0,49.6,1.256,1.015,1.100,17.091,8.121,17.091,38.500,6.101,42.374,2.619,2.973,5.491,3.885,2.360,0.528,0.476,21.477,8.243,36.431,41.434,1996.4,2395.7,5146.4,5146.4,5144.4,47.1,22.8,25.7,47.1,85.8,いいえ,いいえ,いいえ,0.493,0.169,1.6,46.0,75.0,40.0,75.0,1.272,12.144,3.440,3.312,5.016,1.064,0.960,3.440,3.344,1.808,1.024,1.120,1.032,1.792,1.096,0.648,1.824,0.264,2039,いいえ,62.8,45.2,1.110,1.110,1.800,1.800,1.005,5.040,0.250,いいえ,いいえ,いいえ,44.0,1.110,1.110,1.800,1.800,1.005,5.040,0.250,いいえ,いいえ,いいえ,37,37,いいえ,はい,15388,14039,128,128,34,100.0,いいえ,いいえ,3868,2528,9990,44,46,54,100.0,100.0,いいえ,いいえ,7032,7744,0.0,0.0,0.0,0.000,0.004,1392,1012,0.0,0.0,0.0,0.000,0.000,181182,133153,0.0,0.1,0.1,0.000,0.193,66345,77740,63.8,0.720,18.000,600.0,2400.0,1200.0,100.0,0.0,0.0,0.0,0.0,0.0,0.0,0.0,0.0,125,2,16.0,86,いいえ,いいえ,いいえ,69.1,70.0,78.5,84.0,1.100,12.166,12.162,12.129,12.212,12.161,1558,1558,148.651,73.532,120.144,27.657,31.524,134.196,13.839,45.322,104.582,110.996,220.000,220.000,2775.0,1281.5,2130.0,2764.8,2235.0,2763.7,1280.4,2222.3,92.0,58.0,1.0,0.0,92.0,25.2,100.0,0.0,1.0,0.0,39,39,はい,いいえ,いいえ,はい,いいえ,いいえ,いいえ,72.8,72.2,0,0,0,0,0,0,0,0,0,0,0,0,0,0,0,0,0,0,0,0,0,0,0,0,0,0,0,0,0,0,980,11302,11026,591,16.0,1.1,1.1,1.1,1.1,1.1,1.1,1.1,1.1,1.1,1.1,1.1,1.1,870.28,870.28,870.28,870.28,870.28,870.28,857.32,12.90,869.95,0.34,739.90,0,0,0.0,0.0,44296,39084,6.8,232.3,0,
19.7.2026,1:3:27.476,27783,6128,81.9,14601,17262,45.8,3.5,2048,71,1.275,1.275,1.275,1.275,1.275,1.275,1.275,3941.2,4112.6,3427.2,5140.7,3427.2,3427.2,4112.6,99.8,1829.8,1964.2,1482.0,2217.3,2178.4,2682.2,2552.4,1640.2,1611.5,1401.1,1411.0,1403.5,1413.9,1829.8,37.4,38.1,30.6,45.3,44.3,54.2,51.5,34.3,33.5,29.1,29.3,29.1,29.2,54.2,37.4,47.6,47.3,38.9,58.1,56.8,70.3,66.9,43.0,42.1,36.8,37.1,36.9,37.2,47.6,39.5,41.2,34.3,51.5,34.3,34.3,41.2,0.0,47.2,42.7,59.8,76.5,39.5,32.5,32.1,35.5,49.7,40.2,23.5,57.6,21.2,20.9,17.3,7.5,0.0,0.0,2.9,46.3,46.9,2395.7,24.00,40,39,39,77,116,708,1,82.8,77.7,80.6,68.6,65.2,72.5,74.7,69.2,63.8,66.2,61.7,61.7,68.0,62.0,48.0,46.0,49.7,1.215,1.015,1.100,23.982,8.436,23.975,67.500,6.123,50.748,4.066,3.651,5.415,6.115,3.962,2.634,2.619,28.859,8.562,44.157,49.693,1996.4,2395.7,5010.8,5010.8,5036.2,56.5,32.0,45.0,56.5,91.4,いいえ,いいえ,いいえ,8.135,3.793,2.8,46.0,82.8,40.0,82.0,1.224,12.144,3.440,3.312,5.016,1.064,0.960,3.440,3.344,1.808,1.024,1.120,1.032,1.792,1.096,0.648,1.824,0.264,2048,いいえ,62.8,45.2,1.110,1.110,1.800,1.800,1.005,5.040,1.000,いいえ,いいえ,いいえ,44.0,1.110,1.110,1.800,1.800,1.005,5.040,0.250,いいえ,いいえ,いいえ,37,37,いいえ,はい,15388,14039,128,128,34,100.0,いいえ,いいえ,3868,2528,9990,44,46,54,100.0,100.0,いいえ,いいえ,7032,7744,0.0,0.1,0.1,0.000,0.002,1392,1012,0.0,0.0,0.0,0.000,0.000,181182,133153,0.0,0.0,0.0,0.000,0.008,66345,77740,64.0,0.720,36.000,600.0,2400.0,1200.0,100.0,0.0,0.0,0.0,0.0,0.0,0.0,0.0,0.0,125,2,16.0,86,いいえ,いいえ,いいえ,57.9,66.0,68.7,84.0,1.095,12.305,12.316,12.253,12.334,12.316,1569,1567,48.432,19.008,27.143,7.463,16.530,30.871,3.732,20.261,22.991,23.076,220.000,220.000,2775.0,1281.5,2145.0,2775.0,2235.0,2775.3,1280.1,2235.6,0.0,0.0,0.0,0.0,87.5,15.0,59.4,0.0,0.7,0.0,39,39,はい,いいえ,いいえ,はい,いいえ,いいえ,いいえ,21.5,21.6,0,0,0,0,0,0,0,0,0,0,0,0,0,0,0,0,0,0,0,0,0,0,0,0,0,0,0,0,0,0,1538,10744,10468,591,16.0,3.7,14.2,2.6,2.6,2.6,2.6,2.5,3.5,1.9,1.9,1.9,1.9,272.87,380.68,70.33,64.76,380.82,380.82,1.55,73.97,272.77,0.11,462.81,0,0,0.0,0.0,44296,39085,6.0,179.6,0,
19.7.2026,1:3:29.470,28030,5881,82.6,13727,18136,43.0,3.5,2048,71,1.248,1.265,1.245,1.245,1.245,1.245,1.245,4055.5,4112.6,4112.6,5140.7,4112.6,3427.2,3427.2,99.8,1202.5,2205.6,711.5,1515.5,1660.8,1563.4,2938.4,792.9,1000.0,513.2,517.3,512.0,498.8,1202.5,23.2,38.5,14.2,29.0,32.6,30.2,58.2,15.2,18.6,10.4,10.5,10.7,10.2,58.2,23.2,30.4,51.0,18.3,38.1,42.6,40.2,77.2,20.4,24.7,13.3,13.3,13.3,12.8,30.4,40.6,41.2,41.2,51.5,41.2,34.3,34.3,0.0,39.5,46.2,53.8,78.2,28.0,15.4,15.6,46.8,47.1,46.2,21.8,72.0,40.2,53.4,13.7,6.7,0.0,0.0,0.0,44.4,31.0,2395.7,24.00,40,39,39,77,116,708,1,82.4,77.9,71.8,67.6,65.1,71.8,75.4,67.6,61.7,64.1,62.3,62.3,68.0,62.2,48.0,46.0,49.9,1.248,1.015,1.100,22.192,8.262,22.196,50.000,6.095,49.104,3.865,3.788,5.236,6.392,3.762,1.901,2.111,27.657,8.385,42.747,47.973,1996.4,2395.7,5075.9,5075.9,5079.2,54.5,29.6,33.3,54.5,91.7,いいえ,いいえ,いいえ,3.607,2.080,2.4,46.0,82.4,40.0,82.0,1.280,12.091,3.440,3.296,5.016,1.064,0.960,3.440,3.344,1.808,1.024,1.120,1.032,1.792,1.096,0.648,1.824,0.264,2048,いいえ,62.8,45.2,1.110,1.110,1.800,1.800,1.005,5.040,0.250,いいえ,いいえ,いいえ,44.0,1.110,1.110,1.800,1.800,1.005,5.040,0.250,いいえ,いいえ,いいえ,37,37,いいえ,はい,15388,14039,128,128,34,100.0,いいえ,いいえ,3868,2528,9990,44,46,54,100.0,100.0,いいえ,いいえ,7032,7744,0.0,0.1,0.1,0.000,0.008,1392,1012,0.0,0.0,0.0,0.000,0.000,181182,133153,0.0,0.2,0.2,0.000,0.333,66345,77741,64.3,0.720,20.000,600.0,2400.0,1200.0,100.0,0.0,0.0,0.0,0.0,0.0,0.0,0.0,0.0,125,2,16.0,86,いいえ,いいえ,いいえ,66.2,70.0,75.0,84.0,1.095,12.185,12.184,12.142,12.229,12.185,1558,1558,49.216,59.987,102.114,25.757,30.075,115.225,12.880,42.901,95.569,55.373,220.000,220.000,2775.0,1281.5,2145.0,2262.2,2235.0,2770.8,1279.7,2231.1,88.0,55.0,2.0,1.0,92.7,24.1,95.0,0.0,1.4,0.0,39,39,はい,いいえ,いいえ,はい,いいえ,いいえ,いいえ,65.9,69.9,0,0,0,0,0,0,0,0,0,0,0,0,0,0,0,0,0,0,0,0,0,0,0,0,0,0,0,0,0,0,902,11380,11104,591,16.0,2.9,4.3,2.2,2.2,2.2,2.2,3.0,4.6,2.2,2.2,2.2,2.2,342.38,450.55,234.21,232.22,452.76,452.76,2.54,77.87,342.32,0.06,173.93,0,0,0.0,0.0,44296,39085,7.2,136.4,0,
19.7.2026,1:3:31.470,27992,5919,82.5,13816,18047,43.3,3.5,2048,71,1.272,1.255,1.275,1.275,1.275,1.275,1.275,4312.8,4112.6,5140.7,5140.7,4052.7,3377.2,4052.7,99.8,696.7,1387.7,132.5,1451.5,881.5,2681.9,917.4,195.3,279.4,141.4,138.8,65.6,87.5,696.7,13.3,25.4,2.9,27.7,15.5,52.1,17.6,4.2,5.0,3.1,3.0,1.6,2.0,52.1,13.3,17.5,32.3,3.2,37.5,21.6,70.2,23.3,4.7,6.1,3.5,3.4,1.6,2.1,17.5,43.2,41.2,51.5,51.5,40.6,33.8,40.6,0.0,27.9,31.6,46.3,70.1,10.6,5.6,3.3,46.6,68.4,53.7,29.9,89.4,22.1,16.2,25.5,0.0,0.0,0.0,0.0,72.3,80.6,2395.7,24.00,40,39,39,77,116,708,1,80.0,73.2,79.6,63.6,62.2,68.0,70.4,62.9,58.8,59.4,61.3,61.3,68.5,61.9,48.0,46.0,49.9,1.259,1.015,1.100,17.319,8.118,17.316,39.000,6.116,42.759,2.682,3.022,4.269,5.041,2.480,0.797,0.486,21.823,8.240,36.791,41.799,1996.4,2395.7,5147.2,5147.2,5146.6,47.5,23.1,26.0,47.5,86.2,いいえ,いいえ,いいえ,0.651,0.247,1.7,46.0,79.9,40.0,79.0,1.264,12.038,3.440,3.296,5.016,1.064,0.960,3.440,3.344,1.808,1.024,1.120,1.032,1.792,1.096,0.648,1.824,0.264,2039,いいえ,62.8,45.2,1.110,1.110,1.800,1.800,1.005,5.040,0.375,いいえ,いいえ,いいえ,44.0,1.110,1.110,1.800,1.815,1.005,5.040,0.250,いいえ,いいえ,いいえ,37,37,いいえ,はい,15388,14039,128,128,34,100.0,いいえ,いいえ,3868,2528,9990,44,46,54,100.0,100.0,いいえ,いいえ,7032,7744,0.0,0.1,0.1,0.000,0.004,1392,1012,0.0,0.0,0.0,0.000,0.000,181182,133153,0.0,0.0,0.0,0.000,0.008,66345,77741,64.1,0.720,38.000,600.0,2400.0,1200.0,100.0,0.0,0.0,0.0,0.0,0.0,0.0,0.0,0.0,125,2,16.0,86,いいえ,いいえ,いいえ,63.5,68.0,71.5,84.0,1.100,12.210,12.208,12.172,12.250,12.210,1551,1551,130.756,47.439,94.353,21.462,26.816,105.379,10.720,37.464,26.902,56.417,220.000,220.000,2775.0,1281.5,2130.0,2767.0,2235.0,2772.3,1280.5,2228.3,91.0,50.0,0.0,0.0,92.0,25.1,100.0,0.0,0.6,0.0,38,38,はい,いいえ,いいえ,はい,いいえ,いいえ,いいえ,59.9,27.3,0,0,0,0,0,0,0,0,0,0,0,0,0,0,0,0,0,0,0,0,0,0,0,0,0,0,0,0,0,0,980,11302,11026,591,16.0,10.8,17.4,5.1,5.0,5.0,5.0,1.0,1.0,1.0,1.0,1.0,1.0,92.90,195.19,57.56,57.56,199.22,199.22,0.92,13.13,92.85,0.05,27.11,0,0,0.0,0.0,44296,39085,6.2,105.8,0,
19.7.2026,1:3:33.468,27839,6072,82.0,13868,17994,43.5,3.5,2048,71,1.263,1.255,1.265,1.265,1.265,1.265,1.265,4055.5,4112.6,5140.7,4112.6,4112.6,3427.2,3427.2,99.8,645.1,1075.5,114.8,1426.9,1475.6,1554.7,1373.8,176.9,222.1,73.6,90.5,68.5,88.2,645.1,12.2,19.9,2.0,28.1,27.8,30.0,26.5,3.2,3.6,1.1,1.5,1.2,1.5,30.0,12.2,16.2,24.3,2.8,37.1,37.8,40.4,35.4,4.2,5.0,1.8,2.2,1.7,2.2,16.2,40.6,41.2,51.5,41.2,41.2,34.3,34.3,0.0,25.9,25.6,56.9,57.4,8.8,3.3,3.5,46.3,74.4,43.1,42.6,91.2,12.7,14.0,27.8,0.0,0.0,0.0,0.0,84.0,82.6,2395.7,24.00,40,39,39,77,116,708,1,78.1,72.8,72.8,62.8,61.1,68.7,68.5,62.1,57.5,58.8,60.8,60.8,68.0,61.9,48.0,46.0,49.9,1.256,1.015,1.100,16.587,8.135,16.590,39.000,6.123,41.763,2.458,2.705,4.464,4.512,2.267,0.391,0.410,20.833,8.257,35.825,40.831,1996.4,2395.7,5148.2,5148.2,5146.1,46.4,22.1,26.0,46.4,85.6,いいえ,いいえ,いいえ,0.440,0.149,1.6,46.0,78.2,40.0,78.0,1.256,12.038,3.440,3.296,5.016,1.064,0.960,3.440,3.344,1.808,1.024,1.120,1.032,1.792,1.096,0.648,1.824,0.264,2045,いいえ,62.8,45.2,1.110,1.110,1.800,1.800,1.005,5.040,0.250,いいえ,いいえ,いいえ,44.0,1.110,1.110,1.800,1.800,1.005,5.040,0.500,いいえ,いいえ,いいえ,37,37,いいえ,はい,15388,14039,128,128,34,100.0,いいえ,いいえ,3868,2528,9990,44,46,54,100.0,100.0,いいえ,いいえ,7032,7744,0.0,0.0,0.0,0.000,0.004,1392,1012,0.0,0.0,0.0,0.000,0.000,181182,133153,0.0,0.0,0.0,0.000,0.010,66345,77741,64.0,0.720,22.000,600.0,2400.0,1200.0,100.0,0.0,0.0,0.0,0.0,0.0,0.0,0.0,0.0,125,2,16.0,86,いいえ,いいえ,いいえ,68.7,70.0,78.1,84.0,1.095,12.172,12.168,12.134,12.218,12.169,1551,1549,144.673,69.436,116.274,27.864,31.646,130.427,13.933,45.546,100.387,89.413,220.000,220.000,2760.0,1281.5,2130.0,2765.8,2220.0,2755.2,1280.5,2219.2,91.0,56.0,1.0,0.0,92.0,25.2,100.0,0.0,0.9,0.0,38,38,はい,いいえ,いいえ,はい,いいえ,いいえ,いいえ,73.6,72.8,0,0,0,0,0,0,0,0,0,0,0,0,0,0,0,0,0,0,0,0,0,0,0,0,0,0,0,0,0,0,980,11302,11026,591,16.0,7.0,17.7,2.3,2.3,2.3,2.3,2.0,2.4,1.8,1.8,1.8,1.8,142.79,430.03,56.50,56.48,444.13,444.13,1.53,28.62,142.74,0.05,12.33,0,0,0.0,0.0,44296,39086,6.3,255.6,0,
19.7.2026,1:3:35.471,27843,6068,82.1,13943,17920,43.7,3.5,2048,71,1.256,1.260,1.255,1.255,1.255,1.255,1.255,4169.7,4112.6,4112.6,5140.7,4112.6,3427.2,4112.6,99.8,653.2,1155.9,150.5,807.6,1340.4,589.4,3001.9,177.2,260.9,116.3,109.4,44.6,83.7,653.2,12.6,21.6,3.7,15.2,25.2,11.3,58.4,4.0,5.4,2.1,2.0,0.6,1.5,58.4,12.6,16.3,25.6,3.7,20.6,33.6,14.6,78.8,4.3,6.1,2.9,2.7,1.1,2.1,16.3,41.8,41.2,41.2,51.5,41.2,34.3,41.2,0.0,26.2,27.5,43.2,69.5,9.8,4.6,2.9,45.4,72.5,56.7,30.5,90.2,11.2,11.4,28.3,0.0,0.1,0.0,0.0,84.2,85.7,2395.7,24.00,40,39,39,77,116,708,1,76.9,72.4,68.9,62.6,61.1,66.8,69.6,62.1,57.6,58.5,60.7,60.7,66.8,62.0,48.0,46.0,49.9,1.254,1.015,1.100,16.566,8.151,16.563,38.000,6.136,41.702,2.470,2.791,3.964,4.985,2.316,0.438,0.327,20.776,8.273,35.799,40.796,1996.4,2395.7,5146.6,5146.6,5146.6,46.4,22.1,25.3,46.4,85.1,いいえ,いいえ,いいえ,0.435,0.145,1.6,46.0,76.9,40.0,76.0,1.248,12.038,3.440,3.296,5.016,1.064,0.960,3.440,3.344,1.808,1.024,1.120,1.032,1.792,1.096,0.648,1.824,0.264,2039,いいえ,62.8,45.2,1.110,1.110,1.800,1.800,1.005,4.970,0.250,いいえ,いいえ,いいえ,44.0,1.110,1.110,1.800,1.800,1.005,4.970,0.500,いいえ,いいえ,いいえ,37,37,いいえ,はい,15388,14039,128,128,34,100.0,いいえ,いいえ,3868,2528,9990,44,46,54,100.0,100.0,いいえ,いいえ,7032,7744,0.0,0.1,0.1,0.000,0.008,1392,1012,0.0,0.0,0.0,0.000,0.000,181182,133153,0.0,0.0,0.0,0.000,0.053,66345,77741,63.9,0.720,18.000,600.0,2400.0,1200.0,100.0,0.0,0.0,0.0,0.0,0.0,0.0,0.0,0.0,125,2,16.0,86,いいえ,いいえ,いいえ,67.3,70.0,76.3,84.0,1.100,12.190,12.188,12.149,12.236,12.188,1549,1549,142.134,69.410,106.061,25.911,30.153,119.229,12.956,43.069,106.114,111.783,220.000,220.000,2775.0,1281.5,2145.0,2764.8,2235.0,2759.6,1280.1,2223.0,95.0,56.0,1.0,0.0,92.0,25.2,100.0,0.0,1.0,0.0,38,39,はい,いいえ,いいえ,はい,いいえ,いいえ,いいえ,67.8,65.7,0,0,0,0,0,0,0,0,0,0,0,0,0,0,0,0,0,0,0,0,0,0,0,0,0,0,0,0,0,0,980,11302,11026,591,16.0,4.2,10.9,2.1,2.1,2.1,2.1,3.2,9.6,2.0,1.9,1.9,1.9,239.30,479.01,91.47,90.55,485.90,485.90,3.75,66.31,239.25,0.05,234.86,0,0,0.0,0.0,44296,39086,5.8,137.9,0,
19.7.2026,1:3:37.470,27842,6069,82.1,13945,17918,43.7,3.5,2048,71,1.254,1.250,1.255,1.255,1.255,1.255,1.255,4283.9,4112.6,5140.7,4112.6,4112.6,4112.6,4112.6,99.8,637.7,1014.9,158.3,651.3,1375.8,564.8,3146.9,174.3,222.2,107.9,98.3,41.0,96.8,637.7,12.0,17.6,2.8,12.0,25.7,10.0,60.9,3.0,3.7,2.4,2.3,1.1,2.3,60.9,12.0,16.0,21.7,3.9,16.7,35.1,14.0,82.4,4.2,5.2,2.7,2.4,1.0,2.4,16.0,42.9,41.2,51.5,41.2,41.2,41.2,41.2,0.0,25.4,24.2,40.3,71.7,8.8,4.4,3.0,47.7,75.8,59.7,28.3,91.2,15.8,15.3,26.9,0.0,0.0,0.0,0.0,79.9,81.6,2395.7,24.00,40,39,39,77,116,708,1,75.8,72.2,72.8,62.5,60.7,66.4,69.7,61.9,57.6,58.6,60.6,60.6,68.0,61.8,48.0,46.0,49.9,1.253,1.015,1.100,16.512,8.233,16.518,39.500,6.111,41.727,2.410,2.631,3.706,5.034,2.199,0.491,0.402,20.703,8.356,35.781,40.784,1996.4,2395.7,5148.1,5148.1,5147.7,46.3,22.0,26.3,46.3,85.0,いいえ,いいえ,いいえ,0.339,0.123,1.5,46.0,75.8,40.0,75.0,1.240,12.038,3.440,3.296,5.016,1.064,0.960,3.440,3.344,1.808,1.024,1.120,1.032,1.792,1.096,0.648,1.824,0.264,2039,いいえ,62.8,45.2,1.110,1.110,1.800,1.800,1.005,4.970,0.375,いいえ,いいえ,いいえ,44.0,1.110,1.110,1.800,1.800,1.005,4.970,0.250,いいえ,いいえ,いいえ,37,37,いいえ,はい,15388,14039,128,128,34,100.0,いいえ,いいえ,3868,2528,9990,44,46,54,100.0,100.0,いいえ,いいえ,7032,7744,0.0,0.0,0.0,0.000,0.004,1392,1012,0.0,0.0,0.0,0.000,0.000,181182,133153,0.0,0.0,0.0,0.000,0.044,66345,77741,63.9,0.720,17.000,600.0,2400.0,1200.0,100.0,0.0,0.0,0.0,0.0,0.0,0.0,0.0,0.0,125,2,16.0,86,いいえ,いいえ,いいえ,64.3,72.0,72.5,84.0,1.095,12.214,12.213,12.173,12.255,12.214,1549,1549,152.841,46.895,93.262,21.641,26.903,104.339,10.809,37.651,27.628,52.926,220.000,220.000,2775.0,1281.5,2145.0,2762.5,2235.0,2760.7,1279.9,2223.4,94.0,55.0,1.0,0.0,92.0,25.2,100.0,0.0,1.0,0.0,39,39,はい,いいえ,いいえ,はい,いいえ,いいえ,いいえ,59.5,32.9,0,0,0,0,0,0,0,0,0,0,0,0,0,0,0,0,0,0,0,0,0,0,0,0,0,0,0,0,0,0,980,11302,11026,591,16.0,4.2,4.2,4.2,4.2,4.2,4.2,4.0,4.0,4.0,4.0,4.0,4.0,239.85,239.85,239.85,239.85,239.85,239.85,5.84,77.83,239.81,0.04,187.73,0,0,0.0,0.0,44296,39086,6.7,200.7,0,
19.7.2026,1:3:39.464,27846,6065,82.1,14010,17853,43.9,3.5,2048,71,1.208,1.250,1.190,1.190,1.190,1.190,1.240,4055.5,4112.6,5140.7,4112.6,4112.6,3427.2,3427.2,99.8,654.8,1111.3,110.1,3377.8,838.6,955.7,694.8,181.1,194.7,70.5,137.4,95.9,90.0,654.8,12.8,21.2,2.5,66.1,15.8,18.8,12.5,3.9,3.6,1.6,3.1,2.4,2.1,66.1,12.8,16.4,25.1,2.7,89.0,21.4,24.2,16.7,4.3,4.2,1.7,3.5,2.4,2.2,16.4,40.6,41.2,51.5,41.2,41.2,34.3,34.3,0.0,26.4,26.6,81.9,33.3,8.3,4.3,4.1,45.2,73.4,18.1,66.7,91.7,10.5,10.8,28.4,0.0,0.0,0.0,0.0,85.2,85.2,2395.7,24.00,40,39,39,77,116,708,1,75.2,72.8,70.8,62.5,60.9,71.2,65.6,61.5,57.5,58.4,60.6,60.6,68.0,61.8,48.0,46.0,49.9,1.255,1.015,1.100,16.338,8.366,16.339,37.000,6.115,41.672,2.475,2.745,5.395,3.684,2.235,0.417,0.374,20.518,8.492,35.736,40.739,1996.4,2395.7,5147.9,5147.9,5145.8,46.3,21.8,24.7,46.3,85.6,いいえ,いいえ,いいえ,0.436,0.143,1.6,46.0,75.2,40.0,75.0,1.272,12.144,3.440,3.296,5.016,1.064,0.960,3.440,3.344,1.808,1.024,1.120,1.032,1.792,1.096,0.648,1.824,0.264,2042,いいえ,62.8,45.2,1.110,1.110,1.800,1.800,1.005,4.970,0.250,いいえ,いいえ,いいえ,44.0,1.110,1.110,1.800,1.800,1.005,4.970,0.250,いいえ,いいえ,いいえ,37,37,いいえ,はい,15388,14039,128,128,34,100.0,いいえ,いいえ,3868,2528,9990,44,46,54,100.0,100.0,いいえ,いいえ,7032,7744,0.0,0.0,0.0,0.000,0.002,1392,1012,0.0,0.0,0.0,0.000,0.000,181182,133153,0.0,0.0,0.0,0.000,0.008,66345,77741,63.8,0.720,18.000,600.0,2400.0,1200.0,100.0,0.0,0.0,0.0,0.0,0.0,0.0,0.0,0.0,125,2,16.0,86,いいえ,いいえ,いいえ,68.5,70.0,78.1,84.0,1.100,12.260,12.260,12.226,12.292,12.261,1551,1553,148.506,55.621,68.620,12.089,19.745,74.982,6.057,25.762,140.834,96.878,220.000,220.000,2775.0,1281.5,2145.0,2764.8,2235.0,2765.3,1280.5,2225.5,90.0,41.0,0.0,0.0,92.0,25.1,100.0,0.0,0.6,0.0,39,39,はい,いいえ,いいえ,はい,いいえ,いいえ,いいえ,42.9,74.9,0,0,0,0,0,0,0,0,0,0,0,0,0,0,0,0,0,0,0,0,0,0,0,0,0,0,0,0,0,0,980,11302,11026,591,16.0,9.9,15.7,8.4,8.3,8.3,8.3,1.5,1.5,1.5,1.5,1.5,1.5,100.57,119.77,63.66,62.64,119.78,119.78,0.66,0.00,100.53,0.05,221.99,0,0,0.0,0.0,44296,39087,6.1,159.4,0,
19.7.2026,1:3:41.468,27856,6054,82.1,14053,17810,44.1,3.5,2048,71,1.248,1.260,1.245,1.245,1.245,1.245,1.245,4283.9,4112.6,5140.7,4112.6,4112.6,4112.6,4112.6,99.8,662.6,1127.4,162.4,3110.2,1222.0,940.2,587.3,188.2,228.5,116.8,108.9,78.9,80.9,662.6,12.6,20.4,3.3,60.8,23.3,18.2,9.7,3.6,4.0,2.3,2.1,1.6,1.5,60.8,12.6,16.6,24.7,4.0,81.8,31.8,23.8,13.7,4.5,5.2,2.9,2.7,1.9,2.0,16.6,42.9,41.2,51.5,41.2,41.2,41.2,41.2,0.0,26.6,26.8,84.0,31.2,9.0,4.8,3.6,46.7,73.2,16.0,68.8,91.0,14.8,16.2,26.8,0.0,0.0,0.0,0.0,80.4,80.2,2395.7,24.00,40,39,39,77,116,708,1,74.9,72.5,73.2,62.5,60.9,71.3,65.3,61.5,57.5,58.6,60.6,60.6,68.0,61.9,48.0,46.0,49.9,1.254,1.015,1.100,16.805,8.319,16.801,40.000,6.127,42.169,2.502,2.753,5.461,3.574,2.266,0.488,0.468,21.083,8.444,36.266,41.263,1996.4,2395.7,5147.2,5147.2,5146.0,46.9,22.4,26.7,46.9,85.3,いいえ,いいえ,いいえ,0.449,0.153,1.6,46.0,74.0,40.0,74.0,1.264,12.091,3.440,3.312,5.016,1.064,0.960,3.440,3.344,1.808,1.024,1.120,1.032,1.792,1.096,0.648,1.824,0.264,2039,いいえ,62.8,45.2,1.110,1.110,1.800,1.800,1.005,4.970,0.375,いいえ,いいえ,いいえ,44.0,1.110,1.110,1.800,1.800,1.005,4.970,0.375,いいえ,いいえ,いいえ,37,37,いいえ,はい,15388,14039,128,128,34,100.0,いいえ,いいえ,3868,2528,9990,44,46,54,100.0,100.0,いいえ,いいえ,7032,7744,0.0,49.2,49.2,0.000,0.008,1392,1012,0.0,0.0,0.0,0.000,0.000,181182,133153,0.0,0.0,0.0,0.000,0.002,66345,77741,63.9,0.720,18.000,600.0,2400.0,1200.0,100.0,0.0,0.0,0.0,0.0,0.0,0.0,0.0,0.0,125,2,16.0,86,いいえ,いいえ,いいえ,68.4,70.0,77.8,84.0,1.100,12.214,12.211,12.186,12.249,12.212,1558,1556,146.121,61.749,94.593,16.264,22.934,103.174,8.145,31.012,112.013,105.855,220.000,220.000,2775.0,1281.5,2145.0,2761.2,2235.0,2766.9,1279.9,2225.1,83.0,26.0,1.0,0.0,92.0,25.3,100.0,0.0,1.1,0.0,39,39,はい,いいえ,いいえ,はい,いいえ,いいえ,いいえ,57.1,74.2,0,0,0,0,0,0,0,0,0,0,0,0,0,0,0,0,0,0,0,0,0,0,0,0,0,0,0,0,0,0,980,11302,11026,591,16.0,1.7,1.7,1.7,1.7,1.7,1.7,0.0,0.0,0.0,0.0,0.0,0.0,602.10,602.10,602.10,602.10,602.10,602.10,7.94,79.02,602.05,0.05,0.00,0,0,0.0,0.0,44296,39087,6.8,193.8,0,
19.7.2026,1:3:43.471,27850,6060,82.1,14123,17740,44.3,3.5,2048,71,1.263,1.255,1.265,1.265,1.265,1.265,1.265,4169.7,4112.6,5140.7,4112.6,4112.6,4112.6,3427.2,99.8,681.0,1338.0,175.7,1402.7,3084.5,555.0,855.9,145.5,224.2,120.6,93.8,89.3,86.7,681.0,12.9,24.4,3.3,26.9,60.0,10.7,15.0,3.0,4.2,2.7,2.2,1.5,0.5,60.0,12.9,17.0,30.1,4.4,36.7,80.9,13.4,20.4,3.4,5.0,3.0,2.3,2.2,2.1,17.0,41.8,41.2,51.5,41.2,41.2,41.2,34.3,0.0,27.2,30.9,86.4,29.1,8.2,4.5,3.9,45.7,69.1,13.6,70.9,91.8,15.3,13.6,27.1,0.0,0.0,0.0,0.0,80.2,82.5,2395.7,24.00,40,39,39,77,116,708,1,75.0,73.0,72.8,62.7,61.4,72.0,65.1,61.4,57.7,58.5,60.6,60.6,67.8,61.9,48.0,46.0,49.9,1.256,1.015,1.100,17.157,8.326,17.153,38.500,6.119,42.660,2.594,2.993,5.752,3.584,2.277,0.531,0.428,21.556,8.451,36.738,41.736,1996.4,2395.7,5147.1,5147.1,5142.8,47.4,22.9,25.7,47.4,85.9,いいえ,いいえ,いいえ,0.473,0.165,1.6,46.0,75.1,40.0,75.0,1.264,12.038,3.440,3.296,5.016,1.064,0.960,3.440,3.344,1.808,1.024,1.120,1.032,1.792,1.096,0.648,1.824,0.264,2036,いいえ,62.8,45.2,1.110,1.110,1.800,1.800,1.005,4.970,0.375,いいえ,いいえ,いいえ,44.0,1.110,1.110,1.800,1.800,1.005,4.970,0.375,いいえ,いいえ,いいえ,37,37,いいえ,はい,15388,14039,128,128,34,100.0,いいえ,いいえ,3868,2528,9990,44,46,54,100.0,100.0,いいえ,いいえ,7032,7744,0.0,0.0,0.0,0.000,0.002,1392,1012,0.0,0.0,0.0,0.000,0.000,181182,133153,0.0,0.1,0.1,0.000,0.014,66345,77741,63.8,0.720,28.000,600.0,2400.0,1200.0,100.0,0.0,0.0,0.0,0.0,0.0,0.0,0.0,0.0,125,2,16.0,86,いいえ,いいえ,いいえ,67.7,72.0,76.7,84.0,1.100,12.183,12.179,12.146,12.229,12.180,1558,1560,140.424,65.303,108.579,25.381,29.829,121.503,12.692,42.472,103.694,78.270,220.000,220.000,2760.0,1281.5,2130.0,2756.3,2235.0,2757.6,1280.1,2224.6,92.0,55.0,0.0,0.0,92.0,25.1,100.0,0.0,0.6,0.0,39,39,はい,いいえ,いいえ,はい,いいえ,いいえ,いいえ,68.7,68.0,0,0,0,0,0,0,0,0,0,0,0,0,0,0,0,0,0,0,0,0,0,0,0,0,0,0,0,0,0,0,980,11302,11026,591,16.0,2.7,17.6,0.6,0.5,0.5,0.5,0.5,0.5,0.5,0.5,0.5,0.5,376.78,1812.08,56.77,56.54,1901.29,1901.29,0.92,31.37,376.73,0.05,20.38,0,0,0.0,0.0,44296,39087,5.5,138.4,0,
19.7.2026,1:3:45.468,27690,6221,81.6,14498,17365,45.4,3.5,2048,71,1.107,1.140,1.065,1.105,1.065,1.085,1.185,4758.1,4766.4,4716.5,4816.3,4641.6,4841.3,4766.4,99.8,1714.3,2045.7,1347.8,2091.2,3058.1,1717.1,2234.2,1403.4,1451.0,1333.9,1302.6,1280.7,1306.1,1714.3,34.6,39.3,28.7,42.6,61.0,34.5,44.2,28.5,29.0,27.2,26.4,26.6,27.6,61.0,34.6,43.9,49.8,35.3,54.6,80.2,44.0,57.3,35.8,36.7,34.0,33.1,32.5,33.1,43.9,47.7,47.8,47.2,48.2,46.5,48.5,47.8,0.0,44.7,44.7,77.5,55.6,33.4,29.2,28.0,38.4,50.9,22.5,44.4,65.1,25.2,22.2,16.9,4.3,0.0,0.0,1.6,45.7,49.8,2395.7,24.00,40,39,39,77,116,708,1,81.9,76.1,85.2,67.4,65.0,73.4,70.8,67.4,63.0,65.0,61.3,61.3,68.5,62.6,48.0,46.0,50.0,1.225,1.015,1.100,23.281,8.750,23.240,65.500,6.133,50.138,3.931,3.832,5.967,5.008,3.750,2.538,2.493,28.224,8.878,43.848,49.244,1996.4,2395.7,5045.3,5045.3,5068.0,56.0,31.0,43.7,56.0,89.5,いいえ,いいえ,いいえ,6.779,3.013,2.7,46.0,81.6,40.0,81.0,1.184,12.144,3.440,3.312,5.040,1.064,0.960,3.440,3.344,1.808,1.024,1.120,1.032,1.792,1.104,0.648,1.824,0.264,2048,いいえ,62.8,45.2,1.110,1.110,1.800,1.800,1.005,4.970,0.625,いいえ,いいえ,いいえ,44.0,1.110,1.110,1.800,1.800,1.005,4.970,0.875,いいえ,いいえ,いいえ,37,37,いいえ,はい,15388,14039,128,128,34,100.0,いいえ,いいえ,3868,2528,9990,44,46,54,100.0,100.0,いいえ,いいえ,7032,7744,0.0,0.1,0.1,0.000,0.010,1392,1012,0.0,0.0,0.0,0.000,0.000,181182,133153,0.0,0.1,0.1,0.000,0.058,66345,77741,63.9,0.720,26.000,600.0,2400.0,1200.0,100.0,0.0,0.0,0.0,0.0,0.0,0.0,0.0,0.0,125,2,16.0,86,いいえ,いいえ,いいえ,58.3,66.0,69.0,84.0,1.100,12.311,12.320,12.261,12.340,12.321,1569,1568,71.189,19.143,27.319,7.589,16.614,31.108,3.795,20.412,23.119,23.190,220.000,220.000,2790.0,1281.5,2145.0,2774.9,2235.0,2788.7,1280.0,2235.1,0.0,0.0,0.0,0.0,87.5,19.2,75.8,0.0,1.1,0.0,39,39,はい,いいえ,いいえ,はい,いいえ,いいえ,いいえ,21.7,22.7,0,0,0,0,0,0,0,0,0,0,0,0,0,0,0,0,0,0,0,0,0,0,0,0,0,0,0,0,0,0,1538,10744,10468,591,16.0,5.7,17.6,2.5,2.5,2.5,2.5,2.1,2.3,1.9,1.9,1.9,1.9,174.49,397.74,56.68,56.58,404.58,404.58,1.08,25.72,174.44,0.06,644.78,0,0,0.0,0.0,44296,39088,13.7,319.1,0,
19.7.2026,1:3:47.468,28126,5785,82.9,13751,18112,43.1,3.5,2048,71,1.272,1.285,1.270,1.270,1.270,1.270,1.270,4341.1,5140.7,5140.7,4112.6,4112.6,3427.2,4112.6,99.8,1365.4,2317.7,944.2,1816.0,1885.8,1438.6,3138.9,988.2,1110.8,684.1,685.7,708.8,666.4,1365.4,26.8,38.5,18.4,35.2,37.6,28.2,62.8,20.4,22.5,15.1,14.6,14.8,13.8,62.8,26.8,35.3,50.6,24.6,46.8,49.0,37.3,82.8,26.5,29.1,19.0,19.1,19.8,18.7,35.3,43.5,51.5,51.5,41.2,41.2,34.3,41.2,0.0,43.4,48.3,60.9,76.6,32.5,21.9,20.3,44.4,47.8,39.1,23.4,67.5,42.5,46.0,12.2,3.9,0.0,0.0,0.0,35.7,33.7,2395.7,24.00,40,39,39,77,116,708,1,82.6,79.3,75.2,68.8,65.9,73.5,76.3,68.9,63.1,65.3,62.7,62.7,68.2,62.2,48.0,46.1,50.0,1.241,1.015,1.100,23.360,8.637,23.394,60.500,6.085,50.982,4.091,3.923,5.747,6.431,3.952,2.241,2.252,28.893,8.765,44.351,49.709,1996.4,2395.7,5047.1,5047.1,5051.4,56.5,31.2,40.3,56.5,93.2,いいえ,いいえ,いいえ,4.916,2.936,2.6,46.0,82.6,40.0,82.0,1.296,12.144,3.440,3.312,5.016,1.064,0.960,3.440,3.344,1.808,1.024,1.120,1.032,1.792,1.096,0.648,1.824,0.264,2064,いいえ,62.8,45.5,1.110,1.110,1.800,1.800,1.005,4.970,0.250,いいえ,いいえ,いいえ,44.0,1.110,1.110,1.800,1.800,1.005,5.040,0.250,いいえ,いいえ,いいえ,37,37,いいえ,はい,15388,14039,128,128,34,100.0,いいえ,いいえ,3868,2528,9990,44,46,54,100.0,100.0,いいえ,いいえ,7032,7744,0.0,6.3,6.3,0.000,0.004,1392,1012,0.0,0.0,0.0,0.000,0.000,181182,133153,0.0,0.0,0.0,0.000,0.012,66345,77741,64.4,0.720,19.000,600.0,2400.0,1200.0,100.0,0.0,0.0,0.0,0.0,0.0,0.0,0.0,0.0,125,2,16.0,86,いいえ,いいえ,いいえ,64.9,68.0,73.4,84.0,1.095,12.175,12.171,12.134,12.224,12.172,1564,1567,32.501,63.322,115.239,28.699,32.239,129.767,14.350,46.570,42.051,97.660,220.000,220.000,2775.0,1281.5,2145.0,1540.2,2235.0,2770.0,1280.3,2234.2,29.0,6.0,0.0,2.0,92.7,22.5,89.0,0.0,0.8,0.0,39,39,はい,いいえ,いいえ,はい,いいえ,いいえ,いいえ,71.6,82.3,0,0,0,0,0,0,0,0,0,0,0,0,0,0,0,0,0,0,0,0,0,0,0,0,0,0,0,0,0,0,902,11380,11104,591,16.0,5.7,17.6,2.5,2.5,2.5,2.5,2.1,2.3,1.9,1.9,1.9,1.9,174.49,397.74,56.68,56.58,404.58,404.58,1.08,25.72,174.44,0.06,644.78,0,0,0.0,0.0,44296,39088,6.1,130.3,0,
19.7.2026,1:3:49.469,28018,5893,82.6,13816,18046,43.3,3.5,2048,71,1.247,1.255,1.245,1.245,1.245,1.245,1.245,4055.5,4112.6,4112.6,5140.7,4112.6,3427.2,3427.2,99.8,697.2,1417.8,173.8,777.5,3025.3,948.2,1226.9,157.6,272.3,140.9,86.3,52.8,86.8,697.2,13.1,25.6,3.9,15.0,58.8,17.5,22.5,2.5,4.3,2.4,1.9,1.3,2.0,58.8,13.1,17.5,32.5,4.3,20.0,79.5,23.5,30.9,3.7,6.1,3.5,2.1,1.3,2.1,17.5,40.6,41.2,41.2,51.5,41.2,34.3,34.3,0.0,27.9,32.2,74.1,43.6,9.6,4.7,3.1,47.6,67.8,25.9,56.4,90.4,23.0,22.0,24.5,0.0,0.0,0.0,0.0,72.3,74.9,2395.7,24.00,40,39,39,77,116,708,1,80.4,73.8,69.8,63.9,62.6,71.5,67.7,62.8,59.0,59.7,61.5,61.5,67.8,62.2,48.0,46.1,50.0,1.263,1.015,1.100,17.847,8.437,17.861,40.000,6.095,43.922,2.738,3.109,5.320,4.211,2.473,0.746,0.572,22.554,8.564,37.822,42.859,1996.4,2395.7,5151.3,5151.3,5147.5,48.7,23.8,26.7,48.7,86.9,いいえ,いいえ,いいえ,0.742,0.301,1.7,46.0,80.5,40.0,80.0,1.288,12.038,3.440,3.312,5.016,1.064,0.960,3.440,3.344,1.808,1.024,1.120,1.032,1.792,1.096,0.648,1.824,0.264,2057,いいえ,62.8,45.5,1.110,1.110,1.800,1.800,1.005,4.970,0.375,いいえ,いいえ,いいえ,44.0,1.095,1.110,1.800,1.800,1.005,4.970,0.250,いいえ,いいえ,いいえ,37,37,いいえ,はい,15388,14039,128,128,34,100.0,いいえ,いいえ,3868,2528,9990,44,46,54,100.0,100.0,いいえ,いいえ,7032,7744,0.0,0.0,0.0,0.000,0.004,1392,1012,0.0,0.0,0.0,0.000,0.000,181182,133153,0.0,0.0,0.0,0.000,0.248,66345,77741,64.2,0.720,17.000,600.0,2400.0,1200.0,100.0,0.0,0.0,0.0,0.0,0.0,0.0,0.0,0.0,125,2,16.0,86,いいえ,いいえ,いいえ,69.4,68.0,80.0,84.0,1.095,12.184,12.179,12.148,12.227,12.180,1553,1553,133.363,68.585,114.413,26.063,30.224,127.739,13.033,43.205,116.311,77.691,220.000,220.000,2775.0,1281.5,2145.0,2770.3,2235.0,2771.9,1280.6,2232.1,91.0,53.0,1.0,0.0,92.0,25.2,100.0,0.0,0.8,0.0,39,39,はい,いいえ,いいえ,はい,いいえ,いいえ,いいえ,81.3,85.3,0,0,0,0,0,0,0,0,0,0,0,0,0,0,0,0,0,0,0,0,0,0,0,0,0,0,0,0,0,0,980,11302,11026,591,16.0,2.0,98.1,1.0,1.0,1.0,1.0,2.0,38.0,1.0,1.0,1.0,1.0,494.43,978.67,10.19,1.30,988.56,988.56,0.47,35.75,494.43,0.00,769.35,0,0,0.0,0.0,44296,39088,6.2,121.8,0,
19.7.2026,1:3:51.473,27916,5995,82.3,13859,18004,43.4,3.5,2048,71,1.263,1.275,1.260,1.260,1.260,1.260,1.260,4455.3,5140.7,5140.7,4112.6,4112.6,4112.6,4112.6,99.8,643.6,1095.7,132.4,1258.1,913.2,2652.5,858.1,178.7,242.8,139.1,131.4,55.4,65.5,643.6,12.7,20.9,3.4,24.7,17.0,52.4,16.5,4.1,5.1,2.7,3.3,1.0,1.9,52.4,12.7,16.1,24.5,3.2,32.5,22.5,69.7,21.8,4.3,5.5,3.5,3.3,1.3,1.6,16.1,44.6,51.5,51.5,41.2,41.2,41.2,41.2,0.0,26.0,26.1,43.4,68.8,9.4,5.5,2.7,46.2,73.9,56.6,31.2,90.6,11.4,13.4,27.8,0.0,0.0,0.0,0.0,83.1,83.9,2395.7,24.00,40,39,39,77,116,708,1,78.4,72.4,73.2,62.8,61.2,66.9,69.7,62.2,57.9,58.7,60.8,60.8,67.5,62.1,48.0,46.1,50.0,1.255,1.015,1.100,16.387,8.427,16.386,36.500,6.092,41.736,2.445,2.705,3.925,4.927,2.262,0.485,0.363,20.570,8.553,35.825,40.822,1996.4,2395.7,5147.9,5147.9,5147.4,46.4,21.8,24.3,46.4,85.2,いいえ,いいえ,いいえ,0.412,0.143,1.6,46.0,78.4,40.0,78.0,1.256,12.038,3.440,3.296,4.992,1.064,0.960,3.440,3.344,1.808,1.024,1.120,1.032,1.792,1.096,0.648,1.824,0.264,2051,いいえ,62.8,45.2,1.110,1.110,1.800,1.800,1.005,4.970,0.375,いいえ,いいえ,いいえ,44.0,1.110,1.110,1.800,1.800,1.005,4.970,0.375,いいえ,いいえ,いいえ,37,37,いいえ,はい,15388,14039,128,128,34,100.0,いいえ,いいえ,3868,2528,9990,44,46,54,100.0,100.0,いいえ,いいえ,7032,7744,0.0,0.1,0.1,0.000,0.008,1392,1012,0.0,0.0,0.0,0.000,0.000,181182,133153,0.0,0.0,0.0,0.000,0.012,66345,77741,64.1,0.720,36.000,600.0,2400.0,1200.0,100.0,0.0,0.0,0.0,0.0,0.0,0.0,0.0,0.0,125,2,16.0,86,いいえ,いいえ,いいえ,67.8,70.0,77.0,84.0,1.100,12.169,12.165,12.131,12.215,12.164,1555,1551,156.063,62.540,122.187,28.539,32.196,136.696,14.268,46.432,27.149,92.850,220.000,220.000,2775.0,1281.5,2130.0,2765.6,2235.0,2766.6,1280.3,2225.9,94.0,62.0,1.0,0.0,92.0,25.2,100.0,0.0,0.8,0.0,39,39,はい,いいえ,いいえ,はい,いいえ,いいえ,いいえ,76.6,69.4,0,0,0,0,0,0,0,0,0,0,0,0,0,0,0,0,0,0,0,0,0,0,0,0,0,0,0,0,0,0,980,11302,11026,591,16.0,8.6,17.5,2.9,2.8,2.7,2.7,4.4,9.9,2.3,2.2,2.2,2.2,115.64,347.73,57.31,57.01,364.10,364.10,2.60,39.75,115.59,0.04,334.10,0,0,0.0,0.0,44296,39089,6.2,122.0,0,
19.7.2026,1:3:53.464,27840,6071,82.0,13939,17924,43.7,3.5,2048,71,1.248,1.260,1.245,1.245,1.245,1.245,1.245,3827.0,4112.6,5140.7,3427.2,3427.2,3427.2,3427.2,99.8,657.6,1192.1,169.6,1421.5,851.1,2706.1,735.7,196.1,252.3,136.9,90.1,57.4,82.3,657.6,12.3,21.4,3.3,27.2,15.0,52.9,13.0,3.6,4.3,3.3,1.4,0.9,1.3,52.9,12.3,16.4,26.2,4.2,36.8,20.7,71.0,18.4,4.7,5.8,3.4,2.2,1.4,2.0,16.4,38.3,41.2,51.5,34.3,34.3,34.3,34.3,0.0,26.3,28.2,45.2,67.1,9.6,4.7,3.1,46.4,71.8,54.8,32.9,90.4,13.7,15.2,27.2,0.0,0.1,0.0,0.0,81.6,81.7,2395.7,24.00,40,39,39,77,116,708,1,77.0,72.6,72.2,62.9,61.3,67.4,69.5,62.4,57.8,58.9,60.8,60.8,68.0,62.1,48.0,46.2,50.0,1.255,1.015,1.100,16.614,8.264,16.616,38.500,6.116,41.925,2.505,2.840,4.117,4.867,2.322,0.487,0.397,20.861,8.388,35.976,40.980,1996.4,2395.7,5146.7,5146.7,5146.1,46.6,22.2,25.7,46.6,85.4,いいえ,いいえ,いいえ,0.447,0.157,1.6,46.0,77.0,40.0,77.0,1.264,12.038,3.440,3.296,5.016,1.064,0.960,3.440,3.344,1.808,1.024,1.120,1.032,1.792,1.096,0.648,1.824,0.264,2054,いいえ,62.8,45.2,1.110,1.110,1.800,1.800,1.005,4.970,0.375,いいえ,いいえ,いいえ,44.0,1.110,1.110,1.800,1.800,1.005,4.970,0.375,いいえ,いいえ,いいえ,37,37,いいえ,はい,15388,14039,128,128,34,100.0,いいえ,いいえ,3868,2528,9990,44,46,54,100.0,100.0,いいえ,いいえ,7032,7744,0.0,0.0,0.0,0.000,0.004,1392,1012,0.0,0.0,0.0,0.000,0.000,181182,133153,0.0,0.0,0.0,0.000,0.008,66345,77741,64.0,0.720,34.000,600.0,2400.0,1200.0,100.0,0.0,0.0,0.0,0.0,0.0,0.0,0.0,0.0,125,2,16.0,86,いいえ,いいえ,いいえ,68.7,70.0,78.2,84.0,1.100,12.176,12.174,12.134,12.224,12.173,1553,1551,147.403,70.828,115.201,28.608,32.251,129.669,14.303,46.526,114.776,85.287,220.000,220.000,2760.0,1281.5,2130.0,2766.8,2235.0,2760.7,1280.8,2226.2,95.0,58.0,0.0,0.0,92.0,25.2,100.0,0.0,0.8,0.0,39,39,はい,いいえ,いいえ,はい,いいえ,いいえ,いいえ,73.5,73.4,0,0,0,0,0,0,0,0,0,0,0,0,0,0,0,0,0,0,0,0,0,0,0,0,0,0,0,0,0,0,980,11302,11026,591,16.0,5.2,8.2,3.9,3.8,3.8,3.8,2.8,5.9,1.8,1.8,1.8,1.8,190.55,259.33,121.77,120.51,260.73,260.73,1.98,37.65,190.50,0.05,98.49,0,0,0.0,0.0,44296,39089,6.3,157.4,0,
19.7.2026,1:3:55.470,27839,6072,82.0,13940,17922,43.7,3.5,2048,71,1.247,1.255,1.245,1.245,1.245,1.245,1.245,4283.9,4112.6,4112.6,5140.7,4112.6,4112.6,4112.6,99.8,635.1,1017.7,167.3,875.4,801.4,902.8,3165.5,166.8,230.0,82.0,98.4,44.0,70.0,635.1,12.0,17.9,3.9,16.6,14.7,16.6,61.8,3.7,4.0,1.2,1.6,1.3,0.9,61.8,12.0,15.9,22.1,4.2,22.5,19.6,23.0,83.3,4.0,5.4,2.0,2.4,1.1,1.7,15.9,42.9,41.2,41.2,51.5,41.2,41.2,41.2,0.0,25.2,24.2,33.9,78.0,8.8,3.7,2.5,46.0,75.8,66.1,22.0,91.2,9.5,11.4,28.8,0.0,0.0,0.0,0.0,86.9,86.2,2395.7,24.00,40,39,39,77,116,708,1,76.0,72.4,69.8,62.6,60.9,65.9,70.6,62.1,57.3,58.5,60.7,60.7,68.0,61.8,48.0,46.2,50.0,1.254,1.015,1.100,16.151,8.281,16.145,40.000,6.095,41.264,2.385,2.644,3.553,5.246,2.205,0.336,0.325,20.255,8.405,35.364,40.353,1996.4,2395.7,5146.4,5146.4,5146.2,45.9,21.5,26.7,45.9,85.2,いいえ,いいえ,いいえ,0.337,0.125,1.5,46.0,76.0,40.0,76.0,1.248,12.038,3.440,3.296,5.016,1.064,0.960,3.440,3.344,1.808,1.024,1.120,1.032,1.792,1.096,0.648,1.824,0.264,2051,いいえ,62.8,45.2,1.110,1.110,1.800,1.800,1.005,4.970,0.375,いいえ,いいえ,いいえ,44.0,1.110,1.110,1.800,1.800,1.005,4.970,0.250,いいえ,いいえ,いいえ,37,37,いいえ,はい,15388,14039,128,128,34,100.0,いいえ,いいえ,3868,2528,9990,44,46,54,100.0,100.0,いいえ,いいえ,7032,7744,0.0,0.1,0.1,0.000,0.008,1392,1012,0.0,0.0,0.0,0.000,0.000,181182,133153,0.0,0.0,0.0,0.000,0.034,66345,77742,64.0,0.720,17.000,600.0,2400.0,1200.0,100.0,0.0,0.0,0.0,0.0,0.0,0.0,0.0,0.0,125,2,16.0,86,いいえ,いいえ,いいえ,69.9,70.0,79.6,84.0,1.100,12.165,12.161,12.127,12.211,12.160,1553,1553,151.151,75.212,125.930,29.285,32.817,140.773,14.641,47.428,94.451,116.368,220.000,220.000,2775.0,1281.5,2130.0,2763.3,2235.0,2768.3,1279.9,2226.6,96.0,60.0,0.0,0.0,92.0,25.1,100.0,0.0,0.5,0.0,39,39,はい,いいえ,いいえ,はい,いいえ,いいえ,いいえ,78.8,70.4,0,0,0,0,0,0,0,0,0,0,0,0,0,0,0,0,0,0,0,0,0,0,0,0,0,0,0,0,0,0,980,11302,11026,591,16.0,10.3,17.4,5.6,5.6,5.6,5.6,2.2,3.1,1.7,1.7,1.7,1.7,96.73,177.62,57.35,57.15,179.98,179.98,2.43,12.67,96.68,0.05,176.72,0,0,0.0,0.0,44296,39089,5.7,116.5,0,
19.7.2026,1:3:57.467,27843,6068,82.1,14000,17863,43.9,3.5,2048,71,1.243,1.255,1.240,1.240,1.240,1.240,1.240,4055.5,4112.6,4112.6,5140.7,4112.6,3427.2,3427.2,99.8,650.6,1075.6,134.8,739.9,1615.1,570.8,2843.3,195.6,241.6,113.6,146.2,48.8,81.6,650.6,12.5,20.3,2.7,14.6,30.5,11.0,55.3,3.9,5.1,2.1,3.0,0.9,0.7,55.3,12.5,16.3,23.9,3.3,18.9,41.3,14.1,74.4,4.8,5.5,2.8,3.7,1.2,2.0,16.3,40.6,41.2,41.2,51.5,41.2,34.3,34.3,0.0,26.0,25.6,46.8,66.1,9.7,5.1,2.8,46.8,74.4,53.2,33.9,90.3,12.5,16.6,27.2,0.0,0.0,0.0,0.0,82.4,80.7,2395.7,24.00,40,39,39,77,116,708,1,75.5,72.6,68.9,62.7,60.9,67.4,69.4,62.1,57.7,58.8,60.7,60.7,67.8,61.7,48.0,46.2,50.0,1.254,1.015,1.100,16.764,8.413,16.771,41.500,6.069,42.191,2.475,2.713,4.094,4.850,2.280,0.489,0.427,21.040,8.539,36.255,41.264,1996.4,2395.7,5146.2,5146.2,5146.0,46.9,22.4,27.7,46.9,85.4,いいえ,いいえ,いいえ,0.418,0.147,1.6,46.0,75.5,40.0,75.0,1.264,12.091,3.440,3.296,5.016,1.064,0.960,3.440,3.344,1.808,1.024,1.120,1.032,1.792,1.096,0.648,1.824,0.264,2048,いいえ,62.8,45.2,1.110,1.110,1.800,1.800,1.005,4.970,0.250,いいえ,いいえ,いいえ,44.0,1.110,1.110,1.800,1.800,1.005,4.970,0.250,いいえ,いいえ,いいえ,37,37,いいえ,はい,15388,14039,128,128,34,100.0,いいえ,いいえ,3868,2528,9990,44,46,54,100.0,100.0,いいえ,いいえ,7032,7744,0.0,0.0,0.0,0.000,0.004,1392,1012,0.0,0.0,0.0,0.000,0.000,181182,133153,0.0,0.0,0.0,0.000,0.002,66345,77742,63.9,0.720,46.000,600.0,2400.0,1200.0,100.0,0.0,0.0,0.0,0.0,0.0,0.0,0.0,0.0,125,2,16.0,86,いいえ,いいえ,いいえ,68.1,70.0,77.0,84.0,1.100,12.196,12.194,12.159,12.240,12.193,1555,1556,152.294,64.998,106.349,24.535,29.059,118.851,12.266,41.272,99.100,88.554,220.000,220.000,2775.0,1281.5,2130.0,2764.1,2235.0,2752.6,1280.1,2218.1,91.0,46.0,2.0,0.0,92.0,25.3,100.0,0.0,1.2,0.0,39,39,はい,いいえ,いいえ,はい,いいえ,いいえ,いいえ,67.1,77.2,0,0,0,0,0,0,0,0,0,0,0,0,0,0,0,0,0,0,0,0,0,0,0,0,0,0,0,0,0,0,980,11302,11026,591,16.0,1.1,1.1,1.1,1.1,1.1,1.1,1.1,1.1,1.1,1.1,1.1,1.1,883.59,883.59,883.59,883.59,883.59,883.59,3.07,564.95,883.59,0.00,243.96,0,0,0.0,0.0,44297,39090,6.3,190.1,0,
19.7.2026,1:3:59.469,27844,6067,82.1,14046,17817,44.0,3.5,2048,71,1.248,1.265,1.245,1.245,1.245,1.245,1.245,4169.7,4112.6,5140.7,4112.6,4112.6,3427.2,4112.6,99.8,651.8,1101.4,150.6,2249.5,1055.0,844.1,1707.1,162.6,240.8,103.3,77.9,47.6,81.6,651.8,12.4,20.2,2.5,43.8,19.2,16.0,32.5,3.2,4.4,2.0,1.5,1.0,2.3,43.8,12.4,16.3,24.3,3.7,58.9,26.9,21.3,43.9,3.9,5.5,2.6,1.9,1.1,2.0,16.3,41.8,41.2,51.5,41.2,41.2,34.3,41.2,0.0,26.1,26.2,64.4,50.3,9.0,3.7,2.8,46.5,73.5,35.6,49.7,91.0,14.1,15.4,27.4,0.3,0.0,0.0,0.0,82.2,81.8,2395.7,24.00,40,39,39,77,116,708,1,75.1,72.7,72.8,62.6,60.9,69.3,67.6,61.8,57.5,58.6,60.6,60.6,68.2,61.9,48.0,46.2,50.0,1.255,1.015,1.100,16.545,8.315,16.541,38.000,6.084,41.825,2.475,2.722,4.725,4.303,2.253,0.442,0.402,20.770,8.440,35.903,40.897,1996.4,2395.7,5147.4,5147.4,5145.9,46.5,22.1,25.3,46.5,85.5,いいえ,いいえ,いいえ,0.431,0.146,1.6,46.0,75.1,40.0,75.0,1.264,12.091,3.440,3.312,5.016,1.064,0.960,3.440,3.344,1.808,1.024,1.120,1.032,1.792,1.096,0.648,1.824,0.264,2054,いいえ,62.8,45.2,1.110,1.110,1.800,1.800,1.005,4.970,0.250,いいえ,いいえ,いいえ,44.0,1.110,1.110,1.800,1.800,1.005,5.040,0.250,いいえ,いいえ,いいえ,37,37,いいえ,はい,15388,14039,128,128,34,100.0,いいえ,いいえ,3868,2528,9990,44,46,54,100.0,100.0,いいえ,いいえ,7032,7744,0.0,0.0,0.0,0.000,0.004,1392,1012,0.0,0.0,0.0,0.000,0.000,181182,133153,0.0,0.0,0.0,0.000,0.004,66345,77742,63.9,0.720,22.000,600.0,2400.0,1200.0,100.0,0.0,0.0,0.0,0.0,0.0,0.0,0.0,0.0,125,2,16.0,86,いいえ,いいえ,いいえ,67.8,70.0,76.8,84.0,1.100,12.186,12.183,12.151,12.230,12.182,1555,1556,146.544,65.775,111.468,24.633,29.211,124.044,12.316,41.483,125.463,57.578,220.000,220.000,2760.0,1281.5,2130.0,2765.4,2235.0,2756.5,1279.7,2223.3,90.0,46.0,0.0,0.0,92.0,25.2,100.0,0.0,0.8,0.0,39,39,はい,いいえ,いいえ,はい,いいえ,いいえ,いいえ,69.5,48.7,0,0,0,0,0,0,0,0,0,0,0,0,0,0,0,0,0,0,0,0,0,0,0,0,0,0,0,0,0,0,980,11302,11026,591,16.0,1.1,1.1,1.1,1.1,1.1,1.1,1.2,1.2,1.2,1.2,1.2,1.2,887.66,887.66,887.66,887.66,887.66,887.66,876.20,10.47,887.29,0.37,759.52,0,0,0.0,0.0,44297,39090,6.5,264.4,0,
19.7.2026,1:4:1.470,27849,6062,82.1,14108,17755,44.2,3.5,2048,71,1.253,1.265,1.250,1.250,1.250,1.250,1.250,4055.5,4112.6,5140.7,4112.6,4112.6,3427.2,3427.2,99.8,687.2,1379.5,181.9,3235.4,1019.9,732.0,910.6,176.3,285.4,81.4,110.4,57.0,77.0,687.2,12.8,24.6,3.9,63.0,19.1,13.4,15.3,2.7,4.5,1.7,2.3,1.3,1.5,63.0,12.8,17.1,31.1,4.5,85.1,26.1,18.1,21.8,4.2,6.6,2.0,2.7,1.4,1.8,17.1,40.6,41.2,51.5,41.2,41.2,34.3,34.3,0.0,27.5,32.0,82.7,33.6,10.0,4.0,2.9,46.7,68.0,17.3,66.4,90.0,19.2,19.2,25.8,0.0,0.0,0.0,0.0,76.8,77.9,2395.7,24.00,40,39,39,77,116,708,1,75.0,73.0,72.2,63.0,61.6,71.6,66.0,62.0,57.7,58.8,60.7,60.7,67.8,62.0,48.0,46.2,50.0,1.257,1.015,1.100,17.293,8.304,17.293,38.000,6.076,42.811,2.655,3.059,5.542,3.876,2.396,0.563,0.494,21.753,8.429,36.866,41.869,1996.4,2395.7,5147.7,5147.7,5145.7,47.6,23.1,25.3,47.6,85.9,いいえ,いいえ,いいえ,0.473,0.169,1.7,46.0,75.0,40.0,75.0,1.224,12.091,3.440,3.312,5.016,1.064,0.960,3.440,3.344,1.808,1.024,1.120,1.032,1.792,1.096,0.648,1.824,0.264,2054,いいえ,62.8,45.2,1.110,1.110,1.800,1.800,1.005,5.040,0.250,いいえ,いいえ,いいえ,44.0,1.110,1.110,1.800,1.800,1.005,5.040,0.250,いいえ,いいえ,いいえ,37,37,いいえ,はい,15388,14039,128,128,34,100.0,いいえ,いいえ,3868,2528,9990,44,46,54,100.0,100.0,いいえ,いいえ,7032,7744,0.0,0.1,0.1,0.000,0.010,1392,1012,0.0,0.0,0.0,0.000,0.000,181182,133153,0.0,0.1,0.1,0.000,0.077,66345,77742,63.9,0.720,20.000,600.0,2400.0,1200.0,100.0,0.0,0.0,0.0,0.0,0.0,0.0,0.0,0.0,125,2,16.0,86,いいえ,いいえ,いいえ,69.0,70.0,78.4,84.0,1.090,12.170,12.167,12.133,12.217,12.165,1558,1558,148.430,67.018,123.084,28.567,32.224,137.600,14.282,46.478,52.894,101.013,220.000,220.000,2760.0,1281.5,2130.0,2766.8,2220.0,2758.4,1280.2,2218.5,93.0,60.0,0.0,0.0,92.0,25.2,100.0,0.0,1.0,0.0,39,39,はい,いいえ,いいえ,はい,いいえ,いいえ,いいえ,77.1,71.5,0,0,0,0,0,0,0,0,0,0,0,0,0,0,0,0,0,0,0,0,0,0,0,0,0,0,0,0,0,0,980,11302,11026,592,16.0,3.3,157.7,1.7,1.7,1.6,1.6,3.2,44.5,1.7,1.7,1.7,1.7,303.39,600.43,6.34,0.88,606.49,606.49,0.99,19.55,303.39,0.00,444.74,0,0,0.0,0.0,44297,39091,7.1,255.3,0,
19.7.2026,1:4:3.462,27575,6335,81.3,14404,17459,45.2,3.5,2048,71,1.153,1.170,1.155,1.130,1.135,1.155,1.170,4824.6,4866.2,4791.4,4766.4,4816.3,4866.2,4841.3,99.8,1049.0,1403.2,627.2,2786.8,1510.1,1325.8,1280.2,638.7,712.2,582.6,599.9,586.3,535.2,1049.0,21.0,26.2,13.4,55.5,30.1,26.7,24.7,13.2,14.3,12.0,12.4,12.1,10.9,55.5,21.0,26.5,32.2,16.3,73.3,39.3,34.0,32.3,16.2,17.6,14.4,14.8,14.5,13.0,26.5,48.3,48.8,48.0,47.8,48.2,48.8,48.5,0.0,32.6,31.7,74.4,43.2,18.5,14.5,13.2,43.9,60.4,25.6,56.8,76.3,20.9,23.7,23.5,7.9,0.0,0.0,5.3,64.6,63.1,2395.7,24.00,40,39,39,77,116,708,1,79.5,74.5,83.9,64.6,62.4,71.8,68.2,64.0,59.7,61.2,60.8,60.8,68.0,62.3,48.0,46.2,50.0,1.238,1.015,1.100,19.264,8.494,19.215,67.500,6.097,45.005,3.107,3.045,5.588,4.440,2.829,1.369,1.369,23.760,8.620,39.086,44.230,1996.4,2395.7,5081.2,5081.2,5108.2,50.3,25.6,45.0,50.3,87.7,いいえ,いいえ,いいえ,3.317,1.502,2.0,46.0,79.9,40.0,79.0,1.168,12.144,3.440,3.312,5.016,1.064,0.960,3.440,3.344,1.808,1.024,1.120,1.032,1.792,1.096,0.648,1.824,0.264,2057,いいえ,62.8,45.2,1.095,1.110,1.800,1.800,1.005,5.040,0.375,いいえ,いいえ,いいえ,44.0,1.095,1.110,1.800,1.800,1.005,5.040,2.125,いいえ,いいえ,いいえ,37,37,いいえ,はい,15388,14039,128,128,34,100.0,いいえ,いいえ,3868,2528,9990,44,46,54,100.0,100.0,いいえ,いいえ,7032,7744,0.0,0.1,0.1,0.000,0.008,1392,1012,0.0,0.0,0.0,0.000,0.000,181182,133153,0.0,0.4,0.4,0.000,0.018,66345,77742,63.9,0.720,51.000,600.0,2400.0,1200.0,100.0,0.0,0.0,0.0,0.0,0.0,0.0,0.0,0.0,125,2,16.0,86,いいえ,いいえ,いいえ,58.5,66.0,69.2,84.0,1.095,12.300,12.312,12.249,12.327,12.311,1571,1568,54.941,19.146,27.373,7.486,16.585,31.115,3.742,20.333,23.172,23.361,220.000,220.000,2775.0,1281.5,2145.0,2768.4,2235.0,2774.9,1280.4,2235.5,1.0,0.0,1.0,0.0,87.5,23.7,93.8,0.0,1.0,0.0,39,39,はい,いいえ,いいえ,はい,いいえ,いいえ,いいえ,21.7,23.8,0,0,0,0,0,0,0,0,0,0,0,0,0,0,0,0,0,0,0,0,0,0,0,0,0,0,0,0,0,0,1538,10744,10468,592,16.0,3.4,850.6,1.2,1.2,1.2,1.2,3.4,58.8,1.2,1.2,1.2,1.2,292.77,817.88,1.18,0.38,833.67,833.67,0.32,19.46,292.77,0.00,514.91,0,0,0.0,0.0,44297,39091,6.3,231.9,0,
19.7.2026,1:4:5.465,28138,5773,82.9,13835,18028,43.4,3.5,2048,71,1.275,1.275,1.275,1.275,1.275,1.275,1.275,4283.9,4112.6,5140.7,4112.6,4112.6,4112.6,4112.6,99.8,1883.7,2247.2,1555.7,3209.2,2088.7,2684.1,2109.7,1709.3,1662.2,1273.2,1364.0,1321.2,1379.5,1883.7,38.1,39.3,31.9,65.2,42.5,54.0,42.7,35.1,33.9,26.9,28.8,27.7,29.1,65.2,38.1,48.9,50.7,40.7,84.4,54.7,70.1,55.2,44.8,43.5,34.0,36.5,35.2,36.9,48.9,42.9,41.2,51.5,41.2,41.2,41.2,41.2,0.0,50.4,47.7,76.8,68.6,42.5,33.3,33.7,35.9,43.1,23.2,31.4,57.5,27.9,32.2,13.7,9.2,0.0,0.0,0.0,38.8,34.1,2395.7,24.00,40,39,39,77,116,708,1,83.0,80.8,76.1,70.3,66.2,77.0,75.7,70.7,64.7,67.8,62.7,62.7,68.5,62.3,48.1,46.4,50.0,1.218,1.015,1.100,25.272,8.643,25.310,61.000,6.080,52.913,4.385,3.827,6.586,5.849,4.325,2.757,2.963,30.540,8.771,45.999,51.587,1996.4,2395.7,4992.3,4992.3,5001.1,58.6,33.7,40.7,58.6,95.1,いいえ,いいえ,いいえ,8.227,4.113,3.0,46.0,82.2,40.0,82.0,1.272,12.144,3.440,3.312,5.040,1.064,0.960,3.440,3.344,1.808,1.024,1.120,1.032,1.792,1.096,0.648,1.824,0.264,2054,いいえ,62.8,45.5,1.095,1.110,1.800,1.800,1.005,5.040,0.375,いいえ,いいえ,いいえ,44.0,1.095,1.110,1.800,1.800,1.005,5.040,0.500,いいえ,いいえ,いいえ,37,37,いいえ,はい,15388,14039,128,128,34,100.0,いいえ,いいえ,3868,2528,9990,44,46,54,100.0,100.0,いいえ,いいえ,7032,7744,0.0,0.1,0.1,0.000,0.006,1392,1012,0.0,0.0,0.0,0.000,0.000,181182,133153,0.0,0.0,0.0,0.000,0.276,66345,77742,64.4,0.720,36.000,600.0,2400.0,1200.0,100.0,0.0,0.0,0.0,0.0,0.0,0.0,0.0,0.0,125,2,16.0,86,いいえ,いいえ,いいえ,57.1,66.0,67.2,84.0,1.100,12.309,12.322,12.257,12.337,12.321,1571,1572,32.356,15.870,21.088,8.675,17.369,25.426,4.337,21.705,14.221,14.137,220.000,220.000,2790.0,1281.5,2145.0,799.5,2235.0,2787.5,1280.0,2235.6,69.0,9.0,0.0,0.0,92.7,24.2,96.0,0.0,0.7,0.0,39,39,はい,いいえ,いいえ,はい,いいえ,いいえ,いいえ,19.5,24.7,0,0,0,0,0,0,0,0,0,0,0,0,0,0,0,0,0,0,0,0,0,0,0,0,0,0,0,0,0,0,902,11380,11104,592,16.0,3.4,850.6,1.2,1.2,1.2,1.2,3.4,58.8,1.2,1.2,1.2,1.2,292.77,817.88,1.18,0.38,833.67,833.67,0.32,19.46,292.77,0.00,514.91,0,0,0.0,0.0,44297,39091,6.1,87.7,0,
19.7.2026,1:4:7.466,27999,5912,82.5,13782,18081,43.2,3.5,2048,71,1.152,1.265,1.130,1.130,1.130,1.130,1.130,4719.8,4112.6,4841.3,4841.3,4841.3,4841.3,4841.3,99.8,775.4,1982.3,187.6,1386.3,2933.0,785.9,993.4,211.4,345.8,122.3,166.3,86.6,103.9,775.4,14.5,36.8,3.5,26.6,57.0,14.1,17.7,3.9,5.8,2.3,3.3,1.7,2.0,57.0,14.5,19.4,48.1,4.6,36.1,77.1,18.3,24.3,5.0,7.8,3.0,4.1,2.1,2.5,19.4,47.3,41.2,48.5,48.5,48.5,48.5,48.5,0.0,30.9,42.5,83.8,36.5,12.4,5.9,4.3,48.1,57.5,16.2,63.5,87.6,36.7,27.4,21.0,0.0,0.0,0.0,0.0,57.4,68.4,2395.7,24.00,40,39,39,77,116,708,1,80.8,74.4,75.6,64.7,63.9,73.0,67.6,63.6,59.8,60.4,61.7,61.7,68.0,62.5,48.1,46.5,50.0,1.266,1.015,1.100,19.131,8.347,19.139,41.500,6.080,45.531,3.088,3.591,5.810,4.325,2.786,1.214,0.804,24.256,8.473,39.416,44.458,1996.4,2395.7,5148.4,5148.4,5145.6,50.5,25.5,27.7,50.5,87.5,いいえ,いいえ,いいえ,0.872,0.490,1.9,46.0,80.9,40.0,80.0,1.264,12.091,3.440,3.312,5.016,1.064,0.960,3.440,3.344,1.808,1.024,1.120,1.032,1.792,1.096,0.648,1.824,0.264,2033,いいえ,62.8,45.5,1.095,1.110,1.800,1.800,1.005,5.040,0.250,いいえ,いいえ,いいえ,44.0,1.095,1.110,1.800,1.815,1.005,5.040,0.250,いいえ,いいえ,いいえ,37,37,いいえ,はい,15388,14039,128,128,34,100.0,いいえ,いいえ,3868,2528,9990,44,46,54,100.0,100.0,いいえ,いいえ,7032,7744,0.0,0.0,0.0,0.000,0.000,1392,1012,0.0,0.0,0.0,0.000,0.000,181182,133153,0.0,0.0,0.0,0.000,0.006,66345,77742,64.4,0.720,28.000,600.0,2400.0,1200.0,100.0,0.0,0.0,0.0,0.0,0.0,0.0,0.0,0.0,125,2,16.0,86,いいえ,いいえ,いいえ,66.5,70.0,75.3,84.0,1.095,12.170,12.168,12.128,12.217,12.166,1555,1554,133.987,61.247,114.260,28.643,32.272,128.732,14.320,46.562,26.055,99.132,220.000,220.000,2775.0,1281.5,2145.0,2769.8,2235.0,2763.4,1280.1,2228.6,91.0,58.0,2.0,0.0,92.0,25.2,100.0,0.0,0.8,0.0,39,39,はい,いいえ,いいえ,はい,いいえ,いいえ,いいえ,73.1,75.4,0,0,0,0,0,0,0,0,0,0,0,0,0,0,0,0,0,0,0,0,0,0,0,0,0,0,0,0,0,0,980,11302,11026,592,16.0,1.0,1.0,1.0,1.0,1.0,1.0,1.0,1.0,1.0,1.0,1.0,1.0,1023.70,1023.70,1023.70,1023.70,1023.70,1023.70,1.14,115.65,1023.70,0.00,992.21,0,0,0.0,0.0,44297,39091,5.7,91.5,0,
19.7.2026,1:4:9.471,27904,6007,82.2,13847,18016,43.4,3.5,2048,71,1.260,1.260,1.260,1.260,1.260,1.260,1.260,4055.5,4112.6,5140.7,4112.6,4112.6,3427.2,3427.2,99.8,635.8,990.4,152.7,1015.0,3392.5,484.7,929.5,147.8,207.2,126.6,69.5,42.0,72.0,635.8,12.1,17.9,2.9,19.2,66.3,9.5,17.5,3.1,4.2,2.2,0.9,0.5,1.0,66.3,12.1,15.9,21.0,3.8,26.5,89.3,11.7,23.2,3.5,4.8,3.2,1.7,1.0,1.7,15.9,40.6,41.2,51.5,41.2,41.2,34.3,34.3,0.0,25.5,23.9,85.4,28.9,7.9,4.1,2.5,46.3,76.1,14.6,71.1,92.1,10.4,13.3,28.3,0.0,0.0,0.0,0.0,85.5,84.2,2395.7,24.00,40,39,39,77,116,708,1,78.9,73.1,73.2,62.8,61.0,71.9,65.5,61.8,57.8,58.7,61.0,61.0,68.5,62.1,48.1,46.5,50.0,1.258,1.015,1.100,16.434,8.221,16.439,40.000,6.074,41.637,2.420,2.622,5.462,3.475,2.207,0.409,0.346,20.675,8.344,35.701,40.707,1996.4,2395.7,5149.7,5149.7,5147.0,46.3,21.9,26.7,46.3,86.0,いいえ,いいえ,いいえ,0.437,0.135,1.5,46.0,78.9,40.0,78.0,1.264,12.038,3.440,3.296,5.016,1.064,0.960,3.440,3.344,1.808,1.024,1.120,1.032,1.792,1.096,0.648,1.824,0.264,2027,いいえ,62.8,45.5,1.095,1.110,1.800,1.800,1.005,5.040,0.250,いいえ,いいえ,いいえ,44.0,1.095,1.110,1.800,1.800,0.990,5.040,0.250,いいえ,いいえ,いいえ,37,37,いいえ,はい,15388,14039,128,128,34,100.0,いいえ,いいえ,3868,2528,9990,44,46,54,100.0,100.0,いいえ,いいえ,7032,7744,0.0,0.0,0.0,0.000,0.004,1392,1012,0.0,0.0,0.0,0.000,0.000,181182,133153,0.0,0.0,0.0,0.000,0.002,66345,77742,64.2,0.720,19.000,600.0,2400.0,1200.0,100.0,0.0,0.0,0.0,0.0,0.0,0.0,0.0,0.0,125,2,16.0,86,いいえ,いいえ,いいえ,67.6,70.0,76.7,84.0,1.095,12.197,12.195,12.159,12.239,12.194,1555,1553,155.266,59.040,100.937,23.049,27.905,112.696,11.523,39.358,87.698,69.153,220.000,220.000,2775.0,1281.5,2145.0,2769.4,2235.0,2774.7,1280.2,2235.0,91.0,46.0,1.0,0.0,92.0,25.3,100.0,0.0,1.0,0.0,39,39,はい,いいえ,いいえ,はい,いいえ,いいえ,いいえ,63.8,53.6,0,0,0,0,0,0,0,0,0,0,0,0,0,0,0,0,0,0,0,0,0,0,0,0,0,0,0,0,0,0,980,11302,11026,592,16.0,2.1,2.1,2.1,2.1,2.1,2.1,2.1,2.1,2.1,2.1,2.1,2.1,466.71,466.71,466.71,466.71,466.71,466.71,2.15,464.12,466.71,0.00,516.06,0,0,0.0,0.0,44297,39092,6.7,159.1,0,
19.7.2026,1:4:11.471,27825,6086,82.0,13938,17925,43.7,3.5,2048,71,1.272,1.255,1.275,1.275,1.275,1.275,1.275,4055.5,4112.6,4112.6,5140.7,4112.6,3427.2,3427.2,99.8,664.2,1233.3,146.4,1015.8,1739.7,2097.7,936.9,178.4,264.2,105.4,113.6,58.0,81.6,664.2,12.9,22.9,3.7,20.0,33.1,40.9,16.7,3.4,4.9,2.1,3.0,1.2,2.3,40.9,12.9,16.6,27.9,3.6,26.0,44.7,54.7,23.7,4.2,6.1,2.6,2.8,1.4,2.0,16.6,40.6,41.2,41.2,51.5,41.2,34.3,34.3,0.0,26.8,29.0,54.6,59.6,9.8,4.4,3.1,47.3,71.0,45.4,40.4,90.2,18.3,18.6,25.9,0.0,0.0,0.0,0.0,77.3,78.3,2395.7,24.00,40,39,39,77,116,708,1,77.4,72.7,71.2,62.9,61.4,68.4,68.7,62.1,57.8,58.9,60.8,60.8,68.0,62.2,48.1,46.5,50.0,1.256,1.015,1.100,16.909,8.366,16.898,38.500,6.079,42.252,2.566,2.899,4.498,4.622,2.329,0.555,0.492,21.242,8.491,36.420,41.407,1996.4,2395.7,5147.8,5147.8,5146.8,47.1,22.5,25.7,47.1,85.5,いいえ,いいえ,いいえ,0.452,0.158,1.6,46.0,77.2,40.0,77.0,1.264,12.091,3.440,3.296,5.016,1.064,0.960,3.440,3.344,1.808,1.024,1.120,1.032,1.792,1.096,0.648,1.824,0.264,2030,いいえ,62.8,45.5,1.095,1.110,1.800,1.800,0.990,5.040,0.250,いいえ,いいえ,いいえ,44.0,1.095,1.110,1.800,1.800,0.990,5.040,0.250,いいえ,いいえ,いいえ,37,37,いいえ,はい,15388,14039,128,128,34,100.0,いいえ,いいえ,3868,2528,9990,44,46,54,100.0,100.0,いいえ,いいえ,7032,7744,0.0,0.1,0.1,0.000,0.010,1392,1012,0.0,0.0,0.0,0.000,0.000,181182,133153,0.0,0.0,0.0,0.000,0.006,66345,77742,64.0,0.720,33.000,600.0,2400.0,1200.0,100.0,0.0,0.0,0.0,0.0,0.0,0.0,0.0,0.0,125,2,16.0,86,いいえ,いいえ,いいえ,66.8,70.0,75.7,84.0,1.100,12.204,12.201,12.168,12.247,12.201,1555,1554,145.941,51.400,106.556,23.206,28.107,118.442,11.603,39.659,26.083,57.540,220.000,220.000,2775.0,1281.5,2130.0,2759.5,2235.0,2772.1,1279.4,2227.1,90.0,44.0,1.0,0.0,92.0,25.3,100.0,0.0,1.0,0.0,39,39,はい,いいえ,いいえ,はい,いいえ,いいえ,いいえ,66.5,31.0,0,0,0,0,0,0,0,0,0,0,0,0,0,0,0,0,0,0,0,0,0,0,0,0,0,0,0,0,0,0,980,11302,11026,584,16.0,1.0,1.0,1.0,1.0,1.0,1.0,1.0,1.0,1.0,1.0,1.0,1.0,992.95,992.95,992.95,992.95,992.95,992.95,965.01,28.47,992.65,0.30,942.86,0,0,0.0,0.0,44297,39092,7.0,256.5,0,
19.7.2026,1:4:13.462,27834,6077,82.0,13941,17922,43.7,3.5,2048,71,1.259,1.255,1.260,1.260,1.260,1.260,1.260,4055.5,4112.6,4112.6,5140.7,4112.6,3427.2,3427.2,99.8,662.8,1133.7,165.0,1374.1,999.1,2741.0,647.2,230.0,229.8,164.0,117.7,71.2,80.6,662.8,12.6,20.1,3.2,26.5,18.1,53.7,12.1,4.3,4.0,3.8,2.1,2.0,1.3,53.7,12.6,16.6,24.7,4.1,35.6,24.9,72.0,16.1,5.6,5.3,4.1,2.9,1.7,1.9,16.6,40.6,41.2,41.2,51.5,41.2,34.3,34.3,0.0,26.5,26.7,47.2,66.1,10.0,5.8,3.4,48.1,73.3,52.8,33.9,90.0,18.3,20.1,25.4,0.0,0.0,0.0,0.0,76.0,76.5,2395.7,24.00,40,39,39,77,116,708,1,76.2,72.5,73.8,62.9,61.1,67.5,69.4,62.3,58.1,59.0,60.7,60.7,68.0,62.0,48.1,46.5,50.0,1.254,1.015,1.100,17.126,8.305,17.127,42.000,6.106,42.627,2.539,2.763,4.151,4.812,2.317,0.669,0.521,21.495,8.430,36.641,41.645,1996.4,2395.7,5145.9,5145.9,5145.9,47.3,22.8,28.0,47.3,85.3,いいえ,いいえ,いいえ,0.414,0.149,1.6,46.0,76.4,40.0,76.0,1.248,12.038,3.440,3.296,5.016,1.064,0.960,3.440,3.344,1.808,1.024,1.120,1.032,1.792,1.096,0.648,1.824,0.264,2033,いいえ,62.8,45.5,1.095,1.110,1.800,1.800,0.990,4.970,0.250,いいえ,いいえ,いいえ,44.0,1.110,1.110,1.800,1.800,0.990,4.970,0.250,いいえ,いいえ,いいえ,37,37,いいえ,はい,15388,14039,128,128,34,100.0,いいえ,いいえ,3868,2528,9990,44,46,54,100.0,100.0,いいえ,いいえ,7032,7744,0.0,0.0,0.0,0.000,0.002,1392,1012,0.0,0.0,0.0,0.000,0.000,181182,133153,0.0,0.0,0.0,0.000,0.010,66345,77742,64.0,0.720,18.000,600.0,2400.0,1200.0,100.0,0.0,0.0,0.0,0.0,0.0,0.0,0.0,0.0,125,2,16.0,86,いいえ,いいえ,いいえ,69.3,72.0,78.9,84.0,1.100,12.183,12.181,12.143,12.229,12.179,1553,1553,151.595,70.936,113.910,27.164,31.110,127.706,13.568,44.631,93.730,115.672,220.000,220.000,2775.0,1281.5,2130.0,2764.6,2235.0,2769.3,1280.3,2228.9,93.0,56.0,1.0,0.0,92.0,25.2,100.0,0.0,0.8,0.0,39,39,はい,いいえ,いいえ,はい,いいえ,いいえ,いいえ,72.1,74.3,0,0,0,0,0,0,0,0,0,0,0,0,0,0,0,0,0,0,0,0,0,0,0,0,0,0,0,0,0,0,980,11302,11026,590,16.0,1.3,1.3,1.3,1.3,1.3,1.3,0.0,0.0,0.0,0.0,0.0,0.0,741.00,741.00,741.00,741.00,741.00,741.00,3.04,81.18,740.96,0.04,0.00,0,0,0.0,0.0,44297,39093,9.8,215.2,0,
19.7.2026,1:4:15.463,27833,6078,82.0,13994,17869,43.9,3.5,2048,71,1.255,1.250,1.260,1.255,1.255,1.255,1.255,4055.5,4112.6,4112.6,5140.7,4112.6,3427.2,3427.2,99.8,670.3,1159.6,192.5,1079.5,1250.8,2335.3,1256.3,202.0,253.4,68.2,120.1,66.2,59.8,670.3,12.6,20.6,3.8,20.6,23.1,45.5,23.6,3.8,4.3,1.1,2.3,1.2,0.9,45.5,12.6,16.7,25.0,4.8,27.7,31.5,61.1,32.3,4.9,5.8,1.6,3.0,1.6,1.4,16.7,40.6,41.2,41.2,51.5,41.2,34.3,34.3,0.0,26.8,27.5,46.4,70.1,10.1,4.0,2.8,46.1,72.5,53.6,29.9,89.9,14.6,15.8,27.1,0.0,0.0,0.0,0.0,81.4,81.3,2395.7,24.00,40,39,39,77,116,708,1,76.1,72.9,71.8,62.9,61.3,67.7,70.0,62.3,57.5,58.8,60.7,60.7,68.2,62.1,48.1,46.5,50.0,1.256,1.015,1.100,17.162,8.210,17.167,38.500,6.116,42.577,2.540,2.835,4.163,5.040,2.354,0.429,0.419,21.565,8.333,36.626,41.633,1996.4,2395.7,5146.9,5146.9,5145.3,47.3,22.9,25.7,47.3,85.8,いいえ,いいえ,いいえ,0.449,0.159,1.6,46.0,76.0,40.0,76.0,1.240,12.038,3.440,3.280,5.016,1.064,0.960,3.440,3.344,1.808,1.024,1.120,1.032,1.792,1.096,0.648,1.824,0.264,2027,いいえ,62.8,45.5,1.110,1.110,1.800,1.800,0.990,4.970,0.250,いいえ,いいえ,いいえ,44.0,1.110,1.110,1.800,1.800,0.990,4.970,0.250,いいえ,いいえ,いいえ,37,37,いいえ,はい,15388,14039,128,128,34,100.0,いいえ,いいえ,3868,2528,9990,44,46,54,100.0,100.0,いいえ,いいえ,7032,7744,0.0,0.1,0.1,0.000,0.008,1392,1012,0.0,0.0,0.0,0.000,0.000,181182,133153,0.0,0.0,0.0,0.000,0.034,66345,77742,64.0,0.720,17.000,600.0,2400.0,1200.0,100.0,0.0,0.0,0.0,0.0,0.0,0.0,0.0,0.0,125,2,16.0,86,いいえ,いいえ,いいえ,69.2,72.0,79.7,84.0,1.100,12.176,12.173,12.136,12.224,12.172,1553,1556,151.641,66.899,114.719,27.974,31.796,128.897,13.986,45.748,76.769,95.305,220.000,220.000,2775.0,1281.5,2130.0,2763.9,2235.0,2767.2,1279.7,2226.3,92.0,55.0,1.0,0.0,92.0,25.2,100.0,0.0,1.0,0.0,39,39,はい,いいえ,いいえ,はい,いいえ,いいえ,いいえ,72.9,61.9,0,0,0,0,0,0,0,0,0,0,0,0,0,0,0,0,0,0,0,0,0,0,0,0,0,0,0,0,0,0,980,11302,11026,590,16.0,2.1,14.4,1.1,1.0,1.0,1.0,1.4,2.4,1.0,1.0,1.0,1.0,474.07,943.60,69.43,63.27,954.59,954.59,3.08,92.15,474.01,0.06,185.58,0,0,0.0,0.0,44297,39093,6.9,196.8,0,
19.7.2026,1:4:17.466,27828,6083,82.0,14043,17820,44.0,3.5,2048,71,1.240,1.190,1.250,1.250,1.250,1.250,1.250,4283.9,4112.6,5140.7,4112.6,4112.6,4112.6,4112.6,99.8,643.3,1078.3,136.2,661.3,1904.3,630.8,2594.0,155.7,236.1,113.4,98.4,46.0,65.0,643.3,12.2,19.7,2.7,12.5,36.4,11.6,50.4,2.9,4.4,2.2,1.9,0.9,1.2,50.4,12.2,16.2,23.9,3.3,16.8,49.1,15.7,68.0,3.7,5.5,2.8,2.4,1.1,1.6,16.2,42.9,41.2,51.5,41.2,41.2,41.2,41.2,0.0,25.7,25.5,50.8,62.4,8.7,4.3,2.5,46.5,74.3,49.1,37.6,91.3,13.2,13.4,27.8,0.1,0.0,0.0,0.0,82.5,84.1,2395.7,24.00,40,39,39,77,116,708,1,75.5,72.5,73.2,62.6,61.0,67.6,69.0,61.9,57.6,58.5,60.7,60.7,67.2,61.7,48.1,46.5,50.0,1.254,1.015,1.100,16.409,8.218,16.414,39.500,6.094,41.580,2.434,2.693,4.132,4.741,2.239,0.457,0.340,20.585,8.341,35.630,40.637,1996.4,2395.7,5146.1,5146.1,5145.9,46.2,21.9,26.3,46.2,85.3,いいえ,いいえ,いいえ,0.432,0.142,1.5,46.0,75.5,40.0,75.0,1.256,12.038,3.440,3.296,5.016,1.064,0.960,3.440,3.344,1.808,1.024,1.120,1.032,1.792,1.096,0.648,1.824,0.264,2039,いいえ,62.8,45.5,1.110,1.110,1.800,1.800,0.990,4.970,0.500,いいえ,いいえ,いいえ,44.0,1.110,1.110,1.800,1.800,0.990,4.970,0.250,いいえ,いいえ,いいえ,37,37,いいえ,はい,15388,14039,128,128,34,100.0,いいえ,いいえ,3868,2528,9990,44,46,54,100.0,100.0,いいえ,いいえ,7032,7744,0.0,0.0,0.0,0.000,0.000,1392,1012,0.0,0.0,0.0,0.000,0.000,181182,133153,0.0,0.1,0.1,0.000,0.157,66345,77743,64.0,0.720,23.000,600.0,2400.0,1200.0,100.0,0.0,0.0,0.0,0.0,0.0,0.0,0.0,0.0,125,2,16.0,86,いいえ,いいえ,いいえ,69.7,70.0,79.5,84.0,1.100,12.175,12.171,12.140,12.222,12.169,1558,1556,149.622,78.997,120.786,27.457,31.381,134.743,13.727,45.067,161.885,96.930,220.000,220.000,2775.0,1281.5,2130.0,2764.6,2235.0,2766.0,1281.5,2226.2,94.0,47.0,2.0,0.0,92.0,25.2,100.0,0.0,0.8,0.0,39,39,はい,いいえ,いいえ,はい,いいえ,いいえ,いいえ,76.4,69.9,0,0,0,0,0,0,0,0,0,0,0,0,0,0,0,0,0,0,0,0,0,0,0,0,0,0,0,0,0,0,980,11302,11026,590,16.0,2.1,14.4,1.1,1.0,1.0,1.0,1.4,2.4,1.0,1.0,1.0,1.0,474.07,943.60,69.43,63.27,954.59,954.59,3.08,92.15,474.01,0.06,185.58,0,0,0.0,0.0,44297,39093,6.2,150.8,0,
19.7.2026,1:4:19.467,27840,6071,82.0,14089,17774,44.2,3.5,2048,71,1.264,1.260,1.265,1.265,1.265,1.265,1.265,4055.5,4112.6,5140.7,4112.6,4112.6,3427.2,3427.2,99.8,666.5,1231.0,152.8,620.0,1303.3,801.5,3128.6,176.1,280.4,128.0,72.0,44.9,59.4,666.5,12.7,22.6,3.2,11.6,24.0,14.8,61.0,3.5,5.3,2.6,1.4,0.9,1.2,61.0,12.7,16.7,27.5,3.8,15.5,32.6,20.2,82.2,4.2,6.5,3.2,1.7,1.1,1.4,16.7,40.6,41.2,51.5,41.2,41.2,34.3,34.3,0.0,26.7,29.1,38.9,75.7,10.2,4.2,2.4,45.8,70.9,61.1,24.3,89.8,12.6,16.3,27.4,0.0,0.0,0.0,0.0,83.2,81.4,2395.7,24.00,40,39,39,77,116,708,1,75.1,72.7,72.8,62.8,61.2,66.5,70.4,62.3,57.6,58.6,60.6,60.6,67.2,62.0,48.1,46.6,50.0,1.255,1.015,1.100,16.989,8.203,16.986,42.000,6.093,42.291,2.538,2.868,3.883,5.269,2.351,0.454,0.404,21.325,8.326,36.354,41.349,1996.4,2395.7,5147.4,5147.4,5146.1,47.0,22.6,28.0,47.0,85.5,いいえ,いいえ,いいえ,0.417,0.148,1.6,46.0,75.1,40.0,75.0,1.256,12.038,3.440,3.296,5.016,1.064,0.960,3.440,3.344,1.808,1.024,1.120,1.032,1.792,1.096,0.648,1.824,0.264,2027,いいえ,62.8,45.5,1.110,1.110,1.800,1.800,0.990,4.970,0.250,いいえ,いいえ,いいえ,44.0,1.110,1.110,1.800,1.800,0.990,4.970,0.250,いいえ,いいえ,いいえ,37,37,いいえ,はい,15388,14039,128,128,34,100.0,いいえ,いいえ,3868,2528,9990,44,46,54,100.0,100.0,いいえ,いいえ,7032,7744,0.0,0.0,0.0,0.000,0.004,1392,1012,0.0,0.0,0.0,0.000,0.000,181182,133153,0.0,0.0,0.0,0.000,0.022,66345,77743,64.0,0.720,26.000,600.0,2400.0,1200.0,100.0,0.0,0.0,0.0,0.0,0.0,0.0,0.0,0.0,125,2,16.0,86,いいえ,いいえ,いいえ,68.7,72.0,77.9,84.0,1.100,12.197,12.193,12.162,12.239,12.194,1560,1556,148.442,59.039,105.845,23.849,28.519,118.055,11.925,40.388,76.111,67.615,220.000,220.000,2775.0,1281.5,2130.0,2764.4,2235.0,2768.9,1280.4,2227.1,91.0,55.0,1.0,0.0,92.0,25.2,100.0,0.0,0.7,0.0,39,39,はい,いいえ,いいえ,はい,いいえ,いいえ,いいえ,66.5,64.7,0,0,0,0,0,0,0,0,0,0,0,0,0,0,0,0,0,0,0,0,0,0,0,0,0,0,0,0,0,0,980,11302,11026,590,16.0,12.2,17.2,8.9,8.8,8.8,8.8,8.0,11.9,6.0,6.0,6.0,6.0,82.20,112.79,58.21,58.06,113.65,113.65,2.05,52.02,82.15,0.05,707.56,0,0,0.0,0.0,44297,39094,5.9,155.5,0,
19.7.2026,1:4:21.472,26986,6925,79.5,13772,18090,43.2,3.5,2048,71,1.270,1.270,1.270,1.270,1.270,1.270,1.270,4120.9,3344.0,5090.8,4072.7,4072.7,4072.7,4072.7,99.8,685.7,1253.9,218.3,2623.9,1303.9,1068.4,688.0,278.6,284.6,133.6,164.4,103.8,106.9,685.7,13.1,23.0,4.5,51.6,24.6,20.7,12.0,5.4,5.0,2.7,3.4,2.1,2.1,51.6,13.1,17.2,28.3,5.5,68.9,33.6,27.1,16.6,6.9,6.6,3.3,4.2,2.6,2.7,17.2,41.3,33.5,51.0,40.8,40.8,40.8,40.8,0.0,26.6,29.3,75.4,34.6,11.1,5.6,3.7,45.9,65.1,24.6,65.4,83.4,15.7,21.0,27.5,5.5,0.0,0.0,5.5,78.7,75.3,2395.7,24.00,40,39,39,77,116,708,1,76.0,72.9,81.5,62.9,61.5,70.8,66.0,62.1,57.9,59.0,60.7,60.7,67.5,61.9,48.1,46.6,50.0,1.247,1.015,1.100,16.981,8.242,16.975,62.500,6.080,42.181,2.613,2.864,5.392,3.836,2.403,0.585,0.598,21.239,8.366,36.293,41.320,1996.4,2395.7,5115.7,5115.7,5138.2,47.0,22.6,41.7,47.0,85.8,いいえ,いいえ,いいえ,0.795,0.595,1.6,46.0,76.2,40.0,76.0,1.216,12.144,3.440,3.312,5.016,1.064,0.960,3.440,3.344,1.808,1.024,1.120,1.032,1.792,1.096,0.648,1.824,0.264,2033,いいえ,62.8,45.2,1.110,1.110,1.800,1.800,0.990,4.970,0.250,いいえ,いいえ,いいえ,44.0,1.110,1.110,1.800,1.800,1.005,4.970,0.750,いいえ,いいえ,いいえ,37,37,いいえ,はい,15388,14039,128,128,34,100.0,いいえ,いいえ,3868,2528,9990,44,46,54,100.0,100.0,いいえ,いいえ,7032,7744,0.0,0.1,0.1,0.000,0.010,1392,1012,0.0,0.0,0.0,0.000,0.000,181182,133153,0.0,0.0,0.0,0.000,0.034,66345,77743,63.9,0.720,22.000,600.0,2400.0,1200.0,100.0,0.0,0.0,0.0,0.0,0.0,0.0,0.0,0.0,125,2,16.0,86,いいえ,いいえ,いいえ,59.1,68.0,69.9,84.0,1.095,12.306,12.316,12.257,12.335,12.317,1567,1563,103.360,19.408,27.879,7.636,16.633,31.702,3.818,20.463,23.651,23.486,220.000,220.000,2775.0,1281.5,2145.0,2766.7,2235.0,2775.6,1280.2,2234.4,1.0,0.0,1.0,0.0,87.5,25.1,99.5,0.0,1.0,0.0,39,39,はい,いいえ,いいえ,はい,いいえ,いいえ,いいえ,22.0,22.1,0,0,0,0,0,0,0,0,0,0,0,0,0,0,0,0,0,0,0,0,0,0,0,0,0,0,0,0,0,0,1538,10744,10468,590,16.0,3.6,810.7,1.1,1.0,1.0,1.0,3.5,60.0,1.0,1.0,1.0,1.0,280.98,947.80,1.23,0.44,971.42,971.42,0.85,70.48,280.98,0.00,530.25,0,0,0.0,0.0,44297,39094,6.4,199.5,0,
19.7.2026,1:4:23.469,19881,14030,58.6,13848,18015,43.4,3.5,2048,71,1.242,1.205,1.250,1.250,1.250,1.250,1.250,4507.7,3972.8,5016.0,5016.0,5016.0,4012.8,4012.8,99.8,2275.5,2619.9,1984.9,2756.1,2408.4,3540.3,2594.8,2060.0,2116.3,1761.9,1775.1,1795.2,1892.6,2275.5,46.6,47.8,41.3,56.4,49.6,72.3,53.2,43.0,43.9,36.8,37.6,37.9,39.9,72.3,46.6,59.0,60.9,52.1,72.1,63.0,93.2,68.2,54.0,55.2,46.3,46.6,47.2,49.7,59.0,45.2,39.8,50.2,50.2,50.2,40.2,40.2,0.0,57.1,55.1,66.3,85.4,49.6,42.4,44.0,30.5,30.8,33.7,14.6,50.4,26.1,27.3,12.4,14.2,0.0,0.0,0.0,31.5,28.7,2395.7,24.00,40,39,39,77,116,708,1,83.6,81.6,80.1,71.7,67.5,75.2,79.2,72.4,66.1,69.5,62.7,62.7,68.0,62.5,48.2,46.7,50.0,1.205,1.015,1.100,27.429,8.877,27.427,69.500,6.096,55.480,4.786,4.138,5.880,7.109,4.644,3.356,3.588,32.808,9.007,48.520,54.225,1996.4,2395.7,4958.9,4958.9,4974.5,61.6,36.6,46.3,61.6,96.1,いいえ,いいえ,いいえ,10.599,5.031,3.4,46.0,83.6,40.0,83.0,1.264,12.144,3.440,3.328,5.040,1.064,0.960,3.440,3.344,1.808,1.024,1.120,1.032,1.792,1.096,0.648,1.824,0.264,2042,いいえ,62.8,45.2,1.110,1.110,1.800,1.800,1.005,4.970,2.125,いいえ,いいえ,いいえ,44.2,1.110,1.110,1.800,1.800,1.005,5.040,0.250,いいえ,いいえ,いいえ,37,37,いいえ,はい,15388,14039,128,128,34,100.0,いいえ,いいえ,3868,2528,9990,44,46,54,100.0,100.0,いいえ,いいえ,7032,7744,0.0,0.1,0.1,0.000,0.004,1392,1012,0.0,0.0,0.0,0.000,0.000,181182,133153,0.0,0.0,0.0,0.000,0.012,66345,77743,64.4,0.720,20.000,600.0,2400.0,1200.0,100.0,0.0,0.0,0.0,0.0,0.0,0.0,0.0,0.0,125,2,16.0,86,いいえ,いいえ,いいえ,56.2,66.0,67.1,84.0,0.925,12.319,12.328,12.273,12.344,12.330,1567,1567,38.422,13.613,18.611,4.562,14.224,20.899,2.281,16.512,14.054,17.761,220.000,220.000,990.0,625.2,1995.0,2190.8,1995.0,990.2,624.8,1994.4,40.0,6.0,2.0,4.0,26.4,21.0,82.9,0.0,1.2,0.0,39,39,はい,いいえ,いいえ,いいえ,いいえ,はい,いいえ,16.0,15.4,0,0,0,0,0,0,0,0,0,0,0,0,0,0,0,0,0,0,0,0,0,0,0,0,0,0,0,0,0,0,9038,3244,3206,590,16.0,3.6,810.7,1.1,1.0,1.0,1.0,3.5,60.0,1.0,1.0,1.0,1.0,280.98,947.80,1.23,0.44,971.42,971.42,0.85,70.48,280.98,0.00,530.25,0,0,0.0,0.0,44297,39095,17.2,274.6,0,
19.7.2026,1:4:25.464,28041,5870,82.6,13792,18071,43.2,3.5,2048,71,1.276,1.280,1.275,1.275,1.275,1.275,1.275,4455.3,5140.7,5140.7,4112.6,4112.6,4112.6,4112.6,99.8,774.6,1761.3,268.1,2490.0,1022.4,1819.7,728.2,299.4,428.5,150.5,122.8,90.1,113.7,774.6,14.6,32.1,5.1,48.3,19.1,35.3,13.0,5.8,7.1,3.7,2.4,1.7,2.1,48.3,14.6,19.3,41.0,6.6,64.9,25.9,47.2,17.8,7.3,9.5,3.8,3.0,2.2,2.7,19.3,44.6,51.5,51.5,41.2,41.2,41.2,41.2,0.0,30.7,38.4,69.2,50.4,16.2,5.6,4.5,50.0,61.6,30.8,49.6,83.8,33.5,41.0,19.2,0.0,0.0,0.0,0.0,60.9,54.5,2395.7,24.00,40,39,39,77,116,708,1,81.2,74.5,69.9,65.0,63.7,71.4,69.5,64.4,59.7,61.2,61.9,61.9,68.2,62.5,48.3,46.7,50.0,1.264,1.015,1.100,18.760,8.391,18.757,41.500,6.084,44.967,3.135,3.517,5.374,4.687,3.054,1.062,1.119,23.751,8.516,38.960,43.997,1996.4,2395.7,5143.0,5143.0,5142.3,50.0,25.0,27.7,50.0,87.6,いいえ,いいえ,いいえ,1.013,0.621,1.8,46.0,81.2,40.0,81.0,1.296,12.144,3.440,3.312,5.016,1.064,0.960,3.440,3.344,1.808,1.024,1.120,1.032,1.792,1.096,0.648,1.824,0.264,2042,いいえ,62.8,45.5,1.110,1.110,1.800,1.800,1.005,5.040,0.500,いいえ,いいえ,いいえ,44.2,1.095,1.110,1.800,1.800,1.005,5.040,0.500,いいえ,いいえ,いいえ,37,37,いいえ,はい,15388,14039,128,128,34,100.0,いいえ,いいえ,3868,2528,9990,44,46,54,100.0,100.0,いいえ,いいえ,7032,7744,0.0,0.1,0.1,0.000,0.008,1392,1012,0.0,0.0,0.0,0.000,0.000,181182,133153,0.0,0.0,0.0,0.000,0.241,66345,77743,64.3,0.720,43.000,600.0,2400.0,1200.0,100.0,0.0,0.0,0.0,0.0,0.0,0.0,0.0,0.0,125,2,16.0,86,いいえ,いいえ,いいえ,65.7,68.0,74.5,84.0,1.095,12.223,12.221,12.184,12.265,12.223,1553,1556,136.132,64.830,90.008,20.507,26.086,100.571,10.255,36.267,136.543,98.405,220.000,220.000,2775.0,1281.5,2145.0,2764.7,2235.0,2773.9,1280.6,2231.4,31.0,0.0,2.0,0.0,92.0,25.2,100.0,0.0,1.0,0.0,39,39,はい,いいえ,いいえ,はい,いいえ,いいえ,いいえ,57.4,70.7,0,0,0,0,0,0,0,0,0,0,0,0,0,0,0,0,0,0,0,0,0,0,0,0,0,0,0,0,0,0,980,11302,11026,590,16.0,3.6,810.7,1.1,1.0,1.0,1.0,3.5,60.0,1.0,1.0,1.0,1.0,280.98,947.80,1.23,0.44,971.42,971.42,0.85,70.48,280.98,0.00,530.25,0,0,0.0,0.0,44297,39095,7.2,145.8,0,
19.7.2026,1:4:27.463,27939,5972,82.3,13872,17991,43.5,3.5,2048,71,1.250,1.250,1.250,1.250,1.250,1.250,1.250,4283.9,4112.6,5140.7,4112.6,4112.6,4112.6,4112.6,99.8,665.7,1218.6,131.9,2284.2,1943.8,665.9,956.8,189.9,263.1,97.4,100.0,68.3,68.3,665.7,12.4,22.4,2.3,44.4,37.3,12.3,17.4,3.5,4.4,1.6,1.7,1.1,1.0,44.4,12.4,16.7,27.5,3.2,60.0,50.7,16.3,23.8,4.6,5.9,2.4,2.5,1.7,1.6,16.7,42.9,41.2,51.5,41.2,41.2,41.2,41.2,0.0,26.7,27.9,81.8,33.2,10.1,4.1,3.1,47.7,72.1,18.2,66.8,89.9,19.5,20.1,25.5,0.0,0.0,0.0,0.0,76.4,76.9,2395.7,24.00,40,39,39,77,116,708,1,79.1,73.1,72.8,63.3,61.8,71.7,66.2,62.4,58.4,59.3,61.3,61.3,68.5,62.0,48.2,46.7,50.0,1.259,1.015,1.100,17.114,8.271,17.127,41.500,6.101,42.686,2.582,2.896,5.432,3.648,2.382,0.621,0.513,21.557,8.395,36.663,41.686,1996.4,2395.7,5149.1,5149.1,5147.6,47.4,22.8,27.7,47.4,86.0,いいえ,いいえ,いいえ,0.561,0.159,1.6,46.0,79.0,40.0,79.0,1.248,12.091,3.440,3.296,5.016,1.064,0.960,3.440,3.344,1.808,1.024,1.120,1.032,1.792,1.096,0.648,1.824,0.264,2039,いいえ,62.8,45.5,1.095,1.110,1.800,1.800,1.005,5.040,0.250,いいえ,いいえ,いいえ,44.2,1.095,1.110,1.800,1.800,1.005,5.040,0.250,いいえ,いいえ,いいえ,37,37,いいえ,はい,15388,14039,128,128,34,100.0,いいえ,いいえ,3868,2528,9990,44,46,54,100.0,100.0,いいえ,いいえ,7032,7744,0.0,0.0,0.0,0.000,0.004,1392,1012,0.0,0.0,0.0,0.000,0.000,181182,133153,0.0,0.0,0.0,0.000,0.004,66345,77743,64.2,0.720,18.000,600.0,2400.0,1200.0,100.0,0.0,0.0,0.0,0.0,0.0,0.0,0.0,0.0,125,2,16.0,86,いいえ,いいえ,いいえ,69.5,70.0,79.6,84.0,1.100,12.197,12.193,12.157,12.243,12.194,1553,1549,149.594,65.629,102.980,24.021,28.666,115.159,12.011,40.636,106.630,94.927,220.000,220.000,2775.0,1281.5,2130.0,2764.2,2235.0,2766.8,1280.0,2223.4,93.0,49.0,1.0,0.0,92.0,25.2,100.0,0.0,0.9,0.0,38,38,はい,いいえ,いいえ,はい,いいえ,いいえ,いいえ,65.3,83.3,0,0,0,0,0,0,0,0,0,0,0,0,0,0,0,0,0,0,0,0,0,0,0,0,0,0,0,0,0,0,980,11302,11026,590,16.0,2.4,15.2,1.3,1.3,1.3,1.3,1.2,1.2,1.2,1.2,1.2,1.2,417.14,768.68,65.60,59.14,775.86,775.86,3.55,38.82,417.08,0.06,3930.81,0,0,0.0,0.0,44297,39095,6.2,145.8,0,
19.7.2026,1:4:29.463,27862,6049,82.1,13971,17892,43.8,3.5,2048,71,1.265,1.265,1.265,1.265,1.265,1.265,1.265,4283.9,4112.6,5140.7,4112.6,4112.6,4112.6,4112.6,99.8,660.3,1191.0,150.6,745.0,3806.7,601.3,689.8,158.5,238.3,66.2,142.9,52.5,81.1,660.3,12.6,22.3,3.1,14.3,74.2,11.5,11.6,3.1,4.1,1.2,2.8,1.1,1.6,74.2,12.6,16.6,26.4,3.7,19.4,100.3,15.0,16.3,3.8,5.4,1.6,3.6,1.3,2.0,16.6,42.9,41.2,51.5,41.2,41.2,41.2,41.2,0.0,26.4,28.1,87.3,26.8,8.7,4.3,2.9,45.8,71.9,12.6,73.2,91.3,11.0,14.7,27.9,0.0,0.1,0.0,0.0,84.6,82.4,2395.7,24.00,40,39,39,77,116,708,1,77.8,73.3,73.8,62.9,61.5,72.3,65.2,61.9,57.9,58.8,61.0,61.0,67.8,62.1,48.2,46.7,50.0,1.258,1.015,1.100,16.896,8.083,16.889,42.000,6.096,42.084,2.544,2.931,5.710,3.454,2.323,0.445,0.402,21.268,8.204,36.178,41.171,1996.4,2395.7,5147.2,5147.2,5145.2,46.8,22.5,28.0,46.8,86.3,いいえ,いいえ,いいえ,0.470,0.155,1.6,46.0,77.9,40.0,77.0,1.264,12.038,3.440,3.312,5.040,1.064,0.960,3.440,3.344,1.808,1.024,1.120,1.032,1.792,1.096,0.648,1.824,0.264,2042,いいえ,62.8,45.5,1.095,1.110,1.800,1.800,1.005,5.040,0.250,いいえ,いいえ,いいえ,44.2,1.095,1.110,1.800,1.800,1.005,5.040,0.250,いいえ,いいえ,いいえ,37,37,いいえ,はい,15388,14039,128,128,34,100.0,いいえ,いいえ,3868,2528,9990,44,46,54,100.0,100.0,いいえ,いいえ,7032,7744,0.0,0.0,0.0,0.000,0.002,1392,1012,0.0,0.0,0.0,0.000,0.000,181182,133153,0.0,0.1,0.1,0.000,0.071,66345,77743,64.1,0.720,20.000,600.0,2400.0,1200.0,100.0,0.0,0.0,0.0,0.0,0.0,0.0,0.0,0.0,125,2,16.0,86,いいえ,いいえ,いいえ,69.1,72.0,78.6,84.0,1.100,12.176,12.170,12.138,12.225,12.172,1549,1551,148.727,72.399,120.879,28.016,31.825,135.071,14.010,45.810,113.691,89.893,220.000,220.000,2775.0,1281.5,2130.0,2763.8,2235.0,2768.2,1280.6,2225.3,95.0,56.0,0.0,0.0,92.0,25.2,100.0,0.0,0.7,0.0,39,39,はい,いいえ,いいえ,はい,いいえ,いいえ,いいえ,77.5,78.2,0,0,0,0,0,0,0,0,0,0,0,0,0,0,0,0,0,0,0,0,0,0,0,0,0,0,0,0,0,0,980,11302,11026,590,16.0,2.1,16.1,0.5,0.5,0.5,0.5,0.5,0.5,0.5,0.5,0.5,0.5,477.47,1893.35,62.12,62.09,1964.86,1964.86,1.38,50.83,477.42,0.05,1806.70,0,0,0.0,0.0,44297,39095,5.9,133.5,0,
19.7.2026,1:4:31.474,27860,6051,82.1,13975,17888,43.8,3.5,2048,71,1.260,1.260,1.260,1.260,1.260,1.260,1.260,4283.9,4112.6,5140.7,4112.6,4112.6,4112.6,4112.6,99.8,648.6,1058.1,128.5,1047.9,3283.8,666.9,796.2,160.3,257.6,99.4,170.0,46.7,68.3,648.6,12.5,19.9,2.7,20.3,64.0,13.0,14.0,3.3,4.9,2.2,3.6,1.0,1.4,64.0,12.5,16.3,23.2,3.1,27.4,86.4,16.9,19.2,3.9,5.9,2.5,4.3,1.1,1.6,16.3,42.9,41.2,51.5,41.2,41.2,41.2,41.2,0.0,26.1,25.3,83.9,30.1,9.2,5.4,2.5,47.0,74.7,16.1,69.9,90.8,16.3,14.5,26.9,0.0,0.0,0.0,0.0,78.3,83.0,2395.7,24.00,40,39,39,77,116,708,1,76.8,73.1,73.2,62.8,61.2,71.8,65.6,61.8,58.0,58.7,60.9,60.9,68.0,62.1,48.2,46.8,50.0,1.258,1.015,1.100,16.721,8.245,16.732,37.500,6.075,42.085,2.498,2.770,5.468,3.530,2.264,0.575,0.379,21.045,8.369,36.097,41.107,1996.4,2395.7,5149.4,5149.4,5147.1,46.7,22.3,25.0,46.7,86.0,いいえ,いいえ,いいえ,0.349,0.133,1.6,46.0,76.8,40.0,76.0,1.264,12.038,3.440,3.296,5.016,1.064,0.960,3.440,3.344,1.808,1.024,1.120,1.032,1.792,1.096,0.648,1.824,0.264,2039,いいえ,62.8,45.5,1.095,1.110,1.815,1.800,1.005,5.040,0.250,いいえ,いいえ,いいえ,44.0,1.095,1.110,1.815,1.800,1.005,5.040,0.375,いいえ,いいえ,いいえ,37,37,いいえ,はい,15388,14039,128,128,34,100.0,いいえ,いいえ,3868,2528,9990,44,46,54,100.0,100.0,いいえ,いいえ,7032,7744,0.0,0.0,0.0,0.000,0.008,1392,1012,0.0,0.0,0.0,0.000,0.000,181182,133153,0.0,0.0,0.0,0.000,0.032,66345,77743,64.1,0.720,24.000,600.0,2400.0,1200.0,100.0,0.0,0.0,0.0,0.0,0.0,0.0,0.0,0.0,125,2,16.0,86,いいえ,いいえ,いいえ,69.9,72.0,79.9,84.0,1.100,12.167,12.162,12.128,12.215,12.163,1551,1549,150.498,75.531,120.676,28.921,32.502,135.331,14.462,46.939,125.506,99.913,220.000,220.000,2775.0,1281.5,2130.0,2764.7,2235.0,2766.9,1280.5,2226.3,96.0,66.0,2.0,0.0,92.0,25.2,100.0,0.0,0.9,0.0,39,39,はい,いいえ,いいえ,はい,いいえ,いいえ,いいえ,76.2,81.8,0,0,0,0,0,0,0,0,0,0,0,0,0,0,0,0,0,0,0,0,0,0,0,0,0,0,0,0,0,0,980,11302,11026,590,16.0,1.8,1.8,1.8,1.8,1.8,1.8,1.8,1.8,1.8,1.8,1.8,1.8,557.22,557.22,557.22,557.22,557.22,557.22,555.89,1.10,556.96,0.26,100.90,0,0,0.0,0.0,44297,39096,6.1,126.4,0,
19.7.2026,1:4:33.473,27861,6050,82.1,14003,17859,43.9,3.5,2048,71,1.250,1.255,1.245,1.250,1.250,1.250,1.250,4283.9,4112.6,4112.6,5140.7,4112.6,4112.6,4112.6,99.8,637.2,1044.6,152.8,1317.5,1293.9,2261.0,831.5,211.3,214.0,65.5,113.4,54.3,86.5,637.2,12.0,19.2,2.5,25.7,24.4,44.4,14.9,4.5,4.0,0.6,1.7,0.4,1.1,44.4,12.0,16.0,22.5,3.8,34.3,33.0,59.3,21.0,5.2,4.9,1.6,2.8,1.3,2.1,16.0,42.9,41.2,41.2,51.5,41.2,41.2,41.2,0.0,25.4,24.8,51.6,60.0,9.3,3.7,3.1,46.8,75.2,48.4,40.0,90.7,13.9,12.6,27.8,0.0,0.0,0.0,0.0,82.4,84.4,2395.7,24.00,40,39,39,77,116,708,1,75.9,72.5,69.8,62.6,61.0,67.9,68.5,62.0,57.6,58.6,60.8,60.8,67.8,62.2,48.2,46.8,50.0,1.253,1.015,1.100,16.549,8.185,16.546,43.000,6.077,41.640,2.421,2.731,4.267,4.492,2.252,0.419,0.367,20.750,8.307,35.742,40.738,1996.4,2395.7,5146.2,5146.2,5145.5,46.3,22.1,28.7,46.3,85.3,いいえ,いいえ,いいえ,0.384,0.130,1.5,46.0,76.0,40.0,76.0,1.256,12.091,3.440,3.296,5.016,1.064,0.960,3.440,3.344,1.808,1.024,1.120,1.032,1.792,1.096,0.648,1.824,0.264,2042,いいえ,62.8,45.5,1.095,1.110,1.815,1.800,1.005,5.040,0.250,いいえ,いいえ,いいえ,44.0,1.095,1.110,1.815,1.800,1.005,5.040,0.250,いいえ,いいえ,いいえ,37,37,いいえ,はい,15388,14039,128,128,34,100.0,いいえ,いいえ,3868,2528,9990,44,46,54,100.0,100.0,いいえ,いいえ,7032,7744,0.0,0.0,0.0,0.000,0.002,1392,1012,0.0,0.0,0.0,0.000,0.000,181182,133153,0.0,0.1,0.1,0.000,0.109,66345,77744,64.0,0.720,20.000,600.0,2400.0,1200.0,100.0,0.0,0.0,0.0,0.0,0.0,0.0,0.0,0.0,125,2,16.0,86,いいえ,いいえ,いいえ,68.6,70.0,78.0,84.0,1.100,12.234,12.233,12.194,12.273,12.234,1551,1551,147.165,55.505,79.943,18.154,24.498,89.275,9.090,33.514,93.743,95.823,220.000,220.000,2775.0,1281.5,2130.0,2763.9,2235.0,2764.7,1280.3,2225.5,87.0,46.0,1.0,0.0,92.0,25.2,100.0,0.0,0.7,0.0,39,39,はい,いいえ,いいえ,はい,いいえ,いいえ,いいえ,72.5,73.8,0,0,0,0,0,0,0,0,0,0,0,0,0,0,0,0,0,0,0,0,0,0,0,0,0,0,0,0,0,0,980,11302,11026,591,16.0,2.4,15.4,1.3,1.3,1.3,1.3,0.0,0.0,0.0,0.0,0.0,0.0,419.76,774.67,64.85,58.33,781.91,781.91,1.78,39.59,419.71,0.05,0.00,0,0,0.0,0.0,44297,39096,6.1,158.5,0,
19.7.2026,1:4:35.461,27863,6048,82.1,14060,17803,44.1,3.5,2048,71,1.265,1.265,1.265,1.265,1.265,1.265,1.265,4055.5,4112.6,4112.6,5140.7,4112.6,3427.2,3427.2,99.8,648.9,1080.0,159.4,995.5,1063.9,2865.0,852.5,206.1,245.8,75.3,114.2,51.8,77.7,648.9,12.7,19.6,3.9,19.1,19.8,56.1,16.4,4.1,4.3,2.1,2.9,1.7,2.1,56.1,12.7,16.3,23.2,3.9,25.7,26.8,75.4,21.7,5.1,5.6,1.8,2.8,1.2,1.9,16.3,40.6,41.2,41.2,51.5,41.2,34.3,34.3,0.0,26.0,25.7,41.0,72.4,9.9,3.9,2.8,46.3,74.3,59.0,27.6,90.1,12.8,13.9,27.8,0.0,0.0,0.0,0.0,83.3,83.3,2395.7,24.00,40,39,39,77,116,708,1,75.4,72.3,71.2,62.6,61.0,66.8,69.8,62.1,57.5,58.6,60.8,60.8,68.2,62.1,48.2,46.8,50.0,1.252,1.015,1.100,16.353,8.263,16.350,39.500,6.072,41.464,2.439,2.748,3.890,4.950,2.270,0.409,0.367,20.481,8.387,35.547,40.545,1996.4,2395.7,5144.8,5144.8,5145.0,46.1,21.8,26.3,46.1,85.1,いいえ,いいえ,いいえ,0.457,0.151,1.6,46.0,75.4,40.0,75.0,1.264,12.038,3.440,3.296,5.016,1.064,0.960,3.440,3.344,1.808,1.024,1.120,1.032,1.792,1.096,0.648,1.824,0.264,2027,いいえ,62.8,45.5,1.095,1.110,1.815,1.800,1.005,5.040,0.250,いいえ,いいえ,いいえ,44.0,1.095,1.110,1.815,1.800,1.005,5.040,0.250,いいえ,いいえ,いいえ,37,37,いいえ,はい,15388,14039,128,128,34,100.0,いいえ,いいえ,3868,2528,9990,44,46,54,100.0,100.0,いいえ,いいえ,7032,7744,0.0,0.0,0.0,0.000,0.006,1392,1012,0.0,0.0,0.0,0.000,0.000,181182,133153,0.0,0.0,0.0,0.000,0.008,66345,77744,64.0,0.720,26.000,600.0,2400.0,1200.0,100.0,0.0,0.0,0.0,0.0,0.0,0.0,0.0,0.0,125,2,16.0,86,いいえ,いいえ,いいえ,68.6,70.0,78.0,84.0,1.100,12.176,12.173,12.134,12.226,12.171,1555,1554,144.957,68.407,115.831,28.850,32.421,130.343,14.423,46.819,85.046,93.525,220.000,220.000,2775.0,1281.5,2130.0,2764.5,2235.0,2769.0,1280.3,2227.5,87.0,45.0,1.0,0.0,92.0,25.2,100.0,0.0,0.8,0.0,39,39,はい,いいえ,いいえ,はい,いいえ,いいえ,いいえ,73.9,69.6,0,0,0,0,0,0,0,0,0,0,0,0,0,0,0,0,0,0,0,0,0,0,0,0,0,0,0,0,0,0,980,11302,11026,591,16.0,8.3,17.3,4.2,4.2,4.2,4.2,0.0,0.0,0.0,0.0,0.0,0.0,120.04,236.59,57.83,57.69,240.21,240.21,2.08,16.43,119.99,0.05,0.00,0,0,0.0,0.0,44297,39096,6.3,153.2,0,
19.7.2026,1:4:37.475,27868,6043,82.1,14114,17749,44.2,3.5,2048,71,1.248,1.260,1.245,1.245,1.245,1.245,1.245,3941.2,4112.6,4112.6,5140.7,3427.2,3427.2,3427.2,99.8,674.2,1270.0,159.0,881.0,1829.5,856.4,2271.1,166.2,271.4,73.6,163.4,67.2,81.2,674.2,13.0,24.1,3.4,17.0,34.6,16.7,43.7,3.4,4.9,1.5,3.4,1.5,1.7,43.7,13.0,16.9,28.4,3.9,22.5,46.9,22.2,59.0,4.0,6.2,1.8,4.1,1.6,2.0,16.9,39.5,41.2,41.2,51.5,34.3,34.3,34.3,0.0,27.1,29.9,53.4,61.6,9.5,4.9,3.2,47.5,70.1,46.6,38.4,90.5,18.0,21.5,25.4,0.0,0.0,0.0,0.0,77.1,75.3,2395.7,24.00,40,39,39,77,116,708,1,75.1,73.0,70.8,63.1,61.6,68.4,69.2,62.4,58.0,59.1,60.9,60.9,68.2,61.8,48.3,46.8,50.0,1.257,1.015,1.100,17.373,8.193,17.379,40.000,6.063,42.800,2.625,3.002,4.476,4.743,2.400,0.593,0.537,21.847,8.316,36.833,41.844,1996.4,2395.7,5148.1,5148.1,5145.9,47.5,23.2,26.7,47.5,85.9,いいえ,いいえ,いいえ,0.458,0.164,1.6,46.0,75.0,40.0,75.0,1.240,12.091,3.440,3.280,5.016,1.064,0.960,3.440,3.344,1.808,1.024,1.120,1.032,1.792,1.096,0.648,1.824,0.264,2030,いいえ,62.8,45.5,1.095,1.110,1.815,1.800,1.005,5.040,0.500,いいえ,いいえ,いいえ,44.0,1.095,1.110,1.815,1.800,1.005,5.040,0.250,いいえ,いいえ,いいえ,37,37,いいえ,はい,15388,14039,128,128,34,100.0,いいえ,いいえ,3868,2528,9990,44,46,54,100.0,100.0,いいえ,いいえ,7032,7744,0.0,0.1,0.1,0.000,0.010,1392,1012,0.0,0.0,0.0,0.000,0.000,181182,133153,0.0,0.0,0.0,0.000,0.008,66345,77744,63.9,0.720,18.000,600.0,2400.0,1200.0,100.0,0.0,0.0,0.0,0.0,0.0,0.0,0.0,0.0,125,2,16.0,86,いいえ,いいえ,いいえ,69.6,70.0,79.5,84.0,1.100,12.175,12.170,12.144,12.219,12.169,1553,1556,138.577,69.826,121.366,27.212,31.089,135.250,13.593,44.627,92.371,93.104,220.000,220.000,2775.0,1281.5,2130.0,2764.5,2235.0,2766.1,1280.1,2225.2,93.0,61.0,0.0,0.0,92.0,25.3,100.0,0.0,1.1,0.0,39,39,はい,いいえ,いいえ,はい,いいえ,いいえ,いいえ,75.5,74.2,0,0,0,0,0,0,0,0,0,0,0,0,0,0,0,0,0,0,0,0,0,0,0,0,0,0,0,0,0,0,980,11302,11026,591,16.0,2.9,636.5,1.1,1.0,1.0,1.0,3.0,57.7,1.1,1.1,1.1,1.1,341.93,943.29,1.57,0.42,961.23,961.23,1.86,120.09,341.93,0.00,636.36,0,0,0.0,0.0,44297,39097,7.0,278.0,0,
19.7.2026,1:4:39.486,27414,6497,80.8,14163,17699,44.4,3.5,2048,71,0.873,1.190,0.810,0.810,0.810,0.810,0.810,3893.0,3593.5,4941.1,4941.1,3294.1,3294.1,3294.1,99.8,665.4,1242.1,141.6,874.4,1705.9,579.2,2599.6,149.6,272.8,79.5,165.2,60.6,114.3,665.4,12.3,23.4,2.1,16.6,32.0,11.1,50.3,2.2,4.0,0.8,2.6,0.4,1.7,50.3,12.3,16.7,27.9,3.4,22.3,43.4,14.8,68.0,3.6,6.1,1.9,4.2,1.5,2.8,16.7,39.0,36.0,49.5,49.5,33.0,33.0,33.0,0.0,26.8,29.1,51.1,62.4,9.3,5.1,3.9,45.9,69.9,48.9,37.6,89.6,14.0,15.2,27.3,1.0,0.0,0.0,1.1,80.9,80.9,2395.7,24.00,40,39,39,77,116,708,1,75.1,72.8,65.5,63.0,61.5,68.1,69.1,62.2,58.0,58.9,60.9,60.9,67.8,62.0,48.3,46.8,50.0,1.253,1.015,1.100,17.111,8.047,17.128,39.500,6.076,42.398,2.572,2.961,4.408,4.729,2.357,0.519,0.461,21.479,8.168,36.332,41.359,1996.4,2395.7,5136.5,5136.5,5144.5,47.0,22.8,26.3,47.0,85.7,いいえ,いいえ,いいえ,0.480,0.173,1.6,46.0,75.1,40.0,75.0,1.272,12.038,3.440,3.312,5.040,1.064,0.960,3.440,3.344,1.808,1.024,1.120,1.040,1.792,1.096,0.648,1.824,0.264,2033,いいえ,62.8,45.5,1.110,1.110,1.815,1.800,1.005,5.040,0.250,いいえ,いいえ,いいえ,44.0,1.110,1.110,1.815,1.800,1.005,5.040,0.250,いいえ,いいえ,いいえ,37,37,いいえ,はい,15388,14039,128,128,34,100.0,いいえ,いいえ,3868,2528,9990,44,46,54,100.0,100.0,いいえ,いいえ,7032,7744,0.0,0.0,0.0,0.000,0.004,1392,1012,0.0,0.0,0.0,0.000,0.000,181182,133153,0.0,0.0,0.0,0.000,0.002,66345,77744,63.9,0.720,26.000,600.0,2400.0,1200.0,100.0,0.0,0.0,0.0,0.0,0.0,0.0,0.0,0.0,125,2,16.0,86,いいえ,いいえ,いいえ,60.3,68.0,70.6,84.0,1.095,12.300,12.310,12.253,12.328,12.308,1560,1558,135.161,21.160,33.787,7.829,16.774,37.785,3.914,20.696,23.746,24.751,220.000,220.000,2775.0,1281.5,2145.0,2764.5,2235.0,2773.9,1280.0,2236.0,5.0,1.0,2.0,0.0,87.5,25.2,100.0,0.0,1.0,0.0,39,39,はい,いいえ,いいえ,はい,いいえ,いいえ,いいえ,24.8,23.2,0,0,0,0,0,0,0,0,0,0,0,0,0,0,0,0,0,0,0,0,0,0,0,0,0,0,0,0,0,0,1538,10744,10468,591,16.0,3.6,16.1,2.0,2.0,2.0,2.0,3.6,18.3,2.0,2.0,2.0,2.0,278.86,495.62,62.11,58.13,500.04,500.04,1.78,168.74,278.86,0.00,466.63,0,0,0.0,0.0,44297,39097,6.1,206.7,0,
19.7.2026,1:4:41.494,28077,5834,82.7,13990,17872,43.9,3.5,2048,71,1.245,1.270,1.240,1.240,1.240,1.240,1.240,4804.7,4991.0,4966.0,4966.0,4966.0,4966.0,3972.8,99.8,2285.9,2520.1,1982.8,2868.4,2620.2,2621.5,2997.5,2122.6,2185.9,1849.3,1885.6,1913.3,1863.3,2285.9,46.7,47.4,41.2,58.7,53.3,53.0,60.7,43.9,45.2,38.7,39.2,39.9,38.7,60.7,46.7,59.3,60.9,52.0,75.2,68.6,68.2,78.4,55.2,56.8,48.3,49.1,49.9,48.5,59.2,48.1,50.0,49.8,49.8,49.8,49.8,39.8,0.0,56.3,52.8,72.5,74.8,50.3,43.7,43.6,32.0,41.8,27.5,25.2,47.4,27.3,22.5,11.8,5.4,0.0,0.0,2.3,28.9,33.9,2395.7,24.00,40,39,39,77,116,708,1,83.2,80.4,80.0,71.2,67.0,75.5,76.8,72.1,66.4,69.1,62.4,62.4,70.0,62.8,48.3,46.9,50.0,1.207,1.015,1.100,26.994,8.551,26.934,66.000,6.099,54.213,4.772,4.169,6.181,6.395,4.771,3.605,3.511,32.378,8.678,47.765,53.372,1996.4,2395.7,4964.4,4964.4,4993.7,60.6,35.9,44.0,60.6,94.6,いいえ,いいえ,いいえ,10.284,4.809,3.4,46.0,83.2,40.0,83.0,1.184,12.144,3.440,3.328,5.040,1.064,0.960,3.440,3.344,1.808,1.024,1.120,1.032,1.792,1.104,0.648,1.824,0.264,2033,いいえ,62.8,45.2,1.110,1.110,1.815,1.800,1.005,5.040,0.625,いいえ,いいえ,いいえ,44.2,1.110,1.110,1.800,1.800,1.005,5.040,0.500,いいえ,いいえ,いいえ,37,37,いいえ,はい,15388,14039,128,128,34,100.0,いいえ,いいえ,3868,2528,9990,44,46,54,100.0,100.0,いいえ,いいえ,7032,7744,0.0,0.1,0.1,0.000,0.008,1392,1012,0.0,0.0,0.0,0.000,0.000,181182,133153,0.0,0.0,0.0,0.000,0.269,66345,77744,64.3,0.720,30.000,600.0,2400.0,1200.0,100.0,0.0,0.0,0.0,0.0,0.0,0.0,0.0,0.0,125,2,16.0,86,いいえ,いいえ,いいえ,55.8,64.0,67.3,84.0,0.925,12.318,12.330,12.269,12.342,12.330,1567,1565,45.355,10.940,11.134,3.970,13.912,13.120,1.985,15.910,13.505,13.985,220.000,220.000,1230.0,625.2,1995.0,2775.0,1995.0,1230.0,624.6,1994.2,9.0,2.0,2.0,3.0,23.4,16.7,66.0,0.0,1.0,0.0,39,39,はい,いいえ,いいえ,いいえ,いいえ,はい,いいえ,12.3,12.9,0,0,0,0,0,0,0,0,0,0,0,0,0,0,0,0,0,0,0,0,0,0,0,0,0,0,0,0,0,0,9410,2872,2608,591,16.0,3.0,3.0,3.0,3.0,3.0,3.0,0.0,0.0,0.0,0.0,0.0,0.0,332.91,332.91,332.91,332.91,332.91,332.91,2.20,81.64,332.80,0.11,0.00,0,0,0.0,0.0,44297,39098,7.0,202.6,0,
19.7.2026,1:4:43.501,28078,5833,82.7,13767,18096,43.2,3.5,2048,71,1.260,1.260,1.260,1.260,1.260,1.260,1.260,4055.5,3427.2,5140.7,4112.6,4112.6,3427.2,4112.6,99.8,786.8,1676.9,241.0,979.6,2425.3,1417.4,1397.9,349.7,437.6,130.8,175.9,96.1,112.9,786.8,15.3,30.2,4.3,19.3,47.6,27.7,27.2,7.7,8.3,2.9,3.8,2.2,2.5,47.6,15.3,20.1,38.4,6.0,25.4,63.7,36.4,36.1,9.0,10.5,3.8,5.1,3.0,3.4,20.1,40.6,34.3,51.5,41.2,41.2,34.3,41.2,0.0,31.4,36.7,66.5,56.4,17.2,6.8,5.2,50.2,62.8,33.5,43.6,82.8,35.9,42.8,18.3,0.5,0.0,0.1,0.0,57.4,52.0,2395.7,24.00,40,39,39,77,116,708,1,81.6,75.7,73.8,65.6,63.7,72.3,70.8,65.0,60.2,61.7,62.2,62.2,68.0,62.2,48.4,46.9,50.0,1.256,1.015,1.100,19.244,8.344,19.280,41.000,6.061,45.741,3.181,3.384,5.408,4.976,3.068,1.125,1.127,24.201,8.468,39.336,44.473,1996.4,2395.7,5117.6,5117.6,5117.9,50.5,25.7,27.3,50.5,89.1,いいえ,いいえ,いいえ,1.623,1.145,1.9,46.0,81.6,40.0,81.0,1.264,12.038,3.440,3.296,5.016,1.064,0.960,3.440,3.344,1.808,1.024,1.120,1.032,1.792,1.096,0.648,1.824,0.264,2030,いいえ,62.8,45.5,1.110,1.110,1.800,1.800,1.005,5.040,0.875,いいえ,いいえ,いいえ,44.2,1.110,1.110,1.800,1.800,1.005,5.040,0.250,いいえ,いいえ,いいえ,37,37,いいえ,はい,15388,14039,128,128,34,100.0,いいえ,いいえ,3868,2528,9990,44,46,54,100.0,100.0,いいえ,いいえ,7032,7744,0.0,0.0,0.0,0.000,0.004,1392,1012,0.0,0.0,0.0,0.000,0.000,181182,133153,0.0,0.0,0.0,0.000,0.004,66345,77744,64.5,0.720,36.000,600.0,2400.0,1200.0,100.0,0.0,0.0,0.0,0.0,0.0,0.0,0.0,0.0,125,2,16.0,86,いいえ,いいえ,いいえ,61.1,68.0,70.2,84.0,1.095,12.294,12.302,12.250,12.323,12.301,1553,1554,152.669,22.220,37.387,7.627,16.697,41.209,3.813,20.524,24.148,26.352,220.000,220.000,2775.0,1281.5,2145.0,2770.0,2235.0,2776.0,1280.3,2234.0,64.0,19.0,1.0,0.0,92.0,25.2,100.0,0.0,0.9,0.0,39,39,はい,いいえ,いいえ,はい,いいえ,いいえ,いいえ,26.3,26.8,0,0,0,0,0,0,0,0,0,0,0,0,0,0,0,0,0,0,0,0,0,0,0,0,0,0,0,0,0,0,980,11302,11026,591,16.0,1.0,6.1,0.5,0.5,0.5,0.5,1.0,6.6,0.5,0.5,0.5,0.5,1003.15,1842.04,164.27,148.86,1859.16,1859.16,439.16,564.10,1002.91,0.24,1537.11,0,0,0.0,0.0,44297,39098,6.6,117.9,0,
19.7.2026,1:4:45.504,27940,5971,82.3,13847,18016,43.4,3.5,2048,71,1.217,1.255,1.185,1.185,1.185,1.245,1.245,4283.9,4112.6,5140.7,4112.6,4112.6,4112.6,4112.6,99.8,694.6,1416.1,162.5,2902.5,1193.5,1123.7,648.6,292.6,247.1,112.3,97.4,64.3,74.1,694.6,13.3,26.2,3.7,56.7,22.9,21.5,10.8,5.4,3.5,2.8,2.4,1.8,1.8,56.7,13.3,17.4,33.1,4.0,76.4,30.8,28.4,15.3,7.0,5.2,2.8,2.4,1.6,1.8,17.4,42.9,41.2,51.5,41.2,41.2,41.2,41.2,0.0,27.9,32.2,79.6,36.4,11.5,4.4,3.0,46.1,67.8,20.4,63.6,88.5,17.3,19.1,26.0,0.0,0.0,0.0,0.0,78.3,77.9,2395.7,24.00,40,39,39,77,116,708,1,79.5,73.3,71.2,63.5,62.4,71.7,66.7,62.6,58.4,59.3,61.4,61.4,68.2,62.4,48.4,46.9,50.0,1.260,1.015,1.100,17.414,8.085,17.418,40.000,6.093,42.823,2.679,3.060,5.472,3.860,2.574,0.583,0.526,21.951,8.206,36.860,41.880,1996.4,2395.7,5148.1,5148.1,5146.5,47.6,23.2,26.7,47.6,86.3,いいえ,いいえ,いいえ,0.660,0.251,1.7,46.0,79.6,40.0,79.0,1.264,12.038,3.440,3.296,5.016,1.064,0.960,3.440,3.344,1.808,1.024,1.120,1.032,1.792,1.096,0.648,1.824,0.264,2030,いいえ,62.8,45.5,1.110,1.110,1.800,1.800,1.005,5.040,0.250,いいえ,いいえ,いいえ,44.2,1.110,1.110,1.800,1.800,1.005,5.040,0.250,いいえ,いいえ,いいえ,37,37,いいえ,はい,15388,14039,128,128,34,100.0,いいえ,いいえ,3868,2528,9990,44,46,54,100.0,100.0,いいえ,いいえ,7032,7744,0.0,0.0,0.0,0.000,0.002,1392,1012,0.0,0.0,0.0,0.000,0.000,181182,133153,0.0,0.1,0.1,0.000,0.010,66345,77744,64.3,0.720,18.000,600.0,2400.0,1200.0,100.0,0.0,0.0,0.0,0.0,0.0,0.0,0.0,0.0,125,2,16.0,86,いいえ,いいえ,いいえ,69.1,70.0,78.6,84.0,1.100,12.174,12.165,12.147,12.220,12.164,1551,1553,150.179,64.804,119.339,23.382,28.109,131.195,11.690,39.758,68.380,96.579,220.000,220.000,2775.0,1281.5,2130.0,2765.7,2235.0,2769.2,1280.2,2224.9,94.0,41.0,2.0,0.0,92.0,25.2,100.0,0.0,0.8,0.0,39,39,はい,いいえ,いいえ,はい,いいえ,いいえ,いいえ,72.3,70.5,0,0,0,0,0,0,0,0,0,0,0,0,0,0,0,0,0,0,0,0,0,0,0,0,0,0,0,0,0,0,980,11302,11026,591,16.0,4.0,15.2,2.3,2.3,2.3,2.3,2.0,2.0,2.0,2.0,2.0,2.0,250.56,435.34,65.77,62.38,439.11,439.11,6.13,34.04,250.50,0.06,58.20,0,0,0.0,0.0,44297,39098,6.4,137.8,0,
19.7.2026,1:4:47.496,27847,6064,82.1,13938,17925,43.7,3.5,2048,71,1.273,1.265,1.275,1.275,1.275,1.275,1.275,4055.5,4112.6,5140.7,4112.6,4112.6,3427.2,3427.2,99.8,655.5,1156.5,129.5,3099.0,1279.2,961.6,439.9,222.2,205.7,62.4,173.3,66.3,70.9,655.5,12.2,21.5,2.3,60.4,24.1,18.6,6.4,3.9,3.0,0.8,3.2,1.1,1.0,60.4,12.2,16.4,26.3,3.2,81.6,33.1,24.5,9.7,5.1,4.5,1.5,4.4,1.6,1.7,16.4,40.6,41.2,51.5,41.2,41.2,34.3,34.3,0.0,26.4,27.5,84.8,29.2,9.1,4.9,3.0,46.3,72.5,15.2,70.8,90.9,13.7,14.8,27.3,0.0,0.0,0.0,0.0,81.5,82.2,2395.7,24.00,40,39,39,77,116,708,1,78.0,73.1,76.1,62.9,61.5,71.9,65.4,61.9,58.1,58.8,61.0,61.0,67.8,62.2,48.4,46.9,50.0,1.258,1.015,1.100,16.820,8.117,16.810,39.500,6.106,41.983,2.530,2.834,5.610,3.451,2.373,0.515,0.395,21.171,8.239,36.127,41.113,1996.4,2395.7,5149.1,5149.1,5146.0,46.7,22.4,26.3,46.7,86.0,いいえ,いいえ,いいえ,0.441,0.140,1.6,46.0,77.0,40.0,77.0,1.264,12.038,3.440,3.296,5.016,1.064,0.960,3.440,3.344,1.808,1.024,1.120,1.032,1.792,1.096,0.648,1.824,0.264,2033,いいえ,62.8,45.5,1.110,1.110,1.800,1.800,0.990,5.040,0.250,いいえ,いいえ,いいえ,44.2,1.110,1.110,1.800,1.800,0.990,4.970,0.375,いいえ,いいえ,いいえ,37,37,いいえ,はい,15388,14039,128,128,34,100.0,いいえ,いいえ,3868,2528,9990,44,46,54,100.0,100.0,いいえ,いいえ,7032,7744,0.0,0.1,0.1,0.000,0.010,1392,1012,0.0,0.0,0.0,0.000,0.000,181182,133153,0.0,0.0,0.0,0.000,0.006,66345,77744,64.1,0.720,19.000,600.0,2400.0,1200.0,100.0,0.0,0.0,0.0,0.0,0.0,0.0,0.0,0.0,125,2,16.0,86,いいえ,いいえ,いいえ,67.8,70.0,77.1,84.0,1.100,12.163,12.160,12.121,12.211,12.159,1555,1551,149.085,76.515,117.125,29.817,33.089,132.150,14.895,47.977,145.393,91.675,220.000,220.000,2775.0,1281.5,2130.0,2763.9,2235.0,2766.4,1280.1,2224.7,87.0,49.0,2.0,0.0,92.0,25.2,100.0,0.0,0.9,0.0,39,39,はい,いいえ,いいえ,はい,いいえ,いいえ,いいえ,75.0,71.2,0,0,0,0,0,0,0,0,0,0,0,0,0,0,0,0,0,0,0,0,0,0,0,0,0,0,0,0,0,0,980,11302,11026,591,16.0,1.2,10.0,0.7,0.6,0.6,0.6,0.7,0.7,0.7,0.7,0.7,0.7,817.60,1535.37,99.84,86.65,1550.02,1550.02,1.49,40.63,817.55,0.05,1042.97,0,0,0.0,0.0,44297,39098,5.9,118.0,0,
19.7.2026,1:4:49.495,27848,6063,82.1,13951,17912,43.7,3.5,2048,71,1.262,1.270,1.260,1.260,1.260,1.260,1.260,4455.3,5140.7,5140.7,4112.6,4112.6,4112.6,4112.6,99.8,647.9,1093.4,114.8,925.9,3028.3,696.5,1041.4,257.2,249.6,74.6,171.9,58.6,63.0,647.9,12.5,20.6,2.4,18.0,59.0,13.7,18.8,5.0,4.8,1.6,3.7,1.4,1.3,59.0,12.5,16.3,24.7,2.8,24.1,79.5,17.6,25.7,6.0,5.8,1.8,4.4,1.4,1.5,16.3,44.6,51.5,51.5,41.2,41.2,41.2,41.2,0.0,26.1,25.9,76.8,35.4,10.7,5.3,2.7,47.1,74.1,23.2,64.6,89.3,15.7,16.0,26.7,0.0,0.0,0.0,0.0,79.1,81.3,2395.7,24.00,40,39,39,77,116,708,1,76.8,72.9,73.8,62.9,61.3,71.0,66.2,62.2,58.1,58.9,61.0,61.0,67.5,62.1,48.4,46.9,50.0,1.257,1.015,1.100,16.685,8.001,16.684,39.000,6.107,41.741,2.508,2.760,5.210,3.675,2.421,0.563,0.419,20.987,8.121,35.826,40.823,1996.4,2395.7,5149.1,5149.1,5146.7,46.4,22.2,26.0,46.4,85.8,いいえ,いいえ,いいえ,0.361,0.140,1.6,46.0,76.8,40.0,76.0,1.272,12.144,3.440,3.312,5.016,1.064,0.960,3.440,3.344,1.808,1.024,1.120,1.032,1.792,1.096,0.648,1.824,0.264,2033,いいえ,62.8,45.5,1.110,1.110,1.800,1.800,0.990,5.040,0.375,いいえ,いいえ,いいえ,44.2,1.110,1.110,1.800,1.800,0.990,5.040,0.250,いいえ,いいえ,いいえ,37,37,いいえ,はい,15388,14039,128,128,34,100.0,いいえ,いいえ,3868,2528,9990,44,46,54,100.0,100.0,いいえ,いいえ,7032,7744,0.0,0.0,0.0,0.000,0.000,1392,1012,0.0,0.0,0.0,0.000,0.000,181182,133153,0.0,0.0,0.0,0.000,0.006,66345,77744,64.0,0.720,35.000,600.0,2400.0,1200.0,100.0,0.0,0.0,0.0,0.0,0.0,0.0,0.0,0.0,125,2,16.0,86,いいえ,いいえ,いいえ,69.1,70.0,78.6,84.0,1.100,12.151,12.148,12.112,12.199,12.147,1555,1551,154.424,83.578,123.355,30.758,33.828,138.870,15.379,49.199,164.769,112.471,220.000,220.000,2775.0,1281.5,2130.0,2764.5,2235.0,2764.3,1279.9,2224.3,89.0,54.0,1.0,0.0,92.0,25.2,100.0,0.0,1.0,0.0,39,39,はい,いいえ,いいえ,はい,いいえ,いいえ,いいえ,78.4,72.8,0,0,0,0,0,0,0,0,0,0,0,0,0,0,0,0,0,0,0,0,0,0,0,0,0,0,0,0,0,0,980,11302,11026,591,16.0,8.3,8.3,8.3,8.3,8.3,8.3,0.0,0.0,0.0,0.0,0.0,0.0,120.19,120.19,120.19,120.19,120.19,120.19,0.18,0.00,120.12,0.07,0.00,0,0,0.0,0.0,44297,39099,6.4,250.3,0,
19.7.2026,1:4:51.503,27847,6064,82.1,13976,17886,43.8,3.5,2048,71,1.265,1.265,1.265,1.265,1.265,1.265,1.265,4169.7,4112.6,5140.7,4112.6,4112.6,3427.2,4112.6,99.8,648.0,1019.0,148.0,681.0,3633.9,585.5,948.5,174.2,227.3,75.3,150.7,40.4,92.5,648.0,12.4,18.5,3.5,13.5,70.8,11.7,17.3,3.5,4.4,1.2,2.8,0.4,1.5,70.8,12.4,16.2,21.9,3.6,17.7,95.7,14.7,23.4,3.8,5.2,1.8,3.8,0.9,2.3,16.2,41.8,41.2,51.5,41.2,41.2,34.3,41.2,0.0,25.8,24.2,82.7,31.3,8.5,4.8,2.9,47.3,75.8,17.3,68.7,91.5,13.6,16.6,27.0,0.0,0.0,0.0,0.0,81.5,80.4,2395.7,24.00,40,39,39,77,116,708,1,76.4,73.3,74.2,62.9,61.1,71.8,65.7,61.9,57.9,58.8,60.9,60.9,67.8,62.3,48.3,46.9,50.0,1.257,1.015,1.100,16.687,8.102,16.696,39.500,6.102,41.903,2.476,2.685,5.503,3.458,2.295,0.487,0.428,20.988,8.224,35.923,40.934,1996.4,2395.7,5147.3,5147.3,5143.7,46.5,22.3,26.3,46.5,86.2,いいえ,いいえ,いいえ,0.405,0.139,1.5,46.0,76.4,40.0,76.0,1.264,12.038,3.440,3.312,5.016,1.064,0.960,3.440,3.344,1.808,1.024,1.120,1.032,1.792,1.096,0.648,1.824,0.264,2033,いいえ,62.8,45.5,1.110,1.110,1.800,1.800,0.990,5.040,0.250,いいえ,いいえ,いいえ,44.2,1.110,1.110,1.800,1.800,0.990,5.040,0.375,いいえ,いいえ,いいえ,37,37,いいえ,はい,15388,14039,128,128,34,100.0,いいえ,いいえ,3868,2528,9990,44,46,54,100.0,100.0,いいえ,いいえ,7032,7744,0.0,0.0,0.0,0.000,0.004,1392,1012,0.0,0.0,0.0,0.000,0.000,181182,133153,0.0,0.0,0.0,0.000,0.067,66345,77744,64.1,0.720,25.000,600.0,2400.0,1200.0,100.0,0.0,0.0,0.0,0.0,0.0,0.0,0.0,0.0,125,2,16.0,86,いいえ,いいえ,いいえ,67.5,70.0,76.5,84.0,1.100,12.184,12.180,12.155,12.225,12.178,1553,1549,153.644,75.868,117.681,23.142,28.029,129.605,11.569,39.539,158.330,99.046,220.000,220.000,2775.0,1281.5,2130.0,2764.5,2235.0,2771.3,1280.7,2228.9,91.0,47.0,2.0,0.0,92.0,25.3,100.0,0.0,1.1,0.0,39,39,はい,いいえ,いいえ,はい,いいえ,いいえ,いいえ,71.5,38.7,0,0,0,0,0,0,0,0,0,0,0,0,0,0,0,0,0,0,0,0,0,0,0,0,0,0,0,0,0,0,980,11302,11026,591,16.0,1.0,1.0,1.0,1.0,1.0,1.0,1.0,1.0,1.0,1.0,1.0,1.0,994.50,994.50,994.50,994.50,994.50,994.50,992.37,1.91,994.28,0.22,820.00,0,0,0.0,0.0,44297,39099,7.0,303.1,0,
19.7.2026,1:4:53.494,27849,6061,82.1,14035,17828,44.0,3.5,2048,71,1.251,1.255,1.250,1.250,1.250,1.250,1.250,4055.5,4112.6,5140.7,4112.6,4112.6,3427.2,3427.2,99.8,650.4,1078.8,152.6,1120.7,2241.8,1623.5,764.8,235.6,236.9,83.2,141.4,48.7,76.6,650.4,12.3,19.3,2.7,21.5,43.2,31.7,13.2,4.1,3.8,2.0,3.2,1.3,1.9,43.2,12.3,16.3,23.9,3.7,29.0,58.3,42.3,18.8,5.5,5.4,2.0,3.6,1.2,1.9,16.3,40.6,41.2,51.5,41.2,41.2,34.3,34.3,0.0,26.1,25.5,65.6,47.7,10.1,4.7,2.8,46.8,74.5,34.4,52.3,89.9,14.5,15.4,27.1,0.0,0.0,0.0,0.0,80.8,81.8,2395.7,24.00,40,39,39,77,116,708,1,75.6,72.7,73.2,62.9,61.2,69.6,67.4,62.2,57.9,58.8,60.9,60.9,68.0,62.0,48.3,46.9,50.0,1.256,1.015,1.100,16.768,8.103,16.763,40.000,6.084,41.914,2.490,2.749,4.775,4.117,2.396,0.509,0.393,21.075,8.225,35.992,40.986,1996.4,2395.7,5148.5,5148.5,5146.8,46.6,22.4,26.7,46.6,85.6,いいえ,いいえ,いいえ,0.440,0.150,1.6,46.0,75.8,40.0,75.0,1.264,12.144,3.440,3.296,5.016,1.064,0.960,3.440,3.344,1.808,1.024,1.120,1.032,1.792,1.096,0.648,1.824,0.264,2036,いいえ,62.8,45.5,1.110,1.110,1.800,1.800,0.990,5.040,0.375,いいえ,いいえ,いいえ,44.0,1.110,1.110,1.800,1.800,0.990,5.040,0.375,いいえ,いいえ,いいえ,37,37,いいえ,はい,15388,14039,128,128,34,100.0,いいえ,いいえ,3868,2528,9990,44,46,54,100.0,100.0,いいえ,いいえ,7032,7744,0.0,0.1,0.1,0.000,0.012,1392,1012,0.0,0.0,0.0,0.000,0.000,181182,133153,0.0,0.0,0.0,0.000,0.048,66345,77744,64.1,0.720,25.000,600.0,2400.0,1200.0,100.0,0.0,0.0,0.0,0.0,0.0,0.0,0.0,0.0,125,2,16.0,86,いいえ,いいえ,いいえ,65.6,70.0,74.0,84.0,1.100,12.191,12.189,12.154,12.234,12.188,1556,1556,148.417,53.642,102.322,23.013,27.977,114.068,11.506,39.425,28.206,82.617,220.000,220.000,2775.0,1281.5,2130.0,2764.7,2235.0,2773.0,1280.5,2230.2,92.0,41.0,3.0,0.0,92.0,25.3,100.0,0.0,1.1,0.0,39,39,はい,いいえ,いいえ,はい,いいえ,いいえ,いいえ,64.4,28.2,0,0,0,0,0,0,0,0,0,0,0,0,0,0,0,0,0,0,0,0,0,0,0,0,0,0,0,0,0,0,980,11302,11026,591,16.0,12.7,17.6,8.4,8.3,8.3,8.3,2.6,2.6,2.6,2.6,2.6,2.6,78.48,118.96,56.77,56.57,120.12,120.12,0.76,13.05,78.44,0.04,9.07,0,0,0.0,0.0,44297,39100,6.6,196.3,0,
19.7.2026,1:4:55.504,27851,6060,82.1,14070,17793,44.1,3.5,2048,71,1.257,1.265,1.255,1.255,1.255,1.255,1.255,4055.5,4112.6,5140.7,4112.6,4112.6,3427.2,3427.2,99.8,671.8,1264.4,159.5,1036.1,1364.9,2448.1,853.8,315.7,278.7,73.5,113.6,66.0,87.2,671.8,12.8,23.8,3.5,20.2,24.9,48.4,16.0,6.5,5.3,1.0,1.8,0.9,1.2,48.4,12.8,16.8,28.6,3.9,26.5,34.4,64.3,21.6,7.6,6.4,1.8,2.8,1.6,2.1,16.8,40.6,41.2,51.5,41.2,41.2,34.3,34.3,0.0,27.1,29.9,47.8,65.1,12.8,3.9,3.4,46.1,70.0,52.2,34.9,87.2,15.1,17.0,26.8,0.1,0.0,0.0,0.0,81.0,79.6,2395.7,24.00,40,39,39,77,116,708,1,75.2,72.6,73.8,63.0,61.5,67.7,69.3,62.6,57.7,59.0,60.8,60.8,67.8,61.9,48.3,46.9,50.0,1.255,1.015,1.100,16.635,8.233,16.639,41.000,6.130,41.902,2.565,2.916,4.253,4.728,2.554,0.472,0.465,20.883,8.357,35.983,40.989,1996.4,2395.7,5145.2,5145.2,5144.8,46.6,22.2,27.3,46.6,85.4,いいえ,いいえ,いいえ,0.445,0.154,1.6,46.0,75.2,40.0,75.0,1.264,12.144,3.440,3.312,5.040,1.064,0.960,3.440,3.344,1.808,1.024,1.120,1.032,1.792,1.096,0.648,1.824,0.264,2027,いいえ,62.8,45.5,1.110,1.110,1.800,1.800,0.990,5.040,0.250,いいえ,いいえ,いいえ,44.0,1.110,1.110,1.800,1.815,0.990,5.040,0.375,いいえ,いいえ,いいえ,37,37,いいえ,はい,15388,14039,128,128,34,100.0,いいえ,いいえ,3868,2528,9990,44,46,54,100.0,100.0,いいえ,いいえ,7032,7744,0.0,0.1,0.1,0.000,0.006,1392,1012,0.0,0.0,0.0,0.000,0.000,181182,133153,0.0,0.0,0.0,0.000,0.016,66345,77745,64.1,0.720,21.000,600.0,2400.0,1200.0,100.0,0.0,0.0,0.0,0.0,0.0,0.0,0.0,0.0,125,2,16.0,86,いいえ,いいえ,いいえ,69.1,70.0,78.6,84.0,1.100,12.165,12.159,12.125,12.214,12.161,1553,1556,145.910,73.387,119.329,29.351,32.834,134.185,14.678,47.493,109.246,99.981,220.000,220.000,2775.0,1281.5,2130.0,2764.3,2235.0,2770.1,1280.2,2227.1,78.0,30.0,1.0,1.0,92.0,25.2,100.0,0.0,1.0,0.0,39,39,はい,いいえ,いいえ,はい,いいえ,いいえ,いいえ,75.8,69.9,0,0,0,0,0,0,0,0,0,0,0,0,0,0,0,0,0,0,0,0,0,0,0,0,0,0,0,0,0,0,980,11302,11026,591,16.0,2.8,9.2,1.2,1.2,1.2,1.2,2.6,7.5,1.2,1.2,1.2,1.2,359.77,815.99,108.32,107.70,829.74,829.74,4.72,93.17,359.71,0.06,492.11,0,0,0.0,0.0,44297,39100,6.9,233.4,0,
19.7.2026,1:4:57.505,27854,6057,82.1,14149,17714,44.4,3.5,2048,71,1.258,1.260,1.255,1.255,1.260,1.260,1.260,4283.9,4112.6,4112.6,5140.7,4112.6,4112.6,4112.6,99.8,672.9,1255.5,120.8,1066.0,1139.4,2028.8,1544.9,225.2,248.2,99.4,213.8,56.3,76.3,672.9,13.0,23.2,2.2,20.4,21.1,39.5,29.4,4.1,4.1,2.6,5.1,1.7,2.1,39.5,13.0,16.9,28.8,2.9,27.3,28.3,53.1,40.0,5.2,5.6,2.5,5.5,1.4,1.8,16.9,42.9,41.2,41.2,51.5,41.2,41.2,41.2,0.0,27.1,29.2,44.3,69.9,10.2,6.1,2.9,46.7,70.8,55.7,30.0,89.8,14.2,19.4,26.2,0.0,0.0,0.0,0.0,79.6,77.8,2395.7,24.00,40,39,39,77,116,708,1,75.1,72.9,70.8,63.1,61.5,67.3,70.0,62.5,58.1,59.0,60.9,60.9,67.8,62.0,48.3,46.9,50.0,1.255,1.015,1.100,16.974,8.417,16.978,40.000,6.141,42.593,2.583,2.907,4.111,4.990,2.431,0.584,0.475,21.312,8.543,36.610,41.619,1996.4,2395.7,5143.9,5143.9,5143.3,47.3,22.6,26.7,47.3,85.8,いいえ,いいえ,いいえ,0.466,0.164,1.6,46.0,75.1,40.0,75.0,1.264,12.038,3.440,3.296,5.016,1.064,0.960,3.440,3.344,1.808,1.024,1.120,1.032,1.792,1.096,0.648,1.824,0.264,2036,いいえ,62.8,45.5,1.110,1.110,1.800,1.800,0.990,5.040,0.250,いいえ,いいえ,いいえ,44.0,1.110,1.110,1.800,1.800,1.005,5.040,0.375,いいえ,いいえ,いいえ,37,37,いいえ,はい,15388,14039,128,128,34,100.0,いいえ,いいえ,3868,2528,9990,44,46,54,100.0,100.0,いいえ,いいえ,7032,7744,0.0,0.1,0.1,0.000,0.010,1392,1012,0.0,0.0,0.0,0.000,0.000,181182,133153,0.0,0.0,0.0,0.000,0.008,66345,77745,64.0,0.720,18.000,600.0,2400.0,1200.0,100.0,0.0,0.0,0.0,0.0,0.0,0.0,0.0,0.0,125,2,16.0,86,いいえ,いいえ,いいえ,62.3,68.0,71.7,84.0,1.095,12.165,12.311,12.261,12.333,12.313,1558,1558,148.108,73.387,34.430,7.805,16.761,38.342,3.903,20.673,25.208,25.800,220.000,220.000,2775.0,1281.5,2145.0,2764.6,2235.0,2757.0,1280.0,2220.0,86.0,35.0,0.0,0.0,86.8,25.2,100.0,0.0,1.3,0.0,39,39,はい,いいえ,いいえ,はい,いいえ,いいえ,いいえ,75.8,69.9,0,0,0,0,0,0,0,0,0,0,0,0,0,0,0,0,0,0,0,0,0,0,0,0,0,0,0,0,0,0,980,11302,11026,591,16.0,2.6,10.2,1.1,1.1,1.1,1.1,1.0,1.0,1.0,1.0,1.0,1.0,382.54,913.66,98.06,97.66,929.85,929.85,1.51,88.48,382.49,0.05,7.59,0,0,0.0,0.0,44297,39101,7.0,257.4,0,
19.7.2026,1:4:59.502,27714,6197,81.7,13769,18094,43.2,3.5,2048,71,1.278,1.280,1.280,1.280,1.280,1.275,1.275,4455.3,5140.7,5140.7,4112.6,4112.6,4112.6,4112.6,99.8,1842.4,2033.1,1503.0,2607.2,2348.9,2372.6,2406.1,1634.1,1549.0,1350.2,1529.5,1361.7,1413.3,1842.4,37.6,38.0,31.3,53.2,47.6,48.4,48.8,33.8,31.9,28.4,31.5,28.5,29.5,53.2,37.6,47.8,48.2,39.4,68.3,61.4,62.2,63.2,42.7,40.3,35.4,40.2,35.7,37.1,47.9,44.6,51.5,51.5,41.2,41.2,41.2,41.2,0.0,48.8,43.6,72.4,69.1,39.8,34.9,32.9,37.5,47.1,27.6,30.9,59.5,28.1,32.0,13.7,9.3,0.0,0.0,0.7,37.0,35.2,2395.7,24.00,40,39,39,77,116,708,1,83.2,80.2,74.8,69.9,66.1,76.1,75.2,70.1,64.8,67.4,62.3,62.3,68.2,62.3,48.4,46.9,50.0,1.213,1.015,1.100,25.337,8.623,25.316,64.000,6.096,52.574,4.369,3.785,6.433,5.927,4.121,2.952,2.994,30.536,8.751,45.993,51.523,1996.4,2395.7,4983.6,4983.6,5006.2,58.5,33.8,42.7,58.5,94.3,いいえ,いいえ,いいえ,8.248,4.025,2.9,46.0,83.1,40.0,83.0,1.288,12.144,3.440,3.312,5.040,1.072,0.960,3.440,3.344,1.808,1.024,1.120,1.032,1.792,1.096,0.648,1.824,0.264,2036,いいえ,62.8,45.5,1.110,1.110,1.800,1.800,0.990,5.040,0.875,いいえ,いいえ,いいえ,44.2,1.110,1.110,1.800,1.800,0.990,4.970,1.125,いいえ,いいえ,いいえ,37,37,いいえ,はい,15388,14039,128,128,34,100.0,いいえ,いいえ,3868,2528,9990,44,46,54,100.0,100.0,いいえ,いいえ,7032,7744,0.0,2.3,2.3,0.000,0.002,1392,1012,0.0,0.0,0.0,0.000,0.000,181182,133153,0.0,0.0,0.0,0.000,0.010,66345,77745,64.0,0.720,25.000,600.0,2400.0,1200.0,100.0,0.0,0.0,0.0,0.0,0.0,0.0,0.0,0.0,125,2,16.0,86,いいえ,いいえ,いいえ,56.0,64.0,67.4,84.0,0.925,12.310,12.322,12.259,12.335,12.323,1569,1565,47.702,10.747,9.871,4.091,13.890,11.916,2.046,15.935,14.526,13.704,220.000,220.000,660.0,625.2,1995.0,2775.0,1995.0,660.1,624.5,1992.7,20.0,1.0,1.0,1.0,87.5,14.8,58.2,0.0,1.1,0.0,39,39,はい,いいえ,いいえ,いいえ,いいえ,はい,いいえ,11.7,13.3,0,0,0,0,0,0,0,0,0,0,0,0,0,0,0,0,0,0,0,0,0,0,0,0,0,0,0,0,0,0,1538,10744,10468,591,16.0,8.5,17.3,4.3,4.3,4.3,4.3,0.0,0.0,0.0,0.0,0.0,0.0,118.33,231.06,57.93,57.85,234.50,234.50,0.89,47.83,118.20,0.13,0.00,0,0,0.0,0.0,44297,39101,7.2,282.7,0,
19.7.2026,1:5:1.493,28029,5882,82.6,13770,18093,43.2,3.5,2048,71,1.263,1.255,1.265,1.265,1.265,1.265,1.265,4055.5,4112.6,4112.6,5140.7,4112.6,3427.2,3427.2,99.8,1162.4,2185.1,619.9,1530.1,1228.8,2770.9,2014.3,834.6,841.2,493.3,452.3,485.1,493.5,1162.4,22.5,38.4,12.0,30.0,23.0,54.7,39.4,16.8,16.0,10.0,9.8,9.8,9.9,54.7,22.5,29.4,50.2,15.9,38.6,30.9,72.7,52.7,21.4,20.8,12.8,11.7,12.6,12.7,29.4,40.6,41.2,41.2,51.5,41.2,34.3,34.3,0.0,38.7,46.2,46.6,84.4,26.1,14.0,14.9,46.5,53.8,53.4,15.6,73.9,35.2,47.0,14.8,0.0,0.0,0.0,0.0,50.9,38.1,2395.7,24.00,40,39,39,77,116,708,1,82.1,76.8,74.2,67.3,65.4,70.0,75.7,67.3,61.5,64.0,62.4,62.4,68.8,62.4,48.5,46.9,50.0,1.253,1.015,1.100,21.657,8.420,21.673,47.000,6.079,48.692,3.689,3.887,4.677,6.427,3.557,1.641,1.943,27.075,8.545,42.307,47.529,1996.4,2395.7,5100.1,5100.1,5101.4,54.0,28.9,31.3,54.0,90.3,いいえ,いいえ,いいえ,3.438,1.787,2.3,46.0,82.4,40.0,82.0,1.264,12.038,3.440,3.296,5.016,1.064,0.960,3.440,3.344,1.808,1.024,1.120,1.032,1.792,1.096,0.648,1.824,0.264,2033,いいえ,62.8,45.5,1.110,1.110,1.800,1.800,0.990,4.970,1.000,いいえ,いいえ,いいえ,44.2,1.110,1.110,1.800,1.800,0.990,4.970,0.250,いいえ,いいえ,いいえ,37,37,いいえ,はい,15388,14039,128,128,34,100.0,いいえ,いいえ,3868,2528,9990,44,46,54,100.0,100.0,いいえ,いいえ,7032,7744,0.0,0.0,0.0,0.000,0.004,1392,1012,0.0,0.0,0.0,0.000,0.000,181182,133153,0.0,0.0,0.0,0.000,0.006,66345,77745,64.3,0.720,44.000,600.0,2400.0,1200.0,100.0,0.0,0.0,0.0,0.0,0.0,0.0,0.0,0.0,125,2,16.0,86,いいえ,いいえ,いいえ,68.4,70.0,78.0,84.0,1.100,12.310,12.154,12.123,12.204,12.155,1553,1551,108.006,10.747,126.908,29.558,32.915,141.949,14.780,47.673,26.508,115.556,220.000,220.000,660.0,625.2,1995.0,2775.0,1995.0,660.1,624.5,1992.7,20.0,1.0,1.0,1.0,87.5,14.8,58.2,0.0,1.1,0.0,39,39,はい,いいえ,いいえ,いいえ,いいえ,はい,いいえ,11.7,13.3,0,0,0,0,0,0,0,0,0,0,0,0,0,0,0,0,0,0,0,0,0,0,0,0,0,0,0,0,0,0,1538,10744,10468,591,16.0,0.6,0.6,0.6,0.6,0.6,0.6,0.6,0.6,0.6,0.6,0.6,0.6,1698.03,1698.03,1698.03,1698.03,1698.03,1698.03,2.31,112.88,1697.97,0.07,1578.62,0,0,0.0,0.0,44297,39102,6.9,171.9,0,
19.7.2026,1:5:3.499,27931,5980,82.3,13844,18019,43.4,3.5,2048,71,1.262,1.255,1.260,1.260,1.265,1.265,1.265,4169.7,3427.2,5140.7,4112.6,4112.6,4112.6,4112.6,99.8,708.7,1467.9,153.7,804.9,1178.3,530.2,3447.8,198.9,326.5,105.4,138.6,58.1,94.2,708.7,13.6,28.0,3.5,15.6,21.7,10.5,67.2,3.7,5.6,1.8,2.7,0.8,1.6,67.2,13.6,17.8,34.6,3.8,19.8,29.1,13.4,90.7,4.8,7.5,2.6,3.5,1.4,2.3,17.8,41.8,34.3,51.5,41.2,41.2,41.2,41.2,0.0,28.3,33.2,39.7,77.1,11.4,5.3,3.3,47.1,66.8,60.3,22.9,88.6,21.7,22.3,24.6,0.0,0.0,0.0,0.0,73.0,74.4,2395.7,24.00,40,39,39,77,116,708,1,80.0,73.8,73.2,64.0,62.7,67.5,71.7,63.5,58.8,59.9,61.6,61.6,68.2,62.3,48.5,46.9,50.0,1.262,1.015,1.100,17.727,8.266,17.730,41.500,6.116,43.512,2.770,3.146,4.171,5.411,2.586,0.702,0.601,22.385,8.390,37.503,42.523,1996.4,2395.7,5147.6,5147.6,5145.0,48.3,23.6,27.7,48.3,86.8,いいえ,いいえ,いいえ,0.685,0.244,1.7,46.0,79.1,40.0,79.0,1.256,12.091,3.440,3.312,5.016,1.064,0.960,3.440,3.344,1.808,1.024,1.120,1.032,1.792,1.096,0.648,1.824,0.264,2030,いいえ,62.8,45.5,1.110,1.110,1.800,1.800,0.990,4.970,0.375,いいえ,いいえ,いいえ,44.2,1.110,1.110,1.800,1.800,0.990,4.970,0.250,いいえ,いいえ,いいえ,37,37,いいえ,はい,15388,14039,128,128,34,100.0,いいえ,いいえ,3868,2528,9990,44,46,54,100.0,100.0,いいえ,いいえ,7032,7744,0.0,0.1,0.1,0.000,0.006,1392,1012,0.0,0.0,0.0,0.000,0.000,181182,133153,0.0,0.0,0.0,0.000,0.273,66345,77745,64.5,0.720,23.000,600.0,2400.0,1200.0,100.0,0.0,0.0,0.0,0.0,0.0,0.0,0.0,0.0,125,2,16.0,86,いいえ,いいえ,いいえ,68.5,70.0,77.8,84.0,1.100,12.171,12.166,12.134,12.217,12.168,1546,1547,149.052,77.926,114.167,26.644,30.748,127.725,13.324,44.028,176.523,90.254,220.000,220.000,2775.0,1281.5,2130.0,2764.6,2235.0,2766.8,1280.0,2225.5,94.0,51.0,0.0,0.0,92.0,25.2,100.0,0.0,0.9,0.0,38,38,はい,いいえ,いいえ,はい,いいえ,いいえ,いいえ,71.9,73.3,0,0,0,0,0,0,0,0,0,0,0,0,0,0,0,0,0,0,0,0,0,0,0,0,0,0,0,0,0,0,980,11302,11026,591,16.0,2.1,2.1,2.1,2.1,2.1,2.1,2.1,2.1,2.1,2.1,2.1,2.1,483.47,483.47,483.47,483.47,483.47,483.47,2.11,231.72,483.47,0.00,33.35,0,0,0.0,0.0,44297,39102,8.6,134.6,0,
19.7.2026,1:5:5.495,27858,6053,82.1,13931,17932,43.7,3.5,2048,71,1.205,1.255,1.195,1.195,1.195,1.195,1.195,4055.5,4112.6,4112.6,4112.6,5140.7,3427.2,3427.2,99.8,644.2,1053.7,126.7,2410.4,1120.2,867.2,1387.5,197.3,220.1,80.0,123.9,58.0,85.9,644.2,12.2,19.1,2.0,46.6,20.7,16.2,26.0,4.1,4.0,1.7,2.6,1.3,1.9,46.6,12.2,16.2,23.6,3.1,63.1,28.9,22.1,35.1,4.8,5.0,1.9,3.1,1.4,2.1,16.2,40.6,41.2,41.2,41.2,51.5,34.3,34.3,0.0,25.9,25.1,68.4,45.2,9.3,4.3,3.2,48.2,74.8,31.6,54.8,90.7,16.1,21.0,25.9,0.1,0.0,0.0,0.0,79.6,75.8,2395.7,24.00,40,39,39,77,116,708,1,78.2,73.2,72.8,63.1,61.3,70.3,67.4,62.4,58.0,59.3,61.1,61.1,68.0,62.2,48.4,46.9,50.0,1.259,1.015,1.100,16.703,8.195,16.693,37.500,6.111,41.954,2.517,2.720,4.970,4.070,2.302,0.508,0.531,21.031,8.318,36.071,41.062,1996.4,2395.7,5149.6,5149.6,5147.6,46.7,22.3,25.0,46.7,86.1,いいえ,いいえ,いいえ,0.474,0.143,1.6,46.0,78.4,40.0,78.0,1.216,12.038,3.440,3.296,5.016,1.064,0.960,3.440,3.344,1.808,1.024,1.120,1.032,1.792,1.096,0.648,1.824,0.264,2030,いいえ,62.8,45.5,1.110,1.110,1.800,1.800,0.990,4.970,0.250,いいえ,いいえ,いいえ,44.2,1.110,1.110,1.800,1.800,0.990,4.970,0.250,いいえ,いいえ,いいえ,37,37,いいえ,はい,15388,14039,128,128,34,100.0,いいえ,いいえ,3868,2528,9990,44,46,54,100.0,100.0,いいえ,いいえ,7032,7744,0.0,1.8,1.8,0.000,0.004,1392,1012,0.0,0.0,0.0,0.000,0.000,181182,133153,0.0,0.0,0.0,0.000,0.002,66345,77745,64.3,0.720,21.000,600.0,2400.0,1200.0,100.0,0.0,0.0,0.0,0.0,0.0,0.0,0.0,0.0,125,2,16.0,86,いいえ,いいえ,いいえ,68.4,70.0,77.9,84.0,1.100,12.171,12.192,12.159,12.238,12.192,1549,1545,147.784,77.926,108.027,24.286,28.903,120.494,12.144,40.992,26.368,86.529,220.000,220.000,2775.0,1281.5,2130.0,2764.5,2235.0,2768.2,1279.9,2226.8,89.0,52.0,2.0,0.0,92.0,25.2,100.0,0.0,0.9,0.0,38,38,はい,いいえ,いいえ,はい,いいえ,いいえ,いいえ,71.9,73.3,0,0,0,0,0,0,0,0,0,0,0,0,0,0,0,0,0,0,0,0,0,0,0,0,0,0,0,0,0,0,980,11302,11026,591,16.0,1.0,1.0,1.0,1.0,1.0,1.0,1.0,1.0,1.0,1.0,1.0,1.0,1001.14,1001.14,1001.14,1001.14,1001.14,1001.14,989.51,11.55,1000.87,0.27,498.77,0,0,0.0,0.0,44297,39102,140.9,173.0,0,
19.7.2026,1:5:7.503,27852,6059,82.1,13963,17900,43.8,3.5,2048,71,1.261,1.265,1.260,1.260,1.260,1.260,1.260,4283.9,4112.6,5140.7,4112.6,4112.6,4112.6,4112.6,99.8,662.6,1185.9,161.6,3055.3,960.7,1240.1,596.9,191.6,208.0,83.7,123.1,69.7,74.7,662.6,12.9,21.9,3.8,59.9,18.2,24.7,10.1,4.2,3.9,2.1,2.1,1.9,1.8,59.9,12.9,16.6,26.2,4.0,80.4,24.6,32.0,13.8,4.6,4.6,2.0,3.1,1.7,1.8,16.6,42.9,41.2,51.5,41.2,41.2,41.2,41.2,0.0,26.5,28.0,77.7,36.6,8.9,4.2,3.2,47.1,72.0,22.3,63.4,91.1,15.2,18.9,26.4,0.0,0.0,0.0,0.0,80.6,77.9,2395.7,24.00,40,39,39,77,116,708,1,77.2,73.3,73.8,63.1,61.5,71.3,66.6,62.2,58.0,59.1,61.0,61.0,68.5,62.2,48.5,46.9,50.0,1.257,1.015,1.100,17.034,8.145,17.044,39.500,6.105,42.381,2.558,2.849,5.348,3.859,2.296,0.494,0.499,21.423,8.267,36.406,41.420,1996.4,2395.7,5146.8,5146.8,5145.0,47.1,22.7,26.3,47.1,86.2,いいえ,いいえ,いいえ,0.431,0.154,1.6,46.0,77.2,40.0,77.0,1.256,12.038,3.440,3.296,5.016,1.064,0.960,3.440,3.344,1.808,1.024,1.120,1.032,1.792,1.096,0.648,1.824,0.264,2036,いいえ,62.8,45.5,1.110,1.110,1.800,1.800,0.990,4.970,0.375,いいえ,いいえ,いいえ,44.2,1.110,1.110,1.800,1.800,0.990,4.970,0.250,いいえ,いいえ,いいえ,37,37,いいえ,はい,15388,14039,128,128,34,100.0,いいえ,いいえ,3868,2528,9990,44,46,54,100.0,100.0,いいえ,いいえ,7032,7744,0.0,18.7,18.7,0.000,0.010,1392,1012,0.0,0.0,0.0,0.000,0.000,181182,133153,0.0,0.2,0.2,0.000,0.344,66345,77746,64.2,0.720,49.000,600.0,2400.0,1200.0,100.0,0.0,0.0,0.0,0.0,0.0,0.0,0.0,0.0,125,2,16.0,86,いいえ,いいえ,いいえ,69.5,70.0,79.1,84.0,1.100,12.195,12.177,12.142,12.227,12.178,1549,1544,148.963,55.968,110.838,25.767,30.087,123.952,12.884,42.933,97.805,97.537,220.000,220.000,2775.0,1281.5,2130.0,2764.6,2235.0,2765.4,1280.9,2224.8,94.0,53.0,1.0,0.0,92.0,25.2,100.0,0.0,1.1,0.0,38,38,はい,いいえ,いいえ,はい,いいえ,いいえ,いいえ,67.7,81.8,0,0,0,0,0,0,0,0,0,0,0,0,0,0,0,0,0,0,0,0,0,0,0,0,0,0,0,0,0,0,980,11302,11026,591,16.0,2.2,2.2,2.2,2.2,2.2,2.2,2.2,2.2,2.2,2.2,2.2,2.2,449.49,449.49,449.49,449.49,449.49,449.49,445.65,4.18,449.11,0.38,96.23,0,0,0.0,0.0,44297,39103,7.0,184.3,0,
19.7.2026,1:5:9.496,27851,6060,82.1,13977,17886,43.8,3.5,2048,71,1.260,1.260,1.260,1.260,1.260,1.260,1.260,4283.9,4112.6,5140.7,4112.6,4112.6,4112.6,4112.6,99.8,647.9,1071.5,130.8,2698.4,1748.5,518.9,866.5,150.9,203.1,156.7,102.2,61.3,66.1,647.9,12.0,19.2,2.2,52.3,33.3,9.7,14.8,2.4,3.1,2.6,2.3,0.8,0.7,52.3,12.0,16.3,23.9,3.2,70.8,45.6,12.9,21.0,3.6,4.6,4.0,2.5,1.5,1.6,16.3,42.9,41.2,51.5,41.2,41.2,41.2,41.2,0.0,25.7,25.2,84.9,28.2,7.8,5.0,2.8,47.2,74.8,15.1,71.7,92.2,12.2,17.1,27.2,0.0,0.0,0.0,0.0,82.9,80.1,2395.7,24.00,40,39,39,77,116,708,1,76.6,73.4,73.8,63.0,61.3,72.1,65.6,61.8,58.1,58.9,61.0,61.0,68.0,62.2,48.5,46.9,50.0,1.258,1.015,1.100,16.883,8.173,16.882,40.000,6.092,42.190,2.496,2.723,5.622,3.465,2.210,0.508,0.449,21.249,8.295,36.245,41.243,1996.4,2395.7,5146.4,5146.4,5143.8,46.9,22.5,26.7,46.9,86.4,いいえ,いいえ,いいえ,0.374,0.141,1.5,46.0,76.5,40.0,76.0,1.264,12.038,3.440,3.296,5.040,1.064,0.960,3.440,3.344,1.808,1.024,1.120,1.032,1.792,1.096,0.648,1.824,0.264,2030,いいえ,62.8,45.5,1.110,1.110,1.800,1.800,0.990,4.970,0.250,いいえ,いいえ,いいえ,44.2,1.110,1.110,1.800,1.800,1.005,4.970,0.250,いいえ,いいえ,いいえ,37,37,いいえ,はい,15388,14039,128,128,34,100.0,いいえ,いいえ,3868,2528,9990,44,46,54,100.0,100.0,いいえ,いいえ,7032,7744,0.0,0.0,0.0,0.000,0.004,1392,1012,0.0,0.0,0.0,0.000,0.000,181182,133153,0.0,0.0,0.0,0.000,0.002,66345,77746,64.1,0.720,34.000,600.0,2400.0,1200.0,100.0,0.0,0.0,0.0,0.0,0.0,0.0,0.0,0.0,125,2,16.0,86,いいえ,いいえ,いいえ,69.5,70.0,79.1,84.0,1.100,12.181,12.177,12.142,12.227,12.178,1549,1544,148.963,67.725,110.838,25.767,30.087,123.952,12.884,42.933,97.805,97.537,220.000,220.000,2775.0,1281.5,2130.0,2764.6,2235.0,2765.4,1280.9,2224.8,94.0,53.0,1.0,0.0,92.0,25.3,100.0,0.0,1.1,0.0,38,38,はい,いいえ,いいえ,はい,いいえ,いいえ,いいえ,69.9,77.5,0,0,0,0,0,0,0,0,0,0,0,0,0,0,0,0,0,0,0,0,0,0,0,0,0,0,0,0,0,0,980,11302,11026,591,16.0,4.1,4.1,4.1,4.1,4.1,4.1,4.0,4.0,4.0,4.0,4.0,4.0,246.24,246.24,246.24,246.24,246.24,246.24,3.77,78.68,246.20,0.04,187.00,0,0,0.0,0.0,44297,39103,6.1,168.8,0,
19.7.2026,1:5:11.493,27851,6060,82.1,14042,17821,44.0,3.5,2048,71,1.259,1.255,1.260,1.260,1.260,1.260,1.260,4169.7,4112.6,5140.7,4112.6,4112.6,3427.2,4112.6,99.8,652.6,1124.9,105.5,803.6,3294.4,690.8,1009.9,185.1,214.9,137.8,132.9,62.5,69.5,652.6,12.5,21.5,2.1,15.1,64.3,13.4,18.2,3.8,3.8,2.8,2.7,1.4,0.6,64.3,12.5,16.4,26.0,2.6,20.4,86.7,17.3,25.0,4.5,4.8,3.5,3.3,1.5,1.7,16.4,41.8,41.2,51.5,41.2,41.2,34.3,41.2,0.0,25.9,26.6,78.0,34.7,8.9,4.4,2.9,47.3,73.4,22.0,65.3,91.1,15.3,16.8,26.8,0.0,0.0,0.0,0.0,80.3,80.2,2395.7,24.00,40,39,39,77,116,708,1,76.1,73.1,73.8,63.0,61.3,71.3,66.2,62.0,58.0,58.9,61.0,61.0,67.5,61.9,48.4,46.9,50.0,1.257,1.015,1.100,16.838,8.099,16.836,39.000,6.077,42.001,2.515,2.778,5.382,3.666,2.282,0.537,0.445,21.177,8.221,36.082,41.080,1996.4,2395.7,5146.9,5146.9,5144.6,46.7,22.4,26.0,46.7,86.1,いいえ,いいえ,いいえ,0.429,0.144,1.6,46.0,76.1,40.0,76.0,1.264,12.038,3.440,3.296,5.040,1.064,0.960,3.440,3.344,1.808,1.024,1.120,1.032,1.792,1.096,0.648,1.824,0.264,2030,いいえ,62.8,45.5,1.110,1.110,1.800,1.800,0.990,4.970,0.375,いいえ,いいえ,いいえ,44.2,1.110,1.110,1.800,1.800,0.990,5.040,0.250,いいえ,いいえ,いいえ,37,37,いいえ,はい,15388,14039,128,128,34,100.0,いいえ,いいえ,3868,2528,9990,44,46,54,100.0,100.0,いいえ,いいえ,7032,7744,0.0,0.1,0.1,0.000,0.006,1392,1012,0.0,0.0,0.0,0.000,0.000,181182,133153,0.0,0.0,0.0,0.000,0.004,66345,77746,64.1,0.720,40.000,600.0,2400.0,1200.0,100.0,0.0,0.0,0.0,0.0,0.0,0.0,0.0,0.0,125,2,16.0,86,いいえ,いいえ,いいえ,70.1,70.0,80.1,84.0,1.100,12.169,12.164,12.133,12.214,12.165,1549,1549,152.420,73.993,122.685,28.025,31.788,136.957,14.014,45.765,113.086,99.620,220.000,220.000,2775.0,1281.5,2130.0,2763.8,2235.0,2772.1,1280.3,2227.0,95.0,64.0,1.0,0.0,92.0,25.2,100.0,0.0,0.7,0.0,39,39,はい,いいえ,いいえ,はい,いいえ,いいえ,いいえ,76.6,77.8,0,0,0,0,0,0,0,0,0,0,0,0,0,0,0,0,0,0,0,0,0,0,0,0,0,0,0,0,0,0,980,11302,11026,591,16.0,2.8,2.8,2.8,2.8,2.8,2.8,0.0,0.0,0.0,0.0,0.0,0.0,358.62,358.62,358.62,358.62,358.62,358.62,2.30,80.17,358.57,0.05,0.00,0,0,0.0,0.0,44297,39103,5.7,215.9,0,
19.7.2026,1:5:13.495,27859,6052,82.1,14078,17785,44.1,3.5,2048,71,1.247,1.255,1.245,1.245,1.245,1.245,1.245,3941.2,4112.6,4112.6,5140.7,3427.2,3427.2,3427.2,99.8,658.9,1148.5,111.1,568.9,3428.7,810.3,1035.8,213.5,302.2,68.3,101.2,50.5,67.2,658.9,12.6,21.9,2.2,10.4,66.7,15.7,18.7,4.3,5.5,1.3,2.0,1.0,2.0,66.7,12.6,16.6,26.3,2.7,14.1,90.2,20.6,25.5,5.2,7.1,1.6,2.5,1.2,1.6,16.6,39.5,41.2,41.2,51.5,34.3,34.3,34.3,0.0,26.3,27.4,76.1,37.2,10.9,3.6,2.6,46.6,72.3,23.9,62.7,89.1,13.6,17.8,27.2,0.3,0.0,0.1,0.0,82.8,79.6,2395.7,24.00,40,39,39,77,116,708,1,75.8,73.1,72.8,62.9,61.3,71.0,66.4,62.2,57.6,58.8,60.9,60.9,67.8,62.1,48.5,47.0,50.0,1.257,1.015,1.100,16.987,7.966,16.988,37.500,6.071,42.060,2.528,2.795,5.345,3.794,2.389,0.395,0.448,21.352,8.085,36.116,41.119,1996.4,2395.7,5146.7,5146.7,5144.4,46.7,22.7,25.0,46.7,86.1,いいえ,いいえ,いいえ,0.434,0.148,1.6,46.0,75.9,40.0,76.0,1.264,12.038,3.440,3.296,5.016,1.064,0.960,3.440,3.344,1.808,1.024,1.120,1.032,1.792,1.096,0.648,1.824,0.264,2033,いいえ,62.8,45.5,1.110,1.110,1.800,1.800,0.990,5.040,0.250,いいえ,いいえ,いいえ,44.2,1.110,1.110,1.800,1.800,0.990,5.040,0.250,いいえ,いいえ,いいえ,37,37,いいえ,はい,15388,14039,128,128,34,100.0,いいえ,いいえ,3868,2528,9990,44,46,54,100.0,100.0,いいえ,いいえ,7032,7744,0.0,0.1,0.1,0.000,0.010,1392,1012,0.0,0.0,0.0,0.000,0.000,181182,133153,0.0,0.0,0.0,0.000,0.022,66345,77746,64.1,0.720,32.000,600.0,2400.0,1200.0,100.0,0.0,0.0,0.0,0.0,0.0,0.0,0.0,0.0,125,2,16.0,86,いいえ,いいえ,いいえ,70.0,70.0,80.3,84.0,1.100,12.161,12.155,12.128,12.207,12.156,1551,1551,147.722,74.927,124.400,27.131,31.170,138.178,13.566,44.710,113.628,106.636,220.000,220.000,2775.0,1281.5,2130.0,2764.4,2235.0,2761.3,1279.6,2224.7,95.0,45.0,0.0,0.0,92.0,25.2,100.0,0.0,0.8,0.0,39,39,はい,いいえ,いいえ,はい,いいえ,いいえ,いいえ,76.9,75.3,0,0,0,0,0,0,0,0,0,0,0,0,0,0,0,0,0,0,0,0,0,0,0,0,0,0,0,0,0,0,980,11302,11026,585,16.0,4.4,17.5,2.4,2.4,2.4,2.4,2.2,2.2,2.2,2.2,2.2,2.2,225.40,410.70,57.20,57.05,411.96,411.96,1.86,54.65,225.34,0.05,17.45,0,0,0.0,0.0,44297,39104,6.0,179.7,0,
19.7.2026,1:5:15.492,27854,6057,82.1,14156,17707,44.4,3.5,2048,71,1.247,1.255,1.245,1.245,1.245,1.245,1.245,4055.5,4112.6,4112.6,5140.7,4112.6,3427.2,3427.2,99.8,672.0,1341.9,143.9,878.2,1616.7,2536.6,846.5,203.1,207.0,68.9,99.3,76.1,45.6,672.0,12.8,25.0,2.9,16.9,30.1,49.7,15.4,4.2,3.4,1.4,2.0,1.7,0.8,49.7,12.8,16.8,30.6,3.5,22.1,41.2,66.6,21.1,4.9,4.5,1.6,2.4,1.9,1.0,16.8,40.6,41.2,41.2,51.5,41.2,34.3,34.3,0.0,27.1,31.2,49.2,66.6,9.2,3.5,2.7,45.9,68.8,50.8,33.4,90.8,16.0,15.7,27.0,0.0,0.0,0.0,0.0,80.5,81.5,2395.7,24.00,40,39,39,77,116,708,1,75.4,73.0,69.8,63.1,61.8,67.9,69.8,62.4,57.7,58.9,60.9,60.9,68.8,62.2,48.5,46.9,50.0,1.257,1.015,1.100,16.898,7.997,16.901,37.500,6.076,41.985,2.589,3.031,4.336,4.975,2.357,0.441,0.395,21.245,8.117,36.046,41.053,1996.4,2395.7,5147.4,5147.4,5145.8,46.7,22.5,25.0,46.7,85.9,いいえ,いいえ,いいえ,0.462,0.163,1.6,46.0,75.9,40.0,75.0,1.264,12.038,3.440,3.296,5.016,1.064,0.960,3.440,3.344,1.808,1.024,1.120,1.032,1.792,1.096,0.648,1.824,0.264,2027,いいえ,62.8,45.5,1.110,1.110,1.800,1.800,0.990,5.040,0.250,いいえ,いいえ,いいえ,44.2,1.110,1.110,1.800,1.800,0.990,5.040,0.250,いいえ,いいえ,いいえ,37,37,いいえ,はい,15388,14039,128,128,34,100.0,いいえ,いいえ,3868,2528,9990,44,46,54,100.0,100.0,いいえ,いいえ,7032,7744,0.0,0.0,0.0,0.000,0.002,1392,1012,0.0,0.0,0.0,0.000,0.000,181182,133153,0.0,0.1,0.1,0.000,0.014,66345,77746,64.0,0.720,41.000,600.0,2400.0,1200.0,100.0,0.0,0.0,0.0,0.0,0.0,0.0,0.0,0.0,125,2,16.0,86,いいえ,いいえ,いいえ,69.5,70.0,79.3,84.0,1.100,12.182,12.177,12.146,12.226,12.179,1558,1558,147.003,56.747,112.164,25.694,30.001,125.277,12.848,42.804,27.042,78.145,220.000,220.000,2775.0,1281.5,2130.0,2764.4,2235.0,2763.4,1280.4,2224.0,94.0,58.0,0.0,0.0,92.0,25.2,100.0,0.0,0.7,0.0,39,39,はい,いいえ,いいえ,はい,いいえ,いいえ,いいえ,70.4,86.9,0,0,0,0,0,0,0,0,0,0,0,0,0,0,0,0,0,0,0,0,0,0,0,0,0,0,0,0,0,0,980,11302,11026,589,16.0,6.4,17.2,2.7,2.6,2.6,2.6,2.1,2.1,2.1,2.1,2.1,2.1,155.53,375.56,57.98,57.88,383.48,383.48,1.64,44.59,155.48,0.06,329.83,0,0,0.0,0.0,44297,39104,6.2,152.1,0,
19.7.2026,1:5:17.495,27517,6394,81.1,14335,17528,44.9,3.5,2048,71,1.272,1.205,1.285,1.285,1.285,1.285,1.285,4079.0,4941.1,3972.8,4966.0,3972.8,3310.7,3310.7,99.8,1853.3,1966.5,1520.5,2302.0,2066.3,2841.3,2356.1,1685.3,1577.1,1444.8,1467.3,1470.5,1542.3,1853.3,38.1,38.5,31.8,46.9,41.8,57.7,48.0,35.2,32.8,30.4,30.9,30.9,32.4,57.7,38.1,48.3,48.0,39.9,60.1,53.9,74.8,61.8,44.1,41.1,38.0,38.6,38.7,40.6,48.3,40.9,49.5,39.8,49.8,39.8,33.2,33.2,0.0,47.4,42.7,59.5,75.8,39.5,33.2,34.1,35.6,48.8,40.5,24.1,56.8,22.1,21.3,16.9,8.5,0.0,0.2,3.7,44.7,44.6,2395.7,24.00,40,39,39,77,116,708,1,82.8,78.3,83.0,69.0,65.4,72.5,75.3,69.4,64.1,66.9,61.9,61.9,68.2,62.4,48.5,47.0,50.0,1.212,1.015,1.100,24.226,8.430,24.221,67.500,6.082,50.991,4.084,3.610,5.252,6.223,3.923,2.682,2.815,29.088,8.555,44.333,49.885,1996.4,2395.7,5000.0,5000.0,5027.0,56.7,32.3,45.0,56.7,92.1,いいえ,いいえ,いいえ,8.267,4.057,2.8,46.0,75.4,40.0,75.0,1.240,12.091,3.440,3.296,5.016,1.064,0.960,3.440,3.344,1.808,1.024,1.120,1.032,1.792,1.096,0.648,1.824,0.264,2033,いいえ,62.8,45.5,1.110,1.110,1.800,1.800,0.990,5.040,0.375,いいえ,いいえ,いいえ,44.2,1.110,1.110,1.800,1.800,0.990,5.040,0.250,いいえ,いいえ,いいえ,37,37,いいえ,はい,15388,14039,128,128,34,100.0,いいえ,いいえ,3868,2528,9990,44,46,54,100.0,100.0,いいえ,いいえ,7032,7744,0.0,0.0,0.0,0.000,0.004,1392,1012,0.0,0.0,0.0,0.000,0.000,181182,133153,0.0,0.0,0.0,0.000,0.006,66345,77746,64.0,0.720,23.000,600.0,2400.0,1200.0,100.0,0.0,0.0,0.0,0.0,0.0,0.0,0.0,0.0,125,2,16.0,86,いいえ,いいえ,いいえ,69.9,72.0,79.7,84.0,1.100,12.167,12.164,12.130,12.213,12.162,1562,1560,145.526,63.030,118.437,27.490,31.393,132.396,13.743,45.107,27.866,107.804,220.000,220.000,2775.0,1281.5,2130.0,2763.9,2235.0,2773.1,1279.7,2228.6,93.0,56.0,0.0,0.0,92.0,25.2,100.0,0.0,0.7,0.0,39,39,はい,いいえ,いいえ,はい,いいえ,いいえ,いいえ,74.3,72.3,0,0,0,0,0,0,0,0,0,0,0,0,0,0,0,0,0,0,0,0,0,0,0,0,0,0,0,0,0,0,980,11302,11026,590,16.0,4.2,17.2,2.2,2.2,2.2,2.2,1.9,1.9,1.9,1.9,1.9,1.9,236.82,460.15,58.27,58.08,463.22,463.22,1.18,56.21,236.71,0.11,35.18,0,0,0.0,0.0,44297,39104,5.8,148.5,0,
19.7.2026,1:5:19.493,28170,5741,83.0,13737,18126,43.1,3.5,2048,71,1.268,1.265,1.275,1.275,1.275,1.275,1.245,3941.2,3427.2,5140.7,4112.6,4112.6,3427.2,3427.2,99.8,1199.9,2173.4,607.8,1647.7,1726.9,1333.5,2928.1,932.4,844.0,505.3,650.4,486.5,562.9,1199.9,23.2,38.6,11.8,32.2,33.2,25.9,57.8,19.0,15.8,10.1,13.4,9.9,11.4,57.8,23.2,30.4,50.9,15.5,41.5,44.3,34.4,76.9,24.0,20.8,13.1,16.9,12.6,14.5,30.4,39.5,34.3,51.5,41.2,41.2,34.3,34.3,0.0,39.8,45.5,57.5,74.2,27.9,17.9,15.8,45.4,47.4,42.5,25.8,72.1,37.1,47.5,14.8,7.0,0.0,0.0,0.0,45.0,36.6,2395.7,24.00,40,39,39,77,116,708,1,82.5,78.2,73.2,67.8,65.1,72.8,74.7,67.5,62.2,64.3,62.5,62.5,67.2,62.4,48.5,47.0,50.0,1.250,1.015,1.100,22.333,8.293,22.329,47.000,6.093,49.260,3.858,3.702,5.655,6.010,3.702,1.997,2.082,27.883,8.416,43.002,48.213,1996.4,2395.7,5077.8,5077.8,5080.5,54.8,29.8,31.3,54.8,92.0,いいえ,いいえ,いいえ,3.620,1.924,2.4,46.0,83.8,40.0,83.0,1.200,12.144,3.440,3.328,5.040,1.064,0.960,3.440,3.344,1.808,1.024,1.120,1.032,1.792,1.096,0.648,1.824,0.264,2054,いいえ,62.8,45.5,1.110,1.110,1.815,1.800,0.990,5.040,0.875,いいえ,いいえ,いいえ,44.2,1.110,1.110,1.800,1.800,0.990,5.040,0.500,いいえ,いいえ,いいえ,37,37,いいえ,はい,15388,14039,128,128,34,100.0,いいえ,いいえ,3868,2528,9990,44,46,54,100.0,100.0,いいえ,いいえ,7032,7744,0.0,0.1,0.1,0.000,0.006,1392,1012,0.0,0.0,0.0,0.000,0.000,181182,133153,0.0,0.1,0.1,0.000,0.327,66345,77746,64.3,0.720,26.000,600.0,2400.0,1200.0,100.0,0.0,0.0,0.0,0.0,0.0,0.0,0.0,0.0,125,2,16.0,86,いいえ,いいえ,いいえ,58.0,66.0,68.7,84.0,1.095,12.307,12.318,12.256,12.336,12.317,1572,1572,47.867,18.993,27.181,7.391,16.521,30.876,3.695,20.220,22.972,23.088,220.000,220.000,795.0,625.2,1995.0,2774.6,1995.0,794.9,624.6,1994.6,0.0,0.0,0.0,0.0,87.5,13.4,52.7,0.0,0.7,0.0,39,39,はい,いいえ,いいえ,いいえ,いいえ,はい,いいえ,21.5,19.1,0,0,0,0,0,0,0,0,0,0,0,0,0,0,0,0,0,0,0,0,0,0,0,0,0,0,0,0,0,0,1538,10744,10468,590,16.0,0.5,0.5,0.5,0.5,0.5,0.5,0.5,0.5,0.5,0.5,0.5,0.5,1993.99,1993.99,1993.99,1993.99,1993.99,1993.99,764.16,1229.84,1993.74,0.25,1505.46,0,0,0.0,0.0,44297,39105,6.3,107.9,0,
19.7.2026,1:5:21.500,28045,5866,82.7,13828,18034,43.4,3.5,2048,71,1.251,1.260,1.245,1.250,1.250,1.250,1.250,3941.2,3427.2,4112.6,5140.7,4112.6,3427.2,3427.2,99.8,691.3,1415.6,114.1,766.7,657.8,2427.2,1991.3,266.9,277.9,109.1,125.4,69.4,74.5,691.3,13.0,26.6,2.1,14.5,10.8,47.2,38.3,5.4,4.6,2.0,2.4,1.3,1.3,47.2,13.0,17.3,33.3,2.8,18.6,15.4,63.8,52.1,6.6,6.1,2.7,3.1,1.7,1.8,17.3,39.5,34.3,41.2,51.5,41.2,34.3,34.3,0.0,27.9,32.2,29.5,85.8,12.1,4.9,3.2,48.3,67.8,70.5,14.2,87.9,25.4,24.1,23.7,0.0,0.0,0.0,0.0,69.6,72.7,2395.7,24.00,40,39,39,77,116,708,1,80.2,73.7,72.2,64.0,62.5,66.3,72.7,63.6,59.0,60.0,61.6,61.6,68.0,62.6,48.6,47.0,50.0,1.262,1.015,1.100,17.728,8.182,17.733,40.500,6.128,43.461,2.759,3.081,3.695,5.728,2.592,0.803,0.655,22.388,8.305,37.433,42.452,1996.4,2395.7,5148.4,5148.4,5147.1,48.2,23.6,27.0,48.2,86.7,いいえ,いいえ,いいえ,0.668,0.230,1.7,46.0,82.6,40.0,82.0,1.256,12.038,3.440,3.296,5.016,1.064,0.960,3.440,3.344,1.808,1.024,1.120,1.032,1.792,1.096,0.648,1.824,0.264,2061,いいえ,62.8,45.5,1.110,1.110,1.815,1.800,0.990,5.040,0.250,いいえ,いいえ,いいえ,44.2,1.110,1.110,1.815,1.815,0.990,5.040,0.375,いいえ,いいえ,いいえ,37,37,いいえ,はい,15388,14039,128,128,34,100.0,いいえ,いいえ,3868,2528,9990,44,46,54,100.0,100.0,いいえ,いいえ,7032,7744,0.0,0.0,0.0,0.000,0.004,1392,1012,0.0,0.0,0.0,0.000,0.000,181182,133153,0.0,0.0,0.0,0.000,0.002,66345,77746,64.5,0.720,19.000,600.0,2400.0,1200.0,100.0,0.0,0.0,0.0,0.0,0.0,0.0,0.0,0.0,125,2,16.0,86,いいえ,いいえ,いいえ,66.8,68.0,75.7,84.0,1.095,12.197,12.198,12.156,12.239,12.196,1560,1563,56.917,58.645,99.352,23.346,28.262,111.312,11.671,39.867,94.136,61.216,220.000,220.000,2775.0,1281.5,2145.0,1396.0,2235.0,2767.2,1280.3,2227.6,90.0,53.0,1.0,0.0,92.7,24.7,97.9,0.0,1.0,0.0,39,39,はい,いいえ,いいえ,はい,いいえ,いいえ,いいえ,63.3,76.4,0,0,0,0,0,0,0,0,0,0,0,0,0,0,0,0,0,0,0,0,0,0,0,0,0,0,0,0,0,0,902,11380,11104,590,16.0,2.5,3.0,2.2,2.2,2.2,2.2,3.0,3.0,3.0,3.0,3.0,3.0,398.70,460.48,336.93,335.79,461.74,461.74,5.31,77.69,398.65,0.05,189.23,0,0,0.0,0.0,44297,39105,7.8,181.0,0,
19.7.2026,1:5:23.496,27858,6053,82.1,13883,17980,43.5,3.5,2048,71,1.248,1.265,1.245,1.245,1.245,1.245,1.245,4055.5,4112.6,5140.7,4112.6,4112.6,3427.2,3427.2,99.8,639.7,1060.2,72.4,620.2,1167.5,538.3,3413.8,232.0,230.1,57.4,136.8,71.9,76.1,639.7,12.3,20.7,1.3,11.8,21.6,10.2,66.5,4.8,4.2,1.0,2.8,1.5,1.6,66.5,12.3,16.2,24.7,1.7,15.3,29.4,13.7,89.8,5.7,5.3,1.3,3.4,1.8,1.9,16.2,40.6,41.2,51.5,41.2,41.2,34.3,34.3,0.0,25.9,25.3,35.6,77.0,10.3,4.0,3.3,47.5,74.7,64.4,23.0,89.7,14.7,18.6,26.6,0.0,0.0,0.0,0.0,81.3,78.1,2395.7,24.00,40,39,39,77,116,708,1,78.4,73.0,72.2,63.2,61.4,66.7,71.0,62.9,58.1,59.4,61.1,61.1,68.5,62.4,48.5,47.0,50.0,1.257,1.015,1.100,16.819,8.169,16.820,40.000,6.121,42.102,2.504,2.721,3.768,5.189,2.364,0.485,0.499,21.159,8.292,36.183,41.185,1996.4,2395.7,5147.9,5147.9,5147.6,46.8,22.4,26.7,46.8,85.9,いいえ,いいえ,いいえ,0.428,0.150,1.6,46.0,80.2,40.0,80.0,1.264,12.091,3.440,3.312,5.040,1.064,0.960,3.440,3.344,1.808,1.024,1.120,1.032,1.792,1.096,0.648,1.824,0.264,2045,いいえ,62.8,45.5,1.110,1.110,1.815,1.800,0.990,5.040,0.250,いいえ,いいえ,いいえ,44.2,1.110,1.110,1.815,1.800,1.005,5.040,0.250,いいえ,いいえ,いいえ,37,37,いいえ,はい,15388,14039,128,128,34,100.0,いいえ,いいえ,3868,2528,9990,44,46,54,100.0,100.0,いいえ,いいえ,7032,7744,0.0,0.1,0.1,0.000,0.006,1392,1012,0.0,0.0,0.0,0.000,0.000,181182,133153,0.0,0.1,0.1,0.000,0.119,66345,77747,64.4,0.720,22.000,600.0,2400.0,1200.0,100.0,0.0,0.0,0.0,0.0,0.0,0.0,0.0,0.0,125,2,16.0,86,いいえ,いいえ,いいえ,66.2,68.0,74.9,84.0,1.100,12.258,12.263,12.218,12.289,12.262,1558,1556,130.816,46.418,61.939,12.900,20.466,68.611,6.450,26.869,94.512,79.597,220.000,220.000,2775.0,1281.5,2130.0,2768.9,2235.0,2768.6,1279.7,2225.7,82.0,31.0,1.0,0.0,92.0,25.3,100.0,0.0,1.3,0.0,39,39,はい,いいえ,いいえ,はい,いいえ,いいえ,いいえ,40.4,76.3,0,0,0,0,0,0,0,0,0,0,0,0,0,0,0,0,0,0,0,0,0,0,0,0,0,0,0,0,0,0,980,11302,11026,591,16.0,1.0,1.0,1.0,1.0,1.0,1.0,0.0,0.0,0.0,0.0,0.0,0.0,971.72,971.72,971.72,971.72,971.72,971.72,2.61,137.72,971.67,0.06,0.00,0,0,0.0,0.0,44297,39105,6.6,244.4,0,
19.7.2026,1:5:25.495,27861,6050,82.1,13953,17909,43.7,3.5,2048,71,1.260,1.260,1.260,1.260,1.260,1.260,1.260,3941.2,4112.6,5140.7,4112.6,3427.2,3427.2,3427.2,99.8,654.8,1147.3,89.3,816.2,1325.4,580.1,3107.7,189.8,255.1,85.6,120.8,52.8,87.8,654.8,12.6,22.2,1.7,15.8,24.3,11.2,60.5,3.8,4.7,1.7,2.4,1.0,1.7,60.5,12.6,16.5,26.6,2.1,20.5,33.4,14.9,81.7,4.6,5.9,2.1,3.0,1.3,2.2,16.5,39.5,41.2,51.5,41.2,34.3,34.3,34.3,0.0,26.4,27.4,42.6,71.1,9.8,4.3,3.1,46.4,72.6,57.4,28.9,90.2,14.6,14.7,27.2,0.0,0.0,0.0,0.0,81.1,82.3,2395.7,24.00,40,39,39,77,116,708,1,77.2,73.0,73.2,63.1,61.5,67.1,70.4,62.5,57.9,59.0,61.1,61.1,68.5,62.0,48.5,46.9,50.0,1.255,1.015,1.100,16.796,8.282,16.797,42.000,6.073,42.114,2.519,2.810,4.062,5.038,2.329,0.460,0.412,21.096,8.406,36.183,41.185,1996.4,2395.7,5145.4,5145.4,5144.3,46.8,22.4,28.0,46.8,85.8,いいえ,いいえ,いいえ,0.438,0.153,1.6,46.0,78.4,40.0,78.0,1.272,12.038,3.440,3.280,5.016,1.064,0.960,3.440,3.344,1.808,1.024,1.120,1.032,1.792,1.096,0.648,1.824,0.264,2042,いいえ,62.8,45.5,1.110,1.110,1.815,1.800,0.990,5.040,0.250,いいえ,いいえ,いいえ,44.2,1.110,1.110,1.815,1.800,0.990,5.040,0.250,いいえ,いいえ,いいえ,37,37,いいえ,はい,15388,14039,128,128,34,100.0,いいえ,いいえ,3868,2528,9990,44,46,54,100.0,100.0,いいえ,いいえ,7032,7744,0.0,0.0,0.0,0.000,0.006,1392,1012,0.0,0.0,0.0,0.000,0.000,181182,133153,0.0,0.0,0.0,0.000,0.018,66345,77747,64.3,0.720,18.000,600.0,2400.0,1200.0,100.0,0.0,0.0,0.0,0.0,0.0,0.0,0.0,0.0,125,2,16.0,86,いいえ,いいえ,いいえ,67.5,70.0,76.7,84.0,1.100,12.175,12.173,12.136,12.219,12.172,1553,1554,145.400,59.553,112.784,27.365,31.322,126.712,13.681,44.951,26.444,93.164,220.000,220.000,2775.0,1281.5,2130.0,2764.3,2235.0,2764.1,1280.2,2224.2,88.0,56.0,0.0,0.0,92.0,25.2,100.0,0.0,1.0,0.0,39,39,はい,いいえ,いいえ,はい,いいえ,いいえ,いいえ,71.7,62.5,0,0,0,0,0,0,0,0,0,0,0,0,0,0,0,0,0,0,0,0,0,0,0,0,0,0,0,0,0,0,980,11302,11026,591,16.0,4.2,198.6,2.1,2.1,2.1,2.1,4.1,47.3,2.2,2.1,2.1,2.1,237.67,470.31,5.04,0.76,475.06,475.06,0.51,28.88,237.67,0.00,754.16,0,0,0.0,0.0,44297,39106,6.5,206.2,0,
19.7.2026,1:5:27.497,27851,6060,82.1,13955,17908,43.7,3.5,2048,71,1.250,1.250,1.250,1.250,1.250,1.250,1.250,4055.5,4112.6,4112.6,5140.7,4112.6,3427.2,3427.2,99.8,630.9,993.6,90.5,3142.7,906.9,1123.5,568.1,254.9,191.5,64.4,127.0,55.4,52.5,630.9,12.0,18.5,1.6,61.5,16.9,22.1,9.5,5.1,3.2,1.2,2.5,1.0,0.9,61.5,12.0,15.9,22.5,2.1,82.7,23.3,29.0,13.3,6.2,4.3,1.5,3.2,1.3,1.2,15.9,40.6,41.2,41.2,51.5,41.2,34.3,34.3,0.0,25.5,23.7,78.6,34.3,9.9,4.0,2.4,48.3,76.3,21.4,65.7,90.1,15.6,20.8,26.2,0.0,0.0,0.0,0.0,80.4,76.8,2395.7,24.00,40,39,39,77,116,708,1,76.1,72.7,70.2,62.7,61.0,71.0,65.8,61.9,57.9,58.8,61.0,61.0,68.5,62.2,48.6,47.0,50.0,1.256,1.015,1.100,16.668,8.274,16.666,38.500,6.115,42.013,2.446,2.634,5.251,3.545,2.286,0.483,0.474,20.948,8.398,36.073,41.067,1996.4,2395.7,5149.0,5149.0,5147.7,46.7,22.2,25.7,46.7,85.6,いいえ,いいえ,いいえ,0.332,0.124,1.5,46.0,77.4,40.0,77.0,1.256,12.038,3.440,3.312,5.016,1.064,0.960,3.440,3.344,1.808,1.024,1.120,1.032,1.792,1.096,0.648,1.824,0.264,2051,いいえ,62.8,45.5,1.110,1.110,1.815,1.800,0.990,5.040,0.250,いいえ,いいえ,いいえ,44.2,1.110,1.110,1.815,1.800,0.990,5.040,0.250,いいえ,いいえ,いいえ,37,37,いいえ,はい,15388,14039,128,128,34,100.0,いいえ,いいえ,3868,2528,9990,44,46,54,100.0,100.0,いいえ,いいえ,7032,7744,0.0,0.1,0.1,0.000,0.004,1392,1012,0.0,0.0,0.0,0.000,0.000,181182,133153,0.0,0.1,0.1,0.000,0.002,66345,77747,64.2,0.720,18.000,600.0,2400.0,1200.0,100.0,0.0,0.0,0.0,0.0,0.0,0.0,0.0,0.0,125,2,16.0,86,いいえ,いいえ,いいえ,68.8,70.0,78.2,84.0,1.100,12.183,12.181,12.143,12.227,12.179,1555,1556,147.007,65.935,109.116,25.873,30.175,122.248,12.922,43.061,87.049,97.037,220.000,220.000,2775.0,1281.5,2130.0,2764.7,2235.0,2764.2,1280.6,2226.8,92.0,51.0,2.0,0.0,92.0,25.3,100.0,0.0,1.1,0.0,39,39,はい,いいえ,いいえ,はい,いいえ,いいえ,いいえ,69.2,72.6,0,0,0,0,0,0,0,0,0,0,0,0,0,0,0,0,0,0,0,0,0,0,0,0,0,0,0,0,0,0,980,11302,11026,591,16.0,2.3,14.4,1.3,1.3,1.3,1.3,1.2,1.2,1.2,1.2,1.2,1.2,430.42,791.51,69.34,62.70,798.88,798.88,1.59,37.96,430.38,0.04,34.36,0,0,0.0,0.0,44297,39106,7.0,243.4,0,
19.7.2026,1:5:29.497,27852,6059,82.1,14018,17845,43.9,3.5,2048,71,1.260,1.260,1.260,1.260,1.260,1.260,1.260,4169.7,4112.6,5140.7,4112.6,4112.6,3427.2,4112.6,99.8,649.3,1142.6,107.5,2565.2,1278.3,867.3,1089.1,232.1,183.9,75.1,128.2,49.2,73.6,649.3,12.6,22.3,2.1,50.5,24.0,17.6,20.3,4.6,3.6,1.4,2.5,0.9,1.3,50.5,12.6,16.3,26.2,2.6,67.3,32.9,22.1,27.1,5.7,3.9,1.8,3.2,1.2,1.8,16.3,41.8,41.2,51.5,41.2,41.2,34.3,41.2,0.0,26.1,27.2,74.1,39.7,9.1,3.9,2.7,46.2,72.6,25.9,60.3,90.9,11.5,16.0,27.7,0.2,0.0,0.0,0.0,84.6,81.3,2395.7,24.00,40,39,39,77,116,708,1,75.6,72.8,73.8,62.8,61.4,70.5,66.5,61.9,57.8,58.7,61.0,61.0,68.0,62.2,48.5,46.9,50.0,1.255,1.015,1.100,16.572,8.295,16.571,37.000,6.110,41.872,2.492,2.779,5.191,3.848,2.284,0.428,0.420,20.812,8.420,35.953,40.953,1996.4,2395.7,5147.1,5147.1,5145.3,46.5,22.1,24.7,46.5,85.6,いいえ,いいえ,いいえ,0.433,0.144,1.6,46.0,76.2,40.0,76.0,1.264,12.091,3.440,3.312,5.040,1.064,0.960,3.440,3.344,1.808,1.024,1.120,1.032,1.792,1.096,0.648,1.824,0.264,2045,いいえ,62.8,45.5,1.110,1.110,1.815,1.800,0.990,5.040,0.250,いいえ,いいえ,いいえ,44.2,1.110,1.110,1.815,1.800,0.990,5.040,0.625,いいえ,いいえ,いいえ,37,37,いいえ,はい,15388,14039,128,128,34,100.0,いいえ,いいえ,3868,2528,9990,44,46,54,100.0,100.0,いいえ,いいえ,7032,7744,0.0,0.1,0.1,0.000,0.010,1392,1012,0.0,0.0,0.0,0.000,0.000,181182,133153,0.0,0.0,0.0,0.000,0.014,66345,77747,64.1,0.720,22.000,600.0,2400.0,1200.0,100.0,0.0,0.0,0.0,0.0,0.0,0.0,0.0,0.0,125,2,16.0,86,いいえ,いいえ,いいえ,67.4,70.0,76.5,84.0,1.100,12.269,12.275,12.228,12.300,12.273,1553,1556,158.130,29.951,55.596,11.195,19.247,61.318,5.597,24.804,31.850,29.998,220.000,220.000,2775.0,1281.5,2130.0,2764.5,2235.0,2767.7,1280.1,2223.4,83.0,27.0,0.0,0.0,92.0,25.3,100.0,0.0,1.2,0.0,39,39,はい,いいえ,いいえ,はい,いいえ,いいえ,いいえ,36.5,80.6,0,0,0,0,0,0,0,0,0,0,0,0,0,0,0,0,0,0,0,0,0,0,0,0,0,0,0,0,0,0,980,11302,11026,591,16.0,10.9,15.8,8.4,8.3,8.3,8.3,0.0,0.0,0.0,0.0,0.0,0.0,91.41,119.50,63.31,62.80,120.08,120.08,0.26,0.09,91.36,0.04,0.00,0,0,0.0,0.0,44297,39107,5.7,126.2,0,
19.7.2026,1:5:31.504,27854,6057,82.1,14060,17803,44.1,3.5,2048,71,1.272,1.260,1.275,1.275,1.275,1.275,1.275,4283.9,4112.6,5140.7,4112.6,4112.6,4112.6,4112.6,99.8,653.0,1116.5,111.9,1252.3,3213.6,666.7,748.1,181.6,189.4,78.5,172.6,48.1,57.1,653.0,12.6,21.1,2.7,23.6,62.7,12.7,12.7,4.1,2.8,2.0,4.0,1.4,1.6,62.7,12.6,16.4,25.6,2.7,32.4,84.5,16.7,18.0,4.4,4.1,1.9,4.4,1.1,1.4,16.4,42.9,41.2,51.5,41.2,41.2,41.2,41.2,0.0,26.1,26.6,85.0,29.4,8.3,5.2,2.3,46.9,73.4,15.0,70.6,91.7,14.5,16.1,27.0,0.0,0.0,0.0,0.0,80.4,81.5,2395.7,24.00,40,39,39,77,116,708,1,75.2,73.1,73.8,62.8,61.4,71.8,65.5,61.7,58.0,58.6,61.0,61.0,67.8,61.7,48.5,47.0,50.0,1.258,1.015,1.100,16.955,8.188,16.951,37.500,6.116,42.255,2.517,2.782,5.618,3.536,2.268,0.516,0.384,21.330,8.311,36.368,41.361,1996.4,2395.7,5149.2,5149.2,5146.3,47.0,22.6,25.0,47.0,86.0,いいえ,いいえ,いいえ,0.401,0.143,1.6,46.0,75.6,40.0,75.0,1.240,12.091,3.440,3.296,5.016,1.064,0.960,3.440,3.344,1.808,1.024,1.120,1.032,1.792,1.096,0.648,1.824,0.264,2048,いいえ,62.8,45.5,1.110,1.110,1.800,1.800,0.990,5.040,0.500,いいえ,いいえ,いいえ,44.2,1.110,1.110,1.800,1.800,0.990,5.040,0.250,いいえ,いいえ,いいえ,37,37,いいえ,はい,15388,14039,128,128,34,100.0,いいえ,いいえ,3868,2528,9990,44,46,54,100.0,100.0,いいえ,いいえ,7032,7744,0.0,0.0,0.0,0.000,0.002,1392,1012,0.0,0.0,0.0,0.000,0.000,181182,133153,0.0,0.0,0.0,0.000,0.034,66345,77747,64.1,0.720,45.000,600.0,2400.0,1200.0,100.0,0.0,0.0,0.0,0.0,0.0,0.0,0.0,0.0,125,2,16.0,86,いいえ,いいえ,いいえ,68.4,70.0,77.8,84.0,1.100,12.174,12.169,12.140,12.217,12.168,1553,1558,148.387,69.737,116.856,24.947,29.487,129.601,12.472,41.918,103.364,99.254,220.000,220.000,2775.0,1281.5,2130.0,2763.9,2235.0,2768.1,1280.4,2225.1,83.0,35.0,0.0,0.0,92.0,25.1,100.0,0.0,0.6,0.0,39,39,はい,いいえ,いいえ,はい,いいえ,いいえ,いいえ,72.2,69.1,0,0,0,0,0,0,0,0,0,0,0,0,0,0,0,0,0,0,0,0,0,0,0,0,0,0,0,0,0,0,980,11302,11026,591,16.0,10.9,15.8,8.4,8.3,8.3,8.3,0.0,0.0,0.0,0.0,0.0,0.0,91.41,119.50,63.31,62.80,120.08,120.08,0.26,0.09,91.36,0.04,0.00,0,0,0.0,0.0,44297,39107,7.2,222.1,0,
19.7.2026,1:5:33.501,27869,6042,82.1,14137,17726,44.3,3.5,2048,71,1.258,1.265,1.255,1.255,1.255,1.260,1.260,4055.5,4112.6,4112.6,5140.7,4112.6,3427.2,3427.2,99.8,681.5,1297.4,131.8,541.1,3587.9,558.2,1225.2,204.1,230.1,101.7,180.5,55.2,64.9,681.5,12.6,24.2,2.0,9.7,69.8,10.8,21.7,4.2,4.0,1.3,3.0,0.4,0.5,69.8,12.6,17.1,29.8,3.2,13.3,94.3,13.9,30.7,5.0,5.1,2.5,4.6,1.3,1.6,17.1,40.6,41.2,41.2,51.5,41.2,34.3,34.3,0.0,27.3,30.1,79.4,36.1,9.6,5.7,2.7,46.1,69.9,20.6,63.9,90.4,15.5,16.2,26.7,0.0,0.0,0.0,0.0,78.8,81.1,2395.7,24.00,40,39,39,77,116,708,1,75.2,73.3,71.2,63.1,61.8,71.4,66.5,62.1,58.2,58.8,61.0,61.0,67.2,62.1,48.5,47.0,50.0,1.257,1.015,1.100,17.409,8.239,17.415,40.500,6.101,42.972,2.633,2.989,5.515,3.907,2.367,0.606,0.414,21.897,8.363,36.972,41.984,1996.4,2395.7,5145.2,5145.2,5143.6,47.7,23.2,27.0,47.7,86.2,いいえ,いいえ,いいえ,0.503,0.178,1.6,46.0,75.2,40.0,75.0,1.264,12.091,3.440,3.296,5.016,1.064,0.960,3.440,3.344,1.808,1.024,1.120,1.032,1.792,1.096,0.648,1.824,0.264,2045,いいえ,62.8,45.5,1.110,1.110,1.800,1.800,0.990,5.040,0.250,いいえ,いいえ,いいえ,44.2,1.110,1.110,1.800,1.800,0.990,5.040,0.500,いいえ,いいえ,いいえ,37,37,いいえ,はい,15388,14039,128,128,34,100.0,いいえ,いいえ,3868,2528,9990,44,46,54,100.0,100.0,いいえ,いいえ,7032,7744,0.0,0.0,0.0,0.000,0.004,1392,1012,0.0,0.0,0.0,0.000,0.000,181182,133153,0.0,0.1,0.1,0.000,0.010,66345,77747,64.1,0.720,20.000,600.0,2400.0,1200.0,100.0,0.0,0.0,0.0,0.0,0.0,0.0,0.0,0.0,125,2,16.0,86,いいえ,いいえ,いいえ,68.6,70.0,78.2,84.0,1.100,12.165,12.161,12.128,12.212,12.159,1560,1558,145.150,74.714,123.195,28.261,31.969,137.467,14.128,46.082,120.323,96.290,220.000,220.000,2775.0,1281.5,2130.0,2764.7,2235.0,2765.8,1280.6,2224.4,84.0,37.0,1.0,0.0,92.0,25.3,100.0,0.0,1.2,0.0,39,39,はい,いいえ,いいえ,はい,いいえ,いいえ,いいえ,76.9,80.7,0,0,0,0,0,0,0,0,0,0,0,0,0,0,0,0,0,0,0,0,0,0,0,0,0,0,0,0,0,0,980,11302,11026,591,16.0,2.0,18.4,1.1,1.0,1.0,1.0,2.0,13.3,1.1,1.1,1.1,1.1,502.05,949.82,54.29,46.06,958.95,958.95,495.24,6.87,501.82,0.23,906.67,0,0,0.0,0.0,44297,39107,6.1,185.8,0,
19.7.2026,1:5:35.504,27686,6225,81.6,14509,17353,45.5,3.5,2048,71,1.163,1.200,1.120,1.125,1.105,1.195,1.230,4833.0,4841.3,4766.4,4791.4,4766.4,4966.0,4866.2,99.8,1716.9,2022.9,1354.9,2069.6,3363.3,1687.7,1936.7,1433.2,1424.7,1290.2,1380.4,1298.2,1341.2,1716.9,34.7,39.4,28.7,41.5,66.8,34.2,38.5,29.0,28.3,26.7,28.5,26.8,27.7,66.8,34.7,43.9,49.3,35.5,53.8,88.2,43.4,49.3,36.5,35.8,32.7,35.0,32.9,33.9,43.9,48.4,48.5,47.8,48.0,47.8,49.8,48.8,0.0,44.4,44.1,81.6,48.8,33.3,29.7,28.7,37.7,52.2,18.4,51.2,63.7,21.0,19.9,17.9,3.8,0.0,0.0,3.0,49.3,51.4,2395.7,24.00,40,39,39,77,116,708,1,82.1,76.5,83.4,67.5,64.7,74.2,70.4,67.7,63.0,65.0,61.4,61.4,69.2,62.6,48.6,47.0,50.0,1.221,1.015,1.100,23.197,8.522,23.150,66.000,6.129,49.668,3.900,3.707,6.248,4.694,3.797,2.499,2.455,28.028,8.648,43.417,48.819,1996.4,2395.7,5032.4,5032.4,5062.0,55.5,30.9,44.0,55.5,90.0,いいえ,いいえ,いいえ,6.946,3.132,2.7,46.0,75.4,40.0,75.0,1.264,12.091,3.440,3.312,5.016,1.064,0.960,3.440,3.344,1.808,1.024,1.120,1.032,1.792,1.096,0.648,1.824,0.264,2048,いいえ,62.8,45.5,1.110,1.110,1.800,1.800,0.990,5.040,0.250,いいえ,いいえ,いいえ,44.2,1.110,1.110,1.800,1.800,1.005,5.040,0.250,いいえ,いいえ,いいえ,37,37,いいえ,はい,15388,14039,128,128,34,100.0,いいえ,いいえ,3868,2528,9990,44,46,54,100.0,100.0,いいえ,いいえ,7032,7744,0.0,19.3,19.3,0.000,0.010,1392,1012,0.0,0.0,0.0,0.000,0.000,181182,133153,0.0,0.0,0.0,0.000,0.034,66345,77747,64.0,0.720,18.000,600.0,2400.0,1200.0,100.0,0.0,0.0,0.0,0.0,0.0,0.0,0.0,0.0,125,2,16.0,86,いいえ,いいえ,いいえ,65.2,70.0,73.6,84.0,1.100,12.204,12.204,12.163,12.246,12.203,1562,1560,141.411,57.980,96.240,22.773,27.829,107.875,11.385,39.152,93.179,65.412,220.000,220.000,2775.0,1281.5,2130.0,2764.2,2235.0,2774.9,1280.3,2228.5,90.0,48.0,0.0,0.0,92.0,25.2,100.0,0.0,0.8,0.0,39,39,はい,いいえ,いいえ,はい,いいえ,いいえ,いいえ,61.5,28.2,0,0,0,0,0,0,0,0,0,0,0,0,0,0,0,0,0,0,0,0,0,0,0,0,0,0,0,0,0,0,980,11302,11026,591,16.0,4.2,139.1,1.2,1.2,1.2,1.2,4.1,60.2,1.2,1.2,1.2,1.2,237.46,823.27,7.27,7.08,846.18,846.18,151.54,85.83,237.23,0.23,428.05,0,0,0.0,0.0,44297,39108,6.9,284.5,0,
19.7.2026,1:5:37.503,28038,5872,82.6,13697,18166,42.9,3.5,2048,71,1.268,1.285,1.265,1.265,1.265,1.265,1.265,4341.1,5140.7,4112.6,5140.7,4112.6,3427.2,4112.6,99.8,1327.8,2291.3,786.6,1743.0,2424.0,2402.6,1642.2,1059.5,1027.7,594.9,650.3,637.5,673.4,1327.8,26.7,40.4,15.7,34.8,48.5,47.8,33.0,22.2,20.5,13.3,14.5,14.3,15.1,48.5,26.7,34.7,53.5,20.4,45.4,63.3,62.8,43.2,28.5,26.7,16.8,18.3,18.0,19.1,34.7,43.5,51.5,41.2,51.5,41.2,34.3,41.2,0.0,43.2,47.7,69.4,68.4,32.8,20.7,20.2,45.0,46.0,30.6,31.6,67.2,46.0,48.4,11.8,6.3,0.0,0.0,0.0,33.3,31.3,2395.7,24.00,40,39,39,77,116,708,1,82.8,79.5,73.2,68.9,65.8,75.4,74.7,68.6,63.1,65.5,62.8,62.8,68.2,62.5,48.7,47.0,50.0,1.237,1.015,1.100,23.309,8.463,23.345,57.000,6.096,50.692,4.052,3.794,6.335,5.771,3.930,2.198,2.285,28.770,8.589,44.064,49.425,1996.4,2395.7,5038.2,5038.2,5044.1,56.2,31.1,38.0,56.2,93.5,いいえ,いいえ,いいえ,4.935,2.871,2.6,46.0,82.2,40.0,82.0,1.160,12.144,3.440,3.312,5.016,1.064,0.960,3.440,3.344,1.808,1.024,1.120,1.032,1.792,1.096,0.648,1.824,0.264,2051,いいえ,62.8,45.5,1.110,1.110,1.800,1.800,0.990,5.040,0.250,いいえ,いいえ,いいえ,44.2,1.110,1.110,1.800,1.800,0.990,5.040,0.875,いいえ,いいえ,いいえ,37,37,いいえ,はい,15388,14039,128,128,34,100.0,いいえ,いいえ,3868,2528,9990,44,46,54,100.0,100.0,いいえ,いいえ,7032,7744,0.0,0.0,0.0,0.000,0.004,1392,1012,0.0,0.0,0.0,0.000,0.000,181182,133153,0.0,0.0,0.0,0.000,0.012,66345,77747,64.1,0.720,26.000,600.0,2400.0,1200.0,100.0,0.0,0.0,0.0,0.0,0.0,0.0,0.0,0.0,125,2,16.0,86,いいえ,いいえ,いいえ,58.2,66.0,69.0,84.0,1.095,12.307,12.319,12.257,12.336,12.318,1571,1570,63.936,19.100,27.423,7.391,16.584,31.123,3.695,20.289,23.075,23.219,220.000,220.000,2775.0,1281.5,2145.0,2770.9,2235.0,2775.5,1280.3,2234.7,0.0,0.0,1.0,0.0,87.5,20.9,82.5,0.0,1.0,0.0,39,39,はい,いいえ,いいえ,はい,いいえ,いいえ,いいえ,21.7,21.6,0,0,0,0,0,0,0,0,0,0,0,0,0,0,0,0,0,0,0,0,0,0,0,0,0,0,0,0,0,0,1538,10744,10468,591,16.0,4.2,139.1,1.2,1.2,1.2,1.2,4.1,60.2,1.2,1.2,1.2,1.2,237.46,823.27,7.27,7.08,846.18,846.18,151.54,85.83,237.23,0.23,428.05,0,0,0.0,0.0,44297,39108,5.8,109.2,0,
19.7.2026,1:5:39.494,27999,5912,82.5,13824,18039,43.3,3.5,2048,71,1.264,1.260,1.265,1.265,1.265,1.265,1.265,4169.7,4112.6,4112.6,5140.7,4112.6,3427.2,4112.6,99.8,702.6,1452.9,130.5,973.8,832.9,3211.1,880.0,280.8,285.2,88.9,126.4,80.9,87.5,702.6,13.2,27.0,2.4,18.4,14.1,62.9,16.2,5.7,4.5,1.6,2.4,1.5,1.6,62.9,13.2,17.5,34.0,3.2,24.4,19.5,84.5,22.5,7.0,6.1,2.1,3.1,2.0,2.1,17.5,41.8,41.2,41.2,51.5,41.2,34.3,41.2,0.0,28.2,32.8,36.1,79.7,12.5,4.5,3.8,48.2,67.2,63.9,20.3,87.5,24.9,25.6,23.5,0.0,0.0,0.0,0.0,70.6,70.7,2395.7,24.00,40,39,39,77,116,708,1,80.5,74.0,72.2,64.3,62.9,67.4,72.3,63.9,59.1,60.4,61.8,61.8,67.5,62.3,48.7,47.0,50.0,1.263,1.015,1.100,18.000,8.162,18.010,41.000,6.138,43.865,2.809,3.127,4.032,5.562,2.650,0.758,0.723,22.748,8.284,37.785,42.817,1996.4,2395.7,5148.1,5148.1,5146.8,48.7,24.0,27.3,48.7,87.0,いいえ,いいえ,いいえ,0.751,0.266,1.7,46.0,82.9,40.0,82.0,1.280,12.038,3.440,3.312,5.040,1.072,0.960,3.440,3.344,1.808,1.024,1.120,1.032,1.792,1.104,0.648,1.824,0.264,2051,いいえ,62.8,45.5,1.110,1.110,1.800,1.800,0.990,5.040,0.250,いいえ,いいえ,いいえ,44.2,1.110,1.110,1.800,1.800,0.990,5.040,0.375,いいえ,いいえ,いいえ,37,37,いいえ,はい,15388,14039,128,128,34,100.0,いいえ,いいえ,3868,2528,9990,44,46,54,100.0,100.0,いいえ,いいえ,7032,7744,0.0,0.0,0.0,0.000,0.002,1392,1012,0.0,0.0,0.0,0.000,0.000,181182,133153,0.0,0.1,0.1,0.000,0.351,66345,77748,64.5,0.720,20.000,600.0,2400.0,1200.0,100.0,0.0,0.0,0.0,0.0,0.0,0.0,0.0,0.0,125,2,16.0,86,いいえ,いいえ,いいえ,65.8,66.0,74.3,84.0,1.095,12.177,12.175,12.135,12.223,12.175,1564,1567,36.264,64.176,111.971,27.687,31.515,126.064,13.843,45.314,45.511,111.506,220.000,220.000,2775.0,1281.5,2145.0,1577.5,2235.0,2766.7,1279.4,2229.3,84.0,56.0,1.0,1.0,92.7,22.2,88.1,0.0,0.7,0.0,39,39,はい,いいえ,いいえ,はい,いいえ,いいえ,いいえ,71.5,72.2,0,0,0,0,0,0,0,0,0,0,0,0,0,0,0,0,0,0,0,0,0,0,0,0,0,0,0,0,0,0,902,11380,11104,591,16.0,6.2,15.6,2.5,2.4,2.4,2.4,5.3,14.9,2.5,2.5,2.5,2.5,161.65,399.90,63.90,63.40,409.43,409.43,3.33,69.72,161.59,0.06,141.19,0,0,0.0,0.0,44297,39108,6.2,119.0,0,
19.7.2026,1:5:41.506,27925,5986,82.3,13869,17994,43.5,3.5,2048,71,1.263,1.255,1.265,1.265,1.265,1.265,1.265,3941.2,4112.6,3427.2,5140.7,3427.2,3427.2,4112.6,99.8,638.8,1077.3,78.0,844.9,819.9,3241.0,846.5,193.1,198.5,81.9,152.7,54.2,77.2,638.8,12.4,21.1,1.7,16.5,14.5,63.5,16.0,4.1,3.5,1.8,3.3,1.3,1.0,63.5,12.4,16.1,25.1,1.9,21.4,19.7,85.3,21.7,4.7,4.3,2.0,3.9,1.3,1.9,16.1,39.5,41.2,34.3,51.5,34.3,34.3,41.2,0.0,25.8,25.7,32.8,79.8,8.8,4.8,3.0,46.9,74.3,67.2,20.2,91.2,12.9,15.9,27.3,0.0,0.0,0.0,0.0,82.3,81.2,2395.7,24.00,40,39,39,77,116,708,1,78.6,73.0,71.2,63.2,61.5,66.3,71.2,62.7,58.2,59.2,61.2,61.2,68.0,62.3,48.7,47.0,50.0,1.258,1.015,1.100,16.727,8.128,16.728,39.500,6.143,42.002,2.484,2.726,3.691,5.297,2.302,0.477,0.411,21.051,8.250,36.059,41.058,1996.4,2395.7,5149.4,5149.4,5148.0,46.7,22.3,26.3,46.7,85.9,いいえ,いいえ,いいえ,0.405,0.139,1.5,46.0,80.5,40.0,80.0,1.272,12.038,3.440,3.296,5.016,1.064,0.960,3.440,3.344,1.808,1.024,1.120,1.032,1.792,1.096,0.648,1.824,0.264,2036,いいえ,62.8,45.5,1.110,1.110,1.800,1.800,0.990,5.040,0.250,いいえ,いいえ,いいえ,44.2,1.110,1.110,1.800,1.800,0.990,5.040,0.250,いいえ,いいえ,いいえ,37,37,いいえ,はい,15388,14039,128,128,34,100.0,いいえ,いいえ,3868,2528,9990,44,46,54,100.0,100.0,いいえ,いいえ,7032,7744,0.0,0.1,0.1,0.000,0.008,1392,1012,0.0,0.0,0.0,0.000,0.000,181182,133153,0.0,0.0,0.0,0.000,0.030,66345,77748,64.4,0.720,20.000,600.0,2400.0,1200.0,100.0,0.0,0.0,0.0,0.0,0.0,0.0,0.0,0.0,125,2,16.0,86,いいえ,いいえ,いいえ,68.8,70.0,78.3,84.0,1.100,12.185,12.182,12.148,12.229,12.181,1555,1554,133.184,73.135,114.135,26.459,30.539,127.643,13.228,43.722,129.517,99.839,220.000,220.000,2775.0,1281.5,2130.0,2767.7,2235.0,2763.5,1280.4,2224.2,91.0,54.0,1.0,0.0,92.0,25.2,100.0,0.0,0.9,0.0,39,39,はい,いいえ,いいえ,はい,いいえ,いいえ,いいえ,71.8,79.3,0,0,0,0,0,0,0,0,0,0,0,0,0,0,0,0,0,0,0,0,0,0,0,0,0,0,0,0,0,0,980,11302,11026,591,16.0,4.9,16.0,2.2,2.2,2.2,2.2,3.4,11.4,2.0,2.0,2.0,2.0,205.45,455.67,62.65,62.13,463.11,463.11,2.15,46.46,205.40,0.05,78.95,0,0,0.0,0.0,44297,39109,6.8,159.4,0,
19.7.2026,1:5:43.494,27848,6063,82.1,13949,17914,43.7,3.5,2048,71,1.260,1.260,1.260,1.260,1.260,1.260,1.260,4283.9,4112.6,4112.6,5140.7,4112.6,4112.6,4112.6,99.8,659.3,1191.1,112.1,1033.1,983.7,844.5,2924.8,228.8,212.7,74.4,178.2,50.6,77.2,659.3,12.4,22.5,2.1,19.9,17.3,16.2,56.8,4.6,3.5,0.5,3.5,0.8,1.3,56.8,12.4,16.5,27.2,2.7,26.5,23.5,21.9,76.8,5.6,4.7,1.8,4.5,1.2,1.9,16.5,42.9,41.2,41.2,51.5,41.2,41.2,41.2,0.0,26.7,28.4,40.2,73.5,9.9,5.3,2.8,46.7,71.6,59.8,26.5,90.1,11.7,20.5,26.6,0.0,0.0,0.0,0.0,83.0,76.7,2395.7,24.00,40,39,39,77,116,708,1,77.4,73.1,70.2,63.3,61.7,67.1,70.8,62.8,58.2,59.3,61.2,61.2,68.0,62.3,48.6,47.0,50.0,1.257,1.015,1.100,17.134,8.040,17.135,38.500,6.153,42.438,2.562,2.862,4.025,5.136,2.367,0.483,0.500,21.549,8.161,36.478,41.483,1996.4,2395.7,5147.0,5147.0,5145.8,47.1,22.8,25.7,47.1,86.0,いいえ,いいえ,いいえ,0.479,0.162,1.6,46.0,78.6,40.0,78.0,1.272,12.144,3.440,3.312,5.016,1.064,0.960,3.440,3.344,1.808,1.024,1.120,1.032,1.792,1.096,0.648,1.824,0.264,2030,いいえ,62.8,45.5,1.110,1.110,1.800,1.800,0.990,5.040,0.250,いいえ,いいえ,いいえ,44.2,1.110,1.110,1.815,1.800,0.990,5.040,0.375,いいえ,いいえ,いいえ,37,37,いいえ,はい,15388,14039,128,128,34,100.0,いいえ,いいえ,3868,2528,9990,44,46,54,100.0,100.0,いいえ,いいえ,7032,7744,0.0,0.0,0.0,0.000,0.000,1392,1012,0.0,0.0,0.0,0.000,0.000,181182,133153,0.0,0.0,0.0,0.000,0.002,66345,77748,64.3,0.720,20.000,600.0,2400.0,1200.0,100.0,0.0,0.0,0.0,0.0,0.0,0.0,0.0,0.0,125,2,16.0,86,いいえ,いいえ,いいえ,68.4,70.0,77.7,84.0,1.100,12.174,12.169,12.136,12.219,12.170,1555,1556,155.328,70.444,115.744,27.696,31.518,129.853,13.850,45.333,104.218,95.339,220.000,220.000,2775.0,1281.5,2130.0,2763.9,2235.0,2766.6,1279.9,2225.7,92.0,59.0,0.0,0.0,92.0,25.2,100.0,0.0,1.0,0.0,39,39,はい,いいえ,いいえ,はい,いいえ,いいえ,いいえ,73.2,80.0,0,0,0,0,0,0,0,0,0,0,0,0,0,0,0,0,0,0,0,0,0,0,0,0,0,0,0,0,0,0,980,11302,11026,591,16.0,5.7,16.3,1.4,1.3,1.3,1.3,4.9,28.6,1.4,1.3,1.3,1.3,176.88,725.74,61.53,61.49,766.43,766.43,2.65,61.69,176.83,0.05,230.52,0,0,0.0,0.0,44297,39109,7.0,198.8,0,
19.7.2026,1:5:45.493,27841,6069,82.1,13951,17912,43.7,3.5,2048,71,1.250,1.250,1.250,1.250,1.250,1.250,1.250,3941.2,4112.6,4112.6,5140.7,3427.2,3427.2,3427.2,99.8,630.1,969.9,80.9,554.4,1194.7,512.2,3469.5,181.4,248.7,71.0,145.1,43.8,89.6,630.1,12.1,18.2,1.4,10.8,21.7,9.7,67.6,3.5,4.6,1.2,2.9,0.7,2.4,67.6,12.1,15.9,22.0,1.9,13.9,29.5,13.2,91.3,4.4,5.8,1.7,3.7,1.0,2.2,15.9,39.5,41.2,41.2,51.5,34.3,34.3,34.3,0.0,25.5,23.2,35.0,77.6,9.6,4.6,3.0,47.2,76.8,65.0,22.4,90.4,14.1,14.2,27.4,0.0,0.0,0.0,0.0,81.3,82.8,2395.7,24.00,40,39,39,77,116,708,1,76.4,72.8,69.8,63.0,61.0,66.3,71.0,62.6,57.9,59.0,61.0,61.0,67.8,61.9,48.7,47.0,50.0,1.256,1.015,1.100,16.607,8.157,16.606,38.000,6.140,41.803,2.434,2.601,3.635,5.222,2.279,0.477,0.388,20.866,8.280,35.899,40.896,1996.4,2395.7,5147.8,5147.8,5147.4,46.5,22.1,25.3,46.5,85.6,いいえ,いいえ,いいえ,0.337,0.131,1.5,46.0,77.4,40.0,77.0,1.256,12.091,3.440,3.296,5.016,1.064,0.960,3.440,3.344,1.808,1.024,1.120,1.032,1.792,1.096,0.648,1.824,0.264,2030,いいえ,62.8,45.5,1.110,1.110,1.800,1.800,0.990,5.040,0.250,いいえ,いいえ,いいえ,44.2,1.110,1.110,1.800,1.815,0.990,5.040,0.250,いいえ,いいえ,いいえ,37,37,いいえ,はい,15388,14039,128,128,34,100.0,いいえ,いいえ,3868,2528,9990,44,46,54,100.0,100.0,いいえ,いいえ,7032,7744,0.0,0.1,0.1,0.000,0.010,1392,1012,0.0,0.0,0.0,0.000,0.000,181182,133153,0.0,0.0,0.0,0.000,0.014,66345,77748,64.2,0.720,19.000,600.0,2400.0,1200.0,100.0,0.0,0.0,0.0,0.0,0.0,0.0,0.0,0.0,125,2,16.0,86,いいえ,いいえ,いいえ,69.6,70.0,79.4,84.0,1.100,12.163,12.158,12.126,12.209,12.159,1553,1556,146.358,76.551,120.521,28.207,32.001,134.824,14.104,46.067,130.576,106.112,220.000,220.000,2775.0,1281.5,2130.0,2764.3,2235.0,2766.6,1280.3,2225.7,96.0,64.0,0.0,0.0,92.0,25.3,100.0,0.0,1.1,0.0,39,39,はい,いいえ,いいえ,はい,いいえ,いいえ,いいえ,75.7,83.5,0,0,0,0,0,0,0,0,0,0,0,0,0,0,0,0,0,0,0,0,0,0,0,0,0,0,0,0,0,0,980,11302,11026,591,16.0,2.8,15.7,1.5,1.5,1.5,1.5,1.3,1.3,1.3,1.3,1.3,1.3,360.75,657.76,63.74,58.29,663.82,663.82,1.94,69.68,360.69,0.06,22.05,0,0,0.0,0.0,44297,39110,7.6,252.4,0,
19.7.2026,1:5:47.493,27846,6065,82.1,14012,17851,43.9,3.5,2048,71,1.260,1.260,1.260,1.260,1.260,1.260,1.260,4055.5,4112.6,5140.7,4112.6,4112.6,3427.2,3427.2,99.8,648.4,1087.2,106.6,2690.2,912.9,553.2,1674.1,169.2,212.9,59.8,175.9,56.3,83.0,648.4,12.5,20.6,2.2,52.5,16.4,10.8,31.7,3.4,3.7,1.9,3.7,1.2,1.7,52.5,12.5,16.3,24.7,2.6,70.6,22.6,13.9,42.9,4.1,4.8,1.4,4.5,1.4,2.1,16.3,40.6,41.2,51.5,41.2,41.2,34.3,34.3,0.0,26.1,26.0,69.4,44.7,8.5,5.0,3.1,46.8,74.0,30.6,55.3,91.5,15.5,13.9,27.1,0.0,0.0,0.0,0.0,79.5,83.0,2395.7,24.00,40,39,39,77,116,708,1,75.8,73.0,73.8,62.9,61.3,70.2,67.2,62.0,58.0,58.8,61.0,61.0,67.8,61.9,48.7,47.0,50.0,1.257,1.015,1.100,16.867,8.119,16.863,38.500,6.085,42.071,2.511,2.740,5.093,4.031,2.264,0.537,0.400,21.211,8.241,36.145,41.142,1996.4,2395.7,5148.6,5148.6,5145.8,46.8,22.5,25.7,46.8,85.9,いいえ,いいえ,いいえ,0.425,0.143,1.6,46.0,76.4,40.0,76.0,1.264,12.091,3.440,3.296,5.016,1.064,0.960,3.440,3.344,1.808,1.024,1.120,1.032,1.792,1.096,0.648,1.824,0.264,2033,いいえ,62.8,45.5,1.110,1.110,1.800,1.800,1.005,5.040,0.500,いいえ,いいえ,いいえ,44.2,1.110,1.110,1.800,1.800,1.005,5.040,0.250,いいえ,いいえ,いいえ,37,37,いいえ,はい,15388,14039,128,128,34,100.0,いいえ,いいえ,3868,2528,9990,44,46,54,100.0,100.0,いいえ,いいえ,7032,7744,0.0,0.1,0.1,0.000,0.006,1392,1012,0.0,0.0,0.0,0.000,0.000,181182,133153,0.0,0.0,0.0,0.000,0.038,66345,77748,64.2,0.720,43.000,600.0,2400.0,1200.0,100.0,0.0,0.0,0.0,0.0,0.0,0.0,0.0,0.0,125,2,16.0,86,いいえ,いいえ,いいえ,69.4,72.0,78.8,84.0,1.100,12.162,12.157,12.122,12.211,12.159,1558,1554,151.633,72.733,120.749,29.298,32.863,135.581,14.663,47.509,103.464,97.733,220.000,220.000,2775.0,1281.5,2130.0,2764.6,2235.0,2766.8,1278.9,2223.7,95.0,58.0,1.0,0.0,92.0,25.4,100.0,0.0,1.4,0.0,39,39,はい,いいえ,いいえ,はい,いいえ,いいえ,いいえ,76.5,70.6,0,0,0,0,0,0,0,0,0,0,0,0,0,0,0,0,0,0,0,0,0,0,0,0,0,0,0,0,0,0,980,11302,11026,591,16.0,2.1,111.1,1.0,1.0,1.0,1.0,2.1,40.5,1.0,1.0,1.0,1.0,481.02,995.97,9.00,1.17,1007.41,1007.41,2.18,202.87,481.02,0.00,474.62,0,0,0.0,0.0,44298,39110,6.1,244.1,0,
19.7.2026,1:5:49.495,27855,6056,82.1,14058,17805,44.1,3.5,2048,71,1.257,1.265,1.255,1.255,1.255,1.255,1.255,3941.2,3427.2,4112.6,5140.7,4112.6,3427.2,3427.2,99.8,648.2,1104.6,143.5,3617.1,760.3,820.5,618.9,164.2,192.4,71.8,132.0,80.5,72.3,648.2,12.2,20.5,2.9,70.8,13.5,16.0,10.3,3.2,3.2,1.2,2.4,1.6,1.3,70.8,12.2,16.2,24.6,3.6,95.3,18.9,20.8,14.5,4.0,4.3,1.7,3.3,2.0,1.8,16.2,39.5,34.3,41.2,51.5,41.2,34.3,34.3,0.0,25.9,26.5,84.1,29.3,7.9,4.2,3.4,46.4,73.5,15.9,70.5,92.1,14.8,11.7,27.7,0.0,0.0,0.1,0.0,81.1,84.9,2395.7,24.00,40,39,39,77,116,708,1,75.4,73.1,70.2,62.9,61.3,71.8,65.6,61.8,57.9,58.8,61.0,61.0,68.2,62.3,48.7,47.0,50.0,1.258,1.015,1.100,16.422,8.081,16.427,37.000,6.090,41.520,2.495,2.757,5.586,3.528,2.239,0.498,0.363,20.670,8.202,35.572,40.577,1996.4,2395.7,5148.5,5148.5,5146.6,46.1,21.9,24.7,46.1,86.0,いいえ,いいえ,いいえ,0.416,0.144,1.6,46.0,75.8,40.0,75.0,1.272,12.038,3.440,3.296,5.016,1.064,0.960,3.440,3.344,1.808,1.024,1.120,1.032,1.792,1.096,0.648,1.824,0.264,2027,いいえ,62.8,45.5,1.110,1.110,1.800,1.800,1.005,5.040,0.250,いいえ,いいえ,いいえ,44.2,1.110,1.110,1.800,1.800,1.005,5.040,0.250,いいえ,いいえ,いいえ,37,37,いいえ,はい,15388,14039,128,128,34,100.0,いいえ,いいえ,3868,2528,9990,44,46,54,100.0,100.0,いいえ,いいえ,7032,7744,0.0,1.5,1.5,0.000,0.002,1392,1012,0.0,0.0,0.0,0.000,0.000,181182,133153,0.0,0.0,0.0,0.000,0.022,66345,77748,64.1,0.720,17.000,600.0,2400.0,1200.0,100.0,0.0,0.0,0.0,0.0,0.0,0.0,0.0,0.0,125,2,16.0,86,いいえ,いいえ,いいえ,69.1,70.0,78.6,84.0,1.100,12.196,12.194,12.158,12.238,12.195,1560,1556,151.551,57.571,96.325,22.168,27.355,107.637,11.085,38.384,97.781,59.829,220.000,220.000,2775.0,1281.5,2130.0,2764.1,2235.0,2765.0,1280.3,2224.6,92.0,44.0,0.0,0.0,92.0,25.2,100.0,0.0,0.8,0.0,39,39,はい,いいえ,いいえ,はい,いいえ,いいえ,いいえ,61.2,80.9,0,0,0,0,0,0,0,0,0,0,0,0,0,0,0,0,0,0,0,0,0,0,0,0,0,0,0,0,0,0,980,11302,11026,591,16.0,11.0,15.8,8.4,8.4,8.4,8.4,0.0,0.0,0.0,0.0,0.0,0.0,90.85,118.41,63.29,62.79,118.97,118.97,0.19,0.02,90.80,0.05,0.00,0,0,0.0,0.0,44298,39110,5.9,185.7,0,
19.7.2026,1:5:51.495,27850,6061,82.1,14116,17747,44.3,3.5,2048,71,1.248,1.260,1.245,1.245,1.245,1.245,1.245,3941.2,4112.6,4112.6,5140.7,3427.2,3427.2,3427.2,99.8,676.9,1358.8,135.8,2585.0,1646.4,816.1,807.3,185.7,223.0,65.3,168.3,63.4,67.7,676.9,12.9,25.5,2.8,50.5,31.3,15.7,13.6,3.8,3.7,1.2,3.4,1.3,1.3,50.5,12.9,16.9,31.3,3.3,67.9,42.5,20.6,18.9,4.5,4.9,1.5,4.3,1.5,1.6,16.9,39.5,41.2,41.2,51.5,34.3,34.3,34.3,0.0,27.2,31.7,81.3,33.6,9.1,4.8,2.9,46.1,68.3,18.7,66.4,90.9,16.5,15.7,26.7,0.0,0.0,0.0,0.0,78.7,81.3,2395.7,24.00,40,39,39,77,116,708,1,75.4,73.3,71.8,63.2,61.9,71.8,66.2,62.2,58.1,59.0,61.0,61.0,67.8,62.1,48.6,47.0,50.0,1.258,1.015,1.100,17.343,8.250,17.340,39.500,6.082,42.803,2.646,3.065,5.642,3.803,2.366,0.579,0.422,21.837,8.373,36.901,41.899,1996.4,2395.7,5146.1,5146.1,5145.1,47.6,23.1,26.3,47.6,86.2,いいえ,いいえ,いいえ,0.443,0.160,1.6,46.0,75.4,40.0,75.0,1.264,12.038,3.440,3.296,5.016,1.064,0.960,3.440,3.344,1.808,1.024,1.120,1.032,1.792,1.096,0.648,1.824,0.264,2027,いいえ,62.8,45.5,1.110,1.110,1.800,1.800,1.005,5.040,0.250,いいえ,いいえ,いいえ,44.2,1.095,1.110,1.800,1.800,1.005,5.040,0.375,いいえ,いいえ,いいえ,37,37,いいえ,はい,15388,14039,128,128,34,100.0,いいえ,いいえ,3868,2528,9990,44,46,54,100.0,100.0,いいえ,いいえ,7032,7744,0.0,19.1,19.1,0.000,0.010,1392,1013,0.0,0.0,0.0,0.000,0.000,181182,133153,0.0,0.0,0.0,0.000,0.095,66345,77748,64.1,0.720,37.000,600.0,2400.0,1200.0,100.0,0.0,0.0,0.0,0.0,0.0,0.0,0.0,0.0,125,2,16.0,86,いいえ,いいえ,いいえ,67.5,70.0,76.5,84.0,1.100,12.183,12.179,12.144,12.228,12.180,1558,1556,149.048,68.033,105.711,24.505,29.133,118.176,12.254,41.348,111.013,102.122,220.000,220.000,2775.0,1281.5,2130.0,2764.7,2235.0,2767.1,1280.3,2226.2,91.0,46.0,2.0,0.0,92.0,25.2,100.0,0.0,0.8,0.0,39,39,はい,いいえ,いいえ,はい,いいえ,いいえ,いいえ,66.8,47.5,0,0,0,0,0,0,0,0,0,0,0,0,0,0,0,0,0,0,0,0,0,0,0,0,0,0,0,0,0,0,980,11302,11026,591,16.0,3.7,15.1,2.1,2.1,2.1,2.1,0.0,0.0,0.0,0.0,0.0,0.0,267.64,469.09,66.18,62.48,473.20,473.20,1.39,39.26,267.59,0.05,0.00,0,0,0.0,0.0,44298,39111,6.1,182.6,0,
19.7.2026,1:5:53.508,27578,6333,81.3,14398,17465,45.1,3.5,2048,71,1.173,1.130,1.120,1.150,1.240,1.175,1.225,4907.8,4891.2,4841.3,4866.2,4966.0,4941.1,4941.1,99.8,1025.5,1428.0,584.5,1323.1,2820.5,1221.6,1438.1,645.8,713.0,485.3,564.4,507.5,573.7,1025.5,20.4,26.8,12.6,26.4,55.5,24.5,28.0,13.4,14.1,9.9,11.6,10.4,11.8,55.5,20.4,25.8,33.0,15.2,34.3,73.8,31.4,36.6,16.3,17.5,11.9,13.9,12.3,14.1,25.8,49.2,49.0,48.5,48.8,49.8,49.5,49.5,0.0,32.2,32.1,71.9,45.0,18.8,12.5,13.1,44.8,62.1,28.1,55.0,76.2,24.1,23.6,22.9,5.8,0.0,0.0,5.0,63.4,63.3,2395.7,24.00,40,39,39,77,116,708,1,79.4,74.6,84.0,64.9,62.8,71.7,69.0,64.4,59.7,61.6,61.0,61.0,69.0,62.7,48.7,47.0,50.0,1.240,1.015,1.100,19.589,8.280,19.539,66.000,6.089,45.191,3.136,3.124,5.567,4.537,2.878,1.329,1.378,24.230,8.404,39.332,44.455,1996.4,2395.7,5087.1,5087.1,5110.7,50.5,26.1,44.0,50.5,87.8,いいえ,いいえ,いいえ,3.078,1.494,1.9,46.0,75.4,40.0,75.0,1.256,12.038,3.440,3.296,5.016,1.064,0.960,3.440,3.344,1.808,1.024,1.120,1.032,1.792,1.096,0.648,1.824,0.264,2030,いいえ,62.8,45.5,1.110,1.110,1.800,1.800,1.005,5.040,0.250,いいえ,いいえ,いいえ,44.2,1.110,1.110,1.800,1.800,1.005,5.040,0.750,いいえ,いいえ,いいえ,37,37,いいえ,はい,15388,14039,128,128,34,100.0,いいえ,いいえ,3868,2528,9990,44,46,54,100.0,100.0,いいえ,いいえ,7032,7744,0.0,0.0,0.0,0.000,0.002,1392,1013,0.0,0.0,0.0,0.000,0.000,181182,133153,0.0,0.0,0.0,0.000,0.014,66345,77748,64.1,0.720,35.000,600.0,2400.0,1200.0,100.0,0.0,0.0,0.0,0.0,0.0,0.0,0.0,0.0,125,2,16.0,86,いいえ,いいえ,いいえ,68.6,72.0,77.8,84.0,1.100,12.159,12.153,12.123,12.204,12.154,1560,1561,148.331,62.682,122.232,28.316,32.017,136.600,14.147,46.139,26.567,95.435,220.000,220.000,2775.0,1281.5,2130.0,2764.4,2235.0,2766.7,1280.9,2224.9,88.0,53.0,2.0,0.0,92.0,25.2,100.0,0.0,0.8,0.0,39,39,はい,いいえ,いいえ,はい,いいえ,いいえ,いいえ,76.5,67.7,0,0,0,0,0,0,0,0,0,0,0,0,0,0,0,0,0,0,0,0,0,0,0,0,0,0,0,0,0,0,980,11302,11026,591,16.0,3.6,51.9,1.8,1.8,1.8,1.8,2.4,3.5,1.8,1.8,1.8,1.8,281.18,550.51,19.31,14.65,556.17,556.17,196.10,85.04,280.94,0.24,200.31,0,0,0.0,0.0,44298,39111,6.8,257.5,0,
19.7.2026,1:5:55.503,28280,5631,83.3,13848,18015,43.4,3.5,2048,71,1.266,1.270,1.265,1.265,1.265,1.265,1.265,4341.1,4112.6,5140.7,5140.7,4112.6,3427.2,4112.6,99.8,1925.5,2282.8,1491.4,2360.4,1839.5,3659.8,2304.4,1757.1,1740.8,1343.6,1407.4,1446.3,1472.2,1925.5,39.2,42.1,30.5,48.1,37.1,73.9,46.9,36.4,35.7,27.8,29.7,30.7,31.2,73.9,39.2,50.2,54.0,39.0,61.4,47.5,96.5,60.7,46.1,45.5,35.8,37.6,38.6,39.4,50.2,43.5,41.2,51.5,51.5,41.2,34.3,41.2,0.0,51.3,48.4,56.0,89.9,44.2,33.7,35.9,35.6,42.7,44.0,10.1,55.8,22.8,38.4,13.0,9.0,0.0,0.0,0.0,43.5,25.6,2395.7,24.00,40,39,39,77,116,708,1,83.4,81.3,76.1,70.9,66.4,73.4,80.1,71.9,65.0,68.7,62.9,62.9,68.0,62.4,48.8,47.0,50.0,1.217,1.015,1.100,25.572,8.666,25.612,64.000,6.106,53.405,4.459,3.817,5.204,7.366,4.443,2.735,3.189,30.873,8.794,46.383,52.005,1996.4,2395.7,4988.9,4988.9,4998.2,59.1,34.1,42.7,59.1,95.7,いいえ,いいえ,いいえ,8.557,4.350,3.1,46.0,79.0,40.0,79.0,1.168,12.144,3.440,3.312,5.040,1.064,0.960,3.440,3.344,1.808,1.024,1.120,1.032,1.792,1.096,0.648,1.824,0.264,2045,いいえ,62.8,45.5,1.110,1.110,1.800,1.800,1.005,5.040,0.625,いいえ,いいえ,いいえ,44.2,1.110,1.110,1.800,1.800,1.005,5.040,1.125,いいえ,いいえ,いいえ,37,37,いいえ,はい,15388,14039,128,128,34,100.0,いいえ,いいえ,3868,2528,9990,44,46,54,100.0,100.0,いいえ,いいえ,7032,7744,0.0,0.0,0.0,0.000,0.004,1392,1013,0.0,0.0,0.0,0.000,0.000,181182,133153,0.0,0.1,0.1,0.000,0.314,66345,77749,64.2,0.720,35.000,600.0,2400.0,1200.0,100.0,0.0,0.0,0.0,0.0,0.0,0.0,0.0,0.0,125,2,16.0,86,いいえ,いいえ,いいえ,58.6,66.0,69.3,84.0,1.095,12.286,12.298,12.232,12.315,12.298,1567,1568,102.486,19.136,27.511,7.379,16.526,31.206,3.690,20.228,23.270,23.278,220.000,220.000,2775.0,1281.5,2145.0,2766.9,2235.0,2774.9,1280.4,2235.1,1.0,0.0,1.0,0.0,87.5,22.7,89.9,0.0,1.0,0.0,39,39,はい,いいえ,いいえ,はい,いいえ,いいえ,いいえ,21.7,22.4,0,0,0,0,0,0,0,0,0,0,0,0,0,0,0,0,0,0,0,0,0,0,0,0,0,0,0,0,0,0,1538,10744,10468,591,16.0,3.6,51.9,1.8,1.8,1.8,1.8,2.4,3.5,1.8,1.8,1.8,1.8,281.18,550.51,19.31,14.65,556.17,556.17,196.10,85.04,280.94,0.24,200.31,0,0,0.0,0.0,44298,39111,9.6,103.5,0,
19.7.2026,1:5:57.499,28040,5871,82.6,13804,18059,43.3,3.5,2048,71,1.265,1.265,1.265,1.265,1.265,1.265,1.265,4209.6,4112.6,5115.8,5115.8,4092.6,3410.5,3410.5,99.8,782.6,1966.1,144.4,924.4,2926.2,1269.1,1089.6,273.0,334.9,116.7,164.1,89.2,92.8,782.6,14.6,37.4,2.0,17.0,56.8,23.9,20.0,5.1,5.1,2.6,2.8,1.3,1.2,56.8,14.6,19.6,48.3,3.4,23.2,76.3,32.2,27.1,6.7,6.8,2.8,4.1,2.1,2.2,19.6,42.2,41.2,51.2,51.2,41.0,34.2,34.2,0.0,31.4,42.3,75.2,47.4,13.7,5.8,4.1,49.0,57.7,24.8,52.6,86.3,32.7,39.5,19.7,0.0,0.0,0.0,0.0,61.5,56.4,2395.7,24.00,40,39,39,77,116,708,1,81.1,74.9,73.8,65.2,64.0,72.4,69.4,64.4,59.7,61.4,61.9,61.9,68.0,62.2,48.8,47.0,50.0,1.268,1.015,1.100,19.179,8.364,19.181,39.500,6.088,45.636,3.175,3.592,5.611,4.643,2.969,1.109,1.128,24.349,8.489,39.535,44.571,1996.4,2395.7,5149.6,5149.6,5145.9,50.6,25.6,26.3,50.6,88.1,いいえ,いいえ,いいえ,0.902,0.509,1.9,46.0,83.4,40.0,83.0,1.288,12.144,3.440,3.312,5.016,1.064,0.952,3.440,3.344,1.808,1.024,1.120,1.032,1.792,1.096,0.648,1.824,0.264,2039,いいえ,62.8,45.8,1.110,1.110,1.800,1.800,1.005,5.040,0.375,いいえ,いいえ,いいえ,44.2,1.110,1.110,1.800,1.815,1.005,5.040,0.625,いいえ,いいえ,いいえ,37,37,いいえ,はい,15388,14039,128,128,34,100.0,いいえ,いいえ,3868,2528,9990,44,46,54,100.0,100.0,いいえ,いいえ,7032,7744,0.0,0.1,0.1,0.000,0.006,1392,1013,0.0,0.0,0.0,0.000,0.000,181182,133153,0.0,0.1,0.1,0.000,0.112,66345,77749,64.6,0.720,30.000,600.0,2400.0,1200.0,100.0,0.0,0.0,0.0,0.0,0.0,0.0,0.0,0.0,125,2,16.0,86,いいえ,いいえ,いいえ,57.6,66.0,67.7,84.0,1.100,12.294,12.301,12.248,12.323,12.302,1567,1568,36.910,19.743,34.955,7.430,16.535,38.670,3.715,20.258,19.018,17.365,220.000,220.000,2790.0,1281.5,2145.0,2120.1,2250.0,2787.7,1280.8,2244.5,90.0,15.0,1.0,0.0,92.7,21.3,84.4,0.0,0.8,0.0,39,39,はい,いいえ,いいえ,はい,いいえ,いいえ,いいえ,25.1,25.1,0,0,0,0,0,0,0,0,0,0,0,0,0,0,0,0,0,0,0,0,0,0,0,0,0,0,0,0,0,0,902,11380,11104,591,16.0,6.4,16.9,3.9,3.9,3.9,3.9,0.0,0.0,0.0,0.0,0.0,0.0,156.37,253.72,59.02,57.23,255.71,255.71,1.66,39.99,156.32,0.05,0.00,0,0,0.0,0.0,44298,39112,6.9,136.8,0,
19.7.2026,1:5:59.504,27956,5955,82.4,13871,17992,43.5,3.5,2048,71,1.248,1.260,1.245,1.245,1.245,1.245,1.245,4055.5,4112.6,4112.6,5140.7,4112.6,3427.2,3427.2,99.8,628.3,987.1,100.3,763.7,2101.5,1977.5,820.8,206.8,206.9,90.7,99.4,112.8,72.7,628.3,12.3,18.5,2.5,15.2,40.1,38.9,14.8,4.7,3.5,2.3,2.5,2.8,1.9,40.1,12.3,15.8,22.3,2.4,19.6,54.4,51.6,20.6,5.0,4.7,2.2,2.5,2.8,1.8,15.8,40.6,41.2,41.2,51.5,41.2,34.3,34.3,0.0,25.3,23.7,56.0,55.3,9.2,3.9,4.0,47.8,76.3,44.0,44.7,90.8,14.6,16.5,26.8,0.0,0.0,0.0,0.0,81.5,79.5,2395.7,24.00,40,39,39,77,116,708,1,79.1,73.3,70.2,63.2,61.3,69.2,68.7,62.7,58.0,59.7,61.2,61.2,68.2,62.4,48.8,47.0,50.0,1.258,1.015,1.100,16.679,8.147,16.691,40.000,6.111,41.927,2.451,2.637,4.489,4.360,2.255,0.443,0.524,20.983,8.269,35.974,40.991,1996.4,2395.7,5146.2,5146.2,5146.0,46.6,22.3,26.7,46.6,86.2,いいえ,いいえ,いいえ,0.440,0.139,1.5,46.0,81.4,40.0,81.0,1.256,12.038,3.440,3.296,5.016,1.064,0.952,3.440,3.344,1.808,1.024,1.120,1.032,1.792,1.096,0.648,1.824,0.264,2039,いいえ,62.8,45.5,1.110,1.110,1.800,1.800,1.005,5.040,0.250,いいえ,いいえ,いいえ,44.2,1.110,1.110,1.800,1.800,1.005,5.040,0.250,いいえ,いいえ,いいえ,37,37,いいえ,はい,15388,14039,128,128,34,100.0,いいえ,いいえ,3868,2528,9990,44,46,54,100.0,100.0,いいえ,いいえ,7032,7744,0.0,0.0,0.0,0.000,0.004,1392,1013,0.0,0.0,0.0,0.000,0.000,181182,133153,0.0,0.0,0.0,0.000,0.020,66345,77749,64.5,0.720,19.000,600.0,2400.0,1200.0,100.0,0.0,0.0,0.0,0.0,0.0,0.0,0.0,0.0,125,2,16.0,86,いいえ,いいえ,いいえ,66.6,68.0,75.4,84.0,1.100,12.170,12.166,12.130,12.218,12.167,1553,1554,141.304,70.351,113.462,27.861,31.660,127.588,13.944,45.568,109.895,92.833,220.000,220.000,2775.0,1281.5,2130.0,2766.8,2235.0,2768.2,1280.1,2224.5,87.0,55.0,1.0,1.0,92.0,25.3,100.0,0.0,1.1,0.0,39,39,はい,いいえ,いいえ,はい,いいえ,いいえ,いいえ,72.3,76.9,0,0,0,0,0,0,0,0,0,0,0,0,0,0,0,0,0,0,0,0,0,0,0,0,0,0,0,0,0,0,980,11302,11026,591,16.0,6.4,16.9,3.9,3.9,3.9,3.9,0.0,0.0,0.0,0.0,0.0,0.0,156.37,253.72,59.02,57.23,255.71,255.71,1.66,39.99,156.32,0.05,0.00,0,0,0.0,0.0,44298,39112,6.3,199.9,0,
19.7.2026,1:6:1.500,27878,6033,82.2,13964,17899,43.8,3.5,2048,71,1.178,1.260,1.180,1.180,1.150,1.150,1.150,4481.4,4112.6,4866.2,4866.2,4891.2,3260.8,4891.2,99.8,653.9,1163.5,83.6,1385.3,1087.0,2461.4,859.1,233.1,195.0,68.9,155.6,67.8,87.1,653.9,12.5,22.4,1.6,27.1,19.4,47.9,15.6,4.9,3.2,1.2,3.2,1.4,1.7,47.9,12.5,16.4,27.2,2.0,35.9,26.5,64.6,21.6,5.7,4.2,1.6,3.9,1.6,2.1,16.4,44.9,41.2,48.8,48.8,49.0,32.7,49.0,0.0,26.5,27.5,48.5,65.1,9.7,4.7,3.5,47.0,72.5,51.5,34.9,90.3,16.2,16.6,26.5,0.0,0.0,0.0,0.0,79.1,80.0,2395.7,24.00,40,39,39,77,116,708,1,77.6,73.1,75.6,63.3,61.5,68.1,69.9,62.7,58.1,59.4,61.0,61.0,67.8,62.2,48.8,47.0,50.0,1.258,1.015,1.100,17.000,8.278,16.984,38.500,6.127,42.453,2.564,2.847,4.303,4.866,2.363,0.543,0.462,21.388,8.402,36.530,41.514,1996.4,2395.7,5147.7,5147.7,5147.0,47.2,22.6,25.7,47.2,86.0,いいえ,いいえ,いいえ,0.469,0.159,1.6,46.0,79.2,40.0,79.0,1.256,12.091,3.440,3.312,5.016,1.064,0.960,3.440,3.344,1.808,1.024,1.120,1.032,1.792,1.096,0.648,1.824,0.264,2042,いいえ,62.8,45.5,1.110,1.110,1.800,1.800,1.005,5.040,0.250,いいえ,いいえ,いいえ,44.2,1.110,1.110,1.800,1.800,1.005,5.040,0.375,いいえ,いいえ,いいえ,37,37,いいえ,はい,15388,14039,128,128,34,100.0,いいえ,いいえ,3868,2528,9990,44,46,54,100.0,100.0,いいえ,いいえ,7032,7744,0.0,0.0,0.0,0.000,0.002,1392,1013,0.0,0.0,0.0,0.000,0.000,181182,133153,0.0,0.0,0.0,0.000,0.010,66345,77749,64.3,0.720,20.000,600.0,2400.0,1200.0,100.0,0.0,0.0,0.0,0.0,0.0,0.0,0.0,0.0,125,2,16.0,86,いいえ,いいえ,いいえ,67.5,70.0,76.5,84.0,1.100,12.177,12.171,12.142,12.222,12.172,1549,1549,149.401,68.864,112.280,24.975,29.481,125.004,12.489,41.925,100.651,104.109,220.000,220.000,2775.0,1281.5,2130.0,2764.2,2235.0,2766.9,1280.1,2222.9,91.0,46.0,1.0,0.0,92.0,25.2,100.0,0.0,0.7,0.0,39,39,はい,いいえ,いいえ,はい,いいえ,いいえ,いいえ,70.1,53.8,0,0,0,0,0,0,0,0,0,0,0,0,0,0,0,0,0,0,0,0,0,0,0,0,0,0,0,0,0,0,980,11302,11026,591,16.0,6.4,16.9,3.9,3.9,3.9,3.9,0.0,0.0,0.0,0.0,0.0,0.0,156.37,253.72,59.02,57.23,255.71,255.71,1.66,39.99,156.32,0.05,0.00,0,0,0.0,0.0,44298,39113,6.8,198.8,0,
19.7.2026,1:6:3.492,27883,6028,82.2,13967,17896,43.8,3.5,2048,71,1.264,1.260,1.265,1.265,1.265,1.265,1.265,4055.5,4112.6,5140.7,4112.6,4112.6,3427.2,3427.2,99.8,645.5,1084.6,81.7,1129.9,1236.0,1941.5,1534.9,208.9,185.3,62.3,147.2,66.2,68.0,645.5,12.2,20.6,1.3,21.9,22.2,38.5,29.1,4.0,2.8,0.9,2.8,1.1,1.0,38.5,12.2,16.2,25.0,1.9,29.2,30.6,51.0,39.7,5.1,4.0,1.5,3.7,1.6,1.7,16.2,40.6,41.2,51.5,41.2,41.2,34.3,34.3,0.0,26.1,25.8,46.5,68.2,8.9,4.4,2.9,47.0,74.2,53.5,31.6,91.1,16.4,15.2,26.9,0.0,0.0,0.2,0.0,79.2,81.9,2395.7,24.00,40,39,39,77,116,708,1,76.8,73.3,74.2,63.2,61.3,68.0,70.1,62.6,58.1,59.2,61.0,61.0,68.2,62.1,48.8,47.0,50.0,1.258,1.015,1.100,17.118,8.272,17.127,40.500,6.106,42.564,2.524,2.737,4.261,4.866,2.304,0.553,0.426,21.541,8.396,36.654,41.663,1996.4,2395.7,5147.3,5147.3,5145.4,47.3,22.8,27.0,47.3,86.3,いいえ,いいえ,いいえ,0.375,0.142,1.6,46.0,77.6,40.0,77.0,1.264,12.091,3.440,3.312,5.016,1.064,0.952,3.440,3.344,1.808,1.024,1.120,1.032,1.792,1.096,0.648,1.824,0.264,2030,いいえ,62.8,45.5,1.110,1.110,1.800,1.800,1.005,5.040,0.375,いいえ,いいえ,いいえ,44.2,1.110,1.110,1.800,1.800,1.005,5.040,0.250,いいえ,いいえ,いいえ,37,37,いいえ,はい,15388,14039,128,128,34,100.0,いいえ,いいえ,3868,2528,9990,44,46,54,100.0,100.0,いいえ,いいえ,7032,7744,0.0,0.2,0.2,0.000,0.014,1392,1013,0.0,0.0,0.0,0.000,0.000,181182,133153,0.0,0.0,0.0,0.000,0.006,66345,77749,64.3,0.720,22.000,600.0,2400.0,1200.0,100.0,0.0,0.0,0.0,0.0,0.0,0.0,0.0,0.0,125,2,16.0,86,いいえ,いいえ,いいえ,64.7,70.0,72.9,84.0,1.100,12.179,12.175,12.140,12.225,12.177,1551,1551,147.428,67.668,108.850,25.202,29.742,121.690,12.615,42.312,103.043,97.893,220.000,220.000,2775.0,1281.5,2130.0,2763.6,2235.0,2772.3,1279.7,2229.3,91.0,48.0,1.0,0.0,92.0,25.2,100.0,0.0,0.9,0.0,39,39,はい,いいえ,いいえ,はい,いいえ,いいえ,いいえ,68.7,27.8,0,0,0,0,0,0,0,0,0,0,0,0,0,0,0,0,0,0,0,0,0,0,0,0,0,0,0,0,0,0,980,11302,11026,592,16.0,5.6,17.0,2.0,1.9,1.9,1.9,1.1,1.3,1.0,1.0,1.0,1.0,177.21,510.51,58.84,58.72,526.80,526.80,1.43,15.96,177.16,0.05,34.94,0,0,0.0,0.0,44298,39113,6.3,157.8,0,
19.7.2026,1:6:5.504,27876,6035,82.2,14017,17846,43.9,3.5,2048,71,1.237,1.260,1.280,1.220,1.220,1.220,1.220,4486.9,4112.6,4966.0,4866.2,4866.2,3244.1,4866.2,99.8,645.4,1101.7,111.8,894.3,811.1,758.9,3299.5,188.3,204.3,96.5,144.4,50.6,83.7,645.4,12.5,21.0,2.3,17.6,14.1,14.7,64.2,4.0,3.7,2.0,3.0,1.1,1.8,64.2,12.5,16.2,25.1,2.7,22.8,19.1,19.7,86.7,4.6,4.5,2.4,3.6,1.2,2.1,16.2,44.9,41.2,49.8,48.8,48.8,32.5,48.8,0.0,26.0,26.2,34.1,78.9,8.8,5.0,3.0,47.2,73.8,65.9,21.1,91.2,14.2,16.9,26.8,0.0,0.0,0.0,0.0,80.9,80.1,2395.7,24.00,40,39,39,77,116,708,1,76.0,73.0,80.1,63.0,61.2,66.3,71.0,62.5,58.0,59.1,60.9,60.9,67.5,62.3,48.8,47.0,50.0,1.257,1.015,1.100,16.981,8.139,16.974,37.000,6.112,42.279,2.499,2.751,3.736,5.252,2.287,0.533,0.437,21.351,8.261,36.335,41.324,1996.4,2395.7,5149.0,5149.0,5146.4,47.0,22.6,24.7,47.0,85.8,いいえ,いいえ,いいえ,0.410,0.149,1.6,46.0,76.8,40.0,76.0,1.264,12.038,3.440,3.312,5.016,1.064,0.952,3.440,3.344,1.808,1.024,1.120,1.032,1.792,1.096,0.648,1.824,0.264,2042,いいえ,62.8,45.5,1.110,1.110,1.800,1.800,1.005,5.040,0.250,いいえ,いいえ,いいえ,44.2,1.110,1.110,1.800,1.800,1.005,5.040,0.250,いいえ,いいえ,いいえ,37,37,いいえ,はい,15388,14039,128,128,34,100.0,いいえ,いいえ,3868,2528,9990,44,46,54,100.0,100.0,いいえ,いいえ,7032,7744,0.0,0.0,0.0,0.000,0.002,1392,1013,0.0,0.0,0.0,0.000,0.000,181182,133153,0.0,0.1,0.1,0.000,0.022,66345,77749,64.2,0.720,20.000,600.0,2400.0,1200.0,100.0,0.0,0.0,0.0,0.0,0.0,0.0,0.0,0.0,125,2,16.0,86,いいえ,いいえ,いいえ,67.7,70.0,76.9,84.0,1.100,12.159,12.155,12.121,12.206,12.155,1551,1549,149.093,72.091,118.295,28.540,32.218,132.755,14.270,46.463,106.635,97.549,220.000,220.000,2775.0,1281.5,2130.0,2764.8,2235.0,2762.0,1280.1,2220.9,93.0,52.0,1.0,0.0,92.0,25.2,100.0,0.0,1.0,0.0,39,39,はい,いいえ,いいえ,はい,いいえ,いいえ,いいえ,74.9,65.7,0,0,0,0,0,0,0,0,0,0,0,0,0,0,0,0,0,0,0,0,0,0,0,0,0,0,0,0,0,0,980,11302,11026,592,16.0,0.8,0.8,0.8,0.8,0.8,0.8,0.0,0.0,0.0,0.0,0.0,0.0,1305.35,1305.35,1305.35,1305.35,1305.35,1305.35,6.28,79.36,1305.30,0.04,0.00,0,0,0.0,0.0,44298,39113,6.9,245.8,0,
19.7.2026,1:6:7.495,27876,6035,82.2,14066,17796,44.1,3.5,2048,71,1.253,1.260,1.250,1.250,1.250,1.255,1.255,4055.5,4112.6,5140.7,3427.2,3427.2,4112.6,4112.6,99.8,643.7,1060.1,100.4,732.3,1631.8,611.0,2877.7,194.6,200.3,101.7,99.2,49.4,66.2,643.7,12.1,19.8,1.7,13.9,30.6,11.4,55.6,3.7,3.1,1.6,1.7,0.6,1.0,55.6,12.1,16.2,24.2,2.4,18.6,41.5,15.6,75.3,4.7,4.4,2.5,2.4,1.2,1.6,16.2,40.6,41.2,51.5,34.3,34.3,41.2,41.2,0.0,26.0,25.2,46.7,68.4,8.9,4.0,2.6,47.2,74.6,53.3,31.6,91.1,15.8,16.8,26.8,0.2,0.0,0.0,0.0,80.2,80.6,2395.7,24.00,40,39,39,77,116,708,1,75.6,72.8,73.8,62.9,61.1,67.6,69.7,62.1,57.9,58.8,60.9,60.9,68.5,62.2,48.8,47.0,50.0,1.255,1.015,1.100,16.894,8.258,16.901,39.000,6.107,42.230,2.478,2.680,4.146,4.876,2.244,0.504,0.416,21.207,8.382,36.307,41.318,1996.4,2395.7,5147.1,5147.1,5144.7,47.0,22.5,26.0,47.0,85.7,いいえ,いいえ,いいえ,0.440,0.149,1.6,46.0,76.0,40.0,76.0,1.280,12.091,3.440,3.296,5.016,1.064,0.952,3.440,3.344,1.808,1.024,1.120,1.032,1.792,1.096,0.648,1.824,0.264,2039,いいえ,62.8,45.5,1.110,1.110,1.800,1.800,1.005,5.040,0.250,いいえ,いいえ,いいえ,44.2,1.110,1.110,1.800,1.800,1.005,5.040,0.250,いいえ,いいえ,いいえ,37,37,いいえ,はい,15388,14039,128,128,34,100.0,いいえ,いいえ,3868,2528,9990,44,46,54,100.0,100.0,いいえ,いいえ,7032,7744,0.0,0.1,0.1,0.000,0.010,1392,1013,0.0,0.0,0.0,0.000,0.000,181182,133153,0.0,0.0,0.0,0.000,0.034,66345,77749,64.1,0.720,19.000,600.0,2400.0,1200.0,100.0,0.0,0.0,0.0,0.0,0.0,0.0,0.0,0.0,125,2,16.0,86,いいえ,いいえ,いいえ,69.7,70.0,79.5,84.0,1.100,12.179,12.170,12.153,12.225,12.169,1553,1551,151.397,68.552,117.396,22.880,27.709,129.018,11.439,39.093,102.038,98.842,220.000,220.000,2775.0,1281.5,2130.0,2764.2,2235.0,2768.5,1280.3,2225.5,94.0,45.0,0.0,0.0,92.0,25.3,100.0,0.0,1.1,0.0,39,39,はい,いいえ,いいえ,はい,いいえ,いいえ,いいえ,71.1,78.1,0,0,0,0,0,0,0,0,0,0,0,0,0,0,0,0,0,0,0,0,0,0,0,0,0,0,0,0,0,0,980,11302,11026,592,16.0,2.0,14.1,1.1,1.1,1.1,1.1,0.0,0.0,0.0,0.0,0.0,0.0,498.07,925.35,70.79,62.94,934.07,934.07,4.05,48.77,498.02,0.04,0.00,0,0,0.0,0.0,44298,39114,6.9,226.4,0,
19.7.2026,1:6:9.503,27879,6032,82.2,14112,17751,44.2,3.5,2048,71,1.273,1.265,1.275,1.275,1.275,1.275,1.275,4528.5,4112.6,4941.1,4941.1,4941.1,3294.1,4941.1,99.8,660.4,1226.2,99.2,3673.8,697.0,690.7,824.3,210.8,205.9,70.2,102.3,48.6,75.4,660.4,12.8,23.7,2.2,72.0,12.6,13.6,14.4,4.5,3.6,1.6,2.3,1.2,1.7,72.0,12.8,16.6,28.6,2.4,96.7,17.2,17.3,19.8,5.2,4.4,1.7,2.5,1.1,1.8,16.6,45.4,41.2,49.5,49.5,49.5,33.0,49.5,0.0,26.5,28.8,83.4,31.2,9.0,3.6,2.7,46.1,71.2,16.6,68.8,91.0,15.5,13.4,27.5,0.0,0.0,0.0,0.0,80.9,83.9,2395.7,24.00,40,39,39,77,116,708,1,75.4,73.3,80.6,62.9,61.5,71.9,65.7,62.0,57.7,58.7,60.9,60.9,67.5,61.9,48.7,47.0,50.0,1.259,1.015,1.100,17.004,8.306,16.998,39.500,6.122,42.520,2.569,2.907,5.683,3.640,2.363,0.457,0.365,21.412,8.431,36.577,41.567,1996.4,2395.7,5149.6,5149.6,5146.3,47.2,22.7,26.3,47.2,86.2,いいえ,いいえ,いいえ,0.409,0.141,1.6,46.0,75.5,40.0,75.0,1.272,12.038,3.440,3.296,5.016,1.064,0.952,3.440,3.344,1.808,1.024,1.120,1.032,1.792,1.096,0.648,1.824,0.264,2045,いいえ,62.8,45.5,1.110,1.110,1.800,1.815,1.005,5.040,0.250,いいえ,いいえ,いいえ,44.2,1.110,1.110,1.800,1.800,1.005,5.040,0.250,いいえ,いいえ,いいえ,37,37,いいえ,はい,15388,14039,128,128,34,100.0,いいえ,いいえ,3868,2528,9990,44,46,54,100.0,100.0,いいえ,いいえ,7032,7744,0.0,0.0,0.0,0.000,0.002,1392,1013,0.0,0.0,0.0,0.000,0.000,181182,133153,0.0,0.0,0.0,0.000,0.002,66345,77749,64.1,0.720,18.000,600.0,2400.0,1200.0,100.0,0.0,0.0,0.0,0.0,0.0,0.0,0.0,0.0,125,2,16.0,86,いいえ,いいえ,いいえ,69.4,72.0,78.7,84.0,1.100,12.172,12.167,12.135,12.218,12.167,1555,1556,149.078,69.158,117.937,26.889,30.945,131.581,13.444,44.358,96.232,91.874,220.000,220.000,2775.0,1281.5,2130.0,2764.5,2235.0,2764.1,1280.6,2224.6,94.0,53.0,1.0,0.0,92.0,25.3,100.0,0.0,1.2,0.0,39,39,はい,いいえ,いいえ,はい,いいえ,いいえ,いいえ,73.8,71.4,0,0,0,0,0,0,0,0,0,0,0,0,0,0,0,0,0,0,0,0,0,0,0,0,0,0,0,0,0,0,980,11302,11026,592,16.0,9.0,9.0,9.0,9.0,9.0,9.0,0.0,0.0,0.0,0.0,0.0,0.0,110.93,110.93,110.93,110.93,110.93,110.93,2.63,61.78,110.88,0.05,0.00,0,0,0.0,0.0,44298,39114,5.8,137.5,0,
19.7.2026,1:6:11.505,27212,6699,80.2,14041,17822,44.0,3.5,2048,71,1.185,1.185,1.185,1.185,1.185,1.185,1.185,4392.1,3294.1,4941.1,4941.1,4941.1,4941.1,3294.1,99.8,628.1,1209.4,120.3,2839.7,685.2,1207.0,665.4,183.5,224.5,85.1,169.6,76.8,70.9,628.1,11.4,22.8,0.7,55.7,11.8,23.5,11.3,3.6,3.6,0.8,2.7,0.0,0.5,55.7,11.4,15.7,28.1,2.9,74.7,16.6,31.0,15.8,4.5,4.9,2.0,4.3,1.9,1.7,15.7,44.0,33.0,49.5,49.5,49.5,49.5,33.0,0.0,25.2,28.1,67.8,37.8,9.0,5.1,3.2,47.9,64.9,32.2,62.2,85.0,21.8,21.5,26.9,7.0,0.0,0.0,6.1,73.1,75.2,2395.7,24.00,40,39,39,77,116,708,1,75.8,72.9,64.5,62.9,61.5,70.2,66.4,61.9,58.2,59.1,60.9,60.9,68.5,62.0,48.8,47.0,50.0,1.247,1.015,1.100,16.639,8.415,16.664,39.000,6.092,42.162,2.533,2.771,5.165,3.815,2.216,0.696,0.533,20.838,8.541,36.081,41.124,1996.4,2395.7,5114.2,5114.2,5139.7,46.7,22.2,26.0,46.7,85.7,いいえ,いいえ,いいえ,0.541,0.294,1.5,46.0,75.2,40.0,75.0,1.264,12.038,3.440,3.296,5.016,1.064,0.952,3.440,3.344,1.808,1.024,1.120,1.032,1.792,1.096,0.648,1.824,0.264,2036,いいえ,62.8,45.5,1.110,1.110,1.800,1.815,0.990,5.040,0.250,いいえ,いいえ,いいえ,44.2,1.110,1.110,1.800,1.815,1.005,5.040,0.250,いいえ,いいえ,いいえ,37,37,いいえ,はい,15388,14039,128,128,34,100.0,いいえ,いいえ,3868,2528,9990,44,46,54,100.0,100.0,いいえ,いいえ,7032,7744,0.0,0.0,0.0,0.000,0.004,1392,1013,0.0,0.0,0.0,0.000,0.000,181182,133153,0.0,0.0,0.0,0.000,0.047,66345,77749,64.0,0.720,24.000,600.0,2400.0,1200.0,100.0,0.0,0.0,0.0,0.0,0.0,0.0,0.0,0.0,125,2,16.0,86,いいえ,いいえ,いいえ,68.3,70.0,77.3,84.0,1.100,12.194,12.192,12.159,12.235,12.192,1558,1558,149.046,60.942,103.519,23.629,28.317,115.588,11.814,40.064,73.388,91.214,220.000,220.000,2775.0,1281.5,2130.0,2764.4,2235.0,2765.5,1280.6,2226.3,90.0,51.0,1.0,0.0,92.0,25.2,100.0,0.0,0.7,0.0,39,39,はい,いいえ,いいえ,はい,いいえ,いいえ,いいえ,65.3,54.3,0,0,0,0,0,0,0,0,0,0,0,0,0,0,0,0,0,0,0,0,0,0,0,0,0,0,0,0,0,0,980,11302,11026,592,16.0,3.5,16.9,1.1,1.1,1.1,1.1,2.0,10.9,1.1,1.1,1.1,1.1,282.22,871.34,59.12,58.41,895.50,895.50,2.24,51.79,282.17,0.05,24.56,0,0,0.0,0.0,44298,39115,6.6,279.3,0,
19.7.2026,1:6:13.522,26026,7885,76.7,12898,18965,40.4,3.5,2048,71,1.003,1.050,1.040,1.040,1.040,1.040,0.810,3959.5,4691.5,3593.5,3593.5,3593.5,3593.5,4691.5,99.8,141.2,132.2,77.3,431.0,182.7,282.0,155.7,86.2,65.9,57.6,142.0,33.1,48.5,141.2,2.6,2.7,2.2,7.7,3.0,5.3,2.9,0.7,1.1,1.0,2.7,1.4,0.9,7.7,2.6,3.4,3.3,1.9,10.6,4.3,6.9,3.9,2.0,1.5,1.4,3.6,0.8,1.2,3.4,39.7,47.0,36.0,36.0,36.0,36.0,47.0,0.0,5.6,4.6,11.4,8.6,3.2,3.9,1.7,41.5,26.3,88.6,91.4,27.3,10.2,5.1,53.0,69.1,0.0,0.0,69.6,85.9,93.2,2395.7,24.00,40,39,39,77,116,708,1,73.8,67.7,60.6,57.2,57.2,59.0,58.1,56.6,56.3,56.1,58.8,58.8,67.8,61.7,48.7,47.0,50.0,1.102,1.015,1.100,8.145,8.240,8.151,35.000,6.028,29.878,0.692,0.446,1.554,1.296,0.404,0.317,0.138,9.183,8.363,24.177,29.196,1996.4,2395.7,4787.5,4787.5,4901.1,33.2,10.9,23.3,33.2,79.6,いいえ,いいえ,いいえ,0.222,0.673,0.3,46.0,75.8,40.0,75.0,1.184,12.144,3.440,3.312,5.040,1.064,0.960,3.440,3.344,1.808,1.024,1.120,1.032,1.792,1.096,0.648,1.824,0.264,2042,いいえ,62.8,45.5,1.110,1.110,1.800,1.815,0.990,5.040,0.250,いいえ,いいえ,いいえ,44.2,1.110,1.110,1.800,1.815,0.990,5.040,0.250,いいえ,いいえ,いいえ,37,37,いいえ,はい,15388,14039,128,128,34,100.0,いいえ,いいえ,3868,2528,9990,44,46,54,100.0,100.0,いいえ,いいえ,7032,7744,0.0,31.6,31.6,0.000,0.006,1392,1013,0.0,0.0,0.0,0.000,0.000,181182,133153,0.0,0.0,0.0,0.000,0.063,66345,77749,64.1,0.720,29.000,600.0,2400.0,1200.0,100.0,0.0,0.0,0.0,0.0,0.0,0.0,0.0,0.0,125,2,16.0,86,いいえ,いいえ,いいえ,59.2,66.0,69.9,84.0,1.095,12.309,12.320,12.260,12.337,12.319,1567,1568,100.644,19.249,27.485,7.490,16.587,31.224,3.745,20.332,23.518,23.613,220.000,220.000,2775.0,1281.5,2145.0,2764.2,2235.0,2775.0,1280.6,2235.1,0.0,0.0,1.0,0.0,87.5,25.2,100.0,0.0,0.8,0.0,39,39,はい,いいえ,いいえ,はい,いいえ,いいえ,いいえ,21.7,22.4,0,0,0,0,0,0,0,0,0,0,0,0,0,0,0,0,0,0,0,0,0,0,0,0,0,0,0,0,0,0,1535,10747,10470,588,16.0,3.5,16.9,1.1,1.1,1.1,1.1,2.0,10.9,1.1,1.1,1.1,1.1,282.22,871.34,59.12,58.41,895.50,895.50,2.24,51.79,282.17,0.05,24.56,0,0,0.0,0.0,44298,39115,6.5,196.6,0,
19.7.2026,1:6:15.514,25909,8002,76.4,12897,18966,40.4,3.5,2048,71,1.040,1.040,1.040,1.040,1.040,1.040,1.040,4691.5,4691.5,4691.5,4691.5,4691.5,4691.5,4691.5,99.8,106.4,41.7,27.5,289.5,130.6,273.7,140.3,62.8,76.2,75.9,79.6,26.9,51.8,106.4,1.9,2.2,0.0,5.5,2.6,4.9,2.5,0.7,1.7,1.0,1.2,0.1,0.6,5.5,1.9,2.6,2.1,0.6,7.0,3.0,6.7,3.0,1.4,1.8,1.8,2.0,0.6,1.2,2.6,47.0,47.0,47.0,47.0,47.0,47.0,47.0,0.0,4.3,2.7,7.9,7.8,2.8,3.2,1.5,39.3,20.4,92.1,92.2,19.7,8.2,2.9,56.4,76.9,0.0,0.0,77.4,88.6,95.6,2395.7,24.00,40,39,39,77,116,708,1,71.9,66.9,60.1,55.7,55.8,57.1,56.4,55.2,54.9,55.0,57.6,57.6,67.2,61.4,48.5,47.0,50.0,1.039,1.015,1.100,6.492,8.055,6.493,23.000,6.016,27.169,0.460,0.211,1.051,1.023,0.239,0.159,0.079,6.775,8.176,21.569,26.557,1996.4,2395.7,4668.4,4668.4,4717.7,30.2,8.7,15.3,30.2,78.7,いいえ,いいえ,いいえ,0.155,0.038,0.3,46.0,73.9,40.0,73.0,1.056,12.144,3.440,3.328,5.040,1.064,0.960,3.440,3.344,1.808,1.024,1.120,1.040,1.792,1.096,0.648,1.824,0.264,2045,いいえ,62.8,45.5,1.110,1.110,1.800,1.815,0.990,5.040,0.250,いいえ,いいえ,いいえ,44.2,1.095,1.110,1.800,1.815,0.990,5.040,0.500,いいえ,いいえ,いいえ,37,37,いいえ,はい,15388,14039,128,128,34,100.0,いいえ,いいえ,3868,2528,9990,44,46,54,100.0,100.0,いいえ,いいえ,7032,7744,0.0,6.6,6.6,0.000,0.004,1392,1013,0.0,0.0,0.0,0.000,0.000,181182,133153,0.0,0.0,0.0,0.000,0.006,66345,77749,63.7,0.720,10.000,600.0,2400.0,1200.0,100.0,0.0,0.0,0.0,0.0,0.0,0.0,0.0,0.0,125,2,16.0,86,いいえ,いいえ,いいえ,55.2,66.0,66.8,84.0,0.925,12.324,12.337,12.274,12.348,12.336,1567,1570,33.086,10.148,8.556,3.898,13.710,10.508,1.949,15.666,13.378,13.515,220.000,220.000,435.0,625.2,1995.0,2775.0,1995.0,435.3,624.4,1994.6,0.0,1.0,0.0,0.0,87.5,11.9,46.9,0.0,0.7,0.0,39,39,はい,いいえ,いいえ,いいえ,いいえ,はい,いいえ,11.0,11.4,0,0,0,0,0,0,0,0,0,0,0,0,0,0,0,0,0,0,0,0,0,0,0,0,0,0,0,0,0,0,1535,10747,10470,591,16.0,0.4,0.4,0.4,0.4,0.4,0.4,0.4,0.4,0.4,0.4,0.4,0.4,2541.00,2541.00,2541.00,2541.00,2541.00,2541.00,3.77,78.55,2540.97,0.04,2520.80,0,0,0.0,0.0,44298,39115,6.5,141.5,0,
19.7.2026,1:6:17.510,25909,8002,76.4,12897,18966,40.4,3.5,2048,71,1.051,1.055,1.050,1.050,1.050,1.050,1.050,4430.9,4691.5,4691.5,4691.5,3127.7,4691.5,4691.5,99.8,108.1,48.6,41.4,305.7,137.5,230.7,137.3,62.1,61.8,73.4,135.5,21.3,42.1,108.1,2.1,1.1,1.7,4.8,1.8,4.5,1.9,2.0,0.4,1.5,3.7,0.5,1.7,4.8,2.1,2.6,2.0,1.0,7.3,3.2,5.6,3.3,1.4,1.4,1.8,3.4,0.5,1.0,2.6,44.4,47.0,47.0,47.0,31.3,47.0,47.0,0.0,4.4,2.9,8.3,7.1,2.6,4.1,1.3,39.6,19.5,91.7,92.9,22.2,8.4,3.0,56.0,77.6,0.0,0.0,75.2,87.5,95.7,2395.7,24.00,40,39,39,77,116,708,1,70.5,66.7,60.5,55.5,55.4,56.8,56.1,54.9,54.7,54.8,57.3,57.3,66.8,61.1,48.3,47.0,50.0,1.040,1.015,1.100,6.584,8.246,6.585,22.500,5.986,27.443,0.464,0.209,1.093,0.966,0.228,0.217,0.069,6.877,8.370,21.832,26.821,1996.4,2395.7,4674.1,4674.1,4717.7,30.5,8.8,15.0,30.5,78.4,いいえ,いいえ,いいえ,0.164,0.037,0.3,46.0,71.0,40.0,71.0,1.056,12.144,3.440,3.328,5.040,1.064,0.960,3.440,3.344,1.808,1.024,1.120,1.040,1.792,1.096,0.648,1.824,0.264,2048,いいえ,62.8,45.5,1.110,1.110,1.800,1.815,0.990,5.040,0.500,いいえ,いいえ,いいえ,44.2,1.110,1.110,1.800,1.815,0.990,5.040,0.250,いいえ,いいえ,いいえ,37,37,いいえ,はい,15388,14039,128,128,34,100.0,いいえ,いいえ,3868,2528,9990,44,46,54,100.0,100.0,いいえ,いいえ,7032,7744,0.0,1.2,1.2,0.000,0.002,1392,1013,0.0,0.0,0.0,0.000,0.000,181182,133153,0.0,0.0,0.0,0.000,0.000,66345,77749,63.3,0.720,4.000,600.0,2400.0,1200.0,100.0,0.0,0.0,0.0,0.0,0.0,0.0,0.0,0.0,125,2,16.0,86,いいえ,いいえ,いいえ,53.9,64.0,65.5,84.0,0.925,12.323,12.337,12.273,12.348,12.336,1558,1561,24.070,10.086,8.385,3.973,13.684,10.372,1.986,15.673,13.323,13.292,220.000,220.000,210.0,625.2,1995.0,340.9,1995.0,209.9,624.7,1995.6,2.0,1.0,1.0,0.0,87.5,9.0,35.3,0.0,0.8,0.0,37,37,はい,いいえ,いいえ,いいえ,いいえ,はい,いいえ,10.9,10.9,0,0,0,0,0,0,0,0,0,0,0,0,0,0,0,0,0,0,0,0,0,0,0,0,0,0,0,0,0,0,1535,10747,10470,591,16.0,0.4,0.4,0.4,0.4,0.4,0.4,0.4,0.4,0.4,0.4,0.4,0.4,2541.00,2541.00,2541.00,2541.00,2541.00,2541.00,3.77,78.55,2540.97,0.04,2520.80,0,0,0.0,0.0,44298,39116,6.1,160.3,0,
19.7.2026,1:6:19.519,25908,8003,76.4,12896,18966,40.4,3.5,2048,71,1.043,1.055,1.040,1.040,1.040,1.040,1.040,3909.6,3127.7,4691.5,4691.5,4691.5,3127.7,3127.7,99.8,107.7,53.7,30.1,354.9,100.2,228.1,148.3,57.6,48.7,70.8,127.3,27.1,45.0,107.7,2.4,2.1,0.7,6.4,2.0,4.4,3.0,1.1,0.9,2.2,2.8,1.5,1.1,6.4,2.4,2.6,2.3,0.6,8.4,2.4,5.4,3.6,1.3,1.1,1.7,3.2,0.6,1.1,2.6,39.2,31.3,47.0,47.0,47.0,31.3,31.3,0.0,4.4,2.8,8.6,7.3,2.2,4.0,1.5,39.5,25.1,91.4,92.7,17.7,7.7,2.6,56.1,72.1,0.0,0.0,80.1,88.3,95.8,2395.7,24.00,40,39,39,77,116,708,1,69.5,66.4,60.1,55.1,55.2,56.5,55.7,54.6,54.4,54.4,57.1,57.1,66.0,60.6,48.1,47.0,50.0,1.041,1.015,1.100,6.388,7.811,6.387,26.500,5.427,26.127,0.459,0.249,1.072,0.964,0.192,0.201,0.073,6.671,7.928,20.568,25.554,1996.4,2395.7,4674.9,4674.9,4717.7,29.0,8.5,17.7,29.0,78.2,いいえ,いいえ,いいえ,0.156,0.038,0.3,46.0,70.5,40.0,70.0,1.056,12.144,3.440,3.328,5.040,1.064,0.960,3.440,3.344,1.808,1.024,1.120,1.040,1.792,1.096,0.648,1.824,0.264,2002,いいえ,62.8,45.5,1.110,1.110,1.800,1.815,0.990,5.040,0.250,いいえ,いいえ,いいえ,44.2,1.110,1.110,1.800,1.815,0.990,5.040,0.375,いいえ,いいえ,いいえ,37,37,いいえ,はい,15388,14039,128,128,34,100.0,いいえ,いいえ,3868,2528,9990,44,46,54,100.0,100.0,いいえ,いいえ,7032,7744,0.0,0.1,0.1,0.000,0.012,1392,1013,0.0,0.0,0.0,0.000,0.000,181182,133153,0.0,0.0,0.0,0.000,0.004,66345,77749,63.1,0.720,6.000,600.0,2400.0,1200.0,100.0,0.0,0.0,0.0,0.0,0.0,0.0,0.0,0.0,125,2,16.0,86,いいえ,いいえ,いいえ,53.0,62.0,64.6,84.0,0.925,12.325,12.335,12.286,12.344,12.334,1521,1518,22.530,8.228,9.288,1.061,8.833,9.813,0.530,9.368,13.640,13.291,220.000,220.000,210.0,101.2,1995.0,210.0,1995.0,210.2,101.0,1994.1,2.0,3.0,1.0,0.0,87.5,11.2,44.2,0.0,0.7,0.0,35,35,はい,いいえ,いいえ,いいえ,いいえ,はい,いいえ,8.5,8.6,0,0,0,0,0,0,0,0,0,1,0,0,0,0,0,0,0,0,0,0,0,0,0,0,0,0,0,0,0,0,1535,10747,10470,591,5.0,0.4,0.4,0.4,0.4,0.4,0.4,0.4,0.4,0.4,0.4,0.4,0.4,2541.00,2541.00,2541.00,2541.00,2541.00,2541.00,3.77,78.55,2540.97,0.04,2520.80,0,0,0.0,0.0,44298,39116,6.1,160.3,0,
19.7.2026,1:6:21.521,25910,8001,76.4,12897,18966,40.4,3.5,2048,71,1.050,1.055,1.045,1.045,1.045,1.055,1.055,3909.6,3127.7,4691.5,4691.5,4691.5,3127.7,3127.7,99.8,109.5,42.7,33.0,384.8,117.9,230.9,110.3,62.5,58.1,65.4,143.3,21.2,43.5,109.5,2.0,1.7,0.5,6.7,2.1,4.3,1.9,0.9,0.8,1.2,2.9,0.3,0.8,6.7,2.0,2.7,2.1,0.7,9.1,2.9,5.6,2.6,1.4,1.3,1.6,3.6,0.5,1.0,2.7,39.2,31.3,47.0,47.0,47.0,31.3,31.3,0.0,4.5,2.8,9.5,6.7,2.4,4.3,1.4,39.0,18.0,90.5,93.3,22.7,6.5,2.9,56.5,79.2,0.0,0.0,74.9,89.2,95.6,2395.7,24.00,40,39,39,77,116,708,1,68.6,66.2,60.0,54.9,55.0,56.3,55.5,54.5,54.2,54.2,56.8,56.8,66.0,60.3,48.0,47.0,50.0,1.040,1.015,1.100,6.495,7.695,6.496,26.500,5.303,25.999,0.456,0.193,1.109,0.936,0.237,0.190,0.070,6.780,7.810,20.424,25.413,1996.4,2395.7,4677.6,4677.6,4717.7,28.9,8.7,17.7,28.9,77.9,いいえ,いいえ,いいえ,0.169,0.039,0.3,46.0,69.4,40.0,69.0,1.056,12.197,3.440,3.328,5.040,1.064,0.960,3.440,3.344,1.808,1.024,1.120,1.040,1.792,1.096,0.648,1.824,0.264,1994,いいえ,62.8,45.5,1.110,1.110,1.800,1.800,0.990,5.040,0.250,いいえ,いいえ,いいえ,44.2,1.110,1.110,1.800,1.800,0.990,5.040,0.375,いいえ,いいえ,いいえ,37,37,いいえ,はい,15388,14039,128,128,34,100.0,いいえ,いいえ,3868,2528,9990,44,46,54,100.0,100.0,いいえ,いいえ,7032,7744,0.0,0.0,0.0,0.000,0.002,1392,1013,0.0,0.0,0.0,0.000,0.000,181182,133153,0.0,0.0,0.0,0.000,0.000,66345,77749,62.8,0.720,13.000,600.0,2400.0,1200.0,100.0,0.0,0.0,0.0,0.0,0.0,0.0,0.0,0.0,125,2,16.0,86,いいえ,いいえ,いいえ,52.0,60.0,63.4,84.0,0.860,12.317,12.326,12.283,12.335,12.324,1467,1465,15.655,5.616,4.426,0.394,8.303,4.626,0.197,8.513,9.164,9.305,220.000,220.000,210.0,50.6,1185.0,210.0,1290.0,209.9,50.5,1398.6,1.0,7.0,0.0,0.0,87.5,4.1,15.2,0.0,1.0,0.0,33,33,はい,いいえ,いいえ,いいえ,いいえ,はい,いいえ,5.9,6.6,0,0,0,0,0,0,0,0,0,2,0,0,0,0,0,0,0,0,0,0,0,0,0,0,0,0,0,0,0,0,1535,10747,10470,591,2.5,0.5,17.5,0.2,0.2,0.2,0.2,0.2,0.2,0.2,0.2,0.2,0.2,2203.09,6361.55,57.20,57.11,6490.11,6490.11,2.65,26.37,2203.05,0.04,24.26,0,0,0.0,0.0,44298,39116,5.9,143.5,0,
19.7.2026,1:6:23.514,25910,8001,76.4,12897,18966,40.4,3.5,2048,71,1.050,1.055,1.045,1.045,1.045,1.055,1.055,3909.6,3127.7,4691.5,4691.5,4691.5,3127.7,3127.7,99.8,109.5,42.7,33.0,384.8,117.9,230.9,110.3,62.5,58.1,65.4,143.3,21.2,43.5,109.5,2.0,1.7,0.5,6.7,2.1,4.3,1.9,0.9,0.8,1.2,2.9,0.3,0.8,6.7,2.0,2.7,2.1,0.7,9.1,2.9,5.6,2.6,1.4,1.3,1.6,3.6,0.5,1.0,2.7,39.2,31.3,47.0,47.0,47.0,31.3,31.3,0.0,4.5,2.8,9.5,6.7,2.4,4.3,1.4,39.0,18.0,90.5,93.3,22.7,6.5,2.9,56.5,79.2,0.0,0.0,74.9,89.2,95.6,2395.7,24.00,40,39,39,77,116,708,1,68.6,66.2,60.0,54.9,55.0,56.3,55.5,54.5,54.2,54.2,56.8,56.8,66.0,60.3,48.0,47.0,50.0,1.040,1.015,1.100,6.495,7.695,6.496,26.500,5.303,25.999,0.456,0.193,1.109,0.936,0.237,0.190,0.070,6.780,7.810,20.424,25.413,1996.4,2395.7,4677.6,4677.6,4717.7,28.9,8.7,17.7,28.9,77.9,いいえ,いいえ,いいえ,0.169,0.039,0.3,46.0,68.6,40.0,68.0,1.016,12.197,3.440,3.328,5.040,1.064,0.968,3.440,3.344,1.808,1.024,1.120,1.040,1.792,1.096,0.648,1.824,0.264,1923,いいえ,62.8,45.5,1.110,1.110,1.800,1.800,1.005,5.040,0.500,いいえ,いいえ,いいえ,44.2,1.110,1.110,1.800,1.800,1.005,5.040,0.250,いいえ,いいえ,いいえ,37,37,いいえ,はい,15388,14039,128,128,34,100.0,いいえ,いいえ,3868,2528,9990,44,46,54,100.0,100.0,いいえ,いいえ,7032,7744,0.0,0.0,0.0,0.000,0.002,1392,1013,0.0,0.0,0.0,0.000,0.000,181182,133153,0.0,0.0,0.0,0.000,0.000,66345,77749,62.5,0.720,13.000,600.0,2400.0,1200.0,100.0,0.0,0.0,0.0,0.0,0.0,0.0,0.0,0.0,125,2,16.0,86,いいえ,いいえ,いいえ,51.3,60.0,62.7,84.0,0.860,12.322,12.331,12.287,12.340,12.330,1410,1405,12.968,5.614,4.491,0.419,8.294,4.702,0.210,8.507,9.075,9.212,220.000,220.000,210.0,50.6,1185.0,210.0,1290.0,210.1,50.5,1398.9,2.0,6.0,1.0,0.0,87.5,0.4,0.7,0.0,1.0,0.0,32,32,はい,いいえ,いいえ,いいえ,いいえ,はい,いいえ,5.9,6.2,0,0,0,0,0,0,0,0,0,2,0,0,0,0,0,0,0,0,0,0,0,0,0,0,0,0,0,0,0,0,1535,10747,10470,591,2.5,0.5,17.5,0.2,0.2,0.2,0.2,0.2,0.2,0.2,0.2,0.2,0.2,2203.09,6361.55,57.20,57.11,6490.11,6490.11,2.65,26.37,2203.05,0.04,24.26,0,0,0.0,0.0,44298,39116,5.9,143.5,0,
19.7.2026,1:6:25.532,25910,8001,76.4,12896,18967,40.4,3.5,2048,71,1.040,1.035,1.035,1.035,1.035,1.050,1.050,4170.3,3127.7,4691.5,4691.5,3127.7,4691.5,4691.5,99.8,118.2,69.1,37.7,389.4,147.5,276.5,165.2,71.4,49.3,77.0,90.6,22.9,21.4,118.2,2.5,2.0,1.3,6.9,3.4,5.1,2.7,1.9,1.4,2.1,1.6,0.0,1.0,6.9,2.5,2.9,2.5,0.9,9.4,3.7,6.8,3.8,1.6,1.1,1.8,2.3,0.5,0.5,2.9,41.8,31.3,47.0,47.0,31.3,47.0,47.0,0.0,4.8,3.3,10.0,8.3,2.6,3.3,1.0,40.4,25.9,90.0,91.7,20.2,10.5,3.9,54.9,70.7,0.0,0.0,77.2,86.1,95.2,2395.7,24.00,40,39,39,77,116,708,1,67.5,66.0,59.1,54.5,54.6,56.0,55.1,54.0,53.9,53.7,56.4,56.4,66.2,60.0,48.0,46.9,50.0,1.040,1.015,1.100,6.477,7.641,6.481,25.000,5.317,25.928,0.474,0.264,1.121,1.002,0.219,0.175,0.063,6.756,7.755,20.359,25.353,1996.4,2395.7,4677.2,4677.2,4717.7,28.8,8.6,16.7,28.8,77.6,いいえ,いいえ,いいえ,0.197,0.047,0.3,46.0,67.0,40.0,67.0,1.048,12.197,3.440,3.328,5.040,1.064,0.968,3.440,3.344,1.808,1.024,1.120,1.040,1.792,1.096,0.648,1.824,0.264,1901,いいえ,62.8,45.2,1.110,1.110,1.800,1.800,1.005,5.040,0.250,いいえ,いいえ,いいえ,44.2,1.110,1.110,1.800,1.800,1.005,5.040,0.250,いいえ,いいえ,いいえ,37,37,いいえ,はい,15388,14039,128,128,34,100.0,いいえ,いいえ,3868,2528,9990,44,46,54,100.0,100.0,いいえ,いいえ,7032,7744,0.0,0.0,0.0,0.000,0.002,1392,1013,0.0,0.0,0.0,0.000,0.000,181182,133153,0.0,0.0,0.0,0.000,0.069,66345,77750,62.3,0.720,5.000,600.0,2400.0,1200.0,100.0,0.0,0.0,0.0,0.0,0.0,0.0,0.0,0.0,125,2,16.0,86,いいえ,いいえ,いいえ,50.8,58.0,62.0,84.0,0.860,12.316,12.325,12.281,12.334,12.324,1355,1351,12.727,5.504,4.186,0.370,8.277,4.378,0.185,8.477,9.011,9.147,220.000,220.000,210.0,50.6,1185.0,210.0,1290.0,210.0,50.5,1398.7,3.0,6.0,2.0,0.0,87.5,0.7,1.0,0.0,1.7,0.0,31,31,はい,いいえ,いいえ,いいえ,いいえ,はい,いいえ,5.8,5.8,0,0,0,0,0,0,0,0,0,2,0,0,0,0,0,0,0,0,0,0,0,0,0,0,0,0,0,0,0,0,1535,10747,10470,591,2.5,0.5,17.5,0.2,0.2,0.2,0.2,0.2,0.2,0.2,0.2,0.2,0.2,2203.09,6361.55,57.20,57.11,6490.11,6490.11,2.65,26.37,2203.05,0.04,24.26,0,0,0.0,0.0,44298,39117,140.6,233.4,0,
19.7.2026,1:6:27.522,25910,8001,76.4,12896,18967,40.4,3.5,2048,71,1.040,1.035,1.035,1.035,1.035,1.050,1.050,4170.3,3127.7,4691.5,4691.5,3127.7,4691.5,4691.5,99.8,118.2,69.1,37.7,389.4,147.5,276.5,165.2,71.4,49.3,77.0,90.6,22.9,21.4,118.2,2.5,2.0,1.3,6.9,3.4,5.1,2.7,1.9,1.4,2.1,1.6,0.0,1.0,6.9,2.5,2.9,2.5,0.9,9.4,3.7,6.8,3.8,1.6,1.1,1.8,2.3,0.5,0.5,2.9,41.8,31.3,47.0,47.0,31.3,47.0,47.0,0.0,4.8,3.3,10.0,8.3,2.6,3.3,1.0,40.4,25.9,90.0,91.7,20.2,10.5,3.9,54.9,70.7,0.0,0.0,77.2,86.1,95.2,2395.7,24.00,40,39,39,77,116,708,1,67.5,66.0,59.1,54.5,54.6,56.0,55.1,54.0,53.9,53.7,56.4,56.4,66.2,60.0,48.0,46.9,50.0,1.040,1.015,1.100,6.477,7.641,6.481,25.000,5.317,25.928,0.474,0.264,1.121,1.002,0.219,0.175,0.063,6.756,7.755,20.359,25.353,1996.4,2395.7,4677.2,4677.2,4717.7,28.8,8.6,16.7,28.8,77.6,いいえ,いいえ,いいえ,0.197,0.047,0.3,46.0,67.5,40.0,67.0,1.016,12.197,3.440,3.328,5.040,1.064,0.968,3.440,3.344,1.808,1.024,1.120,1.040,1.792,1.096,0.648,1.824,0.264,1802,いいえ,62.8,45.2,1.110,1.110,1.800,1.800,1.005,5.040,0.375,いいえ,いいえ,いいえ,44.2,1.095,1.110,1.800,1.800,1.005,5.040,0.250,いいえ,いいえ,いいえ,37,37,いいえ,はい,15388,14039,128,128,34,100.0,いいえ,いいえ,3868,2528,9990,44,46,54,100.0,100.0,いいえ,いいえ,7032,7744,0.0,0.0,0.0,0.000,0.002,1392,1013,0.0,0.0,0.0,0.000,0.000,181182,133153,0.0,0.0,0.0,0.000,0.069,66345,77750,62.1,0.720,5.000,600.0,2400.0,1200.0,100.0,0.0,0.0,0.0,0.0,0.0,0.0,0.0,0.0,125,2,16.0,86,いいえ,いいえ,いいえ,50.3,60.0,61.3,84.0,0.860,12.317,12.326,12.283,12.335,12.325,1310,1305,12.564,5.462,4.114,0.370,8.254,4.293,0.185,8.451,8.949,9.085,220.000,220.000,210.0,50.6,1185.0,210.0,1290.0,209.9,50.5,1398.6,3.0,6.0,1.0,0.0,87.5,0.5,0.6,0.0,1.4,0.0,30,30,はい,いいえ,いいえ,いいえ,いいえ,はい,いいえ,5.8,6.2,0,0,0,0,0,0,0,0,0,2,0,0,0,0,0,0,0,0,0,0,0,0,0,0,0,0,0,0,0,0,1535,10747,10470,591,2.5,0.5,17.5,0.2,0.2,0.2,0.2,0.2,0.2,0.2,0.2,0.2,0.2,2203.09,6361.55,57.20,57.11,6490.11,6490.11,2.65,26.37,2203.05,0.04,24.26,0,0,0.0,0.0,44298,39117,6.3,268.3,0,
19.7.2026,1:6:29.535,25911,8000,76.4,12895,18967,40.4,3.5,2048,71,1.054,1.050,1.055,1.055,1.055,1.055,1.055,4691.5,4691.5,4691.5,4691.5,4691.5,4691.5,4691.5,99.8,108.8,52.8,33.7,354.9,98.7,238.3,126.3,59.0,56.5,53.2,164.8,23.8,43.4,108.8,2.2,1.5,0.9,5.7,1.4,4.1,1.9,1.3,1.2,1.3,3.7,1.5,1.2,5.7,2.2,2.7,2.3,0.7,8.3,2.4,5.8,3.0,1.3,1.3,1.2,4.2,0.5,1.0,2.7,47.0,47.0,47.0,47.0,47.0,47.0,47.0,0.0,4.5,2.9,8.6,7.1,2.4,4.4,1.4,39.4,23.2,91.4,92.9,19.3,7.2,2.4,56.1,73.9,0.0,0.0,78.2,88.4,96.2,2395.7,24.00,40,39,39,77,116,708,1,67.0,65.8,66.4,54.2,54.3,55.4,54.6,53.7,53.8,53.4,56.2,56.2,65.0,59.9,48.0,46.9,50.0,1.039,1.015,1.100,6.416,7.644,6.409,24.500,5.287,25.810,0.448,0.232,1.052,0.926,0.205,0.204,0.067,6.692,7.758,20.266,25.245,1996.4,2395.7,4674.8,4674.8,4717.7,28.7,8.5,16.3,28.7,77.4,いいえ,いいえ,いいえ,0.156,0.039,0.3,46.0,67.0,40.0,67.0,1.016,12.197,3.440,3.328,5.040,1.064,0.968,3.440,3.344,1.808,1.024,1.120,1.040,1.792,1.096,0.648,1.824,0.264,1812,いいえ,62.8,45.2,1.110,1.110,1.800,1.800,1.005,5.040,0.375,いいえ,いいえ,いいえ,44.2,1.110,1.110,1.800,1.800,1.005,5.040,0.250,いいえ,いいえ,いいえ,37,37,いいえ,はい,15388,14039,128,128,34,100.0,いいえ,いいえ,3868,2528,9990,44,46,54,100.0,100.0,いいえ,いいえ,7032,7744,0.0,0.0,0.0,0.000,0.004,1392,1013,0.0,0.0,0.0,0.000,0.000,181182,133153,0.0,0.0,0.0,0.000,0.054,66345,77750,62.0,0.720,14.000,600.0,2400.0,1200.0,100.0,0.0,0.0,0.0,0.0,0.0,0.0,0.0,0.0,125,2,16.0,86,いいえ,いいえ,いいえ,49.8,58.0,60.8,84.0,0.860,12.316,12.324,12.281,12.334,12.324,1275,1272,12.164,5.297,3.541,0.345,8.253,3.713,0.173,8.440,8.888,9.024,220.000,220.000,210.0,50.6,1185.0,210.0,1290.0,210.0,50.5,1398.5,4.0,6.0,2.0,0.0,87.5,0.3,0.4,0.0,0.9,0.0,30,30,はい,いいえ,いいえ,いいえ,いいえ,はい,いいえ,5.4,6.6,0,0,0,0,0,0,0,0,0,2,0,0,0,0,0,0,0,0,0,0,0,0,0,0,0,0,0,0,0,0,1535,10747,10470,591,2.5,0.5,17.5,0.2,0.2,0.2,0.2,0.2,0.2,0.2,0.2,0.2,0.2,2203.09,6361.55,57.20,57.11,6490.11,6490.11,2.65,26.37,2203.05,0.04,24.26,0,0,0.0,0.0,44298,39118,6.1,200.9,0,
19.7.2026,1:6:31.524,25910,8001,76.4,12895,18967,40.4,3.5,2048,71,1.052,1.035,1.055,1.055,1.055,1.055,1.055,3388.3,3127.7,3127.7,4691.5,3127.7,3127.7,3127.7,99.8,113.3,57.4,33.3,366.0,130.6,219.5,182.0,80.5,55.4,44.9,113.3,24.4,52.0,113.3,2.1,2.3,0.0,6.5,2.6,4.3,3.7,1.6,1.0,0.9,2.4,0.0,0.0,6.5,2.1,2.8,2.5,0.7,8.6,3.2,5.3,4.5,1.9,1.2,1.0,2.9,0.5,1.3,2.8,33.9,31.3,31.3,47.0,31.3,31.3,31.3,0.0,4.7,3.2,9.2,7.9,2.8,3.2,1.6,39.0,23.4,90.8,92.1,18.8,6.2,2.7,56.3,73.4,0.0,0.0,78.4,90.6,95.7,2395.7,24.00,40,39,39,77,116,708,1,66.6,65.7,65.5,54.0,54.1,55.3,54.5,53.5,53.4,53.3,56.0,56.0,65.2,59.9,48.0,46.9,49.9,1.038,1.015,1.100,6.492,7.612,6.494,25.000,5.289,25.880,0.450,0.233,1.067,0.964,0.209,0.140,0.087,6.767,7.727,20.311,25.300,1996.4,2395.7,4667.9,4667.9,4717.7,28.8,8.7,16.7,28.8,77.3,いいえ,いいえ,いいえ,0.179,0.041,0.3,46.0,66.6,40.0,66.0,1.048,12.144,3.440,3.328,5.040,1.064,0.968,3.440,3.344,1.808,1.024,1.120,1.040,1.792,1.096,0.648,1.824,0.264,1804,いいえ,62.8,45.2,1.110,1.110,1.800,1.800,1.005,5.040,0.375,いいえ,いいえ,いいえ,44.2,1.110,1.110,1.800,1.800,1.005,5.040,0.250,いいえ,いいえ,いいえ,37,37,いいえ,はい,15388,14039,128,128,34,100.0,いいえ,いいえ,3868,2528,9990,44,46,54,100.0,100.0,いいえ,いいえ,7032,7744,0.0,0.1,0.1,0.000,0.008,1392,1013,0.0,0.0,0.0,0.000,0.000,181182,133153,0.0,0.0,0.0,0.000,0.058,66345,77750,61.9,0.720,4.000,600.0,2400.0,1200.0,100.0,0.0,0.0,0.0,0.0,0.0,0.0,0.0,0.0,125,2,16.0,86,いいえ,いいえ,いいえ,49.4,58.0,60.4,84.0,0.860,12.315,12.322,12.281,12.334,12.323,1256,1253,12.269,5.287,3.552,0.345,8.253,3.725,0.173,8.431,8.838,8.976,220.000,220.000,210.0,50.6,1185.0,210.0,1290.0,210.0,50.5,1398.7,1.0,7.0,0.0,0.0,87.5,0.4,0.5,0.0,1.1,0.0,30,30,はい,いいえ,いいえ,いいえ,いいえ,はい,いいえ,5.4,5.8,0,0,0,0,0,0,0,0,0,2,0,0,0,0,0,0,0,0,0,0,0,0,0,0,0,0,0,0,0,0,1535,10747,10470,591,2.5,1.2,13.7,0.6,0.6,0.6,0.6,0.0,0.0,0.0,0.0,0.0,0.0,816.53,1559.87,73.18,59.53,1575.04,1575.04,2.94,38.94,816.48,0.04,0.00,0,0,0.0,0.0,44298,39118,6.4,190.0,0,
19.7.2026,1:6:33.532,25918,7993,76.4,12895,18968,40.4,3.5,2048,71,1.059,1.055,1.060,1.060,1.060,1.060,1.060,4170.3,4691.5,4691.5,4691.5,3127.7,4691.5,3127.7,99.8,111.6,64.4,42.3,351.9,132.0,239.7,130.3,61.7,63.9,66.4,139.2,24.5,23.4,111.6,2.3,2.1,2.0,6.0,2.1,4.2,2.2,0.7,0.8,0.9,2.6,1.7,2.4,6.0,2.3,2.8,2.8,1.0,8.4,3.2,5.7,3.2,1.4,1.5,1.6,3.5,0.5,0.5,2.8,41.8,47.0,47.0,47.0,31.3,47.0,31.3,0.0,4.5,3.3,8.8,7.3,2.7,4.1,1.0,39.0,20.0,91.2,92.7,18.4,8.7,3.1,56.5,76.8,0.0,0.0,78.9,87.2,95.9,2395.7,24.00,40,39,39,77,116,708,1,66.4,65.5,67.5,53.8,53.9,55.1,54.3,53.3,53.3,53.1,55.7,55.7,66.0,59.7,48.0,46.8,49.8,1.039,1.015,1.100,6.338,7.659,6.332,23.500,5.282,25.700,0.446,0.221,1.053,0.938,0.200,0.204,0.060,6.612,7.774,20.196,25.176,1996.4,2395.7,4674.7,4674.7,4717.7,28.6,8.4,15.7,28.6,77.1,いいえ,いいえ,いいえ,0.153,0.038,0.3,46.0,66.4,40.0,66.0,1.048,12.197,3.440,3.328,5.040,1.064,0.968,3.440,3.344,1.808,1.024,1.120,1.040,1.792,1.096,0.648,1.824,0.264,1812,いいえ,62.8,45.0,1.110,1.110,1.800,1.800,1.005,5.040,0.250,いいえ,いいえ,いいえ,44.2,1.110,1.110,1.800,1.800,1.005,5.040,0.250,いいえ,いいえ,いいえ,37,37,いいえ,はい,15388,14039,128,128,34,100.0,いいえ,いいえ,3868,2528,9990,44,46,54,100.0,100.0,いいえ,いいえ,7032,7744,0.0,0.0,0.0,0.000,0.004,1392,1013,0.0,0.0,0.0,0.000,0.000,181182,133153,0.0,0.0,0.0,0.000,0.014,66345,77750,61.7,0.720,11.000,600.0,2400.0,1200.0,100.0,0.0,0.0,0.0,0.0,0.0,0.0,0.0,0.0,125,2,16.0,86,いいえ,いいえ,いいえ,49.0,58.0,60.0,84.0,0.860,12.314,12.321,12.279,12.333,12.323,1247,1245,11.863,5.252,3.499,0.320,8.239,3.663,0.160,8.413,8.795,8.928,220.000,220.000,210.0,50.6,1185.0,210.0,1290.0,210.1,50.5,1399.1,1.0,6.0,0.0,0.0,87.5,0.3,0.4,0.0,0.7,0.0,30,30,はい,いいえ,いいえ,いいえ,いいえ,はい,いいえ,5.4,6.4,0,0,0,0,0,0,0,0,0,2,0,0,0,0,0,0,0,0,0,0,0,0,0,0,0,0,0,0,0,0,1535,10747,10470,591,2.5,1.2,13.7,0.6,0.6,0.6,0.6,0.0,0.0,0.0,0.0,0.0,0.0,816.53,1559.87,73.18,59.53,1575.04,1575.04,2.94,38.94,816.48,0.04,0.00,0,0,0.0,0.0,44298,39118,5.7,112.6,0,
19.7.2026,1:6:35.523,25913,7998,76.4,12896,18967,40.4,3.5,2048,71,1.043,1.035,1.045,1.045,1.045,1.045,1.045,4170.3,3127.7,4691.5,4691.5,4691.5,4691.5,3127.7,99.8,111.6,58.5,37.7,305.4,108.8,330.1,150.6,69.1,60.6,67.5,106.8,21.9,22.4,111.6,2.1,2.4,0.2,5.4,2.3,6.8,3.2,1.5,1.2,0.8,1.7,0.0,0.0,6.8,2.1,2.8,2.5,0.8,7.0,2.6,8.2,3.7,1.6,1.4,1.6,2.7,0.5,0.5,2.8,41.8,31.3,47.0,47.0,47.0,47.0,31.3,0.0,4.5,3.2,7.7,9.3,2.5,3.2,0.9,37.5,14.5,92.3,90.7,18.1,5.9,3.5,58.0,82.3,0.0,0.0,79.3,90.9,95.6,2395.7,24.00,40,39,39,77,116,708,1,66.1,65.4,66.9,53.7,53.7,54.8,54.4,53.2,53.1,52.9,55.5,55.5,65.0,59.6,48.0,46.7,49.6,1.040,1.015,1.100,6.343,7.706,6.344,25.000,5.264,25.792,0.437,0.170,1.003,1.031,0.207,0.148,0.061,6.617,7.822,20.229,25.217,1996.4,2395.7,4676.2,4676.2,4717.7,28.7,8.5,16.7,28.7,76.9,いいえ,いいえ,いいえ,0.170,0.040,0.3,46.0,66.1,40.0,66.0,1.048,12.197,3.440,3.328,5.040,1.064,0.968,3.440,3.344,1.808,1.024,1.120,1.040,1.792,1.096,0.648,1.824,0.264,1809,いいえ,62.8,45.0,1.110,1.110,1.800,1.800,1.005,5.040,0.250,いいえ,いいえ,いいえ,44.2,1.110,1.110,1.800,1.800,1.005,5.040,0.250,いいえ,いいえ,いいえ,37,37,いいえ,はい,15388,14039,128,128,34,100.0,いいえ,いいえ,3868,2528,9990,44,46,54,100.0,100.0,いいえ,いいえ,7032,7744,0.0,0.0,0.0,0.000,0.004,1392,1013,0.0,0.0,0.0,0.000,0.000,181182,133153,0.0,0.0,0.0,0.000,0.028,66345,77750,61.5,0.720,19.000,600.0,2400.0,1200.0,100.0,0.0,0.0,0.0,0.0,0.0,0.0,0.0,0.0,125,2,16.0,86,いいえ,いいえ,いいえ,48.6,56.0,59.5,84.0,0.860,12.311,12.319,12.275,12.330,12.320,1241,1242,11.652,5.201,3.328,0.320,8.237,3.489,0.160,8.413,8.763,8.898,220.000,220.000,210.0,50.6,1185.0,210.0,1290.0,210.2,50.5,1399.4,2.0,6.0,1.0,0.0,87.5,0.3,0.6,0.0,0.8,0.0,30,30,はい,いいえ,いいえ,いいえ,いいえ,はい,いいえ,5.3,6.0,0,0,0,0,0,0,0,0,0,2,0,0,0,0,0,0,0,0,0,0,0,0,0,0,0,0,0,0,0,0,1535,10747,10470,591,2.5,1.2,13.7,0.6,0.6,0.6,0.6,0.0,0.0,0.0,0.0,0.0,0.0,816.53,1559.87,73.18,59.53,1575.04,1575.04,2.94,38.94,816.48,0.04,0.00,0,0,0.0,0.0,44298,39118,5.1,93.0,0,
19.7.2026,1:6:37.532,25913,7998,76.4,12895,18968,40.4,3.5,2048,71,1.008,1.040,1.050,1.050,1.050,1.050,0.810,3438.2,3127.7,3593.5,3593.5,3593.5,3593.5,3127.7,99.8,109.9,68.3,51.1,331.4,129.1,249.5,128.5,72.3,53.4,38.9,119.6,27.8,48.6,109.9,1.9,1.5,1.3,5.4,2.0,4.4,1.8,0.8,0.4,1.0,2.8,0.8,1.3,5.4,1.9,2.7,2.3,1.2,7.8,3.2,6.1,3.0,1.7,1.2,0.9,3.0,0.6,1.2,2.7,34.4,31.3,36.0,36.0,36.0,36.0,31.3,0.0,4.5,3.4,8.7,7.4,2.7,3.2,1.5,39.0,18.9,91.3,92.5,21.0,7.2,3.4,56.5,77.7,0.0,0.1,76.4,89.6,95.1,2395.7,24.00,40,39,39,77,116,708,1,65.9,65.2,58.4,53.5,53.6,54.6,54.0,52.9,52.9,52.7,55.4,55.4,64.8,59.2,48.0,46.6,49.4,1.038,1.015,1.100,6.215,7.713,6.222,26.000,5.275,25.659,0.439,0.215,1.033,0.944,0.212,0.144,0.083,6.477,7.829,20.107,25.100,1996.4,2395.7,4668.2,4668.2,4717.7,28.5,8.3,17.3,28.5,76.7,いいえ,いいえ,いいえ,0.157,0.037,0.3,46.0,65.9,40.0,65.0,1.048,12.197,3.440,3.328,5.040,1.064,0.968,3.440,3.344,1.808,1.024,1.120,1.040,1.792,1.096,0.648,1.824,0.264,1800,いいえ,62.8,45.0,1.110,1.110,1.800,1.800,1.005,5.040,0.250,いいえ,いいえ,いいえ,44.2,1.110,1.110,1.800,1.800,1.005,5.040,0.250,いいえ,いいえ,いいえ,37,37,いいえ,はい,15388,14039,128,128,34,100.0,いいえ,いいえ,3868,2528,9990,44,46,54,100.0,100.0,いいえ,いいえ,7032,7744,0.0,19.1,19.1,0.000,0.010,1392,1013,0.0,0.0,0.0,0.000,0.000,181182,133153,0.0,0.0,0.0,0.000,0.010,66345,77750,61.4,0.720,7.000,600.0,2400.0,1200.0,100.0,0.0,0.0,0.0,0.0,0.0,0.0,0.0,0.0,125,2,16.0,86,いいえ,いいえ,いいえ,48.3,56.0,59.2,84.0,0.860,12.316,12.324,12.281,12.336,12.325,1241,1241,11.763,5.270,3.591,0.345,8.253,3.762,0.173,8.434,8.754,8.850,220.000,220.000,210.0,50.6,1185.0,210.0,1290.0,210.0,50.5,1398.9,1.0,7.0,0.0,0.0,87.5,0.3,0.5,0.0,0.8,0.0,30,30,はい,いいえ,いいえ,いいえ,いいえ,はい,いいえ,5.5,5.6,0,0,0,0,0,0,0,0,0,2,0,0,0,0,0,0,0,0,0,0,0,0,0,0,0,0,0,0,0,0,1535,10747,10470,591,2.5,1.2,13.7,0.6,0.6,0.6,0.6,0.0,0.0,0.0,0.0,0.0,0.0,816.53,1559.87,73.18,59.53,1575.04,1575.04,2.94,38.94,816.48,0.04,0.00,0,0,0.0,0.0,44298,39119,6.2,132.0,0,
19.7.2026,1:6:39.536,25921,7990,76.4,12896,18967,40.4,3.5,2048,71,1.055,1.055,1.055,1.055,1.055,1.055,1.055,3388.3,3127.7,3127.7,3127.7,3127.7,3127.7,4691.5,99.8,115.8,75.2,33.9,284.5,141.9,328.3,199.5,66.6,61.0,49.6,84.6,22.2,42.9,115.8,2.4,2.7,0.9,5.7,3.1,6.6,3.2,1.5,1.3,1.2,2.1,0.0,0.4,6.6,2.4,2.8,2.8,0.7,7.0,3.5,8.2,4.2,1.5,1.4,1.2,2.1,0.5,1.0,2.8,33.9,31.3,31.3,31.3,31.3,31.3,47.0,0.0,4.7,3.4,8.3,9.7,2.6,2.8,1.4,39.4,28.1,91.7,90.3,18.6,5.0,2.6,55.9,68.5,0.0,0.0,78.8,92.2,96.0,2395.7,24.00,40,39,39,77,116,708,1,65.6,65.1,57.9,53.4,53.4,54.6,54.0,52.8,52.7,52.5,55.3,55.3,64.5,59.3,48.0,46.6,49.2,1.039,1.015,1.100,6.233,7.555,6.232,22.500,5.282,25.537,0.460,0.271,0.997,1.102,0.209,0.115,0.069,6.498,7.669,19.977,24.965,1996.4,2395.7,4672.4,4672.4,4717.7,28.4,8.3,15.0,28.4,76.6,いいえ,いいえ,いいえ,0.193,0.041,0.3,46.0,65.6,40.0,65.0,1.024,12.197,3.440,3.328,5.040,1.064,0.968,3.440,3.344,1.808,1.024,1.120,1.040,1.792,1.096,0.648,1.824,0.264,1737,いいえ,62.8,45.0,1.110,1.110,1.800,1.800,1.005,5.040,0.250,いいえ,いいえ,いいえ,44.2,1.110,1.110,1.800,1.800,1.005,5.040,0.250,いいえ,いいえ,いいえ,37,37,いいえ,はい,15388,14039,128,128,34,100.0,いいえ,いいえ,3868,2528,9990,44,46,54,100.0,100.0,いいえ,いいえ,7032,7744,0.0,0.0,0.0,0.000,0.002,1392,1013,0.0,0.0,0.0,0.000,0.000,181182,133153,0.0,0.0,0.0,0.000,0.000,66345,77750,61.2,0.720,10.000,600.0,2400.0,1200.0,100.0,0.0,0.0,0.0,0.0,0.0,0.0,0.0,0.0,125,2,16.0,86,いいえ,いいえ,いいえ,47.9,56.0,58.8,84.0,0.860,12.312,12.320,12.275,12.331,12.321,1241,1241,11.870,5.148,3.217,0.320,8.237,3.366,0.160,8.404,8.675,8.808,220.000,220.000,210.0,50.6,1185.0,210.0,1290.0,209.8,50.5,1399.1,1.0,6.0,1.0,0.0,87.5,0.4,0.6,0.0,1.2,0.0,30,30,はい,いいえ,いいえ,いいえ,いいえ,はい,いいえ,5.3,5.9,0,0,0,0,0,0,0,0,0,2,0,0,0,0,0,0,0,0,0,0,0,0,0,0,0,0,0,0,0,0,1535,10747,10470,591,2.5,1.2,13.7,0.6,0.6,0.6,0.6,0.0,0.0,0.0,0.0,0.0,0.0,816.53,1559.87,73.18,59.53,1575.04,1575.04,2.94,38.94,816.48,0.04,0.00,0,0,0.0,0.0,44298,39119,6.6,201.1,0,
19.7.2026,1:6:41.536,25910,8001,76.4,12889,18974,40.4,3.5,2048,71,1.051,1.055,1.050,1.050,1.050,1.050,1.050,4170.3,3127.7,4691.5,4691.5,4691.5,4691.5,3127.7,99.8,118.0,66.0,57.2,325.3,110.5,275.7,191.4,64.7,57.3,68.7,102.1,41.4,55.8,118.0,2.1,1.7,0.8,5.3,1.8,5.1,3.5,0.9,0.6,1.0,1.8,0.6,1.6,5.3,2.1,2.9,2.2,1.3,7.6,2.7,6.7,4.8,1.5,1.3,1.6,2.5,1.0,1.4,2.9,41.8,31.3,47.0,47.0,47.0,47.0,31.3,0.0,4.8,3.4,8.1,9.0,2.6,3.5,1.9,39.5,17.8,91.9,91.0,20.0,12.5,4.0,55.7,78.8,0.0,0.0,77.4,83.9,94.0,2395.7,24.00,40,39,39,77,116,708,1,65.5,65.0,57.9,53.2,53.3,54.4,53.9,52.6,52.7,52.4,55.2,55.2,65.0,59.3,48.0,46.4,49.0,1.039,1.015,1.100,6.357,7.438,6.357,26.000,5.299,25.550,0.455,0.203,1.006,1.005,0.220,0.192,0.103,6.630,7.550,20.008,24.997,1996.4,2395.7,4676.3,4676.3,4717.7,28.4,8.5,17.3,28.4,76.4,いいえ,いいえ,いいえ,0.186,0.046,0.3,46.0,65.5,40.0,65.0,1.048,12.197,3.440,3.328,5.040,1.064,0.968,3.440,3.344,1.808,1.024,1.120,1.040,1.792,1.096,0.648,1.824,0.264,1735,いいえ,62.8,44.8,1.110,1.110,1.800,1.800,1.005,5.040,0.250,いいえ,いいえ,いいえ,44.2,1.110,1.110,1.800,1.800,1.005,5.040,0.250,いいえ,いいえ,いいえ,37,37,いいえ,はい,15388,14039,128,128,34,100.0,いいえ,いいえ,3868,2528,9990,44,46,54,100.0,100.0,いいえ,いいえ,7032,7744,0.0,0.1,0.1,0.000,0.010,1392,1013,0.0,0.0,0.0,0.000,0.000,181182,133153,0.0,0.0,0.0,0.000,0.010,66345,77750,61.1,0.720,1.000,600.0,2400.0,1200.0,100.0,0.0,0.0,0.0,0.0,0.0,0.0,0.0,0.0,125,2,16.0,86,いいえ,いいえ,いいえ,47.6,54.0,58.4,84.0,0.860,12.311,12.319,12.275,12.331,12.320,1244,1241,11.457,5.085,3.037,0.296,8.212,3.181,0.148,8.369,8.664,8.773,220.000,220.000,210.0,50.6,1185.0,210.0,1290.0,209.9,50.5,1399.8,2.0,7.0,1.0,0.0,87.5,0.3,0.4,0.0,1.0,0.0,30,30,はい,いいえ,いいえ,いいえ,いいえ,はい,いいえ,5.2,5.7,0,0,0,0,0,0,0,0,0,2,0,0,0,0,0,0,0,0,0,0,0,0,0,0,0,0,0,0,0,0,1535,10747,10470,591,2.5,1.2,13.7,0.6,0.6,0.6,0.6,0.0,0.0,0.0,0.0,0.0,0.0,816.53,1559.87,73.18,59.53,1575.04,1575.04,2.94,38.94,816.48,0.04,0.00,0,0,0.0,0.0,44298,39119,5.5,102.1,0,
19.7.2026,1:6:43.529,25902,8009,76.3,12886,18976,40.4,3.5,2048,71,1.038,1.035,1.035,1.035,1.035,1.035,1.055,4430.9,3127.7,4691.5,4691.5,4691.5,4691.5,4691.5,99.8,113.0,82.1,46.5,372.6,92.1,273.8,135.3,58.4,50.5,51.1,117.5,39.2,36.6,113.0,2.0,2.3,0.8,6.6,1.6,5.2,2.4,0.9,0.7,0.9,2.4,0.0,0.7,6.6,2.0,2.8,2.7,1.1,8.9,2.2,6.7,3.2,1.3,1.1,1.2,3.0,0.9,0.8,2.8,44.4,31.3,47.0,47.0,47.0,47.0,47.0,0.0,4.6,3.6,8.9,8.0,2.3,3.5,1.6,40.2,27.4,91.1,92.0,18.9,8.5,3.1,55.2,69.0,0.0,0.0,78.7,88.0,95.3,2395.7,24.00,40,39,39,77,116,708,1,65.4,64.8,57.6,53.1,53.2,54.3,53.6,52.4,52.6,52.2,55.1,55.1,64.5,58.8,48.0,46.1,49.0,1.039,1.015,1.100,6.144,7.506,6.149,21.000,5.282,25.440,0.452,0.273,1.049,0.953,0.192,0.167,0.076,6.406,7.618,19.834,24.828,1996.4,2395.7,4671.8,4671.8,4717.7,28.2,8.2,14.0,28.2,76.3,いいえ,いいえ,いいえ,0.182,0.045,0.3,46.0,65.4,40.0,65.0,1.048,12.197,3.440,3.328,5.040,1.064,0.976,3.440,3.344,1.808,1.024,1.120,1.040,1.792,1.096,0.656,1.824,0.264,1732,いいえ,62.8,44.8,1.110,1.110,1.800,1.800,1.005,5.040,0.500,いいえ,いいえ,いいえ,44.2,1.110,1.110,1.800,1.800,1.005,5.040,0.500,いいえ,いいえ,いいえ,37,37,いいえ,はい,15388,14039,128,128,34,100.0,いいえ,いいえ,3868,2528,9990,44,46,54,100.0,100.0,いいえ,いいえ,7032,7744,0.0,0.0,0.0,0.000,0.002,1392,1013,0.0,0.0,0.0,0.000,0.000,181182,133153,0.0,0.0,0.0,0.000,0.000,66345,77750,60.9,0.720,4.000,600.0,2400.0,1200.0,100.0,0.0,0.0,0.0,0.0,0.0,0.0,0.0,0.0,125,2,16.0,86,いいえ,いいえ,いいえ,47.3,54.0,58.0,84.0,0.860,12.316,12.323,12.280,12.336,12.325,1241,1241,11.539,5.136,3.176,0.320,8.240,3.331,0.160,8.408,8.620,8.831,220.000,220.000,210.0,50.6,1185.0,210.0,1290.0,210.1,50.5,1399.2,2.0,6.0,1.0,0.0,87.5,0.6,0.9,0.0,1.4,0.0,30,30,はい,いいえ,いいえ,いいえ,いいえ,はい,いいえ,5.3,5.9,0,0,0,0,0,0,0,0,0,2,0,0,0,0,0,0,0,0,0,0,0,0,0,0,0,0,0,0,0,0,1535,10747,10470,591,2.5,1.9,15.0,1.0,1.0,1.0,1.0,0.9,0.9,0.9,0.9,0.9,0.9,531.81,997.13,66.49,57.95,1006.62,1006.62,2.95,39.52,531.77,0.04,2.50,0,0,0.0,0.0,44298,39120,6.8,322.8,0,
19.7.2026,1:6:45.535,25902,8008,76.3,12886,18977,40.4,3.5,2048,71,1.053,1.045,1.055,1.055,1.055,1.055,1.055,3776.5,4691.5,3593.5,3593.5,3593.5,3593.5,3593.5,99.8,109.0,44.5,32.0,367.2,122.8,213.4,119.6,82.7,52.1,46.3,157.5,25.0,44.6,109.0,2.5,2.2,0.8,6.8,2.6,4.3,2.5,1.8,1.0,1.1,3.5,2.3,1.2,6.8,2.5,2.7,2.2,0.7,8.7,3.0,5.1,2.9,2.0,1.1,1.0,4.0,0.6,1.1,2.7,37.8,47.0,36.0,36.0,36.0,36.0,36.0,0.0,4.5,2.9,9.3,6.5,2.7,4.2,1.5,39.4,19.1,90.7,93.5,21.3,8.7,3.1,56.1,78.0,0.0,0.0,76.0,87.1,95.4,2395.7,24.00,40,39,39,77,116,708,1,65.2,64.7,57.6,52.9,53.2,54.1,53.3,52.3,52.7,52.1,55.1,55.1,64.5,59.0,48.0,46.0,49.0,1.039,1.015,1.100,6.306,7.530,6.300,25.000,5.255,25.505,0.440,0.193,1.053,0.896,0.220,0.205,0.072,6.577,7.643,20.001,24.981,1996.4,2395.7,4672.6,4672.6,4717.7,28.4,8.4,16.7,28.4,76.1,いいえ,いいえ,いいえ,0.166,0.040,0.3,46.0,65.2,40.0,65.0,1.016,12.197,3.440,3.328,5.040,1.064,0.976,3.440,3.344,1.808,1.024,1.120,1.040,1.792,1.096,0.656,1.824,0.264,1726,いいえ,62.8,44.8,1.110,1.110,1.800,1.800,1.005,5.040,0.250,いいえ,いいえ,いいえ,44.2,1.110,1.110,1.800,1.800,1.005,5.040,0.250,いいえ,いいえ,いいえ,37,37,いいえ,はい,15388,14039,128,128,34,100.0,いいえ,いいえ,3868,2528,9990,44,46,54,100.0,100.0,いいえ,いいえ,7032,7744,0.0,0.0,0.0,0.000,0.004,1392,1013,0.0,0.0,0.0,0.000,0.000,181182,133153,0.0,0.0,0.0,0.000,0.000,66345,77750,60.8,0.720,21.000,600.0,2400.0,1200.0,100.0,0.0,0.0,0.0,0.0,0.0,0.0,0.0,0.0,125,2,16.0,86,いいえ,いいえ,いいえ,46.9,54.0,57.7,84.0,0.860,12.315,12.323,12.279,12.335,12.325,1241,1239,11.444,5.117,3.107,0.320,8.239,3.269,0.160,8.407,8.626,8.804,220.000,220.000,210.0,50.6,1185.0,210.0,1290.0,210.1,50.5,1399.6,1.0,7.0,0.0,0.0,87.5,0.4,0.5,0.0,1.0,0.0,30,30,はい,いいえ,いいえ,いいえ,いいえ,はい,いいえ,5.2,5.8,0,0,0,0,0,0,0,0,0,2,0,0,0,0,0,0,0,0,0,0,0,0,0,0,0,0,0,0,0,0,1535,10747,10470,591,2.5,0.5,0.5,0.5,0.5,0.5,0.5,0.0,0.0,0.0,0.0,0.0,0.0,2199.21,2199.21,2199.21,2199.21,2199.21,2199.21,5.31,74.62,2199.17,0.04,0.00,0,0,0.0,0.0,44298,39120,5.8,147.1,0,
19.7.2026,1:6:47.526,25903,8008,76.3,12886,18977,40.4,3.5,2048,71,0.845,1.045,0.805,0.805,0.805,0.805,0.805,3649.0,3127.7,4691.5,4691.5,3127.7,3127.7,3127.7,99.8,107.8,52.9,32.0,363.3,97.0,229.3,151.4,63.7,48.1,69.7,116.4,22.5,47.3,107.8,1.8,1.8,0.3,6.1,1.4,4.1,2.6,0.8,0.4,1.0,2.0,0.1,0.7,6.1,1.8,2.6,2.4,0.7,8.5,2.3,5.5,3.7,1.4,1.0,1.6,2.9,0.5,1.1,2.6,36.6,31.3,47.0,47.0,31.3,31.3,31.3,0.0,4.5,3.0,8.8,7.5,2.4,3.7,1.5,40.3,22.8,91.2,92.5,24.4,8.3,2.8,55.2,74.1,0.0,0.0,73.2,88.0,95.8,2395.7,24.00,40,39,39,77,116,708,1,65.0,64.6,57.6,52.9,52.9,54.1,53.4,52.4,52.3,52.1,54.8,54.8,64.8,58.8,48.0,46.0,49.0,1.040,1.015,1.100,6.341,7.589,6.347,24.000,5.280,25.722,0.443,0.222,1.037,0.924,0.235,0.171,0.071,6.615,7.703,20.125,25.118,1996.4,2395.7,4680.5,4680.5,4717.7,28.5,8.5,16.0,28.5,76.0,いいえ,いいえ,いいえ,0.159,0.037,0.3,46.0,65.0,40.0,65.0,1.048,12.197,3.440,3.328,5.040,1.064,0.976,3.440,3.344,1.808,1.024,1.120,1.040,1.792,1.096,0.656,1.824,0.264,1748,いいえ,62.8,44.8,1.110,1.110,1.800,1.800,1.005,5.040,0.250,いいえ,いいえ,いいえ,44.2,1.110,1.110,1.800,1.800,1.005,5.040,0.375,いいえ,いいえ,いいえ,37,37,いいえ,はい,15388,14039,128,128,34,100.0,いいえ,いいえ,3868,2528,9990,44,46,54,100.0,100.0,いいえ,いいえ,7032,7744,0.0,0.1,0.1,0.000,0.006,1392,1013,0.0,0.0,0.0,0.000,0.000,181182,133153,0.0,0.1,0.1,0.000,0.044,66345,77750,60.7,0.720,5.000,600.0,2400.0,1200.0,100.0,0.0,0.0,0.0,0.0,0.0,0.0,0.0,0.0,125,2,16.0,86,いいえ,いいえ,いいえ,46.7,56.0,57.4,84.0,0.860,12.316,12.323,12.280,12.336,12.324,1238,1241,11.389,5.149,3.315,0.320,8.240,3.479,0.160,8.404,8.578,8.692,220.000,220.000,210.0,50.6,1185.0,210.0,1290.0,210.0,50.5,1399.6,4.0,6.0,3.0,0.0,87.5,0.6,0.8,0.0,1.5,0.0,30,30,はい,いいえ,いいえ,いいえ,いいえ,はい,いいえ,5.3,6.2,0,0,0,0,0,0,0,0,0,2,0,0,0,0,0,0,0,0,0,0,0,0,0,0,0,0,0,0,0,0,1535,10747,10470,591,2.5,0.5,0.5,0.5,0.5,0.5,0.5,0.0,0.0,0.0,0.0,0.0,0.0,2199.21,2199.21,2199.21,2199.21,2199.21,2199.21,5.31,74.62,2199.17,0.04,0.00,0,0,0.0,0.0,44298,39121,6.5,201.4,0,
19.7.2026,1:6:49.533,25903,8008,76.3,12886,18976,40.4,3.5,2048,71,1.007,1.035,1.050,1.050,1.050,1.050,0.805,3438.2,3127.7,3593.5,3593.5,3593.5,3593.5,3127.7,99.8,109.5,47.8,35.4,361.8,120.2,228.4,103.6,64.0,73.4,44.3,141.0,22.9,71.7,109.5,1.5,1.6,0.0,6.0,1.8,3.8,1.4,0.7,0.8,0.0,1.7,0.0,0.3,6.0,1.5,2.7,2.3,0.8,8.5,3.0,5.5,2.5,1.4,1.7,1.0,3.6,0.5,1.8,2.7,34.4,31.3,36.0,36.0,36.0,36.0,31.3,0.0,4.6,3.0,9.2,6.6,2.8,3.8,2.0,38.5,20.9,90.8,92.8,17.1,7.1,2.4,56.9,76.1,0.0,0.7,80.1,89.1,95.5,2395.7,24.00,40,39,39,77,116,708,1,64.9,64.5,57.4,52.7,52.7,54.0,53.2,52.2,52.1,52.0,54.6,54.6,64.2,58.6,48.0,46.0,49.0,1.038,1.015,1.100,6.218,7.590,6.215,26.000,5.292,25.540,0.432,0.202,1.042,0.892,0.190,0.181,0.083,6.482,7.704,20.006,24.989,1996.4,2395.7,4667.9,4667.9,4717.7,28.4,8.3,17.3,28.4,75.8,いいえ,いいえ,いいえ,0.163,0.037,0.3,46.0,64.9,40.0,64.0,1.048,12.197,3.440,3.328,5.040,1.072,0.976,3.440,3.344,1.808,1.024,1.120,1.040,1.792,1.096,0.656,1.824,0.264,1735,いいえ,61.9,44.8,1.110,1.110,1.800,1.800,1.005,5.040,0.375,いいえ,いいえ,いいえ,44.0,1.110,1.110,1.800,1.800,1.005,5.040,0.250,いいえ,いいえ,いいえ,37,37,いいえ,はい,15388,14039,128,128,34,100.0,いいえ,いいえ,3868,2528,9990,44,46,54,100.0,100.0,いいえ,いいえ,7032,7744,0.0,0.0,0.0,0.000,0.004,1392,1013,0.0,0.0,0.0,0.000,0.000,181182,133153,0.0,0.0,0.0,0.000,0.000,66345,77750,60.5,0.720,5.000,600.0,2400.0,1200.0,100.0,0.0,0.0,0.0,0.0,0.0,0.0,0.0,0.0,125,2,16.0,86,いいえ,いいえ,いいえ,46.4,54.0,57.0,84.0,0.860,12.320,12.328,12.284,12.340,12.329,1240,1241,11.404,5.129,3.174,0.321,8.255,3.344,0.160,8.432,8.702,8.642,220.000,220.000,210.0,50.6,1185.0,210.0,1290.0,209.9,50.5,1400.0,1.0,6.0,0.0,0.0,87.5,0.3,0.4,0.0,0.7,0.0,30,30,はい,いいえ,いいえ,いいえ,いいえ,はい,いいえ,5.3,5.6,0,0,0,0,0,0,0,0,0,2,0,0,0,0,0,0,0,0,0,0,0,0,0,0,0,0,0,0,0,0,1535,10747,10470,591,2.5,0.5,0.5,0.5,0.5,0.5,0.5,0.0,0.0,0.0,0.0,0.0,0.0,2199.21,2199.21,2199.21,2199.21,2199.21,2199.21,5.31,74.62,2199.17,0.04,0.00,0,0,0.0,0.0,44298,39121,6.1,170.4,0,
19.7.2026,1:6:51.527,25909,8002,76.4,12887,18976,40.4,3.5,2048,71,1.052,1.035,1.055,1.055,1.055,1.055,1.055,3909.6,3127.7,4691.5,4691.5,4691.5,3127.7,3127.7,99.8,112.8,80.0,65.7,290.7,140.1,243.3,164.1,64.2,51.7,133.7,53.9,23.5,43.1,112.8,2.5,2.2,2.4,5.4,3.0,4.9,3.0,1.5,1.1,3.8,1.4,0.0,1.2,5.4,2.5,2.7,2.2,1.6,6.9,3.5,5.9,3.7,1.5,1.1,3.4,1.3,0.5,1.0,2.7,39.2,31.3,47.0,47.0,47.0,31.3,31.3,0.0,4.5,3.6,8.2,7.7,2.5,3.8,1.4,39.7,22.7,91.8,92.3,22.0,7.0,2.3,55.8,73.8,0.0,0.0,75.5,89.2,96.2,2395.7,24.00,40,39,39,77,116,708,1,64.8,64.3,57.6,52.6,52.7,53.8,53.1,52.0,52.0,51.8,54.4,54.4,64.2,58.5,48.0,46.0,49.0,1.039,1.015,1.100,6.240,7.532,6.242,26.000,5.285,25.535,0.439,0.246,1.001,0.951,0.211,0.158,0.066,6.505,7.645,19.962,24.952,1996.4,2395.7,4673.5,4673.5,4717.7,28.4,8.3,17.3,28.4,75.7,いいえ,いいえ,いいえ,0.163,0.041,0.3,45.0,64.8,40.0,64.0,1.048,12.197,3.440,3.328,5.040,1.064,0.976,3.440,3.344,1.808,1.024,1.120,1.040,1.792,1.096,0.656,1.824,0.264,1726,いいえ,61.9,44.8,1.110,1.110,1.800,1.800,1.005,5.040,0.250,いいえ,いいえ,いいえ,44.0,1.110,1.110,1.800,1.800,1.005,5.040,0.250,いいえ,いいえ,いいえ,37,37,いいえ,はい,15388,14039,128,128,34,100.0,いいえ,いいえ,3868,2528,9990,44,46,54,100.0,100.0,いいえ,いいえ,7032,7744,0.0,0.1,0.1,0.000,0.008,1392,1013,0.0,0.0,0.0,0.000,0.000,181182,133153,0.0,0.0,0.0,0.000,0.026,66345,77750,60.3,0.720,19.000,600.0,2400.0,1200.0,100.0,0.0,0.0,0.0,0.0,0.0,0.0,0.0,0.0,125,2,16.0,86,いいえ,いいえ,いいえ,46.1,54.0,56.8,84.0,0.860,12.318,12.328,12.281,12.337,12.326,1240,1239,11.689,5.153,3.335,0.321,8.241,3.504,0.160,8.415,8.549,8.699,220.000,220.000,210.0,50.6,1185.0,210.0,1290.0,209.9,50.5,1400.0,2.0,6.0,1.0,0.0,87.5,0.5,0.7,0.0,1.2,0.0,30,30,はい,いいえ,いいえ,いいえ,いいえ,はい,いいえ,5.3,6.1,0,0,0,0,0,0,0,0,0,2,0,0,0,0,0,0,0,0,0,0,0,0,0,0,0,0,0,0,0,0,1535,10747,10470,591,2.5,1.7,17.3,0.4,0.4,0.4,0.4,0.3,0.3,0.3,0.3,0.3,0.3,580.19,2553.33,57.77,57.64,2657.11,2657.11,1.52,27.69,580.15,0.04,0.55,0,0,0.0,0.0,44298,39121,6.1,152.5,0,
19.7.2026,1:6:53.534,25902,8009,76.3,12886,18977,40.4,3.5,2048,71,1.053,1.045,1.055,1.055,1.055,1.055,1.055,4170.3,4691.5,4691.5,4691.5,4691.5,3127.7,3127.7,99.8,112.3,73.0,43.5,349.3,99.9,257.8,147.7,54.0,76.5,63.3,110.6,26.0,46.5,112.3,2.2,2.5,0.3,6.3,2.1,5.3,2.4,0.4,0.8,0.7,2.5,1.6,1.2,6.3,2.2,2.8,2.7,1.0,8.2,2.4,6.3,3.6,1.2,1.8,1.5,2.8,0.6,1.1,2.8,41.8,47.0,47.0,47.0,47.0,31.3,31.3,0.0,4.6,3.2,8.6,8.1,2.8,3.6,1.5,39.8,26.6,91.4,91.9,17.9,7.2,3.6,55.6,70.1,0.0,0.0,79.3,89.2,94.8,2395.7,24.00,40,39,39,77,116,708,1,64.6,64.2,57.1,52.4,52.4,53.6,52.9,51.8,51.8,51.6,54.2,54.2,64.0,58.5,48.0,46.0,49.0,1.037,1.015,1.100,6.290,7.482,6.289,27.000,5.240,25.463,0.439,0.263,1.005,0.939,0.183,0.168,0.075,6.554,7.594,19.912,24.897,1996.4,2395.7,4663.9,4663.9,4717.7,28.3,8.4,18.0,28.3,75.5,いいえ,いいえ,いいえ,0.172,0.041,0.3,45.0,64.6,40.0,64.0,1.048,12.197,3.440,3.328,5.040,1.064,0.976,3.440,3.344,1.808,1.024,1.120,1.040,1.792,1.096,0.656,1.824,0.264,1728,いいえ,61.9,44.5,1.110,1.110,1.800,1.800,1.005,5.040,0.250,いいえ,いいえ,いいえ,44.0,1.110,1.110,1.800,1.800,1.005,5.040,0.250,いいえ,いいえ,いいえ,37,37,いいえ,はい,15388,14039,128,128,34,100.0,いいえ,いいえ,3868,2528,9990,44,46,54,100.0,100.0,いいえ,いいえ,7032,7744,0.0,0.1,0.1,0.000,0.010,1392,1013,0.0,0.0,0.0,0.000,0.000,181182,133153,0.0,0.0,0.0,0.000,0.000,66345,77750,60.2,0.720,5.000,600.0,2400.0,1200.0,100.0,0.0,0.0,0.0,0.0,0.0,0.0,0.0,0.0,125,2,16.0,86,いいえ,いいえ,いいえ,45.8,54.0,56.4,84.0,0.860,12.321,12.330,12.283,12.341,12.329,1240,1241,11.443,5.111,3.227,0.321,8.254,3.381,0.160,8.415,8.540,8.591,220.000,220.000,210.0,50.6,1185.0,210.0,1290.0,210.1,50.5,1400.2,2.0,6.0,1.0,0.0,87.5,0.5,0.8,0.0,1.2,0.0,30,30,はい,いいえ,いいえ,いいえ,いいえ,はい,いいえ,5.3,5.7,0,0,0,0,0,0,0,0,0,2,0,0,0,0,0,0,0,0,0,0,0,0,0,0,0,0,0,0,0,0,1535,10747,10470,591,2.5,1.7,17.3,0.4,0.4,0.4,0.4,0.3,0.3,0.3,0.3,0.3,0.3,580.19,2553.33,57.77,57.64,2657.11,2657.11,1.52,27.69,580.15,0.04,0.55,0,0,0.0,0.0,44298,39122,6.2,189.7,0,
19.7.2026,1:6:55.530,25920,7991,76.4,12886,18977,40.4,3.5,2048,71,1.043,1.035,1.045,1.045,1.045,1.045,1.045,4170.3,4691.5,4691.5,4691.5,4691.5,3127.7,3127.7,99.8,113.3,64.1,36.4,332.7,148.9,275.9,129.3,89.7,58.7,70.1,80.8,29.2,44.3,113.3,2.2,1.6,1.0,5.3,2.4,4.8,2.7,1.9,1.2,1.6,1.8,0.9,1.2,5.3,2.2,2.8,2.4,0.8,7.8,3.7,6.7,3.1,2.1,1.3,1.7,2.0,0.7,1.1,2.8,41.8,47.0,47.0,47.0,47.0,31.3,31.3,0.0,4.7,3.2,9.2,8.0,3.0,3.0,1.6,41.3,26.9,90.8,92.0,27.0,8.1,3.1,54.0,69.9,0.0,0.0,70.0,88.9,95.3,2395.7,24.00,40,39,39,77,116,708,1,64.5,64.1,56.6,52.3,52.4,53.6,52.8,51.8,51.6,51.5,54.2,54.2,64.0,58.2,48.0,46.0,49.0,1.038,1.015,1.100,6.394,7.402,6.393,27.500,5.242,25.482,0.453,0.251,1.049,0.929,0.264,0.147,0.076,6.664,7.513,19.944,24.930,1996.4,2395.7,4673.6,4673.6,4717.7,28.3,8.5,18.3,28.3,75.4,いいえ,いいえ,いいえ,0.168,0.041,0.3,45.0,64.5,40.0,64.0,1.048,12.197,3.440,3.328,5.040,1.064,0.976,3.440,3.344,1.808,1.024,1.120,1.040,1.792,1.096,0.656,1.824,0.264,1737,いいえ,61.9,44.5,1.110,1.110,1.800,1.800,1.005,5.040,0.250,いいえ,いいえ,いいえ,44.0,1.110,1.110,1.800,1.800,1.005,5.040,0.250,いいえ,いいえ,いいえ,37,37,いいえ,はい,15388,14039,128,128,34,100.0,いいえ,いいえ,3868,2528,9990,44,46,54,100.0,100.0,いいえ,いいえ,7032,7744,0.0,0.0,0.0,0.000,0.002,1392,1013,0.0,0.0,0.0,0.000,0.000,181182,133153,0.0,0.0,0.0,0.000,0.012,66345,77750,60.1,0.720,6.000,600.0,2400.0,1200.0,100.0,0.0,0.0,0.0,0.0,0.0,0.0,0.0,0.0,125,2,16.0,86,いいえ,いいえ,いいえ,45.6,52.0,56.1,84.0,0.860,12.317,12.327,12.278,12.337,12.325,1238,1239,11.335,5.016,2.877,0.320,8.251,3.035,0.160,8.421,8.507,8.559,220.000,220.000,210.0,50.6,1185.0,210.0,1290.0,209.9,50.5,1399.7,2.0,6.0,1.0,0.0,87.5,0.6,1.0,0.0,1.4,0.0,30,30,はい,いいえ,いいえ,いいえ,いいえ,はい,いいえ,5.1,5.2,0,0,0,0,0,0,0,0,0,2,0,0,0,0,0,0,0,0,0,0,0,0,0,0,0,0,0,0,0,0,1535,10747,10470,591,2.5,0.4,0.4,0.4,0.4,0.4,0.4,0.4,0.4,0.4,0.4,0.4,0.4,2686.53,2686.53,2686.53,2686.53,2686.53,2686.53,5.60,75.25,2686.48,0.05,2654.05,0,0,0.0,0.0,44298,39122,6.5,285.3,0,
19.7.2026,1:6:57.531,25902,8009,76.3,12886,18977,40.4,3.5,2048,71,1.038,1.050,1.035,1.035,1.035,1.035,1.035,4691.5,4691.5,4691.5,4691.5,4691.5,4691.5,4691.5,99.8,108.4,45.5,29.9,310.2,103.9,326.1,141.5,71.8,44.9,76.1,77.2,25.2,48.3,108.4,1.9,2.0,0.7,5.4,2.0,6.6,2.9,0.7,0.8,0.9,0.9,0.0,0.4,6.6,1.9,2.7,2.1,0.6,7.2,2.4,8.1,3.4,1.7,0.9,1.8,1.9,0.6,1.2,2.7,47.0,47.0,47.0,47.0,47.0,47.0,47.0,0.0,4.4,2.7,7.6,9.3,2.4,3.1,1.5,38.1,16.0,92.4,90.7,16.7,9.2,3.8,57.4,81.3,0.0,0.0,80.8,87.7,94.7,2395.7,24.00,40,39,39,77,116,708,1,64.4,64.0,56.6,52.1,52.2,53.2,52.7,51.5,51.6,51.3,54.0,54.0,63.8,58.2,48.0,46.0,49.0,1.039,1.015,1.100,6.213,7.498,6.213,25.000,5.271,25.444,0.428,0.173,0.972,0.972,0.184,0.185,0.080,6.478,7.610,19.886,24.873,1996.4,2395.7,4670.8,4670.8,4717.7,28.3,8.3,16.7,28.3,75.2,いいえ,いいえ,いいえ,0.161,0.037,0.3,45.0,64.4,40.0,64.0,1.048,12.197,3.440,3.328,5.040,1.064,0.976,3.440,3.344,1.808,1.024,1.120,1.040,1.792,1.096,0.656,1.824,0.264,1750,いいえ,61.9,44.5,1.110,1.110,1.800,1.800,1.005,5.040,0.250,いいえ,いいえ,いいえ,44.0,1.110,1.110,1.800,1.800,1.005,5.040,0.250,いいえ,いいえ,いいえ,37,37,いいえ,はい,15388,14039,128,128,34,100.0,いいえ,いいえ,3868,2528,9990,44,46,53,100.0,100.0,いいえ,いいえ,7032,7744,0.0,0.1,0.1,0.000,0.010,1392,1013,0.0,0.0,0.0,0.000,0.000,181182,133153,0.0,0.0,0.0,0.000,0.012,66345,77750,60.0,0.720,5.000,600.0,2400.0,1200.0,100.0,0.0,0.0,0.0,0.0,0.0,0.0,0.0,0.0,125,2,16.0,86,いいえ,いいえ,いいえ,45.4,52.0,55.9,84.0,0.860,12.315,12.325,12.277,12.335,12.323,1238,1241,11.338,4.969,2.726,0.320,8.238,2.886,0.160,8.405,8.481,8.533,220.000,220.000,210.0,50.6,1185.0,210.0,1290.0,210.1,50.5,1400.2,2.0,6.0,1.0,0.0,87.5,0.2,0.3,0.0,0.6,0.0,30,30,はい,いいえ,いいえ,いいえ,いいえ,はい,いいえ,5.1,5.4,0,0,0,0,0,0,0,0,0,2,0,0,0,0,0,0,0,0,0,0,0,0,0,0,0,0,0,0,0,0,1535,10747,10470,591,2.5,0.4,0.4,0.4,0.4,0.4,0.4,0.4,0.4,0.4,0.4,0.4,0.4,2686.53,2686.53,2686.53,2686.53,2686.53,2686.53,5.60,75.25,2686.48,0.05,2654.05,0,0,0.0,0.0,44298,39122,5.4,69.3,0,
19.7.2026,1:6:59.525,25901,8010,76.3,12886,18977,40.4,3.5,2048,71,1.049,1.045,1.050,1.050,1.050,1.050,1.050,4430.9,3127.7,4691.5,4691.5,4691.5,4691.5,4691.5,99.8,107.4,68.2,44.5,340.4,87.6,274.2,140.4,57.8,61.2,63.4,88.4,19.0,43.7,107.4,2.2,2.1,0.6,5.9,1.4,5.1,2.2,1.6,0.9,1.8,2.4,1.0,1.5,5.9,2.2,2.6,2.6,1.0,8.1,2.1,6.7,3.2,1.3,1.4,1.5,2.2,0.4,1.0,2.6,44.4,31.3,47.0,47.0,47.0,47.0,47.0,0.0,4.4,3.3,8.2,8.0,2.5,3.1,1.3,39.3,23.7,91.8,92.0,18.4,7.5,2.5,56.3,73.0,0.0,0.0,79.1,89.3,96.2,2395.7,24.00,40,39,39,77,116,708,1,64.2,63.9,56.6,52.0,52.1,53.2,52.5,51.4,51.4,51.2,53.9,53.9,63.8,58.1,48.0,46.0,49.0,1.040,1.015,1.100,6.259,7.574,6.257,24.000,5.260,25.544,0.430,0.238,0.990,0.960,0.189,0.138,0.067,6.528,7.688,20.002,24.986,1996.4,2395.7,4678.0,4678.0,4717.7,28.4,8.3,16.0,28.4,75.1,いいえ,いいえ,いいえ,0.146,0.038,0.3,45.0,64.2,40.0,64.0,1.048,12.197,3.440,3.328,5.040,1.064,0.976,3.440,3.344,1.808,1.024,1.120,1.040,1.792,1.096,0.656,1.824,0.264,1748,いいえ,61.9,44.5,1.110,1.110,1.800,1.800,1.005,5.040,0.250,いいえ,いいえ,いいえ,44.0,1.110,1.110,1.800,1.800,1.005,5.040,0.250,いいえ,いいえ,いいえ,37,37,いいえ,はい,15388,14039,128,128,34,100.0,いいえ,いいえ,3868,2528,9990,44,46,53,100.0,100.0,いいえ,いいえ,7032,7744,0.0,0.1,0.1,0.000,0.002,1392,1013,0.0,0.0,0.0,0.000,0.000,181182,133153,0.0,0.0,0.0,0.000,0.000,66345,77750,59.9,0.720,5.000,600.0,2400.0,1200.0,100.0,0.0,0.0,0.0,0.0,0.0,0.0,0.0,0.0,125,2,16.0,86,いいえ,いいえ,いいえ,45.1,52.0,55.5,84.0,0.860,12.317,12.327,12.277,12.337,12.325,1240,1239,11.155,4.945,2.719,0.296,8.238,2.862,0.148,8.394,8.396,8.506,220.000,220.000,210.0,50.6,1185.0,210.0,1290.0,210.0,50.5,1400.4,3.0,6.0,2.0,0.0,87.5,0.5,0.6,0.0,1.2,0.0,30,30,はい,いいえ,いいえ,いいえ,いいえ,はい,いいえ,5.1,5.4,0,0,0,0,0,0,0,0,0,2,0,0,0,0,0,0,0,0,0,0,0,0,0,0,0,0,0,0,0,0,1535,10747,10470,591,2.5,0.4,0.4,0.4,0.4,0.4,0.4,0.4,0.4,0.4,0.4,0.4,0.4,2686.53,2686.53,2686.53,2686.53,2686.53,2686.53,5.60,75.25,2686.48,0.05,2654.05,0,0,0.0,0.0,44298,39123,6.4,228.1,0,
19.7.2026,1:7:1.539,25904,8007,76.3,12886,18977,40.4,3.5,2048,71,1.043,1.035,1.045,1.045,1.045,1.045,1.045,3388.3,3127.7,4691.5,3127.7,3127.7,3127.7,3127.7,99.8,108.6,50.9,31.6,299.5,144.2,220.5,176.3,56.5,62.3,59.0,133.5,25.8,43.2,108.6,1.7,1.6,0.1,4.8,2.4,3.7,2.6,0.5,0.6,0.7,2.3,0.1,0.4,4.8,1.7,2.7,2.4,0.7,7.0,3.6,5.3,4.0,1.3,1.4,1.4,3.4,0.6,1.0,2.7,33.9,31.3,47.0,31.3,31.3,31.3,31.3,0.0,4.4,2.9,8.3,7.4,2.5,4.0,1.5,38.2,19.7,91.7,91.5,18.7,5.0,2.8,57.4,77.3,0.0,1.1,78.9,91.1,95.8,2395.7,24.00,40,39,39,77,116,708,1,64.1,63.7,56.6,51.8,52.0,53.0,52.3,51.3,51.4,51.0,53.8,53.8,63.8,57.9,48.0,46.0,49.0,1.039,1.015,1.100,6.224,7.554,6.229,27.000,5.245,25.495,0.425,0.192,0.988,0.937,0.189,0.171,0.070,6.490,7.667,19.927,24.917,1996.4,2395.7,4672.8,4672.8,4717.7,28.3,8.3,18.0,28.3,75.0,いいえ,いいえ,いいえ,0.163,0.032,0.3,45.0,64.1,40.0,64.0,1.048,12.144,3.440,3.328,5.040,1.064,0.976,3.440,3.344,1.808,1.024,1.120,1.040,1.792,1.096,0.664,1.824,0.264,1739,いいえ,61.9,44.5,1.110,1.110,1.800,1.800,1.005,5.040,0.250,いいえ,いいえ,いいえ,44.0,1.110,1.110,1.800,1.800,1.005,5.040,0.250,いいえ,いいえ,いいえ,37,37,いいえ,はい,15388,14039,128,128,34,100.0,いいえ,いいえ,3868,2528,9990,44,46,53,100.0,100.0,いいえ,いいえ,7032,7744,0.0,0.0,0.0,0.000,0.008,1392,1013,0.0,0.0,0.0,0.000,0.000,181182,133153,0.0,0.0,0.0,0.000,0.038,66345,77750,59.7,0.720,5.000,600.0,2400.0,1200.0,100.0,0.0,0.0,0.0,0.0,0.0,0.0,0.0,0.0,125,2,16.0,86,いいえ,いいえ,いいえ,44.9,52.0,55.3,84.0,0.860,12.316,12.325,12.278,12.336,12.324,1241,1241,11.033,4.929,2.643,0.296,8.238,2.788,0.148,8.390,8.447,8.482,220.000,220.000,210.0,50.6,1185.0,210.0,1290.0,210.0,50.5,1400.7,3.0,6.0,2.0,0.0,87.5,0.4,0.5,0.0,1.0,0.0,30,30,はい,いいえ,いいえ,いいえ,いいえ,はい,いいえ,5.0,5.2,0,0,0,0,0,0,0,0,0,2,0,0,0,0,0,0,0,0,0,0,0,0,0,0,0,0,0,0,0,0,1535,10747,10470,591,2.5,0.3,0.3,0.3,0.3,0.3,0.3,0.0,0.0,0.0,0.0,0.0,0.0,2938.02,2938.02,2938.02,2938.02,2938.02,2938.02,5.32,80.74,2937.98,0.04,0.00,0,0,0.0,0.0,44298,39123,6.1,151.8,0,
19.7.2026,1:7:3.540,25904,8007,76.3,12885,18978,40.4,3.5,2048,71,1.052,1.035,1.055,1.055,1.055,1.055,1.055,4430.9,4691.5,4691.5,3127.7,4691.5,4691.5,4691.5,99.8,118.0,75.0,43.9,314.7,107.3,297.4,165.0,73.7,61.4,61.4,143.6,24.2,48.0,118.0,2.0,2.2,0.0,5.2,1.9,5.7,3.0,0.4,0.9,1.1,2.9,0.0,0.1,5.7,2.0,2.9,2.6,1.0,7.2,2.6,7.3,4.0,1.7,1.4,1.5,3.7,0.5,1.2,2.9,44.4,47.0,47.0,31.3,47.0,47.0,47.0,0.0,4.8,3.4,7.9,9.1,2.7,4.2,1.6,41.6,28.5,92.1,90.9,27.7,7.0,3.5,53.6,68.1,0.0,0.0,69.7,88.8,94.9,2395.7,24.00,40,39,39,77,116,708,1,64.1,63.6,56.4,51.8,51.9,52.9,52.4,51.4,51.3,51.0,53.7,53.7,64.0,57.9,48.0,46.0,49.0,1.038,1.015,1.100,6.419,7.502,6.417,24.500,5.223,25.605,0.459,0.267,0.983,0.977,0.266,0.182,0.078,6.693,7.615,20.053,25.041,1996.4,2395.7,4670.0,4670.0,4717.7,28.5,8.6,16.3,28.5,74.8,いいえ,いいえ,いいえ,0.201,0.049,0.3,45.0,64.1,40.0,64.0,1.040,12.197,3.440,3.328,5.040,1.064,0.976,3.440,3.344,1.808,1.024,1.120,1.040,1.792,1.096,0.664,1.824,0.264,1732,いいえ,61.9,44.2,1.110,1.110,1.800,1.800,1.005,5.040,0.250,いいえ,いいえ,いいえ,44.0,1.110,1.110,1.800,1.800,1.005,5.040,0.250,いいえ,いいえ,いいえ,37,37,いいえ,はい,15388,14039,128,128,34,100.0,いいえ,いいえ,3868,2528,9990,43,45,54,100.0,100.0,いいえ,いいえ,7032,7744,0.0,0.0,0.0,0.000,0.004,1392,1013,0.0,0.0,0.0,0.000,0.000,181182,133153,0.0,0.1,0.1,0.000,0.051,66345,77750,59.6,0.720,12.000,600.0,2400.0,1200.0,100.0,0.0,0.0,0.0,0.0,0.0,0.0,0.0,0.0,125,2,16.0,86,いいえ,いいえ,いいえ,44.7,50.0,55.2,84.0,0.860,12.316,12.326,12.277,12.337,12.325,1240,1239,10.889,4.887,2.535,0.271,8.213,2.677,0.136,8.361,8.448,8.459,220.000,220.000,210.0,50.6,1185.0,210.0,1290.0,210.0,50.5,1400.7,3.0,6.0,2.0,0.0,87.5,0.6,0.9,0.0,1.3,0.0,30,30,はい,いいえ,いいえ,いいえ,いいえ,はい,いいえ,5.0,5.7,0,0,0,0,0,0,0,0,0,2,0,0,0,0,0,0,0,0,0,0,0,0,0,0,0,0,0,0,0,0,1535,10747,10470,592,2.5,0.3,0.3,0.3,0.3,0.3,0.3,0.0,0.0,0.0,0.0,0.0,0.0,2938.02,2938.02,2938.02,2938.02,2938.02,2938.02,5.32,80.74,2937.98,0.04,0.00,0,0,0.0,0.0,44298,39123,6.9,201.3,0,
19.7.2026,1:7:5.552,25900,8011,76.3,12885,18978,40.4,3.5,2048,71,1.043,1.035,1.045,1.045,1.045,1.045,1.045,3649.0,3127.7,4691.5,3127.7,4691.5,3127.7,3127.7,99.8,113.2,58.2,31.5,391.2,96.5,240.5,147.4,68.4,54.5,63.1,112.4,26.8,67.5,113.2,2.2,2.1,1.2,7.0,1.7,4.5,2.5,1.9,0.8,1.1,2.2,1.2,0.5,7.0,2.2,2.8,2.6,0.7,9.4,2.3,5.8,3.4,1.6,1.2,1.5,2.8,0.6,1.7,2.8,36.6,31.3,47.0,31.3,47.0,31.3,31.3,0.0,4.7,3.1,9.3,7.5,2.6,3.5,2.0,39.6,24.9,90.7,92.5,20.1,6.1,3.4,55.7,72.0,0.0,0.0,77.4,90.4,94.6,2395.7,24.00,40,39,39,77,116,708,1,64.0,63.5,55.9,51.7,51.7,53.0,52.2,51.2,51.0,51.0,53.5,53.5,63.8,57.9,48.0,46.0,49.0,1.037,1.015,1.100,6.297,7.486,6.296,26.000,5.239,25.461,0.439,0.231,1.039,0.931,0.200,0.143,0.088,6.560,7.598,19.921,24.907,1996.4,2395.7,4663.7,4663.7,4717.7,28.3,8.4,17.3,28.3,74.7,いいえ,いいえ,いいえ,0.179,0.040,0.3,45.0,64.0,40.0,64.0,1.048,12.197,3.440,3.328,5.040,1.064,0.976,3.440,3.344,1.808,1.024,1.120,1.040,1.792,1.096,0.664,1.824,0.264,1737,いいえ,61.9,44.2,1.110,1.110,1.800,1.800,1.005,5.040,0.250,いいえ,いいえ,いいえ,44.0,1.110,1.110,1.800,1.800,1.005,5.040,0.250,いいえ,いいえ,いいえ,37,37,いいえ,はい,15388,14039,128,128,34,100.0,いいえ,いいえ,3868,2528,9990,44,46,53,100.0,100.0,いいえ,いいえ,7032,7744,0.0,0.0,0.0,0.000,0.006,1392,1013,0.0,0.0,0.0,0.000,0.000,181182,133153,0.0,0.0,0.0,0.000,0.002,66345,77750,59.5,0.720,16.000,600.0,2400.0,1200.0,100.0,0.0,0.0,0.0,0.0,0.0,0.0,0.0,0.0,125,2,16.0,86,いいえ,いいえ,いいえ,44.4,50.0,54.8,84.0,0.860,12.316,12.326,12.276,12.337,12.324,1241,1241,11.152,4.908,2.593,0.296,8.237,2.739,0.148,8.391,8.339,8.520,220.000,220.000,210.0,50.6,1185.0,210.0,1290.0,210.0,50.5,1400.3,3.0,6.0,2.0,0.0,87.5,0.5,0.9,0.0,1.2,0.0,30,30,はい,いいえ,いいえ,いいえ,いいえ,はい,いいえ,5.0,5.3,0,0,0,0,0,0,0,0,0,2,0,0,0,0,0,0,0,0,0,0,0,0,0,0,0,0,0,0,0,0,1535,10747,10470,592,2.5,0.3,0.3,0.3,0.3,0.3,0.3,0.0,0.0,0.0,0.0,0.0,0.0,2938.02,2938.02,2938.02,2938.02,2938.02,2938.02,5.32,80.74,2937.98,0.04,0.00,0,0,0.0,0.0,44298,39124,6.5,190.3,0,
19.7.2026,1:7:7.543,25899,8012,76.3,12885,18978,40.4,3.5,2048,71,1.052,1.035,1.055,1.055,1.055,1.055,1.055,3909.6,3127.7,4691.5,4691.5,4691.5,3127.7,3127.7,99.8,154.9,97.0,79.8,360.6,227.7,295.2,159.9,103.8,88.6,104.7,151.3,92.1,98.1,154.9,2.4,3.1,0.0,6.6,4.6,6.0,3.4,2.2,0.0,0.0,1.0,0.0,1.5,6.6,2.4,3.9,3.4,2.0,8.6,5.6,7.3,4.0,2.5,2.1,2.6,3.9,2.3,2.5,3.9,39.2,31.3,47.0,47.0,47.0,31.3,31.3,0.0,5.5,4.0,10.2,8.2,3.2,4.4,2.9,38.5,20.6,89.8,91.8,16.3,8.0,4.4,56.0,75.5,0.0,0.0,80.5,87.6,92.6,2395.7,24.00,40,39,39,77,116,708,1,63.9,63.4,55.9,51.7,51.7,52.8,52.2,51.2,51.2,50.9,53.4,53.4,63.2,57.6,47.9,46.0,49.0,1.038,1.015,1.100,6.554,7.559,6.557,34.000,5.264,25.881,0.471,0.243,1.048,0.949,0.212,0.221,0.152,6.834,7.672,20.296,25.305,1996.4,2395.7,4666.5,4666.5,4717.7,28.8,8.7,22.7,28.8,74.6,いいえ,いいえ,いいえ,0.423,0.153,0.3,45.0,63.9,40.0,63.0,1.008,12.197,3.440,3.328,5.040,1.064,0.976,3.440,3.344,1.808,1.024,1.120,1.040,1.792,1.096,0.664,1.824,0.264,1658,いいえ,61.9,44.2,1.110,1.110,1.800,1.800,1.005,5.040,0.250,いいえ,いいえ,いいえ,44.0,1.110,1.110,1.800,1.800,1.005,5.040,0.250,いいえ,いいえ,いいえ,37,37,いいえ,はい,15388,14039,128,128,34,100.0,いいえ,いいえ,3868,2528,9990,44,46,53,100.0,100.0,いいえ,いいえ,7032,7744,0.0,0.1,0.1,0.000,0.008,1392,1013,0.0,0.0,0.0,0.000,0.000,181182,133153,0.0,0.0,0.0,0.000,0.036,66345,77751,59.5,0.720,7.000,600.0,2400.0,1200.0,100.0,0.0,0.0,0.0,0.0,0.0,0.0,0.0,0.0,125,2,16.0,86,いいえ,いいえ,いいえ,44.3,50.0,54.6,84.0,0.860,12.322,12.332,12.283,12.343,12.330,1240,1239,11.107,4.896,2.611,0.296,8.242,2.752,0.148,8.401,8.307,8.413,220.000,220.000,210.0,50.6,1185.0,210.0,1290.0,210.0,50.5,1401.1,1.0,6.0,0.0,0.0,87.5,0.3,0.5,0.0,0.8,0.0,30,30,はい,いいえ,いいえ,いいえ,いいえ,はい,いいえ,5.0,5.7,0,0,0,0,0,0,0,0,0,2,0,0,0,0,0,0,0,0,0,0,0,0,0,0,0,0,0,0,0,0,1535,10747,10470,592,2.5,0.3,0.3,0.3,0.3,0.3,0.3,0.0,0.0,0.0,0.0,0.0,0.0,2938.02,2938.02,2938.02,2938.02,2938.02,2938.02,5.32,80.74,2937.98,0.04,0.00,0,0,0.0,0.0,44298,39124,5.8,150.7,0,
19.7.2026,1:7:9.548,25899,8012,76.3,12885,18978,40.4,3.5,2048,71,1.054,1.050,1.055,1.055,1.055,1.055,1.055,3649.0,3127.7,4691.5,4691.5,3127.7,3127.7,3127.7,99.8,108.2,41.1,28.7,356.1,89.9,277.8,116.8,54.6,48.8,47.2,169.7,27.0,41.1,108.2,2.7,1.5,1.7,5.9,1.3,5.0,1.9,0.5,1.9,4.2,4.6,1.7,2.1,5.9,2.7,2.7,2.2,0.6,8.4,2.1,6.8,2.8,1.2,1.1,1.1,4.4,0.6,1.0,2.7,36.6,31.3,47.0,47.0,31.3,31.3,31.3,0.0,4.5,2.7,8.5,7.9,2.2,4.3,1.5,38.0,19.8,91.5,92.1,15.4,6.2,3.2,57.5,77.5,0.0,0.0,82.5,89.5,95.3,2395.7,24.00,40,39,39,77,116,708,1,63.8,63.3,55.9,51.3,51.4,52.5,51.9,50.8,50.9,50.6,53.3,53.3,62.8,57.4,47.9,46.0,49.0,1.039,1.015,1.100,6.268,7.532,6.267,24.000,5.263,25.501,0.420,0.184,0.997,0.924,0.156,0.187,0.071,6.537,7.645,19.970,24.955,1996.4,2395.7,4673.4,4673.4,4717.7,28.4,8.4,16.0,28.4,74.5,いいえ,いいえ,いいえ,0.167,0.037,0.3,45.0,63.8,40.0,63.0,1.048,12.197,3.440,3.328,5.040,1.064,0.976,3.440,3.344,1.808,1.024,1.120,1.040,1.792,1.096,0.664,1.824,0.264,1654,いいえ,61.9,44.2,1.110,1.110,1.800,1.815,1.005,5.040,0.250,いいえ,いいえ,いいえ,44.0,1.110,1.110,1.800,1.800,1.005,5.040,0.250,いいえ,いいえ,いいえ,37,37,いいえ,はい,15388,14039,128,128,34,100.0,いいえ,いいえ,3868,2528,9990,43,45,53,100.0,100.0,いいえ,いいえ,7032,7744,0.0,0.1,0.1,0.000,0.008,1392,1013,0.0,0.0,0.0,0.000,0.000,181182,133153,0.0,0.0,0.0,0.000,0.000,66345,77751,59.3,0.720,10.000,600.0,2400.0,1200.0,100.0,0.0,0.0,0.0,0.0,0.0,0.0,0.0,0.0,125,2,16.0,86,いいえ,いいえ,いいえ,44.0,52.0,54.4,84.0,0.860,12.317,12.326,12.278,12.338,12.326,1240,1241,10.850,4.848,2.475,0.271,8.226,2.616,0.136,8.370,8.297,8.395,220.000,220.000,210.0,50.6,1185.0,210.0,1290.0,210.0,50.5,1400.9,3.0,6.0,1.0,0.0,87.5,0.4,0.5,0.0,1.0,0.0,30,30,はい,いいえ,いいえ,いいえ,いいえ,はい,いいえ,4.9,5.2,0,0,0,0,0,0,0,0,0,2,0,0,0,0,0,0,0,0,0,0,0,0,0,0,0,0,0,0,0,0,1535,10747,10470,592,2.5,0.3,0.3,0.3,0.3,0.3,0.3,0.0,0.0,0.0,0.0,0.0,0.0,2938.02,2938.02,2938.02,2938.02,2938.02,2938.02,5.32,80.74,2937.98,0.04,0.00,0,0,0.0,0.0,44298,39124,5.9,152.0,0,
19.7.2026,1:7:11.548,25897,8014,76.3,12883,18980,40.4,3.5,2048,71,1.035,1.035,1.035,1.035,1.035,1.035,1.035,4170.3,4691.5,4691.5,4691.5,4691.5,3127.7,3127.7,99.8,104.2,50.6,30.8,332.5,96.8,241.1,114.3,78.0,48.9,52.1,127.5,35.7,42.4,104.2,2.6,2.2,1.5,6.0,2.1,4.9,2.3,1.7,1.8,1.2,3.7,1.8,1.9,6.0,2.6,2.6,2.2,0.7,7.8,2.4,5.8,2.7,1.8,1.1,1.2,3.2,0.8,1.0,2.6,41.8,47.0,47.0,47.0,47.0,31.3,31.3,0.0,4.3,2.8,8.2,6.9,2.7,3.7,1.7,38.5,19.4,91.8,93.1,17.1,7.3,2.4,57.2,77.8,0.0,0.0,80.3,89.0,95.9,2395.7,24.00,40,39,39,77,116,708,1,63.6,63.2,55.6,51.2,51.3,52.4,51.8,50.8,50.7,50.5,53.1,53.1,64.0,57.6,47.9,46.0,49.0,1.038,1.015,1.100,6.300,7.614,6.301,24.500,5.261,25.653,0.412,0.193,0.978,0.881,0.180,0.169,0.071,6.568,7.728,20.083,25.069,1996.4,2395.7,4669.6,4669.6,4717.7,28.5,8.4,16.3,28.5,74.3,いいえ,いいえ,いいえ,0.145,0.036,0.3,45.0,63.6,40.0,63.0,1.048,12.197,3.440,3.328,5.040,1.064,0.984,3.440,3.344,1.808,1.024,1.120,1.040,1.792,1.096,0.664,1.824,0.264,1652,いいえ,61.9,44.2,1.110,1.110,1.800,1.815,1.005,5.040,0.250,いいえ,いいえ,いいえ,43.8,1.110,1.110,1.800,1.815,1.005,5.040,0.250,いいえ,いいえ,いいえ,37,37,いいえ,はい,15388,14039,128,128,34,100.0,いいえ,いいえ,3868,2528,9990,44,46,53,100.0,100.0,いいえ,いいえ,7032,7744,0.0,0.0,0.0,0.000,0.002,1392,1013,0.0,0.0,0.0,0.000,0.000,181182,133153,0.0,0.0,0.0,0.000,0.000,66345,77751,59.2,0.720,5.000,600.0,2400.0,1200.0,100.0,0.0,0.0,0.0,0.0,0.0,0.0,0.0,0.0,125,2,16.0,86,いいえ,いいえ,いいえ,43.9,50.0,54.2,84.0,0.860,12.312,12.321,12.272,12.333,12.320,1240,1239,10.957,5.065,2.645,0.296,8.222,2.787,0.148,8.371,9.663,8.387,220.000,220.000,210.0,50.6,1185.0,210.0,1290.0,210.0,50.5,1400.9,4.0,6.0,3.0,0.0,87.5,0.3,0.4,0.0,0.8,0.0,30,30,はい,いいえ,いいえ,いいえ,いいえ,はい,いいえ,5.0,5.1,0,0,0,0,0,0,0,0,0,2,0,0,0,0,0,0,0,0,0,0,0,0,0,0,0,0,0,0,0,0,1535,10747,10470,592,2.5,0.3,0.3,0.3,0.3,0.3,0.3,0.0,0.0,0.0,0.0,0.0,0.0,2938.02,2938.02,2938.02,2938.02,2938.02,2938.02,5.32,80.74,2937.98,0.04,0.00,0,0,0.0,0.0,44298,39125,5.5,186.1,0,
19.7.2026,1:7:13.540,25898,8013,76.3,12883,18980,40.4,3.5,2048,71,1.049,1.045,1.050,1.050,1.050,1.050,1.050,3388.3,4691.5,3127.7,3127.7,3127.7,3127.7,3127.7,99.8,112.4,77.5,30.6,373.2,110.7,304.6,112.6,72.5,57.0,44.0,100.9,27.5,38.2,112.4,2.1,2.4,0.5,6.6,2.0,5.9,2.0,1.3,0.9,0.8,2.1,0.5,0.8,6.6,2.1,2.8,2.8,0.7,8.8,2.7,7.4,2.7,1.7,1.3,1.0,2.5,0.6,0.9,2.8,33.9,47.0,31.3,31.3,31.3,31.3,31.3,0.0,4.7,3.4,9.2,8.2,2.7,3.0,1.4,40.6,27.1,90.8,91.8,24.5,6.6,2.5,54.8,69.5,0.0,0.0,72.7,90.4,96.0,2395.7,24.00,40,39,39,77,116,708,1,63.5,63.1,55.9,51.2,51.3,52.5,51.9,50.8,50.5,50.5,53.0,53.0,62.8,57.2,47.9,46.0,49.0,1.039,1.015,1.100,6.466,7.697,6.463,23.000,5.270,25.899,0.444,0.259,1.034,0.938,0.240,0.126,0.065,6.741,7.813,20.350,25.334,1996.4,2395.7,4671.9,4671.9,4717.7,28.8,8.6,15.3,28.8,74.3,いいえ,いいえ,いいえ,0.167,0.040,0.3,45.0,63.5,40.0,63.0,1.040,12.197,3.440,3.328,5.040,1.064,0.984,3.440,3.344,1.808,1.024,1.120,1.040,1.792,1.096,0.664,1.824,0.264,1660,いいえ,61.9,44.2,1.110,1.110,1.800,1.815,1.005,5.040,0.250,いいえ,いいえ,いいえ,44.0,1.110,1.110,1.800,1.815,1.005,5.040,0.250,いいえ,いいえ,いいえ,37,37,いいえ,はい,15388,14039,128,128,34,100.0,いいえ,いいえ,3868,2528,9990,44,46,53,100.0,100.0,いいえ,いいえ,7032,7744,0.0,0.1,0.1,0.000,0.008,1392,1013,0.0,0.0,0.0,0.000,0.000,181182,133153,0.0,0.0,0.0,0.000,0.002,66345,77751,59.2,0.720,11.000,600.0,2400.0,1200.0,100.0,0.0,0.0,0.0,0.0,0.0,0.0,0.0,0.0,125,2,16.0,86,いいえ,いいえ,いいえ,43.7,50.0,53.9,84.0,0.860,12.316,12.327,12.276,12.337,12.325,1240,1239,10.879,4.804,2.343,0.271,8.225,2.480,0.136,8.369,8.240,8.371,220.000,220.000,210.0,50.6,1185.0,210.0,1290.0,210.0,50.5,1400.8,1.0,6.0,0.0,0.0,87.5,0.6,1.2,0.0,1.3,0.0,30,30,はい,いいえ,いいえ,いいえ,いいえ,はい,いいえ,4.9,5.9,0,0,0,0,0,0,0,0,0,2,0,0,0,0,0,0,0,0,0,0,0,0,0,0,0,0,0,0,0,0,1535,10747,10470,588,2.5,0.3,0.3,0.3,0.3,0.3,0.3,0.0,0.0,0.0,0.0,0.0,0.0,2938.02,2938.02,2938.02,2938.02,2938.02,2938.02,5.32,80.74,2937.98,0.04,0.00,0,0,0.0,0.0,44298,39125,6.4,227.9,0,
19.7.2026,1:7:15.553,25905,8006,76.3,12883,18979,40.4,3.5,2048,71,1.037,1.045,1.035,1.035,1.035,1.035,1.035,3909.6,3127.7,4691.5,4691.5,4691.5,3127.7,3127.7,99.8,118.3,80.4,48.5,313.5,132.0,249.0,156.5,78.7,79.7,55.8,156.4,21.9,47.6,118.3,1.6,1.9,0.0,4.9,1.8,4.2,2.5,0.2,0.9,0.5,2.8,0.0,0.0,4.9,1.6,2.9,2.8,1.1,7.4,3.1,6.0,3.9,1.9,1.9,1.3,4.0,0.5,1.2,2.9,39.2,31.3,47.0,47.0,47.0,31.3,31.3,0.0,4.8,3.5,8.4,8.1,3.4,4.3,1.5,40.7,27.9,91.6,91.9,20.1,9.2,3.2,54.5,68.6,0.0,0.0,76.6,86.6,95.3,2395.7,24.00,40,39,39,77,116,708,1,63.4,63.0,55.9,51.2,51.2,52.3,51.8,50.7,50.7,50.4,53.0,53.0,63.2,57.5,47.8,46.0,49.0,1.040,1.015,1.100,6.463,7.576,6.467,25.000,5.250,25.786,0.451,0.275,0.991,0.948,0.221,0.197,0.071,6.744,7.690,20.209,25.201,1996.4,2395.7,4677.4,4677.4,4717.7,28.6,8.6,16.7,28.6,74.1,いいえ,いいえ,いいえ,0.192,0.047,0.3,45.0,63.4,40.0,63.0,1.016,12.197,3.440,3.328,5.040,1.064,0.984,3.440,3.344,1.808,1.024,1.120,1.040,1.792,1.096,0.664,1.824,0.264,1648,いいえ,61.9,44.0,1.095,1.110,1.800,1.815,1.005,5.040,0.250,いいえ,いいえ,いいえ,43.8,1.110,1.110,1.800,1.815,1.005,5.040,0.375,いいえ,いいえ,いいえ,37,37,いいえ,はい,15388,14039,128,128,34,100.0,いいえ,いいえ,3868,2528,9990,44,46,53,100.0,100.0,いいえ,いいえ,7032,7744,0.0,0.0,0.0,0.000,0.002,1392,1013,0.0,0.0,0.0,0.000,0.000,181182,133153,0.0,0.0,0.0,0.000,0.000,66345,77751,59.0,0.720,7.000,600.0,2400.0,1200.0,100.0,0.0,0.0,0.0,0.0,0.0,0.0,0.0,0.0,125,2,16.0,86,いいえ,いいえ,いいえ,43.5,50.0,53.7,84.0,0.860,12.315,12.325,12.276,12.336,12.324,1240,1238,11.068,4.802,2.391,0.247,8.225,2.517,0.123,8.357,8.218,8.337,220.000,220.000,210.0,50.6,1185.0,210.0,1290.0,210.0,50.5,1400.4,2.0,6.0,1.0,0.0,87.5,0.6,1.2,0.0,1.4,0.0,30,30,はい,いいえ,いいえ,いいえ,いいえ,はい,いいえ,5.0,5.1,0,0,0,0,0,0,0,0,0,2,0,0,0,0,0,0,0,0,0,0,0,0,0,0,0,0,0,0,0,0,1535,10747,10470,591,2.5,0.3,0.3,0.3,0.3,0.3,0.3,0.0,0.0,0.0,0.0,0.0,0.0,2938.02,2938.02,2938.02,2938.02,2938.02,2938.02,5.32,80.74,2937.98,0.04,0.00,0,0,0.0,0.0,44298,39126,9.5,200.2,0,
19.7.2026,1:7:17.538,25901,8010,76.3,12883,18980,40.4,3.5,2048,71,1.038,1.050,1.035,1.035,1.035,1.035,1.035,3649.0,3127.7,4691.5,4691.5,3127.7,3127.7,3127.7,99.8,118.1,59.2,32.9,312.6,138.8,268.5,209.1,66.8,69.5,89.4,102.9,24.3,43.7,118.1,2.7,2.5,1.5,5.4,2.8,5.3,4.3,2.1,1.3,1.9,2.3,0.7,2.6,5.4,2.7,2.9,2.8,0.7,7.2,3.4,6.5,5.2,1.5,1.6,2.2,2.6,0.5,1.0,2.9,36.6,31.3,47.0,47.0,31.3,31.3,31.3,0.0,4.9,3.3,8.5,9.5,2.9,3.9,1.4,41.2,25.9,91.5,90.5,26.4,9.8,3.1,53.9,70.7,0.0,0.0,70.7,86.2,95.5,2395.7,24.00,40,39,39,77,116,708,1,63.2,62.9,55.9,51.2,51.1,52.3,51.8,50.8,50.6,50.4,53.0,53.0,62.5,57.1,47.7,46.0,49.0,1.038,1.015,1.100,6.364,7.612,6.360,25.500,5.270,25.690,0.457,0.237,1.011,0.984,0.257,0.183,0.070,6.637,7.726,20.160,25.145,1996.4,2395.7,4667.7,4667.7,4717.7,28.6,8.5,17.0,28.6,74.0,いいえ,いいえ,いいえ,0.199,0.047,0.3,45.0,63.2,40.0,63.0,1.048,12.144,3.440,3.328,5.040,1.064,0.984,3.440,3.344,1.808,1.024,1.120,1.040,1.792,1.096,0.664,1.824,0.264,1652,いいえ,61.9,44.0,1.095,1.110,1.800,1.815,1.005,5.040,0.250,いいえ,いいえ,いいえ,43.8,1.095,1.110,1.800,1.815,1.005,5.040,0.250,いいえ,いいえ,いいえ,37,37,いいえ,はい,15388,14039,128,128,34,100.0,いいえ,いいえ,3868,2528,9990,44,46,53,100.0,100.0,いいえ,いいえ,7032,7744,0.0,2.2,2.2,0.000,0.010,1392,1013,0.0,0.0,0.0,0.000,0.000,181182,133153,0.0,0.2,0.2,0.000,0.523,66345,77752,58.9,0.720,6.000,600.0,2400.0,1200.0,100.0,0.0,0.0,0.0,0.0,0.0,0.0,0.0,0.0,125,2,16.0,86,いいえ,いいえ,いいえ,43.3,50.0,53.5,84.0,0.860,12.321,12.329,12.283,12.344,12.330,1241,1242,10.836,4.873,2.635,0.271,8.242,2.777,0.136,8.391,8.197,8.331,220.000,220.000,210.0,50.6,1185.0,210.0,1290.0,210.0,50.5,1401.3,2.0,6.0,1.0,0.0,87.5,0.5,0.6,0.0,1.2,0.0,30,30,はい,いいえ,いいえ,いいえ,いいえ,はい,いいえ,5.0,5.1,0,0,0,0,0,0,0,0,0,2,0,0,0,0,0,0,0,0,0,0,0,0,0,0,0,0,0,0,0,0,1535,10747,10470,591,2.5,1.8,13.7,1.0,1.0,1.0,1.0,1.8,22.9,1.0,1.0,1.0,1.0,557.76,1000.16,73.05,63.32,1008.27,1008.27,4.33,50.80,557.72,0.04,983.03,0,0,0.0,0.0,44298,39126,6.6,189.9,0,
19.7.2026,1:7:19.547,25896,8015,76.3,12883,18980,40.4,3.5,2048,71,1.050,1.050,1.050,1.050,1.050,1.050,1.050,3515.9,3127.7,3593.5,3593.5,3593.5,3593.5,3593.5,99.8,107.2,42.9,29.6,331.6,85.3,229.3,177.6,61.3,63.9,45.5,154.1,23.6,41.2,107.2,1.8,1.7,0.3,5.7,1.4,4.2,3.1,0.9,0.9,0.0,3.1,0.0,0.7,5.7,1.8,2.6,2.2,0.6,7.8,2.0,5.6,4.2,1.4,1.5,1.0,3.9,0.5,1.0,2.6,35.2,31.3,36.0,36.0,36.0,36.0,36.0,0.0,4.4,2.8,7.9,7.7,2.6,4.1,1.4,38.6,18.5,92.1,92.3,18.6,7.5,2.5,57.0,78.8,0.0,0.0,78.8,88.3,96.1,2395.7,24.00,40,39,39,77,116,708,1,63.2,62.9,55.9,51.0,51.0,52.1,51.5,50.5,50.5,50.2,52.8,52.8,63.5,57.2,47.6,46.0,49.0,1.039,1.015,1.100,6.129,7.464,6.131,25.000,5.273,25.337,0.419,0.181,0.966,0.926,0.194,0.184,0.066,6.392,7.576,19.769,24.758,1996.4,2395.7,4675.6,4675.6,4717.7,28.1,8.2,16.7,28.1,74.0,いいえ,いいえ,いいえ,0.160,0.037,0.3,45.0,63.2,40.0,63.0,1.040,12.197,3.440,3.328,5.040,1.064,0.984,3.440,3.344,1.808,1.024,1.120,1.040,1.792,1.096,0.672,1.824,0.264,1654,いいえ,61.9,44.0,1.095,1.110,1.800,1.815,1.005,5.040,0.250,いいえ,いいえ,いいえ,43.8,1.095,1.110,1.800,1.815,1.005,5.040,0.250,いいえ,いいえ,いいえ,37,37,いいえ,はい,15388,14039,128,128,34,100.0,いいえ,いいえ,3868,2528,9990,43,45,53,100.0,100.0,いいえ,いいえ,7032,7744,0.0,0.0,0.0,0.000,0.002,1392,1013,0.0,0.0,0.0,0.000,0.000,181182,133153,0.0,0.1,0.1,0.000,0.042,66345,77752,58.9,0.720,15.000,600.0,2400.0,1200.0,100.0,0.0,0.0,0.0,0.0,0.0,0.0,0.0,0.0,125,2,16.0,86,いいえ,いいえ,いいえ,43.1,50.0,53.3,84.0,0.860,12.318,12.325,12.278,12.340,12.326,1241,1239,10.785,4.861,2.583,0.271,8.239,2.715,0.136,8.376,8.182,8.388,220.000,220.000,210.0,50.6,1185.0,210.0,1290.0,210.0,50.5,1400.2,1.0,6.0,0.0,0.0,87.5,0.3,0.4,0.0,0.8,0.0,30,30,はい,いいえ,いいえ,いいえ,いいえ,はい,いいえ,5.0,5.5,0,0,0,0,0,0,0,0,0,2,0,0,0,0,0,0,0,0,0,0,0,0,0,0,0,0,0,0,0,0,1535,10747,10470,591,2.5,0.8,0.8,0.8,0.8,0.8,0.8,0.8,0.8,0.8,0.8,0.8,0.8,1257.71,1257.71,1257.71,1257.71,1257.71,1257.71,5.39,76.42,1257.67,0.04,1241.55,0,0,0.0,0.0,44298,39126,5.8,132.4,0,
19.7.2026,1:7:21.538,25899,8012,76.3,12883,18980,40.4,3.5,2048,71,1.047,1.035,1.050,1.050,1.050,1.050,1.050,4170.3,3127.7,4691.5,4691.5,4691.5,3127.7,4691.5,99.8,104.8,36.5,27.9,309.6,102.0,240.9,159.7,56.1,46.6,58.9,161.3,19.2,39.4,104.8,1.8,2.0,0.0,5.4,2.0,4.9,3.3,0.4,0.2,0.0,2.8,0.0,0.3,5.4,1.8,2.6,2.0,0.6,7.1,2.5,5.9,3.9,1.2,1.0,1.4,4.1,0.4,0.9,2.6,41.8,31.3,47.0,47.0,47.0,31.3,47.0,0.0,4.3,2.6,7.5,7.9,2.1,4.4,1.3,38.0,18.0,92.5,92.1,16.4,6.4,2.7,57.7,79.4,0.0,0.0,81.5,89.1,96.0,2395.7,24.00,40,39,39,77,116,708,1,63.2,62.8,55.6,50.9,51.0,51.9,51.4,50.3,50.5,50.1,52.8,52.8,62.2,57.1,47.5,46.0,49.0,1.038,1.015,1.100,6.258,7.420,6.259,25.000,5.264,25.396,0.408,0.171,0.950,0.905,0.168,0.190,0.063,6.523,7.531,19.845,24.831,1996.4,2395.7,4667.1,4667.1,4717.7,28.2,8.3,16.7,28.2,73.9,いいえ,いいえ,いいえ,0.143,0.035,0.3,45.0,63.2,40.0,63.0,1.016,12.197,3.440,3.328,5.040,1.064,0.984,3.440,3.344,1.808,1.024,1.120,1.040,1.792,1.096,0.672,1.824,0.264,1652,いいえ,61.9,44.0,1.095,1.110,1.800,1.800,1.005,5.040,0.375,いいえ,いいえ,いいえ,43.8,1.095,1.110,1.800,1.800,1.005,5.040,0.250,いいえ,いいえ,いいえ,37,37,いいえ,はい,15388,14039,128,128,34,100.0,いいえ,いいえ,3868,2528,9990,43,45,53,100.0,100.0,いいえ,いいえ,7032,7744,0.0,0.0,0.0,0.000,0.004,1392,1013,0.0,0.0,0.0,0.000,0.000,181182,133153,0.0,0.0,0.0,0.000,0.000,66345,77752,58.9,0.720,12.000,600.0,2400.0,1200.0,100.0,0.0,0.0,0.0,0.0,0.0,0.0,0.0,0.0,125,2,16.0,86,いいえ,いいえ,いいえ,43.0,48.0,53.2,84.0,0.860,12.324,12.332,12.285,12.347,12.333,1240,1239,10.559,4.827,2.492,0.271,8.243,2.630,0.136,8.389,8.162,8.295,220.000,220.000,210.0,50.6,1185.0,210.0,1290.0,210.0,50.5,1400.3,2.0,6.0,1.0,0.0,87.5,0.3,0.4,0.0,0.8,0.0,30,30,はい,いいえ,いいえ,いいえ,いいえ,はい,いいえ,4.9,5.1,0,0,0,0,0,0,0,0,0,2,0,0,0,0,0,0,0,0,0,0,0,0,0,0,0,0,0,0,0,0,1535,10747,10470,591,2.5,0.8,0.8,0.8,0.8,0.8,0.8,0.8,0.8,0.8,0.8,0.8,0.8,1257.71,1257.71,1257.71,1257.71,1257.71,1257.71,5.39,76.42,1257.67,0.04,1241.55,0,0,0.0,0.0,44298,39126,5.7,103.6,0,
19.7.2026,1:7:23.553,25899,8012,76.3,12883,18980,40.4,3.5,2048,71,0.925,1.035,1.035,1.035,0.815,0.815,0.815,4064.9,4691.5,3593.5,3593.5,4691.5,3127.7,4691.5,99.8,107.3,40.1,30.5,302.6,139.5,238.2,149.7,58.0,66.2,49.6,129.6,23.2,60.1,107.3,2.6,1.6,1.1,5.0,2.4,4.3,2.7,1.5,1.7,2.9,3.2,3.3,1.8,5.0,2.6,2.6,2.1,0.7,7.0,3.4,5.7,3.7,1.3,1.5,1.1,3.3,0.5,1.5,2.6,40.7,47.0,36.0,36.0,47.0,31.3,47.0,0.0,4.5,2.7,8.4,7.7,2.6,3.7,1.8,37.8,19.0,91.6,90.2,15.3,7.8,3.0,57.7,78.3,0.0,2.1,82.1,88.5,95.2,2395.7,24.00,40,39,39,77,116,708,1,63.1,62.7,55.4,50.7,50.8,51.9,51.3,50.2,50.2,50.0,52.7,52.7,62.8,57.1,47.3,46.0,49.0,1.038,1.015,1.100,6.287,7.590,6.286,26.500,5.287,25.596,0.409,0.178,0.979,0.907,0.155,0.163,0.075,6.553,7.704,20.073,25.058,1996.4,2395.7,4672.7,4672.7,4717.7,28.5,8.4,17.7,28.5,73.8,いいえ,いいえ,いいえ,0.171,0.037,0.3,45.0,63.1,40.0,63.0,1.048,12.197,3.440,3.328,5.040,1.064,0.984,3.440,3.344,1.808,1.024,1.120,1.040,1.792,1.096,0.672,1.824,0.264,1656,いいえ,61.9,44.0,1.095,1.110,1.800,1.800,1.005,5.040,0.250,いいえ,いいえ,いいえ,43.8,1.095,1.110,1.800,1.800,1.005,5.040,0.375,いいえ,いいえ,いいえ,37,37,いいえ,はい,15388,14039,128,128,34,100.0,いいえ,いいえ,3868,2528,9990,43,45,53,100.0,100.0,いいえ,いいえ,7032,7744,0.0,0.1,0.1,0.000,0.008,1392,1013,0.0,0.0,0.0,0.000,0.000,181182,133153,0.0,0.0,0.0,0.000,0.024,66345,77752,58.8,0.720,4.000,600.0,2400.0,1200.0,100.0,0.0,0.0,0.0,0.0,0.0,0.0,0.0,0.0,125,2,16.0,86,いいえ,いいえ,いいえ,42.8,48.0,53.0,84.0,0.860,12.318,12.325,12.279,12.340,12.327,1240,1241,10.636,4.744,2.212,0.247,8.227,2.345,0.123,8.357,8.149,8.291,220.000,220.000,210.0,50.6,1185.0,210.0,1290.0,210.1,50.5,1399.9,2.0,6.0,1.0,0.0,87.5,0.3,0.5,0.0,0.8,0.0,30,30,はい,いいえ,いいえ,いいえ,いいえ,はい,いいえ,4.8,5.1,0,0,0,0,0,0,0,0,0,2,0,0,0,0,0,0,0,0,0,0,0,0,0,0,0,0,0,0,0,0,1535,10747,10470,591,2.5,0.8,0.8,0.8,0.8,0.8,0.8,0.8,0.8,0.8,0.8,0.8,0.8,1257.71,1257.71,1257.71,1257.71,1257.71,1257.71,5.39,76.42,1257.67,0.04,1241.55,0,0,0.0,0.0,44298,39127,5.9,141.0,0,
19.7.2026,1:7:25.545,25898,8013,76.3,12883,18980,40.4,3.5,2048,71,1.037,1.045,1.035,1.035,1.035,1.035,1.035,4170.3,4691.5,4691.5,4691.5,4691.5,3127.7,3127.7,99.8,106.5,55.8,28.0,323.0,108.8,250.4,117.8,67.6,53.6,43.7,162.0,22.9,44.5,106.5,1.9,1.9,0.3,5.3,1.9,4.7,2.0,1.0,0.6,0.6,3.2,0.3,0.7,5.3,1.9,2.6,2.5,0.6,7.5,2.7,6.1,2.8,1.6,1.2,1.0,4.1,0.5,1.1,2.6,41.8,47.0,47.0,47.0,47.0,31.3,31.3,0.0,4.5,3.0,8.2,7.3,2.6,4.3,1.4,39.0,22.4,91.8,92.7,18.0,6.7,2.2,56.6,74.6,0.0,0.0,79.4,89.1,96.4,2395.7,24.00,40,39,39,77,116,708,1,63.0,62.6,55.6,50.7,50.7,51.9,51.3,50.3,50.2,50.0,52.6,52.6,62.8,56.9,47.3,46.0,49.0,1.039,1.015,1.100,6.451,7.642,6.449,24.500,5.256,25.835,0.419,0.213,0.980,0.882,0.188,0.183,0.065,6.729,7.757,20.268,25.251,1996.4,2395.7,4674.8,4674.8,4717.7,28.7,8.6,16.3,28.7,73.7,いいえ,いいえ,いいえ,0.153,0.036,0.3,44.0,63.0,40.0,63.0,1.048,12.197,3.440,3.328,5.040,1.064,0.984,3.440,3.344,1.808,1.024,1.120,1.040,1.792,1.096,0.672,1.824,0.264,1650,いいえ,61.9,44.0,1.095,1.110,1.800,1.800,1.005,5.040,0.500,いいえ,いいえ,いいえ,43.8,1.095,1.110,1.800,1.800,1.005,5.040,0.250,いいえ,いいえ,いいえ,37,37,いいえ,はい,15388,14039,128,128,34,100.0,いいえ,いいえ,3868,2528,9990,43,45,53,100.0,100.0,いいえ,いいえ,7032,7744,0.0,0.1,0.1,0.000,0.004,1392,1013,0.0,0.0,0.0,0.000,0.000,181182,133153,0.0,0.0,0.0,0.000,0.000,66345,77752,58.6,0.720,2.000,600.0,2400.0,1200.0,100.0,0.0,0.0,0.0,0.0,0.0,0.0,0.0,0.0,125,2,16.0,86,いいえ,いいえ,いいえ,42.7,48.0,52.9,84.0,0.860,12.314,12.323,12.274,12.336,12.324,1241,1239,10.596,4.775,2.338,0.271,8.224,2.467,0.136,8.360,8.137,8.264,220.000,220.000,210.0,50.6,1185.0,210.0,1290.0,210.0,50.5,1401.6,0.0,6.0,0.0,0.0,87.5,0.5,0.7,0.0,1.3,0.0,30,30,はい,いいえ,いいえ,いいえ,いいえ,はい,いいえ,4.9,5.7,0,0,0,0,0,0,0,0,0,2,0,0,0,0,0,0,0,0,0,0,0,0,0,0,0,0,0,0,0,0,1535,10747,10470,591,2.5,0.8,0.8,0.8,0.8,0.8,0.8,0.8,0.8,0.8,0.8,0.8,0.8,1257.71,1257.71,1257.71,1257.71,1257.71,1257.71,5.39,76.42,1257.67,0.04,1241.55,0,0,0.0,0.0,44298,39127,6.5,285.8,0,
19.7.2026,1:7:27.539,25902,8009,76.3,12882,18980,40.4,3.5,2048,71,1.052,1.060,1.050,1.050,1.050,1.050,1.050,3909.6,3127.7,4691.5,4691.5,4691.5,3127.7,3127.7,99.8,111.5,62.2,35.1,305.9,99.1,288.4,128.9,60.7,51.1,78.1,157.6,28.0,43.0,111.5,2.1,2.5,0.3,5.5,2.0,6.1,2.9,0.6,1.2,1.1,2.9,0.2,0.5,6.1,2.1,2.8,2.5,0.8,7.1,2.3,7.1,3.2,1.4,1.1,1.9,4.0,0.6,1.0,2.8,39.2,31.3,47.0,47.0,47.0,31.3,31.3,0.0,4.6,3.1,7.5,8.3,2.3,4.8,1.5,38.6,20.9,92.5,91.7,18.1,5.8,2.3,56.8,75.9,0.0,0.0,79.6,89.4,96.2,2395.7,24.00,40,39,39,77,116,708,1,62.9,62.5,55.6,50.7,50.6,51.8,51.3,50.2,50.1,50.0,52.4,52.4,62.5,56.7,47.2,46.0,49.0,1.038,1.015,1.100,6.281,7.728,6.286,24.000,5.289,25.783,0.421,0.207,0.956,0.932,0.183,0.183,0.064,6.548,7.843,20.210,25.202,1996.4,2395.7,4670.1,4670.1,4717.7,28.6,8.4,16.0,28.6,73.5,いいえ,いいえ,いいえ,0.171,0.039,0.3,44.0,62.9,40.0,62.0,1.024,12.197,3.440,3.328,5.040,1.064,0.984,3.440,3.344,1.808,1.024,1.120,1.040,1.792,1.096,0.672,1.824,0.264,1650,いいえ,61.9,43.8,1.110,1.110,1.800,1.800,1.005,5.040,0.250,いいえ,いいえ,いいえ,43.8,1.110,1.110,1.800,1.800,1.005,5.040,0.250,いいえ,いいえ,いいえ,37,37,いいえ,はい,15388,14039,128,128,34,100.0,いいえ,いいえ,3868,2528,9990,43,45,53,100.0,100.0,いいえ,いいえ,7032,7744,0.0,0.1,0.1,0.000,0.014,1392,1013,0.0,0.0,0.0,0.000,0.000,181182,133153,0.0,0.0,0.0,0.000,0.006,66345,77752,58.5,0.720,5.000,600.0,2400.0,1200.0,100.0,0.0,0.0,0.0,0.0,0.0,0.0,0.0,0.0,125,2,16.0,86,いいえ,いいえ,いいえ,42.5,48.0,52.6,84.0,0.860,12.313,12.321,12.271,12.336,12.322,1242,1239,10.483,4.764,2.332,0.246,8.222,2.455,0.123,8.362,8.122,8.252,220.000,220.000,210.0,50.6,1185.0,210.0,1290.0,210.0,50.5,1400.7,1.0,6.0,0.0,0.0,87.5,0.4,0.6,0.0,1.0,0.0,30,30,はい,いいえ,いいえ,いいえ,いいえ,はい,いいえ,4.9,5.4,0,0,0,0,0,0,0,0,0,2,0,0,0,0,0,0,0,0,0,0,0,0,0,0,0,0,0,0,0,0,1535,10747,10470,591,2.5,0.8,0.8,0.8,0.8,0.8,0.8,0.8,0.8,0.8,0.8,0.8,0.8,1257.71,1257.71,1257.71,1257.71,1257.71,1257.71,5.39,76.42,1257.67,0.04,1241.55,0,0,0.0,0.0,44298,39128,5.9,153.5,0,
19.7.2026,1:7:29.547,25899,8012,76.3,12882,18981,40.4,3.5,2048,71,1.046,1.050,1.045,1.045,1.045,1.045,1.045,4430.9,4691.5,4691.5,4691.5,4691.5,4691.5,3127.7,99.8,113.7,70.2,37.3,338.3,138.1,246.7,134.7,63.9,58.2,60.9,146.6,23.5,46.2,113.7,2.1,1.8,0.9,5.4,2.2,4.3,2.1,1.4,0.5,1.4,3.4,0.0,1.2,5.4,2.1,2.8,2.7,0.8,7.9,3.4,6.0,3.3,1.5,1.3,1.4,3.7,0.5,1.1,2.8,44.4,47.0,47.0,47.0,47.0,47.0,31.3,0.0,4.7,3.3,9.0,7.6,2.6,4.3,1.5,40.4,27.3,91.0,92.4,22.9,5.8,3.1,54.9,69.4,0.0,0.0,74.5,89.9,95.4,2395.7,24.00,40,39,39,77,116,708,1,62.9,62.5,55.4,50.6,50.5,51.7,51.1,50.2,50.0,49.9,52.3,52.3,62.0,56.8,47.1,46.0,49.0,1.038,1.015,1.100,6.278,7.831,6.271,24.500,5.274,25.838,0.432,0.247,0.999,0.887,0.218,0.168,0.071,6.542,7.948,20.292,25.272,1996.4,2395.7,4668.1,4668.1,4717.7,28.7,8.4,16.3,28.7,73.5,いいえ,いいえ,いいえ,0.177,0.045,0.3,44.0,62.9,40.0,62.0,1.048,12.197,3.440,3.328,5.040,1.064,0.984,3.440,3.344,1.808,1.024,1.120,1.040,1.792,1.096,0.672,1.824,0.264,1654,いいえ,61.9,43.8,1.110,1.110,1.800,1.800,1.005,5.040,0.250,いいえ,いいえ,いいえ,43.8,1.110,1.110,1.800,1.800,1.005,5.040,0.250,いいえ,いいえ,いいえ,37,37,いいえ,はい,15388,14039,128,128,34,100.0,いいえ,いいえ,3868,2528,9990,43,45,53,100.0,100.0,いいえ,いいえ,7032,7744,0.0,0.0,0.0,0.000,0.004,1392,1013,0.0,0.0,0.0,0.000,0.000,181182,133153,0.0,0.0,0.0,0.000,0.000,66345,77752,58.5,0.720,22.000,600.0,2400.0,1200.0,100.0,0.0,0.0,0.0,0.0,0.0,0.0,0.0,0.0,125,2,16.0,86,いいえ,いいえ,いいえ,42.4,48.0,52.5,84.0,0.860,12.311,12.320,12.270,12.335,12.321,1240,1240,10.379,4.669,1.999,0.246,8.196,2.122,0.123,8.319,8.110,8.235,220.000,220.000,210.0,50.6,1185.0,210.0,1290.0,210.0,50.5,1401.1,4.0,6.0,3.0,0.0,87.5,0.5,0.7,0.0,1.3,0.0,30,30,はい,いいえ,いいえ,いいえ,いいえ,はい,いいえ,4.7,5.0,0,0,0,0,0,0,0,0,0,2,0,0,0,0,0,0,0,0,0,0,0,0,0,0,0,0,0,0,0,0,1535,10747,10470,591,2.5,0.8,0.8,0.8,0.8,0.8,0.8,0.8,0.8,0.8,0.8,0.8,0.8,1257.71,1257.71,1257.71,1257.71,1257.71,1257.71,5.39,76.42,1257.67,0.04,1241.55,0,0,0.0,0.0,44298,39128,6.3,202.4,0,
19.7.2026,1:7:31.542,25898,8013,76.3,12882,18981,40.4,3.5,2048,71,1.007,0.815,1.045,1.045,1.045,1.045,1.045,4691.5,4691.5,4691.5,4691.5,4691.5,4691.5,4691.5,99.8,108.6,50.7,29.4,337.0,106.6,258.4,133.6,54.3,55.5,62.9,149.6,21.1,44.1,108.6,2.4,2.3,0.7,6.1,2.2,5.2,2.7,1.1,1.1,1.4,3.3,1.3,1.1,6.1,2.4,2.7,2.5,0.6,7.9,2.6,6.3,3.2,1.2,1.2,1.5,3.8,0.5,1.1,2.7,47.0,47.0,47.0,47.0,47.0,47.0,47.0,0.0,4.6,3.0,8.4,7.8,2.3,4.4,1.4,38.8,22.2,91.6,92.2,18.4,5.7,2.5,56.7,74.8,0.0,0.0,79.4,89.9,96.1,2395.7,24.00,40,39,39,77,116,708,1,62.8,62.4,55.1,50.5,50.4,51.7,51.1,50.0,49.8,49.8,52.2,52.2,62.2,56.5,47.0,46.0,49.0,1.038,1.015,1.100,6.081,7.715,6.083,22.500,5.282,25.534,0.414,0.204,0.971,0.898,0.171,0.178,0.063,6.335,7.831,19.975,24.965,1996.4,2395.7,4667.9,4667.9,4717.7,28.4,8.1,15.0,28.4,73.4,いいえ,いいえ,いいえ,0.169,0.040,0.3,44.0,62.8,40.0,62.0,1.048,12.197,3.440,3.328,5.040,1.064,0.984,3.440,3.344,1.808,1.024,1.120,1.040,1.792,1.096,0.672,1.824,0.264,1650,いいえ,61.9,43.8,1.110,1.110,1.800,1.800,1.005,5.040,0.250,いいえ,いいえ,いいえ,43.8,1.110,1.110,1.800,1.800,1.005,5.040,0.250,いいえ,いいえ,いいえ,37,37,いいえ,はい,15388,14039,128,128,34,100.0,いいえ,いいえ,3868,2528,9990,43,45,53,100.0,100.0,いいえ,いいえ,7032,7744,0.0,0.0,0.0,0.000,0.002,1392,1013,0.0,0.0,0.0,0.000,0.000,181182,133153,0.0,0.0,0.0,0.000,0.034,66345,77752,58.4,0.720,14.000,600.0,2400.0,1200.0,100.0,0.0,0.0,0.0,0.0,0.0,0.0,0.0,0.0,125,2,16.0,86,いいえ,いいえ,いいえ,42.2,48.0,52.2,84.0,0.860,12.316,12.324,12.276,12.339,12.325,1241,1240,10.432,4.737,2.246,0.246,8.213,2.369,0.123,8.344,8.130,8.221,220.000,220.000,210.0,50.6,1185.0,210.0,1290.0,210.1,50.5,1402.0,2.0,6.0,1.0,0.0,87.5,0.4,0.5,0.0,1.2,0.0,30,30,はい,いいえ,いいえ,いいえ,いいえ,はい,いいえ,4.8,5.1,0,0,0,0,0,0,0,0,0,2,0,0,0,0,0,0,0,0,0,0,0,0,0,0,0,0,0,0,0,0,1535,10747,10470,591,2.5,0.8,0.8,0.8,0.8,0.8,0.8,0.0,0.0,0.0,0.0,0.0,0.0,1239.25,1239.25,1239.25,1239.25,1239.25,1239.25,5.32,79.15,1239.20,0.05,0.00,0,0,0.0,0.0,44298,39128,6.5,191.2,0,
19.7.2026,1:7:33.551,25903,8008,76.3,12883,18980,40.4,3.5,2048,71,1.043,1.035,1.045,1.045,1.045,1.045,1.045,4430.9,4691.5,4691.5,4691.5,4691.5,3127.7,4691.5,99.8,109.3,46.4,32.1,321.7,111.1,240.1,145.8,57.9,54.6,75.3,136.6,28.9,60.8,109.3,1.8,2.2,0.0,5.6,2.2,4.8,2.2,0.4,1.1,0.8,2.2,0.0,0.6,5.6,1.8,2.7,2.3,0.7,7.4,2.7,5.8,3.6,1.3,1.2,1.8,3.5,0.7,1.5,2.7,44.4,47.0,47.0,47.0,47.0,31.3,47.0,0.0,4.5,2.9,8.1,7.6,2.3,4.2,1.9,38.6,20.3,91.9,92.4,17.2,6.3,3.4,56.9,76.8,0.0,0.0,80.5,89.4,94.7,2395.7,24.00,40,39,39,77,116,708,1,62.6,62.3,55.1,50.4,50.3,51.5,51.0,49.9,49.8,49.7,52.2,52.2,62.2,56.5,47.0,46.0,49.0,1.038,1.015,1.100,6.179,7.750,6.183,26.000,5.260,25.638,0.413,0.188,0.954,0.905,0.170,0.175,0.084,6.443,7.866,20.094,25.086,1996.4,2395.7,4670.7,4670.7,4717.7,28.5,8.2,17.3,28.5,73.3,いいえ,いいえ,いいえ,0.165,0.041,0.3,44.0,62.6,40.0,62.0,1.048,12.197,3.440,3.328,5.040,1.064,0.984,3.440,3.344,1.808,1.024,1.120,1.040,1.792,1.096,0.680,1.824,0.264,1658,いいえ,61.9,43.8,1.110,1.110,1.800,1.800,1.005,5.040,0.250,いいえ,いいえ,いいえ,43.5,1.110,1.110,1.800,1.800,1.005,5.040,0.250,いいえ,いいえ,いいえ,37,37,いいえ,はい,15388,14039,128,128,34,100.0,いいえ,いいえ,3868,2528,9990,43,45,53,100.0,100.0,いいえ,いいえ,7032,7744,0.0,27.6,27.6,0.000,0.008,1392,1013,0.0,0.0,0.0,0.000,0.000,181182,133153,0.0,0.0,0.0,0.000,0.057,66345,77752,58.3,0.720,14.000,600.0,2400.0,1200.0,100.0,0.0,0.0,0.0,0.0,0.0,0.0,0.0,0.0,125,2,16.0,86,いいえ,いいえ,いいえ,42.1,48.0,52.1,84.0,0.860,12.315,12.323,12.275,12.338,12.325,1238,1240,10.591,4.750,2.323,0.246,8.224,2.443,0.123,8.353,8.082,8.203,220.000,220.000,210.0,50.6,1185.0,210.0,1290.0,210.0,50.5,1401.0,1.0,6.0,0.0,0.0,87.5,0.3,0.4,0.0,0.9,0.0,30,30,はい,いいえ,いいえ,いいえ,いいえ,はい,いいえ,4.9,5.0,0,0,0,0,0,0,0,0,0,2,0,0,0,0,0,0,0,0,0,0,0,0,0,0,0,0,0,0,0,0,1535,10747,10470,591,2.5,0.8,0.8,0.8,0.8,0.8,0.8,0.0,0.0,0.0,0.0,0.0,0.0,1239.25,1239.25,1239.25,1239.25,1239.25,1239.25,5.32,79.15,1239.20,0.05,0.00,0,0,0.0,0.0,44298,39129,5.8,140.9,0,
19.7.2026,1:7:35.538,25912,7999,76.4,12883,18980,40.4,3.5,2048,71,1.052,1.035,1.055,1.055,1.055,1.055,1.055,4170.3,3127.7,4691.5,4691.5,4691.5,4691.5,3127.7,99.8,110.8,56.8,41.9,318.1,145.2,249.0,157.9,60.6,56.2,77.1,103.3,21.0,42.3,110.8,2.1,1.4,1.1,5.1,2.4,4.2,3.3,1.4,0.5,1.8,2.4,0.0,1.2,5.1,2.1,2.7,2.1,1.0,7.5,3.6,6.0,3.8,1.4,1.2,1.9,2.6,0.5,1.0,2.7,41.8,31.3,47.0,47.0,47.0,47.0,31.3,0.0,4.6,3.0,8.8,8.0,2.5,3.7,1.4,38.8,21.5,91.2,92.0,19.0,6.9,2.2,56.6,75.5,0.0,0.0,78.5,89.4,96.4,2395.7,24.00,40,39,39,77,116,708,1,62.6,62.2,55.1,50.3,50.3,51.5,50.9,49.8,49.7,49.6,52.1,52.1,62.5,56.4,47.0,46.0,48.9,1.038,1.015,1.100,6.153,7.705,6.149,23.500,5.281,25.602,0.418,0.200,0.990,0.924,0.180,0.151,0.063,6.411,7.820,20.041,25.024,1996.4,2395.7,4670.3,4670.3,4717.7,28.4,8.2,15.7,28.4,73.2,いいえ,いいえ,いいえ,0.169,0.039,0.3,44.0,62.6,40.0,62.0,1.056,12.197,3.440,3.328,5.040,1.064,0.992,3.440,3.344,1.808,1.024,1.120,1.040,1.792,1.096,0.680,1.824,0.256,1666,いいえ,61.0,43.8,1.110,1.110,1.800,1.800,1.005,5.040,0.250,いいえ,いいえ,いいえ,43.5,1.110,1.110,1.800,1.800,1.005,5.040,0.375,いいえ,いいえ,いいえ,37,37,いいえ,はい,15388,14039,128,128,34,100.0,いいえ,いいえ,3868,2528,9990,43,45,53,100.0,100.0,いいえ,いいえ,7032,7744,0.0,0.0,0.0,0.000,0.006,1392,1013,0.0,0.0,0.0,0.000,0.000,181182,133153,0.0,0.0,0.0,0.000,0.024,66345,77752,58.3,0.720,13.000,600.0,2400.0,1200.0,100.0,0.0,0.0,0.0,0.0,0.0,0.0,0.0,0.0,125,2,16.0,86,いいえ,いいえ,いいえ,41.9,48.0,51.9,84.0,0.860,12.319,12.327,12.279,12.341,12.328,1241,1239,10.491,4.774,2.346,0.271,8.227,2.493,0.136,8.378,8.110,8.232,220.000,220.000,210.0,50.6,1185.0,210.0,1290.0,210.0,50.5,1401.9,2.0,6.0,1.0,0.0,87.5,0.5,0.7,0.0,1.2,0.0,30,30,はい,いいえ,いいえ,いいえ,いいえ,はい,いいえ,4.9,5.4,0,0,0,0,0,0,0,0,0,2,0,0,0,0,0,0,0,0,0,0,0,0,0,0,0,0,0,0,0,0,1535,10747,10470,591,2.5,0.8,0.8,0.8,0.8,0.8,0.8,0.0,0.0,0.0,0.0,0.0,0.0,1239.25,1239.25,1239.25,1239.25,1239.25,1239.25,5.32,79.15,1239.20,0.05,0.00,0,0,0.0,0.0,44298,39129,6.1,161.0,0,
19.7.2026,1:7:37.545,25904,8007,76.3,12883,18980,40.4,3.5,2048,71,1.035,1.035,1.035,1.035,1.035,1.035,1.035,4170.3,4691.5,4691.5,4691.5,4691.5,3127.7,3127.7,99.8,110.0,61.3,30.3,355.0,104.8,253.0,133.4,61.7,50.7,76.1,109.9,22.4,61.1,110.0,2.0,2.0,0.4,6.1,1.8,4.7,2.2,0.9,0.6,1.3,2.1,1.1,1.1,6.1,2.0,2.7,2.5,0.7,8.4,2.5,6.2,3.1,1.4,1.1,1.9,2.8,0.5,1.5,2.7,41.8,47.0,47.0,47.0,47.0,31.3,31.3,0.0,4.6,3.1,8.7,7.5,2.3,3.9,1.8,40.1,26.3,91.3,92.5,22.6,5.3,2.8,55.3,70.7,0.0,0.0,75.0,90.8,95.4,2395.7,24.00,40,39,39,77,116,708,1,62.5,62.2,54.6,50.2,50.2,51.3,50.8,49.8,49.7,49.5,52.1,52.1,61.5,56.3,47.0,46.0,48.6,1.038,1.015,1.100,6.279,7.601,6.283,26.500,5.275,25.611,0.424,0.234,0.974,0.897,0.210,0.156,0.075,6.544,7.715,20.060,25.051,1996.4,2395.7,4669.7,4669.7,4717.7,28.5,8.4,17.7,28.5,73.1,いいえ,いいえ,いいえ,0.161,0.040,0.3,44.0,62.5,40.0,62.0,1.048,12.197,3.440,3.328,5.040,1.064,0.992,3.440,3.344,1.808,1.024,1.120,1.040,1.792,1.096,0.680,1.824,0.264,1670,いいえ,61.0,43.8,1.110,1.110,1.800,1.800,1.005,5.040,0.250,いいえ,いいえ,いいえ,43.5,1.110,1.110,1.800,1.800,1.005,5.040,0.250,いいえ,いいえ,いいえ,37,37,いいえ,はい,15388,14039,128,128,34,100.0,いいえ,いいえ,3868,2528,9990,43,45,53,100.0,100.0,いいえ,いいえ,7032,7744,0.0,0.0,0.0,0.000,0.002,1392,1013,0.0,0.0,0.0,0.000,0.000,181182,133153,0.0,0.0,0.0,0.000,0.028,66345,77752,58.2,0.720,15.000,600.0,2400.0,1200.0,100.0,0.0,0.0,0.0,0.0,0.0,0.0,0.0,0.0,125,2,16.0,86,いいえ,いいえ,いいえ,41.8,48.0,51.8,84.0,0.860,12.311,12.319,12.270,12.333,12.320,1240,1240,10.573,4.764,2.361,0.271,8.209,2.504,0.136,8.353,8.068,8.207,220.000,220.000,210.0,50.6,1185.0,210.0,1290.0,210.0,50.5,1401.5,1.0,6.0,0.0,0.0,87.5,0.5,0.9,0.0,1.3,0.0,30,30,はい,いいえ,いいえ,いいえ,いいえ,はい,いいえ,4.8,5.2,0,0,0,0,0,0,0,0,0,2,0,0,0,0,0,0,0,0,0,0,0,0,0,0,0,0,0,0,0,0,1535,10747,10470,591,2.5,0.8,0.8,0.8,0.8,0.8,0.8,0.0,0.0,0.0,0.0,0.0,0.0,1239.25,1239.25,1239.25,1239.25,1239.25,1239.25,5.32,79.15,1239.20,0.05,0.00,0,0,0.0,0.0,44298,39129,6.6,220.5,0,
19.7.2026,1:7:39.551,25913,7998,76.4,12884,18979,40.4,3.5,2048,71,1.052,1.035,1.055,1.055,1.055,1.055,1.055,4430.9,4691.5,4691.5,4691.5,3127.7,4691.5,4691.5,99.8,114.6,65.5,31.6,327.2,179.2,264.9,143.1,66.8,56.5,66.0,107.2,23.4,44.6,114.6,2.5,2.5,0.9,5.9,3.8,5.4,3.1,1.5,1.2,1.6,2.5,0.0,1.2,5.9,2.5,2.8,2.6,0.7,7.6,4.5,6.4,3.5,1.5,1.3,1.6,2.7,0.5,1.1,2.8,44.4,47.0,47.0,47.0,31.3,47.0,47.0,0.0,4.8,3.1,9.7,8.1,2.6,3.6,1.5,40.5,25.2,90.3,91.9,27.2,5.9,2.7,54.7,71.6,0.0,0.0,70.3,90.5,95.8,2395.7,24.00,40,39,39,77,116,708,1,62.5,62.1,55.1,50.1,50.1,51.4,50.7,49.8,49.4,49.4,51.9,51.9,62.5,56.5,47.0,46.0,48.3,1.039,1.015,1.100,6.198,7.494,6.198,26.500,5.275,25.427,0.436,0.232,1.036,0.905,0.245,0.131,0.066,6.463,7.606,19.871,24.860,1996.4,2395.7,4677.4,4677.4,4717.7,28.3,8.3,17.7,28.3,73.0,いいえ,いいえ,いいえ,0.198,0.045,0.3,44.0,62.5,40.0,62.0,1.048,12.197,3.440,3.328,5.040,1.064,0.992,3.440,3.344,1.808,1.024,1.120,1.040,1.792,1.096,0.680,1.824,0.256,1658,いいえ,61.0,43.5,1.110,1.110,1.800,1.800,1.005,5.040,0.250,いいえ,いいえ,いいえ,43.5,1.110,1.110,1.800,1.800,1.005,5.040,0.250,いいえ,いいえ,いいえ,37,37,いいえ,はい,15388,14039,128,128,34,100.0,いいえ,いいえ,3868,2528,9990,43,45,53,100.0,100.0,いいえ,いいえ,7032,7744,0.0,0.1,0.1,0.000,0.012,1392,1013,0.0,0.0,0.0,0.000,0.000,181182,133153,0.0,0.0,0.0,0.000,0.028,66345,77752,58.1,0.720,5.000,600.0,2400.0,1200.0,100.0,0.0,0.0,0.0,0.0,0.0,0.0,0.0,0.0,125,2,16.0,86,いいえ,いいえ,いいえ,41.7,48.0,51.7,84.0,0.860,12.316,12.326,12.275,12.338,12.325,1241,1239,10.496,4.785,2.412,0.271,8.236,2.554,0.136,8.376,8.120,8.176,220.000,220.000,210.0,50.6,1185.0,210.0,1290.0,210.0,50.5,1401.4,4.0,6.0,3.0,0.0,87.5,0.5,0.7,0.0,1.4,0.0,30,30,はい,いいえ,いいえ,いいえ,いいえ,はい,いいえ,4.9,5.0,0,0,0,0,0,0,0,0,0,2,0,0,0,0,0,0,0,0,0,0,0,0,0,0,0,0,0,0,0,0,1535,10747,10470,591,2.5,0.8,0.8,0.8,0.8,0.8,0.8,0.0,0.0,0.0,0.0,0.0,0.0,1239.25,1239.25,1239.25,1239.25,1239.25,1239.25,5.32,79.15,1239.20,0.05,0.00,0,0,0.0,0.0,44298,39130,6.1,255.0,0,
19.7.2026,1:7:41.541,25906,8005,76.3,12882,18981,40.4,3.5,2048,71,1.045,1.045,1.045,1.045,1.045,1.045,1.045,3909.6,3127.7,4691.5,4691.5,4691.5,3127.7,3127.7,99.8,121.3,81.8,39.6,348.2,149.3,272.4,151.6,75.8,56.8,87.4,115.9,30.9,46.5,121.3,2.2,2.0,0.4,5.8,2.6,5.0,2.6,1.0,0.6,1.4,2.1,1.8,0.6,5.8,2.2,3.0,2.7,0.9,8.2,3.7,6.6,3.7,1.7,1.3,2.1,2.9,0.7,1.1,3.0,39.2,31.3,47.0,47.0,47.0,31.3,31.3,0.0,5.0,3.4,9.3,8.4,2.8,4.2,1.6,40.8,28.0,90.7,91.6,23.5,6.8,4.0,54.3,68.6,0.0,0.0,73.8,89.0,94.3,2395.7,24.00,40,39,39,77,116,708,1,62.4,62.0,55.1,50.1,50.1,51.2,50.6,49.7,49.6,49.4,51.9,51.9,61.2,56.2,47.0,46.0,48.0,1.038,1.015,1.100,6.320,7.470,6.318,26.000,5.272,25.510,0.446,0.266,0.979,0.919,0.238,0.185,0.089,6.586,7.582,19.967,24.954,1996.4,2395.7,4668.9,4668.9,4717.7,28.4,8.4,17.3,28.4,73.0,いいえ,いいえ,いいえ,0.186,0.047,0.3,44.0,62.4,40.0,62.0,1.048,12.197,3.440,3.328,5.040,1.064,0.992,3.440,3.344,1.808,1.024,1.120,1.040,1.792,1.096,0.680,1.824,0.256,1666,いいえ,61.0,43.5,1.110,1.110,1.800,1.800,1.005,5.040,0.250,いいえ,いいえ,いいえ,43.5,1.110,1.110,1.800,1.800,1.005,5.040,0.250,いいえ,いいえ,いいえ,37,37,いいえ,はい,15388,14039,128,128,34,100.0,いいえ,いいえ,3868,2528,9990,43,45,53,100.0,100.0,いいえ,いいえ,7032,7744,0.0,0.0,0.0,0.000,0.000,1392,1013,0.0,0.0,0.0,0.000,0.000,181182,133153,0.0,0.0,0.0,0.000,0.053,66345,77752,58.0,0.720,5.000,600.0,2400.0,1200.0,100.0,0.0,0.0,0.0,0.0,0.0,0.0,0.0,0.0,125,2,16.0,86,いいえ,いいえ,いいえ,41.6,46.0,51.7,84.0,0.860,12.313,12.324,12.271,12.336,12.322,1238,1239,10.623,4.777,2.398,0.246,8.222,2.529,0.123,8.359,8.188,8.151,220.000,220.000,210.0,50.6,1185.0,210.0,1290.0,209.9,50.5,1401.1,4.0,6.0,3.0,0.0,87.5,0.5,0.7,0.0,1.3,0.0,30,30,はい,いいえ,いいえ,いいえ,いいえ,はい,いいえ,4.9,5.6,0,0,0,0,0,0,0,0,0,2,0,0,0,0,0,0,0,0,0,0,0,0,0,0,0,0,0,0,0,0,1535,10747,10470,591,2.5,4.1,15.2,2.3,2.3,2.3,2.3,2.2,2.2,2.2,2.2,2.2,2.2,245.97,426.02,65.92,62.62,429.70,429.70,2.92,38.94,245.94,0.03,41.82,0,0,0.0,0.0,44298,39130,6.7,237.4,0,
19.7.2026,1:7:43.550,25905,8006,76.3,12884,18979,40.4,3.5,2048,71,1.042,1.035,1.045,1.045,1.045,1.045,1.035,3649.0,3127.7,4691.5,4691.5,3127.7,3127.7,3127.7,99.8,110.7,52.0,37.1,351.7,99.0,215.9,198.4,57.6,54.9,61.7,138.0,22.8,39.5,110.7,1.7,1.6,0.4,6.1,1.5,3.7,3.2,0.6,0.5,0.0,2.5,0.1,0.0,6.1,1.7,2.7,2.3,0.8,8.4,2.4,5.2,4.7,1.3,1.2,1.4,3.5,0.5,0.9,2.7,36.6,31.3,47.0,47.0,31.3,31.3,31.3,0.0,4.6,3.1,8.7,8.0,2.4,4.2,1.3,39.2,22.2,91.3,92.0,17.9,9.0,2.5,56.2,74.7,0.0,0.0,79.8,86.9,96.1,2395.7,24.00,40,39,39,77,116,708,1,62.2,62.0,55.1,50.0,50.0,51.2,50.6,49.5,49.4,49.2,51.8,51.8,62.2,56.2,47.0,45.9,48.0,1.038,1.015,1.100,5.898,7.385,5.900,27.500,5.298,25.016,0.417,0.201,0.967,0.926,0.170,0.178,0.062,6.145,7.496,19.468,24.459,1996.4,2395.7,4672.0,4672.0,4717.7,27.8,7.9,18.3,27.8,72.9,いいえ,いいえ,いいえ,0.173,0.040,0.3,44.0,62.2,40.0,62.0,1.048,12.197,3.440,3.328,5.040,1.064,0.992,3.440,3.328,1.808,1.024,1.120,1.040,1.792,1.096,0.680,1.824,0.256,1660,いいえ,61.0,43.5,1.110,1.110,1.800,1.800,1.005,5.040,0.250,いいえ,いいえ,いいえ,43.5,1.110,1.110,1.800,1.800,1.005,5.040,0.250,いいえ,いいえ,いいえ,37,37,いいえ,はい,15388,14039,128,128,34,100.0,いいえ,いいえ,3868,2528,9990,43,45,53,100.0,100.0,いいえ,いいえ,7032,7744,0.0,0.1,0.1,0.000,0.008,1392,1013,0.0,0.0,0.0,0.000,0.000,181182,133153,0.0,0.0,0.0,0.000,0.000,66345,77752,58.0,0.720,5.000,600.0,2400.0,1200.0,100.0,0.0,0.0,0.0,0.0,0.0,0.0,0.0,0.0,125,2,16.0,86,いいえ,いいえ,いいえ,41.5,46.0,51.4,84.0,0.860,12.315,12.326,12.273,12.338,12.324,1240,1239,10.452,4.694,2.104,0.271,8.223,2.233,0.136,8.361,8.079,8.142,220.000,220.000,210.0,50.6,1185.0,210.0,1290.0,210.1,50.5,1401.1,2.0,6.0,1.0,0.0,87.5,0.5,0.8,0.0,1.2,0.0,30,30,はい,いいえ,いいえ,いいえ,いいえ,はい,いいえ,4.8,5.2,0,0,0,0,0,0,0,0,0,2,0,0,0,0,0,0,0,0,0,0,0,0,0,0,0,0,0,0,0,0,1535,10747,10470,591,2.5,0.8,0.8,0.8,0.8,0.8,0.8,0.0,0.0,0.0,0.0,0.0,0.0,1188.23,1188.23,1188.23,1188.23,1188.23,1188.23,5.40,78.97,1188.16,0.07,0.00,0,0,0.0,0.0,44298,39131,6.4,168.6,0,
19.7.2026,1:7:45.543,25906,8005,76.3,12884,18979,40.4,3.5,2048,71,1.035,1.035,1.035,1.035,1.035,1.035,1.035,3909.6,3127.7,4691.5,4691.5,4691.5,3127.7,3127.7,99.8,109.1,60.6,41.8,305.1,105.9,219.5,169.6,66.8,51.3,100.3,107.3,37.4,43.6,109.1,2.6,2.4,1.2,5.6,2.3,4.5,3.4,1.5,1.2,3.1,2.6,1.1,2.0,5.6,2.6,2.7,2.4,1.0,7.1,2.6,5.3,4.0,1.5,1.1,2.5,2.7,0.9,1.0,2.7,39.2,31.3,47.0,47.0,47.0,31.3,31.3,0.0,4.5,3.2,7.8,7.5,2.5,4.4,1.7,40.3,23.9,92.2,92.5,23.8,6.4,3.1,55.2,72.9,0.0,0.0,73.8,89.2,95.2,2395.7,24.00,40,39,39,77,116,708,1,62.2,61.8,54.6,49.9,49.9,51.0,50.4,49.5,49.4,49.2,51.8,51.8,62.8,56.5,47.0,45.8,48.0,1.037,1.015,1.100,6.103,7.583,6.102,24.000,5.265,25.400,0.417,0.218,0.924,0.906,0.211,0.173,0.073,6.357,7.697,19.845,24.831,1996.4,2395.7,4666.4,4666.4,4717.7,28.2,8.1,16.0,28.2,72.7,いいえ,いいえ,いいえ,0.166,0.040,0.3,44.0,62.2,40.0,62.0,1.040,12.197,3.440,3.328,5.040,1.064,0.992,3.440,3.328,1.808,1.024,1.120,1.040,1.792,1.096,0.680,1.824,0.256,1662,いいえ,61.0,43.5,1.110,1.110,1.800,1.800,1.005,5.040,0.250,いいえ,いいえ,いいえ,43.5,1.110,1.110,1.800,1.800,1.005,5.040,0.250,いいえ,いいえ,いいえ,37,37,いいえ,はい,15388,14039,128,128,34,100.0,いいえ,いいえ,3868,2528,9990,43,45,52,100.0,100.0,いいえ,いいえ,7032,7744,0.0,0.0,0.0,0.000,0.006,1392,1013,0.0,0.0,0.0,0.000,0.000,181182,133153,0.0,0.0,0.0,0.000,0.004,66345,77752,57.9,0.720,12.000,600.0,2400.0,1200.0,100.0,0.0,0.0,0.0,0.0,0.0,0.0,0.0,0.0,125,2,16.0,86,いいえ,いいえ,いいえ,41.3,46.0,51.4,84.0,0.860,12.316,12.326,12.276,12.339,12.325,1240,1239,10.583,4.764,2.317,0.247,8.225,2.443,0.123,8.368,8.179,8.208,220.000,220.000,210.0,50.6,1185.0,210.0,1290.0,210.0,50.5,1401.4,2.0,6.0,1.0,0.0,87.5,0.5,0.8,0.0,1.0,0.0,30,30,はい,いいえ,いいえ,いいえ,いいえ,はい,いいえ,4.9,5.0,0,0,0,0,0,0,0,0,0,2,0,0,0,0,0,0,0,0,0,0,0,0,0,0,0,0,0,0,0,0,1535,10747,10470,591,2.5,0.6,0.6,0.6,0.6,0.6,0.6,0.0,0.0,0.0,0.0,0.0,0.0,1709.25,1709.25,1709.25,1709.25,1709.25,1709.25,5.31,78.12,1709.20,0.05,0.00,0,0,0.0,0.0,44298,39131,6.4,181.5,0,
19.7.2026,1:7:47.551,25921,7990,76.4,12884,18979,40.4,3.5,2048,71,1.050,1.045,1.055,1.055,1.055,1.055,1.035,3909.6,4691.5,4691.5,4691.5,3127.7,3127.7,3127.7,99.8,112.0,52.9,31.0,354.7,118.2,222.4,168.5,57.4,59.5,72.6,133.3,23.8,49.1,112.0,1.7,2.0,0.7,6.4,2.3,4.4,3.3,0.0,0.3,0.0,1.3,0.0,0.0,6.4,1.7,2.8,2.2,0.7,8.4,2.9,5.4,4.1,1.3,1.3,1.7,3.4,0.5,1.2,2.8,39.2,47.0,47.0,47.0,31.3,31.3,31.3,0.0,4.6,2.8,9.0,7.7,2.4,4.2,1.6,39.5,22.8,91.0,92.3,18.7,7.9,4.4,55.9,74.4,0.0,0.0,78.8,87.9,94.1,2395.7,24.00,40,39,39,77,116,708,1,62.1,61.8,54.6,49.9,49.9,51.0,50.4,49.4,49.4,49.2,51.7,51.7,61.2,56.0,47.0,45.6,48.0,1.037,1.015,1.100,6.189,7.702,6.190,26.500,5.242,25.575,0.423,0.207,0.981,0.898,0.187,0.185,0.080,6.443,7.818,20.028,25.017,1996.4,2395.7,4667.2,4667.2,4717.7,28.4,8.3,17.7,28.4,72.7,いいえ,いいえ,いいえ,0.185,0.042,0.3,44.0,62.1,40.0,62.0,1.024,12.197,3.440,3.328,5.040,1.064,0.992,3.440,3.328,1.808,1.024,1.120,1.040,1.792,1.096,0.680,1.824,0.256,1666,いいえ,61.0,43.5,1.110,1.110,1.800,1.800,1.005,5.040,0.250,いいえ,いいえ,いいえ,43.5,1.110,1.110,1.800,1.800,1.005,5.040,0.250,いいえ,いいえ,いいえ,37,37,いいえ,はい,15388,14039,128,128,34,100.0,いいえ,いいえ,3868,2528,9990,43,45,52,100.0,100.0,いいえ,いいえ,7032,7744,0.0,0.0,0.0,0.000,0.000,1392,1013,0.0,0.0,0.0,0.000,0.000,181182,133153,0.0,0.0,0.0,0.000,0.010,66345,77752,57.8,0.720,6.000,600.0,2400.0,1200.0,100.0,0.0,0.0,0.0,0.0,0.0,0.0,0.0,0.0,125,2,16.0,86,いいえ,いいえ,いいえ,41.2,46.0,51.2,84.0,0.860,12.316,12.326,12.274,12.338,12.325,1237,1239,10.580,4.690,2.115,0.271,8.236,2.245,0.136,8.377,8.020,8.124,220.000,220.000,210.0,50.6,1185.0,210.0,1290.0,210.0,50.5,1401.9,1.0,6.0,0.0,0.0,87.5,0.5,0.7,0.0,1.2,0.0,30,30,はい,いいえ,いいえ,いいえ,いいえ,はい,いいえ,4.8,5.3,0,0,0,0,0,0,0,0,0,2,0,0,0,0,0,0,0,0,0,0,0,0,0,0,0,0,0,0,0,0,1535,10747,10470,591,2.5,0.6,0.6,0.6,0.6,0.6,0.6,0.0,0.0,0.0,0.0,0.0,0.0,1709.25,1709.25,1709.25,1709.25,1709.25,1709.25,5.31,78.12,1709.20,0.05,0.00,0,0,0.0,0.0,44299,39131,6.5,160.6,0,
19.7.2026,1:7:49.545,25905,8006,76.3,12884,18979,40.4,3.5,2048,71,1.000,1.045,1.035,1.035,1.035,1.035,0.815,3238.6,3127.7,3593.5,3593.5,3593.5,2395.7,3127.7,99.8,107.9,53.8,30.2,317.1,109.5,253.7,114.1,71.6,63.1,54.6,161.1,24.6,41.3,107.9,2.3,1.7,0.0,4.9,1.5,4.4,1.6,2.3,1.3,2.1,4.4,1.5,1.9,4.9,2.3,2.7,2.4,0.7,7.3,2.7,6.2,2.7,1.7,1.4,1.3,4.1,0.5,1.0,2.7,32.4,31.3,36.0,36.0,36.0,24.0,31.3,0.0,4.5,3.0,8.0,7.3,2.8,4.5,1.4,40.4,26.6,92.0,92.7,22.7,5.3,2.9,55.1,70.4,0.0,0.0,74.5,90.2,95.7,2395.7,24.00,40,39,39,77,116,708,1,62.1,61.7,54.4,49.8,49.8,50.8,50.3,49.4,49.3,49.1,51.6,51.6,62.2,55.9,47.0,45.5,48.0,1.038,1.015,1.100,6.183,7.642,6.183,24.000,5.238,25.521,0.416,0.229,0.934,0.879,0.219,0.171,0.065,6.440,7.757,19.959,24.946,1996.4,2395.7,4673.6,4673.6,4717.7,28.3,8.2,16.0,28.3,72.6,いいえ,いいえ,いいえ,0.157,0.040,0.3,44.0,62.1,40.0,62.0,1.048,12.197,3.440,3.328,5.040,1.064,0.992,3.440,3.344,1.808,1.024,1.120,1.040,1.792,1.096,0.688,1.824,0.256,1666,いいえ,61.0,43.2,1.110,1.110,1.800,1.800,1.005,5.040,0.250,いいえ,いいえ,いいえ,43.5,1.110,1.110,1.800,1.800,1.005,5.040,0.250,いいえ,いいえ,いいえ,37,37,いいえ,はい,15388,14039,128,128,34,100.0,いいえ,いいえ,3868,2528,9990,43,45,52,100.0,100.0,いいえ,いいえ,7032,7744,0.0,0.1,0.1,0.000,0.010,1392,1013,0.0,0.0,0.0,0.000,0.000,181182,133153,0.0,0.0,0.0,0.000,0.038,66345,77752,57.7,0.720,5.000,600.0,2400.0,1200.0,100.0,0.0,0.0,0.0,0.0,0.0,0.0,0.0,0.0,125,2,16.0,86,いいえ,いいえ,いいえ,41.1,46.0,51.1,84.0,0.860,12.319,12.329,12.278,12.341,12.328,1238,1240,10.511,4.764,2.369,0.271,8.251,2.505,0.136,8.390,8.080,8.112,220.000,220.000,210.0,50.6,1185.0,210.0,1290.0,209.9,50.5,1401.1,2.0,6.0,1.0,0.0,87.5,0.4,0.6,0.0,1.1,0.0,30,30,はい,いいえ,いいえ,いいえ,いいえ,はい,いいえ,4.9,5.7,0,0,0,0,0,0,0,0,0,2,0,0,0,0,0,0,0,0,0,0,0,0,0,0,0,0,0,0,0,0,1535,10747,10470,591,2.5,0.2,0.2,0.2,0.2,0.2,0.2,0.0,0.0,0.0,0.0,0.0,0.0,4185.15,4185.15,4185.15,4185.15,4185.15,4185.15,5.32,76.17,4185.11,0.04,0.00,0,0,0.0,0.0,44299,39132,6.3,190.4,0,
19.7.2026,1:7:51.544,25912,7999,76.4,12885,18978,40.4,3.5,2048,71,1.037,1.045,1.035,1.035,1.035,1.035,1.035,3776.5,4691.5,3593.5,3593.5,3593.5,3593.5,3593.5,99.8,109.7,46.6,27.7,297.1,137.8,247.5,161.0,58.6,51.1,51.1,173.4,20.9,43.9,109.7,2.0,2.4,0.1,5.4,2.4,5.2,2.8,0.7,0.4,0.6,3.3,0.0,0.5,5.4,2.0,2.7,2.3,0.6,6.8,3.4,6.0,4.0,1.3,1.1,1.2,4.4,0.4,1.1,2.7,37.8,47.0,36.0,36.0,36.0,36.0,36.0,0.0,4.6,2.8,8.2,8.1,2.3,4.7,1.4,38.4,20.2,91.8,91.9,17.9,6.0,2.4,57.0,76.9,0.0,0.0,79.8,89.3,96.2,2395.7,24.00,40,39,39,77,116,708,1,62.0,61.6,54.4,49.7,49.7,50.8,50.2,49.2,49.2,49.0,51.5,51.5,60.8,55.8,47.0,45.5,48.0,1.037,1.015,1.100,6.091,7.585,6.090,23.000,5.247,25.364,0.407,0.183,0.952,0.898,0.170,0.180,0.062,6.339,7.699,19.810,24.796,1996.4,2395.7,4666.0,4666.0,4717.7,28.2,8.1,15.3,28.2,72.5,いいえ,いいえ,いいえ,0.180,0.038,0.3,44.0,62.0,40.0,62.0,1.048,12.197,3.440,3.328,5.040,1.064,0.992,3.440,3.344,1.808,1.024,1.120,1.040,1.792,1.096,0.688,1.824,0.256,1664,いいえ,61.0,43.2,1.110,1.110,1.800,1.800,1.005,5.040,0.250,いいえ,いいえ,いいえ,43.2,1.110,1.110,1.800,1.800,1.005,5.040,0.250,いいえ,いいえ,いいえ,37,37,いいえ,はい,15388,14039,128,128,34,100.0,いいえ,いいえ,3868,2528,9990,43,45,52,100.0,100.0,いいえ,いいえ,7032,7744,0.0,0.0,0.0,0.000,0.002,1392,1013,0.0,0.0,0.0,0.000,0.000,181182,133153,0.0,0.0,0.0,0.000,0.006,66345,77752,57.7,0.720,17.000,600.0,2400.0,1200.0,100.0,0.0,0.0,0.0,0.0,0.0,0.0,0.0,0.0,125,2,16.0,86,いいえ,いいえ,いいえ,41.0,46.0,51.0,84.0,0.860,12.317,12.327,12.276,12.340,12.326,1240,1242,10.625,4.720,2.207,0.271,8.249,2.345,0.136,8.399,8.054,8.101,220.000,220.000,210.0,50.6,1185.0,210.0,1290.0,210.0,50.5,1401.4,1.0,6.0,0.0,0.0,87.5,0.3,0.4,0.0,0.7,0.0,30,30,はい,いいえ,いいえ,いいえ,いいえ,はい,いいえ,4.8,5.5,0,0,0,0,0,0,0,0,0,2,0,0,0,0,0,0,0,0,0,0,0,0,0,0,0,0,0,0,0,0,1535,10747,10470,591,2.5,0.4,0.4,0.4,0.4,0.4,0.4,0.0,0.0,0.0,0.0,0.0,0.0,2224.95,2224.95,2224.95,2224.95,2224.95,2224.95,5.44,75.81,2224.91,0.04,0.00,0,0,0.0,0.0,44299,39132,5.7,132.3,0,
19.7.2026,1:7:53.551,25906,8005,76.3,12884,18979,40.4,3.5,2048,71,1.042,1.035,1.035,1.035,1.035,1.055,1.055,4170.3,4691.5,4691.5,4691.5,4691.5,3127.7,3127.7,99.8,111.9,59.6,36.1,356.1,92.1,231.0,163.1,60.2,95.9,64.0,116.9,27.3,40.1,111.9,2.1,1.5,0.7,5.7,1.8,3.7,3.1,1.1,1.8,1.4,2.5,0.7,0.9,5.7,2.1,2.8,2.5,0.8,8.4,2.2,5.6,3.9,1.4,2.3,1.5,3.0,0.6,1.0,2.8,41.8,47.0,47.0,47.0,47.0,31.3,31.3,0.0,4.6,3.2,8.6,7.5,3.2,3.8,1.5,40.5,27.8,91.4,92.5,20.7,6.6,4.2,54.8,69.0,0.0,0.0,76.0,89.7,94.4,2395.7,24.00,40,39,39,77,116,708,1,61.9,61.5,54.4,49.7,49.7,50.8,50.2,49.3,49.1,49.0,51.5,51.5,61.2,55.9,47.0,45.2,48.0,1.037,1.015,1.100,6.294,7.535,6.292,24.500,5.219,25.487,0.426,0.240,0.973,0.883,0.217,0.166,0.074,6.555,7.648,19.943,24.929,1996.4,2395.7,4671.5,4671.5,4717.7,28.3,8.4,16.3,28.3,72.3,いいえ,いいえ,いいえ,0.177,0.041,0.3,44.0,61.9,40.0,61.0,1.048,12.197,3.440,3.328,5.040,1.064,0.992,3.440,3.328,1.808,1.024,1.120,1.040,1.792,1.096,0.688,1.824,0.256,1628,いいえ,61.0,43.2,1.110,1.110,1.800,1.800,1.005,5.040,0.250,いいえ,いいえ,いいえ,43.2,1.110,1.110,1.800,1.800,1.005,5.040,0.250,いいえ,いいえ,いいえ,37,37,いいえ,はい,15388,14039,128,128,34,100.0,いいえ,いいえ,3868,2528,9990,43,45,52,100.0,100.0,いいえ,いいえ,7032,7744,0.0,0.0,0.0,0.000,0.004,1392,1013,0.0,0.0,0.0,0.000,0.000,181182,133153,0.0,0.1,0.1,0.000,0.040,66345,77752,57.5,0.720,11.000,600.0,2400.0,1200.0,100.0,0.0,0.0,0.0,0.0,0.0,0.0,0.0,0.0,125,2,16.0,86,いいえ,いいえ,いいえ,40.9,46.0,50.9,84.0,0.865,12.317,12.327,12.276,12.340,12.326,1241,1242,10.815,4.822,2.468,0.271,8.225,2.604,0.136,8.365,8.166,8.344,220.000,220.000,210.0,50.6,1185.0,210.0,1290.0,209.8,50.5,1413.1,4.0,6.0,2.0,0.0,87.5,0.6,0.7,0.0,1.7,0.0,30,30,はい,いいえ,いいえ,いいえ,いいえ,はい,いいえ,4.9,6.4,0,0,0,0,0,0,0,0,0,2,0,0,0,0,0,0,0,0,0,0,0,0,0,0,0,0,0,0,0,0,1535,10747,10470,591,2.5,0.4,0.4,0.4,0.4,0.4,0.4,0.0,0.0,0.0,0.0,0.0,0.0,2224.95,2224.95,2224.95,2224.95,2224.95,2224.95,5.44,75.81,2224.91,0.04,0.00,0,0,0.0,0.0,44299,39132,6.5,271.9,0,
19.7.2026,1:7:55.541,25905,8005,76.3,12885,18978,40.4,3.5,2048,71,1.043,1.035,1.045,1.045,1.045,1.045,1.045,3515.9,3127.7,3593.5,3593.5,3593.5,3593.5,3593.5,99.8,124.2,67.5,42.2,318.0,114.6,236.8,268.4,87.3,70.9,57.7,158.4,22.9,45.1,124.2,2.6,2.4,1.0,5.9,2.2,4.7,5.0,1.7,1.4,1.2,3.5,0.6,1.1,5.9,2.6,3.1,2.6,1.0,7.6,2.7,5.8,6.3,2.0,1.6,1.4,4.1,0.5,1.1,3.1,35.2,31.3,36.0,36.0,36.0,36.0,36.0,0.0,5.1,3.3,8.3,9.7,3.4,4.5,1.5,39.8,28.5,91.7,90.3,19.6,5.9,3.2,55.0,68.1,0.0,0.0,77.0,89.6,95.4,2395.7,24.00,40,39,39,77,116,708,1,61.9,61.5,54.1,49.6,49.6,50.7,50.3,49.2,49.1,48.9,51.4,51.4,61.5,56.0,47.0,45.0,48.0,1.037,1.015,1.100,6.244,7.558,6.245,25.500,5.220,25.459,0.448,0.253,0.965,0.997,0.233,0.171,0.069,6.502,7.671,19.916,24.905,1996.4,2395.7,4667.5,4667.5,4717.7,28.3,8.3,17.0,28.3,72.3,いいえ,いいえ,いいえ,0.180,0.044,0.3,43.0,61.9,40.0,61.0,1.048,12.197,3.440,3.328,5.040,1.064,0.992,3.440,3.344,1.808,1.024,1.120,1.040,1.792,1.096,0.688,1.824,0.256,1577,いいえ,61.0,43.2,1.110,1.110,1.800,1.800,1.005,5.040,0.250,いいえ,いいえ,いいえ,43.2,1.110,1.110,1.815,1.800,1.005,5.040,0.250,いいえ,いいえ,いいえ,37,37,いいえ,はい,15388,14039,128,128,34,100.0,いいえ,いいえ,3868,2528,9990,43,45,52,100.0,100.0,いいえ,いいえ,7032,7744,0.0,0.1,0.1,0.000,0.008,1392,1013,0.0,0.0,0.0,0.000,0.000,181182,133153,0.0,0.1,0.1,0.000,0.042,66345,77752,57.5,0.720,4.000,600.0,2400.0,1200.0,100.0,0.0,0.0,0.0,0.0,0.0,0.0,0.0,0.0,125,2,16.0,86,いいえ,いいえ,いいえ,40.8,46.0,50.8,84.0,0.865,12.318,12.327,12.276,12.341,12.326,1240,1240,10.955,4.779,2.316,0.271,8.237,2.456,0.136,8.384,8.183,8.252,220.000,220.000,210.0,50.6,1185.0,210.0,1290.0,209.9,50.5,1413.6,2.0,6.0,1.0,0.0,87.5,0.6,1.0,0.0,1.4,0.0,30,30,はい,いいえ,いいえ,いいえ,いいえ,はい,いいえ,4.9,5.5,0,0,0,0,0,0,0,0,0,2,0,0,0,0,0,0,0,0,0,0,0,0,0,0,0,0,0,0,0,0,1535,10747,10470,591,2.5,0.4,0.4,0.4,0.4,0.4,0.4,0.0,0.0,0.0,0.0,0.0,0.0,2224.95,2224.95,2224.95,2224.95,2224.95,2224.95,5.44,75.81,2224.91,0.04,0.00,0,0,0.0,0.0,44299,39133,6.8,264.1,0,
19.7.2026,1:7:57.550,25906,8005,76.3,12885,18978,40.4,3.5,2048,71,0.998,0.815,1.035,1.035,1.035,1.035,1.035,3909.6,4691.5,4691.5,4691.5,3127.7,3127.7,3127.7,99.8,113.7,67.9,34.8,349.0,111.7,238.0,177.7,59.0,53.3,58.9,148.6,21.5,44.2,113.7,1.8,1.8,0.3,6.0,1.7,4.1,2.6,0.6,0.5,0.8,2.7,0.0,0.5,6.0,1.8,2.8,2.5,0.8,8.4,2.7,5.8,4.0,1.3,1.2,1.4,3.8,0.5,1.1,2.8,39.2,47.0,47.0,47.0,31.3,31.3,31.3,0.0,4.7,3.2,8.9,8.0,2.4,4.3,1.4,40.5,27.7,91.1,92.0,24.6,5.0,2.6,54.8,69.1,0.0,0.0,73.0,90.7,96.0,2395.7,24.00,40,39,39,77,116,708,1,61.8,61.4,54.6,49.5,49.6,50.5,49.9,49.0,49.1,48.7,51.4,51.4,61.8,55.7,47.0,45.0,48.0,1.037,1.015,1.100,6.107,7.661,6.109,26.500,5.233,25.456,0.428,0.242,0.956,0.926,0.216,0.169,0.062,6.359,7.776,19.892,24.882,1996.4,2395.7,4671.8,4671.8,4717.7,28.3,8.1,17.7,28.3,72.2,いいえ,いいえ,いいえ,0.174,0.040,0.3,43.0,61.8,40.0,61.0,1.048,12.197,3.440,3.328,5.040,1.064,0.992,3.440,3.328,1.808,1.024,1.120,1.040,1.792,1.096,0.688,1.824,0.256,1591,いいえ,61.0,43.2,1.110,1.110,1.800,1.800,1.005,5.040,0.250,いいえ,いいえ,いいえ,43.2,1.110,1.110,1.800,1.800,1.005,5.040,0.250,いいえ,いいえ,いいえ,37,37,いいえ,はい,15388,14039,128,128,34,100.0,いいえ,いいえ,3868,2528,9990,43,45,52,100.0,100.0,いいえ,いいえ,7032,7744,0.0,0.0,0.0,0.000,0.000,1392,1013,0.0,0.0,0.0,0.000,0.000,181182,133153,0.0,0.0,0.0,0.000,0.000,66345,77752,57.4,0.720,12.000,600.0,2400.0,1200.0,100.0,0.0,0.0,0.0,0.0,0.0,0.0,0.0,0.0,125,2,16.0,86,いいえ,いいえ,いいえ,40.7,46.0,50.7,84.0,0.865,12.318,12.328,12.276,12.342,12.327,1241,1242,11.014,4.938,2.792,0.296,8.250,2.937,0.148,8.402,8.354,8.328,220.000,220.000,210.0,50.6,1185.0,210.0,1290.0,209.9,50.5,1413.0,2.0,6.0,1.0,0.0,87.5,0.6,0.9,0.0,1.5,0.0,30,30,はい,いいえ,いいえ,いいえ,いいえ,はい,いいえ,5.1,5.5,0,0,0,0,0,0,0,0,0,2,0,0,0,0,0,0,0,0,0,0,0,0,0,0,0,0,0,0,0,0,1535,10747,10470,591,2.5,0.4,0.4,0.4,0.4,0.4,0.4,0.0,0.0,0.0,0.0,0.0,0.0,2224.95,2224.95,2224.95,2224.95,2224.95,2224.95,5.44,75.81,2224.91,0.04,0.00,0,0,0.0,0.0,44299,39133,7.4,240.6,0,
19.7.2026,1:7:59.543,25906,8005,76.3,12885,18978,40.4,3.5,2048,71,0.962,1.035,1.035,1.035,1.035,0.815,0.815,3360.6,3127.7,3593.5,3593.5,3593.5,3127.7,3127.7,99.8,105.4,44.4,30.8,342.8,106.1,234.7,110.3,57.9,68.5,57.0,147.8,20.6,44.1,105.4,1.9,1.9,0.6,6.0,2.0,4.6,2.1,0.3,1.2,0.4,2.4,0.5,0.2,6.0,1.9,2.6,2.1,0.7,8.0,2.6,5.7,2.6,1.3,1.6,1.3,3.8,0.4,1.1,2.6,33.7,31.3,36.0,36.0,36.0,31.3,31.3,0.0,4.4,2.8,8.5,6.8,2.6,4.3,1.4,38.4,18.1,91.5,93.2,19.9,4.9,3.0,57.2,79.1,0.0,0.0,77.5,90.8,95.6,2395.7,24.00,40,39,39,77,116,708,1,61.8,61.4,54.4,49.4,49.4,50.4,49.9,48.9,48.9,48.7,51.2,51.2,61.8,55.7,47.0,45.0,48.0,1.036,1.015,1.100,6.131,7.674,6.128,24.500,5.254,25.472,0.397,0.169,0.949,0.846,0.192,0.162,0.065,6.380,7.790,19.949,24.931,1996.4,2395.7,4668.8,4668.8,4717.7,28.3,8.2,16.3,28.3,72.2,いいえ,いいえ,いいえ,0.153,0.038,0.3,43.0,61.8,40.0,61.0,1.048,12.197,3.440,3.328,5.040,1.064,1.000,3.440,3.328,1.808,1.024,1.120,1.040,1.792,1.096,0.688,1.824,0.256,1597,いいえ,61.0,43.2,1.110,1.110,1.800,1.800,1.005,5.040,0.250,いいえ,いいえ,いいえ,43.2,1.110,1.110,1.800,1.800,1.005,5.040,0.250,いいえ,いいえ,いいえ,37,37,いいえ,はい,15388,14039,128,128,34,100.0,いいえ,いいえ,3868,2528,9990,43,45,52,100.0,100.0,いいえ,いいえ,7032,7744,0.0,0.0,0.0,0.000,0.004,1392,1013,0.0,0.0,0.0,0.000,0.000,181182,133153,0.0,0.1,0.1,0.000,0.010,66345,77752,57.4,0.720,14.000,600.0,2400.0,1200.0,100.0,0.0,0.0,0.0,0.0,0.0,0.0,0.0,0.0,125,2,16.0,86,いいえ,いいえ,いいえ,40.6,46.0,50.5,84.0,0.865,12.318,12.328,12.277,12.341,12.327,1240,1240,10.913,4.912,2.765,0.296,8.250,2.912,0.148,8.407,8.201,8.318,220.000,220.000,210.0,50.6,1185.0,210.0,1290.0,209.9,50.5,1413.4,2.0,6.0,1.0,0.0,87.5,0.4,0.6,0.0,0.9,0.0,30,30,はい,いいえ,いいえ,いいえ,いいえ,はい,いいえ,5.1,5.4,0,0,0,0,0,0,0,0,0,2,0,0,0,0,0,0,0,0,0,0,0,0,0,0,0,0,0,0,0,0,1535,10747,10470,591,2.5,0.4,0.4,0.4,0.4,0.4,0.4,0.0,0.0,0.0,0.0,0.0,0.0,2224.95,2224.95,2224.95,2224.95,2224.95,2224.95,5.44,75.81,2224.91,0.04,0.00,0,0,0.0,0.0,44299,39134,5.7,140.8,0,
19.7.2026,1:8:1.554,25914,7997,76.4,12885,18978,40.4,3.5,2048,71,0.972,1.050,0.815,0.815,1.050,1.050,1.050,3909.6,3127.7,4691.5,4691.5,4691.5,3127.7,3127.7,99.8,112.8,58.1,34.1,315.1,166.6,286.8,156.6,52.8,68.1,60.6,89.8,21.2,44.3,112.8,2.7,2.3,0.9,5.8,3.5,5.8,3.1,1.9,1.4,2.1,2.8,0.7,1.9,5.8,2.7,2.8,2.3,0.7,7.4,4.2,7.0,3.7,1.2,1.5,1.4,2.2,0.5,1.1,2.8,39.2,31.3,47.0,47.0,47.0,31.3,31.3,0.0,4.7,3.0,9.3,8.7,2.6,3.2,1.4,39.5,24.6,90.7,91.3,20.6,7.9,2.0,55.8,72.3,0.0,0.0,76.9,88.9,96.5,2395.7,24.00,40,39,39,77,116,708,1,61.6,61.3,53.9,49.3,49.4,50.5,49.9,48.8,48.7,48.6,51.2,51.2,62.0,55.6,47.0,45.0,48.0,1.037,1.015,1.100,6.195,7.620,6.198,26.500,5.279,25.567,0.420,0.219,0.982,0.931,0.195,0.133,0.059,6.450,7.734,19.992,24.983,1996.4,2395.7,4672.6,4672.6,4717.7,28.4,8.3,17.7,28.4,72.1,いいえ,いいえ,いいえ,0.183,0.041,0.3,43.0,61.6,40.0,61.0,1.048,12.197,3.440,3.328,5.040,1.064,1.000,3.440,3.328,1.808,1.024,1.120,1.040,1.792,1.096,0.688,1.824,0.256,1593,いいえ,61.0,43.2,1.110,1.110,1.800,1.800,1.005,5.040,0.250,いいえ,いいえ,いいえ,43.2,1.110,1.110,1.800,1.800,1.005,5.040,0.250,いいえ,いいえ,いいえ,37,37,いいえ,はい,15388,14039,128,128,34,100.0,いいえ,いいえ,3868,2528,9990,43,45,52,100.0,100.0,いいえ,いいえ,7032,7744,0.0,0.8,0.8,0.000,0.010,1392,1013,0.0,0.0,0.0,0.000,0.000,181182,133153,0.0,0.0,0.0,0.000,0.002,66345,77752,57.3,0.720,22.000,600.0,2400.0,1200.0,100.0,0.0,0.0,0.0,0.0,0.0,0.0,0.0,0.0,125,2,16.0,86,いいえ,いいえ,いいえ,40.5,46.0,50.5,84.0,0.865,12.318,12.326,12.277,12.341,12.327,1241,1239,10.951,4.757,2.241,0.271,8.238,2.369,0.136,8.384,8.187,8.230,220.000,220.000,210.0,50.6,1185.0,210.0,1290.0,210.0,50.5,1412.6,1.0,6.0,1.0,0.0,87.5,0.5,0.6,0.0,1.3,0.0,30,30,はい,いいえ,いいえ,いいえ,いいえ,はい,いいえ,4.8,5.0,0,0,0,0,0,0,0,0,0,2,0,0,0,0,0,0,0,0,0,0,0,0,0,0,0,0,0,0,0,0,1535,10747,10470,591,2.5,0.4,7.7,0.2,0.2,0.2,0.2,0.2,0.2,0.2,0.2,0.2,0.2,2535.07,4940.94,129.19,85.00,4990.04,4990.04,5.07,76.14,2535.01,0.05,4940.43,0,0,0.0,0.0,44299,39134,6.8,211.5,0,
19.7.2026,1:8:3.563,25904,8007,76.3,12883,18980,40.4,3.5,2048,71,1.043,1.035,1.045,1.045,1.045,1.045,1.045,3649.0,3127.7,4691.5,4691.5,3127.7,3127.7,3127.7,99.8,113.4,64.9,36.8,327.7,132.5,248.2,172.1,51.1,66.5,57.1,143.3,21.1,39.2,113.4,1.7,1.5,0.2,5.1,2.0,4.5,2.7,0.4,0.6,0.5,2.5,0.0,0.3,5.1,1.7,2.8,2.4,0.8,7.6,3.3,6.1,4.2,1.1,1.5,1.3,3.6,0.5,0.9,2.8,36.6,31.3,47.0,47.0,31.3,31.3,31.3,0.0,4.6,3.1,8.4,8.3,2.5,4.1,1.3,39.6,24.0,91.6,91.7,20.0,6.7,3.8,55.8,72.9,0.0,0.0,77.5,89.1,94.9,2395.7,24.00,40,39,39,77,116,708,1,61.6,61.3,54.1,49.3,49.3,50.3,49.8,48.8,48.8,48.6,51.2,51.2,61.5,55.7,47.0,45.0,48.0,1.037,1.015,1.100,6.188,7.667,6.188,23.500,5.247,25.542,0.416,0.217,0.954,0.894,0.192,0.170,0.068,6.442,7.782,19.996,24.984,1996.4,2395.7,4673.7,4673.7,4717.7,28.4,8.3,15.7,28.4,72.1,いいえ,いいえ,いいえ,0.184,0.047,0.3,43.0,61.6,40.0,61.0,1.016,12.197,3.440,3.328,5.040,1.064,1.000,3.440,3.328,1.808,1.024,1.120,1.040,1.792,1.096,0.696,1.824,0.256,1595,いいえ,61.0,43.0,1.110,1.110,1.800,1.800,1.005,5.040,0.250,いいえ,いいえ,いいえ,43.2,1.110,1.110,1.800,1.800,1.005,5.040,0.250,いいえ,いいえ,いいえ,37,37,いいえ,はい,15388,14039,128,128,34,100.0,いいえ,いいえ,3868,2528,9990,42,44,52,100.0,100.0,いいえ,いいえ,7032,7744,0.0,0.0,0.0,0.000,0.004,1392,1013,0.0,0.0,0.0,0.000,0.000,181182,133153,0.0,0.0,0.0,0.000,0.008,66345,77752,57.3,0.720,5.000,600.0,2400.0,1200.0,100.0,0.0,0.0,0.0,0.0,0.0,0.0,0.0,0.0,125,2,16.0,86,いいえ,いいえ,いいえ,40.4,46.0,50.3,84.0,0.865,12.315,12.323,12.273,12.339,12.324,1240,1240,10.822,4.919,2.351,0.271,8.223,2.492,0.136,8.375,9.285,8.219,220.000,220.000,210.0,50.6,1185.0,210.0,1290.0,210.0,50.5,1414.1,2.0,6.0,1.0,0.0,87.5,0.5,0.8,0.0,1.4,0.0,30,30,はい,いいえ,いいえ,いいえ,いいえ,はい,いいえ,4.9,5.3,0,0,0,0,0,0,0,0,0,2,0,0,0,0,0,0,0,0,0,0,0,0,0,0,0,0,0,0,0,0,1535,10747,10470,592,2.5,0.4,7.7,0.2,0.2,0.2,0.2,0.2,0.2,0.2,0.2,0.2,0.2,2535.07,4940.94,129.19,85.00,4990.04,4990.04,5.07,76.14,2535.01,0.05,4940.43,0,0,0.0,0.0,44299,39135,6.7,209.2,0,
19.7.2026,1:8:5.559,25903,8008,76.3,12885,18978,40.4,3.5,2048,71,1.035,1.035,1.035,1.035,1.035,1.035,1.035,4691.5,4691.5,4691.5,4691.5,4691.5,4691.5,4691.5,99.8,113.8,62.4,38.2,360.5,132.0,169.5,194.4,53.9,64.9,67.2,155.8,20.8,45.9,113.8,2.3,2.1,0.8,6.8,2.6,3.4,3.3,1.1,1.1,1.5,3.4,0.0,1.1,6.8,2.3,2.8,2.3,0.8,8.7,3.2,4.2,4.3,1.2,1.4,1.6,4.0,0.5,1.1,2.8,47.0,47.0,47.0,47.0,47.0,47.0,47.0,0.0,4.7,3.0,9.4,7.0,2.5,4.7,1.4,39.9,26.9,90.6,93.0,20.7,5.4,2.8,55.4,70.1,0.0,0.0,76.8,89.9,95.8,2395.7,24.00,40,39,39,77,116,708,1,61.6,61.3,54.1,49.3,49.3,50.5,49.7,48.8,48.8,48.6,51.1,51.1,61.0,55.5,47.0,45.0,48.0,1.037,1.015,1.100,6.172,7.629,6.166,24.500,5.227,25.458,0.421,0.236,0.982,0.884,0.189,0.175,0.062,6.424,7.744,19.918,24.899,1996.4,2395.7,4672.8,4672.8,4717.7,28.3,8.2,16.3,28.3,72.1,いいえ,いいえ,いいえ,0.176,0.041,0.3,43.0,61.6,40.0,61.0,1.016,12.197,3.440,3.328,5.040,1.064,1.000,3.440,3.344,1.808,1.024,1.120,1.040,1.792,1.096,0.696,1.824,0.256,1577,いいえ,61.0,43.0,1.110,1.110,1.800,1.800,1.005,5.040,0.250,いいえ,いいえ,いいえ,43.2,1.110,1.110,1.800,1.800,1.005,5.040,0.250,いいえ,いいえ,いいえ,37,37,いいえ,はい,15388,14039,128,128,34,100.0,いいえ,いいえ,3868,2528,9990,42,44,52,100.0,100.0,いいえ,いいえ,7032,7744,0.0,0.1,0.1,0.000,0.008,1392,1013,0.0,0.0,0.0,0.000,0.000,181182,133153,0.0,0.0,0.0,0.000,0.028,66345,77752,57.3,0.720,6.000,600.0,2400.0,1200.0,100.0,0.0,0.0,0.0,0.0,0.0,0.0,0.0,0.0,125,2,16.0,86,いいえ,いいえ,いいえ,40.4,46.0,50.2,84.0,0.865,12.318,12.326,12.276,12.341,12.327,1241,1239,10.837,4.778,2.382,0.271,8.237,2.518,0.136,8.375,8.094,8.209,220.000,220.000,210.0,50.6,1185.0,210.0,1290.0,210.0,50.5,1413.4,2.0,6.0,1.0,0.0,87.5,0.6,1.0,0.0,1.5,0.0,30,30,はい,いいえ,いいえ,いいえ,いいえ,はい,いいえ,4.9,6.0,0,0,0,0,0,0,0,0,0,2,0,0,0,0,0,0,0,0,0,0,0,0,0,0,0,0,0,0,0,0,1535,10747,10470,592,2.5,0.4,7.7,0.2,0.2,0.2,0.2,0.2,0.2,0.2,0.2,0.2,0.2,2535.07,4940.94,129.19,85.00,4990.04,4990.04,5.07,76.14,2535.01,0.05,4940.43,0,0,0.0,0.0,44299,39135,6.7,323.8,0,
19.7.2026,1:8:7.556,25916,7995,76.4,12886,18977,40.4,3.5,2048,71,1.037,1.045,1.035,1.035,1.035,1.035,1.035,3776.5,4691.5,3593.5,3593.5,3593.5,3593.5,3593.5,99.8,117.0,53.9,40.5,274.9,176.9,237.3,181.3,67.4,73.2,103.0,125.1,24.7,45.2,117.0,2.5,2.3,0.9,5.2,3.5,4.9,2.9,1.5,1.4,2.2,2.8,1.4,1.1,5.2,2.5,2.9,2.5,0.9,6.6,4.3,6.0,3.9,1.6,1.6,2.6,3.2,0.6,1.1,2.9,37.8,47.0,36.0,36.0,36.0,36.0,36.0,0.0,4.9,3.3,8.8,8.0,3.0,4.8,1.5,39.4,20.8,91.2,92.0,23.0,5.9,3.2,55.8,75.9,0.0,0.0,74.0,89.3,95.3,2395.7,24.00,40,39,39,77,116,708,1,61.5,61.2,54.1,49.2,49.1,50.3,49.7,48.8,48.7,48.6,50.9,50.9,60.5,55.4,47.0,45.0,48.0,1.035,1.015,1.100,6.101,7.557,6.106,23.500,5.249,25.347,0.420,0.195,0.936,0.936,0.216,0.175,0.062,6.344,7.671,19.788,24.783,1996.4,2395.7,4663.3,4663.3,4717.7,28.2,8.1,15.7,28.2,72.0,いいえ,いいえ,いいえ,0.195,0.047,0.3,43.0,61.5,40.0,61.0,1.048,12.197,3.440,3.328,5.040,1.064,1.000,3.440,3.328,1.808,1.024,1.120,1.040,1.792,1.096,0.696,1.824,0.256,1577,いいえ,61.0,43.0,1.110,1.110,1.800,1.800,1.005,5.040,0.250,いいえ,いいえ,いいえ,43.2,1.110,1.110,1.800,1.800,1.005,5.040,0.250,いいえ,いいえ,いいえ,37,37,いいえ,はい,15388,14039,128,128,34,100.0,いいえ,いいえ,3868,2528,9990,42,44,52,100.0,100.0,いいえ,いいえ,7032,7744,0.0,0.0,0.0,0.000,0.004,1392,1013,0.0,0.0,0.0,0.000,0.000,181182,133153,0.0,0.0,0.0,0.000,0.006,66345,77753,57.2,0.720,10.000,600.0,2400.0,1200.0,100.0,0.0,0.0,0.0,0.0,0.0,0.0,0.0,0.0,125,2,16.0,86,いいえ,いいえ,いいえ,40.3,46.0,50.2,84.0,0.865,12.319,12.327,12.278,12.342,12.329,1242,1240,10.972,4.834,2.575,0.296,8.251,2.715,0.148,8.399,8.089,8.202,220.000,220.000,210.0,50.6,1185.0,210.0,1290.0,210.0,50.5,1413.4,1.0,6.0,0.0,0.0,87.5,0.4,0.7,0.0,1.0,0.0,30,30,はい,いいえ,いいえ,いいえ,いいえ,はい,いいえ,5.0,5.2,0,0,0,0,0,0,0,0,0,2,0,0,0,0,0,0,0,0,0,0,0,0,0,0,0,0,0,0,0,0,1535,10747,10470,592,2.5,0.4,7.7,0.2,0.2,0.2,0.2,0.2,0.2,0.2,0.2,0.2,0.2,2535.07,4940.94,129.19,85.00,4990.04,4990.04,5.07,76.14,2535.01,0.05,4940.43,0,0,0.0,0.0,44299,39136,140.9,168.7,0,
19.7.2026,1:8:9.568,25907,8004,76.3,12885,18978,40.4,3.5,2048,71,1.036,1.040,1.035,1.035,1.035,1.035,1.035,4430.9,3127.7,4691.5,4691.5,4691.5,4691.5,4691.5,99.8,115.3,45.7,41.8,306.5,129.8,251.4,190.9,54.8,81.2,69.3,140.0,20.6,51.1,115.3,1.8,2.0,0.1,5.7,2.5,5.2,3.2,0.0,0.7,0.6,1.5,0.0,0.0,5.7,1.8,2.8,2.1,0.9,7.3,3.1,6.3,4.3,1.3,1.8,1.7,3.6,0.5,1.2,2.8,44.4,31.3,47.0,47.0,47.0,47.0,47.0,0.0,4.7,3.0,8.3,8.5,2.9,4.3,1.5,39.1,19.5,91.7,91.5,20.1,8.4,3.2,56.2,77.5,0.0,0.0,77.1,87.3,95.3,2395.7,24.00,40,39,39,77,116,708,1,61.4,61.0,53.9,49.1,49.0,50.2,49.6,48.6,48.5,48.5,50.8,50.8,60.8,55.6,46.9,45.0,48.0,1.036,1.015,1.100,5.995,7.658,5.997,25.500,5.247,25.343,0.415,0.175,0.957,0.912,0.192,0.183,0.069,6.236,7.773,19.781,24.771,1996.4,2395.7,4667.9,4667.9,4717.7,28.1,8.0,17.0,28.1,71.8,いいえ,いいえ,いいえ,0.188,0.043,0.3,43.0,61.4,40.0,61.0,1.048,12.197,3.440,3.328,5.040,1.064,1.000,3.440,3.328,1.808,1.024,1.120,1.040,1.792,1.096,0.696,1.824,0.256,1578,いいえ,61.0,43.0,1.110,1.110,1.800,1.800,1.005,5.040,0.250,いいえ,いいえ,いいえ,43.2,1.110,1.110,1.800,1.800,1.005,5.040,0.250,いいえ,いいえ,いいえ,37,37,いいえ,はい,15388,14039,128,128,34,100.0,いいえ,いいえ,3868,2528,9990,42,44,52,100.0,100.0,いいえ,いいえ,7032,7744,0.0,0.0,0.0,0.000,0.002,1392,1013,0.0,0.0,0.0,0.000,0.000,181182,133153,0.0,0.1,0.1,0.008,0.205,66345,77753,57.1,0.720,12.000,600.0,2400.0,1200.0,100.0,0.0,0.0,0.0,0.0,0.0,0.0,0.0,0.0,125,2,16.0,86,いいえ,いいえ,いいえ,40.2,46.0,50.1,84.0,0.865,12.315,12.323,12.273,12.339,12.325,1241,1242,10.895,4.756,2.322,0.271,8.223,2.455,0.136,8.368,8.080,8.197,220.000,220.000,210.0,50.6,1185.0,210.0,1290.0,210.0,50.5,1413.1,2.0,6.0,1.0,0.0,87.5,0.3,0.5,0.0,0.8,0.0,30,30,はい,いいえ,いいえ,いいえ,いいえ,はい,いいえ,4.9,5.6,0,0,0,0,0,0,0,0,0,2,0,0,0,0,0,0,0,0,0,0,0,0,0,0,0,0,0,0,0,0,1535,10747,10470,592,2.5,0.4,7.7,0.2,0.2,0.2,0.2,0.2,0.2,0.2,0.2,0.2,0.2,2535.07,4940.94,129.19,85.00,4990.04,4990.04,5.07,76.14,2535.01,0.05,4940.43,0,0,0.0,0.0,44299,39136,5.6,131.6,0,
19.7.2026,1:8:11.562,25900,8010,76.3,12884,18979,40.4,3.5,2048,71,1.043,1.035,1.045,1.045,1.045,1.045,1.045,4170.3,3127.7,4691.5,4691.5,4691.5,4691.5,3127.7,99.8,104.3,36.3,33.7,201.5,122.0,228.5,262.6,37.7,67.0,85.4,115.9,18.8,42.9,104.3,1.8,1.7,1.4,3.8,1.6,3.8,4.4,1.4,1.1,0.2,1.6,0.0,0.1,4.4,1.8,2.6,1.9,0.7,4.9,2.9,5.7,5.9,0.8,1.5,2.1,2.9,0.4,1.0,2.6,41.8,31.3,47.0,47.0,47.0,47.0,31.3,0.0,4.3,2.6,6.3,9.3,2.2,4.2,1.3,37.6,17.5,93.7,90.7,16.9,4.8,2.1,58.0,79.9,0.0,0.0,80.9,91.0,96.6,2395.7,24.00,40,39,39,77,116,708,1,61.4,61.0,53.9,49.0,48.9,50.0,49.6,48.5,48.4,48.4,50.7,50.7,61.2,55.5,46.9,45.0,48.0,1.035,1.015,1.100,5.761,7.686,5.760,20.500,5.286,25.139,0.383,0.156,0.826,0.961,0.153,0.152,0.053,5.989,7.801,19.605,24.588,1996.4,2395.7,4663.6,4663.6,4717.7,27.9,7.7,13.7,27.9,71.8,いいえ,いいえ,いいえ,0.147,0.036,0.3,43.0,61.4,40.0,61.0,1.048,12.197,3.440,3.328,5.040,1.064,1.000,3.440,3.328,1.808,1.024,1.120,1.040,1.792,1.096,0.696,1.824,0.256,1586,いいえ,60.1,43.0,1.110,1.110,1.800,1.800,1.005,5.040,0.250,いいえ,いいえ,いいえ,43.2,1.110,1.110,1.800,1.800,1.005,5.040,0.250,いいえ,いいえ,いいえ,37,37,いいえ,はい,15388,14039,128,128,34,100.0,いいえ,いいえ,3868,2528,9990,42,44,52,100.0,100.0,いいえ,いいえ,7032,7744,0.0,0.1,0.1,0.000,0.008,1392,1013,0.0,0.0,0.0,0.000,0.000,181182,133153,0.0,0.0,0.0,0.000,0.160,66345,77753,57.1,0.720,12.000,600.0,2400.0,1200.0,100.0,0.0,0.0,0.0,0.0,0.0,0.0,0.0,0.0,125,2,16.0,86,いいえ,いいえ,いいえ,40.1,44.0,50.0,84.0,0.865,12.325,12.333,12.283,12.348,12.334,1241,1240,10.684,4.838,2.591,0.296,8.254,2.741,0.148,8.415,8.071,8.187,220.000,220.000,210.0,50.6,1185.0,210.0,1290.0,210.0,50.5,1413.3,2.0,7.0,1.0,0.0,87.5,0.3,0.4,0.0,0.6,0.0,30,30,はい,いいえ,いいえ,いいえ,いいえ,はい,いいえ,5.0,5.0,0,0,0,0,0,0,0,0,0,2,0,0,0,0,0,0,0,0,0,0,0,0,0,0,0,0,0,0,0,0,1535,10747,10470,584,2.5,0.4,7.7,0.2,0.2,0.2,0.2,0.2,0.2,0.2,0.2,0.2,0.2,2535.07,4940.94,129.19,85.00,4990.04,4990.04,5.07,76.14,2535.01,0.05,4940.43,0,0,0.0,0.0,44299,39136,5.6,102.1,0,
19.7.2026,1:8:13.566,25901,8010,76.3,12884,18979,40.4,3.5,2048,71,1.043,1.035,1.045,1.045,1.045,1.045,1.045,3776.5,4691.5,3593.5,3593.5,3593.5,3593.5,3593.5,99.8,118.8,68.7,36.8,232.8,163.8,301.0,222.2,55.9,79.8,56.8,136.1,23.4,48.3,118.8,3.0,1.9,0.3,4.1,3.2,6.5,3.4,1.5,1.8,3.0,4.8,2.5,3.0,6.5,3.0,2.9,2.5,0.8,5.7,3.7,7.6,5.1,1.3,1.8,1.3,3.4,0.5,1.2,2.9,37.8,47.0,36.0,36.0,36.0,36.0,36.0,0.0,4.9,3.2,7.5,10.2,2.9,4.0,1.6,40.5,26.7,92.5,89.8,22.9,7.9,3.2,54.6,70.1,0.0,0.0,74.3,88.1,95.2,2395.7,24.00,40,39,39,77,116,708,1,61.4,61.1,53.6,49.0,48.9,50.1,49.7,48.6,48.4,48.4,50.7,50.7,60.8,55.2,46.9,45.0,48.0,1.037,1.015,1.100,5.881,7.523,5.881,26.000,5.295,25.122,0.429,0.235,0.897,1.002,0.213,0.164,0.064,6.121,7.636,19.581,24.569,1996.4,2395.7,4675.6,4675.6,4717.7,27.9,7.8,17.3,27.9,71.8,いいえ,いいえ,いいえ,0.195,0.047,0.3,43.0,61.4,40.0,61.0,1.048,12.197,3.440,3.328,5.040,1.064,1.000,3.440,3.328,1.808,1.024,1.120,1.040,1.792,1.096,0.696,1.824,0.256,1580,いいえ,60.1,43.0,1.110,1.110,1.800,1.800,1.005,5.040,0.250,いいえ,いいえ,いいえ,43.0,1.110,1.110,1.800,1.800,1.005,5.040,0.250,いいえ,いいえ,いいえ,37,37,いいえ,はい,15388,14039,128,128,34,100.0,いいえ,いいえ,3868,2528,9990,42,44,52,100.0,100.0,いいえ,いいえ,7032,7744,0.0,0.0,0.0,0.000,0.004,1392,1013,0.0,0.0,0.0,0.000,0.000,181182,133153,0.0,0.0,0.0,0.000,0.006,66345,77753,57.1,0.720,4.000,600.0,2400.0,1200.0,100.0,0.0,0.0,0.0,0.0,0.0,0.0,0.0,0.0,125,2,16.0,86,いいえ,いいえ,いいえ,40.1,44.0,50.0,84.0,0.865,12.318,12.326,12.276,12.342,12.327,1240,1240,10.776,4.753,2.296,0.271,8.250,2.431,0.136,8.394,8.064,8.183,220.000,220.000,210.0,50.6,1185.0,210.0,1290.0,209.9,50.5,1413.1,2.0,7.0,1.0,0.0,87.5,0.7,1.4,0.0,1.4,0.0,30,30,はい,いいえ,いいえ,いいえ,いいえ,はい,いいえ,4.9,5.6,0,0,0,0,0,0,0,0,0,2,0,0,0,0,0,0,0,0,0,0,0,0,0,0,0,0,0,0,0,0,1535,10747,10470,589,2.5,3.1,11.1,1.8,1.8,1.8,1.8,1.8,1.8,1.8,1.8,1.8,1.8,326.40,562.81,89.99,85.65,567.63,567.63,5.16,78.19,326.36,0.04,480.03,0,0,0.0,0.0,44299,39136,6.5,201.1,0,
19.7.2026,1:8:15.556,25900,8011,76.3,12884,18979,40.4,3.5,2048,71,1.037,1.045,1.035,1.035,1.035,1.035,1.035,4430.9,4691.5,4691.5,4691.5,4691.5,3127.7,4691.5,99.8,110.2,58.3,36.5,330.5,143.5,200.7,197.4,46.4,63.6,55.5,129.0,20.1,40.8,110.2,1.8,1.7,0.3,5.6,2.2,3.7,3.1,0.5,0.6,0.7,2.3,0.1,0.5,5.6,1.8,2.7,2.4,0.8,7.9,3.3,5.0,4.6,1.1,1.4,1.3,3.3,0.4,1.0,2.7,44.4,47.0,47.0,47.0,47.0,31.3,47.0,0.0,4.5,3.1,8.9,7.7,2.3,3.9,1.3,39.0,23.7,91.1,92.3,18.0,6.1,2.7,56.5,73.2,0.0,0.0,79.7,90.1,96.0,2395.7,24.00,40,39,39,77,116,708,1,61.4,61.0,53.6,48.9,48.9,50.0,49.4,48.4,48.4,48.3,50.7,50.7,61.0,55.4,46.8,45.0,48.0,1.037,1.015,1.100,5.830,7.634,5.831,28.500,5.256,25.148,0.403,0.211,0.958,0.873,0.168,0.153,0.058,6.066,7.749,19.596,24.583,1996.4,2395.7,4674.2,4674.2,4717.7,27.9,7.8,19.0,27.9,71.8,いいえ,いいえ,いいえ,0.158,0.041,0.3,43.0,61.4,40.0,61.0,1.024,12.197,3.440,3.328,5.040,1.064,1.000,3.440,3.328,1.808,1.024,1.120,1.040,1.792,1.096,0.696,1.824,0.256,1580,いいえ,60.1,43.0,1.110,1.110,1.800,1.800,1.005,5.040,0.250,いいえ,いいえ,いいえ,43.0,1.110,1.110,1.800,1.800,1.005,5.040,0.250,いいえ,いいえ,いいえ,37,37,いいえ,はい,15388,14039,128,128,34,100.0,いいえ,いいえ,3868,2528,9990,42,44,52,100.0,100.0,いいえ,いいえ,7032,7744,0.0,0.1,0.1,0.000,0.010,1392,1013,0.0,0.0,0.0,0.000,0.000,181182,133153,0.0,0.0,0.0,0.000,0.004,66345,77753,57.1,0.720,4.000,600.0,2400.0,1200.0,100.0,0.0,0.0,0.0,0.0,0.0,0.0,0.0,0.0,125,2,16.0,86,いいえ,いいえ,いいえ,40.0,44.0,49.9,84.0,0.865,12.320,12.328,12.278,12.344,12.329,1240,1237,10.753,4.722,2.192,0.271,8.238,2.321,0.136,8.381,8.056,8.184,220.000,220.000,210.0,50.6,1185.0,210.0,1290.0,210.0,50.5,1413.5,3.0,6.0,2.0,0.0,87.5,0.4,0.8,0.0,0.8,0.0,30,30,はい,いいえ,いいえ,いいえ,いいえ,はい,いいえ,4.8,5.2,0,0,0,0,0,0,0,0,0,2,0,0,0,0,0,0,0,0,0,0,0,0,0,0,0,0,0,0,0,0,1535,10747,10470,591,2.5,0.6,0.6,0.6,0.6,0.6,0.6,0.6,0.6,0.6,0.6,0.6,0.6,1598.03,1598.03,1598.03,1598.03,1598.03,1598.03,5.30,75.50,1597.99,0.04,1570.86,0,0,0.0,0.0,44299,39137,6.5,161.3,0,
19.7.2026,1:8:17.557,25903,8008,76.3,12886,18977,40.4,3.5,2048,71,0.964,1.050,1.035,1.035,1.035,0.815,0.815,3360.6,3127.7,3593.5,3593.5,3593.5,3127.7,3127.7,99.8,111.0,54.0,36.2,323.6,186.2,213.9,144.3,43.5,65.2,61.9,141.0,20.1,42.8,111.0,1.6,1.6,0.4,5.2,3.3,4.1,2.2,0.0,0.7,0.1,1.9,0.0,0.0,5.2,1.6,2.7,2.1,0.8,7.5,4.6,5.3,3.3,1.0,1.4,1.5,3.6,0.4,1.0,2.7,33.7,31.3,36.0,36.0,36.0,31.3,31.3,0.0,4.5,2.9,9.5,7.0,2.3,4.2,1.3,38.8,24.2,90.5,93.0,17.2,5.5,2.4,56.7,73.0,0.0,0.0,80.5,90.3,96.3,2395.7,24.00,40,39,39,77,116,708,1,61.2,60.9,54.1,48.9,48.9,50.0,49.3,48.4,48.4,48.2,50.7,50.7,60.8,55.3,46.7,45.0,48.0,1.037,1.015,1.100,5.954,7.615,5.953,22.500,5.243,25.228,0.408,0.209,1.012,0.847,0.164,0.160,0.059,6.199,7.729,19.695,24.683,1996.4,2395.7,4675.3,4675.3,4717.7,28.0,7.9,15.0,28.0,71.7,いいえ,いいえ,いいえ,0.175,0.040,0.3,43.0,61.2,40.0,61.0,1.048,12.197,3.440,3.328,5.040,1.064,1.000,3.440,3.328,1.808,1.024,1.120,1.040,1.792,1.096,0.696,1.824,0.256,1582,いいえ,60.1,43.0,1.110,1.110,1.800,1.800,1.005,5.040,0.250,いいえ,いいえ,いいえ,43.0,1.110,1.110,1.800,1.800,1.005,5.040,0.250,いいえ,いいえ,いいえ,37,37,いいえ,はい,15388,14039,128,128,34,100.0,いいえ,いいえ,3868,2528,9990,42,44,52,100.0,100.0,いいえ,いいえ,7032,7744,0.0,0.0,0.0,0.000,0.006,1392,1013,0.0,0.0,0.0,0.000,0.000,181182,133153,0.0,0.0,0.0,0.000,0.000,66345,77753,57.0,0.720,21.000,600.0,2400.0,1200.0,100.0,0.0,0.0,0.0,0.0,0.0,0.0,0.0,0.0,125,2,16.0,86,いいえ,いいえ,いいえ,39.9,44.0,49.8,84.0,0.865,12.314,12.322,12.273,12.338,12.324,1240,1240,10.625,4.787,2.418,0.271,8.223,2.554,0.136,8.360,8.054,8.278,220.000,220.000,210.0,50.6,1185.0,210.0,1290.0,210.0,50.5,1413.6,1.0,6.0,1.0,0.0,87.5,0.5,0.8,0.0,1.3,0.0,30,30,はい,いいえ,いいえ,いいえ,いいえ,はい,いいえ,4.9,4.9,0,0,0,0,0,0,0,0,0,2,0,0,0,0,0,0,0,0,0,0,0,0,0,0,0,0,0,0,0,0,1535,10747,10470,591,2.5,0.6,0.6,0.6,0.6,0.6,0.6,0.0,0.0,0.0,0.0,0.0,0.0,1773.05,1773.05,1773.05,1773.05,1773.05,1773.05,5.32,78.13,1773.01,0.04,0.00,0,0,0.0,0.0,44299,39137,6.6,201.2,0,
Date,Time,"コミット済み仮想メモリ [MB]","利用可能な仮想メモリ [MB]","仮想メモリ使用率 [%]","使用済み物理メモリ [MB]","利用可能な物理メモリ [MB]","物理メモリ使用率 [%]","ページ ファイル使用率 [%]","Page File Total [MB]","Page File Used [MB]","Core VIDs (avg) [V]","Core 0 VID [V]","Core 1 VID [V]","Core 2 VID [V]","Core 3 VID [V]","Core 4 VID [V]","Core 5 VID [V]","コア クロック (avg) [MHz]","Core 0 クロック (perf #3/4) [MHz]","Core 1 クロック (perf #1/1) [MHz]","Core 2 クロック (perf #1/2) [MHz]","Core 3 クロック (perf #2/3) [MHz]","Core 4 クロック (perf #5/6) [MHz]","Core 5 クロック (perf #4/5) [MHz]","バス クロック [MHz]","コア実効クロック (avg) [MHz]","Core 0 T0 実効クロック [MHz]","Core 0 T1 実効クロック [MHz]","Core 1 T0 実効クロック [MHz]","Core 1 T1 実効クロック [MHz]","Core 2 T0 実効クロック [MHz]","Core 2 T1 実効クロック [MHz]","Core 3 T0 実効クロック [MHz]","Core 3 T1 実効クロック [MHz]","Core 4 T0 実効クロック [MHz]","Core 4 T1 実効クロック [MHz]","Core 5 T0 実効クロック [MHz]","Core 5 T1 実効クロック [MHz]","平均実効クロック [MHz]","コア使用率 (avg) [%]","Core 0 T0 使用率 [%]","Core 0 T1 使用率 [%]","Core 1 T0 使用率 [%]","Core 1 T1 使用率 [%]","Core 2 T0 使用率 [%]","Core 2 T1 使用率 [%]","Core 3 T0 使用率 [%]","Core 3 T1 使用率 [%]","Core 4 T0 使用率 [%]","Core 4 T1 使用率 [%]","Core 5 T0 使用率 [%]","Core 5 T1 使用率 [%]","最大CPU/スレッド使用率 [%]","総 CPU 使用率 [%]","コア使用率 (avg) [%]","Core 0 T0 使用率 [%]","Core 0 T1 使用率 [%]","Core 1 T0 使用率 [%]","Core 1 T1 使用率 [%]","Core 2 T0 使用率 [%]","Core 2 T1 使用率 [%]","Core 3 T0 使用率 [%]","Core 3 T1 使用率 [%]","Core 4 T0 使用率 [%]","Core 4 T1 使用率 [%]","Core 5 T0 使用率 [%]","Core 5 T1 使用率 [%]","総 CPU 使用率 [%]","コア クロック マルチプライヤー (avg) [x]","Core 0 倍率 [x]","Core 1 倍率 [x]","Core 2 倍率 [x]","Core 3 倍率 [x]","Core 4 倍率 [x]","Core 5 倍率 [x]","Package C6 在留率 [%]","Core C0 在留率 (avg) [%]","Core 0 C0 在留率 [%]","Core 1 C0 在留率 [%]","Core 2 C0 在留率 [%]","Core 3 C0 在留率 [%]","Core 4 C0 在留率 [%]","Core 5 C0 在留率 [%]","Core C1 在留率 (avg) [%]","Core 0 C1 在留率 [%]","Core 1 C1 在留率 [%]","Core 2 C1 在留率 [%]","Core 3 C1 在留率 [%]","Core 4 C1 在留率 [%]","Core 5 C1 在留率 [%]","Core C6 在留率 (avg) [%]","Core 0 C6 在留率 [%]","Core 1 C6 在留率 [%]","Core 2 C6 在留率 [%]","Core 3 C6 在留率 [%]","Core 4 C6 在留率 [%]","Core 5 C6 在留率 [%]","メモリ クロック [MHz]","メモリ クロック マルチプライヤー [x]","Tcas [T]","Trcd [T]","Trp [T]","Tras [T]","Trc [T]","Trfc [T]","Command Rate [T]","CPU (Tctl/Tdie) [℃]","CPU ケース (平均) [℃]","CPU CCD1 (Tdie) [℃]","コア温度 (avg) [℃]","Core0 (CCD1) [℃]","Core1 (CCD1) [℃]","Core2 (CCD1) [℃]","Core3 (CCD1) [℃]","Core4 (CCD1) [℃]","Core5 (CCD1) [℃]","L3 温度 (avg) [℃]","L3 キャッシュ (CCD1) [℃]","CPU IOD Hotspot [℃]","CPU IOD 平均 [℃]","CPU VDDCR_VDD VRM (SVI3 TFN) [℃]","CPU VDDCR_SOC VRM (SVI3 TFN) [℃]","CPU VDD_MISC VRM (SVI3 TFN) [℃]","CPU VDDCR_VDD 電圧 (SVI3 TFN) [V]","CPU VDDCR_SOC 電圧 (SVI3 TFN) [V]","CPU VDD_MISC 電圧 (SVI3 TFN) [V]","CPU コア電流 (SVI3 TFN) [A]","SoC 電流 (SVI3 TFN) [A]","CPU TDC [A]","CPU EDC [A]","MISC 電流 (SVI3 TFN) [A]","CPU パッケージ電力 [W]","コア電力 (avg) [W]","Core 0 電力 [W]","Core 1 電力 [W]","Core 2 電力 [W]","Core 3 電力 [W]","Core 4 電力 [W]","Core 5 電力 [W]","CPU コア電力 (SVI3 TFN) [W]","CPU SoC 電力 (SVI3 TFN) [W]","Core+SoC+MISC 電力 (SVI3 TFN) [W]","CPU PPT [W]","Infinity Fabric クロック (FCLK) [MHz]","メモリ コントローラー クロック (UCLK) [MHz]","L3 クロック (avg) [MHz]","L3 キャッシュ (CCD1) [MHz]","周波数制限 - グローバル [MHz]","CPU PPT Limit [%]","CPU TDC 制限 [%]","CPU EDC 制限 [%]","CPU PPT FAST Limit [%]","Thermal Limit [%]","サーマル スロットリング (HTC) [Yes/No]","サーマル スロットリング (PROCHOT CPU) [Yes/No]","サーマル スロットリング (PROCHOT EXT) [Yes/No]","DRAM 読み取り帯域幅 [GB/s]","DRAM 書き込み帯域幅 [GB/s]","アクティブ コアの平均数 []","マザーボード [℃]","CPU [℃]","CPU (PECI) [℃]","PCH TSI0 [℃]","Vcore [V]","+12V [V]","+3.3V (AVCC) [V]","+3.3V (3VCC) [V]","+5V [V]","+1.05_ALW [V]","VIN4 [V]","3VSB [V]","VBAT [V]","VTT [V]","VDDCR_SOC [V]","VDD_MISC [V]","VIN2 [V]","+1.8V [V]","DRAM [V]","VIN9 [V]","VHIF [V]","VIN10 [V]","CPU1 [RPM]","シャーシへの侵入 [Yes/No]","チップセット 1 (xHCI) [℃]","SPD Hub 温度 [℃]","VDD (SWA) 電圧 [V]","VDDQ (SWB) 電圧 [V]","VPP (SWC) 電圧 [V]","1.8V VOUT 電圧 [V]","1.0V VOUT 電圧 [V]","VIN 電圧 [V]","総電力 [W]","PMIC 高温 [Yes/No]","PMIC Over Voltage [Yes/No]","PMIC Over Voltage [Yes/No]","SPD Hub 温度 [℃]","VDD (SWA) 電圧 [V]","VDDQ (SWB) 電圧 [V]","VPP (SWC) 電圧 [V]","1.8V VOUT 電圧 [V]","1.0V VOUT 電圧 [V]","VIN 電圧 [V]","総電力 [W]","PMIC 高温 [Yes/No]","PMIC Over Voltage [Yes/No]","PMIC Over Voltage [Yes/No]","ディスク温度 [℃]","ディスク気流温度 [℃]","ディスク障害 [Yes/No]","ディスク警告 [Yes/No]","総計ホスト書き込み [GB]","総計ホスト読み取り [GB]","警告: 現在保留中のセクター数: []","警告: オフライン訂正不可能なセクター数: []","ディスク温度 [℃]","ディスクの残り寿命 [%]","ディスク障害 [Yes/No]","ディスク警告 [Yes/No]","総計ホスト書き込み [GB]","総計 NAND 書き込み [GB]","総計ホスト読み取り [GB]","ディスク温度 [℃]","ディスク温度 2 [℃]","ディスク温度 3 [℃]","ディスクの残り寿命 [%]","ディスクの利用可能なスペア [%]","ディスク障害 [Yes/No]","ディスク警告 [Yes/No]","総計ホスト書き込み [GB]","総計ホスト読み取り [GB]","読み取り活動率 [%]","書き込み活動率 [%]","総活動率 [%]","読み取り速度 [MB/s]","書き込み速度 [MB/s]","総計読み取り [MB]","総計書き込み [MB]","読み取り活動率 [%]","書き込み活動率 [%]","総活動率 [%]","読み取り速度 [MB/s]","書き込み速度 [MB/s]","総計読み取り [MB]","総計書き込み [MB]","読み取り活動率 [%]","書き込み活動率 [%]","総活動率 [%]","読み取り速度 [MB/s]","書き込み速度 [MB/s]","総計読み取り [MB]","総計書き込み [MB]","GPU 温度 [℃]","GPU コア電圧 (VDDCR_GFX) [V]","GPU コア電力 (VDDCR_GFX) [W]","GPU クロック [MHz]","GPU メモリ クロック [MHz]","GPU SoC クロック [MHz]","GPU VCN クロック [MHz]","GPU 使用率 [%]","GPU D3D 使用率 [%]","GPU D3D 使用率 (avg) [%]","GPU Video Decode 0 使用率 [%]","GPU Video Decode 1 使用率 [%]","GPU Computing (Compute 0) 使用率 [%]","GPU Computing (Compute 1) 使用率 [%]","GPU Computing (High Priority Compute) 使用率 [%]","GPU D3D 専用メモリ [MB]","GPU D3D 共有メモリ [MB]","PCIe リンク速度 [GT/s]","GPU メモリ使用 [MB]","スロットルの理由 - 電力 [Yes/No]","スロットルの理由 - サーマル [Yes/No]","スロットルの理由 - 電流 [Yes/No]","GPU 温度 [℃]","GPU メモリ ジャンクション温度 [℃]","GPU ホットスポット温度 [℃]","GPU 熱制限 [℃]","GPU コア電圧 [V]","GPU レール電圧 (avg) [V]","GPU FBVDD 入力電圧 [V]","GPU PCIe +12V 入力電圧 [V]","GPU 12VHPWR 電圧 [V]","GPU Misc0 入力電圧 [V]","GPU ファン1 [RPM]","GPU ファン2 [RPM]","GPU 電力 [W]","GPU レール電力 (avg) [W]","GPU Core (NVVDD) 入力電力 (合計) [W]","GPU FBVDD 入力電力 [W]","GPU PCIe +12V 入力電力 [W]","GPU 12VHPWR 電力 [W]","GPU Misc0 入力電力 [W]","GPU 入力 PP ソース 電力 (合計) [W]","GPU Core (NVVDD) 出力電力 [W]","GPU Core (NVVDD) 出力電力 [W]","GPU 電力制限 (定格) [W]","GPU 電力制限 (最大) [W]","GPU クロック [MHz]","GPU メモリ クロック [MHz]","GPU ビデオ クロック [MHz]","GPU 実効クロック [MHz]","GPU Crossbar クロック [MHz]","GPU クロック (実測値) [MHz]","GPU メモリ クロック (実測値) [MHz]","GPU クロスバー クロック (実測値) [MHz]","GPU コア使用率 [%]","GPU メモリ コントローラー使用率 [%]","GPU ビデオ エンジン使用率 [%]","GPU バス使用率 [%]","GPU メモリ使用 [%]","GPU D3D 使用率 (avg) [%]","GPU D3D 使用率 [%]","GPU Video Decode 0 使用率 [%]","GPU Video Encode 0 使用率 [%]","GPU VR 使用率 [%]","GPU ファン1 [%]","GPU ファン2 [%]","GPU パフォーマンス制限 (avg) [Yes/No]","パフォーマンス制限 - 電力 [Yes/No]","パフォーマンス制限 - サーマル [Yes/No]","パフォーマンス制限 - 信頼性電圧 [Yes/No]","パフォーマンス制限 - 最大動作電圧 [Yes/No]","パフォーマンス制限 - 使用率 [Yes/No]","パフォーマンス制限 - SLI GPUBoost Sync [Yes/No]","総 GPU 電力 [TDP の割合] [%]","総 GPU 電力 (標準化) [TDP の割合] [%]","PCI Express Error Counters (avg) []","Receiver Errors []","Replay Count []","Replay Rollover Count []","Bad DLLP Count []","Bad TLP Count []","LCRC Error Count []","NAKs Sent Count []","NAKs Received Count []","Recovery Count []","Correctable Error Count []","Non-Fatal Error Count []","Fatal Error Count []","Unsupported Request Count []","PCIe Lane 0 Errors []","PCIe Lane 1 Errors []","PCIe Lane 2 Errors []","PCIe Lane 3 Errors []","PCIe Lane 4 Errors []","PCIe Lane 5 Errors []","PCIe Lane 6 Errors []","PCIe Lane 7 Errors []","PCIe Lane 8 Errors []","PCIe Lane 9 Errors []","PCIe Lane 10 Errors []","PCIe Lane 11 Errors []","PCIe Lane 12 Errors []","PCIe Lane 13 Errors []","PCIe Lane 14 Errors []","PCIe Lane 15 Errors []","利用可能な GPU メモリ [MB]","割り当てられた GPU メモリ [MB]","GPU D3D 専用メモリ [MB]","GPU D3D 共有メモリ [MB]","PCIe リンク速度 [GT/s]","フレーム レート Presented (avg) [FPS]","フレーム レート Presented (99%) [FPS]","フレーム レート Presented (1%) [FPS]","フレーム レート Presented (0.1%) [FPS]","フレーム レート Presented (1% low) [FPS]","フレーム レート Presented (0.1% low) [FPS]","フレーム レート Displayed (avg) [FPS]","フレーム レート Displayed (99%) [FPS]","フレーム レート Displayed (1%) [FPS]","フレーム レート Displayed (0.1%) [FPS]","フレーム レート Displayed (1% low) [FPS]","フレーム レート Displayed (0.1% low) [FPS]","Frame Time Presented (avg) [ms]","Frame Time Presented (99%) [ms]","Frame Time Presented (1%) [ms]","Frame Time Presented (0.1%) [ms]","Frame Time Displayed (1% high) [ms]","Frame Time Displayed (0.1% high) [ms]","GPU Busy (avg) [ms]","GPU Wait (avg) [ms]","CPU Busy (avg) [ms]","CPU Wait (avg) [ms]","Animation Error (avg) [ms]","総計ダウンロード [MB]","総計アップロード [MB]","現在のダウンロード速度 [KB/s]","現在のアップロード速度 [KB/s]","総計ダウンロード [MB]","総計アップロード [MB]","現在のダウンロード速度 [KB/s]","現在のアップロード速度 [KB/s]","エラー総数 []",
,,システム: ASRock B650M Pro RS,システム: ASRock B650M Pro RS,システム: ASRock B650M Pro RS,システム: ASRock B650M Pro RS,システム: ASRock B650M Pro RS,システム: ASRock B650M Pro RS,システム: ASRock B650M Pro RS,システム: ASRock B650M Pro RS,システム: ASRock B650M Pro RS,CPU [#0]: AMD Ryzen 5 7600,CPU [#0]: AMD Ryzen 5 7600,CPU [#0]: AMD Ryzen 5 7600,CPU [#0]: AMD Ryzen 5 7600,CPU [#0]: AMD Ryzen 5 7600,CPU [#0]: AMD Ryzen 5 7600,CPU [#0]: AMD Ryzen 5 7600,CPU [#0]: AMD Ryzen 5 7600,CPU [#0]: AMD Ryzen 5 7600,CPU [#0]: AMD Ryzen 5 7600,CPU [#0]: AMD Ryzen 5 7600,CPU [#0]: AMD Ryzen 5 7600,CPU [#0]: AMD Ryzen 5 7600,CPU [#0]: AMD Ryzen 5 7600,CPU [#0]: AMD Ryzen 5 7600,CPU [#0]: AMD Ryzen 5 7600,CPU [#0]: AMD Ryzen 5 7600,CPU [#0]: AMD Ryzen 5 7600,CPU [#0]: AMD Ryzen 5 7600,CPU [#0]: AMD Ryzen 5 7600,CPU [#0]: AMD Ryzen 5 7600,CPU [#0]: AMD Ryzen 5 7600,CPU [#0]: AMD Ryzen 5 7600,CPU [#0]: AMD Ryzen 5 7600,CPU [#0]: AMD Ryzen 5 7600,CPU [#0]: AMD Ryzen 5 7600,CPU [#0]: AMD Ryzen 5 7600,CPU [#0]: AMD Ryzen 5 7600,CPU [#0]: AMD Ryzen 5 7600,CPU [#0]: AMD Ryzen 5 7600,CPU [#0]: AMD Ryzen 5 7600,CPU [#0]: AMD Ryzen 5 7600,CPU [#0]: AMD Ryzen 5 7600,CPU [#0]: AMD Ryzen 5 7600,CPU [#0]: AMD Ryzen 5 7600,CPU [#0]: AMD Ryzen 5 7600,CPU [#0]: AMD Ryzen 5 7600,CPU [#0]: AMD Ryzen 5 7600,CPU [#0]: AMD Ryzen 5 7600,CPU [#0]: AMD Ryzen 5 7600,CPU [#0]: AMD Ryzen 5 7600,CPU [#0]: AMD Ryzen 5 7600,CPU [#0]: AMD Ryzen 5 7600,CPU [#0]: AMD Ryzen 5 7600,CPU [#0]: AMD Ryzen 5 7600,CPU [#0]: AMD Ryzen 5 7600,CPU [#0]: AMD Ryzen 5 7600,CPU [#0]: AMD Ryzen 5 7600,CPU [#0]: AMD Ryzen 5 7600,CPU [#0]: AMD Ryzen 5 7600,CPU [#0]: AMD Ryzen 5 7600,CPU [#0]: AMD Ryzen 5 7600,CPU [#0]: AMD Ryzen 5 7600,CPU [#0]: AMD Ryzen 5 7600,CPU [#0]: AMD Ryzen 5 7600,CPU [#0]: AMD Ryzen 5 7600,CPU [#0]: AMD Ryzen 5 7600,CPU [#0]: AMD Ryzen 5 7600,CPU [#0]: AMD Ryzen 5 7600,CPU [#0]: AMD Ryzen 5 7600,CPU [#0]: AMD Ryzen 5 7600,CPU [#0]: AMD Ryzen 5 7600,CPU [#0]: AMD Ryzen 5 7600,CPU [#0]: AMD Ryzen 5 7600,CPU [#0]: AMD Ryzen 5 7600,CPU [#0]: AMD Ryzen 5 7600: C-State 在留率,CPU [#0]: AMD Ryzen 5 7600: C-State 在留率,CPU [#0]: AMD Ryzen 5 7600: C-State 在留率,CPU [#0]: AMD Ryzen 5 7600: C-State 在留率,CPU [#0]: AMD Ryzen 5 7600: C-State 在留率,CPU [#0]: AMD Ryzen 5 7600: C-State 在留率,CPU [#0]: AMD Ryzen 5 7600: C-State 在留率,CPU [#0]: AMD Ryzen 5 7600: C-State 在留率,CPU [#0]: AMD Ryzen 5 7600: C-State 在留率,CPU [#0]: AMD Ryzen 5 7600: C-State 在留率,CPU [#0]: AMD Ryzen 5 7600: C-State 在留率,CPU [#0]: AMD Ryzen 5 7600: C-State 在留率,CPU [#0]: AMD Ryzen 5 7600: C-State 在留率,CPU [#0]: AMD Ryzen 5 7600: C-State 在留率,CPU [#0]: AMD Ryzen 5 7600: C-State 在留率,CPU [#0]: AMD Ryzen 5 7600: C-State 在留率,CPU [#0]: AMD Ryzen 5 7600: C-State 在留率,CPU [#0]: AMD Ryzen 5 7600: C-State 在留率,CPU [#0]: AMD Ryzen 5 7600: C-State 在留率,CPU [#0]: AMD Ryzen 5 7600: C-State 在留率,CPU [#0]: AMD Ryzen 5 7600: C-State 在留率,CPU [#0]: AMD Ryzen 5 7600: C-State 在留率,メモリ タイミング,メモリ タイミング,メモリ タイミング,メモリ タイミング,メモリ タイミング,メモリ タイミング,メモリ タイミング,メモリ タイミング,メモリ タイミング,CPU [#0]: AMD Ryzen 5 7600: Enhanced,CPU [#0]: AMD Ryzen 5 7600: Enhanced,CPU [#0]: AMD Ryzen 5 7600: Enhanced,CPU [#0]: AMD Ryzen 5 7600: Enhanced,CPU [#0]: AMD Ryzen 5 7600: Enhanced,CPU [#0]: AMD Ryzen 5 7600: Enhanced,CPU [#0]: AMD Ryzen 5 7600: Enhanced,CPU [#0]: AMD Ryzen 5 7600: Enhanced,CPU [#0]: AMD Ryzen 5 7600: Enhanced,CPU [#0]: AMD Ryzen 5 7600: Enhanced,CPU [#0]: AMD Ryzen 5 7600: Enhanced,CPU [#0]: AMD Ryzen 5 7600: Enhanced,CPU [#0]: AMD Ryzen 5 7600: Enhanced,CPU [#0]: AMD Ryzen 5 7600: Enhanced,CPU [#0]: AMD Ryzen 5 7600: Enhanced,CPU [#0]: AMD Ryzen 5 7600: Enhanced,CPU [#0]: AMD Ryzen 5 7600: Enhanced,CPU [#0]: AMD Ryzen 5 7600: Enhanced,CPU [#0]: AMD Ryzen 5 7600: Enhanced,CPU [#0]: AMD Ryzen 5 7600: Enhanced,CPU [#0]: AMD Ryzen 5 7600: Enhanced,CPU [#0]: AMD Ryzen 5 7600: Enhanced,CPU [#0]: AMD Ryzen 5 7600: Enhanced,CPU [#0]: AMD Ryzen 5 7600: Enhanced,CPU [#0]: AMD Ryzen 5 7600: Enhanced,CPU [#0]: AMD Ryzen 5 7600: Enhanced,CPU [#0]: AMD Ryzen 5 7600: Enhanced,CPU [#0]: AMD Ryzen 5 7600: Enhanced,CPU [#0]: AMD Ryzen 5 7600: Enhanced,CPU [#0]: AMD Ryzen 5 7600: Enhanced,CPU [#0]: AMD Ryzen 5 7600: Enhanced,CPU [#0]: AMD Ryzen 5 7600: Enhanced,CPU [#0]: AMD Ryzen 5 7600: Enhanced,CPU [#0]: AMD Ryzen 5 7600: Enhanced,CPU [#0]: AMD Ryzen 5 7600: Enhanced,CPU [#0]: AMD Ryzen 5 7600: Enhanced,CPU [#0]: AMD Ryzen 5 7600: Enhanced,CPU [#0]: AMD Ryzen 5 7600: Enhanced,CPU [#0]: AMD Ryzen 5 7600: Enhanced,CPU [#0]: AMD Ryzen 5 7600: Enhanced,CPU [#0]: AMD Ryzen 5 7600: Enhanced,CPU [#0]: AMD Ryzen 5 7600: Enhanced,CPU [#0]: AMD Ryzen 5 7600: Enhanced,CPU [#0]: AMD Ryzen 5 7600: Enhanced,CPU [#0]: AMD Ryzen 5 7600: Enhanced,CPU [#0]: AMD Ryzen 5 7600: Enhanced,CPU [#0]: AMD Ryzen 5 7600: Enhanced,CPU [#0]: AMD Ryzen 5 7600: Enhanced,CPU [#0]: AMD Ryzen 5 7600: Enhanced,CPU [#0]: AMD Ryzen 5 7600: Enhanced,CPU [#0]: AMD Ryzen 5 7600: Enhanced,CPU [#0]: AMD Ryzen 5 7600: Enhanced,CPU [#0]: AMD Ryzen 5 7600: Enhanced,ASRock B650M Pro RS (Nuvoton NCT6796D-S),ASRock B650M Pro RS (Nuvoton NCT6796D-S),ASRock B650M Pro RS (Nuvoton NCT6796D-S),ASRock B650M Pro RS (Nuvoton NCT6796D-S),ASRock B650M Pro RS (Nuvoton NCT6796D-S),ASRock B650M Pro RS (Nuvoton NCT6796D-S),ASRock B650M Pro RS (Nuvoton NCT6796D-S),ASRock B650M Pro RS (Nuvoton NCT6796D-S),ASRock B650M Pro RS (Nuvoton NCT6796D-S),ASRock B650M Pro RS (Nuvoton NCT6796D-S),ASRock B650M Pro RS (Nuvoton NCT6796D-S),ASRock B650M Pro RS (Nuvoton NCT6796D-S),ASRock B650M Pro RS (Nuvoton NCT6796D-S),ASRock B650M Pro RS (Nuvoton NCT6796D-S),ASRock B650M Pro RS (Nuvoton NCT6796D-S),ASRock B650M Pro RS (Nuvoton NCT6796D-S),ASRock B650M Pro RS (Nuvoton NCT6796D-S),ASRock B650M Pro RS (Nuvoton NCT6796D-S),ASRock B650M Pro RS (Nuvoton NCT6796D-S),ASRock B650M Pro RS (Nuvoton NCT6796D-S),ASRock B650M Pro RS (Nuvoton NCT6796D-S),ASRock B650M Pro RS (Nuvoton NCT6796D-S),ASRock B650M Pro RS (Nuvoton NCT6796D-S),ASRock B650M Pro RS (Nuvoton NCT6796D-S),ASRock B650M Pro RS (AMD チップセット),DDR5 DIMM [#1]: Crucial Technology CT16G48C40U5.C8A1 (P0 CHANNEL A/DIMM 1),DDR5 DIMM [#1]: Crucial Technology CT16G48C40U5.C8A1 (P0 CHANNEL A/DIMM 1),DDR5 DIMM [#1]: Crucial Technology CT16G48C40U5.C8A1 (P0 CHANNEL A/DIMM 1),DDR5 DIMM [#1]: Crucial Technology CT16G48C40U5.C8A1 (P0 CHANNEL A/DIMM 1),DDR5 DIMM [#1]: Crucial Technology CT16G48C40U5.C8A1 (P0 CHANNEL A/DIMM 1),DDR5 DIMM [#1]: Crucial Technology CT16G48C40U5.C8A1 (P0 CHANNEL A/DIMM 1),DDR5 DIMM [#1]: Crucial Technology CT16G48C40U5.C8A1 (P0 CHANNEL A/DIMM 1),DDR5 DIMM [#1]: Crucial Technology CT16G48C40U5.C8A1 (P0 CHANNEL A/DIMM 1),DDR5 DIMM [#1]: Crucial Technology CT16G48C40U5.C8A1 (P0 CHANNEL A/DIMM 1),DDR5 DIMM [#1]: Crucial Technology CT16G48C40U5.C8A1 (P0 CHANNEL A/DIMM 1),DDR5 DIMM [#1]: Crucial Technology CT16G48C40U5.C8A1 (P0 CHANNEL A/DIMM 1),DDR5 DIMM [#3]: Crucial Technology CT16G48C40U5.C8A1 (P0 CHANNEL B/DIMM 1),DDR5 DIMM [#3]: Crucial Technology CT16G48C40U5.C8A1 (P0 CHANNEL B/DIMM 1),DDR5 DIMM [#3]: Crucial Technology CT16G48C40U5.C8A1 (P0 CHANNEL B/DIMM 1),DDR5 DIMM [#3]: Crucial Technology CT16G48C40U5.C8A1 (P0 CHANNEL B/DIMM 1),DDR5 DIMM [#3]: Crucial Technology CT16G48C40U5.C8A1 (P0 CHANNEL B/DIMM 1),DDR5 DIMM [#3]: Crucial Technology CT16G48C40U5.C8A1 (P0 CHANNEL B/DIMM 1),DDR5 DIMM [#3]: Crucial Technology CT16G48C40U5.C8A1 (P0 CHANNEL B/DIMM 1),DDR5 DIMM [#3]: Crucial Technology CT16G48C40U5.C8A1 (P0 CHANNEL B/DIMM 1),DDR5 DIMM [#3]: Crucial Technology CT16G48C40U5.C8A1 (P0 CHANNEL B/DIMM 1),DDR5 DIMM [#3]: Crucial Technology CT16G48C40U5.C8A1 (P0 CHANNEL B/DIMM 1),DDR5 DIMM [#3]: Crucial Technology CT16G48C40U5.C8A1 (P0 CHANNEL B/DIMM 1),S.M.A.R.T.: ST4000DM004-2CV104 (ZFN3PQ44) [D:],S.M.A.R.T.: ST4000DM004-2CV104 (ZFN3PQ44) [D:],S.M.A.R.T.: ST4000DM004-2CV104 (ZFN3PQ44) [D:],S.M.A.R.T.: ST4000DM004-2CV104 (ZFN3PQ44) [D:],S.M.A.R.T.: ST4000DM004-2CV104 (ZFN3PQ44) [D:],S.M.A.R.T.: ST4000DM004-2CV104 (ZFN3PQ44) [D:],S.M.A.R.T.: ST4000DM004-2CV104 (ZFN3PQ44) [D:],S.M.A.R.T.: ST4000DM004-2CV104 (ZFN3PQ44) [D:],S.M.A.R.T.: WD Blue SA510 2.5 1000GB (23163F480406) [F:  G:],S.M.A.R.T.: WD Blue SA510 2.5 1000GB (23163F480406) [F:  G:],S.M.A.R.T.: WD Blue SA510 2.5 1000GB (23163F480406) [F:  G:],S.M.A.R.T.: WD Blue SA510 2.5 1000GB (23163F480406) [F:  G:],S.M.A.R.T.: WD Blue SA510 2.5 1000GB (23163F480406) [F:  G:],S.M.A.R.T.: WD Blue SA510 2.5 1000GB (23163F480406) [F:  G:],S.M.A.R.T.: WD Blue SA510 2.5 1000GB (23163F480406) [F:  G:],S.M.A.R.T.: ADATA LEGEND 800 (2N50291G57EC) [C:],S.M.A.R.T.: ADATA LEGEND 800 (2N50291G57EC) [C:],S.M.A.R.T.: ADATA LEGEND 800 (2N50291G57EC) [C:],S.M.A.R.T.: ADATA LEGEND 800 (2N50291G57EC) [C:],S.M.A.R.T.: ADATA LEGEND 800 (2N50291G57EC) [C:],S.M.A.R.T.: ADATA LEGEND 800 (2N50291G57EC) [C:],S.M.A.R.T.: ADATA LEGEND 800 (2N50291G57EC) [C:],S.M.A.R.T.: ADATA LEGEND 800 (2N50291G57EC) [C:],S.M.A.R.T.: ADATA LEGEND 800 (2N50291G57EC) [C:],Drive: ST4000DM004-2CV104 (ZFN3PQ44) [D:],Drive: ST4000DM004-2CV104 (ZFN3PQ44) [D:],Drive: ST4000DM004-2CV104 (ZFN3PQ44) [D:],Drive: ST4000DM004-2CV104 (ZFN3PQ44) [D:],Drive: ST4000DM004-2CV104 (ZFN3PQ44) [D:],Drive: ST4000DM004-2CV104 (ZFN3PQ44) [D:],Drive: ST4000DM004-2CV104 (ZFN3PQ44) [D:],Drive: WD Blue SA510 2.5 1000GB (23163F480406) [F:  G:],Drive: WD Blue SA510 2.5 1000GB (23163F480406) [F:  G:],Drive: WD Blue SA510 2.5 1000GB (23163F480406) [F:  G:],Drive: WD Blue SA510 2.5 1000GB (23163F480406) [F:  G:],Drive: WD Blue SA510 2.5 1000GB (23163F480406) [F:  G:],Drive: WD Blue SA510 2.5 1000GB (23163F480406) [F:  G:],Drive: WD Blue SA510 2.5 1000GB (23163F480406) [F:  G:],Drive: ADATA LEGEND 800 (2N50291G57EC) [C:],Drive: ADATA LEGEND 800 (2N50291G57EC) [C:],Drive: ADATA LEGEND 800 (2N50291G57EC) [C:],Drive: ADATA LEGEND 800 (2N50291G57EC) [C:],Drive: ADATA LEGEND 800 (2N50291G57EC) [C:],Drive: ADATA LEGEND 800 (2N50291G57EC) [C:],Drive: ADATA LEGEND 800 (2N50291G57EC) [C:],iGPU [#1]: AMD Radeon,iGPU [#1]: AMD Radeon,iGPU [#1]: AMD Radeon,iGPU [#1]: AMD Radeon,iGPU [#1]: AMD Radeon,iGPU [#1]: AMD Radeon,iGPU [#1]: AMD Radeon,iGPU [#1]: AMD Radeon,iGPU [#1]: AMD Radeon,iGPU [#1]: AMD Radeon,iGPU [#1]: AMD Radeon,iGPU [#1]: AMD Radeon,iGPU [#1]: AMD Radeon,iGPU [#1]: AMD Radeon,iGPU [#1]: AMD Radeon,iGPU [#1]: AMD Radeon,iGPU [#1]: AMD Radeon,iGPU [#1]: AMD Radeon,iGPU [#1]: AMD Radeon,iGPU [#1]: AMD Radeon,iGPU [#1]: AMD Radeon,iGPU [#1]: AMD Radeon,dGPU [#0]: NVIDIA GeForce RTX 4070 SUPER: Palit RTX 4070 SUPER,dGPU [#0]: NVIDIA GeForce RTX 4070 SUPER: Palit RTX 4070 SUPER,dGPU [#0]: NVIDIA GeForce RTX 4070 SUPER: Palit RTX 4070 SUPER,dGPU [#0]: NVIDIA GeForce RTX 4070 SUPER: Palit RTX 4070 SUPER,dGPU [#0]: NVIDIA GeForce RTX 4070 SUPER: Palit RTX 4070 SUPER,dGPU [#0]: NVIDIA GeForce RTX 4070 SUPER: Palit RTX 4070 SUPER,dGPU [#0]: NVIDIA GeForce RTX 4070 SUPER: Palit RTX 4070 SUPER,dGPU [#0]: NVIDIA GeForce RTX 4070 SUPER: Palit RTX 4070 SUPER,dGPU [#0]: NVIDIA GeForce RTX 4070 SUPER: Palit RTX 4070 SUPER,dGPU [#0]: NVIDIA GeForce RTX 4070 SUPER: Palit RTX 4070 SUPER,dGPU [#0]: NVIDIA GeForce RTX 4070 SUPER: Palit RTX 4070 SUPER,dGPU [#0]: NVIDIA GeForce RTX 4070 SUPER: Palit RTX 4070 SUPER,dGPU [#0]: NVIDIA GeForce RTX 4070 SUPER: Palit RTX 4070 SUPER,dGPU [#0]: NVIDIA GeForce RTX 4070 SUPER: Palit RTX 4070 SUPER,dGPU [#0]: NVIDIA GeForce RTX 4070 SUPER: Palit RTX 4070 SUPER,dGPU [#0]: NVIDIA GeForce RTX 4070 SUPER: Palit RTX 4070 SUPER,dGPU [#0]: NVIDIA GeForce RTX 4070 SUPER: Palit RTX 4070 SUPER,dGPU [#0]: NVIDIA GeForce RTX 4070 SUPER: Palit RTX 4070 SUPER,dGPU [#0]: NVIDIA GeForce RTX 4070 SUPER: Palit RTX 4070 SUPER,dGPU [#0]: NVIDIA GeForce RTX 4070 SUPER: Palit RTX 4070 SUPER,dGPU [#0]: NVIDIA GeForce RTX 4070 SUPER: Palit RTX 4070 SUPER,dGPU [#0]: NVIDIA GeForce RTX 4070 SUPER: Palit RTX 4070 SUPER,dGPU [#0]: NVIDIA GeForce RTX 4070 SUPER: Palit RTX 4070 SUPER,dGPU [#0]: NVIDIA GeForce RTX 4070 SUPER: Palit RTX 4070 SUPER,dGPU [#0]: NVIDIA GeForce RTX 4070 SUPER: Palit RTX 4070 SUPER,dGPU [#0]: NVIDIA GeForce RTX 4070 SUPER: Palit RTX 4070 SUPER,dGPU [#0]: NVIDIA GeForce RTX 4070 SUPER: Palit RTX 4070 SUPER,dGPU [#0]: NVIDIA GeForce RTX 4070 SUPER: Palit RTX 4070 SUPER,dGPU [#0]: NVIDIA GeForce RTX 4070 SUPER: Palit RTX 4070 SUPER,dGPU [#0]: NVIDIA GeForce RTX 4070 SUPER: Palit RTX 4070 SUPER,dGPU [#0]: NVIDIA GeForce RTX 4070 SUPER: Palit RTX 4070 SUPER,dGPU [#0]: NVIDIA GeForce RTX 4070 SUPER: Palit RTX 4070 SUPER,dGPU [#0]: NVIDIA GeForce RTX 4070 SUPER: Palit RTX 4070 SUPER,dGPU [#0]: NVIDIA GeForce RTX 4070 SUPER: Palit RTX 4070 SUPER,dGPU [#0]: NVIDIA GeForce RTX 4070 SUPER: Palit RTX 4070 SUPER,dGPU [#0]: NVIDIA GeForce RTX 4070 SUPER: Palit RTX 4070 SUPER,dGPU [#0]: NVIDIA GeForce RTX 4070 SUPER: Palit RTX 4070 SUPER,dGPU [#0]: NVIDIA GeForce RTX 4070 SUPER: Palit RTX 4070 SUPER,dGPU [#0]: NVIDIA GeForce RTX 4070 SUPER: Palit RTX 4070 SUPER,dGPU [#0]: NVIDIA GeForce RTX 4070 SUPER: Palit RTX 4070 SUPER,dGPU [#0]: NVIDIA GeForce RTX 4070 SUPER: Palit RTX 4070 SUPER,dGPU [#0]: NVIDIA GeForce RTX 4070 SUPER: Palit RTX 4070 SUPER,dGPU [#0]: NVIDIA GeForce RTX 4070 SUPER: Palit RTX 4070 SUPER,dGPU [#0]: NVIDIA GeForce RTX 4070 SUPER: Palit RTX 4070 SUPER,dGPU [#0]: NVIDIA GeForce RTX 4070 SUPER: Palit RTX 4070 SUPER,dGPU [#0]: NVIDIA GeForce RTX 4070 SUPER: Palit RTX 4070 SUPER,dGPU [#0]: NVIDIA GeForce RTX 4070 SUPER: Palit RTX 4070 SUPER,dGPU [#0]: NVIDIA GeForce RTX 4070 SUPER: Palit RTX 4070 SUPER,dGPU [#0]: NVIDIA GeForce RTX 4070 SUPER: Palit RTX 4070 SUPER,dGPU [#0]: NVIDIA GeForce RTX 4070 SUPER: Palit RTX 4070 SUPER,dGPU [#0]: NVIDIA GeForce RTX 4070 SUPER: Palit RTX 4070 SUPER,dGPU [#0]: NVIDIA GeForce RTX 4070 SUPER: Palit RTX 4070 SUPER,dGPU [#0]: NVIDIA GeForce RTX 4070 SUPER: Palit RTX 4070 SUPER,dGPU [#0]: NVIDIA GeForce RTX 4070 SUPER: Palit RTX 4070 SUPER,dGPU [#0]: NVIDIA GeForce RTX 4070 SUPER: Palit RTX 4070 SUPER,dGPU [#0]: NVIDIA GeForce RTX 4070 SUPER: Palit RTX 4070 SUPER,dGPU [#0]: NVIDIA GeForce RTX 4070 SUPER: Palit RTX 4070 SUPER,dGPU [#0]: NVIDIA GeForce RTX 4070 SUPER: Palit RTX 4070 SUPER,dGPU [#0]: NVIDIA GeForce RTX 4070 SUPER: Palit RTX 4070 SUPER,dGPU [#0]: NVIDIA GeForce RTX 4070 SUPER: Palit RTX 4070 SUPER,dGPU [#0]: NVIDIA GeForce RTX 4070 SUPER: Palit RTX 4070 SUPER,dGPU [#0]: NVIDIA GeForce RTX 4070 SUPER: Palit RTX 4070 SUPER,dGPU [#0]: NVIDIA GeForce RTX 4070 SUPER: Palit RTX 4070 SUPER,dGPU [#0]: NVIDIA GeForce RTX 4070 SUPER: Palit RTX 4070 SUPER,dGPU [#0]: NVIDIA GeForce RTX 4070 SUPER: Palit RTX 4070 SUPER,dGPU [#0]: NVIDIA GeForce RTX 4070 SUPER: Palit RTX 4070 SUPER,dGPU [#0]: NVIDIA GeForce RTX 4070 SUPER: Palit RTX 4070 SUPER,dGPU [#0]: NVIDIA GeForce RTX 4070 SUPER: Palit RTX 4070 SUPER,dGPU [#0]: NVIDIA GeForce RTX 4070 SUPER: Palit RTX 4070 SUPER,dGPU [#0]: NVIDIA GeForce RTX 4070 SUPER: Palit RTX 4070 SUPER,dGPU [#0]: NVIDIA GeForce RTX 4070 SUPER: Palit RTX 4070 SUPER,dGPU [#0]: NVIDIA GeForce RTX 4070 SUPER: Palit RTX 4070 SUPER,dGPU [#0]: NVIDIA GeForce RTX 4070 SUPER: Palit RTX 4070 SUPER,dGPU [#0]: NVIDIA GeForce RTX 4070 SUPER: Palit RTX 4070 SUPER,dGPU [#0]: NVIDIA GeForce RTX 4070 SUPER: Palit RTX 4070 SUPER,dGPU [#0]: NVIDIA GeForce RTX 4070 SUPER: Palit RTX 4070 SUPER,dGPU [#0]: NVIDIA GeForce RTX 4070 SUPER: Palit RTX 4070 SUPER,dGPU [#0]: NVIDIA GeForce RTX 4070 SUPER: Palit RTX 4070 SUPER,dGPU [#0]: NVIDIA GeForce RTX 4070 SUPER: Palit RTX 4070 SUPER,dGPU [#0]: NVIDIA GeForce RTX 4070 SUPER: Palit RTX 4070 SUPER,dGPU [#0]: NVIDIA GeForce RTX 4070 SUPER: Palit RTX 4070 SUPER,dGPU [#0]: NVIDIA GeForce RTX 4070 SUPER: Palit RTX 4070 SUPER,dGPU [#0]: NVIDIA GeForce RTX 4070 SUPER: Palit RTX 4070 SUPER,dGPU [#0]: NVIDIA GeForce RTX 4070 SUPER: Palit RTX 4070 SUPER,dGPU [#0]: NVIDIA GeForce RTX 4070 SUPER: Palit RTX 4070 SUPER,dGPU [#0]: NVIDIA GeForce RTX 4070 SUPER: Palit RTX 4070 SUPER,dGPU [#0]: NVIDIA GeForce RTX 4070 SUPER: Palit RTX 4070 SUPER,dGPU [#0]: NVIDIA GeForce RTX 4070 SUPER: Palit RTX 4070 SUPER,PresentMon [parsecd.exe],PresentMon [parsecd.exe],PresentMon [parsecd.exe],PresentMon [parsecd.exe],PresentMon [parsecd.exe],PresentMon [parsecd.exe],PresentMon [parsecd.exe],PresentMon [parsecd.exe],PresentMon [parsecd.exe],PresentMon [parsecd.exe],PresentMon [parsecd.exe],PresentMon [parsecd.exe],PresentMon [parsecd.exe],PresentMon [parsecd.exe],PresentMon [parsecd.exe],PresentMon [parsecd.exe],PresentMon [parsecd.exe],PresentMon [parsecd.exe],PresentMon [parsecd.exe],PresentMon [parsecd.exe],PresentMon [parsecd.exe],PresentMon [parsecd.exe],PresentMon [parsecd.exe],ネットワーク: Intel Wi-Fi 6E AX210 160MHz - Wi-Fi,ネットワーク: Intel Wi-Fi 6E AX210 160MHz - Wi-Fi,ネットワーク: Intel Wi-Fi 6E AX210 160MHz - Wi-Fi,ネットワーク: Intel Wi-Fi 6E AX210 160MHz - Wi-Fi,ネットワーク: RealTek Semiconductor RTL8125 Gaming 2.5GbE Family Ethernet Controller - イーサネット,ネットワーク: RealTek Semiconductor RTL8125 Gaming 2.5GbE Family Ethernet Controller - イーサネット,ネットワーク: RealTek Semiconductor RTL8125 Gaming 2.5GbE Family Ethernet Controller - イーサネット,ネットワーク: RealTek Semiconductor RTL8125 Gaming 2.5GbE Family Ethernet Controller - イーサネット,Windows Hardware Errors (WHEA),
